layer,foundation_model,family,subfamily,tumor_type,endpoint,source,n,positive,negative,seed,saved_current_balanced_accuracy,recomputed_primary_balanced_accuracy,primary_sensitivity,primary_specificity,primary_auc,primary_pr_auc,equal_prior_balanced_accuracy,equal_prior_sensitivity,equal_prior_specificity,equal_prior_auc,equal_prior_pr_auc,optimized_balanced_accuracy,optimized_sensitivity,optimized_specificity,optimized_auc,optimized_pr_auc,current_crossing,current_candidate,recomputed_primary_crossing,equal_prior_crossing,optimized_crossing,median_primary_component,median_equal_component,median_optimized_component,median_optimized_threshold,primary_components_at_ceiling,equal_components_at_ceiling,optimized_components_at_ceiling,equal_prior_delta_ba,optimized_delta_ba,primary_reproduction_delta,near_threshold,baseline_crossing,union_positive,optimized_membership_change,equal_prior_membership_change
TITAN permutation/FDR screen,TITAN,aneuploidy,aneuploidy,HNSC,Genome doubling,Taylor2018_TableS2,435,176,259,20260832,0.601351351351351,0.601351351351351,0.5,0.702702702702703,0.643844331344331,0.539765113367752,0.590711653211653,0.602272727272727,0.579150579150579,0.639018076518077,0.542344811919245,0.595483064233064,0.607954545454545,0.583011583011583,0.653080028080028,0.557323692391039,TRUE,TRUE,TRUE,FALSE,FALSE,4,4,4,-0.350551259285939,0,0,0,-0.0106396981396981,-0.00586828711828713,3.33066907387547e-16,TRUE,TRUE,TRUE,TRUE,TRUE
TITAN permutation/FDR screen,TITAN,aneuploidy,aneuploidy,KIRC,Genome doubling,Taylor2018_TableS2,464,89,375,20260831,0.553782771535581,0.553782771535581,0.280898876404494,0.826666666666667,0.645513108614232,0.288928957005891,0.596239700374532,0.48314606741573,0.709333333333333,0.62714606741573,0.294366800200348,0.66459925093633,0.707865168539326,0.621333333333333,0.647101123595506,0.291185442856289,FALSE,FALSE,FALSE,FALSE,TRUE,15,5,1,-1.67197938443031,0,0,0,0.0424569288389514,0.110816479400749,-4.44089209850063e-16,TRUE,FALSE,TRUE,TRUE,FALSE
TITAN permutation/FDR screen,TITAN,aneuploidy,aneuploidy,LIHC,Genome doubling,Taylor2018_TableS2,350,115,235,20260825,0.582238667900093,0.582238667900093,0.330434782608696,0.834042553191489,0.627382053654024,0.447980036480889,0.614801110083256,0.591304347826087,0.638297872340426,0.681332099907493,0.506799636536507,0.602127659574468,0.6,0.604255319148936,0.668566142460685,0.517112243136771,FALSE,FALSE,FALSE,TRUE,TRUE,5,3,4,-0.645396444512583,0,0,0,0.0325624421831637,0.0198889916743755,-5.55111512312578e-16,TRUE,FALSE,TRUE,TRUE,TRUE
TITAN permutation/FDR screen,TITAN,aneuploidy,aneuploidy,PAAD,Genome doubling,Taylor2018_TableS2,163,40,123,20260824,0.56900406504065,0.56900406504065,0.325,0.813008130081301,0.607317073170732,0.342607924841092,0.574288617886179,0.425,0.723577235772358,0.651422764227642,0.349489834762364,0.610162601626016,0.7,0.520325203252033,0.575609756097561,0.303214914885097,FALSE,FALSE,FALSE,FALSE,TRUE,14,3,2,-2.13113688964459,0,0,0,0.00528455284552853,0.0411585365853658,3.33066907387547e-16,TRUE,FALSE,TRUE,TRUE,FALSE
TITAN permutation/FDR screen,TITAN,aneuploidy,aneuploidy,PRAD,Genome doubling,Taylor2018_TableS2,382,29,353,20260820,0.523151313861483,0.523151313861483,0.0689655172413793,0.977337110481587,0.573996287974993,0.142054259714273,0.639396307511967,0.482758620689655,0.796033994334278,0.639933574289343,0.131412478105625,0.618638272931523,0.551724137931035,0.685552407932011,0.605548500537267,0.130919944386588,FALSE,FALSE,FALSE,TRUE,TRUE,8,1,1,-2.80577333387651,0,0,0,0.116244993650483,0.09548695907004,0,FALSE,FALSE,TRUE,TRUE,TRUE
TITAN permutation/FDR screen,TITAN,aneuploidy,aneuploidy,SKCM,Genome doubling,Taylor2018_TableS2,98,35,63,20260834,0.565079365079365,0.565079365079365,0.4,0.73015873015873,0.608163265306122,0.476673248068708,0.598412698412698,0.514285714285714,0.682539682539683,0.665759637188209,0.571961439003414,0.646031746031746,0.8,0.492063492063492,0.648979591836735,0.550469501411944,FALSE,FALSE,FALSE,FALSE,TRUE,4,11,4,-2.92242272846902,0,1,0,0.0333333333333333,0.080952380952381,1.11022302462516e-16,TRUE,FALSE,TRUE,TRUE,FALSE
TITAN permutation/FDR screen,TITAN,driver_mutation,Bailey_tissue_specific_driver,BLCA,CDKN2A,TCGA_MC3_Bailey2018,384,24,360,20261041,0.493055555555556,0.493055555555556,0.0416666666666667,0.944444444444444,0.513078703703704,0.0775095588607088,0.558333333333333,0.291666666666667,0.825,0.624537037037037,0.120358064537408,0.673611111111111,0.75,0.597222222222222,0.638773148148148,0.105173431819123,FALSE,FALSE,FALSE,FALSE,TRUE,8,3,3,-4.04635975186576,0,0,0,0.0652777777777778,0.180555555555556,-4.44089209850063e-16,FALSE,FALSE,TRUE,TRUE,FALSE
TITAN permutation/FDR screen,TITAN,driver_mutation,Bailey_tissue_specific_driver,BLCA,ERBB3,TCGA_MC3_Bailey2018,384,40,344,20261046,0.506976744186047,0.506976744186047,0.075,0.938953488372093,0.624491279069767,0.158937070436014,0.53343023255814,0.25,0.816860465116279,0.573691860465116,0.133209809687408,0.630232558139535,0.65,0.61046511627907,0.69265988372093,0.22228833343713,FALSE,FALSE,FALSE,FALSE,TRUE,9,9,16,-6.80358771430852,1,1,1,0.0264534883720929,0.123255813953488,-4.44089209850063e-16,FALSE,FALSE,TRUE,TRUE,FALSE
TITAN permutation/FDR screen,TITAN,driver_mutation,Bailey_tissue_specific_driver,BLCA,NFE2L2,TCGA_MC3_Bailey2018,384,24,360,20261056,0.583333333333333,0.583333333333333,0.208333333333333,0.958333333333333,0.726041666666667,0.190485003524054,0.620833333333333,0.416666666666667,0.825,0.656712962962963,0.126707278831002,0.626388888888889,0.625,0.627777777777778,0.646527777777778,0.118456568627854,FALSE,FALSE,FALSE,TRUE,TRUE,8,3,2,-3.46401813278966,0,0,0,0.0375,0.0430555555555555,3.33066907387547e-16,TRUE,FALSE,TRUE,TRUE,TRUE
TITAN permutation/FDR screen,TITAN,driver_mutation,Bailey_tissue_specific_driver,BLCA,PIK3CA,TCGA_MC3_Bailey2018,384,82,302,20261057,0.593361330964303,0.593361330964303,0.292682926829268,0.894039735099338,0.665118720723631,0.36684273604674,0.604223873364562,0.463414634146342,0.745033112582782,0.651187207236311,0.353373180731964,0.594613148118236,0.609756097560976,0.579470198675497,0.671620093684381,0.379164342583577,FALSE,FALSE,FALSE,TRUE,FALSE,7,5,6,-1.96172632547748,0,0,0,0.0108625424002585,0.00125181715393319,0,TRUE,FALSE,TRUE,FALSE,TRUE
TITAN permutation/FDR screen,TITAN,driver_mutation,Bailey_tissue_specific_driver,BLCA,RB1,TCGA_MC3_Bailey2018,384,73,311,20261058,0.578271594062459,0.578271594062459,0.246575342465753,0.909967845659164,0.673963793331278,0.319669863088398,0.61075628771528,0.520547945205479,0.70096463022508,0.666343655023565,0.316563662065358,0.620953177994098,0.643835616438356,0.598070739549839,0.691979033607893,0.340487174158064,FALSE,FALSE,FALSE,TRUE,TRUE,5,4,4,-1.90067168324436,0,0,0,0.0324846936528211,0.042681583931639,-2.22044604925031e-16,TRUE,FALSE,TRUE,TRUE,TRUE
TITAN permutation/FDR screen,TITAN,driver_mutation,Bailey_tissue_specific_driver,BRCA,ERBB2,TCGA_MC3_Bailey2018,981,23,958,20261072,0.497912317327766,0.497912317327766,0,0.995824634655532,0.690387582826541,0.0622209425201734,0.604316057002814,0.391304347826087,0.817327766179541,0.704910592720341,0.0675219340831727,0.639761278024871,0.652173913043478,0.627348643006263,0.660433874920577,0.054772792158458,FALSE,FALSE,FALSE,TRUE,TRUE,4,3,3,-5.01670236396529,0,0,0,0.106403739675048,0.141848960697105,2.22044604925031e-16,FALSE,FALSE,TRUE,TRUE,TRUE
TITAN permutation/FDR screen,TITAN,driver_mutation,Bailey_tissue_specific_driver,BRCA,GATA3,TCGA_MC3_Bailey2018,981,92,889,20261074,0.550588105834597,0.550588105834597,0.16304347826087,0.938132733408324,0.628551865799384,0.140492770620706,0.627188585122512,0.576086956521739,0.678290213723285,0.671051988066709,0.171272831387874,0.629976280138896,0.706521739130435,0.553430821147357,0.666760404949381,0.156476009796351,FALSE,FALSE,FALSE,TRUE,TRUE,18,2,4,-2.84646012955496,1,0,0,0.0766004792879151,0.079388174304299,-3.33066907387547e-16,TRUE,FALSE,TRUE,TRUE,TRUE
TITAN permutation/FDR screen,TITAN,driver_mutation,Bailey_tissue_specific_driver,BRCA,MAP3K1,TCGA_MC3_Bailey2018,981,62,919,20261077,0.534688827266664,0.534688827266664,0.112903225806452,0.956474428726877,0.619870827336867,0.148379948472051,0.672031310330303,0.709677419354839,0.634385201305767,0.703640001404051,0.146157837998716,0.646688195443856,0.580645161290323,0.712731229597388,0.709572115553372,0.15349104775028,FALSE,FALSE,FALSE,TRUE,TRUE,17,1,2,-2.58973832013795,0,0,0,0.137342483063639,0.111999368177191,3.33066907387547e-16,FALSE,FALSE,TRUE,TRUE,TRUE
TITAN permutation/FDR screen,TITAN,driver_mutation,Bailey_tissue_specific_driver,BRCA,NF1,TCGA_MC3_Bailey2018,981,30,951,20261079,0.494742376445846,0.494742376445846,0,0.989484752891693,0.586119873817035,0.0469601699270572,0.649421661409043,0.533333333333333,0.765509989484753,0.607956536978619,0.0742950597405215,0.63049421661409,0.533333333333333,0.727655099894848,0.628040658955485,0.0783843678467509,FALSE,FALSE,FALSE,TRUE,TRUE,17,1,2,-3.68370248670963,1,0,0,0.154679284963197,0.135751840168244,4.44089209850063e-16,FALSE,FALSE,TRUE,TRUE,TRUE
TITAN permutation/FDR screen,TITAN,driver_mutation,Bailey_tissue_specific_driver,CESC,EP300,TCGA_MC3_Bailey2018,252,30,222,20261087,0.507207207207207,0.507207207207207,0.1,0.914414414414414,0.604354354354354,0.178863092961177,0.595945945945946,0.466666666666667,0.725225225225225,0.652552552552553,0.188594952533507,0.607657657657658,0.733333333333333,0.481981981981982,0.620720720720721,0.182980489097892,FALSE,FALSE,FALSE,FALSE,TRUE,9,2,3,-3.56852545942128,1,0,0,0.0887387387387388,0.100450450450451,1.11022302462516e-16,FALSE,FALSE,TRUE,TRUE,FALSE
TITAN permutation/FDR screen,TITAN,driver_mutation,Bailey_tissue_specific_driver,COAD,ACVR2A,TCGA_MC3_Bailey2018,382,21,361,20261093,0.484764542936288,0.484764542936288,0,0.969529085872576,0.52684342435035,0.0602540669328309,0.64279118849756,0.523809523809524,0.761772853185596,0.672866376467485,0.100591988563392,0.577694235588973,0.523809523809524,0.631578947368421,0.55454425537528,0.0724334550941348,FALSE,FALSE,FALSE,TRUE,FALSE,8,2,3,-3.85364990953214,0,0,0,0.158026645561272,0.0929296926526844,5.55111512312578e-17,FALSE,FALSE,TRUE,FALSE,TRUE
TITAN permutation/FDR screen,TITAN,driver_mutation,Bailey_tissue_specific_driver,COAD,ARID1A,TCGA_MC3_Bailey2018,382,34,348,20261096,0.532961460446248,0.532961460446248,0.117647058823529,0.948275862068965,0.62525354969574,0.161374059469075,0.697853279242732,0.588235294117647,0.807471264367816,0.751859364435429,0.209378672290967,0.619844489519946,0.676470588235294,0.563218390804598,0.646551724137931,0.172504652534887,FALSE,FALSE,FALSE,TRUE,TRUE,6,3,3,-3.88467539086052,0,0,0,0.164891818796484,0.0868830290736985,-5.55111512312578e-16,FALSE,FALSE,TRUE,TRUE,TRUE
TITAN permutation/FDR screen,TITAN,driver_mutation,Bailey_tissue_specific_driver,COAD,BRAF,TCGA_MC3_Bailey2018,382,44,338,20261097,0.59642280796127,0.59642280796127,0.272727272727273,0.920118343195266,0.694862829478214,0.300024967022377,0.666218396987628,0.545454545454545,0.78698224852071,0.747444862829478,0.293319922503791,0.71221086605702,0.681818181818182,0.742603550295858,0.768423883808499,0.327093953033788,FALSE,FALSE,FALSE,TRUE,TRUE,9,3,3,-2.58126079508269,1,0,0,0.0697955890263583,0.11578805809575,-5.55111512312578e-16,TRUE,FALSE,TRUE,TRUE,TRUE
TITAN permutation/FDR screen,TITAN,driver_mutation,Bailey_tissue_specific_driver,COAD,CTNNB1,TCGA_MC3_Bailey2018,382,21,361,20261098,0.52684342435035,0.52684342435035,0.0952380952380952,0.958448753462604,0.592929692652684,0.110811528053195,0.593523281888933,0.380952380952381,0.806094182825485,0.70254583827991,0.161356275706885,0.660466956865849,0.714285714285714,0.606648199445983,0.745679989447303,0.146318352124358,FALSE,FALSE,FALSE,FALSE,TRUE,10,1,1,-3.39551050562013,1,0,0,0.0666798575385834,0.133623532515499,-5.55111512312578e-16,FALSE,FALSE,TRUE,TRUE,FALSE
TITAN permutation/FDR screen,TITAN,driver_mutation,Bailey_tissue_specific_driver,COAD,FBXW7,TCGA_MC3_Bailey2018,382,43,339,20261099,0.547472045002401,0.547472045002401,0.162790697674419,0.932153392330384,0.617410989915621,0.179305962701212,0.635213006791521,0.465116279069768,0.805309734513274,0.698223228373465,0.265779625665424,0.629759209713933,0.604651162790698,0.654867256637168,0.675859230294299,0.253017171071544,FALSE,FALSE,FALSE,TRUE,TRUE,8,2,2,-2.54595408629954,0,0,0,0.0877409617891198,0.0822871647115317,1.11022302462516e-16,FALSE,FALSE,TRUE,TRUE,TRUE
TITAN permutation/FDR screen,TITAN,driver_mutation,Bailey_tissue_specific_driver,COAD,PIK3CA,TCGA_MC3_Bailey2018,382,83,299,20261101,0.544566224765282,0.544566224765282,0.253012048192771,0.836120401337793,0.576701454648024,0.267924263796442,0.602893178063424,0.650602409638554,0.555183946488294,0.632066728452271,0.285884012915618,0.602913325542975,0.710843373493976,0.494983277591973,0.615465205302817,0.301994625710363,FALSE,FALSE,FALSE,TRUE,TRUE,7,1,3,-1.798063311829,0,0,0,0.0583269532981424,0.0583471007776928,-2.22044604925031e-16,FALSE,FALSE,TRUE,TRUE,TRUE
TITAN permutation/FDR screen,TITAN,driver_mutation,Bailey_tissue_specific_driver,COAD,SMAD4,TCGA_MC3_Bailey2018,382,36,346,20261102,0.534762363519589,0.534762363519589,0.138888888888889,0.930635838150289,0.5834938985228,0.128649949214755,0.604608220937701,0.472222222222222,0.736994219653179,0.677745664739884,0.171274253354785,0.581567116249197,0.611111111111111,0.552023121387283,0.659039820166988,0.175417337298113,FALSE,FALSE,FALSE,TRUE,FALSE,8,3,1,-2.81062594417771,1,0,0,0.0698458574181118,0.0468047527296083,0,FALSE,FALSE,TRUE,FALSE,TRUE
TITAN permutation/FDR screen,TITAN,driver_mutation,Bailey_tissue_specific_driver,COAD,SOX9,TCGA_MC3_Bailey2018,382,42,340,20261103,0.488655462184874,0.488655462184874,0.0714285714285714,0.905882352941176,0.521428571428571,0.120488579652523,0.675350140056023,0.80952380952381,0.541176470588235,0.677801120448179,0.180921950079578,0.661974789915966,0.785714285714286,0.538235294117647,0.677801120448179,0.180921950079578,FALSE,FALSE,FALSE,TRUE,TRUE,8,1,1,-2.05848262386514,0,0,0,0.186694677871148,0.173319327731092,0,FALSE,FALSE,TRUE,TRUE,TRUE
TITAN permutation/FDR screen,TITAN,driver_mutation,Bailey_tissue_specific_driver,GBM,EGFR,TCGA_MC3_Bailey2018,241,40,201,20261106,0.55273631840796,0.55273631840796,0.2,0.90547263681592,0.656840796019901,0.269876150096791,0.605721393034826,0.5,0.711442786069652,0.61952736318408,0.254841181555261,0.605783582089552,0.525,0.686567164179104,0.650124378109453,0.26614355939391,FALSE,FALSE,FALSE,TRUE,TRUE,5,4,6,-1.47990258764438,0,0,0,0.0529850746268656,0.0530472636815921,2.22044604925031e-16,TRUE,FALSE,TRUE,TRUE,TRUE
TITAN permutation/FDR screen,TITAN,driver_mutation,Bailey_tissue_specific_driver,GBM,TP53,TCGA_MC3_Bailey2018,241,52,189,20261109,0.59539072039072,0.59539072039072,0.365384615384615,0.825396825396825,0.624135124135124,0.298359115763568,0.681420431420431,0.653846153846154,0.708994708994709,0.712047212047212,0.353508933881735,0.700396825396825,0.75,0.650793650793651,0.782051282051282,0.457943900717818,FALSE,FALSE,FALSE,TRUE,TRUE,2,1,2,-2.1343710362162,1,0,0,0.086029711029711,0.105006105006105,3.33066907387547e-16,TRUE,FALSE,TRUE,TRUE,TRUE
TITAN permutation/FDR screen,TITAN,driver_mutation,Bailey_tissue_specific_driver,HNSC,AJUBA,TCGA_MC3_Bailey2018,431,28,403,20261110,0.477667493796526,0.477667493796526,0,0.955334987593052,0.567440623892237,0.0752173083626949,0.623936547323644,0.535714285714286,0.712158808933002,0.59863523573201,0.090930936587386,0.578518255937611,0.571428571428571,0.58560794044665,0.567883729174052,0.0865191941123197,FALSE,FALSE,FALSE,TRUE,FALSE,9,1,10,-6.6471150019331,0,0,0,0.146269053527118,0.100850762141085,5.55111512312578e-17,FALSE,FALSE,TRUE,FALSE,TRUE
TITAN permutation/FDR screen,TITAN,driver_mutation,Bailey_tissue_specific_driver,HNSC,CASP8,TCGA_MC3_Bailey2018,431,47,384,20261111,0.572528812056738,0.572528812056738,0.212765957446809,0.932291666666667,0.65802304964539,0.222391504815992,0.700216090425532,0.595744680851064,0.8046875,0.736757535460993,0.282203290995368,0.635111923758865,0.595744680851064,0.674479166666667,0.71448359929078,0.278453210022183,FALSE,FALSE,FALSE,TRUE,TRUE,7,3,3,-2.80653961062039,0,0,0,0.127687278368794,0.0625831117021276,-4.44089209850063e-16,TRUE,FALSE,TRUE,TRUE,TRUE
TITAN permutation/FDR screen,TITAN,driver_mutation,Bailey_tissue_specific_driver,HNSC,HRAS,TCGA_MC3_Bailey2018,431,27,404,20261118,0.539466446644665,0.539466446644665,0.111111111111111,0.967821782178218,0.695727906123946,0.149108121573122,0.708425009167583,0.592592592592593,0.824257425742574,0.766409974330767,0.165253594624911,0.693344334433443,0.777777777777778,0.608910891089109,0.766318298496516,0.168062815908348,FALSE,FALSE,FALSE,TRUE,TRUE,6,3,3,-4.06630842002477,0,0,0,0.168958562522919,0.153877887788779,-5.55111512312578e-16,FALSE,FALSE,TRUE,TRUE,TRUE
TITAN permutation/FDR screen,TITAN,driver_mutation,Bailey_tissue_specific_driver,HNSC,KEAP1,TCGA_MC3_Bailey2018,431,20,411,20261120,0.505535279805353,0.505535279805353,0.05,0.961070559610706,0.491605839416058,0.0548587313265063,0.639963503649635,0.55,0.72992700729927,0.680778588807786,0.0953452365132684,0.564416058394161,0.45,0.678832116788321,0.652554744525547,0.136332581805324,FALSE,FALSE,FALSE,TRUE,FALSE,5,1,1,-3.22495222050589,0,0,0,0.134428223844282,0.0588807785888077,-1.11022302462516e-16,FALSE,FALSE,TRUE,FALSE,TRUE
TITAN permutation/FDR screen,TITAN,driver_mutation,Bailey_tissue_specific_driver,HNSC,KMT2D,TCGA_MC3_Bailey2018,431,66,365,20261121,0.507990867579909,0.507990867579909,0.166666666666667,0.849315068493151,0.552677459526775,0.181288981659142,0.613989207139892,0.606060606060606,0.621917808219178,0.628767123287671,0.239668985244864,0.597073474470735,0.681818181818182,0.512328767123288,0.622291407222914,0.219630247091482,FALSE,FALSE,FALSE,TRUE,FALSE,12,1,1,-1.94175985536467,0,0,0,0.105998339559983,0.089082606890826,-3.33066907387547e-16,FALSE,FALSE,TRUE,FALSE,TRUE
TITAN permutation/FDR screen,TITAN,driver_mutation,Bailey_tissue_specific_driver,KICH,TP53,TCGA_MC3_Bailey2018,65,21,44,20261128,0.541666666666667,0.541666666666667,0.333333333333333,0.75,0.587662337662338,0.465474762655353,0.600649350649351,0.428571428571429,0.772727272727273,0.626623376623377,0.483293301741581,0.606060606060606,0.666666666666667,0.545454545454545,0.628787878787879,0.460793710570297,FALSE,FALSE,FALSE,TRUE,TRUE,2,2,3,-3.32735776665215,0,0,0,0.058982683982684,0.0643939393939393,-3.33066907387547e-16,FALSE,FALSE,TRUE,TRUE,TRUE
TITAN permutation/FDR screen,TITAN,driver_mutation,Bailey_tissue_specific_driver,KIRC,BAP1,TCGA_MC3_Bailey2018,353,35,318,20261129,0.536837376460018,0.536837376460018,0.142857142857143,0.930817610062893,0.555615453728661,0.135501574679555,0.580637915543576,0.428571428571429,0.732704402515723,0.656603773584906,0.185815710557338,0.606738544474394,0.628571428571429,0.584905660377359,0.659748427672956,0.193613244026407,FALSE,FALSE,FALSE,FALSE,TRUE,7,2,1,-3.06886130156509,0,0,0,0.043800539083558,0.0699011680143756,0,FALSE,FALSE,TRUE,TRUE,FALSE
TITAN permutation/FDR screen,TITAN,driver_mutation,Bailey_tissue_specific_driver,KIRC,PBRM1,TCGA_MC3_Bailey2018,353,144,209,20261131,0.584546119085593,0.584546119085593,0.451388888888889,0.717703349282297,0.648258904837852,0.533300585415404,0.614400584795322,0.597222222222222,0.631578947368421,0.657329877724615,0.561616497513093,0.615546916533759,0.743055555555556,0.488038277511962,0.657329877724615,0.560498118145406,FALSE,FALSE,FALSE,TRUE,TRUE,4,3,3,-0.92830087774639,0,0,0,0.0298544657097288,0.0310007974481659,-2.22044604925031e-16,TRUE,FALSE,TRUE,TRUE,TRUE
TITAN permutation/FDR screen,TITAN,driver_mutation,Bailey_tissue_specific_driver,KIRC,VHL,TCGA_MC3_Bailey2018,353,161,192,20261133,0.600219979296066,0.600219979296066,0.596273291925466,0.604166666666667,0.624482401656315,0.535735923975638,0.586309523809524,0.714285714285714,0.458333333333333,0.614971532091097,0.540253320775917,0.597421713250518,0.658385093167702,0.536458333333333,0.614971532091097,0.540253320775917,TRUE,TRUE,TRUE,FALSE,FALSE,1,1,1,-0.0844902927539172,0,0,0,-0.0139104554865425,-0.00279826604554867,3.33066907387547e-16,TRUE,TRUE,TRUE,TRUE,TRUE
TITAN permutation/FDR screen,TITAN,driver_mutation,Bailey_tissue_specific_driver,LGG,IDH2,TCGA_MC3_Bailey2018,485,20,465,20261139,0.564247311827957,0.564247311827957,0.15,0.978494623655914,0.761505376344086,0.180837797903656,0.728494623655914,0.7,0.756989247311828,0.749139784946237,0.12719208005668,0.740860215053764,0.8,0.681720430107527,0.805376344086022,0.12759532504947,FALSE,FALSE,FALSE,TRUE,TRUE,4,1,1,-3.29222379403046,0,0,0,0.164247311827957,0.176612903225807,0,TRUE,FALSE,TRUE,TRUE,TRUE
TITAN permutation/FDR screen,TITAN,driver_mutation,Bailey_tissue_specific_driver,LGG,NF1,TCGA_MC3_Bailey2018,485,31,454,20261140,0.54028705414239,0.54028705414239,0.129032258064516,0.951541850220264,0.662427170669319,0.144997504643525,0.659656103453176,0.548387096774194,0.770925110132159,0.766875088816257,0.181913522998587,0.629138837572829,0.612903225806452,0.645374449339207,0.698379991473639,0.164018640682591,FALSE,FALSE,FALSE,TRUE,TRUE,6,2,1,-3.35005640134703,0,0,0,0.119369049310786,0.0888517834304391,2.22044604925031e-16,FALSE,FALSE,TRUE,TRUE,TRUE
TITAN permutation/FDR screen,TITAN,driver_mutation,Bailey_tissue_specific_driver,LGG,NOTCH1,TCGA_MC3_Bailey2018,485,32,453,20261141,0.501448675496689,0.501448675496689,0.0625,0.940397350993378,0.592784216335541,0.103134773893826,0.623240894039735,0.53125,0.71523178807947,0.699365342163356,0.200553969679927,0.667391004415011,0.53125,0.803532008830022,0.691570088300221,0.174615431905181,FALSE,FALSE,FALSE,TRUE,TRUE,6,2,1,-2.25167665852184,0,0,0,0.121792218543046,0.165942328918322,-3.33066907387547e-16,FALSE,FALSE,TRUE,TRUE,TRUE
TITAN permutation/FDR screen,TITAN,driver_mutation,Bailey_tissue_specific_driver,LIHC,AXIN1,TCGA_MC3_Bailey2018,350,25,325,20261150,0.556923076923077,0.556923076923077,0.16,0.953846153846154,0.635446153846154,0.139137253736115,0.643076923076923,0.56,0.726153846153846,0.697969230769231,0.14567031042592,0.626153846153846,0.64,0.612307692307692,0.655138461538462,0.142860021656534,FALSE,FALSE,FALSE,TRUE,TRUE,14,2,2,-3.07641643043994,0,0,0,0.0861538461538461,0.0692307692307692,0,TRUE,FALSE,TRUE,TRUE,TRUE
TITAN permutation/FDR screen,TITAN,driver_mutation,Bailey_tissue_specific_driver,LUAD,ATM,TCGA_MC3_Bailey2018,463,37,426,20261155,0.495907879710697,0.495907879710697,0.027027027027027,0.964788732394366,0.540540540540541,0.0916401274520027,0.611819566044918,0.540540540540541,0.683098591549296,0.630313412003553,0.124045611828652,0.564902931100114,0.594594594594595,0.535211267605634,0.592183733028803,0.11151791146793,FALSE,FALSE,FALSE,TRUE,FALSE,4,2,2,-3.02189160787259,1,0,0,0.115911686334222,0.0689950513894175,-3.88578058618805e-16,FALSE,FALSE,TRUE,FALSE,TRUE
TITAN permutation/FDR screen,TITAN,driver_mutation,Bailey_tissue_specific_driver,LUAD,EGFR,TCGA_MC3_Bailey2018,463,59,404,20261157,0.581137774794429,0.581137774794429,0.271186440677966,0.891089108910891,0.627580130894445,0.234717664186225,0.66208675952341,0.559322033898305,0.764851485148515,0.698103708675952,0.368004798925779,0.658373888236281,0.559322033898305,0.757425742574258,0.707165631817419,0.336951191313165,FALSE,FALSE,FALSE,TRUE,TRUE,14,6,5,-1.79699810244136,0,0,0,0.0809489847289813,0.0772361134418527,-3.33066907387547e-16,TRUE,FALSE,TRUE,TRUE,TRUE
TITAN permutation/FDR screen,TITAN,driver_mutation,Bailey_tissue_specific_driver,LUAD,KEAP1,TCGA_MC3_Bailey2018,463,83,380,20261158,0.536065313887128,0.536065313887128,0.216867469879518,0.855263157894737,0.624730500951173,0.268494580971999,0.596227013316424,0.481927710843373,0.710526315789474,0.624064679771719,0.248683131002364,0.602726696258719,0.626506024096386,0.578947368421053,0.631610653138871,0.270534216063655,FALSE,FALSE,FALSE,FALSE,TRUE,14,3,5,-2.97020296641099,0,0,0,0.0601616994292962,0.0666613823715917,-5.55111512312578e-16,FALSE,FALSE,TRUE,TRUE,FALSE
TITAN permutation/FDR screen,TITAN,driver_mutation,Bailey_tissue_specific_driver,LUAD,KRAS,TCGA_MC3_Bailey2018,463,140,323,20261159,0.536278195488722,0.536278195488722,0.335714285714286,0.736842105263158,0.59765590446705,0.386318172518624,0.610437859354268,0.542857142857143,0.678018575851393,0.615126050420168,0.40247602932859,0.583513931888545,0.65,0.51702786377709,0.595510835913313,0.376964407398103,FALSE,FALSE,FALSE,TRUE,FALSE,14,5,12,-2.89117618989853,0,0,0,0.0741596638655462,0.0472357363998231,-2.22044604925031e-16,FALSE,FALSE,TRUE,FALSE,TRUE
TITAN permutation/FDR screen,TITAN,driver_mutation,Bailey_tissue_specific_driver,LUAD,MGA,TCGA_MC3_Bailey2018,463,36,427,20261160,0.506537861046058,0.506537861046058,0.0833333333333333,0.929742388758782,0.496682279469165,0.0819781080891097,0.600800156128025,0.583333333333333,0.618266978922717,0.600117096018735,0.103940494945459,0.518149882903981,0.5,0.536299765807963,0.508131667967734,0.110697516920751,FALSE,FALSE,FALSE,TRUE,FALSE,7,1,1,-2.71855974159189,1,0,0,0.0942622950819672,0.0116120218579234,-2.22044604925031e-16,FALSE,FALSE,TRUE,FALSE,TRUE
TITAN permutation/FDR screen,TITAN,driver_mutation,Bailey_tissue_specific_driver,LUAD,NF1,TCGA_MC3_Bailey2018,463,57,406,20261161,0.553387779794313,0.553387779794313,0.192982456140351,0.913793103448276,0.655302048224008,0.201835157578779,0.543816437645839,0.368421052631579,0.719211822660099,0.611053495808487,0.167629345232887,0.622266874081756,0.754385964912281,0.490147783251232,0.644758447843747,0.1893868882076,FALSE,FALSE,FALSE,FALSE,TRUE,9,8,7,-3.70243381759608,1,0,0,-0.00957134214847466,0.0688790942874427,4.44089209850063e-16,TRUE,FALSE,TRUE,TRUE,FALSE
TITAN permutation/FDR screen,TITAN,driver_mutation,Bailey_tissue_specific_driver,LUAD,RB1,TCGA_MC3_Bailey2018,463,25,438,20261163,0.538310502283105,0.538310502283105,0.12,0.95662100456621,0.552694063926941,0.0801776489156285,0.637260273972603,0.48,0.794520547945206,0.682922374429224,0.120596458670323,0.543059360730594,0.44,0.646118721461187,0.618904109589041,0.134066477563797,FALSE,FALSE,FALSE,TRUE,FALSE,12,2,3,-4.11122901884018,0,0,0,0.0989497716894978,0.00474885844748862,0,FALSE,FALSE,TRUE,FALSE,TRUE
TITAN permutation/FDR screen,TITAN,driver_mutation,Bailey_tissue_specific_driver,LUAD,SMARCA4,TCGA_MC3_Bailey2018,463,36,427,20261166,0.51707650273224,0.51707650273224,0.0833333333333333,0.950819672131147,0.519385896435077,0.0927638623413555,0.651834504293521,0.666666666666667,0.637002341920375,0.661267239136092,0.118843503589541,0.587073900598491,0.527777777777778,0.646370023419204,0.632513661202186,0.11616895371824,FALSE,FALSE,FALSE,TRUE,FALSE,9,1,1,-2.42724548115397,0,0,0,0.13475800156128,0.0699973978662505,3.33066907387547e-16,FALSE,FALSE,TRUE,FALSE,TRUE
TITAN permutation/FDR screen,TITAN,driver_mutation,Bailey_tissue_specific_driver,LUAD,STK11,TCGA_MC3_Bailey2018,463,67,396,20261167,0.492895371626715,0.492895371626715,0.104477611940299,0.881313131313131,0.596788783355948,0.191469903003512,0.653305442484547,0.597014925373134,0.70959595959596,0.689431629730137,0.243777166179855,0.628279059249208,0.567164179104478,0.689393939393939,0.686341022161918,0.238754297283044,FALSE,FALSE,FALSE,TRUE,TRUE,8,1,2,-1.81028343989292,1,0,0,0.160410070857832,0.135383687622494,-5.55111512312578e-17,FALSE,FALSE,TRUE,TRUE,TRUE
TITAN permutation/FDR screen,TITAN,driver_mutation,Bailey_tissue_specific_driver,LUSC,KEAP1,TCGA_MC3_Bailey2018,461,51,410,20261176,0.523409851745576,0.523409851745576,0.0980392156862745,0.948780487804878,0.603252032520325,0.168382145025174,0.585246293639407,0.450980392156863,0.719512195121951,0.655380200860832,0.224761508643694,0.627187948350072,0.647058823529412,0.607317073170732,0.628168340506934,0.245976729153608,FALSE,FALSE,FALSE,FALSE,TRUE,5,3,3,-2.59773006350706,0,0,0,0.0618364418938306,0.103778096604495,3.33066907387547e-16,FALSE,FALSE,TRUE,TRUE,FALSE
TITAN permutation/FDR screen,TITAN,driver_mutation,Bailey_tissue_specific_driver,LUSC,RASA1,TCGA_MC3_Bailey2018,461,29,432,20261183,0.560743933588761,0.560743933588761,0.172413793103448,0.949074074074074,0.637771392081737,0.164427790488361,0.592313218390805,0.413793103448276,0.770833333333333,0.618614303959132,0.0914814782096748,0.61286717752235,0.827586206896552,0.398148148148148,0.562659642401022,0.0768691269794791,FALSE,FALSE,FALSE,FALSE,TRUE,15,2,2,-4.49595555698804,1,0,0,0.0315692848020435,0.0521232439335888,2.22044604925031e-16,TRUE,FALSE,TRUE,TRUE,FALSE
TITAN permutation/FDR screen,TITAN,driver_mutation,Bailey_tissue_specific_driver,PAAD,CDKN2A,TCGA_MC3_Bailey2018,175,34,141,20261187,0.554338756779307,0.554338756779307,0.264705882352941,0.843971631205674,0.555486024196913,0.237516428845993,0.612745098039216,0.558823529411765,0.666666666666667,0.600542344597413,0.254339972993835,0.552982895285774,0.588235294117647,0.517730496453901,0.611389236545682,0.289540037536134,FALSE,FALSE,FALSE,TRUE,FALSE,3,1,1,-1.83948630712738,0,0,0,0.0584063412599083,-0.00135586149353362,4.44089209850063e-16,TRUE,FALSE,TRUE,FALSE,TRUE
TITAN permutation/FDR screen,TITAN,driver_mutation,Bailey_tissue_specific_driver,PRAD,SPOP,TCGA_MC3_Bailey2018,399,42,357,20261193,0.515406162464986,0.515406162464986,0.0952380952380952,0.935574229691877,0.662998532746432,0.172323611882001,0.642156862745098,0.547619047619048,0.736694677871149,0.696078431372549,0.23078798594532,0.643557422969188,0.642857142857143,0.644257703081233,0.67453648125917,0.206027749730989,FALSE,FALSE,FALSE,TRUE,TRUE,12,4,3,-2.41680644394683,0,0,0,0.126750700280112,0.128151260504202,-1.11022302462516e-16,FALSE,FALSE,TRUE,TRUE,TRUE
TITAN permutation/FDR screen,TITAN,driver_mutation,Bailey_tissue_specific_driver,PRAD,TP53,TCGA_MC3_Bailey2018,399,46,353,20261194,0.594562138194359,0.594562138194359,0.282608695652174,0.906515580736544,0.652851336371474,0.243318821372933,0.652297080921296,0.565217391304348,0.739376770538244,0.714989530730386,0.240145735308334,0.633914275157039,0.630434782608696,0.637393767705382,0.633821899248676,0.236391213165479,FALSE,FALSE,FALSE,TRUE,TRUE,12,1,15,-8.15675974209719,0,0,0,0.0577349427269368,0.0393521369626801,-1.11022302462516e-16,TRUE,FALSE,TRUE,TRUE,TRUE
TITAN permutation/FDR screen,TITAN,driver_mutation,Bailey_tissue_specific_driver,READ,KRAS,TCGA_MC3_Bailey2018,135,30,105,20261196,0.595238095238095,0.595238095238095,0.333333333333333,0.857142857142857,0.655238095238095,0.35621145215062,0.628571428571429,0.6,0.657142857142857,0.593968253968254,0.303406780435343,0.638095238095238,0.733333333333333,0.542857142857143,0.561587301587302,0.261127809385164,FALSE,FALSE,FALSE,TRUE,TRUE,8,1,1,-1.67086429774742,0,0,0,0.0333333333333333,0.0428571428571428,2.22044604925031e-16,TRUE,FALSE,TRUE,TRUE,TRUE
TITAN permutation/FDR screen,TITAN,driver_mutation,Bailey_tissue_specific_driver,SARC,ATRX,TCGA_MC3_Bailey2018,229,35,194,20261198,0.486156111929308,0.486156111929308,0.0857142857142857,0.88659793814433,0.582326951399116,0.202964617164027,0.600147275405007,0.571428571428571,0.628865979381443,0.646097201767305,0.245607709049394,0.530338733431517,0.514285714285714,0.54639175257732,0.645066273932253,0.219202547520021,FALSE,FALSE,FALSE,TRUE,FALSE,3,2,4,-3.0101793482353,1,0,0,0.1139911634757,0.0441826215022091,-2.77555756156289e-16,FALSE,FALSE,TRUE,FALSE,TRUE
TITAN permutation/FDR screen,TITAN,driver_mutation,Bailey_tissue_specific_driver,SARC,RB1,TCGA_MC3_Bailey2018,229,24,205,20261199,0.546747967479675,0.546747967479675,0.166666666666667,0.926829268292683,0.572764227642276,0.148774148296792,0.601016260162602,0.416666666666667,0.785365853658537,0.669512195121951,0.185912736097272,0.564837398373984,0.583333333333333,0.546341463414634,0.619308943089431,0.170073350985299,FALSE,FALSE,FALSE,TRUE,FALSE,11,1,2,-2.93216957719836,0,0,0,0.0542682926829269,0.018089430894309,-2.22044604925031e-16,FALSE,FALSE,TRUE,FALSE,TRUE
TITAN permutation/FDR screen,TITAN,driver_mutation,Bailey_tissue_specific_driver,SARC,TP53,TCGA_MC3_Bailey2018,229,81,148,20261200,0.563563563563564,0.563563563563564,0.37037037037037,0.756756756756757,0.616116116116116,0.456928438967659,0.640890890890891,0.592592592592593,0.689189189189189,0.70337003670337,0.543057161655075,0.638888888888889,0.777777777777778,0.5,0.681181181181181,0.490938045070821,FALSE,FALSE,FALSE,TRUE,TRUE,5,2,2,-1.02362280117739,0,0,0,0.0773273273273272,0.0753253253253252,-3.33066907387547e-16,TRUE,FALSE,TRUE,TRUE,TRUE
TITAN permutation/FDR screen,TITAN,driver_mutation,Bailey_tissue_specific_driver,SKCM,BRAF,TCGA_MC3_Bailey2018,98,52,46,20261201,0.635869565217391,0.635869565217391,0.75,0.521739130434783,0.661371237458194,0.684976876054883,0.597408026755853,0.673076923076923,0.521739130434783,0.661371237458194,0.684976876054883,0.635033444816054,0.596153846153846,0.673913043478261,0.687290969899666,0.690224512870058,TRUE,TRUE,TRUE,FALSE,TRUE,3,3,2,0.740174000160913,0,0,0,-0.0384615384615385,-0.000836120401337848,3.33066907387547e-16,TRUE,TRUE,TRUE,FALSE,TRUE
TITAN permutation/FDR screen,TITAN,driver_mutation,Bailey_tissue_specific_driver,STAD,APC,TCGA_MC3_Bailey2018,371,37,334,20261202,0.518125910341479,0.518125910341479,0.108108108108108,0.92814371257485,0.552273830716945,0.144121126343461,0.644643146140152,0.621621621621622,0.667664670658683,0.66693639747532,0.176901866216688,0.619194044343745,0.621621621621622,0.616766467065868,0.652209095322868,0.169519845224061,FALSE,FALSE,FALSE,TRUE,TRUE,7,1,1,-2.3437816319951,0,0,0,0.126517235798673,0.101068134002266,2.22044604925031e-16,FALSE,FALSE,TRUE,TRUE,TRUE
TITAN permutation/FDR screen,TITAN,driver_mutation,Bailey_tissue_specific_driver,STAD,ARID2,TCGA_MC3_Bailey2018,371,24,347,20261204,0.496337656099904,0.496337656099904,0.0416666666666667,0.951008645533141,0.570725264169068,0.0821240525741302,0.630403458213257,0.5,0.760806916426513,0.643491834774256,0.134263213903895,0.608669548511047,0.583333333333333,0.634005763688761,0.64709414024976,0.114211047815186,FALSE,FALSE,FALSE,TRUE,TRUE,8,2,2,-3.19564332583661,0,0,0,0.134065802113353,0.112331892411143,0,FALSE,FALSE,TRUE,TRUE,TRUE
TITAN permutation/FDR screen,TITAN,driver_mutation,Bailey_tissue_specific_driver,STAD,BCOR,TCGA_MC3_Bailey2018,371,30,341,20261205,0.480009775171066,0.480009775171066,0.0333333333333333,0.926686217008798,0.578885630498534,0.104361645708499,0.6841642228739,0.6,0.768328445747801,0.711827956989247,0.167564695498877,0.681231671554252,0.6,0.762463343108504,0.701759530791789,0.16051627742532,FALSE,FALSE,FALSE,TRUE,TRUE,12,2,2,-2.50710987862661,0,0,0,0.204154447702835,0.201221896383187,-5.55111512312578e-16,FALSE,FALSE,TRUE,TRUE,TRUE
TITAN permutation/FDR screen,TITAN,driver_mutation,Bailey_tissue_specific_driver,STAD,CDH1,TCGA_MC3_Bailey2018,371,36,335,20261206,0.572305140961857,0.572305140961857,0.222222222222222,0.922388059701493,0.695771144278607,0.217218343007042,0.717371475953565,0.694444444444445,0.740298507462687,0.772139303482587,0.263244940501987,0.748714759535655,0.694444444444445,0.802985074626866,0.785572139303483,0.262740982737688,FALSE,FALSE,FALSE,TRUE,TRUE,9,1,1,-1.95647596517726,1,0,0,0.145066334991708,0.176409618573798,3.33066907387547e-16,TRUE,FALSE,TRUE,TRUE,TRUE
TITAN permutation/FDR screen,TITAN,driver_mutation,Bailey_tissue_specific_driver,STAD,CTNNB1,TCGA_MC3_Bailey2018,371,22,349,20261207,0.525397238864288,0.525397238864288,0.0909090909090909,0.959885386819484,0.580880437613962,0.106293729643529,0.608361552487627,0.454545454545455,0.762177650429799,0.607710341234697,0.141669558984218,0.61226882000521,0.545454545454545,0.679083094555874,0.631414430841365,0.157015850999884,FALSE,FALSE,FALSE,TRUE,TRUE,10,1,2,-3.38671460123129,0,0,0,0.0829643136233394,0.0868715811409221,-4.44089209850063e-16,FALSE,FALSE,TRUE,TRUE,TRUE
TITAN permutation/FDR screen,TITAN,driver_mutation,Bailey_tissue_specific_driver,STAD,DMD,TCGA_MC3_Bailey2018,371,48,323,20261208,0.494098297213622,0.494098297213622,0.0625,0.925696594427245,0.566627966976264,0.158152600659148,0.608294633642931,0.541666666666667,0.674922600619195,0.669504643962848,0.205498319761527,0.666731166150671,0.791666666666667,0.541795665634675,0.669504643962848,0.205498319761527,FALSE,FALSE,FALSE,TRUE,TRUE,10,3,3,-2.53707888754697,1,0,0,0.114196336429309,0.172632868937048,3.33066907387547e-16,FALSE,FALSE,TRUE,TRUE,TRUE
TITAN permutation/FDR screen,TITAN,driver_mutation,Bailey_tissue_specific_driver,STAD,FBXW7,TCGA_MC3_Bailey2018,371,29,342,20261210,0.591449889090542,0.591449889090542,0.241379310344828,0.941520467836257,0.600020165355919,0.163223855301568,0.654214559386973,0.586206896551724,0.722222222222222,0.717382536801775,0.151485767541524,0.627596289574511,0.620689655172414,0.634502923976608,0.665053438193184,0.155015453773406,FALSE,FALSE,FALSE,TRUE,TRUE,15,1,2,-3.1177638073226,0,0,0,0.0627646702964307,0.0361464004839687,4.44089209850063e-16,TRUE,FALSE,TRUE,TRUE,TRUE
TITAN permutation/FDR screen,TITAN,driver_mutation,Bailey_tissue_specific_driver,STAD,KRAS,TCGA_MC3_Bailey2018,371,30,341,20261211,0.5569403714565,0.5569403714565,0.166666666666667,0.947214076246334,0.625024437927664,0.178724548493236,0.625366568914956,0.5,0.750733137829912,0.696578690127077,0.230276692628706,0.650733137829912,0.8,0.501466275659824,0.695307917888563,0.20187362180867,FALSE,FALSE,FALSE,TRUE,TRUE,7,3,3,-3.74393981654154,0,0,0,0.0684261974584556,0.0937927663734116,4.44089209850063e-16,TRUE,FALSE,TRUE,TRUE,TRUE
TITAN permutation/FDR screen,TITAN,driver_mutation,Bailey_tissue_specific_driver,STAD,PTEN,TCGA_MC3_Bailey2018,371,24,347,20261214,0.493455811719501,0.493455811719501,0.0416666666666667,0.945244956772334,0.572646493756004,0.0880015997913655,0.586515369836696,0.458333333333333,0.714697406340058,0.68335734870317,0.114898885759376,0.602785782901057,0.666666666666667,0.538904899135447,0.637007684918348,0.115009749568065,FALSE,FALSE,FALSE,FALSE,TRUE,15,2,3,-4.29611172565633,1,0,0,0.093059558117195,0.109329971181556,-4.9960036108132e-16,FALSE,FALSE,TRUE,TRUE,FALSE
TITAN permutation/FDR screen,TITAN,driver_mutation,Bailey_tissue_specific_driver,STAD,RHOA,TCGA_MC3_Bailey2018,371,20,351,20261216,0.499358974358974,0.499358974358974,0.05,0.948717948717949,0.635612535612536,0.0820393745164386,0.726068376068376,0.7,0.752136752136752,0.795156695156695,0.13364666621672,0.723361823361823,0.8,0.646723646723647,0.795156695156695,0.13364666621672,FALSE,FALSE,FALSE,TRUE,TRUE,7,1,1,-3.46729523234627,0,0,0,0.226709401709402,0.224002849002849,3.88578058618805e-16,FALSE,FALSE,TRUE,TRUE,TRUE
TITAN permutation/FDR screen,TITAN,driver_mutation,Bailey_tissue_specific_driver,STAD,RNF43,TCGA_MC3_Bailey2018,371,30,341,20261217,0.558406647116325,0.558406647116325,0.166666666666667,0.950146627565982,0.63782991202346,0.178970625838513,0.602297165200391,0.433333333333333,0.771260997067449,0.665493646138808,0.134138633425525,0.609775171065494,0.533333333333333,0.686217008797654,0.656304985337243,0.148528255885146,FALSE,FALSE,FALSE,TRUE,TRUE,14,3,6,-4.3748206277066,1,0,0,0.0438905180840665,0.0513685239491691,-5.55111512312578e-16,TRUE,FALSE,TRUE,TRUE,TRUE
TITAN permutation/FDR screen,TITAN,driver_mutation,Bailey_tissue_specific_driver,TGCT,KIT,TCGA_MC3_Bailey2018,128,20,108,20261220,0.514814814814815,0.514814814814815,0.15,0.87962962962963,0.547222222222222,0.191405001581817,0.637962962962963,0.6,0.675925925925926,0.752314814814815,0.325458513112559,0.732407407407407,0.9,0.564814814814815,0.75787037037037,0.346537683328523,FALSE,FALSE,FALSE,TRUE,TRUE,12,1,1,-2.21686827720811,0,0,0,0.123148148148148,0.217592592592593,-1.11022302462516e-16,FALSE,FALSE,TRUE,TRUE,TRUE
TITAN permutation/FDR screen,TITAN,driver_mutation,Bailey_tissue_specific_driver,UCEC,ARID5B,TCGA_MC3_Bailey2018,487,52,435,20261227,0.548607427055703,0.548607427055703,0.173076923076923,0.924137931034483,0.643810786914235,0.159237303498941,0.612798408488064,0.480769230769231,0.744827586206897,0.661494252873563,0.167688175257016,0.629951370468612,0.634615384615385,0.625287356321839,0.680061892130858,0.171335126899527,FALSE,FALSE,FALSE,TRUE,TRUE,9,3,5,-2.91179594486034,1,0,0,0.0641909814323608,0.081343943412909,-1.11022302462516e-16,FALSE,FALSE,TRUE,TRUE,TRUE
TITAN permutation/FDR screen,TITAN,driver_mutation,Bailey_tissue_specific_driver,UCEC,ATR,TCGA_MC3_Bailey2018,487,51,436,20261230,0.571775499190502,0.571775499190502,0.235294117647059,0.908256880733945,0.577441985968699,0.163220912033064,0.627608382802662,0.509803921568627,0.745412844036697,0.664777837740601,0.192273811417584,0.607933081489477,0.647058823529412,0.568807339449541,0.647553516819572,0.207529508387721,FALSE,FALSE,FALSE,TRUE,TRUE,13,3,3,-3.15623744169751,0,0,0,0.0558328836121605,0.0361575822989747,-1.11022302462516e-16,TRUE,FALSE,TRUE,TRUE,TRUE
TITAN permutation/FDR screen,TITAN,driver_mutation,Bailey_tissue_specific_driver,UCEC,BCOR,TCGA_MC3_Bailey2018,487,70,417,20261231,0.537752655018842,0.537752655018842,0.171428571428571,0.904076738609113,0.546865364850976,0.181254996214709,0.61205892428914,0.514285714285714,0.709832134292566,0.644398766700925,0.230454391844087,0.58532031517643,0.614285714285714,0.556354916067146,0.634155532716684,0.265965913067388,FALSE,FALSE,FALSE,TRUE,FALSE,12,2,3,-1.94552117304139,0,0,0,0.074306269270298,0.0475676601575883,1.11022302462516e-16,FALSE,FALSE,TRUE,FALSE,TRUE
TITAN permutation/FDR screen,TITAN,driver_mutation,Bailey_tissue_specific_driver,UCEC,CHD3,TCGA_MC3_Bailey2018,487,71,416,20261233,0.597067984832069,0.597067984832069,0.323943661971831,0.870192307692308,0.650358884073673,0.253136033753104,0.641065140845071,0.563380281690141,0.71875,0.692036836403034,0.281470288553775,0.642114707475623,0.676056338028169,0.608173076923077,0.713231310942579,0.286117991562026,FALSE,FALSE,FALSE,TRUE,TRUE,15,2,2,-2.29813837431172,1,0,0,0.0439971560130011,0.0450467226435536,3.33066907387547e-16,TRUE,FALSE,TRUE,TRUE,TRUE
TITAN permutation/FDR screen,TITAN,driver_mutation,Bailey_tissue_specific_driver,UCEC,CTCF,TCGA_MC3_Bailey2018,487,96,391,20261235,0.532182438192668,0.532182438192668,0.166666666666667,0.89769820971867,0.633098891730605,0.270426442808793,0.619125639386189,0.59375,0.644501278772379,0.662617220801364,0.311425696654978,0.61703431372549,0.645833333333333,0.588235294117647,0.68044011082694,0.337828884508882,FALSE,FALSE,FALSE,TRUE,TRUE,10,3,3,-1.60555808021335,0,0,0,0.086943201193521,0.0848518755328219,3.33066907387547e-16,FALSE,FALSE,TRUE,TRUE,TRUE
TITAN permutation/FDR screen,TITAN,driver_mutation,Bailey_tissue_specific_driver,UCEC,CTNND1,TCGA_MC3_Bailey2018,487,41,446,20261237,0.513042764956798,0.513042764956798,0.0731707317073171,0.952914798206278,0.62359181887783,0.162963550564341,0.632642458711583,0.536585365853659,0.728699551569507,0.678223777753473,0.168590868089047,0.605463195887564,0.585365853658537,0.625560538116592,0.679317510663896,0.159691892543142,FALSE,FALSE,FALSE,TRUE,TRUE,8,2,1,-2.83856396327372,0,0,0,0.119599693754785,0.0924204309307667,-4.44089209850063e-16,FALSE,FALSE,TRUE,TRUE,TRUE
TITAN permutation/FDR screen,TITAN,driver_mutation,Bailey_tissue_specific_driver,UCEC,DICER1,TCGA_MC3_Bailey2018,487,51,436,20261238,0.536517359237273,0.536517359237273,0.137254901960784,0.935779816513761,0.675840978593272,0.221579735291382,0.622504047490556,0.529411764705882,0.715596330275229,0.644720273430473,0.211246351137625,0.613149847094801,0.666666666666667,0.559633027522936,0.649307429393776,0.193392144344213,FALSE,FALSE,FALSE,TRUE,TRUE,11,2,4,-3.61525306108199,0,0,0,0.0859866882532829,0.0766324878575282,0,FALSE,FALSE,TRUE,TRUE,TRUE
TITAN permutation/FDR screen,TITAN,driver_mutation,Bailey_tissue_specific_driver,UCEC,EP300,TCGA_MC3_Bailey2018,487,56,431,20261239,0.535113523367584,0.535113523367584,0.160714285714286,0.909512761020882,0.62425422605237,0.172061820544796,0.573355154126616,0.339285714285714,0.807424593967517,0.632457739476301,0.179811406315493,0.612611866092145,0.642857142857143,0.582366589327146,0.661335764003978,0.187952342081082,FALSE,FALSE,FALSE,FALSE,TRUE,17,12,13,-4.94857334441846,0,0,0,0.0382416307590322,0.0774983427245608,-3.33066907387547e-16,FALSE,FALSE,TRUE,TRUE,FALSE
TITAN permutation/FDR screen,TITAN,driver_mutation,Bailey_tissue_specific_driver,UCEC,ERBB2,TCGA_MC3_Bailey2018,487,25,462,20261240,0.50969696969697,0.50969696969697,0.08,0.939393939393939,0.581818181818182,0.0660368219574036,0.61012987012987,0.48,0.74025974025974,0.654112554112554,0.115385727799689,0.523506493506494,0.56,0.487012987012987,0.633939393939394,0.0902190718887778,FALSE,FALSE,FALSE,TRUE,FALSE,17,2,3,-3.85551319978194,0,0,0,0.1004329004329,0.0138095238095237,-2.22044604925031e-16,FALSE,FALSE,TRUE,FALSE,TRUE
TITAN permutation/FDR screen,TITAN,driver_mutation,Bailey_tissue_specific_driver,UCEC,FAT1,TCGA_MC3_Bailey2018,487,82,405,20261242,0.58446251129178,0.58446251129178,0.317073170731707,0.851851851851852,0.66576332429991,0.289767780173188,0.609183980728696,0.51219512195122,0.706172839506173,0.620987654320988,0.25904562412143,0.588527551942186,0.658536585365854,0.518518518518519,0.639265281541704,0.261418237720748,FALSE,FALSE,FALSE,TRUE,FALSE,17,5,9,-3.83912881583037,1,0,2,0.0247214694369166,0.00406504065040647,-3.33066907387547e-16,TRUE,FALSE,TRUE,FALSE,TRUE
TITAN permutation/FDR screen,TITAN,driver_mutation,Bailey_tissue_specific_driver,UCEC,FGFR2,TCGA_MC3_Bailey2018,487,59,428,20261244,0.525166323459528,0.525166323459528,0.169491525423729,0.880841121495327,0.622920956755901,0.171359196501705,0.510870426104863,0.220338983050847,0.801401869158879,0.587319816252178,0.165252370556585,0.610624900997941,0.779661016949153,0.441588785046729,0.617178837319816,0.176114619580953,FALSE,FALSE,FALSE,FALSE,TRUE,18,18,18,-7.9472415355244,1,0,1,-0.0142958973546651,0.0854585775384128,0,FALSE,FALSE,TRUE,TRUE,FALSE
TITAN permutation/FDR screen,TITAN,driver_mutation,Bailey_tissue_specific_driver,UCEC,FOXA2,TCGA_MC3_Bailey2018,487,30,457,20261245,0.527024070021882,0.527024070021882,0.1,0.954048140043764,0.555579868708972,0.0911139893952011,0.625018234865062,0.466666666666667,0.783369803063457,0.639606126914661,0.119900334419249,0.63074398249453,0.5,0.761487964989059,0.62180889861415,0.119021812492748,FALSE,FALSE,FALSE,TRUE,TRUE,7,4,3,-2.79300755198437,0,0,0,0.0979941648431802,0.103719912472648,-2.22044604925031e-16,FALSE,FALSE,TRUE,TRUE,TRUE
TITAN permutation/FDR screen,TITAN,driver_mutation,Bailey_tissue_specific_driver,UCEC,INPPL1,TCGA_MC3_Bailey2018,487,56,431,20261246,0.559931223069274,0.559931223069274,0.196428571428571,0.923433874709977,0.614517732847199,0.182016228288613,0.617397248922771,0.517857142857143,0.716937354988399,0.663697381504806,0.1989083687678,0.667799138216772,0.785714285714286,0.549883990719258,0.692492542260524,0.204713082897946,FALSE,FALSE,FALSE,TRUE,TRUE,17,1,2,-2.60866133005088,0,0,0,0.0574660258534969,0.107867915147498,1.11022302462516e-16,TRUE,FALSE,TRUE,TRUE,TRUE
TITAN permutation/FDR screen,TITAN,driver_mutation,Bailey_tissue_specific_driver,UCEC,KANSL1,TCGA_MC3_Bailey2018,487,55,432,20261247,0.527756734006734,0.527756734006734,0.127272727272727,0.928240740740741,0.573063973063973,0.162050445177154,0.604419191919192,0.472727272727273,0.736111111111111,0.636195286195286,0.179589684528248,0.613825757575758,0.581818181818182,0.645833333333333,0.65770202020202,0.189383713023802,FALSE,FALSE,FALSE,TRUE,TRUE,12,1,2,-2.27386059547188,0,0,0,0.076662457912458,0.0860690235690236,0,FALSE,FALSE,TRUE,TRUE,TRUE
TITAN permutation/FDR screen,TITAN,driver_mutation,Bailey_tissue_specific_driver,UCEC,KMT2B,TCGA_MC3_Bailey2018,487,96,391,20261248,0.569106990622336,0.569106990622336,0.291666666666667,0.846547314578005,0.630461423699915,0.296240226527996,0.649909420289855,0.604166666666667,0.695652173913044,0.694213554987212,0.335478207766601,0.662257566069906,0.697916666666667,0.626598465473146,0.713102088661552,0.336503672320803,FALSE,FALSE,FALSE,TRUE,TRUE,9,4,4,-1.73832878498643,1,0,0,0.0808024296675191,0.0931505754475702,-1.11022302462516e-16,TRUE,FALSE,TRUE,TRUE,TRUE
TITAN permutation/FDR screen,TITAN,driver_mutation,Bailey_tissue_specific_driver,UCEC,KMT2C,TCGA_MC3_Bailey2018,487,79,408,20261249,0.579811988086374,0.579811988086374,0.240506329113924,0.919117647058824,0.713266319185902,0.305151515241978,0.711265202283445,0.645569620253165,0.776960784313726,0.748852072474559,0.361072945381672,0.673879995035989,0.683544303797468,0.66421568627451,0.730671382477041,0.337178682047721,FALSE,FALSE,FALSE,TRUE,TRUE,6,3,3,-2.31860678390401,0,0,0,0.131453214197071,0.0940680069496153,-2.22044604925031e-16,TRUE,FALSE,TRUE,TRUE,TRUE
TITAN permutation/FDR screen,TITAN,driver_mutation,Bailey_tissue_specific_driver,UCEC,KRAS,TCGA_MC3_Bailey2018,487,81,406,20261250,0.579167426868576,0.579167426868576,0.283950617283951,0.874384236453202,0.655354862251414,0.27602133613435,0.568205315331752,0.382716049382716,0.753694581280788,0.644499178981938,0.256340567439565,0.600377060147175,0.506172839506173,0.694581280788177,0.630937176914188,0.259303805342921,FALSE,FALSE,FALSE,FALSE,TRUE,13,14,11,-3.01059512014404,1,1,1,-0.0109621115368241,0.0212096332785989,2.22044604925031e-16,TRUE,FALSE,TRUE,TRUE,FALSE
TITAN permutation/FDR screen,TITAN,driver_mutation,Bailey_tissue_specific_driver,UCEC,MAP3K1,TCGA_MC3_Bailey2018,487,50,437,20261251,0.583684210526316,0.583684210526316,0.22,0.947368421052632,0.679908466819222,0.220046406818557,0.649313501144165,0.5,0.79862700228833,0.708878718535469,0.257869415011453,0.642356979405034,0.66,0.624713958810069,0.681784897025172,0.245141794707124,FALSE,FALSE,FALSE,TRUE,TRUE,9,6,7,-3.29168684908942,1,0,0,0.0656292906178489,0.0586727688787185,-2.22044604925031e-16,TRUE,FALSE,TRUE,TRUE,TRUE
TITAN permutation/FDR screen,TITAN,driver_mutation,Bailey_tissue_specific_driver,UCEC,MSH6,TCGA_MC3_Bailey2018,487,50,437,20261252,0.575377574370709,0.575377574370709,0.24,0.910755148741419,0.595789473684211,0.162260732070175,0.683890160183066,0.56,0.807780320366133,0.734828375286041,0.243111773360619,0.699267734553776,0.68,0.718535469107552,0.744805491990847,0.244907159032391,FALSE,FALSE,FALSE,TRUE,TRUE,17,4,4,-2.80221032181101,0,0,0,0.108512585812357,0.123890160183066,3.33066907387547e-16,TRUE,FALSE,TRUE,TRUE,TRUE
TITAN permutation/FDR screen,TITAN,driver_mutation,Bailey_tissue_specific_driver,UCEC,PBRM1,TCGA_MC3_Bailey2018,487,43,444,20261254,0.537109784202808,0.537109784202808,0.13953488372093,0.934684684684685,0.625759480410643,0.161078202764251,0.611695998323905,0.441860465116279,0.781531531531532,0.648491514770585,0.14571194038484,0.605279698302954,0.534883720930233,0.675675675675676,0.649381940079615,0.160854699581065,FALSE,FALSE,FALSE,TRUE,TRUE,14,3,4,-2.84846161108432,0,0,0,0.0745862141210979,0.0681699141001466,-5.55111512312578e-16,FALSE,FALSE,TRUE,TRUE,TRUE
TITAN permutation/FDR screen,TITAN,driver_mutation,Bailey_tissue_specific_driver,UCEC,PDS5B,TCGA_MC3_Bailey2018,487,42,445,20261255,0.537720706260032,0.537720706260032,0.142857142857143,0.932584269662921,0.598555377207063,0.13420178945684,0.648421615837346,0.523809523809524,0.773033707865169,0.676511503477796,0.165230971895682,0.660299625468165,0.666666666666667,0.653932584269663,0.630711610486891,0.152072987267845,FALSE,FALSE,FALSE,TRUE,TRUE,5,2,2,-2.62329806077825,2,0,0,0.110700909577314,0.122578919208133,1.11022302462516e-16,FALSE,FALSE,TRUE,TRUE,TRUE
TITAN permutation/FDR screen,TITAN,driver_mutation,Bailey_tissue_specific_driver,UCEC,PPP2R1A,TCGA_MC3_Bailey2018,487,65,422,20261258,0.545497630331754,0.545497630331754,0.2,0.890995260663507,0.598760481224936,0.178750003234304,0.677324097703245,0.676923076923077,0.677725118483412,0.732519139628144,0.235814306937265,0.677907400656216,0.692307692307692,0.663507109004739,0.723295661684287,0.24675360841885,FALSE,FALSE,FALSE,TRUE,TRUE,15,1,1,-1.93868911455025,0,0,0,0.131826467371491,0.132409770324462,-4.44089209850063e-16,FALSE,FALSE,TRUE,TRUE,TRUE
TITAN permutation/FDR screen,TITAN,driver_mutation,Bailey_tissue_specific_driver,UCEC,RPL22,TCGA_MC3_Bailey2018,487,44,443,20261261,0.574056022983788,0.574056022983788,0.204545454545455,0.943566591422122,0.653191052739586,0.189442926568046,0.692822696490868,0.613636363636364,0.772009029345372,0.771034270469936,0.274159011277495,0.71683254668582,0.704545454545455,0.729119638826185,0.749589575210343,0.300483336924464,FALSE,FALSE,FALSE,TRUE,TRUE,3,2,2,-2.36457153924463,1,0,0,0.11876667350708,0.142776523702032,2.22044604925031e-16,TRUE,FALSE,TRUE,TRUE,TRUE
TITAN permutation/FDR screen,TITAN,driver_mutation,Bailey_tissue_specific_driver,UCEC,SCAF4,TCGA_MC3_Bailey2018,487,55,432,20261262,0.569907407407407,0.569907407407407,0.2,0.939814814814815,0.686910774410774,0.217519362157228,0.675,0.6,0.75,0.722138047138047,0.242635653831709,0.698947811447812,0.763636363636364,0.634259259259259,0.740361952861953,0.268816858063199,FALSE,FALSE,FALSE,TRUE,TRUE,9,2,4,-2.86245741145397,0,0,0,0.105092592592593,0.129040404040404,4.44089209850063e-16,TRUE,FALSE,TRUE,TRUE,TRUE
TITAN permutation/FDR screen,TITAN,driver_mutation,Bailey_tissue_specific_driver,UCEC,SIN3A,TCGA_MC3_Bailey2018,487,48,439,20261263,0.546720766894457,0.546720766894457,0.145833333333333,0.947608200455581,0.66581245254366,0.188471558312348,0.667520880789674,0.583333333333333,0.751708428246014,0.726793849658314,0.258308584486387,0.660853264996204,0.604166666666667,0.71753986332574,0.713790812452544,0.219327655831857,FALSE,FALSE,FALSE,TRUE,TRUE,9,1,2,-1.92882508362892,0,0,0,0.120800113895216,0.114132498101746,1.11022302462516e-16,FALSE,FALSE,TRUE,TRUE,TRUE
TITAN permutation/FDR screen,TITAN,driver_mutation,Bailey_tissue_specific_driver,UCEC,SMC1A,TCGA_MC3_Bailey2018,487,43,444,20261264,0.563743976534674,0.563743976534674,0.186046511627907,0.941441441441441,0.597003980724911,0.157738847499102,0.656688665409596,0.581395348837209,0.731981981981982,0.639325371883512,0.163125593820244,0.629294992667086,0.558139534883721,0.70045045045045,0.534255185417976,0.105951261171486,FALSE,FALSE,FALSE,TRUE,TRUE,10,1,4,-3.03902883746037,0,0,0,0.0929446888749214,0.0655510161324114,2.22044604925031e-16,TRUE,FALSE,TRUE,TRUE,TRUE
TITAN permutation/FDR screen,TITAN,driver_mutation,Bailey_tissue_specific_driver,UCEC,SOX17,TCGA_MC3_Bailey2018,487,20,467,20261266,0.536081370449679,0.536081370449679,0.1,0.972162740899358,0.591970021413276,0.131681128004781,0.618254817987152,0.35,0.886509635974304,0.679871520342612,0.202526913994075,0.578426124197002,0.75,0.406852248394004,0.622483940042827,0.148298254153411,FALSE,FALSE,FALSE,TRUE,FALSE,10,4,7,-8.51080999164045,1,0,0,0.0821734475374734,0.0423447537473234,-2.22044604925031e-16,FALSE,FALSE,TRUE,FALSE,TRUE
TITAN permutation/FDR screen,TITAN,driver_mutation,Bailey_tissue_specific_driver,UCEC,TAF1,TCGA_MC3_Bailey2018,487,81,406,20261268,0.518655354862251,0.518655354862251,0.148148148148148,0.889162561576355,0.602809706257982,0.214238530789914,0.610214072857751,0.493827160493827,0.726600985221675,0.662044639056133,0.27528865363717,0.57703886152162,0.555555555555556,0.598522167487685,0.610107644590403,0.23619619224541,FALSE,FALSE,FALSE,TRUE,FALSE,7,5,3,-1.97359413170831,1,0,0,0.0915587179954995,0.0583835066593688,4.44089209850063e-16,FALSE,FALSE,TRUE,FALSE,TRUE
TITAN permutation/FDR screen,TITAN,driver_mutation,Bailey_tissue_specific_driver,UCEC,ZFHX3,TCGA_MC3_Bailey2018,487,96,391,20261270,0.553481990622336,0.553481990622336,0.260416666666667,0.846547314578005,0.625319693094629,0.277977155260366,0.591338981244672,0.489583333333333,0.69309462915601,0.625,0.278871117943824,0.629822037510657,0.645833333333333,0.61381074168798,0.631979965899403,0.294969027861459,FALSE,FALSE,FALSE,FALSE,TRUE,10,8,5,-1.71922600370327,0,0,0,0.0378569906223358,0.0763400468883205,-1.11022302462516e-16,TRUE,FALSE,TRUE,TRUE,FALSE
TITAN permutation/FDR screen,TITAN,driver_mutation,Bailey_tissue_specific_driver,UCEC,ZMYM2,TCGA_MC3_Bailey2018,487,52,435,20261271,0.554354553492485,0.554354553492485,0.173076923076923,0.935632183908046,0.644076038903625,0.196957648675577,0.616666666666667,0.5,0.733333333333333,0.63868258178603,0.213734575805179,0.625243147656941,0.576923076923077,0.673563218390805,0.64000884173298,0.211155617453134,FALSE,FALSE,FALSE,TRUE,TRUE,10,3,3,-2.13915907010043,0,0,0,0.0623121131741822,0.0708885941644561,-4.44089209850063e-16,TRUE,FALSE,TRUE,TRUE,TRUE
TITAN permutation/FDR screen,TITAN,driver_mutation,Bailey_tissue_specific_driver,UCS,FBXW7,TCGA_MC3_Bailey2018,53,21,32,20261272,0.589285714285714,0.589285714285714,0.428571428571429,0.75,0.614583333333333,0.518056814710669,0.645089285714286,0.571428571428571,0.71875,0.614583333333333,0.518056814710669,0.598214285714286,0.571428571428571,0.625,0.614583333333333,0.518056814710669,FALSE,FALSE,FALSE,TRUE,FALSE,1,1,1,-0.320973083339799,0,0,0,0.0558035714285714,0.0089285714285714,3.33066907387547e-16,TRUE,FALSE,TRUE,FALSE,TRUE
TITAN permutation/FDR screen,TITAN,driver_mutation,Bailey_tissue_specific_driver,UVM,GNA11,TCGA_MC3_Bailey2018,80,36,44,20261273,0.63510101010101,0.63510101010101,0.611111111111111,0.659090909090909,0.644570707070707,0.606396657734315,0.623737373737374,0.611111111111111,0.636363636363636,0.644570707070707,0.606396657734315,0.582070707070707,0.527777777777778,0.636363636363636,0.633207070707071,0.591782413127625,TRUE,TRUE,TRUE,TRUE,FALSE,14,14,8,1.0834341383678,0,0,0,-0.0113636363636365,-0.0530303030303031,1.11022302462516e-16,TRUE,TRUE,TRUE,TRUE,FALSE
TITAN permutation/FDR screen,TITAN,fusion,fusion,BLCA,Any called fusion,Gao2018_TableS1,381,288,93,20261008,0.561155913978495,0.561155913978495,0.875,0.247311827956989,0.594907407407407,0.801347886887239,0.627128136200717,0.673611111111111,0.580645161290323,0.689068100358423,0.866805341152417,0.625392025089606,0.670138888888889,0.580645161290323,0.620893070489845,0.815542110599416,FALSE,FALSE,FALSE,TRUE,TRUE,3,2,2,1.23319615523818,0,0,0,0.0659722222222222,0.0642361111111111,-3.33066907387547e-16,TRUE,FALSE,TRUE,TRUE,TRUE
TITAN permutation/FDR screen,TITAN,fusion,fusion,BRCA,Any called fusion,Gao2018_TableS1,1051,832,219,20261016,0.566912539515279,0.566912539515279,0.846153846153846,0.287671232876712,0.669311995082543,0.884071169447589,0.684165898314015,0.628605769230769,0.73972602739726,0.74058768001405,0.908514009481445,0.683567680892167,0.650240384615385,0.71689497716895,0.738364945556726,0.906445114990553,FALSE,FALSE,FALSE,TRUE,TRUE,17,2,2,1.25634545844867,0,0,0,0.117253358798736,0.116655141376888,2.22044604925031e-16,TRUE,FALSE,TRUE,TRUE,TRUE
TITAN permutation/FDR screen,TITAN,fusion,fusion,KIRP,Any called fusion,Gao2018_TableS1,265,62,203,20261012,0.5403623073256,0.5403623073256,0.258064516129032,0.822660098522167,0.561020181153663,0.321089110571419,0.633799459717146,0.548387096774194,0.719211822660099,0.676545367869061,0.400882151517529,0.595542666454791,0.693548387096774,0.497536945812808,0.616796440489433,0.336627647559734,FALSE,FALSE,FALSE,TRUE,FALSE,11,2,1,-1.936152942262,0,0,0,0.0934371523915462,0.0551803591291912,-1.11022302462516e-16,FALSE,FALSE,TRUE,FALSE,TRUE
TITAN permutation/FDR screen,TITAN,fusion,fusion,LIHC,Any called fusion,Gao2018_TableS1,357,214,143,20261013,0.580043787987713,0.580043787987713,0.677570093457944,0.482517482517483,0.629435984576172,0.686687860480508,0.584618652375662,0.602803738317757,0.566433566433567,0.640186915887851,0.692654823978607,0.602150186262336,0.644859813084112,0.55944055944056,0.63401084896412,0.691491368153175,FALSE,FALSE,FALSE,FALSE,TRUE,5,5,4,0.341839738078569,0,0,0,0.00457486438794863,0.0221063982746226,1.11022302462516e-16,TRUE,FALSE,TRUE,TRUE,FALSE
TITAN permutation/FDR screen,TITAN,fusion,fusion,LUAD,Any called fusion,Gao2018_TableS1,461,367,94,20261004,0.536900689895066,0.536900689895066,0.861035422343324,0.212765957446809,0.564293582236651,0.84083198615465,0.625297118673546,0.580381471389646,0.670212765957447,0.648240477708853,0.87178856794593,0.610310742651748,0.550408719346049,0.670212765957447,0.619427213171778,0.85722951483989,FALSE,FALSE,FALSE,TRUE,TRUE,11,1,1,1.2801321384061,1,0,0,0.08839642877848,0.0734100527566817,3.33066907387547e-16,FALSE,FALSE,TRUE,TRUE,TRUE
TITAN permutation/FDR screen,TITAN,fusion,fusion,PRAD,Any called fusion,Gao2018_TableS1,400,345,55,20261006,0.5133069828722,0.5133069828722,0.881159420289855,0.145454545454545,0.56068511198946,0.882610378895167,0.61897233201581,0.565217391304348,0.672727272727273,0.623662714097497,0.886750097896829,0.626086956521739,0.652173913043478,0.6,0.623662714097497,0.886750097896829,FALSE,FALSE,FALSE,TRUE,TRUE,14,1,1,1.6553751386952,0,0,0,0.10566534914361,0.112779973649539,2.22044604925031e-16,FALSE,FALSE,TRUE,TRUE,TRUE
TITAN permutation/FDR screen,TITAN,oncogenic_pathway,oncogenic_pathway,BRCA,MYC,SanchezVega2018_TableS4,942,200,742,20260881,0.550026954177898,0.550026954177898,0.22,0.880053908355795,0.611954177897574,0.307228077047997,0.620296495956873,0.56,0.680592991913747,0.660680592991914,0.333068068191914,0.592452830188679,0.6,0.584905660377359,0.643975741239892,0.300721127400494,FALSE,FALSE,FALSE,TRUE,FALSE,11,1,1,-1.45386238363234,0,0,0,0.0702695417789758,0.0424258760107817,-5.55111512312578e-16,TRUE,FALSE,TRUE,FALSE,TRUE
TITAN permutation/FDR screen,TITAN,oncogenic_pathway,oncogenic_pathway,BRCA,RTK RAS,SanchezVega2018_TableS4,942,372,570,20260945,0.579513299377476,0.579513299377476,0.387096774193548,0.771929824561403,0.608734201094133,0.486034332361162,0.611205432937182,0.564516129032258,0.657894736842105,0.626348802112809,0.501117814716512,0.614105829088851,0.631720430107527,0.596491228070175,0.632890020750802,0.496370971622105,FALSE,FALSE,FALSE,TRUE,TRUE,4,1,1,-0.535844599174749,0,0,0,0.0316921335597058,0.0345925297113753,-1.11022302462516e-16,TRUE,FALSE,TRUE,TRUE,TRUE
TITAN permutation/FDR screen,TITAN,oncogenic_pathway,oncogenic_pathway,BRCA,WNT,SanchezVega2018_TableS4,942,163,779,20260996,0.532399568425778,0.532399568425778,0.153374233128834,0.911424903722721,0.62012017924506,0.257773782017011,0.634016396670263,0.588957055214724,0.679075738125802,0.662931082006978,0.288380559116978,0.604574056718933,0.668711656441718,0.540436456996149,0.652748135489104,0.281956611292979,FALSE,FALSE,FALSE,TRUE,TRUE,14,2,4,-1.95420596672793,0,0,0,0.101616828244485,0.0721744882931555,-1.11022302462516e-16,FALSE,FALSE,TRUE,TRUE,TRUE
TITAN permutation/FDR screen,TITAN,oncogenic_pathway,oncogenic_pathway,CESC,Cell Cycle,SanchezVega2018_TableS4,236,47,189,20260846,0.51091973432399,0.51091973432399,0.127659574468085,0.894179894179894,0.544973544973545,0.233861844132653,0.633907463694698,0.617021276595745,0.650793650793651,0.627378138016436,0.291299011368509,0.620623663176855,0.595744680851064,0.645502645502646,0.617246425757064,0.295909740730504,FALSE,FALSE,FALSE,TRUE,TRUE,3,1,1,-1.43737444988374,0,0,0,0.122987729370708,0.109703928852865,-3.33066907387547e-16,FALSE,FALSE,TRUE,TRUE,TRUE
TITAN permutation/FDR screen,TITAN,oncogenic_pathway,oncogenic_pathway,CESC,TP53,SanchezVega2018_TableS4,238,33,205,20260963,0.595417590539542,0.595417590539542,0.303030303030303,0.887804878048781,0.63739837398374,0.260204782477837,0.612121212121212,0.424242424242424,0.8,0.632668144863267,0.241481875068817,0.599039172209904,0.515151515151515,0.682926829268293,0.64050258684405,0.257839652430331,FALSE,FALSE,FALSE,TRUE,FALSE,15,4,9,-3.25660038856666,0,1,2,0.0167036215816704,0.0036215816703622,-2.22044604925031e-16,TRUE,FALSE,TRUE,FALSE,TRUE
TITAN permutation/FDR screen,TITAN,oncogenic_pathway,oncogenic_pathway,COAD,Cell Cycle,SanchezVega2018_TableS4,253,147,106,20260850,0.531992042099859,0.531992042099859,0.639455782312925,0.424528301886792,0.601591580028238,0.670199968673523,0.60723912206392,0.591836734693878,0.622641509433962,0.639070722628674,0.687053992504297,0.572904633551534,0.598639455782313,0.547169811320755,0.623732511872674,0.690458867341163,FALSE,FALSE,FALSE,TRUE,FALSE,3,3,2,0.38299663232488,0,0,0,0.0752470799640611,0.0409125914516749,-1.11022302462516e-16,FALSE,FALSE,TRUE,FALSE,TRUE
TITAN permutation/FDR screen,TITAN,oncogenic_pathway,oncogenic_pathway,COAD,HIPPO,SanchezVega2018_TableS4,323,63,260,20260869,0.544047619047619,0.544047619047619,0.238095238095238,0.85,0.614957264957265,0.308283129410476,0.561385836385836,0.365079365079365,0.757692307692308,0.61990231990232,0.291916632896203,0.613583638583639,0.507936507936508,0.719230769230769,0.638522588522589,0.318239285671246,FALSE,FALSE,FALSE,FALSE,TRUE,7,8,4,-1.62996416630931,0,0,0,0.0173382173382174,0.0695360195360196,0,FALSE,FALSE,TRUE,TRUE,FALSE
TITAN permutation/FDR screen,TITAN,oncogenic_pathway,oncogenic_pathway,COAD,NOTCH,SanchezVega2018_TableS4,323,107,216,20260898,0.568470924195223,0.568470924195223,0.289719626168224,0.847222222222222,0.585064035998616,0.407667979896826,0.620305469020422,0.485981308411215,0.75462962962963,0.62984596746279,0.463133484785766,0.570115091727241,0.644859813084112,0.49537037037037,0.603106611284181,0.443654732824164,FALSE,FALSE,FALSE,TRUE,FALSE,3,3,3,-1.35022084239831,0,0,0,0.051834544825199,0.00164416753201802,2.22044604925031e-16,TRUE,FALSE,TRUE,FALSE,TRUE
TITAN permutation/FDR screen,TITAN,oncogenic_pathway,oncogenic_pathway,COAD,PI3K,SanchezVega2018_TableS4,323,148,175,20260926,0.594169884169884,0.594169884169884,0.554054054054054,0.634285714285714,0.650965250965251,0.575276595040916,0.609517374517375,0.641891891891892,0.577142857142857,0.654980694980695,0.57736220330425,0.600424710424711,0.635135135135135,0.565714285714286,0.650540540540541,0.576430522151884,FALSE,FALSE,FALSE,TRUE,TRUE,4,4,2,-0.170994189641667,0,0,0,0.0153474903474904,0.00625482625482632,1.11022302462516e-16,TRUE,FALSE,TRUE,TRUE,TRUE
TITAN permutation/FDR screen,TITAN,oncogenic_pathway,oncogenic_pathway,COAD,RTK RAS,SanchezVega2018_TableS4,323,242,81,20260946,0.594276094276094,0.594276094276094,0.818181818181818,0.37037037037037,0.657790021426385,0.843664355536989,0.674191409039894,0.65702479338843,0.691358024691358,0.72482399755127,0.87630435019474,0.669957147229875,0.599173553719008,0.740740740740741,0.714518926640139,0.866733385822037,FALSE,FALSE,FALSE,TRUE,TRUE,6,2,2,1.36515172852102,0,0,0,0.0799153147637997,0.0756810529537801,3.33066907387547e-16,TRUE,FALSE,TRUE,TRUE,TRUE
TITAN permutation/FDR screen,TITAN,oncogenic_pathway,oncogenic_pathway,COAD,TGF-Beta,SanchezVega2018_TableS4,323,100,223,20260981,0.579282511210762,0.579282511210762,0.32,0.838565022421525,0.636322869955157,0.437984580956025,0.616322869955157,0.56,0.672645739910314,0.663856502242152,0.438001792030972,0.625627802690583,0.61,0.641255605381166,0.681031390134529,0.450407140052979,FALSE,FALSE,FALSE,TRUE,TRUE,6,2,2,-0.965316653663758,0,0,0,0.0370403587443947,0.0463452914798206,3.33066907387547e-16,TRUE,FALSE,TRUE,TRUE,TRUE
TITAN permutation/FDR screen,TITAN,oncogenic_pathway,oncogenic_pathway,ESCA,NRF2,SanchezVega2018_TableS4,143,22,121,20260909,0.559917355371901,0.559917355371901,0.227272727272727,0.892561983471074,0.635987978963186,0.243077691631107,0.628099173553719,0.454545454545455,0.801652892561983,0.658903080390684,0.241597009791001,0.669421487603306,0.727272727272727,0.611570247933884,0.717881292261458,0.330235254999083,FALSE,FALSE,FALSE,TRUE,TRUE,12,3,4,-3.35774793788813,1,0,0,0.0681818181818182,0.109504132231405,-2.22044604925031e-16,TRUE,FALSE,TRUE,TRUE,TRUE
TITAN permutation/FDR screen,TITAN,oncogenic_pathway,oncogenic_pathway,ESCA,WNT,SanchezVega2018_TableS4,143,29,114,20260991,0.60632183908046,0.60632183908046,0.379310344827586,0.833333333333333,0.639140955837871,0.29485738200546,0.587568058076225,0.517241379310345,0.657894736842105,0.638838475499093,0.290030886516028,0.643375680580762,0.655172413793103,0.631578947368421,0.657289776164549,0.305893573026016,TRUE,FALSE,TRUE,FALSE,TRUE,3,1,1,-0.84230743405185,0,0,0,-0.0187537810042347,0.0370538415003024,-2.22044604925031e-16,TRUE,TRUE,TRUE,FALSE,TRUE
TITAN permutation/FDR screen,TITAN,oncogenic_pathway,oncogenic_pathway,HNSC,Cell Cycle,SanchezVega2018_TableS4,412,332,80,20260854,0.566942771084337,0.566942771084337,0.846385542168675,0.2875,0.608847891566265,0.841360942749531,0.6125,0.75,0.475,0.64273343373494,0.871010136221402,0.599021084337349,0.635542168674699,0.5625,0.626995481927711,0.85305524428294,FALSE,FALSE,FALSE,TRUE,FALSE,11,10,11,2.15420953871109,0,0,0,0.0455572289156627,0.032078313253012,3.33066907387547e-16,TRUE,FALSE,TRUE,FALSE,TRUE
TITAN permutation/FDR screen,TITAN,oncogenic_pathway,oncogenic_pathway,HNSC,NRF2,SanchezVega2018_TableS4,412,50,362,20260912,0.545469613259669,0.545469613259669,0.16,0.930939226519337,0.591712707182321,0.227340092418579,0.636022099447514,0.54,0.732044198895028,0.635138121546961,0.226176070164622,0.561160220994475,0.44,0.68232044198895,0.60585635359116,0.183042067690871,FALSE,FALSE,FALSE,TRUE,FALSE,5,2,1,-1.80558284414536,0,0,0,0.0905524861878453,0.0156906077348066,-4.44089209850063e-16,FALSE,FALSE,TRUE,FALSE,TRUE
TITAN permutation/FDR screen,TITAN,oncogenic_pathway,oncogenic_pathway,HNSC,PI3K,SanchezVega2018_TableS4,412,170,242,20260930,0.595187165775401,0.595187165775401,0.417647058823529,0.772727272727273,0.631380651434127,0.533421484329234,0.611667476908119,0.611764705882353,0.611570247933884,0.631380651434127,0.533421484329234,0.618813806514341,0.576470588235294,0.661157024793388,0.631380651434127,0.533421484329234,FALSE,FALSE,FALSE,TRUE,TRUE,1,1,1,-0.291068595557895,0,0,0,0.0164803111327175,0.0236266407389402,1.11022302462516e-16,TRUE,FALSE,TRUE,TRUE,TRUE
TITAN permutation/FDR screen,TITAN,oncogenic_pathway,oncogenic_pathway,KIRC,PI3K,SanchezVega2018_TableS4,336,55,281,20260928,0.496214817211259,0.496214817211259,0.145454545454545,0.846975088967972,0.525137495956001,0.175095120973088,0.628405046910385,0.527272727272727,0.729537366548043,0.685797476544808,0.28491332485749,0.653283726949207,0.690909090909091,0.615658362989324,0.685797476544808,0.28491332485749,FALSE,FALSE,FALSE,TRUE,TRUE,14,1,1,-1.92256953243757,0,0,0,0.132190229699127,0.157068909737949,-4.9960036108132e-16,FALSE,FALSE,TRUE,TRUE,TRUE
TITAN permutation/FDR screen,TITAN,oncogenic_pathway,oncogenic_pathway,KIRC,WNT,SanchezVega2018_TableS4,336,23,313,20260999,0.577371857202389,0.577371857202389,0.173913043478261,0.980830670926517,0.60702875399361,0.187737128916037,0.61355743853313,0.434782608695652,0.792332268370607,0.633421308515072,0.182792868536122,0.599527712182248,0.521739130434783,0.677316293929713,0.582025281289068,0.150175913359623,FALSE,FALSE,FALSE,TRUE,FALSE,5,1,1,-3.32187993461423,0,0,0,0.0361855813307405,0.0221558549798584,1.11022302462516e-16,TRUE,FALSE,TRUE,FALSE,TRUE
TITAN permutation/FDR screen,TITAN,oncogenic_pathway,oncogenic_pathway,LGG,PI3K,SanchezVega2018_TableS4,481,113,368,20260932,0.564423816852636,0.564423816852636,0.221238938053097,0.907608695652174,0.574283378222393,0.340116437922704,0.60042323970758,0.548672566371681,0.652173913043478,0.636879569065025,0.40054102781032,0.613072335513659,0.628318584070796,0.597826086956522,0.636879569065025,0.40054102781032,FALSE,FALSE,FALSE,TRUE,TRUE,3,1,1,-1.36602990760907,0,0,0,0.0359994228549442,0.0486485186610235,-3.33066907387547e-16,TRUE,FALSE,TRUE,TRUE,TRUE
TITAN permutation/FDR screen,TITAN,oncogenic_pathway,oncogenic_pathway,LIHC,WNT,SanchezVega2018_TableS4,337,147,190,20260993,0.634622269960616,0.634622269960616,0.585034013605442,0.68421052631579,0.645255997135696,0.551097103113224,0.604135338345865,0.571428571428571,0.636842105263158,0.632295023272467,0.563283113967076,0.578392409595417,0.646258503401361,0.510526315789474,0.636698890082349,0.546751811649681,TRUE,TRUE,TRUE,TRUE,FALSE,3,5,5,-0.430174106080237,1,0,0,-0.0304869316147512,-0.0562298603651987,-1.11022302462516e-16,TRUE,TRUE,TRUE,TRUE,FALSE
TITAN permutation/FDR screen,TITAN,oncogenic_pathway,oncogenic_pathway,LUAD,TGF-Beta,SanchezVega2018_TableS4,451,45,406,20260971,0.495128626163109,0.495128626163109,0.0444444444444444,0.945812807881773,0.518281335522715,0.106825420585904,0.580760810071155,0.577777777777778,0.583743842364532,0.592063492063492,0.12463739402217,0.633908045977011,0.733333333333333,0.53448275862069,0.621291735084839,0.132639790183066,FALSE,FALSE,FALSE,FALSE,TRUE,11,1,1,-2.35789148137101,0,0,0,0.085632183908046,0.138779419813903,-5.55111512312578e-17,FALSE,FALSE,TRUE,TRUE,FALSE
TITAN permutation/FDR screen,TITAN,oncogenic_pathway,oncogenic_pathway,PRAD,TP53,SanchezVega2018_TableS4,389,81,308,20260958,0.58970658970659,0.58970658970659,0.296296296296296,0.883116883116883,0.626503126503127,0.323957923860625,0.61185265351932,0.506172839506173,0.717532467532468,0.606902356902357,0.291150195254555,0.596300304633638,0.604938271604938,0.587662337662338,0.634038800705467,0.316813814483216,FALSE,FALSE,FALSE,TRUE,FALSE,16,1,2,-1.73296675309907,1,0,0,0.0221460638127307,0.0065937149270483,-3.33066907387547e-16,TRUE,FALSE,TRUE,FALSE,TRUE
TITAN permutation/FDR screen,TITAN,oncogenic_pathway,oncogenic_pathway,READ,NOTCH,SanchezVega2018_TableS4,107,28,79,20260902,0.579566003616637,0.579566003616637,0.285714285714286,0.873417721518987,0.654159132007233,0.445207372411274,0.670660036166365,0.607142857142857,0.734177215189873,0.667721518987342,0.4040113740425,0.525542495479204,0.392857142857143,0.658227848101266,0.537070524412297,0.300467902949897,FALSE,FALSE,FALSE,TRUE,FALSE,1,2,3,-1.1597382047604,0,0,0,0.0910940325497287,-0.0540235081374323,-4.44089209850063e-16,TRUE,FALSE,TRUE,FALSE,TRUE
TITAN permutation/FDR screen,TITAN,oncogenic_pathway,oncogenic_pathway,READ,PI3K,SanchezVega2018_TableS4,107,25,82,20260931,0.560731707317073,0.560731707317073,0.28,0.841463414634146,0.630731707317073,0.420064935634847,0.607560975609756,0.52,0.695121951219512,0.628780487804878,0.431302931375059,0.558780487804878,0.52,0.597560975609756,0.63609756097561,0.436047161806911,FALSE,FALSE,FALSE,TRUE,FALSE,8,2,8,-5.91954656914415,0,0,0,0.0468292682926829,-0.00195121951219512,2.22044604925031e-16,TRUE,FALSE,TRUE,FALSE,TRUE
TITAN permutation/FDR screen,TITAN,oncogenic_pathway,oncogenic_pathway,READ,TGF-Beta,SanchezVega2018_TableS4,107,27,80,20260984,0.52337962962963,0.52337962962963,0.259259259259259,0.7875,0.547222222222222,0.298431337613176,0.603472222222222,0.444444444444444,0.7625,0.605555555555556,0.336563944244206,0.602777777777778,0.555555555555556,0.65,0.588425925925926,0.298059352465959,FALSE,FALSE,FALSE,TRUE,TRUE,6,3,2,-1.65283963539997,0,0,0,0.0800925925925926,0.0793981481481483,-4.44089209850063e-16,FALSE,FALSE,TRUE,TRUE,TRUE
TITAN permutation/FDR screen,TITAN,oncogenic_pathway,oncogenic_pathway,SARC,Cell Cycle,SanchezVega2018_TableS4,222,145,77,20260847,0.596641289744738,0.596641289744738,0.751724137931034,0.441558441558442,0.645588893864756,0.763358180394246,0.652261531571876,0.655172413793103,0.649350649350649,0.668786386027765,0.773927505008794,0.635423197492163,0.63448275862069,0.636363636363636,0.668786386027765,0.773927505008794,FALSE,FALSE,FALSE,TRUE,TRUE,4,1,1,0.583559151226083,0,0,0,0.0556202418271384,0.0387819077474251,0,TRUE,FALSE,TRUE,TRUE,TRUE
TITAN permutation/FDR screen,TITAN,oncogenic_pathway,oncogenic_pathway,SARC,HIPPO,SanchezVega2018_TableS4,222,25,197,20260866,0.461624365482234,0.461624365482234,0.04,0.883248730964467,0.511675126903553,0.11463879257963,0.604568527918782,0.6,0.609137055837564,0.65258883248731,0.171758516018845,0.621725888324873,0.68,0.563451776649746,0.65258883248731,0.171758516018845,FALSE,FALSE,FALSE,TRUE,TRUE,19,1,1,-2.2739441975016,0,0,0,0.142944162436548,0.16010152284264,-4.9960036108132e-16,FALSE,FALSE,TRUE,TRUE,TRUE
TITAN permutation/FDR screen,TITAN,oncogenic_pathway,oncogenic_pathway,SARC,NOTCH,SanchezVega2018_TableS4,222,48,174,20260896,0.463002873563219,0.463002873563219,0.104166666666667,0.82183908045977,0.466714559386973,0.211459184267864,0.603807471264368,0.604166666666667,0.603448275862069,0.61147030651341,0.291455365739976,0.54382183908046,0.541666666666667,0.545977011494253,0.570522030651341,0.289223294547014,FALSE,FALSE,FALSE,TRUE,FALSE,7,1,1,-1.447998690531,0,0,0,0.140804597701149,0.0808189655172413,-5.55111512312578e-16,FALSE,FALSE,TRUE,FALSE,TRUE
TITAN permutation/FDR screen,TITAN,oncogenic_pathway,oncogenic_pathway,SARC,TP53,SanchezVega2018_TableS4,222,146,76,20260964,0.652577505407354,0.652577505407354,0.897260273972603,0.407894736842105,0.65465032444124,0.748593800595822,0.583273251622206,0.719178082191781,0.447368421052632,0.59922494592646,0.709316850150978,0.591654650324441,0.643835616438356,0.539473684210526,0.598503965392934,0.700545976974077,TRUE,TRUE,TRUE,FALSE,FALSE,1,2,2,0.907457947406202,0,0,0,-0.0693042537851478,-0.0609228550829127,0,FALSE,TRUE,TRUE,TRUE,TRUE
TITAN permutation/FDR screen,TITAN,oncogenic_pathway,oncogenic_pathway,STAD,Cell Cycle,SanchezVega2018_TableS4,317,220,97,20260851,0.597211808809747,0.597211808809747,0.895454545454546,0.298969072164948,0.609278350515464,0.726772359351959,0.616986879100281,0.677272727272727,0.556701030927835,0.612933458294283,0.756884259508096,0.624531396438613,0.795454545454545,0.45360824742268,0.608200562324274,0.712354181728868,FALSE,FALSE,FALSE,TRUE,TRUE,1,1,1,0.437484087286117,0,0,0,0.0197750702905342,0.0273195876288659,0,TRUE,FALSE,TRUE,TRUE,TRUE
TITAN permutation/FDR screen,TITAN,oncogenic_pathway,oncogenic_pathway,STAD,TGF-Beta,SanchezVega2018_TableS4,327,90,237,20260982,0.567721518987342,0.567721518987342,0.3,0.835443037974684,0.607782466010314,0.38218868966475,0.631223628691983,0.6,0.662447257383966,0.689545241443976,0.451184576522847,0.613150492264416,0.677777777777778,0.548523206751055,0.677824660103141,0.4353403574648,FALSE,FALSE,FALSE,TRUE,TRUE,4,2,2,-1.27414199335556,0,0,0,0.0635021097046413,0.0454289732770745,-2.22044604925031e-16,TRUE,FALSE,TRUE,TRUE,TRUE
TITAN permutation/FDR screen,TITAN,oncogenic_pathway,oncogenic_pathway,STAD,WNT,SanchezVega2018_TableS4,327,120,207,20260998,0.58756038647343,0.58756038647343,0.416666666666667,0.758454106280193,0.661674718196457,0.507507293636331,0.652838164251208,0.658333333333333,0.647342995169082,0.69963768115942,0.551378075478808,0.671014492753623,0.733333333333333,0.608695652173913,0.692552334943639,0.548316348836994,FALSE,FALSE,FALSE,TRUE,TRUE,3,2,2,-0.628870301817235,0,0,0,0.0652777777777778,0.0834541062801932,0,TRUE,FALSE,TRUE,TRUE,TRUE
TITAN permutation/FDR screen,TITAN,oncogenic_pathway,oncogenic_pathway,UCEC,HIPPO,SanchezVega2018_TableS4,468,132,336,20260860,0.569669913419913,0.569669913419913,0.303030303030303,0.836309523809524,0.620761183261183,0.368410906559432,0.617830086580087,0.53030303030303,0.705357142857143,0.643556096681097,0.423544319168157,0.597402597402597,0.492424242424242,0.702380952380952,0.637829184704185,0.388691517098301,FALSE,FALSE,FALSE,TRUE,FALSE,5,2,3,-0.828547609749145,1,0,0,0.0481601731601731,0.0277326839826839,4.44089209850063e-16,TRUE,FALSE,TRUE,FALSE,TRUE
TITAN permutation/FDR screen,TITAN,oncogenic_pathway,oncogenic_pathway,UCEC,NOTCH,SanchezVega2018_TableS4,468,183,285,20260889,0.589732528041415,0.589732528041415,0.442622950819672,0.736842105263158,0.619173617102867,0.496107360964634,0.610267471958585,0.557377049180328,0.663157894736842,0.625922730323075,0.512374446875529,0.591601955708945,0.639344262295082,0.543859649122807,0.633534656312913,0.5010453696246,FALSE,FALSE,FALSE,TRUE,FALSE,9,3,4,-0.886910725654374,0,0,0,0.02053494391717,0.00186942766752951,0,TRUE,FALSE,TRUE,FALSE,TRUE
TITAN permutation/FDR screen,TITAN,oncogenic_pathway,oncogenic_pathway,UCEC,PI3K,SanchezVega2018_TableS4,468,437,31,20260917,0.563482689894442,0.563482689894442,0.965675057208238,0.161290322580645,0.677493171919982,0.96290725645439,0.616298811544992,0.68421052631579,0.548387096774194,0.595187126301026,0.944793959560162,0.620986196205802,0.661327231121281,0.580645161290323,0.619472946039714,0.954392614132614,FALSE,FALSE,FALSE,TRUE,TRUE,10,1,3,3.43456867633929,0,0,0,0.0528161216505498,0.0575035063113605,-3.33066907387547e-16,TRUE,FALSE,TRUE,TRUE,TRUE
TITAN permutation/FDR screen,TITAN,oncogenic_pathway,oncogenic_pathway,UCEC,TGF-Beta,SanchezVega2018_TableS4,468,63,405,20260974,0.545326278659612,0.545326278659612,0.174603174603175,0.916049382716049,0.604624730550657,0.199736327574745,0.582186948853616,0.428571428571429,0.735802469135803,0.587811091514795,0.198393461624956,0.607936507936508,0.571428571428571,0.644444444444445,0.608504801097394,0.202297458973857,FALSE,FALSE,FALSE,FALSE,TRUE,10,4,4,-2.64013303058415,0,0,0,0.0368606701940035,0.062610229276896,0,FALSE,FALSE,TRUE,TRUE,FALSE
TITAN permutation/FDR screen,TITAN,oncogenic_pathway,oncogenic_pathway,UCS,RTK RAS,SanchezVega2018_TableS4,52,32,20,20260953,0.575,0.575,0.75,0.4,0.596875,0.713145204032965,0.6,0.75,0.45,0.5984375,0.714809857654063,0.621875,0.59375,0.65,0.65625,0.769034792379244,FALSE,FALSE,FALSE,TRUE,TRUE,5,5,3,0.897787334024014,0,0,0,0.025,0.046875,0,TRUE,FALSE,TRUE,TRUE,TRUE
matched three-representation atlas,GigaSSL,aneuploidy,aneuploidy,CESC,Genome doubling,Taylor2018_TableS2,258,84,174,20260818,0.642651888341544,0.59072249589491,0.428571428571429,0.752873563218391,0.661261631089217,0.448239604538933,0.589901477832512,0.547619047619048,0.632183908045977,0.646688560481664,0.454437187215016,0.624178981937603,0.702380952380952,0.545977011494253,0.65736179529283,0.461233720655149,TRUE,,FALSE,FALSE,TRUE,4,4,4,-0.867439556208065,0,0,0,-0.000821018062397316,0.033456486042693,-0.0519293924466343,TRUE,FALSE,TRUE,TRUE,FALSE
matched three-representation atlas,GigaSSL,aneuploidy,aneuploidy,KIRC,Genome doubling,Taylor2018_TableS2,461,89,372,20260823,0.624093874592244,0.545396882928597,0.235955056179775,0.854838709677419,0.63289839313761,0.275630269392947,0.63560166727075,0.617977528089888,0.653225806451613,0.652833152108252,0.274086097738,0.64205025975595,0.730337078651685,0.553763440860215,0.657726229310137,0.28676301106621,TRUE,,FALSE,TRUE,TRUE,12,1,1,-1.86189728818173,0,0,0,0.090204784342153,0.0966533768273529,-0.0786969916636466,TRUE,FALSE,TRUE,TRUE,TRUE
matched three-representation atlas,GigaSSL,aneuploidy,aneuploidy,LIHC,Genome doubling,Taylor2018_TableS2,346,115,231,20260825,0.624562394127612,0.606964050442311,0.417391304347826,0.796536796536797,0.69922830792396,0.545143113381481,0.585469602860907,0.486956521739131,0.683982683982684,0.636024844720497,0.491836149621358,0.615904385469603,0.547826086956522,0.683982683982684,0.668774703557312,0.507240077154549,TRUE,,TRUE,FALSE,TRUE,5,5,4,-0.899358911102297,0,0,0,-0.0214944475814041,0.00894033502729164,-0.0175983436853008,TRUE,TRUE,TRUE,FALSE,TRUE
matched three-representation atlas,GigaSSL,aneuploidy,aneuploidy,PAAD,Genome doubling,Taylor2018_TableS2,163,40,123,20260829,0.61890243902439,0.60619918699187,0.375,0.83739837398374,0.632317073170732,0.360500863083792,0.541158536585366,0.375,0.707317073170732,0.576829268292683,0.303489104622297,0.606707317073171,0.75,0.463414634146342,0.645121951219512,0.36665933447989,TRUE,,TRUE,FALSE,TRUE,6,7,8,-3.81096784003701,0,0,0,-0.0650406504065041,0.000508130081300795,-0.0127032520325201,TRUE,TRUE,TRUE,FALSE,TRUE
matched three-representation atlas,GigaSSL,aneuploidy,aneuploidy,PCPG,Genome doubling,Taylor2018_TableS2,157,24,133,20260830,0.56437969924812,0.50062656641604,0.166666666666667,0.834586466165414,0.636591478696742,0.216997377079176,0.599624060150376,0.5,0.699248120300752,0.630012531328321,0.208092527200956,0.645676691729323,0.75,0.541353383458647,0.600563909774436,0.195014977557379,FALSE,,FALSE,FALSE,TRUE,6,1,4,-2.10680791378616,1,0,0,0.0989974937343359,0.145050125313283,-0.06375313283208,TRUE,FALSE,TRUE,TRUE,FALSE
matched three-representation atlas,GigaSSL,aneuploidy,aneuploidy,PRAD,Genome doubling,Taylor2018_TableS2,352,28,324,20260831,0.65652557319224,0.567680776014109,0.178571428571429,0.95679012345679,0.646715167548501,0.174919462629832,0.613095238095238,0.392857142857143,0.833333333333333,0.703593474426808,0.239090266187871,0.606481481481481,0.5,0.712962962962963,0.653549382716049,0.210454459810967,TRUE,,FALSE,TRUE,TRUE,6,6,6,-2.80855380512221,0,0,0,0.0454144620811288,0.038800705467372,-0.0888447971781307,FALSE,FALSE,TRUE,TRUE,TRUE
matched three-representation atlas,GigaSSL,driver_mutation,Bailey_tissue_specific_driver,BLCA,ATM,TCGA_MC3_Bailey2018,384,53,331,20260839,0.617539759448213,0.501083053069601,0.132075471698113,0.870090634441088,0.602291512284102,0.183391750201974,0.528957418913527,0.320754716981132,0.737160120845921,0.590035911759676,0.167143922404946,0.611126945220316,0.735849056603774,0.486404833836858,0.583138573790116,0.16643037984999,TRUE,,FALSE,FALSE,TRUE,8,7,8,-3.63293220819042,0,0,0,0.0278743658439263,0.110043892150715,-0.116456706378613,TRUE,FALSE,TRUE,TRUE,FALSE
matched three-representation atlas,GigaSSL,driver_mutation,Bailey_tissue_specific_driver,BLCA,NFE2L2,TCGA_MC3_Bailey2018,384,24,360,20260856,0.555555555555556,0.545833333333333,0.125,0.966666666666667,0.604050925925926,0.144238816131619,0.608333333333333,0.333333333333333,0.883333333333333,0.597916666666667,0.165222537481065,0.543055555555556,0.541666666666667,0.544444444444444,0.541203703703704,0.137953837239772,FALSE,,FALSE,TRUE,FALSE,19,17,9,-10.0270554789276,0,0,0,0.0624999999999999,-0.00277777777777788,-0.00972222222222263,TRUE,FALSE,TRUE,FALSE,TRUE
matched three-representation atlas,GigaSSL,driver_mutation,Bailey_tissue_specific_driver,BLCA,TSC1,TCGA_MC3_Bailey2018,384,34,350,20260865,0.522100840336135,0.483697478991597,0.0588235294117647,0.908571428571429,0.46672268907563,0.116688643334959,0.6,0.5,0.7,0.576806722689076,0.114496361555728,0.51327731092437,0.529411764705882,0.497142857142857,0.538571428571429,0.144021548547776,FALSE,,FALSE,TRUE,FALSE,12,1,4,-3.14365064847393,1,0,0,0.116302521008403,0.0295798319327731,-0.0384033613445384,FALSE,FALSE,TRUE,FALSE,TRUE
matched three-representation atlas,GigaSSL,driver_mutation,Bailey_tissue_specific_driver,CESC,EP300,TCGA_MC3_Bailey2018,251,30,221,20260867,0.578280542986425,0.488914027149321,0.1,0.877828054298643,0.488235294117647,0.125961609166296,0.656033182503771,0.633333333333333,0.678733031674208,0.66395173453997,0.208204191940144,0.588763197586727,0.566666666666667,0.610859728506787,0.60422322775264,0.200096092997394,FALSE,,FALSE,TRUE,FALSE,13,1,1,-2.15907125538378,0,0,0,0.167119155354449,0.0998491704374057,-0.0893665158371037,TRUE,FALSE,TRUE,FALSE,TRUE
matched three-representation atlas,GigaSSL,driver_mutation,Bailey_tissue_specific_driver,COAD,ACVR2A,TCGA_MC3_Bailey2018,382,21,361,20260873,0.639163698720485,0.504418942092072,0.0476190476190476,0.961218836565097,0.639757287956734,0.100203382990525,0.604867431737238,0.428571428571429,0.781163434903047,0.638438200765071,0.100281742881502,0.580464318691466,0.523809523809524,0.637119113573407,0.646220815195885,0.109127515959223,TRUE,,FALSE,TRUE,FALSE,5,3,3,-4.43344693813603,0,0,0,0.100448489645166,0.0760453765993933,-0.134744756628413,TRUE,FALSE,TRUE,FALSE,TRUE
matched three-representation atlas,GigaSSL,driver_mutation,Bailey_tissue_specific_driver,COAD,BRAF,TCGA_MC3_Bailey2018,382,44,338,20260877,0.691500806885422,0.571207638515331,0.204545454545455,0.937869822485207,0.702662721893491,0.252288337075769,0.70575578267886,0.636363636363636,0.775147928994083,0.739779451317913,0.266405918805415,0.68168370091447,0.727272727272727,0.636094674556213,0.723103819257665,0.267184497574231,TRUE,,FALSE,TRUE,TRUE,5,3,3,-2.46344352936228,0,0,0,0.134548144163529,0.110476062399139,-0.120293168370091,FALSE,FALSE,TRUE,TRUE,TRUE
matched three-representation atlas,GigaSSL,driver_mutation,Bailey_tissue_specific_driver,COAD,CTNNB1,TCGA_MC3_Bailey2018,382,21,361,20260878,0.635536208943411,0.563382139559425,0.19047619047619,0.936288088642659,0.58554280437937,0.089089678451604,0.542012927054478,0.333333333333333,0.750692520775623,0.525788154597019,0.0858257743034591,0.635536208943411,0.714285714285714,0.556786703601108,0.702018203403245,0.115039584766797,TRUE,,FALSE,FALSE,TRUE,5,2,1,-3.14160515443107,0,0,0,-0.0213692125049466,0.0721540693839862,-0.0721540693839861,TRUE,FALSE,TRUE,TRUE,FALSE
matched three-representation atlas,GigaSSL,driver_mutation,Bailey_tissue_specific_driver,COAD,PIK3CA,TCGA_MC3_Bailey2018,382,83,299,20260881,0.655115445057823,0.562638513921908,0.289156626506024,0.836120401337793,0.650360639883951,0.305382893393436,0.650058427690696,0.674698795180723,0.625418060200669,0.693395656203409,0.350390845141635,0.64707660071725,0.759036144578313,0.535117056856187,0.684611355119475,0.332017136812642,TRUE,,FALSE,TRUE,TRUE,7,2,3,-1.64087291294866,0,0,0,0.0874199137687875,0.0844380867953419,-0.0924769311359147,FALSE,FALSE,TRUE,TRUE,TRUE
matched three-representation atlas,GigaSSL,driver_mutation,Bailey_tissue_specific_driver,COAD,SMAD4,TCGA_MC3_Bailey2018,382,36,346,20260882,0.648121387283237,0.52898201669878,0.138888888888889,0.919075144508671,0.646836865767502,0.155174227392272,0.636480411046885,0.611111111111111,0.661849710982659,0.720456005138086,0.206645744591901,0.644107257546564,0.805555555555556,0.482658959537572,0.700947334617855,0.175955502959148,TRUE,,FALSE,TRUE,TRUE,8,1,1,-2.77991862368084,1,0,0,0.107498394348105,0.115125240847784,-0.119139370584457,TRUE,FALSE,TRUE,TRUE,TRUE
matched three-representation atlas,GigaSSL,driver_mutation,Bailey_tissue_specific_driver,COAD,SOX9,TCGA_MC3_Bailey2018,382,42,340,20260883,0.643627450980392,0.528781512605042,0.142857142857143,0.914705882352941,0.654621848739496,0.182274043268871,0.597829131652661,0.380952380952381,0.814705882352941,0.647759103641457,0.187808557320555,0.628361344537815,0.571428571428571,0.685294117647059,0.647759103641457,0.195431876971482,TRUE,,FALSE,FALSE,TRUE,11,8,14,-5.85782690105225,0,0,0,0.069047619047619,0.0995798319327731,-0.11484593837535,TRUE,FALSE,TRUE,TRUE,FALSE
matched three-representation atlas,GigaSSL,driver_mutation,Bailey_tissue_specific_driver,HNSC,CASP8,TCGA_MC3_Bailey2018,431,47,384,20260891,0.617769281914894,0.551252216312057,0.170212765957447,0.932291666666667,0.67542109929078,0.219589121613468,0.602310505319149,0.446808510638298,0.7578125,0.651706560283688,0.219957186734701,0.622977615248227,0.680851063829787,0.565104166666667,0.615580673758865,0.15907255876208,TRUE,,FALSE,TRUE,TRUE,11,5,4,-3.31207602357183,0,0,1,0.0510582890070921,0.0717253989361701,-0.0665170656028372,TRUE,FALSE,TRUE,TRUE,TRUE
matched three-representation atlas,GigaSSL,driver_mutation,Bailey_tissue_specific_driver,HNSC,HRAS,TCGA_MC3_Bailey2018,431,27,404,20260898,0.630317198386505,0.535753575357536,0.111111111111111,0.96039603960396,0.611569490282362,0.171164425856568,0.620737073707371,0.444444444444444,0.797029702970297,0.689035570223689,0.132545183735508,0.607994132746608,0.740740740740741,0.475247524752475,0.652365236523652,0.105316018097939,TRUE,,FALSE,TRUE,TRUE,19,2,4,-4.82455895891919,1,0,0,0.084983498349835,0.0722405573890722,-0.0945636230289693,TRUE,FALSE,TRUE,TRUE,TRUE
matched three-representation atlas,GigaSSL,driver_mutation,Bailey_tissue_specific_driver,HNSC,HUWE1,TCGA_MC3_Bailey2018,431,40,391,20260899,0.618829923273657,0.551694373401535,0.175,0.928388746803069,0.627941176470588,0.156125971554053,0.541879795396419,0.25,0.833759590792839,0.598657289002558,0.125949802775876,0.611157289002558,0.675,0.547314578005115,0.633951406649616,0.152442665373861,TRUE,,FALSE,FALSE,TRUE,15,10,8,-4.84582843890642,1,0,0,-0.00981457800511509,0.0594629156010231,-0.0671355498721226,TRUE,FALSE,TRUE,TRUE,FALSE
matched three-representation atlas,GigaSSL,driver_mutation,Bailey_tissue_specific_driver,HNSC,KEAP1,TCGA_MC3_Bailey2018,431,20,411,20260900,0.575486618004866,0.532968369829684,0.1,0.965936739659367,0.685523114355231,0.109368634901927,0.661861313868613,0.55,0.773722627737226,0.675425790754258,0.103332683598078,0.685644768856448,0.6,0.771289537712895,0.739294403892944,0.144891611041694,FALSE,,FALSE,TRUE,TRUE,5,2,5,-3.79767743784831,1,0,0,0.128892944038929,0.152676399026764,-0.0425182481751824,TRUE,FALSE,TRUE,TRUE,TRUE
matched three-representation atlas,GigaSSL,driver_mutation,Bailey_tissue_specific_driver,KIRC,BAP1,TCGA_MC3_Bailey2018,351,35,316,20260909,0.614918625678119,0.549321880650995,0.171428571428571,0.927215189873418,0.591410488245931,0.183565855952337,0.657594936708861,0.6,0.715189873417722,0.691952983725136,0.215437615159315,0.600497287522604,0.514285714285714,0.686708860759494,0.63128390596745,0.165544444574565,TRUE,,FALSE,TRUE,TRUE,11,1,1,-2.21260948379713,0,0,0,0.108273056057866,0.0511754068716095,-0.0655967450271244,TRUE,FALSE,TRUE,TRUE,TRUE
matched three-representation atlas,GigaSSL,driver_mutation,Bailey_tissue_specific_driver,KIRC,SETD2,TCGA_MC3_Bailey2018,351,47,304,20260912,0.559595464725644,0.530060190369541,0.148936170212766,0.911184210526316,0.556480963045913,0.172716030393186,0.603443449048152,0.404255319148936,0.802631578947369,0.628429451287794,0.23094728166418,0.553331466965286,0.382978723404255,0.723684210526316,0.584616461366181,0.186490614400828,FALSE,,FALSE,TRUE,FALSE,7,5,7,-1.66783327882981,0,0,0,0.0733832586786114,0.0232712765957447,-0.0295352743561031,TRUE,FALSE,TRUE,FALSE,TRUE
matched three-representation atlas,GigaSSL,driver_mutation,Bailey_tissue_specific_driver,LGG,EGFR,TCGA_MC3_Bailey2018,485,34,451,20260916,0.750945611060389,0.595474109821312,0.235294117647059,0.955654101995565,0.719251336898396,0.223882128445669,0.737870092604669,0.617647058823529,0.858093126385809,0.774292422068606,0.264901752325121,0.749543498108778,0.676470588235294,0.822616407982262,0.771553410721273,0.230702090397204,TRUE,,FALSE,TRUE,TRUE,5,2,4,-3.17793890632152,0,0,0,0.142395982783357,0.154069388287466,-0.155471501239077,FALSE,FALSE,TRUE,TRUE,TRUE
matched three-representation atlas,GigaSSL,driver_mutation,Bailey_tissue_specific_driver,LGG,IDH2,TCGA_MC3_Bailey2018,485,20,465,20260919,0.765591397849462,0.543548387096774,0.1,0.987096774193548,0.750215053763441,0.159644777376906,0.794354838709678,0.75,0.838709677419355,0.851182795698925,0.23057749951346,0.744086021505376,0.8,0.688172043010753,0.814193548387097,0.136250112753599,TRUE,,FALSE,TRUE,TRUE,4,2,2,-3.97949611863686,0,0,0,0.250806451612903,0.200537634408602,-0.222043010752688,FALSE,FALSE,TRUE,TRUE,TRUE
matched three-representation atlas,GigaSSL,driver_mutation,Bailey_tissue_specific_driver,LGG,PTEN,TCGA_MC3_Bailey2018,485,23,462,20260924,0.582580463015246,0.568558253340862,0.173913043478261,0.963203463203463,0.640974967061924,0.122729339900574,0.663466967814794,0.521739130434783,0.805194805194805,0.687747035573123,0.121808488957073,0.583474496517975,0.565217391304348,0.601731601731602,0.63081121776774,0.105030504979281,FALSE,,FALSE,TRUE,FALSE,4,3,3,-3.95525917274242,0,0,0,0.094908714473932,0.0149162431771128,-0.0140222096743841,TRUE,FALSE,TRUE,FALSE,TRUE
matched three-representation atlas,GigaSSL,driver_mutation,Bailey_tissue_specific_driver,LIHC,ARID1A,TCGA_MC3_Bailey2018,346,26,320,20260929,0.627403846153846,0.499399038461538,0.0769230769230769,0.921875,0.561177884615385,0.0958750759773699,0.542908653846154,0.307692307692308,0.778125,0.591947115384615,0.136836880489345,0.635697115384615,0.730769230769231,0.540625,0.590745192307692,0.141907249033965,TRUE,,FALSE,FALSE,TRUE,8,5,7,-5.86650945605948,1,0,0,0.0435096153846154,0.136298076923077,-0.128004807692308,TRUE,FALSE,TRUE,TRUE,FALSE
matched three-representation atlas,GigaSSL,driver_mutation,Bailey_tissue_specific_driver,LIHC,AXIN1,TCGA_MC3_Bailey2018,346,25,321,20260930,0.629719626168224,0.484423676012461,0,0.968847352024922,0.595638629283489,0.0997080276272096,0.675389408099689,0.6,0.750778816199377,0.681370716510903,0.126880923900873,0.649719626168224,0.72,0.579439252336449,0.663426791277259,0.126962797388459,TRUE,,FALSE,TRUE,TRUE,5,2,1,-3.09298088031638,0,0,0,0.190965732087227,0.165295950155763,-0.145295950155763,TRUE,FALSE,TRUE,TRUE,TRUE
matched three-representation atlas,GigaSSL,driver_mutation,Bailey_tissue_specific_driver,LIHC,BAP1,TCGA_MC3_Bailey2018,346,20,326,20260931,0.690337423312883,0.526993865030675,0.1,0.95398773006135,0.755828220858896,0.156020454151508,0.706901840490798,0.65,0.763803680981595,0.831748466257669,0.17710803185465,0.666411042944785,0.75,0.582822085889571,0.697852760736196,0.157338271902201,TRUE,,FALSE,TRUE,TRUE,10,1,1,-3.50789924630661,0,0,0,0.179907975460123,0.13941717791411,-0.163343558282208,FALSE,FALSE,TRUE,TRUE,TRUE
matched three-representation atlas,GigaSSL,driver_mutation,Bailey_tissue_specific_driver,LUSC,FBXW7,TCGA_MC3_Bailey2018,460,25,435,20260954,0.570114942528736,0.585057471264368,0.2,0.970114942528736,0.667586206896552,0.174400877634943,0.575172413793104,0.24,0.910344827586207,0.621149425287356,0.109594985483249,0.604367816091954,0.68,0.528735632183908,0.613701149425287,0.108220330629412,FALSE,,FALSE,FALSE,TRUE,16,15,10,-11.2192532714684,0,1,0,-0.00988505747126434,0.0193103448275863,0.0149425287356318,TRUE,FALSE,TRUE,TRUE,FALSE
matched three-representation atlas,GigaSSL,driver_mutation,Bailey_tissue_specific_driver,OV,TP53,TCGA_MC3_Bailey2018,70,21,49,20260966,0.649659863945578,0.612244897959184,0.428571428571429,0.795918367346939,0.629737609329446,0.480076195390597,0.571428571428571,0.428571428571429,0.714285714285714,0.579203109815355,0.424869016921428,0.581632653061225,0.571428571428571,0.591836734693878,0.555879494655005,0.381912325097131,TRUE,,TRUE,FALSE,FALSE,5,3,2,-1.36634439694548,0,0,0,-0.0408163265306123,-0.0306122448979592,-0.0374149659863943,TRUE,TRUE,TRUE,TRUE,TRUE
matched three-representation atlas,GigaSSL,driver_mutation,Bailey_tissue_specific_driver,PRAD,FOXA1,TCGA_MC3_Bailey2018,368,23,345,20260971,0.569565217391304,0.605797101449275,0.260869565217391,0.950724637681159,0.634530560806553,0.229507869567347,0.594202898550725,0.304347826086957,0.884057971014493,0.598739760554505,0.157741715540356,0.584057971014493,0.434782608695652,0.733333333333333,0.563705103969754,0.146715590427169,FALSE,,TRUE,FALSE,FALSE,16,12,15,-9.16623899850184,1,0,2,-0.0115942028985507,-0.0217391304347826,0.0362318840579714,TRUE,TRUE,TRUE,TRUE,TRUE
matched three-representation atlas,GigaSSL,driver_mutation,Bailey_tissue_specific_driver,PRAD,TP53,TCGA_MC3_Bailey2018,368,42,326,20260973,0.628469179082676,0.528483786152498,0.142857142857143,0.914110429447853,0.533231083844581,0.139118815141001,0.659582237803097,0.595238095238095,0.723926380368098,0.651840490797546,0.247121282350836,0.637306456324861,0.547619047619048,0.726993865030675,0.616783523225241,0.200364493953651,TRUE,,FALSE,TRUE,TRUE,16,2,2,-2.07210180783967,1,0,0,0.131098451650599,0.108822670172363,-0.0999853929301782,TRUE,FALSE,TRUE,TRUE,TRUE
matched three-representation atlas,GigaSSL,driver_mutation,Bailey_tissue_specific_driver,SARC,RB1,TCGA_MC3_Bailey2018,229,24,205,20260978,0.6375,0.457418699186992,0.0416666666666667,0.873170731707317,0.577032520325203,0.123377041447901,0.499491869918699,0.291666666666667,0.707317073170732,0.522967479674797,0.108599213079085,0.6375,0.875,0.4,0.661178861788618,0.160165449114544,TRUE,,FALSE,FALSE,TRUE,7,3,4,-4.14134443150827,0,0,0,0.0420731707317074,0.180081300813008,-0.180081300813008,TRUE,FALSE,TRUE,TRUE,FALSE
matched three-representation atlas,GigaSSL,driver_mutation,Bailey_tissue_specific_driver,STAD,ARID1A,TCGA_MC3_Bailey2018,365,89,276,20260982,0.612237420615535,0.610568311349943,0.337078651685393,0.884057971014493,0.639879498453021,0.399089320837943,0.581786354014004,0.460674157303371,0.702898550724638,0.624450415241817,0.367064719505445,0.630170167725126,0.539325842696629,0.721014492753623,0.633569451229441,0.380989407493032,TRUE,,TRUE,FALSE,TRUE,4,3,3,-0.852899225050178,0,0,0,-0.0287819573359388,0.0196018563751831,-0.00166910926559194,TRUE,TRUE,TRUE,FALSE,TRUE
matched three-representation atlas,GigaSSL,driver_mutation,Bailey_tissue_specific_driver,STAD,ARID2,TCGA_MC3_Bailey2018,365,22,343,20260983,0.623111582295256,0.539027299231381,0.136363636363636,0.941690962099125,0.491386164855553,0.0790359419814241,0.618804664723032,0.5,0.737609329446064,0.622979061754572,0.113976440303492,0.62430426716141,0.636363636363636,0.612244897959184,0.615822952557647,0.103889625263994,TRUE,,FALSE,TRUE,TRUE,9,2,3,-3.7942983610655,0,0,0,0.0797773654916512,0.0852769679300291,-0.0840842830638751,TRUE,FALSE,TRUE,TRUE,TRUE
matched three-representation atlas,GigaSSL,driver_mutation,Bailey_tissue_specific_driver,STAD,CDH1,TCGA_MC3_Bailey2018,365,35,330,20260985,0.576839826839827,0.525324675324675,0.114285714285714,0.936363636363636,0.693160173160173,0.167038654157827,0.606493506493507,0.485714285714286,0.727272727272727,0.681212121212121,0.198313483687659,0.637878787878788,0.6,0.675757575757576,0.701298701298701,0.210445209349138,FALSE,,FALSE,TRUE,TRUE,11,1,3,-3.13004818496954,0,0,0,0.0811688311688312,0.112554112554113,-0.0515151515151517,TRUE,FALSE,TRUE,TRUE,TRUE
matched three-representation atlas,GigaSSL,driver_mutation,Bailey_tissue_specific_driver,STAD,CTNNB1,TCGA_MC3_Bailey2018,365,21,344,20260986,0.641680509413068,0.476744186046512,0,0.953488372093023,0.427048726467331,0.051622716489505,0.599460132890366,0.428571428571429,0.770348837209302,0.714562569213732,0.115498591797242,0.649501661129568,0.857142857142857,0.441860465116279,0.73546511627907,0.132461887850344,TRUE,,FALSE,FALSE,TRUE,7,2,2,-4.29927927890801,0,0,0,0.122715946843854,0.172757475083056,-0.164936323366556,TRUE,FALSE,TRUE,TRUE,FALSE
matched three-representation atlas,GigaSSL,driver_mutation,Bailey_tissue_specific_driver,STAD,FBXW7,TCGA_MC3_Bailey2018,365,29,336,20260989,0.635006157635468,0.539203612479475,0.137931034482759,0.940476190476191,0.640907224958949,0.14801927197158,0.619355500821018,0.482758620689655,0.755952380952381,0.705767651888342,0.172132421303008,0.618123973727422,0.551724137931035,0.68452380952381,0.701867816091954,0.149405125039733,TRUE,,FALSE,TRUE,TRUE,5,2,4,-3.8085032068146,0,0,1,0.0801518883415435,0.0789203612479474,-0.0958025451559934,TRUE,FALSE,TRUE,TRUE,TRUE
matched three-representation atlas,GigaSSL,driver_mutation,Bailey_tissue_specific_driver,STAD,KRAS,TCGA_MC3_Bailey2018,365,30,335,20260990,0.610199004975124,0.492786069651741,0.0333333333333333,0.952238805970149,0.582985074626866,0.110710001931341,0.649004975124378,0.566666666666667,0.73134328358209,0.659402985074627,0.166578186108287,0.632835820895522,0.6,0.665671641791045,0.629353233830846,0.146580053977421,TRUE,,FALSE,TRUE,TRUE,5,2,3,-2.62149224667125,0,0,0,0.156218905472637,0.140049751243781,-0.117412935323383,TRUE,FALSE,TRUE,TRUE,TRUE
matched three-representation atlas,GigaSSL,driver_mutation,Bailey_tissue_specific_driver,STAD,PIK3CA,TCGA_MC3_Bailey2018,365,55,310,20260992,0.609090909090909,0.551612903225807,0.2,0.903225806451613,0.692551319648094,0.259587237925353,0.630791788856305,0.545454545454545,0.716129032258065,0.709618768328446,0.265816841874157,0.63475073313783,0.672727272727273,0.596774193548387,0.70633431085044,0.29347646517027,TRUE,,FALSE,TRUE,TRUE,7,3,4,-2.44904107851525,0,0,0,0.0791788856304986,0.0831378299120235,-0.0574780058651025,TRUE,FALSE,TRUE,TRUE,TRUE
matched three-representation atlas,GigaSSL,driver_mutation,Bailey_tissue_specific_driver,STAD,PTEN,TCGA_MC3_Bailey2018,365,23,342,20260993,0.594012204424104,0.470760233918129,0,0.941520467836257,0.631070429697432,0.0925814654475875,0.61651411136537,0.434782608695652,0.798245614035088,0.647597254004577,0.129582260057151,0.604627510806001,0.478260869565217,0.730994152046784,0.651538265954742,0.114670429747023,FALSE,,FALSE,TRUE,TRUE,7,2,6,-3.14016013317664,0,0,0,0.145753877447241,0.133867276887872,-0.123251970505975,TRUE,FALSE,TRUE,TRUE,TRUE
matched three-representation atlas,GigaSSL,driver_mutation,Bailey_tissue_specific_driver,STAD,RHOA,TCGA_MC3_Bailey2018,365,20,345,20260995,0.698188405797102,0.507608695652174,0.05,0.965217391304348,0.608550724637681,0.0925446010479104,0.650724637681159,0.6,0.701449275362319,0.735797101449275,0.121253452583994,0.698188405797102,0.75,0.646376811594203,0.735797101449275,0.121253452583994,TRUE,,FALSE,TRUE,TRUE,9,1,1,-3.00936165755856,0,0,0,0.143115942028985,0.190579710144928,-0.190579710144928,FALSE,FALSE,TRUE,TRUE,TRUE
matched three-representation atlas,GigaSSL,driver_mutation,Bailey_tissue_specific_driver,TGCT,KIT,TCGA_MC3_Bailey2018,128,20,108,20260999,0.702777777777778,0.530555555555556,0.2,0.861111111111111,0.588888888888889,0.256481172268736,0.565740740740741,0.4,0.731481481481482,0.641666666666667,0.222405316195957,0.67962962962963,0.85,0.509259259259259,0.660648148148148,0.248510146795187,TRUE,,FALSE,FALSE,TRUE,5,1,1,-2.32301358056611,0,0,0,0.0351851851851852,0.149074074074074,-0.172222222222222,FALSE,FALSE,TRUE,TRUE,FALSE
matched three-representation atlas,GigaSSL,driver_mutation,Bailey_tissue_specific_driver,UCEC,ARID1A,TCGA_MC3_Bailey2018,486,175,311,20261005,0.589186954524575,0.585135507579238,0.411428571428571,0.758842443729904,0.608378502526413,0.442941617737913,0.602976573265962,0.537142857142857,0.668810289389068,0.619402847955903,0.447517030586951,0.576518144235186,0.651428571428571,0.501607717041801,0.589030776297657,0.420384172459238,FALSE,,FALSE,TRUE,FALSE,9,10,17,-0.896176455351477,0,0,2,0.0178410656867248,-0.00861736334405139,-0.00405144694533754,TRUE,FALSE,TRUE,FALSE,TRUE
matched three-representation atlas,GigaSSL,driver_mutation,Bailey_tissue_specific_driver,UCEC,ATM,TCGA_MC3_Bailey2018,486,74,412,20261008,0.600006559958016,0.513808711624246,0.175675675675676,0.851941747572815,0.618112044082918,0.201676700439079,0.587936237208082,0.391891891891892,0.783980582524272,0.613159275780635,0.207847860232803,0.620965625819995,0.635135135135135,0.606796116504854,0.620080031487798,0.211791321271717,TRUE,,FALSE,FALSE,TRUE,15,16,14,-3.57548481319134,1,0,0,0.0741275255838363,0.107156914195749,-0.0861978483337704,TRUE,FALSE,TRUE,TRUE,FALSE
matched three-representation atlas,GigaSSL,driver_mutation,Bailey_tissue_specific_driver,UCEC,ATR,TCGA_MC3_Bailey2018,486,51,435,20261009,0.606355645706558,0.555510480054091,0.196078431372549,0.914942528735632,0.567049808429119,0.159599794630284,0.614672075726842,0.509803921568627,0.719540229885058,0.611404101870633,0.169784629610723,0.583096686950642,0.529411764705882,0.636781609195402,0.555104800540906,0.135751310346262,TRUE,,FALSE,TRUE,FALSE,13,2,7,-3.08239324342562,1,0,0,0.0591615956727518,0.0275862068965517,-0.0508451656524673,TRUE,FALSE,TRUE,FALSE,TRUE
matched three-representation atlas,GigaSSL,driver_mutation,Bailey_tissue_specific_driver,UCEC,CHD3,TCGA_MC3_Bailey2018,486,71,415,20261012,0.613558459188868,0.606363482097404,0.338028169014085,0.874698795180723,0.670558289496012,0.280946323304456,0.597454607161039,0.464788732394366,0.730120481927711,0.653419311047005,0.240293860695987,0.579653826573901,0.535211267605634,0.624096385542169,0.655625318174105,0.282962433349332,TRUE,,TRUE,FALSE,FALSE,19,10,15,-3.45446682785542,1,0,0,-0.00890887493636527,-0.0267096555235025,-0.00719497709146422,TRUE,TRUE,TRUE,TRUE,TRUE
matched three-representation atlas,GigaSSL,driver_mutation,Bailey_tissue_specific_driver,UCEC,CTCF,TCGA_MC3_Bailey2018,486,96,390,20261014,0.623637820512821,0.576442307692308,0.270833333333333,0.882051282051282,0.673985042735043,0.314383669228485,0.592147435897436,0.479166666666667,0.705128205128205,0.65221688034188,0.317017505444698,0.623717948717949,0.75,0.497435897435897,0.702430555555556,0.349195173021646,TRUE,,FALSE,FALSE,TRUE,17,8,12,-3.77376450042685,0,0,0,0.0157051282051283,0.0472756410256411,-0.0471955128205134,TRUE,FALSE,TRUE,TRUE,FALSE
matched three-representation atlas,GigaSSL,driver_mutation,Bailey_tissue_specific_driver,UCEC,CTNNB1,TCGA_MC3_Bailey2018,486,96,390,20261015,0.583253205128205,0.52636217948718,0.260416666666667,0.792307692307692,0.552510683760684,0.221513393124295,0.587419871794872,0.53125,0.643589743589744,0.595219017094017,0.256841002842329,0.613060897435897,0.697916666666667,0.528205128205128,0.639182692307692,0.303015869388872,FALSE,,FALSE,FALSE,TRUE,17,6,5,-1.76285826107599,0,0,0,0.0610576923076923,0.086698717948718,-0.0568910256410256,TRUE,FALSE,TRUE,TRUE,FALSE
matched three-representation atlas,GigaSSL,driver_mutation,Bailey_tissue_specific_driver,UCEC,FAT1,TCGA_MC3_Bailey2018,486,82,404,20261021,0.571963293890365,0.595327215648394,0.329268292682927,0.861386138613861,0.629739193431538,0.249339817912343,0.605288577638252,0.487804878048781,0.722772277227723,0.611748369958947,0.247253357808393,0.577366578121227,0.414634146341463,0.74009900990099,0.618962810915238,0.255856973047746,FALSE,,FALSE,TRUE,FALSE,16,9,13,-1.33080560730634,0,0,0,0.00996136198985753,-0.0179606375271674,0.023363921758029,TRUE,FALSE,TRUE,FALSE,TRUE
matched three-representation atlas,GigaSSL,driver_mutation,Bailey_tissue_specific_driver,UCEC,FBXW7,TCGA_MC3_Bailey2018,486,80,406,20261022,0.607789408866995,0.545905172413793,0.2125,0.879310344827586,0.598091133004926,0.220790097421877,0.589254926108374,0.4125,0.766009852216749,0.612284482758621,0.223050675695404,0.616594827586207,0.6125,0.620689655172414,0.636083743842365,0.252698415578604,TRUE,,FALSE,FALSE,TRUE,14,11,8,-2.23599677616701,1,0,0,0.0433497536945813,0.0706896551724139,-0.0618842364532019,TRUE,FALSE,TRUE,TRUE,FALSE
matched three-representation atlas,GigaSSL,driver_mutation,Bailey_tissue_specific_driver,UCEC,PPP2R1A,TCGA_MC3_Bailey2018,486,65,421,20261037,0.638424995432121,0.560807600950119,0.2,0.921615201900238,0.604129362324137,0.212174301689304,0.632139594372374,0.492307692307692,0.771971496437055,0.639941531152933,0.219709674076343,0.624118399415312,0.661538461538462,0.586698337292162,0.647542481271698,0.233673008935687,TRUE,,FALSE,TRUE,TRUE,13,6,2,-2.22247242704625,0,0,0,0.0713319934222548,0.0633107984651927,-0.0776173944820022,TRUE,FALSE,TRUE,TRUE,TRUE
matched three-representation atlas,GigaSSL,driver_mutation,Bailey_tissue_specific_driver,UCEC,SIN3A,TCGA_MC3_Bailey2018,486,48,438,20261042,0.579337899543379,0.555936073059361,0.166666666666667,0.945205479452055,0.630612633181126,0.167910620388495,0.614155251141552,0.5,0.728310502283105,0.611919710806697,0.158597035343372,0.597602739726027,0.583333333333333,0.611872146118721,0.671090182648402,0.195541914941093,FALSE,,FALSE,TRUE,FALSE,7,3,3,-2.11867739592999,0,0,0,0.0582191780821917,0.0416666666666666,-0.0234018264840182,TRUE,FALSE,TRUE,FALSE,TRUE
matched three-representation atlas,GigaSSL,driver_mutation,Bailey_tissue_specific_driver,UCEC,SOX17,TCGA_MC3_Bailey2018,486,20,466,20261045,0.604291845493562,0.508905579399142,0.05,0.967811158798283,0.623712446351931,0.0669890660500096,0.527038626609442,0.2,0.854077253218884,0.552682403433476,0.0509424610429419,0.63068669527897,0.8,0.46137339055794,0.584442060085837,0.0520025312762368,TRUE,,FALSE,FALSE,TRUE,8,4,6,-6.62010358790176,0,0,0,0.0181330472103005,0.121781115879828,-0.0953862660944204,TRUE,FALSE,TRUE,TRUE,FALSE
matched three-representation atlas,GigaSSL,driver_mutation,Bailey_tissue_specific_driver,UCEC,ZMYM2,TCGA_MC3_Bailey2018,486,52,434,20261050,0.600673520028359,0.562743707904998,0.192307692307692,0.933179723502304,0.667493796526055,0.200049070967533,0.653580290677065,0.461538461538462,0.845622119815668,0.676488833746898,0.208608801231924,0.6149415101028,0.653846153846154,0.576036866359447,0.65845444877703,0.213538131923405,TRUE,,FALSE,TRUE,TRUE,12,13,14,-4.05336665428661,0,0,0,0.0908365827720667,0.0521978021978022,-0.0379298121233609,TRUE,FALSE,TRUE,TRUE,TRUE
matched three-representation atlas,GigaSSL,driver_mutation,Bailey_tissue_specific_driver,UVM,GNA11,TCGA_MC3_Bailey2018,45,22,23,20261052,0.530632411067194,0.575098814229249,0.454545454545455,0.695652173913044,0.553359683794466,0.602883999797327,0.642292490118577,0.545454545454545,0.739130434782609,0.58102766798419,0.602653338627977,0.485177865612648,0.318181818181818,0.652173913043478,0.549407114624506,0.58385150149428,FALSE,,FALSE,TRUE,FALSE,1,2,3,1.51541282856121,0,0,0,0.067193675889328,-0.0899209486166008,0.044466403162055,FALSE,FALSE,TRUE,FALSE,TRUE
matched three-representation atlas,GigaSSL,fusion,fusion,BLCA,Any called fusion,Gao2018_TableS1,381,288,93,20261054,0.630880376344086,0.56530017921147,0.840277777777778,0.290322580645161,0.642286439665472,0.831006448673544,0.62315188172043,0.697916666666667,0.548387096774194,0.64702807646356,0.848650973696743,0.584453405017921,0.652777777777778,0.516129032258065,0.610849761051374,0.825594536509181,TRUE,,FALSE,TRUE,FALSE,5,7,7,1.33120691484361,0,0,0,0.0578517025089604,0.0191532258064515,-0.0655801971326164,TRUE,FALSE,TRUE,FALSE,TRUE
matched three-representation atlas,GigaSSL,fusion,fusion,DLBC,Any called fusion,Gao2018_TableS1,44,22,22,20261057,0.545454545454545,0.568181818181818,0.590909090909091,0.545454545454545,0.636363636363636,0.610122574015536,0.568181818181818,0.590909090909091,0.545454545454545,0.636363636363636,0.610122574015536,0.613636363636364,0.636363636363636,0.590909090909091,0.650826446280992,0.640638092443604,FALSE,,FALSE,FALSE,TRUE,3,3,2,0.605362917703436,0,0,0,0,0.0454545454545455,0.0227272727272732,FALSE,FALSE,TRUE,TRUE,FALSE
matched three-representation atlas,GigaSSL,fusion,fusion,LIHC,Any called fusion,Gao2018_TableS1,353,212,141,20261063,0.583283152682992,0.579553057674294,0.69811320754717,0.460992907801419,0.632744547035996,0.739164329757157,0.590241536196976,0.655660377358491,0.524822695035461,0.631774387796066,0.737810303945074,0.605697176502074,0.580188679245283,0.631205673758865,0.623946206342834,0.726614693867214,FALSE,,FALSE,FALSE,TRUE,15,15,12,0.823203120945697,0,0,0,0.0106884785226816,0.0261441188277801,-0.00373009500869792,TRUE,FALSE,TRUE,TRUE,FALSE
matched three-representation atlas,GigaSSL,fusion,fusion,SARC,Any called fusion,Gao2018_TableS1,252,216,36,20261072,0.615740740740741,0.523148148148148,0.824074074074074,0.222222222222222,0.522247942386831,0.851075633468278,0.590277777777778,0.708333333333333,0.472222222222222,0.632587448559671,0.895565144762505,0.615740740740741,0.481481481481482,0.75,0.653549382716049,0.925204515488635,TRUE,,FALSE,FALSE,TRUE,15,1,1,2.33741196467661,0,0,0,0.0671296296296297,0.0925925925925926,-0.0925925925925929,TRUE,FALSE,TRUE,TRUE,FALSE
matched three-representation atlas,GigaSSL,fusion,fusion,THCA,Any called fusion,Gao2018_TableS1,492,133,359,20261076,0.640448614572643,0.578507550212579,0.315789473684211,0.841225626740947,0.619347812428006,0.392710058288425,0.615808323036002,0.496240601503759,0.735376044568245,0.653213814480491,0.434125377961245,0.639055856912476,0.578947368421053,0.6991643454039,0.640794186022158,0.427501042072422,TRUE,,FALSE,TRUE,TRUE,10,3,3,-0.957614242341863,1,0,0,0.0373007728234236,0.0605483066998975,-0.0619410643600643,TRUE,FALSE,TRUE,TRUE,TRUE
matched three-representation atlas,GigaSSL,fusion,recurrent_fusion_pair,THCA,Fusion pair: CCDC6--RET,Gao2018_TableS1,492,20,472,20261077,0.668220338983051,0.514406779661017,0.05,0.978813559322034,0.611864406779661,0.0704172161062626,0.588135593220339,0.35,0.826271186440678,0.58135593220339,0.0679618757930564,0.677118644067797,0.85,0.504237288135593,0.666207627118644,0.0653284522647006,TRUE,,FALSE,FALSE,TRUE,14,3,3,-4.96432585699538,0,0,0,0.073728813559322,0.16271186440678,-0.153813559322034,FALSE,FALSE,TRUE,TRUE,FALSE
matched three-representation atlas,GigaSSL,microsatellite_instability,microsatellite_instability,UCEC,MSI-H (MANTIS >0.4),Bonneville2017_cBioPortal,486,155,331,20261082,0.593304746126109,0.535376668940649,0.258064516129032,0.812688821752266,0.590176396062762,0.380795193916616,0.582477341389728,0.6,0.564954682779456,0.632258064516129,0.397226598055752,0.606285937043173,0.683870967741935,0.528700906344411,0.615476074456681,0.385609970413343,FALSE,,FALSE,FALSE,TRUE,5,4,4,-0.933274827134089,0,0,0,0.047100672449079,0.0709092681025242,-0.0579280771854599,TRUE,FALSE,TRUE,TRUE,FALSE
matched three-representation atlas,GigaSSL,oncogenic_pathway,oncogenic_pathway,BLCA,MYC,SanchezVega2018_TableS4,373,67,306,20261088,0.645571163788899,0.548702565603356,0.17910447761194,0.918300653594771,0.659886840308263,0.295295074456796,0.628133840600917,0.537313432835821,0.718954248366013,0.664032777290021,0.312243366381155,0.66866647156375,0.716417910447761,0.620915032679739,0.688469417617793,0.330783982007303,TRUE,,FALSE,TRUE,TRUE,4,3,3,-1.54546901284964,0,0,0,0.0794312749975612,0.119963905960394,-0.0968685981855433,TRUE,FALSE,TRUE,TRUE,TRUE
matched three-representation atlas,GigaSSL,oncogenic_pathway,oncogenic_pathway,COAD,HIPPO,SanchezVega2018_TableS4,323,63,260,20261106,0.597710622710623,0.621703296703297,0.285714285714286,0.957692307692308,0.61037851037851,0.368695677768013,0.598901098901099,0.428571428571429,0.769230769230769,0.601953601953602,0.307246889507507,0.601526251526252,0.349206349206349,0.853846153846154,0.61037851037851,0.368695677768013,FALSE,,TRUE,FALSE,TRUE,2,3,2,-0.684426638110475,0,0,0,-0.0228021978021978,-0.0201770451770452,0.0239926739926737,TRUE,TRUE,TRUE,FALSE,TRUE
matched three-representation atlas,GigaSSL,oncogenic_pathway,oncogenic_pathway,COAD,RTK RAS,SanchezVega2018_TableS4,323,242,81,20261110,0.618253239465361,0.592260993776145,0.838842975206612,0.345679012345679,0.66426895214774,0.852201104219238,0.620752984389348,0.685950413223141,0.555555555555556,0.679165391286603,0.860022521222131,0.612080399959188,0.471074380165289,0.753086419753086,0.676002448729722,0.855100404196022,TRUE,,FALSE,TRUE,TRUE,17,5,9,3.49962881222938,0,0,0,0.0284919906132027,0.0198194061830426,-0.0259922456892158,TRUE,FALSE,TRUE,TRUE,TRUE
matched three-representation atlas,GigaSSL,oncogenic_pathway,oncogenic_pathway,ESCA,MYC,SanchezVega2018_TableS4,139,32,107,20261115,0.597838785046729,0.533148364485981,0.28125,0.785046728971963,0.594918224299065,0.306731402917744,0.606746495327103,0.53125,0.682242990654206,0.588492990654206,0.313736986397961,0.597838785046729,0.8125,0.383177570093458,0.582651869158879,0.29716100596565,FALSE,,FALSE,TRUE,FALSE,9,4,4,-3.30147704939514,0,0,0,0.0735981308411214,0.0646904205607476,-0.0646904205607477,TRUE,FALSE,TRUE,FALSE,TRUE
matched three-representation atlas,GigaSSL,oncogenic_pathway,oncogenic_pathway,HNSC,NRF2,SanchezVega2018_TableS4,412,50,362,20261128,0.660828729281768,0.580994475138122,0.22,0.941988950276243,0.634917127071823,0.211816610922483,0.648121546961326,0.52,0.776243093922652,0.700055248618785,0.264423443127972,0.590441988950276,0.54,0.640883977900553,0.604254143646409,0.215311447203969,TRUE,,FALSE,TRUE,FALSE,4,3,12,-4.30246315864363,0,0,0,0.0671270718232044,0.00944751381215481,-0.0798342541436464,FALSE,FALSE,TRUE,FALSE,TRUE
matched three-representation atlas,GigaSSL,oncogenic_pathway,oncogenic_pathway,KIRP,Cell Cycle,SanchezVega2018_TableS4,243,31,212,20261140,0.654367011564212,0.598371880706026,0.258064516129032,0.938679245283019,0.726262933657943,0.312905672755397,0.69796104686549,0.612903225806452,0.783018867924528,0.798843578819233,0.395038555115178,0.659083992696287,0.709677419354839,0.608490566037736,0.746043822276324,0.289913834808467,TRUE,,FALSE,TRUE,TRUE,3,2,4,-3.99874960468311,0,0,0,0.0995891661594644,0.0607121119902617,-0.0559951308581864,FALSE,FALSE,TRUE,TRUE,TRUE
matched three-representation atlas,GigaSSL,oncogenic_pathway,oncogenic_pathway,KIRP,WNT,SanchezVega2018_TableS4,255,24,231,20261145,0.606872294372294,0.53219696969697,0.125,0.939393939393939,0.508658008658009,0.111595953984075,0.577922077922078,0.333333333333333,0.822510822510823,0.574314574314574,0.183758270894877,0.600378787878788,0.625,0.575757575757576,0.627344877344877,0.154077910732575,TRUE,,FALSE,FALSE,TRUE,3,2,3,-4.4224071198878,0,0,0,0.0457251082251082,0.0681818181818181,-0.0746753246753242,TRUE,FALSE,TRUE,TRUE,FALSE
matched three-representation atlas,GigaSSL,oncogenic_pathway,oncogenic_pathway,LGG,Cell Cycle,SanchezVega2018_TableS4,476,195,281,20261146,0.579523679167807,0.589889588466101,0.38974358974359,0.790035587188612,0.643398120266448,0.535410890050072,0.605529701615111,0.538461538461538,0.672597864768683,0.634619947075463,0.536862477220995,0.614581622410804,0.574358974358974,0.654804270462634,0.646482343279496,0.539580184580493,FALSE,,FALSE,TRUE,TRUE,1,3,2,-0.403303900970357,0,0,0,0.0156401131490099,0.0246920339447029,0.010365909298294,TRUE,FALSE,TRUE,TRUE,TRUE
matched three-representation atlas,GigaSSL,oncogenic_pathway,oncogenic_pathway,LGG,MYC,SanchezVega2018_TableS4,481,28,453,20261148,0.528263954588458,0.516950488804794,0.0714285714285714,0.962472406181016,0.520734783979817,0.0819484556779845,0.559563229265216,0.392857142857143,0.726269315673289,0.551718700725323,0.0749693469904313,0.622161778618732,0.535714285714286,0.708609271523179,0.616288237149164,0.0905191472184583,FALSE,,FALSE,FALSE,TRUE,12,3,2,-2.76942824738553,0,0,0,0.0426127404604226,0.105211289813939,-0.0113134657836645,FALSE,FALSE,TRUE,TRUE,FALSE
matched three-representation atlas,GigaSSL,oncogenic_pathway,oncogenic_pathway,LGG,TGF-Beta,SanchezVega2018_TableS4,481,130,351,20261152,0.643589743589744,0.590740740740741,0.315384615384615,0.866096866096866,0.686061801446417,0.404522040394199,0.615954415954416,0.553846153846154,0.678062678062678,0.686785009861933,0.418532210944723,0.621509971509972,0.684615384615385,0.558404558404558,0.697896120973044,0.435864984898732,TRUE,,FALSE,TRUE,TRUE,6,5,2,-1.39228551919481,0,0,0,0.0252136752136751,0.0307692307692307,-0.0528490028490032,TRUE,FALSE,TRUE,TRUE,TRUE
matched three-representation atlas,GigaSSL,oncogenic_pathway,oncogenic_pathway,LIHC,Cell Cycle,SanchezVega2018_TableS4,333,229,104,20261155,0.567496640913672,0.609359254282835,0.786026200873362,0.432692307692308,0.637848505206584,0.763174375799304,0.574886630836413,0.65938864628821,0.490384615384615,0.63108834397044,0.768995793979479,0.58147883775613,0.576419213973799,0.586538461538462,0.636840779308028,0.779061181925994,FALSE,,TRUE,FALSE,FALSE,10,5,5,0.800736253807175,0,0,0,-0.0344726234464225,-0.0278804165267046,0.041862613369163,TRUE,TRUE,TRUE,TRUE,TRUE
matched three-representation atlas,GigaSSL,oncogenic_pathway,oncogenic_pathway,LUAD,NRF2,SanchezVega2018_TableS4,451,63,388,20261169,0.654148257241041,0.563635247913599,0.238095238095238,0.889175257731959,0.622974963181149,0.212545068496843,0.608145148093602,0.492063492063492,0.724226804123711,0.652880052364588,0.206251239839972,0.620909016527573,0.682539682539683,0.559278350515464,0.679716903943708,0.223905017546543,TRUE,,FALSE,TRUE,TRUE,19,6,7,-3.06176587755519,1,0,0,0.0445099001800032,0.0572737686139748,-0.0905130093274425,FALSE,FALSE,TRUE,TRUE,TRUE
matched three-representation atlas,GigaSSL,oncogenic_pathway,oncogenic_pathway,LUAD,RTK RAS,SanchezVega2018_TableS4,451,338,113,20261171,0.582028590878148,0.548397654081793,0.813609467455621,0.283185840707965,0.580955123841441,0.792692992138275,0.613119861758391,0.695266272189349,0.530973451327434,0.604754673508928,0.809031311045549,0.55252133843012,0.609467455621302,0.495575221238938,0.582054773000995,0.784668247607469,FALSE,,FALSE,TRUE,FALSE,16,17,16,2.24524756240659,0,0,0,0.0647222076765984,0.00412368434832699,-0.033630936796355,TRUE,FALSE,TRUE,FALSE,TRUE
matched three-representation atlas,GigaSSL,oncogenic_pathway,oncogenic_pathway,LUSC,NRF2,SanchezVega2018_TableS4,442,109,333,20261179,0.591123233325068,0.587224839518418,0.348623853211009,0.825825825825826,0.61255751164008,0.351426139969135,0.602474033666694,0.541284403669725,0.663663663663664,0.600132242334077,0.324941300851448,0.592046174614982,0.55045871559633,0.633633633633634,0.608810645507893,0.328340439338917,FALSE,,FALSE,TRUE,FALSE,9,4,5,-1.26958463130206,0,0,0,0.0152491941482767,0.00482133509656446,-0.00389839380665047,TRUE,FALSE,TRUE,FALSE,TRUE
matched three-representation atlas,GigaSSL,oncogenic_pathway,oncogenic_pathway,READ,Cell Cycle,SanchezVega2018_TableS4,80,34,46,20261204,0.542838874680307,0.589514066496164,0.352941176470588,0.826086956521739,0.645140664961637,0.602714892454589,0.627237851662404,0.558823529411765,0.695652173913044,0.618925831202046,0.611016605797333,0.561381074168798,0.470588235294118,0.652173913043478,0.656649616368286,0.652194371634438,FALSE,,FALSE,TRUE,FALSE,2,3,3,-0.604908944661867,0,0,0,0.0377237851662404,-0.0281329923273658,0.0466751918158567,FALSE,FALSE,TRUE,FALSE,TRUE
matched three-representation atlas,GigaSSL,oncogenic_pathway,oncogenic_pathway,READ,RTK RAS,SanchezVega2018_TableS4,106,75,31,20261207,0.627096774193548,0.601935483870968,0.72,0.483870967741936,0.681720430107527,0.844169070565058,0.60752688172043,0.666666666666667,0.548387096774194,0.675698924731183,0.839663499874223,0.593763440860215,0.413333333333333,0.774193548387097,0.715698924731183,0.872973298035755,TRUE,,TRUE,TRUE,FALSE,10,9,7,6.50225908955217,0,0,0,0.00559139784946228,-0.0081720430107527,-0.0251612903225803,TRUE,TRUE,TRUE,TRUE,FALSE
matched three-representation atlas,GigaSSL,oncogenic_pathway,oncogenic_pathway,READ,TGF-Beta,SanchezVega2018_TableS4,106,27,79,20261208,0.576183778715424,0.583919362400375,0.37037037037037,0.79746835443038,0.575714955461791,0.405619535650765,0.601031411157993,0.518518518518519,0.683544303797468,0.583684950773558,0.371152939143309,0.56305672761369,0.518518518518519,0.607594936708861,0.632911392405063,0.372929016458273,FALSE,,FALSE,TRUE,FALSE,9,1,1,-0.707435785159417,0,0,0,0.0171120487576183,-0.0208626347866855,0.00773558368495109,TRUE,FALSE,TRUE,FALSE,TRUE
matched three-representation atlas,GigaSSL,oncogenic_pathway,oncogenic_pathway,SARC,Cell Cycle,SanchezVega2018_TableS4,222,145,77,20261209,0.597492163009404,0.563770712046574,0.737931034482759,0.38961038961039,0.5756381549485,0.690320580361724,0.547156291983878,0.613793103448276,0.480519480519481,0.572861621137483,0.730247066459693,0.613927451858486,0.56551724137931,0.662337662337662,0.594536497984774,0.742815372640113,FALSE,,FALSE,FALSE,TRUE,6,1,1,0.802884683485314,0,0,0,-0.016614420062696,0.0501567398119122,-0.0337214509628299,TRUE,FALSE,TRUE,TRUE,FALSE
matched three-representation atlas,GigaSSL,oncogenic_pathway,oncogenic_pathway,SARC,RTK RAS,SanchezVega2018_TableS4,222,86,136,20261213,0.544972640218878,0.605078659370725,0.511627906976744,0.698529411764706,0.589175786593707,0.443141140924745,0.576521887824898,0.616279069767442,0.536764705882353,0.600889192886457,0.480180701875644,0.564551983584131,0.651162790697675,0.477941176470588,0.5734439124487,0.431305154511053,FALSE,,TRUE,FALSE,FALSE,5,1,5,-0.459284152160336,0,0,0,-0.0285567715458276,-0.0405266757865936,0.060106019151847,FALSE,TRUE,TRUE,TRUE,TRUE
matched three-representation atlas,GigaSSL,oncogenic_pathway,oncogenic_pathway,STAD,Cell Cycle,SanchezVega2018_TableS4,311,214,97,20261216,0.614172849022064,0.547981501108007,0.869158878504673,0.22680412371134,0.614943636188458,0.744063086787577,0.611571442335485,0.635514018691589,0.587628865979382,0.639319780325658,0.755822548382815,0.614172849022064,0.785046728971963,0.443298969072165,0.639319780325658,0.755822548382815,TRUE,,FALSE,TRUE,TRUE,1,1,1,0.442051096091283,0,0,0,0.0635899412274786,0.0661913479140572,-0.0661913479140576,TRUE,FALSE,TRUE,TRUE,TRUE
matched three-representation atlas,GigaSSL,oncogenic_pathway,oncogenic_pathway,STAD,NOTCH,SanchezVega2018_TableS4,321,123,198,20261219,0.616777531411678,0.61850209411185,0.439024390243902,0.797979797979798,0.619282253428595,0.492487173266543,0.609756097560976,0.552845528455285,0.666666666666667,0.604828775560483,0.48134486801007,0.578529194382853,0.414634146341463,0.742424242424242,0.587870575675454,0.449441562640499,TRUE,,TRUE,TRUE,FALSE,2,2,2,-0.107805512713326,0,0,0,-0.0087459965508746,-0.0399728997289973,0.00172456270017218,TRUE,TRUE,TRUE,TRUE,FALSE
matched three-representation atlas,GigaSSL,oncogenic_pathway,oncogenic_pathway,STAD,RTK RAS,SanchezVega2018_TableS4,321,189,132,20261221,0.549723424723425,0.575396825396825,0.650793650793651,0.5,0.599647266313933,0.677996956060907,0.602753727753728,0.576719576719577,0.628787878787879,0.603054353054353,0.680662433962815,0.576899951899952,0.661375661375661,0.492424242424242,0.591590508257175,0.668163691921183,FALSE,,FALSE,TRUE,FALSE,7,6,3,-0.0297492534801229,0,0,0,0.0273569023569025,0.00150312650312656,0.0256734006734004,FALSE,FALSE,TRUE,FALSE,TRUE
matched three-representation atlas,GigaSSL,oncogenic_pathway,oncogenic_pathway,STAD,TGF-Beta,SanchezVega2018_TableS4,321,89,232,20261222,0.637955249903138,0.530075552111585,0.258426966292135,0.801724137931035,0.593180937621077,0.325932093735231,0.641272762495157,0.584269662921348,0.698275862068966,0.660402944595118,0.377596413963798,0.602019566059667,0.561797752808989,0.642241379310345,0.646261139093375,0.372971833219129,TRUE,,FALSE,TRUE,TRUE,5,3,4,-1.2728482908177,0,0,0,0.111197210383572,0.0719440139480821,-0.107879697791553,TRUE,FALSE,TRUE,TRUE,TRUE
matched three-representation atlas,GigaSSL,oncogenic_pathway,oncogenic_pathway,STAD,TP53,SanchezVega2018_TableS4,321,180,141,20261223,0.575177304964539,0.587706855791962,0.622222222222222,0.553191489361702,0.604176516942474,0.634070727829976,0.616843971631206,0.616666666666667,0.617021276595745,0.666903073286052,0.713259098261959,0.626063829787234,0.55,0.702127659574468,0.673128447596533,0.712011931415993,FALSE,,FALSE,TRUE,TRUE,4,3,3,0.603224391448945,0,0,0,0.0291371158392435,0.0383569739952718,0.0125295508274232,TRUE,FALSE,TRUE,TRUE,TRUE
matched three-representation atlas,GigaSSL,oncogenic_pathway,oncogenic_pathway,THCA,WNT,SanchezVega2018_TableS4,468,60,408,20261229,0.702205882352941,0.581127450980392,0.233333333333333,0.928921568627451,0.681372549019608,0.259124918043164,0.718872549019608,0.7,0.737745098039216,0.768831699346405,0.3364968402932,0.702205882352941,0.666666666666667,0.737745098039216,0.768831699346405,0.3364968402932,TRUE,,FALSE,TRUE,TRUE,5,1,1,-1.77171149869411,0,0,0,0.137745098039216,0.121078431372549,-0.121078431372549,FALSE,FALSE,TRUE,TRUE,TRUE
matched three-representation atlas,GigaSSL,oncogenic_pathway,oncogenic_pathway,UCEC,Cell Cycle,SanchezVega2018_TableS4,225,131,94,20261230,0.557536137729414,0.610280980997239,0.709923664122137,0.51063829787234,0.615640734123762,0.683175934524653,0.589572843917492,0.625954198473283,0.553191489361702,0.612636024037681,0.678999324067077,0.595460451518597,0.541984732824428,0.648936170212766,0.625142114666234,0.696664524396051,FALSE,,TRUE,FALSE,FALSE,6,6,4,0.443387253104814,0,0,0,-0.0207081370797466,-0.0148205294786422,0.0527448432678249,TRUE,TRUE,TRUE,TRUE,TRUE
matched three-representation atlas,ProvGigaPath,aneuploidy,aneuploidy,GBM,Genome doubling,Taylor2018_TableS2,361,46,315,20260821,0.612905452035887,0.506728778467909,0.108695652173913,0.904761904761905,0.532367149758454,0.168592340214209,0.577950310559006,0.41304347826087,0.742857142857143,0.593029675638371,0.171425062832355,0.602760524499655,0.608695652173913,0.596825396825397,0.590821256038647,0.165755589106904,TRUE,,FALSE,FALSE,TRUE,11,2,3,-2.6693052262673,0,0,0,0.0712215320910974,0.0960317460317461,-0.106176673567978,TRUE,FALSE,TRUE,TRUE,FALSE
matched three-representation atlas,ProvGigaPath,aneuploidy,aneuploidy,HNSC,Genome doubling,Taylor2018_TableS2,435,176,259,20260822,0.569114162864163,0.57578316953317,0.448863636363636,0.702702702702703,0.594419094419095,0.498792628442799,0.608524921024921,0.556818181818182,0.66023166023166,0.640838890838891,0.533430838939522,0.570573008073008,0.488636363636364,0.652509652509653,0.610192172692173,0.504225380447581,FALSE,,FALSE,TRUE,FALSE,5,6,5,0.03355642821476,0,0,0,0.0327417514917515,-0.00521016146016151,0.00666900666900649,TRUE,FALSE,TRUE,FALSE,TRUE
matched three-representation atlas,ProvGigaPath,aneuploidy,aneuploidy,PCPG,Genome doubling,Taylor2018_TableS2,157,24,133,20260830,0.575344611528822,0.506109022556391,0.125,0.887218045112782,0.620927318295739,0.209380120759084,0.553884711779449,0.333333333333333,0.774436090225564,0.581140350877193,0.189191154643983,0.605733082706767,0.625,0.586466165413534,0.721491228070175,0.315003613067809,FALSE,,FALSE,FALSE,TRUE,6,3,3,-4.51185447550984,0,0,0,0.0477756892230578,0.0996240601503759,-0.0692355889724311,TRUE,FALSE,TRUE,TRUE,FALSE
matched three-representation atlas,ProvGigaPath,aneuploidy,aneuploidy,READ,Genome doubling,Taylor2018_TableS2,142,72,70,20260832,0.611706349206349,0.618849206349206,0.680555555555556,0.557142857142857,0.636111111111111,0.634915200516649,0.618849206349206,0.680555555555556,0.557142857142857,0.636111111111111,0.634915200516649,0.590079365079365,0.694444444444445,0.485714285714286,0.636111111111111,0.63338573558225,TRUE,,TRUE,TRUE,FALSE,5,5,6,-2.25245762101005,0,0,0,0,-0.0287698412698413,0.00714285714285734,TRUE,TRUE,TRUE,TRUE,FALSE
matched three-representation atlas,ProvGigaPath,aneuploidy,aneuploidy,SKCM,Genome doubling,Taylor2018_TableS2,98,35,63,20260834,0.536507936507937,0.646031746031746,0.514285714285714,0.777777777777778,0.681179138321996,0.544107485587833,0.63015873015873,0.514285714285714,0.746031746031746,0.691156462585034,0.550223468892847,0.533333333333333,0.685714285714286,0.380952380952381,0.678458049886621,0.537612340558518,FALSE,,TRUE,TRUE,FALSE,11,11,13,-191.696648265026,0,0,0,-0.0158730158730158,-0.112698412698413,0.109523809523809,FALSE,TRUE,TRUE,TRUE,FALSE
matched three-representation atlas,ProvGigaPath,driver_mutation,Bailey_tissue_specific_driver,BLCA,RB1,TCGA_MC3_Bailey2018,384,73,311,20260858,0.589635730960666,0.598533233493371,0.383561643835616,0.813504823151125,0.671893582345946,0.320995778604528,0.611593181517861,0.547945205479452,0.67524115755627,0.620182354754878,0.272960822305164,0.612562216447166,0.684931506849315,0.540192926045016,0.603664713914461,0.238646300026037,FALSE,,FALSE,TRUE,TRUE,17,3,3,-2.09831386248195,1,0,0,0.0130599480244902,0.0140289829537947,0.00889750253270483,TRUE,FALSE,TRUE,TRUE,TRUE
matched three-representation atlas,ProvGigaPath,driver_mutation,Bailey_tissue_specific_driver,BLCA,STAG2,TCGA_MC3_Bailey2018,384,53,331,20260863,0.639913355754432,0.548281365786924,0.150943396226415,0.945619335347432,0.566094738642194,0.195499072064917,0.633871059681924,0.509433962264151,0.758308157099698,0.640540386478938,0.278274425448544,0.639913355754432,0.509433962264151,0.770392749244713,0.640540386478938,0.278274425448544,TRUE,,FALSE,TRUE,TRUE,4,1,1,-1.77371840733495,0,0,0,0.0855896938950008,0.0916319899675084,-0.0916319899675084,TRUE,FALSE,TRUE,TRUE,TRUE
matched three-representation atlas,ProvGigaPath,driver_mutation,Bailey_tissue_specific_driver,CESC,TP53,TCGA_MC3_Bailey2018,251,21,230,20260872,0.51832298136646,0.562629399585921,0.19047619047619,0.934782608695652,0.627329192546584,0.162260180804891,0.58416149068323,0.285714285714286,0.882608695652174,0.686956521739131,0.148808106917673,0.631262939958592,0.619047619047619,0.643478260869565,0.671635610766046,0.16913183258865,FALSE,,FALSE,FALSE,TRUE,8,3,3,-6.42024662419484,0,0,0,0.0215320910973085,0.0686335403726708,0.0443064182194612,FALSE,FALSE,TRUE,TRUE,FALSE
matched three-representation atlas,ProvGigaPath,driver_mutation,Bailey_tissue_specific_driver,COAD,AMER1,TCGA_MC3_Bailey2018,382,37,345,20260874,0.582804543674109,0.484528006267137,0.027027027027027,0.942028985507246,0.521112416764591,0.105403816984951,0.629573051312182,0.783783783783784,0.47536231884058,0.660869565217391,0.171900934186075,0.652330591461026,0.675675675675676,0.628985507246377,0.649197023110067,0.173060011938175,FALSE,,FALSE,TRUE,TRUE,9,1,3,-2.93476395497103,0,0,0,0.145045045045045,0.16780258519389,-0.0982765374069724,TRUE,FALSE,TRUE,TRUE,TRUE
matched three-representation atlas,ProvGigaPath,driver_mutation,Bailey_tissue_specific_driver,COAD,PIK3CA,TCGA_MC3_Bailey2018,382,83,299,20260881,0.625700124914373,0.561651287423943,0.337349397590361,0.785953177257525,0.612805738002176,0.317264446702088,0.615324172945964,0.819277108433735,0.411371237458194,0.643429906918644,0.287247779015278,0.625700124914373,0.843373493975904,0.408026755852843,0.6078494580328,0.260675325114306,TRUE,,FALSE,TRUE,TRUE,12,1,1,-1.85449513197647,0,0,0,0.0536728855220212,0.06404883749043,-0.0640488374904298,TRUE,FALSE,TRUE,TRUE,TRUE
matched three-representation atlas,ProvGigaPath,driver_mutation,Bailey_tissue_specific_driver,COAD,SMAD4,TCGA_MC3_Bailey2018,382,36,346,20260882,0.607658959537572,0.523763648041105,0.111111111111111,0.936416184971098,0.613921001926782,0.148822271125805,0.607016698779705,0.638888888888889,0.57514450867052,0.665863840719332,0.151346769615502,0.607658959537572,0.75,0.465317919075145,0.70640655105973,0.178206935681771,TRUE,,FALSE,TRUE,TRUE,9,1,1,-2.70700169990972,0,0,0,0.0832530507385999,0.0838953114964677,-0.0838953114964673,TRUE,FALSE,TRUE,TRUE,TRUE
matched three-representation atlas,ProvGigaPath,driver_mutation,Bailey_tissue_specific_driver,GBM,PIK3CA,TCGA_MC3_Bailey2018,240,22,218,20260887,0.61884904086739,0.456422018348624,0,0.912844036697248,0.452251876563803,0.0844133322380355,0.657839866555463,0.590909090909091,0.724770642201835,0.643661384487073,0.148624822444629,0.58465387823186,0.545454545454545,0.623853211009174,0.60279399499583,0.13231784005721,TRUE,,FALSE,TRUE,FALSE,2,1,1,-3.05278581583691,1,0,0,0.201417848206839,0.128231859883236,-0.162427022518766,TRUE,FALSE,TRUE,FALSE,TRUE
matched three-representation atlas,ProvGigaPath,driver_mutation,Bailey_tissue_specific_driver,GBM,TP53,TCGA_MC3_Bailey2018,240,52,188,20260889,0.552986906710311,0.617839607201309,0.384615384615385,0.851063829787234,0.657528641571195,0.376850433490817,0.608428805237316,0.461538461538462,0.75531914893617,0.643412438625205,0.317684785198266,0.590425531914894,0.75,0.430851063829787,0.638911620294599,0.309034529527741,FALSE,,TRUE,TRUE,FALSE,7,3,5,-3.52742014640423,0,0,0,-0.00941080196399346,-0.0274140752864157,0.0648527004909983,TRUE,TRUE,TRUE,TRUE,FALSE
matched three-representation atlas,ProvGigaPath,driver_mutation,Bailey_tissue_specific_driver,HNSC,AJUBA,TCGA_MC3_Bailey2018,431,28,403,20260890,0.587912087912088,0.490074441687345,0,0.98014888337469,0.519496632399858,0.0815637567689829,0.616492378589153,0.535714285714286,0.69727047146402,0.643920595533499,0.098122154693648,0.521180432470755,0.642857142857143,0.399503722084367,0.55538816022687,0.0769071789086187,FALSE,,FALSE,TRUE,FALSE,3,1,4,-6.65994544490798,0,0,0,0.126417936901808,0.0311059907834101,-0.0978376462247431,TRUE,FALSE,TRUE,FALSE,TRUE
matched three-representation atlas,ProvGigaPath,driver_mutation,Bailey_tissue_specific_driver,HNSC,HRAS,TCGA_MC3_Bailey2018,431,27,404,20260898,0.608223322332233,0.506096442977631,0.0740740740740741,0.938118811881188,0.474605793912725,0.0635232508537041,0.520856252291896,0.148148148148148,0.893564356435644,0.586908690869087,0.0840940536064151,0.603226989365603,0.592592592592593,0.613861386138614,0.692427576090942,0.114386205689348,TRUE,,FALSE,FALSE,TRUE,7,6,5,-5.6560554974926,0,0,0,0.0147598093142647,0.0971305463879721,-0.102126879354602,TRUE,FALSE,TRUE,TRUE,FALSE
matched three-representation atlas,ProvGigaPath,driver_mutation,Bailey_tissue_specific_driver,HNSC,NSD1,TCGA_MC3_Bailey2018,431,51,380,20260904,0.589241486068111,0.633771929824562,0.333333333333333,0.93421052631579,0.66047471620227,0.233756657100629,0.594891640866873,0.352941176470588,0.836842105263158,0.630804953560372,0.218917203959801,0.619711042311661,0.607843137254902,0.631578947368421,0.645201238390093,0.226790559451219,FALSE,,TRUE,FALSE,TRUE,15,6,12,-10.6566082450779,0,0,0,-0.0388802889576884,-0.0140608875129,0.0445304437564504,TRUE,TRUE,TRUE,FALSE,TRUE
matched three-representation atlas,ProvGigaPath,driver_mutation,Bailey_tissue_specific_driver,HNSC,TGFBR2,TCGA_MC3_Bailey2018,431,21,410,20260906,0.698722415795587,0.511614401858304,0.0476190476190476,0.975609756097561,0.743670150987224,0.119295113946288,0.600813008130081,0.333333333333333,0.868292682926829,0.706620209059233,0.10345722371998,0.659001161440186,0.761904761904762,0.55609756097561,0.66260162601626,0.0873712879043583,TRUE,,FALSE,TRUE,TRUE,7,4,6,-6.93186828876391,0,0,0,0.089198606271777,0.147386759581882,-0.187108013937283,FALSE,FALSE,TRUE,TRUE,TRUE
matched three-representation atlas,ProvGigaPath,driver_mutation,Bailey_tissue_specific_driver,KIRC,SETD2,TCGA_MC3_Bailey2018,351,47,304,20260912,0.582061870100784,0.543113101903695,0.191489361702128,0.894736842105263,0.581606942889138,0.206200225558281,0.610687290033595,0.468085106382979,0.753289473684211,0.65726483762598,0.249519621322222,0.579542273236282,0.425531914893617,0.733552631578947,0.612402015677492,0.224399459908165,FALSE,,FALSE,TRUE,FALSE,18,2,3,-2.5633633085879,1,0,1,0.0675741881298992,0.0364291713325867,-0.0389487681970886,TRUE,FALSE,TRUE,FALSE,TRUE
matched three-representation atlas,ProvGigaPath,driver_mutation,Bailey_tissue_specific_driver,LGG,FUBP1,TCGA_MC3_Bailey2018,485,44,441,20260917,0.731112141826428,0.570526695526696,0.204545454545455,0.936507936507937,0.725056689342404,0.272926953851221,0.72180993609565,0.636363636363636,0.807256235827664,0.803906411049268,0.283553698857663,0.731112141826428,0.840909090909091,0.621315192743764,0.816378066378066,0.301974991530227,TRUE,,FALSE,TRUE,TRUE,5,2,3,-3.9229406010589,0,0,0,0.151283240568955,0.160585446299732,-0.160585446299732,FALSE,FALSE,TRUE,TRUE,TRUE
matched three-representation atlas,ProvGigaPath,driver_mutation,Bailey_tissue_specific_driver,LGG,IDH2,TCGA_MC3_Bailey2018,485,20,465,20260919,0.741666666666667,0.514247311827957,0.05,0.978494623655914,0.656666666666667,0.11969065137954,0.793279569892473,0.75,0.836559139784946,0.828817204301075,0.184123601598065,0.711290322580645,0.7,0.72258064516129,0.77741935483871,0.15107400402468,TRUE,,FALSE,TRUE,TRUE,6,1,2,-3.71639924724236,0,0,0,0.279032258064516,0.197043010752688,-0.22741935483871,FALSE,FALSE,TRUE,TRUE,TRUE
matched three-representation atlas,ProvGigaPath,driver_mutation,Bailey_tissue_specific_driver,LGG,NOTCH1,TCGA_MC3_Bailey2018,485,32,453,20260921,0.65576710816777,0.520384933774834,0.09375,0.947019867549669,0.607753863134658,0.0978780140162852,0.643108443708609,0.53125,0.754966887417219,0.673082229580574,0.13861784673111,0.641590783664459,0.65625,0.626931567328918,0.642798013245033,0.112360875580612,TRUE,,FALSE,TRUE,TRUE,5,1,2,-4.33613003272766,0,0,0,0.122723509933775,0.121205849889625,-0.135382174392936,FALSE,FALSE,TRUE,TRUE,TRUE
matched three-representation atlas,ProvGigaPath,driver_mutation,Bailey_tissue_specific_driver,LIHC,AXIN1,TCGA_MC3_Bailey2018,346,25,321,20260930,0.609719626168224,0.495077881619938,0.04,0.950155763239875,0.621806853582555,0.120618285554859,0.602118380062305,0.36,0.844236760124611,0.685981308411215,0.139511406895264,0.606853582554517,0.6,0.613707165109034,0.602492211838006,0.107431642159243,TRUE,,FALSE,TRUE,TRUE,3,2,2,-4.1589299445732,0,0,0,0.107040498442368,0.111775700934579,-0.114641744548286,TRUE,FALSE,TRUE,TRUE,TRUE
matched three-representation atlas,ProvGigaPath,driver_mutation,Bailey_tissue_specific_driver,LIHC,CTNNB1,TCGA_MC3_Bailey2018,346,92,254,20260932,0.635612803834303,0.598639164669634,0.358695652173913,0.838582677165354,0.661246148579254,0.403525438787306,0.584174940089011,0.510869565217391,0.65748031496063,0.654827114002054,0.399151871996155,0.634115029099623,0.630434782608696,0.637795275590551,0.688077713111948,0.441636077280388,TRUE,,FALSE,FALSE,TRUE,5,4,4,-1.51793706653264,0,0,0,-0.014464224580623,0.0354758644299897,-0.0369736391646693,TRUE,FALSE,TRUE,TRUE,FALSE
matched three-representation atlas,ProvGigaPath,driver_mutation,Bailey_tissue_specific_driver,LUAD,KEAP1,TCGA_MC3_Bailey2018,463,83,380,20260938,0.635605580215599,0.561271401395054,0.240963855421687,0.881578947368421,0.633354470513634,0.269627855954183,0.568389346861129,0.457831325301205,0.678947368421053,0.631674064679772,0.264264917432501,0.642596702599873,0.903614457831325,0.381578947368421,0.664870006341154,0.274756453316323,TRUE,,FALSE,FALSE,TRUE,10,3,4,-4.26798331425179,0,0,0,0.0071179454660748,0.0813253012048193,-0.074334178820545,TRUE,FALSE,TRUE,TRUE,FALSE
matched three-representation atlas,ProvGigaPath,driver_mutation,Bailey_tissue_specific_driver,LUAD,KRAS,TCGA_MC3_Bailey2018,463,140,323,20260939,0.581744803184432,0.629268022998673,0.407142857142857,0.851393188854489,0.614197257850509,0.422328313604995,0.629013710747457,0.542857142857143,0.715170278637771,0.63874391862008,0.439223262079441,0.591275984077842,0.464285714285714,0.718266253869969,0.594758956214065,0.399635076784956,FALSE,,TRUE,TRUE,FALSE,5,4,6,-0.735505051169696,0,0,0,-0.000254312251216193,-0.0379920389208315,0.0475232198142411,TRUE,TRUE,TRUE,TRUE,FALSE
matched three-representation atlas,ProvGigaPath,driver_mutation,Bailey_tissue_specific_driver,LUAD,SMARCA4,TCGA_MC3_Bailey2018,463,36,427,20260946,0.566191777257351,0.572632058287796,0.194444444444444,0.950819672131147,0.616185271922977,0.151198551711397,0.602946916471507,0.416666666666667,0.789227166276347,0.577933905802758,0.129327606592971,0.561833203226646,0.638888888888889,0.484777517564403,0.592766068175904,0.101567792932905,FALSE,,FALSE,TRUE,FALSE,14,4,2,-4.2167431209485,0,0,0,0.0303148581837107,-0.0107988550611502,0.00644028103044492,TRUE,FALSE,TRUE,FALSE,TRUE
matched three-representation atlas,ProvGigaPath,driver_mutation,Bailey_tissue_specific_driver,LUSC,KEAP1,TCGA_MC3_Bailey2018,460,51,409,20260956,0.577712258497531,0.549139460185052,0.196078431372549,0.902200488997555,0.57485977275996,0.145856550818931,0.57380507215111,0.372549019607843,0.775061124694377,0.610144302219665,0.159943377936711,0.619468814420634,0.725490196078431,0.513447432762836,0.630471259408409,0.211112876845228,FALSE,,FALSE,FALSE,TRUE,12,3,4,-3.66167252992925,0,0,0,0.0246656119660579,0.0703293542355817,-0.0285727983124791,TRUE,FALSE,TRUE,TRUE,FALSE
matched three-representation atlas,ProvGigaPath,driver_mutation,Bailey_tissue_specific_driver,OV,TP53,TCGA_MC3_Bailey2018,70,21,49,20260966,0.673469387755102,0.680272108843538,0.523809523809524,0.836734693877551,0.776482021379981,0.691683083322309,0.738095238095238,0.619047619047619,0.857142857142857,0.750242954324587,0.614582390928107,0.574829931972789,0.619047619047619,0.530612244897959,0.652089407191448,0.470875728243807,TRUE,,TRUE,TRUE,FALSE,2,2,4,-5.02156153400382,0,0,0,0.0578231292517006,-0.105442176870748,0.00680272108843549,FALSE,TRUE,TRUE,TRUE,FALSE
matched three-representation atlas,ProvGigaPath,driver_mutation,Bailey_tissue_specific_driver,PAAD,TP53,TCGA_MC3_Bailey2018,175,106,69,20260970,0.592425485370522,0.580598851517637,0.726415094339623,0.434782608695652,0.621000820344545,0.688269183166075,0.610267979217938,0.669811320754717,0.550724637681159,0.632075471698113,0.694443856721538,0.584974022422751,0.764150943396226,0.405797101449275,0.60746513535685,0.669720781199627,FALSE,,FALSE,TRUE,FALSE,3,3,2,0.511935679172488,0,0,0,0.0296691277003008,0.00437517090511352,-0.0118266338528846,TRUE,FALSE,TRUE,FALSE,TRUE
matched three-representation atlas,ProvGigaPath,driver_mutation,Bailey_tissue_specific_driver,READ,KRAS,TCGA_MC3_Bailey2018,134,29,105,20260975,0.685221674876847,0.581937602627258,0.344827586206897,0.819047619047619,0.656486042692939,0.329308638894748,0.741707717569787,0.931034482758621,0.552380952380952,0.723481116584565,0.363687856004378,0.692939244663383,0.862068965517241,0.523809523809524,0.619047619047619,0.288574100075626,TRUE,,FALSE,TRUE,TRUE,9,1,1,-1.9622627346971,0,0,0,0.159770114942529,0.111001642036125,-0.103284072249589,FALSE,FALSE,TRUE,TRUE,TRUE
matched three-representation atlas,ProvGigaPath,driver_mutation,Bailey_tissue_specific_driver,SARC,ATRX,TCGA_MC3_Bailey2018,229,35,194,20260977,0.600368188512518,0.55500736377025,0.228571428571429,0.881443298969072,0.519587628865979,0.172357101150681,0.558247422680412,0.4,0.716494845360825,0.574668630338733,0.190736435886938,0.613475699558174,0.685714285714286,0.541237113402062,0.614580265095729,0.218192005783316,TRUE,,FALSE,FALSE,TRUE,6,4,2,-2.50862581257882,1,0,0,0.00324005891016199,0.0584683357879234,-0.0453608247422677,TRUE,FALSE,TRUE,TRUE,FALSE
matched three-representation atlas,ProvGigaPath,driver_mutation,Bailey_tissue_specific_driver,STAD,BCOR,TCGA_MC3_Bailey2018,365,29,336,20260984,0.576816502463054,0.579638752052545,0.206896551724138,0.952380952380952,0.633312807881773,0.174505943004987,0.615250410509031,0.379310344827586,0.851190476190476,0.650451559934319,0.148249502076723,0.58425697865353,0.448275862068966,0.720238095238095,0.649425287356322,0.170318349722025,FALSE,,FALSE,TRUE,FALSE,4,2,2,-3.37551095035583,0,0,0,0.0356116584564861,0.00461822660098521,0.00282224958949107,TRUE,FALSE,TRUE,FALSE,TRUE
matched three-representation atlas,ProvGigaPath,driver_mutation,Bailey_tissue_specific_driver,STAD,CDH1,TCGA_MC3_Bailey2018,365,35,330,20260985,0.602597402597403,0.573376623376623,0.228571428571429,0.918181818181818,0.611428571428571,0.163904350409222,0.690909090909091,0.6,0.781818181818182,0.7404329004329,0.240026285540302,0.680735930735931,0.685714285714286,0.675757575757576,0.688138528138528,0.192826039205791,TRUE,,FALSE,TRUE,TRUE,16,2,3,-3.72787456275552,0,0,0,0.117532467532468,0.107359307359307,-0.0292207792207797,TRUE,FALSE,TRUE,TRUE,TRUE
matched three-representation atlas,ProvGigaPath,driver_mutation,Bailey_tissue_specific_driver,STAD,FBXW7,TCGA_MC3_Bailey2018,365,29,336,20260989,0.683138341543514,0.52196223316913,0.103448275862069,0.940476190476191,0.651580459770115,0.142378548463675,0.579279556650246,0.310344827586207,0.848214285714286,0.630028735632184,0.149346876117266,0.686371100164204,0.896551724137931,0.476190476190476,0.675903119868637,0.161703645058633,TRUE,,FALSE,FALSE,TRUE,19,3,16,-28.5385821599635,0,0,0,0.0573173234811166,0.164408866995074,-0.161176108374384,FALSE,FALSE,TRUE,TRUE,FALSE
matched three-representation atlas,ProvGigaPath,driver_mutation,Bailey_tissue_specific_driver,STAD,KRAS,TCGA_MC3_Bailey2018,365,30,335,20260990,0.646019900497513,0.494278606965174,0.0333333333333333,0.955223880597015,0.612636815920398,0.119920306927891,0.5818407960199,0.366666666666667,0.797014925373134,0.714925373134328,0.170706477334486,0.611691542288557,0.766666666666667,0.456716417910448,0.717213930348259,0.181610976707447,TRUE,,FALSE,FALSE,TRUE,10,2,3,-4.41534373463916,0,0,0,0.0875621890547263,0.117412935323383,-0.151741293532339,TRUE,FALSE,TRUE,TRUE,FALSE
matched three-representation atlas,ProvGigaPath,driver_mutation,Bailey_tissue_specific_driver,STAD,PIK3CA,TCGA_MC3_Bailey2018,365,55,310,20260992,0.658797653958944,0.521114369501466,0.145454545454545,0.896774193548387,0.610909090909091,0.21743108105847,0.646480938416422,0.509090909090909,0.783870967741935,0.728269794721408,0.292691604319757,0.673900293255132,0.709090909090909,0.638709677419355,0.706275659824047,0.320319722000148,TRUE,,FALSE,TRUE,TRUE,6,4,3,-3.07305133006348,0,0,0,0.125366568914956,0.152785923753666,-0.137683284457478,FALSE,FALSE,TRUE,TRUE,TRUE
matched three-representation atlas,ProvGigaPath,driver_mutation,Bailey_tissue_specific_driver,STAD,RHOA,TCGA_MC3_Bailey2018,365,20,345,20260995,0.596376811594203,0.473913043478261,0,0.947826086956522,0.492463768115942,0.0642341963364355,0.527536231884058,0.2,0.855072463768116,0.553768115942029,0.0692463729222304,0.68768115942029,0.7,0.67536231884058,0.610869565217391,0.0889783739167674,FALSE,,FALSE,FALSE,TRUE,10,5,6,-6.961978427119,1,0,0,0.0536231884057971,0.213768115942029,-0.122463768115942,TRUE,FALSE,TRUE,TRUE,FALSE
matched three-representation atlas,ProvGigaPath,driver_mutation,Bailey_tissue_specific_driver,TGCT,KIT,TCGA_MC3_Bailey2018,128,20,108,20260999,0.658333333333333,0.562962962962963,0.2,0.925925925925926,0.65787037037037,0.266927956948405,0.638888888888889,0.5,0.777777777777778,0.674537037037037,0.287436453756879,0.716666666666667,0.85,0.583333333333333,0.738888888888889,0.471631670740218,TRUE,,FALSE,TRUE,TRUE,3,2,7,-13.8853005008911,0,0,0,0.0759259259259259,0.153703703703704,-0.09537037037037,FALSE,FALSE,TRUE,TRUE,TRUE
matched three-representation atlas,ProvGigaPath,driver_mutation,Bailey_tissue_specific_driver,THCA,NRAS,TCGA_MC3_Bailey2018,480,38,442,20261001,0.674267682781615,0.598059061681353,0.236842105263158,0.959276018099547,0.680459633246011,0.225893764141493,0.665575136937366,0.473684210526316,0.857466063348416,0.749821386044296,0.262567794550721,0.66224100976423,0.68421052631579,0.64027149321267,0.695820433436533,0.243466530226259,TRUE,,FALSE,TRUE,TRUE,8,2,2,-3.64332214678275,0,0,0,0.0675160752560133,0.0641819480828768,-0.0762086211002623,FALSE,FALSE,TRUE,TRUE,TRUE
matched three-representation atlas,ProvGigaPath,driver_mutation,Bailey_tissue_specific_driver,UCEC,ARID1A,TCGA_MC3_Bailey2018,486,175,311,20261005,0.633863114377584,0.596564079007809,0.434285714285714,0.758842443729904,0.639228295819936,0.476713333529939,0.606366559485531,0.56,0.652733118971061,0.662452916858062,0.508694334437498,0.583141938447405,0.571428571428571,0.594855305466238,0.645898024804777,0.5090771636914,TRUE,,FALSE,TRUE,FALSE,6,4,6,-0.900777111557582,0,0,0,0.0098024804777217,-0.0134221405604041,-0.0372990353697752,TRUE,FALSE,TRUE,FALSE,TRUE
matched three-representation atlas,ProvGigaPath,driver_mutation,Bailey_tissue_specific_driver,UCEC,ATF7IP,TCGA_MC3_Bailey2018,486,35,451,20261007,0.59908140639848,0.561324041811847,0.171428571428571,0.951219512195122,0.61311371555274,0.138213616847292,0.593569844789357,0.4,0.787139689578714,0.664174849540703,0.151508219812538,0.605004751346215,0.571428571428571,0.638580931263858,0.631295533734558,0.125339691593499,FALSE,,FALSE,FALSE,TRUE,10,3,3,-3.53541652377956,0,0,0,0.0322458029775102,0.043680709534368,-0.0377573645866333,TRUE,FALSE,TRUE,TRUE,FALSE
matched three-representation atlas,ProvGigaPath,driver_mutation,Bailey_tissue_specific_driver,UCEC,ATR,TCGA_MC3_Bailey2018,486,51,435,20261009,0.590804597701149,0.548005409060176,0.176470588235294,0.919540229885057,0.594545864322741,0.177556035566954,0.568356997971602,0.313725490196078,0.822988505747127,0.629434302456615,0.175509640189433,0.624881676808655,0.764705882352941,0.485057471264368,0.670227631282398,0.219643402220455,FALSE,,FALSE,FALSE,TRUE,13,3,3,-3.42811420446529,0,0,0,0.0203515889114266,0.0768762677484787,-0.0427991886409732,TRUE,FALSE,TRUE,TRUE,FALSE
matched three-representation atlas,ProvGigaPath,driver_mutation,Bailey_tissue_specific_driver,UCEC,CHD3,TCGA_MC3_Bailey2018,486,71,415,20261012,0.631070761920923,0.570320719497709,0.23943661971831,0.901204819277108,0.629560495503139,0.231271897999116,0.596809774308502,0.422535211267606,0.771084337349398,0.634108264042084,0.231539946072645,0.61142032920414,0.774647887323944,0.448192771084337,0.635092482606482,0.243056638274391,TRUE,,FALSE,FALSE,TRUE,10,3,3,-3.01993603144824,0,0,0,0.0264890548107926,0.0410996097064313,-0.0607500424232139,TRUE,FALSE,TRUE,TRUE,FALSE
matched three-representation atlas,ProvGigaPath,driver_mutation,Bailey_tissue_specific_driver,UCEC,FBXW7,TCGA_MC3_Bailey2018,486,80,406,20261022,0.599137931034483,0.534729064039409,0.2,0.869458128078818,0.533713054187192,0.185423110119069,0.58451354679803,0.4375,0.731527093596059,0.604987684729064,0.225806696301714,0.611268472906404,0.725,0.497536945812808,0.61570197044335,0.231580508122064,FALSE,,FALSE,FALSE,TRUE,13,4,2,-2.34268188318006,0,0,0,0.0497844827586207,0.0765394088669951,-0.0644088669950741,TRUE,FALSE,TRUE,TRUE,FALSE
matched three-representation atlas,ProvGigaPath,driver_mutation,Bailey_tissue_specific_driver,UCEC,FOXA2,TCGA_MC3_Bailey2018,486,30,456,20261024,0.629824561403509,0.516885964912281,0.0666666666666667,0.967105263157895,0.602997076023392,0.103947520083997,0.541228070175439,0.266666666666667,0.81578947368421,0.620102339181287,0.131268410937286,0.625438596491228,0.733333333333333,0.517543859649123,0.643201754385965,0.147105598932822,TRUE,,FALSE,FALSE,TRUE,3,3,3,-4.27545689642681,0,0,0,0.0243421052631579,0.108552631578947,-0.112938596491228,TRUE,FALSE,TRUE,TRUE,FALSE
matched three-representation atlas,ProvGigaPath,driver_mutation,Bailey_tissue_specific_driver,UCEC,KANSL1,TCGA_MC3_Bailey2018,486,55,431,20261026,0.572052309639317,0.601181185403923,0.309090909090909,0.893271461716937,0.646150601139,0.218342968820597,0.628475005273149,0.472727272727273,0.784222737819026,0.645770934402025,0.200324210207195,0.565471419531744,0.618181818181818,0.512761020881671,0.633579413625817,0.236780691214147,FALSE,,TRUE,TRUE,FALSE,18,3,4,-3.70223271931949,1,1,0,0.0272938198692259,-0.035709765872179,0.0291288757646063,TRUE,TRUE,TRUE,TRUE,FALSE
matched three-representation atlas,ProvGigaPath,driver_mutation,Bailey_tissue_specific_driver,UCEC,MAP3K1,TCGA_MC3_Bailey2018,486,50,436,20261030,0.570275229357798,0.546422018348624,0.18,0.912844036697248,0.603577981651376,0.16295364887975,0.573165137614679,0.3,0.846330275229358,0.610642201834862,0.168979693847916,0.606697247706422,0.64,0.573394495412844,0.613348623853211,0.173496128401364,FALSE,,FALSE,FALSE,TRUE,13,5,11,-5.36867625828238,0,0,0,0.0267431192660551,0.0602752293577983,-0.0238532110091741,TRUE,FALSE,TRUE,TRUE,FALSE
matched three-representation atlas,ProvGigaPath,driver_mutation,Bailey_tissue_specific_driver,UCEC,MSH6,TCGA_MC3_Bailey2018,486,50,436,20261031,0.666192660550459,0.580688073394495,0.26,0.901376146788991,0.666376146788991,0.192851677673562,0.63545871559633,0.42,0.850917431192661,0.688256880733945,0.243258224100666,0.648623853211009,0.6,0.697247706422018,0.691559633027523,0.223079593692008,TRUE,,FALSE,TRUE,TRUE,14,5,6,-3.79421272948719,1,0,0,0.0547706422018348,0.0679357798165137,-0.0855045871559636,FALSE,FALSE,TRUE,TRUE,TRUE
matched three-representation atlas,ProvGigaPath,driver_mutation,Bailey_tissue_specific_driver,UCEC,PDS5B,TCGA_MC3_Bailey2018,486,42,444,20261034,0.592664092664093,0.543275418275418,0.142857142857143,0.943693693693694,0.633472758472759,0.179159783560588,0.600546975546976,0.428571428571429,0.772522522522523,0.594111969111969,0.16666981418083,0.592664092664093,0.595238095238095,0.59009009009009,0.619959244959245,0.150513969636388,FALSE,,FALSE,TRUE,FALSE,7,2,5,-5.24353201193812,0,0,0,0.0572715572715573,0.0493886743886745,-0.0493886743886748,TRUE,FALSE,TRUE,FALSE,TRUE
matched three-representation atlas,ProvGigaPath,driver_mutation,Bailey_tissue_specific_driver,UCEC,SCAF4,TCGA_MC3_Bailey2018,486,55,431,20261041,0.595254165787809,0.546635730858469,0.2,0.893271461716937,0.598818814596077,0.183031918959933,0.60139211136891,0.4,0.802784222737819,0.687956127399283,0.190244771308803,0.61923644800675,0.690909090909091,0.547563805104408,0.633495043239823,0.186950435975581,FALSE,,FALSE,TRUE,TRUE,18,3,5,-3.91316873741832,1,0,0,0.0547563805104409,0.0726007171482809,-0.0486184349293403,TRUE,FALSE,TRUE,TRUE,TRUE
matched three-representation atlas,ProvGigaPath,driver_mutation,Bailey_tissue_specific_driver,UCEC,SOX17,TCGA_MC3_Bailey2018,486,20,466,20261045,0.629077253218884,0.564270386266094,0.15,0.978540772532189,0.619527896995708,0.0951486373198831,0.544957081545064,0.15,0.939914163090129,0.61255364806867,0.0862501638385827,0.630150214592275,0.55,0.710300429184549,0.640772532188841,0.106201460003676,TRUE,,FALSE,FALSE,TRUE,6,5,5,-8.36394576521056,0,0,0,-0.0193133047210301,0.0658798283261802,-0.0648068669527895,TRUE,FALSE,TRUE,TRUE,FALSE
matched three-representation atlas,ProvGigaPath,driver_mutation,Bailey_tissue_specific_driver,UCEC,ZMYM2,TCGA_MC3_Bailey2018,486,52,434,20261050,0.584190003544842,0.568902871322226,0.211538461538462,0.926267281105991,0.650212690535271,0.214440585463858,0.555166607585963,0.326923076923077,0.783410138248848,0.603154909606523,0.175117322033589,0.642546969159873,0.596153846153846,0.688940092165899,0.667449485997873,0.221757627197575,FALSE,,FALSE,FALSE,TRUE,13,3,5,-4.69015726476663,0,0,0,-0.0137362637362637,0.0736440978376463,-0.0152871322226158,TRUE,FALSE,TRUE,TRUE,FALSE
matched three-representation atlas,ProvGigaPath,fusion,fusion,BLCA,Any called fusion,Gao2018_TableS1,381,288,93,20261054,0.601646505376344,0.532706093189964,0.861111111111111,0.204301075268817,0.598155615292712,0.811265404264564,0.613631272401434,0.732638888888889,0.494623655913979,0.614396654719235,0.81481826880696,0.575268817204301,0.666666666666667,0.483870967741936,0.635640681003584,0.839563926996803,TRUE,,FALSE,TRUE,FALSE,4,2,3,1.30352052488719,0,0,0,0.0809251792114695,0.0425627240143368,-0.0689404121863798,TRUE,FALSE,TRUE,FALSE,TRUE
matched three-representation atlas,ProvGigaPath,fusion,fusion,DLBC,Any called fusion,Gao2018_TableS1,44,22,22,20261057,0.590909090909091,0.590909090909091,0.636363636363636,0.545454545454545,0.619834710743802,0.620476152982648,0.590909090909091,0.636363636363636,0.545454545454545,0.619834710743802,0.620476152982648,0.613636363636364,0.681818181818182,0.545454545454545,0.601239669421488,0.589851518852931,FALSE,,FALSE,FALSE,TRUE,1,1,1,-0.935112419876366,0,0,0,0,0.0227272727272727,-2.22044604925031e-16,TRUE,FALSE,TRUE,TRUE,FALSE
matched three-representation atlas,ProvGigaPath,fusion,fusion,LGG,Any called fusion,Gao2018_TableS1,487,236,251,20261062,0.622830711054089,0.614955432507259,0.580508474576271,0.649402390438247,0.652812478897968,0.621052203010703,0.59427544061044,0.555084745762712,0.633466135458167,0.633753123100817,0.606429979335759,0.610625295428456,0.635593220338983,0.585657370517928,0.656323857113917,0.627849251006273,TRUE,,TRUE,FALSE,TRUE,5,7,4,-0.376124057005246,0,0,0,-0.0206799918968195,-0.00433013707880336,-0.00787527854683001,TRUE,TRUE,TRUE,FALSE,TRUE
matched three-representation atlas,ProvGigaPath,fusion,fusion,LIHC,Any called fusion,Gao2018_TableS1,353,212,141,20261063,0.599859494179045,0.57013582229359,0.665094339622642,0.475177304964539,0.61544894955172,0.698615891917421,0.577311655292386,0.59433962264151,0.560283687943262,0.605345911949686,0.697705322262676,0.616402381908203,0.523584905660377,0.709219858156028,0.640037468218922,0.716064177097901,FALSE,,FALSE,FALSE,TRUE,5,4,4,1.00006388810172,1,0,0,0.00717583299879565,0.0462665596146127,-0.0297236718854548,TRUE,FALSE,TRUE,TRUE,FALSE
matched three-representation atlas,ProvGigaPath,fusion,fusion,MESO,Any called fusion,Gao2018_TableS1,75,50,25,20261066,0.56,0.61,0.7,0.52,0.6288,0.767043530155378,0.56,0.68,0.44,0.5968,0.754134265254845,0.57,0.58,0.56,0.6168,0.757171896111807,FALSE,,TRUE,FALSE,FALSE,5,4,4,3.01887115922151,0,0,0,-0.0499999999999999,-0.0399999999999999,0.0499999999999999,TRUE,TRUE,TRUE,TRUE,TRUE
matched three-representation atlas,ProvGigaPath,fusion,recurrent_fusion_pair,THCA,Fusion pair: CCDC6--RET,Gao2018_TableS1,492,20,472,20261077,0.571610169491525,0.515466101694915,0.05,0.980932203389831,0.591525423728814,0.112485612244538,0.514194915254237,0.2,0.828389830508475,0.538347457627119,0.0578540903638085,0.608898305084746,0.65,0.567796610169492,0.583368644067797,0.0656343766301687,FALSE,,FALSE,FALSE,TRUE,6,4,9,-12.7741831947875,0,0,0,-0.00127118644067792,0.0934322033898306,-0.0561440677966098,TRUE,FALSE,TRUE,TRUE,FALSE
matched three-representation atlas,ProvGigaPath,microsatellite_instability,microsatellite_instability,UCEC,MSI-H (MANTIS >0.4),Bonneville2017_cBioPortal,486,155,331,20261082,0.605340610076991,0.596384367995322,0.419354838709677,0.773413897280967,0.645921450151057,0.442760488243602,0.61325406880421,0.52258064516129,0.70392749244713,0.659331449176494,0.460816484196058,0.612484163336907,0.593548387096774,0.631419939577039,0.659838222395478,0.456953552930077,TRUE,,FALSE,TRUE,TRUE,10,9,8,-1.01991702242981,0,0,0,0.0168697008088879,0.0160997953415846,-0.0089562420816689,TRUE,FALSE,TRUE,TRUE,TRUE
matched three-representation atlas,ProvGigaPath,oncogenic_pathway,oncogenic_pathway,BLCA,MYC,SanchezVega2018_TableS4,373,67,306,20261088,0.615939908301629,0.555677494878549,0.238805970149254,0.872549019607843,0.581699346405229,0.252829336085538,0.601770558969857,0.507462686567164,0.696078431372549,0.654423958638182,0.264133745117345,0.606135986733002,0.656716417910448,0.555555555555556,0.641498390400937,0.2574030526574,TRUE,,FALSE,TRUE,TRUE,6,2,2,-1.92275171513288,0,0,0,0.0460930640913081,0.0504584918544532,-0.0602624134230806,TRUE,FALSE,TRUE,TRUE,TRUE
matched three-representation atlas,ProvGigaPath,oncogenic_pathway,oncogenic_pathway,BLCA,TP53,SanchezVega2018_TableS4,373,232,141,20261094,0.587215700660308,0.620445096600636,0.758620689655172,0.482269503546099,0.662142333088775,0.742681876392625,0.600910980679873,0.698275862068966,0.50354609929078,0.632703595011005,0.710753101714163,0.594170335045243,0.642241379310345,0.546099290780142,0.636157984837369,0.726316470142968,FALSE,,TRUE,TRUE,FALSE,6,3,2,0.685250361473963,0,0,0,-0.019534115920763,-0.0262747615553924,0.0332293959403278,TRUE,TRUE,TRUE,TRUE,FALSE
matched three-representation atlas,ProvGigaPath,oncogenic_pathway,oncogenic_pathway,CESC,WNT,SanchezVega2018_TableS4,237,32,205,20261104,0.577896341463415,0.589405487804878,0.28125,0.897560975609756,0.622408536585366,0.239443536070012,0.599695121951219,0.375,0.824390243902439,0.616158536585366,0.264357491650679,0.616463414634146,0.75,0.482926829268293,0.559756097560976,0.175553732386942,FALSE,,FALSE,FALSE,TRUE,19,7,10,-18.733632258359,2,1,0,0.0102896341463414,0.0270579268292683,0.0115091463414631,TRUE,FALSE,TRUE,TRUE,FALSE
matched three-representation atlas,ProvGigaPath,oncogenic_pathway,oncogenic_pathway,COAD,HIPPO,SanchezVega2018_TableS4,323,63,260,20261106,0.590018315018315,0.556776556776557,0.19047619047619,0.923076923076923,0.649328449328449,0.339357683904241,0.614285714285714,0.428571428571429,0.8,0.612942612942613,0.296080721167788,0.571733821733822,0.412698412698413,0.730769230769231,0.617216117216117,0.305462264581198,FALSE,,FALSE,TRUE,FALSE,3,3,3,-1.67136644164265,0,0,0,0.0575091575091575,0.0149572649572649,-0.0332417582417582,TRUE,FALSE,TRUE,FALSE,TRUE
matched three-representation atlas,ProvGigaPath,oncogenic_pathway,oncogenic_pathway,COAD,NOTCH,SanchezVega2018_TableS4,323,107,216,20261108,0.569898753894081,0.582619418483905,0.345794392523364,0.819444444444445,0.587443752163378,0.395144530702677,0.604101765316719,0.485981308411215,0.722222222222222,0.631273797161648,0.420441332012098,0.56217549325026,0.429906542056075,0.694444444444445,0.581386292834891,0.390730096530924,FALSE,,FALSE,TRUE,FALSE,4,4,4,-0.484129024204154,0,0,0,0.0214823468328141,-0.0204439252336448,0.0127206645898235,TRUE,FALSE,TRUE,FALSE,TRUE
matched three-representation atlas,ProvGigaPath,oncogenic_pathway,oncogenic_pathway,COAD,TGF-Beta,SanchezVega2018_TableS4,323,100,223,20261111,0.6197533632287,0.597556053811659,0.37,0.825112107623319,0.647892376681614,0.439830990158695,0.631322869955157,0.59,0.672645739910314,0.68372197309417,0.481096410907964,0.627847533632287,0.74,0.515695067264574,0.684843049327354,0.459426169401014,TRUE,,FALSE,TRUE,TRUE,4,4,3,-1.31272576022277,0,0,0,0.0337668161434977,0.0302914798206279,-0.0221973094170408,TRUE,FALSE,TRUE,TRUE,TRUE
matched three-representation atlas,ProvGigaPath,oncogenic_pathway,oncogenic_pathway,ESCA,MYC,SanchezVega2018_TableS4,139,32,107,20261115,0.549357476635514,0.529935747663551,0.21875,0.841121495327103,0.550233644859813,0.314472741105974,0.586594626168224,0.59375,0.579439252336449,0.585864485981308,0.309151097399237,0.603825934579439,0.65625,0.551401869158879,0.554906542056075,0.316865631963351,FALSE,,FALSE,FALSE,TRUE,3,1,1,-1.08149327433053,0,0,0,0.0566588785046729,0.0738901869158879,-0.0194217289719627,FALSE,FALSE,TRUE,TRUE,FALSE
matched three-representation atlas,ProvGigaPath,oncogenic_pathway,oncogenic_pathway,GBM,TP53,SanchezVega2018_TableS4,71,38,33,20261123,0.600478468899522,0.649122807017544,0.631578947368421,0.666666666666667,0.659489633173844,0.658716572829304,0.603668261562999,0.631578947368421,0.575757575757576,0.641148325358852,0.643898059458731,0.574162679425837,0.421052631578947,0.727272727272727,0.712918660287081,0.702366236511525,TRUE,,TRUE,TRUE,FALSE,7,6,7,4.00495048306741,0,0,2,-0.0454545454545454,-0.0749601275917066,0.0486443381180218,TRUE,TRUE,TRUE,TRUE,FALSE
matched three-representation atlas,ProvGigaPath,oncogenic_pathway,oncogenic_pathway,HNSC,HIPPO,SanchezVega2018_TableS4,412,156,256,20261125,0.584334935897436,0.607121394230769,0.538461538461538,0.67578125,0.604567307692308,0.456056620209655,0.592748397435897,0.544871794871795,0.640625,0.595728165064103,0.439483865241832,0.58573717948718,0.608974358974359,0.5625,0.601412259615385,0.450602374625527,FALSE,,TRUE,FALSE,FALSE,13,10,11,-0.95633821342197,0,0,0,-0.0143729967948718,-0.0213842147435896,0.0227864583333332,TRUE,TRUE,TRUE,TRUE,TRUE
matched three-representation atlas,ProvGigaPath,oncogenic_pathway,oncogenic_pathway,HNSC,NRF2,SanchezVega2018_TableS4,412,50,362,20261128,0.612762430939227,0.521325966850829,0.12,0.922651933701657,0.553591160220995,0.156111287597456,0.611546961325967,0.48,0.743093922651934,0.655303867403315,0.209675270188372,0.609944751381216,0.8,0.419889502762431,0.688674033149171,0.239688287363009,TRUE,,FALSE,TRUE,TRUE,3,2,3,-3.44488266105863,0,0,0,0.0902209944751381,0.0886187845303867,-0.0914364640883982,TRUE,FALSE,TRUE,TRUE,TRUE
matched three-representation atlas,ProvGigaPath,oncogenic_pathway,oncogenic_pathway,KIRP,HIPPO,SanchezVega2018_TableS4,255,29,226,20261141,0.613899908452853,0.555233445224291,0.172413793103448,0.938053097345133,0.608178211779066,0.197660449870127,0.646704302715899,0.448275862068966,0.845132743362832,0.690418065303631,0.289160676530919,0.614739090631675,0.689655172413793,0.539823008849558,0.674092157461092,0.327023743711133,TRUE,,FALSE,TRUE,TRUE,5,2,2,-4.62815234759857,0,0,0,0.0914708574916082,0.0595056454073848,-0.0586664632285625,TRUE,FALSE,TRUE,TRUE,TRUE
matched three-representation atlas,ProvGigaPath,oncogenic_pathway,oncogenic_pathway,LGG,Cell Cycle,SanchezVega2018_TableS4,476,195,281,20261146,0.59255406515193,0.607728807372935,0.517948717948718,0.697508896797153,0.641901633360708,0.529683800365364,0.603330595857286,0.558974358974359,0.647686832740214,0.589962587827357,0.480654009177609,0.586376494205676,0.517948717948718,0.654804270462634,0.594141801259239,0.488604676444797,FALSE,,TRUE,TRUE,FALSE,14,9,13,-0.467093515378101,0,0,1,-0.00439821151564912,-0.0213523131672597,0.0151747422210055,TRUE,TRUE,TRUE,TRUE,FALSE
matched three-representation atlas,ProvGigaPath,oncogenic_pathway,oncogenic_pathway,LGG,TGF-Beta,SanchezVega2018_TableS4,481,130,351,20261152,0.636609686609687,0.567378917378917,0.3,0.834757834757835,0.627525750602674,0.355708928966582,0.643874643874644,0.615384615384615,0.672364672364672,0.687464387464387,0.433915791740735,0.654131054131054,0.738461538461539,0.56980056980057,0.698181021257944,0.454240279581849,TRUE,,FALSE,TRUE,TRUE,2,1,2,-1.31464944631034,0,0,0,0.0764957264957266,0.0867521367521368,-0.0692307692307697,TRUE,FALSE,TRUE,TRUE,TRUE
matched three-representation atlas,ProvGigaPath,oncogenic_pathway,oncogenic_pathway,LIHC,TP53,SanchezVega2018_TableS4,333,126,207,20261163,0.625086266390614,0.545893719806763,0.444444444444444,0.647342995169082,0.61559696342305,0.477864671430393,0.595755693581781,0.563492063492063,0.628019323671498,0.615328579096695,0.456503828340113,0.619392684610076,0.746031746031746,0.492753623188406,0.660762211486849,0.505419896658859,TRUE,,FALSE,FALSE,TRUE,7,3,3,-1.73903364455447,0,0,0,0.0498619737750172,0.0734989648033126,-0.0791925465838508,TRUE,FALSE,TRUE,TRUE,FALSE
matched three-representation atlas,ProvGigaPath,oncogenic_pathway,oncogenic_pathway,LUAD,NRF2,SanchezVega2018_TableS4,451,63,388,20261169,0.617861233840615,0.560178366879398,0.26984126984127,0.850515463917526,0.582310587465227,0.186592099018576,0.598306332842415,0.428571428571429,0.768041237113402,0.62346588119784,0.201973247858714,0.611213385697922,0.73015873015873,0.492268041237113,0.669407625593193,0.220538273837892,TRUE,,FALSE,FALSE,TRUE,17,5,4,-3.51255735476417,0,0,0,0.0381279659630175,0.051035018818524,-0.0576828669612172,TRUE,FALSE,TRUE,TRUE,FALSE
matched three-representation atlas,ProvGigaPath,oncogenic_pathway,oncogenic_pathway,LUSC,NRF2,SanchezVega2018_TableS4,442,109,333,20261179,0.593285946496956,0.557952447860705,0.26605504587156,0.84984984984985,0.606882111469267,0.31401035744628,0.634666776868612,0.614678899082569,0.654654654654655,0.648538446703584,0.343790964745742,0.594787447998457,0.688073394495413,0.501501501501502,0.619004325426344,0.323475268506246,FALSE,,FALSE,TRUE,FALSE,5,3,3,-1.98558683889311,0,0,0,0.076714329007907,0.0368350001377524,-0.0353334986362512,TRUE,FALSE,TRUE,FALSE,TRUE
matched three-representation atlas,ProvGigaPath,oncogenic_pathway,oncogenic_pathway,READ,NOTCH,SanchezVega2018_TableS4,106,28,78,20261205,0.554945054945055,0.65521978021978,0.464285714285714,0.846153846153846,0.671245421245421,0.406637741218123,0.610347985347985,0.464285714285714,0.756410256410256,0.647893772893773,0.381875509380066,0.532967032967033,0.642857142857143,0.423076923076923,0.639652014652015,0.450803401330691,FALSE,,TRUE,TRUE,FALSE,3,4,1,-2.04105395655191,0,0,0,-0.0448717948717948,-0.122252747252747,0.100274725274725,TRUE,TRUE,TRUE,TRUE,FALSE
matched three-representation atlas,ProvGigaPath,oncogenic_pathway,oncogenic_pathway,SARC,HIPPO,SanchezVega2018_TableS4,222,25,197,20261210,0.591269035532995,0.489543147208122,0.04,0.939086294416244,0.535837563451777,0.131191027153873,0.60010152284264,0.52,0.680203045685279,0.632081218274112,0.159163392398494,0.53005076142132,0.72,0.34010152284264,0.559796954314721,0.155221248974581,FALSE,,FALSE,TRUE,FALSE,9,1,1,-2.99216622742562,0,0,0,0.110558375634518,0.0405076142131979,-0.101725888324873,TRUE,FALSE,TRUE,FALSE,TRUE
matched three-representation atlas,ProvGigaPath,oncogenic_pathway,oncogenic_pathway,SARC,RTK RAS,SanchezVega2018_TableS4,222,86,136,20261213,0.589090287277702,0.594049247606019,0.511627906976744,0.676470588235294,0.587722298221614,0.463526151423707,0.609610123119015,0.616279069767442,0.602941176470588,0.60422366621067,0.468077293078908,0.587893296853625,0.558139534883721,0.617647058823529,0.618929548563612,0.513958687041349,FALSE,,FALSE,TRUE,FALSE,4,2,1,-0.458201828336427,0,0,0,0.0155608755129958,-0.00615595075239395,0.00495896032831722,TRUE,FALSE,TRUE,FALSE,TRUE
matched three-representation atlas,ProvGigaPath,oncogenic_pathway,oncogenic_pathway,SARC,TP53,SanchezVega2018_TableS4,222,146,76,20261214,0.541366258111031,0.565428983417448,0.815068493150685,0.315789473684211,0.60697548666186,0.748386729493177,0.615086517664023,0.664383561643836,0.565789473684211,0.629596250901226,0.747309575793473,0.549567411679885,0.678082191780822,0.421052631578947,0.593457101658255,0.739772784190136,FALSE,,FALSE,TRUE,FALSE,2,1,2,0.143433357149711,0,0,0,0.0496575342465753,-0.0158615717375631,0.0240627253064167,FALSE,FALSE,TRUE,FALSE,TRUE
matched three-representation atlas,ProvGigaPath,oncogenic_pathway,oncogenic_pathway,STAD,HIPPO,SanchezVega2018_TableS4,321,66,255,20261217,0.645900178253119,0.588235294117647,0.333333333333333,0.843137254901961,0.614676173499703,0.296416321247073,0.61524064171123,0.46969696969697,0.76078431372549,0.662804515745692,0.373712342222053,0.630748663101604,0.590909090909091,0.670588235294118,0.681937017231135,0.379149849373064,TRUE,,FALSE,TRUE,TRUE,8,3,3,-1.67233951320801,0,0,0,0.0270053475935829,0.0425133689839572,-0.0576648841354719,TRUE,FALSE,TRUE,TRUE,TRUE
matched three-representation atlas,ProvGigaPath,oncogenic_pathway,oncogenic_pathway,UCEC,HIPPO,SanchezVega2018_TableS4,467,132,335,20261231,0.616802351876979,0.590309814563546,0.401515151515151,0.77910447761194,0.657960199004975,0.427936084313419,0.604647218453189,0.522727272727273,0.686567164179104,0.630438715513343,0.390488804347846,0.626447308909996,0.643939393939394,0.608955223880597,0.665943012211669,0.445785043218111,TRUE,,FALSE,TRUE,TRUE,10,9,9,-1.91358431678128,0,1,0,0.0143374038896427,0.0361374943464495,-0.026492537313433,TRUE,FALSE,TRUE,TRUE,TRUE
matched three-representation atlas,ProvGigaPath,oncogenic_pathway,oncogenic_pathway,UCEC,NOTCH,SanchezVega2018_TableS4,467,182,285,20261233,0.614709851551957,0.564401388085599,0.434065934065934,0.694736842105263,0.596818970503181,0.481667593896489,0.606072874493927,0.538461538461538,0.673684210526316,0.628494312704839,0.507503709916998,0.597300944669366,0.538461538461538,0.656140350877193,0.61122035858878,0.490051108733538,TRUE,,FALSE,TRUE,FALSE,4,3,4,-0.472602001461699,0,0,0,0.0416714864083284,0.0328995565837671,-0.0503084634663583,TRUE,FALSE,TRUE,FALSE,TRUE
matched three-representation atlas,ProvGigaPath,oncogenic_pathway,oncogenic_pathway,UCS,NOTCH,SanchezVega2018_TableS4,52,28,24,20261240,0.511904761904762,0.508928571428571,0.642857142857143,0.375,0.543154761904762,0.649156029075119,0.627976190476191,0.714285714285714,0.541666666666667,0.580357142857143,0.649777023741853,0.583333333333333,0.5,0.666666666666667,0.52827380952381,0.600806580715814,FALSE,,FALSE,TRUE,FALSE,2,2,2,1.66401100865116,0,0,0,0.119047619047619,0.0744047619047619,-0.00297619047619058,FALSE,FALSE,TRUE,FALSE,TRUE
matched three-representation atlas,TITAN,aneuploidy,aneuploidy,GBM,Genome doubling,Taylor2018_TableS2,361,46,315,20260821,0.580917874396135,0.583057280883368,0.239130434782609,0.926984126984127,0.63416149068323,0.23546042208958,0.621428571428571,0.5,0.742857142857143,0.641821946169772,0.231620715423747,0.618771566597654,0.739130434782609,0.498412698412698,0.67287784679089,0.234070922743943,FALSE,,FALSE,TRUE,TRUE,10,7,1,-2.58078559018022,1,0,0,0.0383712905452036,0.0357142857142857,0.00213940648723288,TRUE,FALSE,TRUE,TRUE,TRUE
matched three-representation atlas,TITAN,aneuploidy,aneuploidy,KIRC,Genome doubling,Taylor2018_TableS2,461,89,372,20260823,0.6707593330917,0.549187507551045,0.224719101123596,0.873655913978495,0.64911803793645,0.290049976861834,0.628775522532319,0.550561797752809,0.706989247311828,0.654856832185574,0.295367118974103,0.662453183520599,0.741573033707865,0.583333333333333,0.65558173251178,0.301893718291172,TRUE,,FALSE,TRUE,TRUE,10,8,2,-1.91497707033193,0,0,0,0.0795880149812734,0.113265675969554,-0.121571825540655,FALSE,FALSE,TRUE,TRUE,TRUE
matched three-representation atlas,TITAN,aneuploidy,aneuploidy,LUSC,Genome doubling,Taylor2018_TableS2,458,248,210,20260827,0.6088133640553,0.591993087557604,0.641129032258065,0.542857142857143,0.631662826420891,0.658568155510939,0.631374807987711,0.653225806451613,0.60952380952381,0.670334101382489,0.677513404594145,0.586827956989247,0.540322580645161,0.633333333333333,0.668586789554531,0.676684825630654,TRUE,,FALSE,TRUE,FALSE,2,3,3,0.393127865998029,0,0,0,0.0393817204301077,-0.00516513056835632,-0.0168202764976964,TRUE,FALSE,TRUE,FALSE,TRUE
matched three-representation atlas,TITAN,aneuploidy,aneuploidy,PAAD,Genome doubling,Taylor2018_TableS2,163,40,123,20260829,0.630792682926829,0.576829268292683,0.3,0.853658536585366,0.593292682926829,0.310436657463727,0.583028455284553,0.475,0.691056910569106,0.641056910569106,0.355359583755069,0.627032520325203,0.75,0.504065040650406,0.652439024390244,0.375136825980805,TRUE,,FALSE,FALSE,TRUE,6,3,4,-2.20439174792355,0,0,0,0.00619918699186994,0.0502032520325203,-0.0539634146341461,TRUE,FALSE,TRUE,TRUE,FALSE
matched three-representation atlas,TITAN,aneuploidy,aneuploidy,PRAD,Genome doubling,Taylor2018_TableS2,352,28,324,20260831,0.564153439153439,0.575396825396825,0.178571428571429,0.972222222222222,0.635141093474427,0.190075279958614,0.638888888888889,0.5,0.777777777777778,0.641424162257496,0.170448780177011,0.623236331569665,0.678571428571429,0.567901234567901,0.644510582010582,0.191658638651624,FALSE,,FALSE,TRUE,TRUE,7,1,1,-3.13585855243379,0,0,0,0.0634920634920635,0.0478395061728396,0.0112433862433864,TRUE,FALSE,TRUE,TRUE,TRUE
matched three-representation atlas,TITAN,driver_mutation,Bailey_tissue_specific_driver,BLCA,ATM,TCGA_MC3_Bailey2018,384,53,331,20260839,0.571852020749017,0.546001254061449,0.188679245283019,0.903323262839879,0.656786182522944,0.217183439227447,0.607450265062988,0.471698113207547,0.743202416918429,0.639115316650516,0.231148438359822,0.568089836401984,0.69811320754717,0.438066465256798,0.64612666020635,0.220565474517528,FALSE,,FALSE,TRUE,FALSE,6,4,4,-3.21312534254871,1,0,1,0.061449011001539,0.0220885823405347,-0.0258507666875679,TRUE,FALSE,TRUE,FALSE,TRUE
matched three-representation atlas,TITAN,driver_mutation,Bailey_tissue_specific_driver,BLCA,CDKN2A,TCGA_MC3_Bailey2018,384,24,360,20260841,0.604166666666667,0.531944444444445,0.0833333333333333,0.980555555555556,0.576736111111111,0.14451248128629,0.570833333333333,0.375,0.766666666666667,0.623611111111111,0.106232367696593,0.611111111111111,0.625,0.597222222222222,0.627199074074074,0.0912342130569221,TRUE,,FALSE,FALSE,TRUE,6,2,2,-3.629314300648,1,0,0,0.0388888888888889,0.0791666666666667,-0.0722222222222225,TRUE,FALSE,TRUE,TRUE,FALSE
matched three-representation atlas,TITAN,driver_mutation,Bailey_tissue_specific_driver,BLCA,NFE2L2,TCGA_MC3_Bailey2018,384,24,360,20260856,0.598611111111111,0.540277777777778,0.125,0.955555555555556,0.608101851851852,0.127641537630869,0.608333333333333,0.416666666666667,0.8,0.596412037037037,0.124385260082328,0.556944444444445,0.541666666666667,0.572222222222222,0.605671296296296,0.117898851253796,FALSE,,FALSE,TRUE,FALSE,10,2,4,-5.56624810554155,0,0,0,0.0680555555555555,0.0166666666666666,-0.0583333333333331,TRUE,FALSE,TRUE,FALSE,TRUE
matched three-representation atlas,TITAN,driver_mutation,Bailey_tissue_specific_driver,BLCA,RB1,TCGA_MC3_Bailey2018,384,73,311,20260858,0.584107827159406,0.55338501519623,0.273972602739726,0.832797427652733,0.590714883495573,0.279399241391802,0.591111306875743,0.561643835616438,0.620578778135048,0.659472316433952,0.323522191241139,0.606549795181254,0.698630136986301,0.514469453376206,0.637360701228913,0.301159993455688,FALSE,,FALSE,FALSE,TRUE,16,1,3,-2.22235431024895,0,0,0,0.0377262916795137,0.0531647799850239,-0.0307228119631764,TRUE,FALSE,TRUE,TRUE,FALSE
matched three-representation atlas,TITAN,driver_mutation,Bailey_tissue_specific_driver,BLCA,ZFP36L1,TCGA_MC3_Bailey2018,384,25,359,20260866,0.517938718662953,0.514930362116992,0.08,0.949860724233983,0.55966573816156,0.0936554042955805,0.538328690807799,0.28,0.796657381615599,0.526016713091922,0.0745667054929841,0.651866295264624,0.56,0.743732590529248,0.556434540389972,0.0848581551307957,FALSE,,FALSE,FALSE,TRUE,13,3,7,-5.21830999065885,0,0,2,0.0233983286908078,0.136935933147632,-0.00300835654596143,FALSE,FALSE,TRUE,TRUE,FALSE
matched three-representation atlas,TITAN,driver_mutation,Bailey_tissue_specific_driver,CESC,EP300,TCGA_MC3_Bailey2018,251,30,221,20260867,0.630165912518854,0.502488687782805,0.1,0.904977375565611,0.559577677224736,0.14881929673194,0.631146304675716,0.633333333333333,0.6289592760181,0.71025641025641,0.2235850727002,0.667194570135747,0.9,0.434389140271493,0.647963800904977,0.179831244390347,TRUE,,FALSE,TRUE,TRUE,15,1,3,-3.59244845781081,0,0,0,0.128657616892911,0.164705882352941,-0.127677224736049,TRUE,FALSE,TRUE,TRUE,TRUE
matched three-representation atlas,TITAN,driver_mutation,Bailey_tissue_specific_driver,COAD,ACVR2A,TCGA_MC3_Bailey2018,382,21,361,20260873,0.634151167392165,0.508574066745812,0.0476190476190476,0.969529085872576,0.573671019654399,0.0787829251033417,0.634480939190081,0.523809523809524,0.745152354570637,0.694763223849096,0.107242595028754,0.669041023611661,0.761904761904762,0.57617728531856,0.698984302862419,0.108665855250051,TRUE,,FALSE,TRUE,TRUE,4,1,3,-3.95061147552282,0,0,0,0.125906872444269,0.160466956865849,-0.125577100646353,TRUE,FALSE,TRUE,TRUE,TRUE
matched three-representation atlas,TITAN,driver_mutation,Bailey_tissue_specific_driver,COAD,ARID1A,TCGA_MC3_Bailey2018,382,34,348,20260876,0.6618492224476,0.57420554428668,0.205882352941176,0.942528735632184,0.623056118999324,0.164804931885626,0.618238674780257,0.411764705882353,0.824712643678161,0.68500676132522,0.200939526685905,0.682978363759297,0.794117647058824,0.57183908045977,0.749239350912779,0.259623600798304,TRUE,,FALSE,TRUE,TRUE,8,4,3,-3.2315751284431,1,0,0,0.0440331304935767,0.108772819472617,-0.0876436781609199,FALSE,FALSE,TRUE,TRUE,TRUE
matched three-representation atlas,TITAN,driver_mutation,Bailey_tissue_specific_driver,COAD,BRAF,TCGA_MC3_Bailey2018,382,44,338,20260877,0.78778913394298,0.571207638515331,0.204545454545455,0.937869822485207,0.702326519634212,0.240367156310096,0.71705217859064,0.590909090909091,0.843195266272189,0.811390532544379,0.385315697761721,0.763044647660032,0.727272727272727,0.798816568047337,0.800699300699301,0.374813677499618,TRUE,,FALSE,TRUE,TRUE,9,3,3,-2.25720261493264,0,0,0,0.145844540075309,0.191837009144701,-0.216581495427649,FALSE,FALSE,TRUE,TRUE,TRUE
matched three-representation atlas,TITAN,driver_mutation,Bailey_tissue_specific_driver,COAD,CTNNB1,TCGA_MC3_Bailey2018,382,21,361,20260878,0.697269489513257,0.550652948159873,0.142857142857143,0.958448753462604,0.616673262102625,0.107197726084601,0.627028096557182,0.428571428571429,0.825484764542936,0.745548080728136,0.198225499783244,0.69588444796201,0.857142857142857,0.534626038781163,0.722464054874027,0.128297613769397,TRUE,,FALSE,TRUE,TRUE,5,2,1,-3.40466224922435,0,0,0,0.0763751483973091,0.145231499802137,-0.146616541353384,FALSE,FALSE,TRUE,TRUE,TRUE
matched three-representation atlas,TITAN,driver_mutation,Bailey_tissue_specific_driver,COAD,SMAD4,TCGA_MC3_Bailey2018,382,36,346,20260882,0.64820166987797,0.536207450224791,0.138888888888889,0.933526011560694,0.651011560693642,0.158440856523074,0.598827874116892,0.472222222222222,0.725433526011561,0.666184971098266,0.184630735059251,0.649646756583173,0.888888888888889,0.410404624277457,0.677424534360951,0.238453734218549,TRUE,,FALSE,FALSE,TRUE,7,3,1,-2.93871553035709,1,0,0,0.0626204238921003,0.113439306358382,-0.111994219653179,TRUE,FALSE,TRUE,TRUE,FALSE
matched three-representation atlas,TITAN,driver_mutation,Bailey_tissue_specific_driver,COAD,SOX9,TCGA_MC3_Bailey2018,382,42,340,20260883,0.624649859943978,0.485574229691877,0.0476190476190476,0.923529411764706,0.504901960784314,0.110623687632474,0.651680672268908,0.785714285714286,0.517647058823529,0.688795518207283,0.164283052566182,0.605392156862745,0.666666666666667,0.544117647058824,0.664915966386555,0.167768127338868,TRUE,,FALSE,TRUE,TRUE,13,1,2,-2.12038412493549,0,0,0,0.166106442577031,0.119817927170868,-0.139075630252101,TRUE,FALSE,TRUE,TRUE,TRUE
matched three-representation atlas,TITAN,driver_mutation,Bailey_tissue_specific_driver,GBM,PTEN,TCGA_MC3_Bailey2018,240,53,187,20260888,0.619765916658259,0.542730299667037,0.320754716981132,0.764705882352941,0.569972757542125,0.265739724524885,0.593179295732015,0.566037735849057,0.620320855614973,0.610231056401978,0.2858237418704,0.648673191403491,0.735849056603774,0.561497326203209,0.603571788921401,0.288550612266071,TRUE,,FALSE,FALSE,TRUE,19,9,2,-1.71990494588319,2,0,0,0.0504489960649784,0.105942891736455,-0.0770356169912224,TRUE,FALSE,TRUE,TRUE,FALSE
matched three-representation atlas,TITAN,driver_mutation,Bailey_tissue_specific_driver,HNSC,AJUBA,TCGA_MC3_Bailey2018,431,28,403,20260890,0.603332151719249,0.48014888337469,0,0.96029776674938,0.517103863878057,0.0749763745943067,0.558445586671393,0.464285714285714,0.652605459057072,0.594558667139312,0.0833836141839403,0.639046437433534,0.642857142857143,0.635235732009926,0.63239985820631,0.10043195161844,TRUE,,FALSE,FALSE,TRUE,5,1,1,-2.92656139575832,0,0,0,0.0782967032967033,0.158897554058844,-0.123183268344559,TRUE,FALSE,TRUE,TRUE,FALSE
matched three-representation atlas,TITAN,driver_mutation,Bailey_tissue_specific_driver,HNSC,CASP8,TCGA_MC3_Bailey2018,431,47,384,20260891,0.686114804964539,0.599013741134752,0.25531914893617,0.942708333333333,0.713818705673759,0.307578058342861,0.671126994680851,0.553191489361702,0.7890625,0.744736258865248,0.320574995947837,0.714345079787234,0.702127659574468,0.7265625,0.742132092198582,0.317099763248066,TRUE,,FALSE,TRUE,TRUE,6,3,3,-2.7877264062372,0,0,0,0.0721132535460993,0.115331338652482,-0.0871010638297872,FALSE,FALSE,TRUE,TRUE,TRUE
matched three-representation atlas,TITAN,driver_mutation,Bailey_tissue_specific_driver,HNSC,HLA-B,TCGA_MC3_Bailey2018,431,20,411,20260897,0.688868613138686,0.489051094890511,0,0.978102189781022,0.705839416058394,0.0944325658230192,0.622931873479319,0.55,0.695863746958638,0.651216545012165,0.0813183926303474,0.621167883211679,0.6,0.642335766423358,0.646593673965937,0.0781155906421172,TRUE,,FALSE,TRUE,TRUE,7,1,7,-5.30801646617562,0,0,0,0.133880778588808,0.132116788321168,-0.199817518248175,FALSE,FALSE,TRUE,TRUE,TRUE
matched three-representation atlas,TITAN,driver_mutation,Bailey_tissue_specific_driver,HNSC,HRAS,TCGA_MC3_Bailey2018,431,27,404,20260898,0.734140080674734,0.532040704070407,0.111111111111111,0.952970297029703,0.653557022368904,0.121371779547559,0.692381738173817,0.555555555555556,0.829207920792079,0.756325632563256,0.164681918758717,0.683535020168684,0.703703703703704,0.663366336633663,0.748991565823249,0.154150941471059,TRUE,,FALSE,TRUE,TRUE,5,3,3,-3.43308720472919,1,0,0,0.16034103410341,0.151494316098277,-0.202099376604327,FALSE,FALSE,TRUE,TRUE,TRUE
matched three-representation atlas,TITAN,driver_mutation,Bailey_tissue_specific_driver,HNSC,KEAP1,TCGA_MC3_Bailey2018,431,20,411,20260900,0.591180048661801,0.487834549878346,0,0.975669099756691,0.544768856447689,0.062481347791575,0.658880778588808,0.6,0.717761557177616,0.711192214111922,0.136805452822367,0.530900243309002,0.4,0.661800486618005,0.561313868613139,0.080606088212333,FALSE,,FALSE,TRUE,FALSE,3,1,1,-3.52769090814822,0,0,0,0.171046228710462,0.0430656934306569,-0.103345498783455,TRUE,FALSE,TRUE,FALSE,TRUE
matched three-representation atlas,TITAN,driver_mutation,Bailey_tissue_specific_driver,HNSC,KMT2D,TCGA_MC3_Bailey2018,431,66,365,20260901,0.598360315483603,0.508551266085513,0.121212121212121,0.895890410958904,0.559153175591532,0.183044916967546,0.615276048152761,0.575757575757576,0.654794520547945,0.612328767123288,0.200112629639918,0.598360315483603,0.651515151515152,0.545205479452055,0.612328767123288,0.200112629639918,FALSE,,FALSE,TRUE,FALSE,11,1,1,-1.9238423854522,0,0,0,0.106724782067248,0.0898090493980904,-0.0898090493980903,TRUE,FALSE,TRUE,FALSE,TRUE
matched three-representation atlas,TITAN,driver_mutation,Bailey_tissue_specific_driver,HNSC,NOTCH1,TCGA_MC3_Bailey2018,431,77,354,20260903,0.534283513097073,0.509263335534522,0.207792207792208,0.810734463276836,0.514931396287329,0.187133835487633,0.604904982023626,0.636363636363636,0.573446327683616,0.582984811798371,0.219361947249042,0.563394232885758,0.584415584415584,0.542372881355932,0.582984811798371,0.219361947249042,FALSE,,FALSE,TRUE,FALSE,18,1,1,-1.64942489212452,2,0,0,0.0956416464891041,0.0541308973512363,-0.025020177562551,FALSE,FALSE,TRUE,FALSE,TRUE
matched three-representation atlas,TITAN,driver_mutation,Bailey_tissue_specific_driver,HNSC,TP53,TCGA_MC3_Bailey2018,431,320,111,20260907,0.598662725225225,0.595988175675676,0.840625,0.351351351351351,0.648536036036036,0.80501640879662,0.609051238738739,0.740625,0.477477477477478,0.629870495495496,0.80338133681939,0.619341216216216,0.80625,0.432432432432432,0.670720720720721,0.817936000048413,FALSE,,FALSE,TRUE,TRUE,7,6,5,0.516572376959157,0,0,0,0.0130630630630632,0.0233530405405406,-0.00267454954954938,TRUE,FALSE,TRUE,TRUE,TRUE
matched three-representation atlas,TITAN,driver_mutation,Bailey_tissue_specific_driver,KIRC,BAP1,TCGA_MC3_Bailey2018,351,35,316,20260909,0.597694394213382,0.509629294755877,0.0857142857142857,0.933544303797468,0.562115732368897,0.147167778522497,0.636889692585895,0.514285714285714,0.759493670886076,0.721428571428571,0.216017220668308,0.535804701627486,0.628571428571429,0.443037974683544,0.581464737793852,0.154753956616654,FALSE,,FALSE,TRUE,FALSE,6,1,2,-3.57031996022819,0,0,0,0.127260397830018,0.0261754068716094,-0.088065099457505,TRUE,FALSE,TRUE,FALSE,TRUE
matched three-representation atlas,TITAN,driver_mutation,Bailey_tissue_specific_driver,LGG,IDH2,TCGA_MC3_Bailey2018,485,20,465,20260919,0.697311827956989,0.538172043010753,0.1,0.976344086021505,0.675913978494624,0.16842362782185,0.725268817204301,0.7,0.750537634408602,0.778602150537634,0.141260464877593,0.697311827956989,0.7,0.694623655913978,0.785483870967742,0.16420367866647,TRUE,,FALSE,TRUE,TRUE,4,1,1,-3.45115864041578,0,0,0,0.187096774193548,0.159139784946237,-0.159139784946236,FALSE,FALSE,TRUE,TRUE,TRUE
matched three-representation atlas,TITAN,driver_mutation,Bailey_tissue_specific_driver,LGG,NF1,TCGA_MC3_Bailey2018,485,31,454,20260920,0.636777035668609,0.474669603524229,0,0.949339207048458,0.517052721330112,0.0675858448112541,0.658554781867273,0.548387096774194,0.768722466960352,0.716569560892426,0.139665951594658,0.675323291175217,0.709677419354839,0.640969162995595,0.673298280517266,0.128302771464903,TRUE,,FALSE,TRUE,TRUE,17,1,2,-3.73358847068894,0,0,0,0.183885178343044,0.200653687650988,-0.16210743214438,TRUE,FALSE,TRUE,TRUE,TRUE
matched three-representation atlas,TITAN,driver_mutation,Bailey_tissue_specific_driver,LGG,NOTCH1,TCGA_MC3_Bailey2018,485,32,453,20260921,0.669943432671082,0.537113686534216,0.125,0.949227373068433,0.613548565121413,0.159224281430723,0.634450883002208,0.5625,0.706401766004415,0.675565673289183,0.156191366479961,0.637417218543046,0.5,0.774834437086093,0.715438741721854,0.166001897012398,TRUE,,FALSE,TRUE,TRUE,9,2,1,-2.35751826890437,0,0,0,0.0973371964679912,0.10030353200883,-0.132829746136866,FALSE,FALSE,TRUE,TRUE,TRUE
matched three-representation atlas,TITAN,driver_mutation,Bailey_tissue_specific_driver,LGG,PTEN,TCGA_MC3_Bailey2018,485,23,462,20260924,0.710380199510634,0.568558253340862,0.173913043478261,0.963203463203463,0.727837380011293,0.168881272775345,0.789572746094485,0.782608695652174,0.796536796536797,0.814229249011858,0.20826219929416,0.676642198381329,0.608695652173913,0.744588744588745,0.702898550724638,0.164654268814225,TRUE,,FALSE,TRUE,TRUE,5,1,1,-3.60336454096427,0,0,0,0.221014492753623,0.108083945040467,-0.141821946169772,FALSE,FALSE,TRUE,TRUE,TRUE
matched three-representation atlas,TITAN,driver_mutation,Bailey_tissue_specific_driver,LIHC,AXIN1,TCGA_MC3_Bailey2018,346,25,321,20260930,0.619065420560748,0.528847352024922,0.12,0.937694704049844,0.609221183800623,0.121371515323709,0.664236760124611,0.64,0.688473520249221,0.696448598130841,0.14692034324168,0.569221183800623,0.64,0.498442367601246,0.590155763239875,0.115830839754743,TRUE,,FALSE,TRUE,FALSE,16,1,12,-10.0645553926297,0,0,1,0.135389408099688,0.0403738317757009,-0.0902180685358258,TRUE,FALSE,TRUE,FALSE,TRUE
matched three-representation atlas,TITAN,driver_mutation,Bailey_tissue_specific_driver,LIHC,BAP1,TCGA_MC3_Bailey2018,346,20,326,20260931,0.686963190184049,0.587730061349693,0.2,0.975460122699386,0.738343558282209,0.199619562657093,0.641717791411043,0.4,0.883435582822086,0.81840490797546,0.271819666462294,0.790030674846626,0.85,0.730061349693252,0.862730061349693,0.354017995667873,TRUE,,FALSE,TRUE,TRUE,1,3,3,-4.9815155557044,0,0,0,0.0539877300613497,0.202300613496932,-0.0992331288343557,FALSE,FALSE,TRUE,TRUE,TRUE
matched three-representation atlas,TITAN,driver_mutation,Bailey_tissue_specific_driver,LIHC,TP53,TCGA_MC3_Bailey2018,346,106,240,20260933,0.652555031446541,0.578026729559749,0.30188679245283,0.854166666666667,0.634787735849057,0.427366389912292,0.639701257861635,0.537735849056604,0.741666666666667,0.676611635220126,0.484736043035622,0.622051886792453,0.556603773584906,0.6875,0.621580188679245,0.425343880866129,TRUE,,FALSE,TRUE,TRUE,4,3,4,-1.10715189096539,0,0,0,0.0616745283018868,0.0440251572327044,-0.0745283018867926,FALSE,FALSE,TRUE,TRUE,TRUE
matched three-representation atlas,TITAN,driver_mutation,Bailey_tissue_specific_driver,LUAD,KEAP1,TCGA_MC3_Bailey2018,463,83,380,20260938,0.631246036778694,0.553170577045022,0.216867469879518,0.889473684210526,0.663062777425492,0.290819909761684,0.609797083069119,0.530120481927711,0.689473684210526,0.657863031071655,0.283238978245849,0.605072923272036,0.746987951807229,0.463157894736842,0.652029169308814,0.279872737689107,TRUE,,FALSE,TRUE,TRUE,7,2,3,-2.41353058877184,0,0,0,0.0566265060240965,0.0519023462270134,-0.0780754597336718,TRUE,FALSE,TRUE,TRUE,TRUE
matched three-representation atlas,TITAN,driver_mutation,Bailey_tissue_specific_driver,LUAD,PIK3CA,TCGA_MC3_Bailey2018,463,26,437,20260942,0.607463474740363,0.546250660095054,0.115384615384615,0.977116704805492,0.684122513641964,0.133179123347118,0.618641084316142,0.461538461538462,0.775743707093822,0.672064777327935,0.153969513054322,0.590521035029044,0.576923076923077,0.604118993135012,0.624361908114769,0.115852835235432,TRUE,,FALSE,TRUE,FALSE,4,2,6,-5.25410924753178,0,0,0,0.0723904242210879,0.0442703749339906,-0.0612128146453094,TRUE,FALSE,TRUE,FALSE,TRUE
matched three-representation atlas,TITAN,driver_mutation,Bailey_tissue_specific_driver,LUAD,SMARCA4,TCGA_MC3_Bailey2018,463,36,427,20260946,0.627406973718449,0.499674733281291,0.0555555555555556,0.943793911007026,0.586586000520427,0.100034330717709,0.62187743950039,0.583333333333333,0.660421545667447,0.616705698672912,0.117554395002702,0.60548399687744,0.583333333333333,0.627634660421546,0.622300286234713,0.129308223785749,TRUE,,FALSE,TRUE,TRUE,10,1,1,-2.51029714122554,1,0,0,0.1222027062191,0.105809263596149,-0.127732240437158,TRUE,FALSE,TRUE,TRUE,TRUE
matched three-representation atlas,TITAN,driver_mutation,Bailey_tissue_specific_driver,LUAD,STK11,TCGA_MC3_Bailey2018,463,67,396,20260947,0.595224634403739,0.536408864767074,0.194029850746269,0.878787878787879,0.600972410673903,0.19909561490976,0.608416252072968,0.522388059701493,0.694444444444445,0.654568068747173,0.227380629316502,0.602687320970903,0.611940298507463,0.593434343434343,0.645070104025328,0.228409066668338,FALSE,,FALSE,TRUE,TRUE,16,2,2,-2.12944782784337,2,0,0,0.0720073873058947,0.0662784562038293,-0.0588157696366652,TRUE,FALSE,TRUE,TRUE,TRUE
matched three-representation atlas,TITAN,driver_mutation,Bailey_tissue_specific_driver,LUSC,FBXW7,TCGA_MC3_Bailey2018,460,25,435,20260954,0.585057471264368,0.513563218390805,0.08,0.947126436781609,0.617747126436782,0.0899747406194118,0.630804597701149,0.48,0.781609195402299,0.643310344827586,0.118511569428377,0.576551724137931,0.76,0.393103448275862,0.530206896551724,0.0618101192653069,FALSE,,FALSE,TRUE,FALSE,16,6,3,-5.43232452967389,1,0,1,0.117241379310345,0.0629885057471263,-0.0714942528735634,TRUE,FALSE,TRUE,FALSE,TRUE
matched three-representation atlas,TITAN,driver_mutation,Bailey_tissue_specific_driver,LUSC,KEAP1,TCGA_MC3_Bailey2018,460,51,409,20260956,0.597296131166403,0.515988302411429,0.0784313725490196,0.953545232273839,0.613548108730045,0.170785326483635,0.624095114818544,0.509803921568627,0.73838630806846,0.623951292008246,0.176271475683149,0.604679035428352,0.627450980392157,0.581907090464548,0.630710964092238,0.17950560298043,FALSE,,FALSE,TRUE,TRUE,3,3,3,-3.8199983173046,0,0,0,0.108106812407114,0.0886907330169231,-0.0813078287549739,TRUE,FALSE,TRUE,TRUE,TRUE
matched three-representation atlas,TITAN,driver_mutation,Bailey_tissue_specific_driver,OV,TP53,TCGA_MC3_Bailey2018,70,21,49,20260966,0.540816326530612,0.591836734693878,0.285714285714286,0.897959183673469,0.620019436345967,0.477192342721734,0.639455782312925,0.380952380952381,0.897959183673469,0.607385811467444,0.446995259810838,0.557823129251701,0.238095238095238,0.877551020408163,0.592808551992226,0.432079278576199,FALSE,,FALSE,TRUE,FALSE,8,6,4,-0.15515367706162,0,0,0,0.0476190476190477,-0.0340136054421769,0.0510204081632656,FALSE,FALSE,TRUE,FALSE,TRUE
matched three-representation atlas,TITAN,driver_mutation,Bailey_tissue_specific_driver,PAAD,KRAS,TCGA_MC3_Bailey2018,175,116,59,20260968,0.483708357685564,0.603667445938048,0.732758620689655,0.474576271186441,0.607539450613676,0.733629684501312,0.53156049094097,0.724137931034483,0.338983050847458,0.543395675043834,0.697718753113065,0.492036820572765,0.560344827586207,0.423728813559322,0.523524254821742,0.686829109094861,FALSE,,TRUE,FALSE,FALSE,13,11,11,1.98724366567343,0,0,1,-0.0721069549970778,-0.111630625365283,0.119959088252484,FALSE,TRUE,TRUE,TRUE,TRUE
matched three-representation atlas,TITAN,driver_mutation,Bailey_tissue_specific_driver,PRAD,SPOP,TCGA_MC3_Bailey2018,368,39,329,20260972,0.671849427168576,0.544150884576417,0.17948717948718,0.908814589665653,0.649364819577586,0.178454834426507,0.665692463564804,0.58974358974359,0.741641337386018,0.708362559426389,0.253430796337802,0.634907645545944,0.692307692307692,0.577507598784195,0.668848881614839,0.187576488042172,TRUE,,FALSE,TRUE,TRUE,10,3,4,-3.38855004967765,1,0,0,0.121541578988388,0.090756760969527,-0.12769854259216,FALSE,FALSE,TRUE,TRUE,TRUE
matched three-representation atlas,TITAN,driver_mutation,Bailey_tissue_specific_driver,PRAD,TP53,TCGA_MC3_Bailey2018,368,42,326,20260973,0.627519719544259,0.588007595676307,0.261904761904762,0.914110429447853,0.685874963482326,0.246539760469964,0.692594215600351,0.642857142857143,0.742331288343558,0.716184633362548,0.235863713528861,0.644390885188431,0.785714285714286,0.503067484662577,0.667031843412212,0.248073640607888,TRUE,,FALSE,TRUE,TRUE,12,1,13,-7.15654741403441,0,0,1,0.104586619924043,0.0563832895121239,-0.0395121238679517,TRUE,FALSE,TRUE,TRUE,TRUE
matched three-representation atlas,TITAN,driver_mutation,Bailey_tissue_specific_driver,READ,KRAS,TCGA_MC3_Bailey2018,134,29,105,20260975,0.664367816091954,0.514778325123153,0.172413793103448,0.857142857142857,0.626929392446634,0.30968901831806,0.711986863711002,0.862068965517241,0.561904761904762,0.698850574712644,0.321256113472065,0.700656814449918,0.896551724137931,0.504761904761905,0.698850574712644,0.321256113472065,TRUE,,FALSE,TRUE,TRUE,8,1,1,-1.56566372950542,0,0,0,0.197208538587849,0.185878489326765,-0.149589490968801,FALSE,FALSE,TRUE,TRUE,TRUE
matched three-representation atlas,TITAN,driver_mutation,Bailey_tissue_specific_driver,SARC,RB1,TCGA_MC3_Bailey2018,229,24,205,20260978,0.660162601626016,0.508841463414634,0.125,0.892682926829268,0.655691056910569,0.213747750142777,0.663516260162602,0.541666666666667,0.785365853658537,0.748373983739838,0.223976555670116,0.650406504065041,0.666666666666667,0.634146341463415,0.677032520325203,0.236682192104239,TRUE,,FALSE,TRUE,TRUE,10,2,3,-2.83200200434597,0,0,0,0.154674796747968,0.141565040650407,-0.151321138211382,FALSE,FALSE,TRUE,TRUE,TRUE
matched three-representation atlas,TITAN,driver_mutation,Bailey_tissue_specific_driver,SARC,TP53,TCGA_MC3_Bailey2018,229,81,148,20260979,0.586503169836503,0.566941941941942,0.37037037037037,0.763513513513514,0.615615615615616,0.448363259008319,0.601518184851518,0.567901234567901,0.635135135135135,0.667000333667,0.470151723950102,0.659284284284284,0.703703703703704,0.614864864864865,0.683933933933934,0.48270375115095,FALSE,,FALSE,TRUE,TRUE,1,2,2,-0.906196962176204,0,0,0,0.0345762429095762,0.0923423423423424,-0.0195612278945611,TRUE,FALSE,TRUE,TRUE,TRUE
matched three-representation atlas,TITAN,driver_mutation,Bailey_tissue_specific_driver,SKCM,BRAF,TCGA_MC3_Bailey2018,98,52,46,20260980,0.599916387959866,0.566053511705686,0.653846153846154,0.478260869565217,0.570234113712375,0.574590052285209,0.597408026755853,0.673076923076923,0.521739130434783,0.584030100334448,0.584445952894542,0.609531772575251,0.653846153846154,0.565217391304348,0.628344481605351,0.64543572582458,FALSE,,FALSE,FALSE,TRUE,3,2,2,0.245939019837746,0,0,0,0.0313545150501672,0.0434782608695652,-0.0338628762541804,TRUE,FALSE,TRUE,TRUE,FALSE
matched three-representation atlas,TITAN,driver_mutation,Bailey_tissue_specific_driver,STAD,ARID1A,TCGA_MC3_Bailey2018,365,89,276,20260982,0.642851327145416,0.583028008467676,0.314606741573034,0.851449275362319,0.631167562286273,0.403433315231121,0.645395701025892,0.584269662921348,0.706521739130435,0.670167725126201,0.377246119168325,0.629803777886338,0.51685393258427,0.742753623188406,0.658483960267057,0.424248140793536,TRUE,,FALSE,TRUE,TRUE,5,3,2,-0.901022470061495,0,0,0,0.0623676925582153,0.0467757694186615,-0.0598233186777398,TRUE,FALSE,TRUE,TRUE,TRUE
matched three-representation atlas,TITAN,driver_mutation,Bailey_tissue_specific_driver,STAD,ARID2,TCGA_MC3_Bailey2018,365,22,343,20260983,0.706201961304002,0.475218658892128,0,0.950437317784256,0.588921282798834,0.0808773257861649,0.615889212827988,0.5,0.731778425655977,0.673601908295786,0.125709564622708,0.661608799363901,0.681818181818182,0.641399416909621,0.701431221839385,0.137079641559849,TRUE,,FALSE,TRUE,TRUE,10,1,2,-3.01078694723964,0,0,0,0.14067055393586,0.186390140471773,-0.230983302411874,FALSE,FALSE,TRUE,TRUE,TRUE
matched three-representation atlas,TITAN,driver_mutation,Bailey_tissue_specific_driver,STAD,BCOR,TCGA_MC3_Bailey2018,365,29,336,20260984,0.673953201970443,0.533251231527094,0.137931034482759,0.928571428571429,0.606424466338259,0.131619860882705,0.713002873563218,0.655172413793103,0.770833333333333,0.757389162561576,0.247776103057969,0.655223727422003,0.724137931034483,0.586309523809524,0.754618226600985,0.222853141064518,TRUE,,FALSE,TRUE,TRUE,15,2,2,-3.63703591139245,1,0,0,0.179751642036125,0.12197249589491,-0.140701970443349,FALSE,FALSE,TRUE,TRUE,TRUE
matched three-representation atlas,TITAN,driver_mutation,Bailey_tissue_specific_driver,STAD,CDH1,TCGA_MC3_Bailey2018,365,35,330,20260985,0.744155844155844,0.583982683982684,0.228571428571429,0.939393939393939,0.638528138528139,0.18829637221791,0.738961038961039,0.714285714285714,0.763636363636364,0.791774891774892,0.284258547175189,0.7495670995671,0.714285714285714,0.784848484848485,0.791774891774892,0.284258547175189,TRUE,,FALSE,TRUE,TRUE,11,1,1,-2.07186103527112,0,0,0,0.154978354978355,0.165584415584416,-0.16017316017316,FALSE,FALSE,TRUE,TRUE,TRUE
matched three-representation atlas,TITAN,driver_mutation,Bailey_tissue_specific_driver,STAD,CTNNB1,TCGA_MC3_Bailey2018,365,21,344,20260986,0.717261904761905,0.583610188261351,0.19047619047619,0.976744186046512,0.634551495016611,0.146586549715048,0.651439645625692,0.523809523809524,0.779069767441861,0.717746400885936,0.164109053444208,0.720168881506091,0.80952380952381,0.630813953488372,0.79249723145072,0.238052030548963,TRUE,,FALSE,TRUE,TRUE,10,1,2,-3.81607393130462,0,0,0,0.0678294573643411,0.13655869324474,-0.133651716500554,FALSE,FALSE,TRUE,TRUE,TRUE
matched three-representation atlas,TITAN,driver_mutation,Bailey_tissue_specific_driver,STAD,DMD,TCGA_MC3_Bailey2018,365,47,318,20260987,0.587916499397832,0.463836477987421,0,0.927672955974843,0.477719791248495,0.123481897563824,0.578382175832999,0.468085106382979,0.688679245283019,0.619697577947277,0.167520286808828,0.610765422186538,0.595744680851064,0.625786163522013,0.637428074401178,0.173616647759969,FALSE,,FALSE,FALSE,TRUE,5,3,3,-2.22940781495176,0,0,0,0.114545697845577,0.146928944199117,-0.124080021410411,TRUE,FALSE,TRUE,TRUE,FALSE
matched three-representation atlas,TITAN,driver_mutation,Bailey_tissue_specific_driver,STAD,FBXW7,TCGA_MC3_Bailey2018,365,29,336,20260989,0.619868637110016,0.570710180623974,0.206896551724138,0.934523809523809,0.647167487684729,0.163490661681835,0.651734400656815,0.586206896551724,0.717261904761905,0.674568965517241,0.178525297018463,0.659688013136289,0.724137931034483,0.595238095238095,0.668411330049261,0.157892306782361,TRUE,,FALSE,TRUE,TRUE,18,1,3,-3.75686216147177,1,0,0,0.0810242200328407,0.0889778325123153,-0.0491584564860423,TRUE,FALSE,TRUE,TRUE,TRUE
matched three-representation atlas,TITAN,driver_mutation,Bailey_tissue_specific_driver,STAD,KRAS,TCGA_MC3_Bailey2018,365,30,335,20260990,0.620646766169154,0.53681592039801,0.133333333333333,0.940298507462687,0.575522388059702,0.147869858336569,0.641044776119403,0.5,0.782089552238806,0.702189054726368,0.203478873130242,0.616417910447761,0.6,0.632835820895522,0.608258706467662,0.159503703642845,TRUE,,FALSE,TRUE,TRUE,9,3,8,-4.01600653172291,0,0,0,0.104228855721393,0.0796019900497512,-0.0838308457711441,TRUE,FALSE,TRUE,TRUE,TRUE
matched three-representation atlas,TITAN,driver_mutation,Bailey_tissue_specific_driver,STAD,PTEN,TCGA_MC3_Bailey2018,365,23,342,20260993,0.577358250699212,0.476608187134503,0,0.953216374269006,0.520340706839563,0.0724777477334618,0.602974828375286,0.521739130434783,0.68421052631579,0.690821256038647,0.114089985838678,0.56000508517671,0.652173913043478,0.467836257309942,0.608060005085177,0.0978323104385885,FALSE,,FALSE,TRUE,FALSE,6,1,3,-4.49415383668118,1,0,0,0.126366641240783,0.083396898042207,-0.100750063564709,TRUE,FALSE,TRUE,FALSE,TRUE
matched three-representation atlas,TITAN,driver_mutation,Bailey_tissue_specific_driver,STAD,RHOA,TCGA_MC3_Bailey2018,365,20,345,20260995,0.719927536231884,0.563405797101449,0.15,0.976811594202898,0.677101449275362,0.152032771690848,0.707608695652174,0.65,0.765217391304348,0.786956521739131,0.158138388838678,0.71268115942029,0.75,0.67536231884058,0.810434782608696,0.153449577487745,TRUE,,FALSE,TRUE,TRUE,7,1,1,-3.02121184544037,0,0,0,0.144202898550725,0.149275362318841,-0.156521739130435,FALSE,FALSE,TRUE,TRUE,TRUE
matched three-representation atlas,TITAN,driver_mutation,Bailey_tissue_specific_driver,TGCT,KIT,TCGA_MC3_Bailey2018,128,20,108,20260999,0.757407407407407,0.480555555555556,0.1,0.861111111111111,0.597685185185185,0.249216025789958,0.653703703703704,0.65,0.657407407407407,0.776851851851852,0.40194752125215,0.680555555555556,0.75,0.611111111111111,0.755555555555556,0.365257653149975,TRUE,,FALSE,TRUE,TRUE,4,1,1,-2.12426489119233,0,0,0,0.173148148148148,0.2,-0.276851851851851,FALSE,FALSE,TRUE,TRUE,TRUE
matched three-representation atlas,TITAN,driver_mutation,Bailey_tissue_specific_driver,UCEC,ARID5B,TCGA_MC3_Bailey2018,486,52,434,20261006,0.639533853243531,0.554280397022333,0.173076923076923,0.935483870967742,0.678925912796881,0.20510006814542,0.652118043247076,0.557692307692308,0.746543778801843,0.676976249556895,0.180652636372885,0.646446295639844,0.673076923076923,0.619815668202765,0.677242112725984,0.212819219578582,TRUE,,FALSE,TRUE,TRUE,9,3,4,-3.05475461742214,1,0,0,0.097837646224743,0.0921658986175116,-0.0852534562211985,TRUE,FALSE,TRUE,TRUE,TRUE
matched three-representation atlas,TITAN,driver_mutation,Bailey_tissue_specific_driver,UCEC,ATR,TCGA_MC3_Bailey2018,486,51,435,20261009,0.552805949966193,0.569912102772143,0.215686274509804,0.924137931034483,0.592111787243633,0.192551031171054,0.620351588911427,0.470588235294118,0.770114942528736,0.641649763353617,0.191584682377757,0.57579445571332,0.627450980392157,0.524137931034483,0.660265945458643,0.216123524225422,FALSE,,FALSE,TRUE,FALSE,9,2,3,-3.05836379661008,0,0,0,0.0504394861392833,0.00588235294117656,0.0171061528059503,TRUE,FALSE,TRUE,FALSE,TRUE
matched three-representation atlas,TITAN,driver_mutation,Bailey_tissue_specific_driver,UCEC,BCOR,TCGA_MC3_Bailey2018,486,70,416,20261010,0.605357142857143,0.538701923076923,0.2,0.877403846153846,0.598248626373627,0.192572729858129,0.63073489010989,0.557142857142857,0.704326923076923,0.638461538461538,0.215224028099218,0.613633241758242,0.614285714285714,0.612980769230769,0.628228021978022,0.207573706252066,TRUE,,FALSE,TRUE,TRUE,10,2,3,-1.97562724682632,0,0,0,0.092032967032967,0.0749313186813186,-0.0666552197802199,TRUE,FALSE,TRUE,TRUE,TRUE
matched three-representation atlas,TITAN,driver_mutation,Bailey_tissue_specific_driver,UCEC,CTCF,TCGA_MC3_Bailey2018,486,96,390,20261014,0.630769230769231,0.546554487179487,0.21875,0.874358974358975,0.641319444444445,0.2818259377712,0.640304487179487,0.572916666666667,0.707692307692308,0.659054487179487,0.297316182169589,0.63838141025641,0.65625,0.620512820512821,0.664503205128205,0.303444319314859,TRUE,,FALSE,TRUE,TRUE,8,4,4,-1.66271019749646,0,0,0,0.09375,0.0918269230769231,-0.0842147435897438,TRUE,FALSE,TRUE,TRUE,TRUE
matched three-representation atlas,TITAN,driver_mutation,Bailey_tissue_specific_driver,UCEC,CTNND1,TCGA_MC3_Bailey2018,486,41,445,20261016,0.587229377911757,0.506248287201973,0.0731707317073171,0.939325842696629,0.526774458755824,0.0935813453120941,0.614688955878323,0.487804878048781,0.741573033707865,0.644121677171828,0.126622747909387,0.597972047136202,0.634146341463415,0.561797752808989,0.647519868457112,0.122307638339442,FALSE,,FALSE,TRUE,FALSE,10,2,2,-2.93151195132523,0,0,0,0.10844066867635,0.0917237599342286,-0.0809810907097839,TRUE,FALSE,TRUE,FALSE,TRUE
matched three-representation atlas,TITAN,driver_mutation,Bailey_tissue_specific_driver,UCEC,DICER1,TCGA_MC3_Bailey2018,486,51,435,20261017,0.628127112914131,0.587762001352265,0.235294117647059,0.940229885057471,0.684922244759973,0.241964684481614,0.660108181203516,0.529411764705882,0.790804597701149,0.671624971827812,0.200233945103684,0.662609871534821,0.647058823529412,0.67816091954023,0.727518593644354,0.27506200604362,TRUE,,FALSE,TRUE,TRUE,9,3,4,-2.87876414550336,0,0,0,0.0723461798512508,0.0748478701825557,-0.040365111561866,TRUE,FALSE,TRUE,TRUE,TRUE
matched three-representation atlas,TITAN,driver_mutation,Bailey_tissue_specific_driver,UCEC,ERBB2,TCGA_MC3_Bailey2018,486,25,461,20261019,0.543687635574837,0.48590021691974,0,0.971800433839479,0.56590021691974,0.0736549426015188,0.55527114967462,0.36,0.750542299349241,0.620650759219089,0.0748572751050875,0.622733188720174,0.56,0.685466377440347,0.60590021691974,0.0693834152779611,FALSE,,FALSE,FALSE,TRUE,10,2,3,-3.60585859790885,0,0,0,0.0693709327548807,0.136832971800434,-0.0577874186550973,FALSE,FALSE,TRUE,TRUE,FALSE
matched three-representation atlas,TITAN,driver_mutation,Bailey_tissue_specific_driver,UCEC,FAT1,TCGA_MC3_Bailey2018,486,82,404,20261021,0.596081864283989,0.551587780729292,0.219512195121951,0.883663366336634,0.59061820816228,0.234306644649778,0.608910891089109,0.5,0.717821782178218,0.598889157208404,0.227867513239909,0.592006761651775,0.609756097560976,0.574257425742574,0.593727360540932,0.234159620702086,FALSE,,FALSE,TRUE,FALSE,14,4,5,-2.12837972093731,0,0,0,0.0573231103598165,0.0404189809224825,-0.0444940835546966,TRUE,FALSE,TRUE,FALSE,TRUE
matched three-representation atlas,TITAN,driver_mutation,Bailey_tissue_specific_driver,UCEC,FOXA2,TCGA_MC3_Bailey2018,486,30,456,20261024,0.594736842105263,0.523464912280702,0.0666666666666667,0.980263157894737,0.582529239766082,0.104215759110517,0.603728070175439,0.433333333333333,0.774122807017544,0.645760233918129,0.180133913722152,0.544298245614035,0.4,0.68859649122807,0.506067251461988,0.0790701295828461,FALSE,,FALSE,TRUE,FALSE,3,2,2,-2.9953639460708,0,0,0,0.0802631578947368,0.0208333333333333,-0.0712719298245612,TRUE,FALSE,TRUE,FALSE,TRUE
matched three-representation atlas,TITAN,driver_mutation,Bailey_tissue_specific_driver,UCEC,INPPL1,TCGA_MC3_Bailey2018,486,56,430,20261025,0.649003322259136,0.543147840531562,0.160714285714286,0.925581395348837,0.600539867109635,0.173958329490695,0.656270764119601,0.589285714285714,0.723255813953488,0.690323920265781,0.207469530069831,0.652865448504983,0.696428571428571,0.609302325581395,0.674916943521595,0.178657691209961,TRUE,,FALSE,TRUE,TRUE,15,2,2,-2.57515128207124,1,0,0,0.11312292358804,0.109717607973422,-0.105855481727575,TRUE,FALSE,TRUE,TRUE,TRUE
matched three-representation atlas,TITAN,driver_mutation,Bailey_tissue_specific_driver,UCEC,KANSL1,TCGA_MC3_Bailey2018,486,55,431,20261026,0.615756169584476,0.526513393798777,0.127272727272727,0.925754060324826,0.603206074667792,0.175337306310606,0.619004429445265,0.490909090909091,0.747099767981439,0.648850453490825,0.197152268656162,0.622716726429023,0.690909090909091,0.554524361948956,0.666483864163679,0.222239393315776,TRUE,,FALSE,TRUE,TRUE,12,1,2,-2.37374142062381,0,0,0,0.0924910356464881,0.0962033326302468,-0.0892427757856994,TRUE,FALSE,TRUE,TRUE,TRUE
matched three-representation atlas,TITAN,driver_mutation,Bailey_tissue_specific_driver,UCEC,KMT2B,TCGA_MC3_Bailey2018,486,96,390,20261027,0.601522435897436,0.561057692307692,0.270833333333333,0.851282051282051,0.627029914529915,0.277091369967494,0.634134615384615,0.604166666666667,0.664102564102564,0.684695512820513,0.290719513385596,0.646794871794872,0.75,0.543589743589744,0.679780982905983,0.287399291890726,TRUE,,FALSE,TRUE,TRUE,12,2,3,-1.81880003065709,0,0,0,0.073076923076923,0.0857371794871794,-0.0404647435897437,TRUE,FALSE,TRUE,TRUE,TRUE
matched three-representation atlas,TITAN,driver_mutation,Bailey_tissue_specific_driver,UCEC,KRAS,TCGA_MC3_Bailey2018,486,81,405,20261029,0.614814814814815,0.580246913580247,0.259259259259259,0.901234567901234,0.65148605395519,0.281093615197426,0.64320987654321,0.54320987654321,0.74320987654321,0.688065843621399,0.303807761724129,0.604938271604938,0.62962962962963,0.580246913580247,0.659015393994818,0.284773582010427,TRUE,,FALSE,TRUE,TRUE,9,6,10,-2.02781556522796,1,0,0,0.062962962962963,0.0246913580246914,-0.0345679012345681,TRUE,FALSE,TRUE,TRUE,TRUE
matched three-representation atlas,TITAN,driver_mutation,Bailey_tissue_specific_driver,UCEC,MAP3K1,TCGA_MC3_Bailey2018,486,50,436,20261030,0.63045871559633,0.517889908256881,0.1,0.935779816513761,0.590688073394495,0.155363576538223,0.619403669724771,0.42,0.818807339449541,0.635183486238532,0.180770485189665,0.643073394495413,0.66,0.626146788990826,0.659495412844037,0.201670284164126,TRUE,,FALSE,TRUE,TRUE,9,6,8,-3.40959390931719,1,0,0,0.10151376146789,0.125183486238532,-0.112568807339449,TRUE,FALSE,TRUE,TRUE,TRUE
matched three-representation atlas,TITAN,driver_mutation,Bailey_tissue_specific_driver,UCEC,MSH6,TCGA_MC3_Bailey2018,486,50,436,20261031,0.69697247706422,0.560183486238532,0.18,0.940366972477064,0.717477064220184,0.242343588911884,0.666788990825688,0.54,0.793577981651376,0.707385321100917,0.227973225384043,0.705825688073395,0.68,0.731651376146789,0.748440366972477,0.232145409375356,TRUE,,FALSE,TRUE,TRUE,5,3,3,-2.65168138547244,0,0,0,0.106605504587156,0.145642201834862,-0.136788990825688,FALSE,FALSE,TRUE,TRUE,TRUE
matched three-representation atlas,TITAN,driver_mutation,Bailey_tissue_specific_driver,UCEC,PBRM1,TCGA_MC3_Bailey2018,486,43,443,20261033,0.595096855477978,0.554648537980996,0.186046511627907,0.923250564334086,0.655257493831697,0.165786887865809,0.653446375137802,0.534883720930233,0.772009029345372,0.674103627487007,0.181549464621664,0.59396818730642,0.558139534883721,0.62979683972912,0.642605911071447,0.186024034069532,FALSE,,FALSE,TRUE,FALSE,16,3,3,-3.89157165771171,2,0,1,0.098797837156806,0.0393196493254238,-0.0404483174969815,TRUE,FALSE,TRUE,FALSE,TRUE
matched three-representation atlas,TITAN,driver_mutation,Bailey_tissue_specific_driver,UCEC,PDS5B,TCGA_MC3_Bailey2018,486,42,444,20261034,0.641891891891892,0.486003861003861,0.0238095238095238,0.948198198198198,0.607250107250107,0.114932999275544,0.647683397683398,0.547619047619048,0.747747747747748,0.651866151866152,0.166890395459059,0.642857142857143,0.619047619047619,0.666666666666667,0.697876447876448,0.194047890678284,TRUE,,FALSE,TRUE,TRUE,6,2,2,-2.70931296635209,0,0,0,0.161679536679537,0.156853281853282,-0.155888030888031,TRUE,FALSE,TRUE,TRUE,TRUE
matched three-representation atlas,TITAN,driver_mutation,Bailey_tissue_specific_driver,UCEC,PPP2R1A,TCGA_MC3_Bailey2018,486,65,421,20261037,0.669084597113101,0.508715512515988,0.107692307692308,0.909738717339667,0.607527864059931,0.182957030956465,0.707198976795176,0.692307692307692,0.72209026128266,0.744125708021195,0.286349540578549,0.672702357025397,0.723076923076923,0.622327790973872,0.727096656312808,0.271077025425105,TRUE,,FALSE,TRUE,TRUE,17,2,1,-2.11468517057086,0,0,0,0.198483464279189,0.16398684450941,-0.160369084597113,FALSE,FALSE,TRUE,TRUE,TRUE
matched three-representation atlas,TITAN,driver_mutation,Bailey_tissue_specific_driver,UCEC,RPL22,TCGA_MC3_Bailey2018,486,44,442,20261040,0.691587823940765,0.589932126696833,0.25,0.929864253393665,0.634563965446318,0.178661468945274,0.713081036610448,0.681818181818182,0.744343891402715,0.752776635129576,0.258450540436193,0.658679555738379,0.636363636363636,0.680995475113122,0.714366515837104,0.252302870504225,TRUE,,FALSE,TRUE,TRUE,16,1,1,-2.96166915710719,0,0,0,0.123148909913616,0.0687474290415467,-0.101655697243932,FALSE,FALSE,TRUE,TRUE,TRUE
matched three-representation atlas,TITAN,driver_mutation,Bailey_tissue_specific_driver,UCEC,SCAF4,TCGA_MC3_Bailey2018,486,55,431,20261041,0.621725374393588,0.545855304788019,0.163636363636364,0.928074245939675,0.6430710820502,0.167192118504828,0.618034170006328,0.472727272727273,0.763341067285383,0.677873866272938,0.195874987037185,0.639907192575406,0.6,0.679814385150812,0.689263868382198,0.207056584655847,TRUE,,FALSE,TRUE,TRUE,12,3,2,-2.58635612793559,0,0,0,0.0721788652183084,0.0940518877873867,-0.0758700696055686,TRUE,FALSE,TRUE,TRUE,TRUE
matched three-representation atlas,TITAN,driver_mutation,Bailey_tissue_specific_driver,UCEC,SIN3A,TCGA_MC3_Bailey2018,486,48,438,20261042,0.610302511415525,0.569920091324201,0.208333333333333,0.931506849315068,0.660958904109589,0.170587838236711,0.64412100456621,0.541666666666667,0.746575342465753,0.70695395738204,0.222458928681737,0.619577625570776,0.625,0.614155251141553,0.687262176560122,0.212079294180303,TRUE,,FALSE,TRUE,TRUE,11,2,2,-2.81859803769469,0,0,0,0.0742009132420092,0.0496575342465755,-0.0403824200913242,TRUE,FALSE,TRUE,TRUE,TRUE
matched three-representation atlas,TITAN,driver_mutation,Bailey_tissue_specific_driver,UCEC,SMC1A,TCGA_MC3_Bailey2018,486,43,443,20261043,0.620268780513413,0.525408157908552,0.116279069767442,0.934537246049661,0.622604861147567,0.143346492892505,0.641031025250669,0.534883720930233,0.747178329571106,0.678093338232978,0.197894103115353,0.613155546222899,0.558139534883721,0.668171557562077,0.672108772114022,0.168379413558376,TRUE,,FALSE,TRUE,TRUE,14,2,4,-3.00956289512372,0,0,0,0.115622867342118,0.0877473883143471,-0.0948606226048614,TRUE,FALSE,TRUE,TRUE,TRUE
matched three-representation atlas,TITAN,driver_mutation,Bailey_tissue_specific_driver,UCEC,SOX17,TCGA_MC3_Bailey2018,486,20,466,20261045,0.584227467811159,0.536051502145923,0.1,0.972103004291846,0.639699570815451,0.116579323127784,0.640987124463519,0.4,0.881974248927039,0.669527896995708,0.115143981255569,0.58068669527897,0.7,0.46137339055794,0.665450643776824,0.179126401354266,FALSE,,FALSE,TRUE,FALSE,15,3,5,-6.7978058891711,0,0,0,0.104935622317597,0.0446351931330473,-0.0481759656652363,TRUE,FALSE,TRUE,FALSE,TRUE
matched three-representation atlas,TITAN,driver_mutation,Bailey_tissue_specific_driver,UCEC,TAF1,TCGA_MC3_Bailey2018,486,80,406,20261047,0.642364532019704,0.580757389162562,0.2625,0.899014778325123,0.689809113300493,0.285919411618685,0.641810344827586,0.525,0.758620689655172,0.673306650246305,0.27832795552841,0.607912561576355,0.4375,0.778325123152709,0.65615763546798,0.267199974070608,TRUE,,FALSE,TRUE,TRUE,9,4,4,-1.37814768199904,0,0,0,0.0610529556650247,0.0271551724137932,-0.0616071428571424,TRUE,FALSE,TRUE,TRUE,TRUE
matched three-representation atlas,TITAN,driver_mutation,Bailey_tissue_specific_driver,UCEC,ZFHX3,TCGA_MC3_Bailey2018,486,96,390,20261049,0.568990384615385,0.572596153846154,0.270833333333333,0.874358974358975,0.647729700854701,0.297146100485309,0.618189102564103,0.53125,0.705128205128205,0.624252136752137,0.278982206847584,0.588701923076923,0.697916666666667,0.47948717948718,0.649358974358974,0.313755042327298,FALSE,,FALSE,TRUE,FALSE,8,3,7,-2.33920246158814,0,0,0,0.0455929487179488,0.0161057692307692,0.00360576923076883,TRUE,FALSE,TRUE,FALSE,TRUE
matched three-representation atlas,TITAN,driver_mutation,Bailey_tissue_specific_driver,UCEC,ZMYM2,TCGA_MC3_Bailey2018,486,52,434,20261050,0.562566465792272,0.57581531371854,0.211538461538462,0.940092165898618,0.623759305210918,0.191468400457748,0.576745834810351,0.423076923076923,0.730414746543779,0.636742289968097,0.233880094710383,0.601736972704715,0.461538461538462,0.741935483870968,0.627481389578164,0.180980048525626,FALSE,,FALSE,FALSE,TRUE,12,3,3,-2.33506258603939,0,0,0,0.000930521091811354,0.025921658986175,0.0132488479262676,TRUE,FALSE,TRUE,TRUE,FALSE
matched three-representation atlas,TITAN,driver_mutation,Bailey_tissue_specific_driver,UVM,GNAQ,TCGA_MC3_Bailey2018,45,20,25,20261053,0.505,0.615,0.55,0.68,0.62,0.612306440201651,0.59,0.5,0.68,0.604,0.591089726194027,0.445,0.65,0.24,0.564,0.553019137999135,FALSE,,TRUE,FALSE,FALSE,5,6,6,-4.34444580721087,0,0,0,-0.0249999999999999,-0.17,0.11,FALSE,TRUE,TRUE,TRUE,TRUE
matched three-representation atlas,TITAN,fusion,fusion,KIRP,Any called fusion,Gao2018_TableS1,265,62,203,20261061,0.669235658668362,0.545725409184809,0.209677419354839,0.881773399014778,0.68274273001748,0.419304668789411,0.607142857142857,0.5,0.714285714285714,0.692753853488003,0.438346986878049,0.67348641347529,0.790322580645161,0.556650246305419,0.694740187509932,0.418567731376085,TRUE,,FALSE,TRUE,TRUE,2,2,1,-1.6715111191921,0,0,0,0.0614174479580487,0.127761004290482,-0.123510249483554,FALSE,FALSE,TRUE,TRUE,TRUE
matched three-representation atlas,TITAN,fusion,fusion,LUAD,Any called fusion,Gao2018_TableS1,461,367,94,20261064,0.625949330395965,0.548640500898603,0.841961852861035,0.25531914893617,0.575511623862253,0.841927748437253,0.611934025160879,0.574931880108992,0.648936170212766,0.640703808916459,0.866717757688951,0.625949330395965,0.634877384196185,0.617021276595745,0.640703808916459,0.866717757688951,TRUE,,FALSE,TRUE,TRUE,16,1,1,1.28299702699987,0,0,0,0.0632935242622761,0.0773088294973622,-0.0773088294973622,TRUE,FALSE,TRUE,TRUE,TRUE
matched three-representation atlas,TITAN,fusion,fusion,PAAD,Any called fusion,Gao2018_TableS1,176,90,86,20261067,0.572222222222222,0.602067183462532,0.611111111111111,0.593023255813954,0.591989664082687,0.585325581640803,0.636175710594315,0.644444444444445,0.627906976744186,0.620801033591731,0.613338048037614,0.568733850129199,0.544444444444444,0.593023255813954,0.590956072351421,0.579849339389231,FALSE,,TRUE,TRUE,FALSE,6,5,6,0.855357153776992,0,0,0,0.0341085271317829,-0.0333333333333334,0.0298449612403104,TRUE,TRUE,TRUE,TRUE,FALSE
matched three-representation atlas,TITAN,fusion,recurrent_fusion_pair,PRAD,Fusion pair: TMPRSS2--ERG,Gao2018_TableS1,369,154,215,20261070,0.616203563877983,0.615025672002416,0.564935064935065,0.665116279069768,0.638205980066445,0.530854972358387,0.599139232860163,0.616883116883117,0.581395348837209,0.629235880398671,0.52361334834616,0.599486559951676,0.701298701298701,0.497674418604651,0.619873150105708,0.502616657746549,TRUE,,TRUE,FALSE,FALSE,9,9,13,-1.31772207842975,0,0,0,-0.0158864391422531,-0.01553911205074,-0.00117789187556683,TRUE,TRUE,TRUE,TRUE,TRUE
matched three-representation atlas,TITAN,oncogenic_pathway,oncogenic_pathway,BLCA,MYC,SanchezVega2018_TableS4,373,67,306,20261088,0.580162910935519,0.560579455662862,0.238805970149254,0.882352941176471,0.611159886840308,0.265230051997082,0.608087015900888,0.477611940298507,0.738562091503268,0.648668422592918,0.291439114707562,0.594966344746854,0.582089552238806,0.607843137254902,0.65564335186811,0.303689134544757,FALSE,,FALSE,TRUE,FALSE,5,2,2,-1.67939630476723,1,0,0,0.0475075602380256,0.0343868890839918,-0.0195834552726568,TRUE,FALSE,TRUE,FALSE,TRUE
matched three-representation atlas,TITAN,oncogenic_pathway,oncogenic_pathway,CESC,Cell Cycle,SanchezVega2018_TableS4,235,46,189,20261096,0.526282493673798,0.513457556935818,0.217391304347826,0.80952380952381,0.533241315850012,0.266840552316582,0.605072463768116,0.543478260869565,0.666666666666667,0.574304117782379,0.250894033233835,0.563894639981597,0.630434782608696,0.497354497354497,0.550149528410398,0.228356240677176,FALSE,,FALSE,TRUE,FALSE,10,1,1,-1.65172649364988,1,0,0,0.0916149068322982,0.0504370830457788,-0.0128249367379802,FALSE,FALSE,TRUE,FALSE,TRUE
matched three-representation atlas,TITAN,oncogenic_pathway,oncogenic_pathway,CESC,HIPPO,SanchezVega2018_TableS4,237,76,161,20261097,0.564808761033017,0.545725727361883,0.302631578947368,0.788819875776398,0.554593004249755,0.366419354659904,0.60477280156914,0.526315789473684,0.683229813664596,0.598725073553449,0.388062192263274,0.569548872180451,0.710526315789474,0.428571428571429,0.604609349460608,0.390301674041986,FALSE,,FALSE,TRUE,FALSE,9,9,9,-4.36890915137246,1,1,0,0.0590470742072573,0.0238231448185682,-0.0190830336711341,TRUE,FALSE,TRUE,FALSE,TRUE
matched three-representation atlas,TITAN,oncogenic_pathway,oncogenic_pathway,CESC,TP53,SanchezVega2018_TableS4,237,33,204,20261103,0.53475935828877,0.552584670231729,0.242424242424242,0.862745098039216,0.588383838383838,0.242688955777156,0.605837789661319,0.363636363636364,0.848039215686275,0.584967320261438,0.199334235269493,0.584893048128342,0.606060606060606,0.563725490196078,0.597593582887701,0.236355865094174,FALSE,,FALSE,TRUE,FALSE,16,5,14,-11.5277182751176,1,1,1,0.05325311942959,0.0323083778966132,0.0178253119429591,FALSE,FALSE,TRUE,FALSE,TRUE
matched three-representation atlas,TITAN,oncogenic_pathway,oncogenic_pathway,COAD,Cell Cycle,SanchezVega2018_TableS4,253,147,106,20261105,0.573771017841099,0.552175587216019,0.63265306122449,0.471698113207547,0.58529072006161,0.661527140388682,0.603837761519702,0.585034013605442,0.622641509433962,0.600243871133359,0.677861723253038,0.603292260300347,0.612244897959184,0.59433962264151,0.620587857784623,0.689230637902725,FALSE,,FALSE,TRUE,TRUE,5,2,3,0.324050959937463,0,0,0,0.0516621743036836,0.051116673084328,-0.0215954306250804,TRUE,FALSE,TRUE,TRUE,TRUE
matched three-representation atlas,TITAN,oncogenic_pathway,oncogenic_pathway,COAD,HIPPO,SanchezVega2018_TableS4,323,63,260,20261106,0.586935286935287,0.597191697191697,0.317460317460317,0.876923076923077,0.642368742368742,0.309225236787916,0.632081807081807,0.46031746031746,0.803846153846154,0.648962148962149,0.317160594075791,0.650396825396825,0.650793650793651,0.65,0.657020757020757,0.327497741625375,FALSE,,FALSE,TRUE,TRUE,8,2,6,-1.9133939161895,0,0,1,0.0348901098901099,0.0532051282051282,0.0102564102564102,TRUE,FALSE,TRUE,TRUE,TRUE
matched three-representation atlas,TITAN,oncogenic_pathway,oncogenic_pathway,COAD,MYC,SanchezVega2018_TableS4,323,79,244,20261107,0.593328491388255,0.570891263747666,0.227848101265823,0.913934426229508,0.637009753060801,0.384719071220322,0.595922390537456,0.544303797468355,0.647540983606557,0.620045652625026,0.343589439638546,0.612678979041295,0.569620253164557,0.655737704918033,0.641678771529363,0.364144140626892,FALSE,,FALSE,FALSE,TRUE,3,3,3,-1.1906356516079,0,0,0,0.0250311267897905,0.0417877152936294,-0.0224372276405895,TRUE,FALSE,TRUE,TRUE,FALSE
matched three-representation atlas,TITAN,oncogenic_pathway,oncogenic_pathway,COAD,NOTCH,SanchezVega2018_TableS4,323,107,216,20261108,0.630559882312219,0.591965212876428,0.364485981308411,0.819444444444445,0.653816199376947,0.450286686577025,0.601570612668744,0.439252336448598,0.763888888888889,0.662210107303565,0.497130808663306,0.583225164416753,0.476635514018692,0.689814814814815,0.65597957770855,0.503369490004653,TRUE,,FALSE,TRUE,FALSE,5,3,2,-0.793150628411912,0,0,0,0.00960539979231567,-0.00874004845967458,-0.0385946694357913,TRUE,FALSE,TRUE,FALSE,TRUE
matched three-representation atlas,TITAN,oncogenic_pathway,oncogenic_pathway,COAD,PI3K,SanchezVega2018_TableS4,323,148,175,20261109,0.615482625482626,0.59988416988417,0.554054054054054,0.645714285714286,0.625675675675676,0.592872973230735,0.613146718146718,0.614864864864865,0.611428571428571,0.638494208494208,0.605263700914191,0.623783783783784,0.567567567567568,0.68,0.655830115830116,0.583170519468496,TRUE,,FALSE,TRUE,TRUE,5,5,3,0.0931620311026777,0,0,0,0.0132625482625482,0.0238996138996139,-0.0155984555984561,TRUE,FALSE,TRUE,TRUE,TRUE
matched three-representation atlas,TITAN,oncogenic_pathway,oncogenic_pathway,COAD,RTK RAS,SanchezVega2018_TableS4,323,242,81,20261110,0.649270482603816,0.577874706662585,0.847107438016529,0.308641975308642,0.680338740944802,0.858188487944619,0.65781552902765,0.698347107438017,0.617283950617284,0.715743291500867,0.867599306012391,0.647382920110193,0.628099173553719,0.666666666666667,0.715743291500867,0.867599306012391,TRUE,,FALSE,TRUE,TRUE,7,2,2,1.42230248992594,0,0,0,0.0799408223650647,0.0695082134476074,-0.0713957759412306,TRUE,FALSE,TRUE,TRUE,TRUE
matched three-representation atlas,TITAN,oncogenic_pathway,oncogenic_pathway,ESCA,NRF2,SanchezVega2018_TableS4,139,22,117,20261117,0.626068376068376,0.594988344988345,0.318181818181818,0.871794871794872,0.652292152292152,0.337557876152534,0.641802641802642,0.454545454545455,0.829059829059829,0.688034188034188,0.348730932999628,0.637334887334887,0.590909090909091,0.683760683760684,0.615773115773116,0.318728146037659,TRUE,,FALSE,TRUE,TRUE,16,9,9,-5.08360123443118,0,0,0,0.0468142968142968,0.0423465423465425,-0.031080031080031,TRUE,FALSE,TRUE,TRUE,TRUE
matched three-representation atlas,TITAN,oncogenic_pathway,oncogenic_pathway,ESCA,WNT,SanchezVega2018_TableS4,139,28,111,20261121,0.564671814671815,0.499195624195624,0.178571428571429,0.81981981981982,0.491956241956242,0.208334074114959,0.511583011583012,0.428571428571429,0.594594594594595,0.558880308880309,0.219888867002202,0.608912483912484,0.821428571428571,0.396396396396396,0.495817245817246,0.207061932863375,FALSE,,FALSE,FALSE,TRUE,9,1,3,-3.34236920363061,0,0,0,0.0123873873873874,0.10971685971686,-0.0654761904761909,TRUE,FALSE,TRUE,TRUE,FALSE
matched three-representation atlas,TITAN,oncogenic_pathway,oncogenic_pathway,HNSC,NRF2,SanchezVega2018_TableS4,412,50,362,20261128,0.549060773480663,0.546850828729282,0.16,0.933701657458563,0.591160220994475,0.180294421284055,0.620828729281768,0.54,0.701657458563536,0.636574585635359,0.246394273784641,0.595635359116022,0.52,0.671270718232044,0.664309392265193,0.244999236825055,FALSE,,FALSE,TRUE,FALSE,6,2,1,-2.06633364215906,0,0,0,0.0739779005524863,0.0487845303867405,-0.00220994475138125,FALSE,FALSE,TRUE,FALSE,TRUE
matched three-representation atlas,TITAN,oncogenic_pathway,oncogenic_pathway,HNSC,PI3K,SanchezVega2018_TableS4,412,170,242,20261129,0.596718522119592,0.602576567817209,0.411764705882353,0.793388429752066,0.616893534273214,0.528613209387676,0.603719008264463,0.6,0.607438016528926,0.617671366067088,0.518894105262946,0.596718522119592,0.552941176470588,0.640495867768595,0.617671366067088,0.518894105262946,FALSE,,TRUE,TRUE,FALSE,1,1,1,-0.302991165063823,0,0,0,0.00114244044725331,-0.00585804569761783,0.0058580456976175,TRUE,TRUE,TRUE,TRUE,FALSE
matched three-representation atlas,TITAN,oncogenic_pathway,oncogenic_pathway,KICH,TP53,SanchezVega2018_TableS4,65,21,44,20261134,0.604978354978355,0.590367965367966,0.476190476190476,0.704545454545455,0.678571428571429,0.56209089270268,0.649350649350649,0.571428571428571,0.727272727272727,0.672077922077922,0.55700282825181,0.579004329004329,0.476190476190476,0.681818181818182,0.637445887445888,0.445565615097781,TRUE,,FALSE,TRUE,FALSE,3,3,6,-2.68332321603695,0,0,0,0.0589826839826839,-0.0113636363636365,-0.0146103896103895,TRUE,FALSE,TRUE,FALSE,TRUE
matched three-representation atlas,TITAN,oncogenic_pathway,oncogenic_pathway,KIRC,PI3K,SanchezVega2018_TableS4,334,55,279,20261137,0.638840013033561,0.498989898989899,0.109090909090909,0.888888888888889,0.547930922124471,0.180813945512588,0.643695014662757,0.545454545454545,0.741935483870968,0.69820788530466,0.282503811011875,0.638840013033561,0.618181818181818,0.659498207885305,0.69820788530466,0.282503811011875,TRUE,,FALSE,TRUE,TRUE,4,1,1,-1.87968957770961,0,0,0,0.144705115672858,0.139850114043662,-0.139850114043662,TRUE,FALSE,TRUE,TRUE,TRUE
matched three-representation atlas,TITAN,oncogenic_pathway,oncogenic_pathway,KIRC,WNT,SanchezVega2018_TableS4,334,22,312,20261139,0.532342657342657,0.636655011655012,0.318181818181818,0.955128205128205,0.561334498834499,0.147052680412866,0.562645687645688,0.272727272727273,0.852564102564103,0.578817016317016,0.123069578605793,0.533653846153846,0.5,0.567307692307692,0.564539627039627,0.126609093800964,FALSE,,TRUE,FALSE,FALSE,5,6,12,-9.95385826664035,0,0,0,-0.0740093240093241,-0.103001165501166,0.104312354312355,FALSE,TRUE,TRUE,TRUE,TRUE
matched three-representation atlas,TITAN,oncogenic_pathway,oncogenic_pathway,KIRP,HIPPO,SanchezVega2018_TableS4,255,29,226,20261141,0.474137931034483,0.59589563625267,0.275862068965517,0.915929203539823,0.601922490082392,0.204764918589645,0.618400976502899,0.413793103448276,0.823008849557522,0.611687519072322,0.187551347389119,0.516631064998474,0.413793103448276,0.619469026548673,0.584986267927983,0.22169985037423,FALSE,,FALSE,TRUE,FALSE,10,3,6,-6.35145861769065,0,0,0,0.0225053402502288,-0.079264571254196,0.121757705218187,FALSE,FALSE,TRUE,FALSE,TRUE
matched three-representation atlas,TITAN,oncogenic_pathway,oncogenic_pathway,KIRP,WNT,SanchezVega2018_TableS4,255,24,231,20261145,0.489989177489178,0.521374458874459,0.125,0.917748917748918,0.538419913419913,0.120444945540374,0.600108225108225,0.416666666666667,0.783549783549784,0.626623376623377,0.197810544435122,0.495670995670996,0.333333333333333,0.658008658008658,0.503968253968254,0.115466092914037,FALSE,,FALSE,TRUE,FALSE,6,3,10,-7.96244928567015,0,0,0,0.0787337662337663,-0.0257034632034632,0.0313852813852809,FALSE,FALSE,TRUE,FALSE,TRUE
matched three-representation atlas,TITAN,oncogenic_pathway,oncogenic_pathway,LGG,MYC,SanchezVega2018_TableS4,481,28,453,20261148,0.556527909176916,0.503508356985178,0.0357142857142857,0.971302428256071,0.581598864711448,0.0802728757300906,0.617746767581205,0.535714285714286,0.699779249448124,0.621333964049196,0.115522472871731,0.569970040996531,0.678571428571429,0.461368653421634,0.534847051403343,0.0684443012890886,FALSE,,FALSE,TRUE,FALSE,7,2,7,-5.3636714035611,0,0,0,0.114238410596027,0.066461684011353,-0.0530195521917378,TRUE,FALSE,TRUE,FALSE,TRUE
matched three-representation atlas,TITAN,oncogenic_pathway,oncogenic_pathway,LGG,PI3K,SanchezVega2018_TableS4,481,113,368,20261150,0.545690650250096,0.543971238938053,0.150442477876106,0.9375,0.588062716429396,0.326528737414892,0.60042323970758,0.548672566371681,0.652173913043478,0.633729318968834,0.388509195628715,0.545690650250096,0.504424778761062,0.586956521739131,0.587677953058869,0.332185641199748,FALSE,,FALSE,TRUE,FALSE,2,1,1,-1.30616357307738,0,0,0,0.0564520007695267,0.00171941131204312,-0.0017194113120429,FALSE,FALSE,TRUE,FALSE,TRUE
matched three-representation atlas,TITAN,oncogenic_pathway,oncogenic_pathway,LIHC,PI3K,SanchezVega2018_TableS4,333,84,249,20261160,0.521514629948365,0.560527825588067,0.285714285714286,0.835341365461847,0.59887167718493,0.325732326793912,0.607358003442341,0.511904761904762,0.70281124497992,0.597341747944158,0.344716727768114,0.559165232358003,0.511904761904762,0.606425702811245,0.562153375406387,0.294760787022791,FALSE,,FALSE,TRUE,FALSE,4,8,13,-1.70025217799002,0,0,0,0.0468301778542741,-0.00136259323006316,0.0390131956397016,FALSE,FALSE,TRUE,FALSE,TRUE
matched three-representation atlas,TITAN,oncogenic_pathway,oncogenic_pathway,LIHC,TP53,SanchezVega2018_TableS4,333,126,207,20261163,0.620945479641132,0.597308488612837,0.46031746031746,0.734299516908213,0.621884824783376,0.483970749962346,0.637853692201518,0.642857142857143,0.632850241545894,0.666014876159804,0.535424654260231,0.595583160800552,0.587301587301587,0.603864734299517,0.626255655241162,0.473266243457776,TRUE,,FALSE,TRUE,FALSE,3,3,3,-0.640069438354156,0,0,0,0.0405452035886819,-0.00172532781228429,-0.0236369910282955,TRUE,FALSE,TRUE,FALSE,TRUE
matched three-representation atlas,TITAN,oncogenic_pathway,oncogenic_pathway,LUAD,TGF-Beta,SanchezVega2018_TableS4,451,45,406,20261172,0.619102353585112,0.470498084291188,0.0444444444444444,0.896551724137931,0.432840722495895,0.0862486029122368,0.595566502463054,0.6,0.591133004926109,0.599835796387521,0.135387160036535,0.619102353585112,0.711111111111111,0.527093596059113,0.615435139573071,0.136398553797189,TRUE,,FALSE,FALSE,TRUE,17,1,1,-2.37570324170403,1,0,0,0.125068418171866,0.148604269293924,-0.148604269293924,TRUE,FALSE,TRUE,TRUE,FALSE
matched three-representation atlas,TITAN,oncogenic_pathway,oncogenic_pathway,LUSC,NRF2,SanchezVega2018_TableS4,442,109,333,20261179,0.617984957434499,0.579552029093314,0.330275229357798,0.828828828828829,0.654764856599719,0.376717041679568,0.612061602887291,0.605504587155963,0.618618618618619,0.657519905226327,0.383630236342491,0.61839821472849,0.642201834862385,0.594594594594595,0.658098465437915,0.385412277690637,TRUE,,FALSE,TRUE,TRUE,8,2,3,-1.16644489484582,0,0,0,0.0325095737939775,0.0388461856351765,-0.0384329283411855,TRUE,FALSE,TRUE,TRUE,TRUE
matched three-representation atlas,TITAN,oncogenic_pathway,oncogenic_pathway,LUSC,PI3K,SanchezVega2018_TableS4,442,305,137,20261180,0.596398229029556,0.550843604164174,0.875409836065574,0.226277372262774,0.577288500658131,0.7447072587409,0.600263252363288,0.711475409836066,0.489051094890511,0.608256551394041,0.734716182023837,0.584396314466914,0.701639344262295,0.467153284671533,0.588464760081369,0.730604196650742,FALSE,,FALSE,TRUE,FALSE,2,1,1,0.80457386191203,0,0,0,0.0494196481991145,0.0335527103027402,-0.0455546248653822,TRUE,FALSE,TRUE,FALSE,TRUE
matched three-representation atlas,TITAN,oncogenic_pathway,oncogenic_pathway,PRAD,MYC,SanchezVega2018_TableS4,359,37,322,20261197,0.637988920597616,0.524089306698002,0.135135135135135,0.91304347826087,0.540204801074366,0.136319144031626,0.571176766828941,0.378378378378378,0.763975155279503,0.576968272620447,0.149032765170333,0.637988920597616,0.648648648648649,0.627329192546584,0.656370656370656,0.196563150086379,TRUE,,FALSE,FALSE,TRUE,14,1,1,-2.45882141193893,0,0,0,0.0470874601309383,0.113899613899614,-0.113899613899614,TRUE,FALSE,TRUE,TRUE,FALSE
matched three-representation atlas,TITAN,oncogenic_pathway,oncogenic_pathway,PRAD,NOTCH,SanchezVega2018_TableS4,359,49,310,20261198,0.614779460171165,0.53594470046083,0.142857142857143,0.929032258064516,0.516392363396972,0.168687650289305,0.576695194206715,0.346938775510204,0.806451612903226,0.551283739302173,0.20014164528028,0.614779460171165,0.510204081632653,0.719354838709677,0.629098090849243,0.241664754505652,TRUE,,FALSE,FALSE,TRUE,3,2,1,-2.05078701373373,0,0,0,0.0407504937458854,0.0788347597103357,-0.0788347597103355,TRUE,FALSE,TRUE,TRUE,FALSE
matched three-representation atlas,TITAN,oncogenic_pathway,oncogenic_pathway,PRAD,PI3K,SanchezVega2018_TableS4,359,121,238,20261199,0.554864921175082,0.617959580526426,0.462809917355372,0.773109243697479,0.627856101118133,0.495589493585983,0.575595527467185,0.504132231404959,0.647058823529412,0.599486075421904,0.452839393078593,0.592680047225502,0.471074380165289,0.714285714285714,0.627717202583513,0.501736732528751,FALSE,,TRUE,FALSE,FALSE,11,11,5,-0.557681354884432,0,0,0,-0.0423640530592403,-0.0252795333009237,0.0630946593513435,TRUE,TRUE,TRUE,TRUE,TRUE
matched three-representation atlas,TITAN,oncogenic_pathway,oncogenic_pathway,READ,Cell Cycle,SanchezVega2018_TableS4,80,34,46,20261204,0.569053708439898,0.677749360613811,0.529411764705882,0.826086956521739,0.657289002557545,0.625478800943995,0.576086956521739,0.5,0.652173913043478,0.599104859335038,0.583627573941449,0.569053708439898,0.529411764705882,0.608695652173913,0.60997442455243,0.597718996082312,FALSE,,TRUE,FALSE,FALSE,2,4,5,-0.338683386870699,0,0,1,-0.101662404092072,-0.108695652173913,0.108695652173913,TRUE,TRUE,TRUE,TRUE,TRUE
matched three-representation atlas,TITAN,oncogenic_pathway,oncogenic_pathway,READ,NOTCH,SanchezVega2018_TableS4,106,28,78,20261205,0.592032967032967,0.632326007326007,0.392857142857143,0.871794871794872,0.667124542124542,0.421969589173099,0.596153846153846,0.5,0.692307692307692,0.682234432234432,0.42906328509952,0.602564102564103,0.5,0.705128205128205,0.703296703296703,0.475712710443798,FALSE,,TRUE,FALSE,TRUE,7,2,1,-1.34586962360775,0,0,0,-0.0361721611721612,-0.0297619047619047,0.0402930402930403,TRUE,TRUE,TRUE,FALSE,TRUE
matched three-representation atlas,TITAN,oncogenic_pathway,oncogenic_pathway,SARC,HIPPO,SanchezVega2018_TableS4,222,25,197,20261210,0.663959390862944,0.526700507614213,0.16,0.893401015228426,0.582131979695432,0.140236377280645,0.634416243654822,0.68,0.588832487309645,0.649137055837563,0.170870773944316,0.651573604060914,0.76,0.543147208121827,0.592284263959391,0.14232885984824,TRUE,,FALSE,TRUE,TRUE,14,1,1,-2.32901185276268,1,0,0,0.107715736040609,0.1248730964467,-0.137258883248731,FALSE,FALSE,TRUE,TRUE,TRUE
matched three-representation atlas,TITAN,oncogenic_pathway,oncogenic_pathway,SARC,TP53,SanchezVega2018_TableS4,222,146,76,20261214,0.622206200432588,0.591744772891132,0.815068493150685,0.368421052631579,0.569304253785148,0.680153170341634,0.639599855803893,0.73972602739726,0.539473684210526,0.664563806777217,0.730828186018463,0.644917087238645,0.842465753424658,0.447368421052632,0.6288752703677,0.709605704875914,TRUE,,FALSE,TRUE,TRUE,1,2,1,0.18409691705519,0,0,0,0.0478550829127614,0.0531723143475127,-0.0304614275414561,TRUE,FALSE,TRUE,TRUE,TRUE
matched three-representation atlas,TITAN,oncogenic_pathway,oncogenic_pathway,STAD,HIPPO,SanchezVega2018_TableS4,321,66,255,20261217,0.645632798573975,0.582887700534759,0.303030303030303,0.862745098039216,0.638799762329174,0.330754987000826,0.663814616755793,0.606060606060606,0.72156862745098,0.702079619726679,0.431927656316362,0.682085561497326,0.681818181818182,0.682352941176471,0.723232323232323,0.459669681734499,TRUE,,FALSE,TRUE,TRUE,8,3,2,-1.33304633849236,0,0,0,0.0809269162210339,0.0991978609625669,-0.0627450980392157,TRUE,FALSE,TRUE,TRUE,TRUE
matched three-representation atlas,TITAN,oncogenic_pathway,oncogenic_pathway,STAD,PI3K,SanchezVega2018_TableS4,321,130,191,20261220,0.650080547724527,0.557994361659283,0.461538461538462,0.654450261780105,0.578413209826822,0.49039521029194,0.635179218687072,0.715384615384615,0.554973821989529,0.668666935159082,0.522629389804602,0.646979460330246,0.838461538461539,0.455497382198953,0.664156262585582,0.50591700440131,TRUE,,FALSE,TRUE,TRUE,6,1,1,-0.740789879361223,0,0,0,0.0771848570277891,0.0889850986709626,-0.0920861860652439,FALSE,FALSE,TRUE,TRUE,TRUE
matched three-representation atlas,TITAN,oncogenic_pathway,oncogenic_pathway,STAD,RTK RAS,SanchezVega2018_TableS4,321,189,132,20261221,0.630411255411255,0.571188071188071,0.687830687830688,0.454545454545455,0.613796697130031,0.676671511990423,0.614057239057239,0.62962962962963,0.598484848484849,0.631513548180215,0.683457063660618,0.607623857623858,0.624338624338624,0.590909090909091,0.631553631553632,0.709574329684931,TRUE,,FALSE,TRUE,TRUE,3,3,3,0.358085207771754,0,0,0,0.0428691678691679,0.0364357864357865,-0.0592231842231838,TRUE,FALSE,TRUE,TRUE,TRUE
matched three-representation atlas,TITAN,oncogenic_pathway,oncogenic_pathway,STAD,TGF-Beta,SanchezVega2018_TableS4,321,89,232,20261222,0.626864587369237,0.571944013948082,0.303370786516854,0.84051724137931,0.635703215807826,0.4031871647818,0.634807245253778,0.584269662921348,0.685344827586207,0.651685393258427,0.384007631289593,0.616403525765207,0.685393258426966,0.547413793103448,0.657739248353351,0.378132162839643,TRUE,,FALSE,TRUE,TRUE,4,2,2,-1.27866445175429,0,0,0,0.0628632313056955,0.0444595118171252,-0.0549205734211549,TRUE,FALSE,TRUE,TRUE,TRUE
matched three-representation atlas,TITAN,oncogenic_pathway,oncogenic_pathway,STAD,WNT,SanchezVega2018_TableS4,321,118,203,20261224,0.639475661684896,0.577774066961677,0.406779661016949,0.748768472906404,0.633046672789513,0.481397205879419,0.600943474993738,0.576271186440678,0.625615763546798,0.657510227936879,0.500089983715383,0.632483092594139,0.703389830508475,0.561576354679803,0.671704099524088,0.509765961237484,TRUE,,FALSE,TRUE,TRUE,3,1,1,-0.76056282620364,0,0,0,0.0231694080320615,0.0547090256324622,-0.0617015947232195,TRUE,FALSE,TRUE,TRUE,TRUE
matched three-representation atlas,TITAN,oncogenic_pathway,oncogenic_pathway,UCEC,HIPPO,SanchezVega2018_TableS4,467,132,335,20261231,0.603493894165536,0.576074174581637,0.393939393939394,0.758208955223881,0.602329262777024,0.357551022082614,0.615094979647219,0.522727272727273,0.707462686567164,0.646178199909543,0.398033364414953,0.599366802351877,0.515151515151515,0.683582089552239,0.607304387155133,0.360383548890676,TRUE,,FALSE,TRUE,FALSE,11,3,3,-1.07133894608801,0,0,0,0.0390208050655813,0.0232926277702398,-0.0274197195838988,TRUE,FALSE,TRUE,FALSE,TRUE
matched three-representation atlas,TITAN,oncogenic_pathway,oncogenic_pathway,UCEC,NOTCH,SanchezVega2018_TableS4,467,182,285,20261233,0.586244457297089,0.595286292654714,0.401098901098901,0.789473684210526,0.633911702332755,0.517540596597894,0.585319066898014,0.510989010989011,0.659649122807018,0.622672064777328,0.506358518316393,0.60080971659919,0.538461538461538,0.663157894736842,0.622672064777328,0.506358518316393,FALSE,,FALSE,FALSE,TRUE,5,4,4,-0.594508446646892,0,0,0,-0.00996722575669951,0.00552342394447647,0.00904183535762482,TRUE,FALSE,TRUE,TRUE,FALSE
matched three-representation atlas,TITAN,oncogenic_pathway,oncogenic_pathway,UCEC,PI3K,SanchezVega2018_TableS4,467,436,31,20261235,0.594221663213969,0.52545131695768,0.954128440366972,0.0967741935483871,0.557191476768275,0.94289054283267,0.632065699911216,0.68348623853211,0.580645161290323,0.631473808819177,0.950406170444669,0.601102397158923,0.621559633027523,0.580645161290323,0.619488014205386,0.954483477657252,FALSE,,FALSE,TRUE,TRUE,9,1,1,2.86271670052437,0,0,0,0.106614382953537,0.075651080201243,-0.0687703462562892,TRUE,FALSE,TRUE,TRUE,TRUE
matched three-representation atlas,TITAN,oncogenic_pathway,oncogenic_pathway,UCS,RTK RAS,SanchezVega2018_TableS4,52,32,20,20261241,0.578125,0.665625,0.78125,0.55,0.6625,0.757528175619575,0.65,0.75,0.55,0.6375,0.745120426074783,0.56875,0.4375,0.7,0.646875,0.748159692582759,FALSE,,TRUE,TRUE,FALSE,2,3,3,3.63751805001114,0,0,0,-0.015625,-0.096875,0.0875,TRUE,TRUE,TRUE,TRUE,FALSE
