foundation_model,family,tumor_type,endpoint,empirical_ba_tuned_auroc,empirical_ba_tuned_balanced_accuracy,empirical_ba_tuned_pr_auc,empirical_ba_tuned_median_component,auroc,pr_auc,balanced_accuracy,sensitivity,specificity,ppv,npv,prevalence,no_skill_pr_auc,empirical_prior_balanced_accuracy,empirical_prior_sensitivity,empirical_prior_specificity,empirical_prior_ppv,empirical_prior_npv,equal_prior_balanced_accuracy,equal_prior_sensitivity,equal_prior_specificity,equal_prior_ppv,equal_prior_npv,median_selected_component,minimum_selected_component,maximum_selected_component,components_at_ceiling,median_inner_auroc,median_selected_threshold,subfamily,source,n,positive,negative,seed,tuning_objective,operating_threshold,primary_binary_metric,binary_crossing_rule,rsvd_only,auroc_delta,balanced_accuracy_delta,empirical_ba_crossing,auroc_tuned_ba_crossing,auroc_tuned_auroc_crossing,median_component_changed
GigaSSL,aneuploidy,ACC,Genome doubling,0.659259259259259,0.596296296296296,0.671640626338824,4,0.668148148148148,0.706748235346104,0.596296296296296,0.592592592592593,0.6,0.615384615384615,0.576923076923077,0.519230769230769,0.519230769230769,0.633333333333333,0.666666666666667,0.6,0.642857142857143,0.625,0.633333333333333,0.666666666666667,0.6,0.642857142857143,0.625,4,3,5,0,0.676190476190476,0.698519346166394,aneuploidy,Taylor2018_TableS2,52,27,25,20260816,pooled inner out-of-fold AUROC,pooled inner out-of-fold balanced-accuracy optimum,outer out-of-fold AUROC,AUROC >= 0.60 after inner-AUROC component tuning,TRUE,0.00888888888888917,3.33066907387547e-16,FALSE,FALSE,TRUE,FALSE
ProvGigaPath,aneuploidy,ACC,Genome doubling,0.700740740740741,0.654814814814815,0.738318517745615,4,0.714074074074074,0.771085911505323,0.620740740740741,0.481481481481482,0.76,0.68421052631579,0.575757575757576,0.519230769230769,0.519230769230769,0.653333333333333,0.666666666666667,0.64,0.666666666666667,0.64,0.653333333333333,0.666666666666667,0.64,0.666666666666667,0.64,4,2,16,0,0.738636363636364,13.1427050343057,aneuploidy,Taylor2018_TableS2,52,27,25,20260816,pooled inner out-of-fold AUROC,pooled inner out-of-fold balanced-accuracy optimum,outer out-of-fold AUROC,AUROC >= 0.60 after inner-AUROC component tuning,TRUE,0.0133333333333331,-0.0340740740740743,TRUE,TRUE,TRUE,FALSE
TITAN,aneuploidy,ACC,Genome doubling,0.531851851851852,0.496296296296296,0.59874825491973,2,0.531851851851852,0.584476062491148,0.52962962962963,0.259259259259259,0.8,0.583333333333333,0.5,0.519230769230769,0.519230769230769,0.534814814814815,0.62962962962963,0.44,0.548387096774194,0.523809523809524,0.516296296296296,0.592592592592593,0.44,0.533333333333333,0.5,2,1,3,0,0.561904761904762,1.14861142918426,aneuploidy,Taylor2018_TableS2,52,27,25,20260816,pooled inner out-of-fold AUROC,pooled inner out-of-fold balanced-accuracy optimum,outer out-of-fold AUROC,AUROC >= 0.60 after inner-AUROC component tuning,TRUE,-2.22044604925031e-16,0.0333333333333337,FALSE,FALSE,FALSE,FALSE
GigaSSL,aneuploidy,BLCA,Genome doubling,0.713460170697013,0.64307728781413,0.745834299999774,6,0.715623518255097,0.743198518775531,0.670637743006164,0.706140350877193,0.635135135135135,0.748837209302326,0.583850931677019,0.606382978723404,0.606382978723404,0.658250355618777,0.789473684210526,0.527027027027027,0.72,0.619047619047619,0.655464675201517,0.662280701754386,0.648648648648649,0.74384236453202,0.554913294797688,3,3,8,0,0.714607154337145,0.240066505117058,aneuploidy,Taylor2018_TableS2,376,228,148,20260817,pooled inner out-of-fold AUROC,pooled inner out-of-fold balanced-accuracy optimum,outer out-of-fold AUROC,AUROC >= 0.60 after inner-AUROC component tuning,TRUE,0.00216334755808423,0.0275604551920341,TRUE,TRUE,TRUE,TRUE
ProvGigaPath,aneuploidy,BLCA,Genome doubling,0.757142010431484,0.683736367946894,0.787930587802133,3,0.746028923660503,0.780962596734015,0.662695590327169,0.710526315789474,0.614864864864865,0.73972602739726,0.579617834394905,0.606382978723404,0.606382978723404,0.671408250355619,0.81578947368421,0.527027027027027,0.7265625,0.65,0.687529634898056,0.706140350877193,0.668918918918919,0.766666666666667,0.596385542168675,3,3,3,0,0.740092758414841,0.58847518875117,aneuploidy,Taylor2018_TableS2,376,228,148,20260817,pooled inner out-of-fold AUROC,pooled inner out-of-fold balanced-accuracy optimum,outer out-of-fold AUROC,AUROC >= 0.60 after inner-AUROC component tuning,TRUE,-0.0111130867709813,-0.0210407776197247,TRUE,TRUE,TRUE,FALSE
TITAN,aneuploidy,BLCA,Genome doubling,0.747332859174964,0.693871503082029,0.787729217391249,5,0.726084637268848,0.777415577531249,0.662339971550498,0.736842105263158,0.587837837837838,0.733624454148472,0.591836734693878,0.606382978723404,0.606382978723404,0.683084400189663,0.785087719298246,0.581081081081081,0.742738589211618,0.637037037037037,0.67923186344239,0.736842105263158,0.621621621621622,0.75,0.605263157894737,5,3,9,0,0.736217172657851,0.251911060026071,aneuploidy,Taylor2018_TableS2,376,228,148,20260817,pooled inner out-of-fold AUROC,pooled inner out-of-fold balanced-accuracy optimum,outer out-of-fold AUROC,AUROC >= 0.60 after inner-AUROC component tuning,TRUE,-0.0212482219061162,-0.0315315315315312,TRUE,TRUE,TRUE,FALSE
GigaSSL,aneuploidy,CESC,Genome doubling,0.661261631089217,0.59072249589491,0.448239604538933,4,0.676929392446634,0.486643303685734,0.642651888341544,0.773809523809524,0.511494252873563,0.433333333333333,0.824074074074074,0.325581395348837,0.325581395348837,0.583949096880131,0.369047619047619,0.798850574712644,0.46969696969697,0.723958333333333,0.595443349753695,0.535714285714286,0.655172413793103,0.428571428571429,0.745098039215686,3,2,3,0,0.668420487490605,-1.37920145206319,aneuploidy,Taylor2018_TableS2,258,84,174,20260818,pooled inner out-of-fold AUROC,pooled inner out-of-fold balanced-accuracy optimum,outer out-of-fold AUROC,AUROC >= 0.60 after inner-AUROC component tuning,TRUE,0.0156677613574169,0.0519293924466335,FALSE,TRUE,TRUE,TRUE
ProvGigaPath,aneuploidy,CESC,Genome doubling,0.601258894362343,0.599753694581281,0.416134376127927,4,0.600574712643678,0.429948077415475,0.56568144499179,0.642857142857143,0.488505747126437,0.377622377622378,0.739130434782609,0.325581395348837,0.325581395348837,0.581691297208539,0.404761904761905,0.758620689655172,0.447368421052632,0.725274725274725,0.574712643678161,0.5,0.649425287356322,0.407766990291262,0.729032258064516,3,2,6,0,0.637066466230001,-1.23488456032526,aneuploidy,Taylor2018_TableS2,258,84,174,20260818,pooled inner out-of-fold AUROC,pooled inner out-of-fold balanced-accuracy optimum,outer out-of-fold AUROC,AUROC >= 0.60 after inner-AUROC component tuning,TRUE,-0.000684181718664911,-0.0340722495894912,FALSE,FALSE,TRUE,TRUE
TITAN,aneuploidy,CESC,Genome doubling,0.571975916803503,0.569170771756979,0.385420003127239,5,0.619594964422551,0.409355323338849,0.613300492610837,0.738095238095238,0.488505747126437,0.410596026490066,0.794392523364486,0.325581395348837,0.325581395348837,0.543103448275862,0.333333333333333,0.752873563218391,0.394366197183099,0.700534759358289,0.598316912972085,0.535714285714286,0.660919540229885,0.432692307692308,0.746753246753247,5,3,6,0,0.678781512605042,-1.91319979362506,aneuploidy,Taylor2018_TableS2,258,84,174,20260818,pooled inner out-of-fold AUROC,pooled inner out-of-fold balanced-accuracy optimum,outer out-of-fold AUROC,AUROC >= 0.60 after inner-AUROC component tuning,TRUE,0.0476190476190476,0.0441297208538584,FALSE,TRUE,TRUE,FALSE
GigaSSL,aneuploidy,COAD,Genome doubling,0.751314800901578,0.664325068870523,0.664615507065985,5,0.763461056849487,0.675578194747776,0.671900826446281,0.690909090909091,0.652892561983471,0.575757575757576,0.755980861244019,0.405405405405405,0.405405405405405,0.655922865013774,0.551515151515152,0.760330578512397,0.610738255033557,0.713178294573643,0.694628099173554,0.690909090909091,0.698347107438017,0.609625668449198,0.768181818181818,4,4,4,0,0.75993091537133,-0.330423899423872,aneuploidy,Taylor2018_TableS2,407,165,242,20260819,pooled inner out-of-fold AUROC,pooled inner out-of-fold balanced-accuracy optimum,outer out-of-fold AUROC,AUROC >= 0.60 after inner-AUROC component tuning,TRUE,0.0121462559479086,0.00757575757575801,TRUE,TRUE,TRUE,TRUE
ProvGigaPath,aneuploidy,COAD,Genome doubling,0.761482594540446,0.66900826446281,0.697658342252915,4,0.76481342349111,0.701434427014478,0.697520661157025,0.709090909090909,0.685950413223141,0.606217616580311,0.775700934579439,0.405405405405405,0.405405405405405,0.680165289256198,0.6,0.760330578512397,0.630573248407643,0.736,0.674380165289256,0.654545454545455,0.694214876033058,0.593406593406593,0.746666666666667,4,4,4,0,0.770930959075289,-0.507042638674461,aneuploidy,Taylor2018_TableS2,407,165,242,20260819,pooled inner out-of-fold AUROC,pooled inner out-of-fold balanced-accuracy optimum,outer out-of-fold AUROC,AUROC >= 0.60 after inner-AUROC component tuning,TRUE,0.0033308289506635,0.0285123966942148,TRUE,TRUE,TRUE,FALSE
TITAN,aneuploidy,COAD,Genome doubling,0.748159278737791,0.682093663911846,0.664415822764402,8,0.745679939894816,0.653107823347614,0.68305785123967,0.618181818181818,0.747933884297521,0.625766871165644,0.741803278688525,0.405405405405405,0.405405405405405,0.690495867768595,0.6,0.78099173553719,0.651315789473684,0.741176470588235,0.686776859504132,0.654545454545455,0.71900826446281,0.613636363636364,0.753246753246753,7,3,11,0,0.763745704467354,-0.171469093261791,aneuploidy,Taylor2018_TableS2,407,165,242,20260819,pooled inner out-of-fold AUROC,pooled inner out-of-fold balanced-accuracy optimum,outer out-of-fold AUROC,AUROC >= 0.60 after inner-AUROC component tuning,TRUE,-0.00247933884297502,0.00096418732782344,TRUE,TRUE,TRUE,TRUE
GigaSSL,aneuploidy,ESCA,Genome doubling,0.544172932330827,0.487312030075188,0.619406810861516,2,0.544172932330827,0.619406810861516,0.537124060150376,0.592105263157895,0.482142857142857,0.608108108108108,0.46551724137931,0.575757575757576,0.575757575757576,0.487312030075188,0.671052631578947,0.303571428571429,0.566666666666667,0.404761904761905,0.557330827067669,0.578947368421053,0.535714285714286,0.628571428571429,0.483870967741936,2,1,3,0,0.634608378870674,0.278969344719954,aneuploidy,Taylor2018_TableS2,132,76,56,20260820,pooled inner out-of-fold AUROC,pooled inner out-of-fold balanced-accuracy optimum,outer out-of-fold AUROC,AUROC >= 0.60 after inner-AUROC component tuning,TRUE,1.11022302462516e-16,0.049812030075188,FALSE,FALSE,FALSE,FALSE
ProvGigaPath,aneuploidy,ESCA,Genome doubling,0.587875939849624,0.550281954887218,0.664934139295616,11,0.581766917293233,0.652576229281616,0.524906015037594,0.460526315789474,0.589285714285714,0.603448275862069,0.445945945945946,0.575757575757576,0.575757575757576,0.570488721804511,0.605263157894737,0.535714285714286,0.638888888888889,0.5,0.557330827067669,0.578947368421053,0.535714285714286,0.628571428571429,0.483870967741936,18,3,20,1,0.657954545454546,51.5167927626342,aneuploidy,Taylor2018_TableS2,132,76,56,20260820,pooled inner out-of-fold AUROC,pooled inner out-of-fold balanced-accuracy optimum,outer out-of-fold AUROC,AUROC >= 0.60 after inner-AUROC component tuning,TRUE,-0.00610902255639101,-0.0253759398496241,FALSE,FALSE,FALSE,TRUE
TITAN,aneuploidy,ESCA,Genome doubling,0.536184210526316,0.543703007518797,0.625891972361722,3,0.512922932330827,0.616773724034894,0.516917293233083,0.605263157894737,0.428571428571429,0.58974358974359,0.444444444444444,0.575757575757576,0.575757575757576,0.483552631578947,0.592105263157895,0.375,0.5625,0.403846153846154,0.526315789473684,0.552631578947369,0.5,0.6,0.451612903225806,3,1,16,0,0.622586520947177,0.0696269983581693,aneuploidy,Taylor2018_TableS2,132,76,56,20260820,pooled inner out-of-fold AUROC,pooled inner out-of-fold balanced-accuracy optimum,outer out-of-fold AUROC,AUROC >= 0.60 after inner-AUROC component tuning,TRUE,-0.023261278195489,-0.0267857142857143,FALSE,FALSE,FALSE,FALSE
GigaSSL,aneuploidy,GBM,Genome doubling,0.589371980676329,0.554485852311939,0.181689122411254,19,0.580331262939959,0.160002725597754,0.556245686680469,0.652173913043478,0.46031746031746,0.15,0.900621118012422,0.127423822714681,0.127423822714681,0.493409247757074,0.0217391304347826,0.965079365079365,0.0833333333333333,0.871060171919771,0.545100069013112,0.369565217391304,0.720634920634921,0.161904761904762,0.88671875,2,2,6,0,0.618296868296868,-2.92638640729094,aneuploidy,Taylor2018_TableS2,361,46,315,20260821,pooled inner out-of-fold AUROC,pooled inner out-of-fold balanced-accuracy optimum,outer out-of-fold AUROC,AUROC >= 0.60 after inner-AUROC component tuning,TRUE,-0.00904071773637039,0.00175983436853022,FALSE,FALSE,FALSE,TRUE
ProvGigaPath,aneuploidy,GBM,Genome doubling,0.532367149758454,0.506728778467909,0.168592340214209,11,0.625327812284334,0.174700168034541,0.612905452035887,0.695652173913044,0.53015873015873,0.177777777777778,0.922651933701657,0.127423822714681,0.127423822714681,0.502449965493444,0.0652173913043478,0.93968253968254,0.136363636363636,0.873156342182891,0.563906142167012,0.391304347826087,0.736507936507937,0.178217821782178,0.892307692307692,3,2,3,0,0.621407121407121,-2.6693052262673,aneuploidy,Taylor2018_TableS2,361,46,315,20260821,pooled inner out-of-fold AUROC,pooled inner out-of-fold balanced-accuracy optimum,outer out-of-fold AUROC,AUROC >= 0.60 after inner-AUROC component tuning,TRUE,0.09296066252588,0.106176673567978,FALSE,TRUE,TRUE,TRUE
TITAN,aneuploidy,GBM,Genome doubling,0.63416149068323,0.583057280883368,0.23546042208958,10,0.673706004140787,0.227573421246852,0.580917874396135,0.717391304347826,0.444444444444444,0.158653846153846,0.915032679738562,0.127423822714681,0.127423822714681,0.523084886128364,0.0652173913043478,0.980952380952381,0.333333333333333,0.877840909090909,0.641338854382333,0.565217391304348,0.717460317460318,0.226086956521739,0.91869918699187,1,1,10,0,0.659159159159159,-2.58078559018022,aneuploidy,Taylor2018_TableS2,361,46,315,20260821,pooled inner out-of-fold AUROC,pooled inner out-of-fold balanced-accuracy optimum,outer out-of-fold AUROC,AUROC >= 0.60 after inner-AUROC component tuning,TRUE,0.0395445134575567,-0.00213940648723276,FALSE,FALSE,TRUE,TRUE
GigaSSL,aneuploidy,HNSC,Genome doubling,0.65713846963847,0.62145709020709,0.562460222153112,6,0.648034398034398,0.552361469954749,0.616575991575992,0.522727272727273,0.71042471042471,0.550898203592814,0.686567164179104,0.404597701149425,0.404597701149425,0.608053264303264,0.505681818181818,0.71042471042471,0.542682926829268,0.678966789667897,0.604444541944542,0.579545454545455,0.629343629343629,0.515151515151515,0.687763713080169,5,2,8,0,0.6538870044883,-0.126510898182629,aneuploidy,Taylor2018_TableS2,435,176,259,20260822,pooled inner out-of-fold AUROC,pooled inner out-of-fold balanced-accuracy optimum,outer out-of-fold AUROC,AUROC >= 0.60 after inner-AUROC component tuning,TRUE,-0.00910407160407201,-0.00488109863109831,TRUE,TRUE,TRUE,TRUE
ProvGigaPath,aneuploidy,HNSC,Genome doubling,0.594419094419095,0.57578316953317,0.498792628442799,5,0.608678483678484,0.504175021535347,0.569114162864163,0.539772727272727,0.598455598455599,0.477386934673367,0.656779661016949,0.404597701149425,0.404597701149425,0.567479817479818,0.409090909090909,0.725868725868726,0.503496503496504,0.643835616438356,0.595230782730783,0.534090909090909,0.656370656370656,0.513661202185792,0.674603174603175,5,4,6,0,0.636507936507937,-0.822666741393747,aneuploidy,Taylor2018_TableS2,435,176,259,20260822,pooled inner out-of-fold AUROC,pooled inner out-of-fold balanced-accuracy optimum,outer out-of-fold AUROC,AUROC >= 0.60 after inner-AUROC component tuning,TRUE,0.0142593892593886,-0.00666900666900705,FALSE,FALSE,TRUE,FALSE
TITAN,aneuploidy,HNSC,Genome doubling,0.668545981045981,0.61508424008424,0.568145123379832,4,0.646893646893647,0.532030784082593,0.610016672516673,0.602272727272727,0.617760617760618,0.517073170731707,0.695652173913044,0.404597701149425,0.404597701149425,0.628268690768691,0.511363636363636,0.745173745173745,0.576923076923077,0.691756272401434,0.61977886977887,0.590909090909091,0.648648648648649,0.533333333333333,0.7,4,3,11,0,0.679343543358344,-0.452848255206486,aneuploidy,Taylor2018_TableS2,435,176,259,20260822,pooled inner out-of-fold AUROC,pooled inner out-of-fold balanced-accuracy optimum,outer out-of-fold AUROC,AUROC >= 0.60 after inner-AUROC component tuning,TRUE,-0.021652334152334,-0.00506756756756754,TRUE,TRUE,TRUE,FALSE
GigaSSL,aneuploidy,KIRC,Genome doubling,0.63289839313761,0.545396882928597,0.275630269392947,12,0.641234746888969,0.281140337872475,0.624093874592244,0.707865168539326,0.540322580645161,0.269230769230769,0.885462555066079,0.193058568329718,0.193058568329718,0.514271475172164,0.101123595505618,0.92741935483871,0.25,0.811764705882353,0.612646490274254,0.550561797752809,0.674731182795699,0.288235294117647,0.862542955326461,5,1,5,0,0.695736709821217,-1.86189728818173,aneuploidy,Taylor2018_TableS2,461,89,372,20260823,pooled inner out-of-fold AUROC,pooled inner out-of-fold balanced-accuracy optimum,outer out-of-fold AUROC,AUROC >= 0.60 after inner-AUROC component tuning,TRUE,0.00833635375135944,0.0786969916636465,FALSE,TRUE,TRUE,TRUE
ProvGigaPath,aneuploidy,KIRC,Genome doubling,0.647940074906367,0.582276187024284,0.332805162325213,18,0.636039627884499,0.325045634722257,0.580010873504893,0.595505617977528,0.564516129032258,0.246511627906977,0.853658536585366,0.193058568329718,0.193058568329718,0.594614594659901,0.337078651685393,0.852150537634409,0.352941176470588,0.843085106382979,0.612918327896581,0.438202247191011,0.787634408602151,0.330508474576271,0.854227405247814,13,3,20,1,0.690948918717375,-4.24283241081455,aneuploidy,Taylor2018_TableS2,461,89,372,20260823,pooled inner out-of-fold AUROC,pooled inner out-of-fold balanced-accuracy optimum,outer out-of-fold AUROC,AUROC >= 0.60 after inner-AUROC component tuning,TRUE,-0.0119004470218678,-0.00226531351939085,FALSE,FALSE,TRUE,TRUE
TITAN,aneuploidy,KIRC,Genome doubling,0.64911803793645,0.549187507551045,0.290049976861834,10,0.6443457774556,0.291906687284238,0.6707593330917,0.752808988764045,0.588709677419355,0.304545454545455,0.908713692946058,0.193058568329718,0.193058568329718,0.551392412709919,0.202247191011236,0.900537634408602,0.327272727272727,0.82512315270936,0.611679956505981,0.50561797752809,0.717741935483871,0.3,0.858520900321543,6,1,11,0,0.664618583987144,-2.0885133154374,aneuploidy,Taylor2018_TableS2,461,89,372,20260823,pooled inner out-of-fold AUROC,pooled inner out-of-fold balanced-accuracy optimum,outer out-of-fold AUROC,AUROC >= 0.60 after inner-AUROC component tuning,TRUE,-0.00477226048085011,0.121571825540655,FALSE,TRUE,TRUE,TRUE
GigaSSL,aneuploidy,LGG,Genome doubling,0.552528111976095,0.565689628056932,0.384161343198675,9,0.567154203035307,0.401105458925254,0.546610835888968,0.420382165605096,0.67283950617284,0.383720930232558,0.705501618122977,0.326403326403326,0.326403326403326,0.565296453566093,0.331210191082803,0.799382716049383,0.444444444444444,0.711538461538462,0.557147912243454,0.503184713375796,0.611111111111111,0.385365853658537,0.717391304347826,6,4,8,0,0.608261322547037,-0.588768326008841,aneuploidy,Taylor2018_TableS2,481,157,324,20260824,pooled inner out-of-fold AUROC,pooled inner out-of-fold balanced-accuracy optimum,outer out-of-fold AUROC,AUROC >= 0.60 after inner-AUROC component tuning,TRUE,0.0146260910592121,-0.0190787921679645,FALSE,FALSE,FALSE,TRUE
ProvGigaPath,aneuploidy,LGG,Genome doubling,0.546198002673587,0.524288354171581,0.379369168049631,7,0.550444287174648,0.364825936784718,0.526873476448848,0.54140127388535,0.512345679012346,0.349794238683128,0.697478991596639,0.326403326403326,0.326403326403326,0.532594165290556,0.312101910828025,0.753086419753086,0.37984496124031,0.693181818181818,0.550975072737281,0.503184713375796,0.598765432098765,0.37799043062201,0.713235294117647,3,1,18,0,0.623582766439909,-1.30120010022827,aneuploidy,Taylor2018_TableS2,481,157,324,20260824,pooled inner out-of-fold AUROC,pooled inner out-of-fold balanced-accuracy optimum,outer out-of-fold AUROC,AUROC >= 0.60 after inner-AUROC component tuning,TRUE,0.00424628450106113,0.00258512227726704,FALSE,FALSE,FALSE,TRUE
TITAN,aneuploidy,LGG,Genome doubling,0.596131163010144,0.545333018793741,0.385473275186469,10,0.573641582134151,0.363109216399915,0.551564834473539,0.54140127388535,0.561728395061729,0.374449339207049,0.716535433070866,0.326403326403326,0.326403326403326,0.540310214673272,0.312101910828025,0.768518518518519,0.395161290322581,0.697478991596639,0.54864551387906,0.452229299363057,0.645061728395062,0.381720430107527,0.708474576271187,10,7,15,0,0.616361416361416,-1.24712941074194,aneuploidy,Taylor2018_TableS2,481,157,324,20260824,pooled inner out-of-fold AUROC,pooled inner out-of-fold balanced-accuracy optimum,outer out-of-fold AUROC,AUROC >= 0.60 after inner-AUROC component tuning,TRUE,-0.0224895808759928,0.00623181567979836,FALSE,FALSE,FALSE,FALSE
GigaSSL,aneuploidy,LIHC,Genome doubling,0.69922830792396,0.606964050442311,0.545143113381481,5,0.679126670431018,0.509866212706832,0.624562394127612,0.547826086956522,0.701298701298701,0.477272727272727,0.757009345794393,0.332369942196532,0.332369942196532,0.615584415584416,0.4,0.831168831168831,0.541176470588235,0.735632183908046,0.637643515904386,0.591304347826087,0.683982683982684,0.482269503546099,0.770731707317073,3,3,7,0,0.693948296122209,-0.899358911102297,aneuploidy,Taylor2018_TableS2,346,115,231,20260825,pooled inner out-of-fold AUROC,pooled inner out-of-fold balanced-accuracy optimum,outer out-of-fold AUROC,AUROC >= 0.60 after inner-AUROC component tuning,TRUE,-0.0201016374929417,0.0175983436853004,TRUE,TRUE,TRUE,TRUE
ProvGigaPath,aneuploidy,LIHC,Genome doubling,0.725992847731978,0.665537361189535,0.595138156698106,3,0.724411820063994,0.59278833868024,0.668040654997177,0.634782608695652,0.701298701298701,0.514084507042254,0.794117647058824,0.332369942196532,0.332369942196532,0.663372859025033,0.478260869565217,0.848484848484848,0.611111111111111,0.765625,0.674458874458875,0.6,0.748917748917749,0.543307086614173,0.789954337899543,3,3,4,0,0.720446533490012,-1.00082414770707,aneuploidy,Taylor2018_TableS2,346,115,231,20260825,pooled inner out-of-fold AUROC,pooled inner out-of-fold balanced-accuracy optimum,outer out-of-fold AUROC,AUROC >= 0.60 after inner-AUROC component tuning,TRUE,-0.00158102766798407,0.00250329380764169,TRUE,TRUE,TRUE,FALSE
TITAN,aneuploidy,LIHC,Genome doubling,0.673103707886317,0.624261246000376,0.498668209263994,4,0.673329568981743,0.53327558876019,0.618162996423866,0.591304347826087,0.645021645021645,0.453333333333333,0.760204081632653,0.332369942196532,0.332369942196532,0.622021456804066,0.373913043478261,0.87012987012987,0.589041095890411,0.736263736263736,0.602860907208733,0.521739130434783,0.683982683982684,0.451127819548872,0.741784037558686,3,2,4,0,0.701351351351351,-0.606649744723291,aneuploidy,Taylor2018_TableS2,346,115,231,20260825,pooled inner out-of-fold AUROC,pooled inner out-of-fold balanced-accuracy optimum,outer out-of-fold AUROC,AUROC >= 0.60 after inner-AUROC component tuning,TRUE,0.000225861095425883,-0.00609824957651006,TRUE,TRUE,TRUE,TRUE
GigaSSL,aneuploidy,LUAD,Genome doubling,0.656715806715807,0.625819000819001,0.694543402913849,3,0.639004914004914,0.689518442351243,0.602774365274365,0.632575757575758,0.572972972972973,0.678861788617886,0.522167487684729,0.587973273942094,0.587973273942094,0.600644963144963,0.693181818181818,0.508108108108108,0.667883211678832,0.537142857142857,0.605733005733006,0.606060606060606,0.605405405405405,0.686695278969957,0.518518518518519,4,3,6,0,0.654989112335084,0.113856728433905,aneuploidy,Taylor2018_TableS2,449,264,185,20260826,pooled inner out-of-fold AUROC,pooled inner out-of-fold balanced-accuracy optimum,outer out-of-fold AUROC,AUROC >= 0.60 after inner-AUROC component tuning,TRUE,-0.017710892710893,-0.0230446355446357,TRUE,TRUE,TRUE,TRUE
ProvGigaPath,aneuploidy,LUAD,Genome doubling,0.699529074529075,0.646908271908272,0.738475476397007,4,0.701576576576577,0.737105123822669,0.648720311220311,0.632575757575758,0.664864864864865,0.729257641921397,0.559090909090909,0.587973273942094,0.587973273942094,0.646099508599509,0.784090909090909,0.508108108108108,0.694630872483222,0.622516556291391,0.640909090909091,0.681818181818182,0.6,0.708661417322835,0.569230769230769,4,2,4,0,0.705648776738824,0.716366363688196,aneuploidy,Taylor2018_TableS2,449,264,185,20260826,pooled inner out-of-fold AUROC,pooled inner out-of-fold balanced-accuracy optimum,outer out-of-fold AUROC,AUROC >= 0.60 after inner-AUROC component tuning,TRUE,0.00204750204750159,0.00181203931203922,TRUE,TRUE,TRUE,FALSE
TITAN,aneuploidy,LUAD,Genome doubling,0.72985257985258,0.667465192465192,0.766091697470697,2,0.708701883701884,0.739806042229855,0.656552006552007,0.621212121212121,0.691891891891892,0.742081447963801,0.56140350877193,0.587973273942094,0.587973273942094,0.652334152334152,0.818181818181818,0.486486486486487,0.694533762057878,0.652173913043478,0.662551187551188,0.71969696969697,0.605405405405405,0.722433460076046,0.602150537634409,2,2,4,0,0.733060074292302,0.516501759599805,aneuploidy,Taylor2018_TableS2,449,264,185,20260826,pooled inner out-of-fold AUROC,pooled inner out-of-fold balanced-accuracy optimum,outer out-of-fold AUROC,AUROC >= 0.60 after inner-AUROC component tuning,TRUE,-0.0211506961506963,-0.0109131859131855,TRUE,TRUE,TRUE,FALSE
GigaSSL,aneuploidy,LUSC,Genome doubling,0.626113671274962,0.595660522273426,0.634152576312376,2,0.63097158218126,0.635363195288198,0.563959293394777,0.608870967741936,0.519047619047619,0.599206349206349,0.529126213592233,0.541484716157205,0.541484716157205,0.580280337941628,0.665322580645161,0.495238095238095,0.608856088560886,0.556149732620321,0.562307987711214,0.600806451612903,0.523809523809524,0.598393574297189,0.526315789473684,3,2,4,0,0.652638190954774,0.20163046885281,aneuploidy,Taylor2018_TableS2,458,248,210,20260827,pooled inner out-of-fold AUROC,pooled inner out-of-fold balanced-accuracy optimum,outer out-of-fold AUROC,AUROC >= 0.60 after inner-AUROC component tuning,TRUE,0.00485791090629761,-0.0317012288786488,FALSE,FALSE,TRUE,TRUE
ProvGigaPath,aneuploidy,LUSC,Genome doubling,0.612423195084485,0.578072196620584,0.63609488287192,3,0.619546850998464,0.654752677503186,0.583736559139785,0.600806451612903,0.566666666666667,0.620833333333333,0.545871559633028,0.541484716157205,0.541484716157205,0.583563748079877,0.629032258064516,0.538095238095238,0.616600790513834,0.551219512195122,0.603149001536098,0.596774193548387,0.60952380952381,0.643478260869565,0.56140350877193,3,2,4,0,0.626743626743627,0.0446452348717614,aneuploidy,Taylor2018_TableS2,458,248,210,20260827,pooled inner out-of-fold AUROC,pooled inner out-of-fold balanced-accuracy optimum,outer out-of-fold AUROC,AUROC >= 0.60 after inner-AUROC component tuning,TRUE,0.0071236559139789,0.00566436251920099,FALSE,FALSE,TRUE,FALSE
TITAN,aneuploidy,LUSC,Genome doubling,0.631662826420891,0.591993087557604,0.658568155510939,2,0.682507680491551,0.689871699762472,0.6088133640553,0.560483870967742,0.657142857142857,0.658767772511848,0.558704453441296,0.541484716157205,0.541484716157205,0.628648233486943,0.709677419354839,0.547619047619048,0.649446494464945,0.614973262032086,0.630280337941628,0.665322580645161,0.595238095238095,0.66,0.600961538461538,3,3,3,0,0.706499518999519,0.447032767129798,aneuploidy,Taylor2018_TableS2,458,248,210,20260827,pooled inner out-of-fold AUROC,pooled inner out-of-fold balanced-accuracy optimum,outer out-of-fold AUROC,AUROC >= 0.60 after inner-AUROC component tuning,TRUE,0.0508448540706604,0.0168202764976955,FALSE,TRUE,TRUE,TRUE
GigaSSL,aneuploidy,OV,Genome doubling,0.63342175066313,0.583554376657825,0.790717076852248,12,0.639257294429708,0.777419045366079,0.529442970822281,0.369230769230769,0.689655172413793,0.727272727272727,0.327868852459016,0.691489361702128,0.691489361702128,0.605039787798409,0.830769230769231,0.379310344827586,0.75,0.5,0.612466843501326,0.707692307692308,0.517241379310345,0.766666666666667,0.441176470588235,2,1,11,0,0.59866220735786,1.48484392024131,aneuploidy,Taylor2018_TableS2,94,65,29,20260828,pooled inner out-of-fold AUROC,pooled inner out-of-fold balanced-accuracy optimum,outer out-of-fold AUROC,AUROC >= 0.60 after inner-AUROC component tuning,TRUE,0.00583554376657824,-0.0541114058355437,FALSE,FALSE,TRUE,TRUE
ProvGigaPath,aneuploidy,OV,Genome doubling,0.708222811671088,0.587533156498674,0.862378208624456,9,0.629177718832891,0.798232658136168,0.56790450928382,0.446153846153846,0.689655172413793,0.763157894736842,0.357142857142857,0.691489361702128,0.691489361702128,0.608753315649867,0.769230769230769,0.448275862068966,0.757575757575758,0.464285714285714,0.572148541114058,0.661538461538462,0.482758620689655,0.741379310344828,0.388888888888889,4,2,7,0,0.668060200668896,2.80845171566398,aneuploidy,Taylor2018_TableS2,94,65,29,20260828,pooled inner out-of-fold AUROC,pooled inner out-of-fold balanced-accuracy optimum,outer out-of-fold AUROC,AUROC >= 0.60 after inner-AUROC component tuning,TRUE,-0.0790450928381968,-0.0196286472148544,FALSE,FALSE,TRUE,TRUE
TITAN,aneuploidy,OV,Genome doubling,0.805305039787798,0.723872679045093,0.895762978085591,2,0.80106100795756,0.900177671421416,0.685145888594165,0.646153846153846,0.724137931034483,0.84,0.477272727272727,0.691489361702128,0.691489361702128,0.725729442970822,0.830769230769231,0.620689655172414,0.830769230769231,0.620689655172414,0.737135278514589,0.784615384615385,0.689655172413793,0.85,0.588235294117647,2,2,2,0,0.778428093645485,1.38283324316946,aneuploidy,Taylor2018_TableS2,94,65,29,20260828,pooled inner out-of-fold AUROC,pooled inner out-of-fold balanced-accuracy optimum,outer out-of-fold AUROC,AUROC >= 0.60 after inner-AUROC component tuning,TRUE,-0.00424403183023836,-0.0387267904509285,TRUE,TRUE,TRUE,FALSE
GigaSSL,aneuploidy,PAAD,Genome doubling,0.632317073170732,0.60619918699187,0.360500863083792,6,0.670121951219512,0.413264234714129,0.61890243902439,0.75,0.487804878048781,0.32258064516129,0.857142857142857,0.245398773006135,0.245398773006135,0.597764227642276,0.35,0.845528455284553,0.424242424242424,0.8,0.602743902439024,0.425,0.780487804878049,0.386363636363636,0.80672268907563,8,7,8,0,0.675505050505051,-4.06255512144222,aneuploidy,Taylor2018_TableS2,163,40,123,20260829,pooled inner out-of-fold AUROC,pooled inner out-of-fold balanced-accuracy optimum,outer out-of-fold AUROC,AUROC >= 0.60 after inner-AUROC component tuning,TRUE,0.0378048780487802,0.0127032520325202,TRUE,TRUE,TRUE,TRUE
ProvGigaPath,aneuploidy,PAAD,Genome doubling,0.589634146341463,0.560873983739838,0.310644804815707,15,0.626829268292683,0.332803831920966,0.567276422764228,0.85,0.284552845528455,0.278688524590164,0.853658536585366,0.245398773006135,0.245398773006135,0.55619918699187,0.275,0.83739837398374,0.354838709677419,0.78030303030303,0.586178861788618,0.4,0.772357723577236,0.363636363636364,0.798319327731092,5,4,18,0,0.62405303030303,-5.96795013359167,aneuploidy,Taylor2018_TableS2,163,40,123,20260829,pooled inner out-of-fold AUROC,pooled inner out-of-fold balanced-accuracy optimum,outer out-of-fold AUROC,AUROC >= 0.60 after inner-AUROC component tuning,TRUE,0.0371951219512199,0.00640243902438964,FALSE,FALSE,TRUE,TRUE
TITAN,aneuploidy,PAAD,Genome doubling,0.593292682926829,0.576829268292683,0.310436657463727,6,0.636178861788618,0.348757364620422,0.630792682926829,0.725,0.536585365853659,0.337209302325581,0.857142857142857,0.245398773006135,0.245398773006135,0.555894308943089,0.25,0.861788617886179,0.37037037037037,0.779411764705882,0.61239837398374,0.55,0.67479674796748,0.354838709677419,0.821782178217822,3,1,4,0,0.679209183673469,-1.7137968319368,aneuploidy,Taylor2018_TableS2,163,40,123,20260829,pooled inner out-of-fold AUROC,pooled inner out-of-fold balanced-accuracy optimum,outer out-of-fold AUROC,AUROC >= 0.60 after inner-AUROC component tuning,TRUE,0.0428861788617889,0.0539634146341463,FALSE,TRUE,TRUE,TRUE
GigaSSL,aneuploidy,PCPG,Genome doubling,0.636591478696742,0.50062656641604,0.216997377079176,6,0.530388471177945,0.184062898402431,0.56437969924812,0.625,0.503759398496241,0.185185185185185,0.881578947368421,0.152866242038217,0.152866242038217,0.471961152882206,0.0416666666666667,0.902255639097744,0.0714285714285714,0.839160839160839,0.582550125313283,0.458333333333333,0.706766917293233,0.22,0.878504672897196,2,1,20,1,0.735981308411215,-2.01470895064461,aneuploidy,Taylor2018_TableS2,157,24,133,20260830,pooled inner out-of-fold AUROC,pooled inner out-of-fold balanced-accuracy optimum,outer out-of-fold AUROC,AUROC >= 0.60 after inner-AUROC component tuning,TRUE,-0.106203007518797,0.0637531328320803,FALSE,FALSE,FALSE,TRUE
ProvGigaPath,aneuploidy,PCPG,Genome doubling,0.620927318295739,0.506109022556391,0.209380120759084,6,0.587406015037594,0.211446574875554,0.575344611528822,0.541666666666667,0.609022556390977,0.2,0.880434782608696,0.152866242038217,0.152866242038217,0.521146616541353,0.125,0.917293233082707,0.214285714285714,0.853146853146853,0.553884711779449,0.333333333333333,0.774436090225564,0.210526315789474,0.865546218487395,3,1,5,0,0.740186915887851,-4.51185447550984,aneuploidy,Taylor2018_TableS2,157,24,133,20260830,pooled inner out-of-fold AUROC,pooled inner out-of-fold balanced-accuracy optimum,outer out-of-fold AUROC,AUROC >= 0.60 after inner-AUROC component tuning,TRUE,-0.0335213032581451,0.0692355889724311,FALSE,FALSE,FALSE,TRUE
TITAN,aneuploidy,PCPG,Genome doubling,0.620614035087719,0.526942355889724,0.250707021113591,8,0.617481203007519,0.246511728111393,0.569548872180451,0.5,0.639097744360902,0.2,0.876288659793815,0.152866242038217,0.152866242038217,0.534461152882205,0.166666666666667,0.902255639097744,0.235294117647059,0.857142857142857,0.523496240601504,0.25,0.796992481203008,0.181818181818182,0.854838709677419,7,2,16,0,0.757943925233645,-4.87569414833184,aneuploidy,Taylor2018_TableS2,157,24,133,20260830,pooled inner out-of-fold AUROC,pooled inner out-of-fold balanced-accuracy optimum,outer out-of-fold AUROC,AUROC >= 0.60 after inner-AUROC component tuning,TRUE,-0.00313283208020021,0.0426065162907271,FALSE,FALSE,TRUE,TRUE
GigaSSL,aneuploidy,PRAD,Genome doubling,0.646715167548501,0.567680776014109,0.174919462629832,6,0.62907848324515,0.161047581576082,0.65652557319224,0.714285714285714,0.598765432098765,0.133333333333333,0.96039603960396,0.0795454545454545,0.0795454545454545,0.53968253968254,0.107142857142857,0.972222222222222,0.25,0.926470588235294,0.623897707231041,0.392857142857143,0.854938271604938,0.189655172413793,0.942176870748299,5,1,7,0,0.610542219237872,-4.80770834754179,aneuploidy,Taylor2018_TableS2,352,28,324,20260831,pooled inner out-of-fold AUROC,pooled inner out-of-fold balanced-accuracy optimum,outer out-of-fold AUROC,AUROC >= 0.60 after inner-AUROC component tuning,TRUE,-0.0176366843033511,0.0888447971781309,FALSE,TRUE,TRUE,TRUE
ProvGigaPath,aneuploidy,PRAD,Genome doubling,0.628086419753086,0.566137566137566,0.155959687879824,8,0.562830687830688,0.113612209003488,0.540123456790123,0.5,0.580246913580247,0.0933333333333333,0.930693069306931,0.0795454545454545,0.0795454545454545,0.505511463844797,0.0357142857142857,0.975308641975309,0.111111111111111,0.921282798833819,0.516975308641975,0.25,0.783950617283951,0.0909090909090909,0.923636363636364,1,1,8,0,0.665384615384615,-2.76238329352053,aneuploidy,Taylor2018_TableS2,352,28,324,20260831,pooled inner out-of-fold AUROC,pooled inner out-of-fold balanced-accuracy optimum,outer out-of-fold AUROC,AUROC >= 0.60 after inner-AUROC component tuning,TRUE,-0.0652557319223982,-0.0260141093474426,FALSE,FALSE,FALSE,TRUE
TITAN,aneuploidy,PRAD,Genome doubling,0.635141093474427,0.575396825396825,0.190075279958614,7,0.609457671957672,0.165731661959629,0.564153439153439,0.535714285714286,0.592592592592593,0.102040816326531,0.936585365853659,0.0795454545454545,0.0795454545454545,0.510141093474427,0.0357142857142857,0.984567901234568,0.166666666666667,0.921965317919075,0.607804232804233,0.428571428571429,0.787037037037037,0.148148148148148,0.940959409594096,1,1,4,0,0.738329238329238,-2.95057464397726,aneuploidy,Taylor2018_TableS2,352,28,324,20260831,pooled inner out-of-fold AUROC,pooled inner out-of-fold balanced-accuracy optimum,outer out-of-fold AUROC,AUROC >= 0.60 after inner-AUROC component tuning,TRUE,-0.0256834215167551,-0.0112433862433859,FALSE,FALSE,TRUE,TRUE
GigaSSL,aneuploidy,READ,Genome doubling,0.674206349206349,0.626587301587302,0.635948588043952,4,0.70218253968254,0.681643584842889,0.620238095238095,0.583333333333333,0.657142857142857,0.636363636363636,0.605263157894737,0.507042253521127,0.507042253521127,0.634126984126984,0.611111111111111,0.657142857142857,0.647058823529412,0.621621621621622,0.634126984126984,0.611111111111111,0.657142857142857,0.647058823529412,0.621621621621622,4,3,4,0,0.701354679802956,0.480144044146656,aneuploidy,Taylor2018_TableS2,142,72,70,20260832,pooled inner out-of-fold AUROC,pooled inner out-of-fold balanced-accuracy optimum,outer out-of-fold AUROC,AUROC >= 0.60 after inner-AUROC component tuning,TRUE,0.0279761904761906,-0.00634920634920677,TRUE,TRUE,TRUE,FALSE
ProvGigaPath,aneuploidy,READ,Genome doubling,0.636111111111111,0.618849206349206,0.634915200516649,5,0.626190476190476,0.627091035719189,0.611706349206349,0.680555555555556,0.542857142857143,0.604938271604938,0.622950819672131,0.507042253521127,0.507042253521127,0.619642857142857,0.625,0.614285714285714,0.625,0.614285714285714,0.619642857142857,0.625,0.614285714285714,0.625,0.614285714285714,8,4,20,1,0.692733990147783,-1.14160177111552,aneuploidy,Taylor2018_TableS2,142,72,70,20260832,pooled inner out-of-fold AUROC,pooled inner out-of-fold balanced-accuracy optimum,outer out-of-fold AUROC,AUROC >= 0.60 after inner-AUROC component tuning,TRUE,-0.00992063492063478,-0.00714285714285678,TRUE,TRUE,TRUE,TRUE
TITAN,aneuploidy,READ,Genome doubling,0.575595238095238,0.571031746031746,0.581487503948957,4,0.582936507936508,0.576967305708908,0.516468253968254,0.347222222222222,0.685714285714286,0.531914893617021,0.505263157894737,0.507042253521127,0.507042253521127,0.563690476190476,0.541666666666667,0.585714285714286,0.573529411764706,0.554054054054054,0.563690476190476,0.541666666666667,0.585714285714286,0.573529411764706,0.554054054054054,3,1,9,0,0.620997536945813,0.444880021494222,aneuploidy,Taylor2018_TableS2,142,72,70,20260832,pooled inner out-of-fold AUROC,pooled inner out-of-fold balanced-accuracy optimum,outer out-of-fold AUROC,AUROC >= 0.60 after inner-AUROC component tuning,TRUE,0.00734126984126993,-0.0545634920634921,FALSE,FALSE,FALSE,TRUE
GigaSSL,aneuploidy,SARC,Genome doubling,0.707979024943311,0.683035714285714,0.66760994287046,1,0.727820294784581,0.717302802618168,0.674603174603175,0.642857142857143,0.706349206349206,0.660550458715596,0.689922480620155,0.470588235294118,0.470588235294118,0.690972222222222,0.651785714285714,0.73015873015873,0.682242990654206,0.702290076335878,0.669146825396825,0.6875,0.650793650793651,0.636363636363636,0.700854700854701,1,1,1,0,0.727502750275028,-0.0376368605827655,aneuploidy,Taylor2018_TableS2,238,112,126,20260833,pooled inner out-of-fold AUROC,pooled inner out-of-fold balanced-accuracy optimum,outer out-of-fold AUROC,AUROC >= 0.60 after inner-AUROC component tuning,TRUE,0.0198412698412695,-0.00843253968253932,TRUE,TRUE,TRUE,FALSE
ProvGigaPath,aneuploidy,SARC,Genome doubling,0.70500283446712,0.685515873015873,0.666576071556815,1,0.611961451247166,0.566428257896996,0.623511904761905,0.651785714285714,0.595238095238095,0.588709677419355,0.657894736842105,0.470588235294118,0.470588235294118,0.632440476190476,0.598214285714286,0.666666666666667,0.614678899082569,0.651162790697675,0.60218253968254,0.625,0.579365079365079,0.569105691056911,0.634782608695652,1,1,18,0,0.700634108354656,-0.110850319326459,aneuploidy,Taylor2018_TableS2,238,112,126,20260833,pooled inner out-of-fold AUROC,pooled inner out-of-fold balanced-accuracy optimum,outer out-of-fold AUROC,AUROC >= 0.60 after inner-AUROC component tuning,TRUE,-0.0930413832199545,-0.0620039682539683,TRUE,TRUE,TRUE,FALSE
TITAN,aneuploidy,SARC,Genome doubling,0.730583900226757,0.664186507936508,0.68428917237361,3,0.719033446712018,0.678233167712806,0.661210317460317,0.758928571428571,0.563492063492063,0.607142857142857,0.724489795918367,0.470588235294118,0.470588235294118,0.632936507936508,0.607142857142857,0.658730158730159,0.612612612612613,0.653543307086614,0.646329365079365,0.633928571428571,0.658730158730159,0.62280701754386,0.669354838709677,4,1,4,0,0.733333333333333,-0.405644387896552,aneuploidy,Taylor2018_TableS2,238,112,126,20260833,pooled inner out-of-fold AUROC,pooled inner out-of-fold balanced-accuracy optimum,outer out-of-fold AUROC,AUROC >= 0.60 after inner-AUROC component tuning,TRUE,-0.0115504535147388,-0.00297619047619058,TRUE,TRUE,TRUE,TRUE
GigaSSL,aneuploidy,SKCM,Genome doubling,0.536961451247166,0.565079365079365,0.407332083698223,2,0.568253968253968,0.424341407394155,0.612698412698413,0.685714285714286,0.53968253968254,0.452830188679245,0.755555555555556,0.357142857142857,0.357142857142857,0.542857142857143,0.371428571428571,0.714285714285714,0.419354838709677,0.671641791044776,0.552380952380952,0.485714285714286,0.619047619047619,0.414634146341463,0.68421052631579,2,1,5,0,0.593137254901961,-1.02719020922822,aneuploidy,Taylor2018_TableS2,98,35,63,20260834,pooled inner out-of-fold AUROC,pooled inner out-of-fold balanced-accuracy optimum,outer out-of-fold AUROC,AUROC >= 0.60 after inner-AUROC component tuning,TRUE,0.0312925170068022,0.0476190476190478,FALSE,TRUE,FALSE,FALSE
ProvGigaPath,aneuploidy,SKCM,Genome doubling,0.681179138321996,0.646031746031746,0.544107485587833,11,0.645351473922903,0.514852388528073,0.536507936507937,0.485714285714286,0.587301587301587,0.395348837209302,0.672727272727273,0.357142857142857,0.357142857142857,0.617460317460318,0.457142857142857,0.777777777777778,0.533333333333333,0.720588235294118,0.592063492063492,0.485714285714286,0.698412698412698,0.472222222222222,0.709677419354839,7,2,18,0,0.651428571428571,-1.05075191970662,aneuploidy,Taylor2018_TableS2,98,35,63,20260834,pooled inner out-of-fold AUROC,pooled inner out-of-fold balanced-accuracy optimum,outer out-of-fold AUROC,AUROC >= 0.60 after inner-AUROC component tuning,TRUE,-0.0358276643990935,-0.109523809523809,TRUE,FALSE,TRUE,TRUE
TITAN,aneuploidy,SKCM,Genome doubling,0.652154195011338,0.617460317460318,0.546989681287195,4,0.653968253968254,0.545025532085569,0.611111111111111,0.714285714285714,0.507936507936508,0.446428571428571,0.761904761904762,0.357142857142857,0.357142857142857,0.619047619047619,0.428571428571429,0.80952380952381,0.555555555555556,0.71830985915493,0.63968253968254,0.485714285714286,0.793650793650794,0.566666666666667,0.735294117647059,4,3,14,0,0.682773109243698,-2.49299755718891,aneuploidy,Taylor2018_TableS2,98,35,63,20260834,pooled inner out-of-fold AUROC,pooled inner out-of-fold balanced-accuracy optimum,outer out-of-fold AUROC,AUROC >= 0.60 after inner-AUROC component tuning,TRUE,0.001814058956916,-0.00634920634920688,TRUE,TRUE,TRUE,FALSE
GigaSSL,aneuploidy,STAD,Genome doubling,0.743877019280876,0.678901771756123,0.680204630546133,6,0.742509119332986,0.671435661382633,0.66808884835852,0.638157894736842,0.698019801980198,0.613924050632912,0.719387755102041,0.429378531073446,0.429378531073446,0.673951276706618,0.585526315789474,0.762376237623762,0.64963503649635,0.709677419354839,0.678804064616988,0.644736842105263,0.712871287128713,0.628205128205128,0.727272727272727,5,4,5,0,0.735742518351214,-0.500239423631377,aneuploidy,Taylor2018_TableS2,354,152,202,20260835,pooled inner out-of-fold AUROC,pooled inner out-of-fold balanced-accuracy optimum,outer out-of-fold AUROC,AUROC >= 0.60 after inner-AUROC component tuning,TRUE,-0.00136789994789011,-0.0108129233976029,TRUE,TRUE,TRUE,TRUE
ProvGigaPath,aneuploidy,STAD,Genome doubling,0.761334028139656,0.698606044815008,0.677244046661268,7,0.782927305888484,0.710540447780995,0.699289994788953,0.730263157894737,0.668316831683168,0.623595505617978,0.767045454545455,0.429378531073446,0.429378531073446,0.71098228243877,0.644736842105263,0.777227722772277,0.685314685314685,0.744075829383886,0.718310317873893,0.703947368421053,0.732673267326733,0.664596273291926,0.766839378238342,4,3,5,0,0.755454032133874,-0.737853127578355,aneuploidy,Taylor2018_TableS2,354,152,202,20260835,pooled inner out-of-fold AUROC,pooled inner out-of-fold balanced-accuracy optimum,outer out-of-fold AUROC,AUROC >= 0.60 after inner-AUROC component tuning,TRUE,0.0215932777488276,0.000683949973944609,TRUE,TRUE,TRUE,TRUE
TITAN,aneuploidy,STAD,Genome doubling,0.774622199062011,0.692906461698802,0.713921482216639,6,0.782406201146431,0.724456304202131,0.68362428348098,0.723684210526316,0.643564356435644,0.604395604395604,0.755813953488372,0.429378531073446,0.429378531073446,0.688770192808755,0.605263157894737,0.772277227722772,0.666666666666667,0.722222222222222,0.707627670661803,0.677631578947369,0.737623762376238,0.66025641025641,0.752525252525253,5,3,7,0,0.776867030965392,-0.722819338423925,aneuploidy,Taylor2018_TableS2,354,152,202,20260835,pooled inner out-of-fold AUROC,pooled inner out-of-fold balanced-accuracy optimum,outer out-of-fold AUROC,AUROC >= 0.60 after inner-AUROC component tuning,TRUE,0.00778400208441943,-0.00928217821782229,TRUE,TRUE,TRUE,TRUE
GigaSSL,aneuploidy,UCEC,Genome doubling,0.738079046867775,0.649702146179583,0.425164563542048,13,0.761227320947692,0.46478071350502,0.729728259391236,0.762886597938144,0.696569920844327,0.391534391534392,0.9198606271777,0.203781512605042,0.203781512605042,0.656298452248184,0.391752577319588,0.920844327176781,0.558823529411765,0.855392156862745,0.707328020020129,0.649484536082474,0.765171503957784,0.414473684210526,0.895061728395062,5,3,6,0,0.753922064777328,-1.83867405616248,aneuploidy,Taylor2018_TableS2,476,97,379,20260836,pooled inner out-of-fold AUROC,pooled inner out-of-fold balanced-accuracy optimum,outer out-of-fold AUROC,AUROC >= 0.60 after inner-AUROC component tuning,TRUE,0.0231482740799169,0.0800261132116528,TRUE,TRUE,TRUE,TRUE
ProvGigaPath,aneuploidy,UCEC,Genome doubling,0.693931398416887,0.639392867829067,0.391184308625249,11,0.714413948807225,0.407436691418273,0.684750972445122,0.77319587628866,0.596306068601583,0.328947368421053,0.911290322580645,0.203781512605042,0.203781512605042,0.656053640888937,0.412371134020619,0.899736147757256,0.512820512820513,0.85678391959799,0.67606016919185,0.505154639175258,0.846965699208443,0.457943925233645,0.869918699186992,9,7,13,0,0.786663281712787,-5.29811844466147,aneuploidy,Taylor2018_TableS2,476,97,379,20260836,pooled inner out-of-fold AUROC,pooled inner out-of-fold balanced-accuracy optimum,outer out-of-fold AUROC,AUROC >= 0.60 after inner-AUROC component tuning,TRUE,0.0204825503903376,0.0453581046160545,TRUE,TRUE,TRUE,TRUE
TITAN,aneuploidy,UCEC,Genome doubling,0.829094469983407,0.723186355846911,0.514833177059076,3,0.856594946005495,0.565575363659478,0.770992574055436,0.731958762886598,0.810026385224274,0.496503496503497,0.921921921921922,0.203781512605042,0.203781512605042,0.73097951744961,0.54639175257732,0.9155672823219,0.623529411764706,0.887468030690537,0.793052797649811,0.762886597938144,0.823218997361478,0.524822695035461,0.93134328358209,2,1,3,0,0.855857014272856,-1.61153110969091,aneuploidy,Taylor2018_TableS2,476,97,379,20260836,pooled inner out-of-fold AUROC,pooled inner out-of-fold balanced-accuracy optimum,outer out-of-fold AUROC,AUROC >= 0.60 after inner-AUROC component tuning,TRUE,0.0275004760220877,0.0478062182085252,TRUE,TRUE,TRUE,TRUE
GigaSSL,driver_mutation,BLCA,ARID1A,0.570893392321964,0.560689310689311,0.300045987795991,17,0.554516911659769,0.320763846239523,0.474953617810761,0.540816326530612,0.409090909090909,0.238738738738739,0.722222222222222,0.255208333333333,0.255208333333333,0.517803624946482,0.102040816326531,0.933566433566433,0.344827586206897,0.752112676056338,0.557692307692308,0.5,0.615384615384615,0.308176100628931,0.782222222222222,2,1,12,0,0.519370731161124,-1.63217353170587,Bailey_tissue_specific_driver,TCGA_MC3_Bailey2018,384,98,286,20260837,pooled inner out-of-fold AUROC,pooled inner out-of-fold balanced-accuracy optimum,outer out-of-fold AUROC,AUROC >= 0.60 after inner-AUROC component tuning,TRUE,-0.0163764806621952,-0.0857356928785503,FALSE,FALSE,FALSE,TRUE
ProvGigaPath,driver_mutation,BLCA,ARID1A,0.492186385043528,0.489581846724704,0.247609112211008,9,0.534215784215784,0.267281824820833,0.530184101612673,0.591836734693878,0.468531468531469,0.276190476190476,0.770114942528736,0.255208333333333,0.255208333333333,0.517696589125161,0.23469387755102,0.800699300699301,0.2875,0.753289473684211,0.493542172113601,0.336734693877551,0.65034965034965,0.24812030075188,0.741035856573705,10,1,13,0,0.557440376217669,-5.54605237656146,Bailey_tissue_specific_driver,TCGA_MC3_Bailey2018,384,98,286,20260837,pooled inner out-of-fold AUROC,pooled inner out-of-fold balanced-accuracy optimum,outer out-of-fold AUROC,AUROC >= 0.60 after inner-AUROC component tuning,TRUE,0.0420293991722562,0.040602254887969,FALSE,FALSE,FALSE,TRUE
TITAN,driver_mutation,BLCA,ARID1A,0.563008420151277,0.536213786213786,0.310653800715715,7,0.553660625089197,0.304302121759168,0.569501926644784,0.530612244897959,0.608391608391608,0.317073170731707,0.790909090909091,0.255208333333333,0.255208333333333,0.534893677750821,0.255102040816327,0.814685314685315,0.320512820512821,0.761437908496732,0.573712002283431,0.479591836734694,0.667832167832168,0.330985915492958,0.789256198347108,8,1,18,0,0.572388310379577,-1.70940551215546,Bailey_tissue_specific_driver,TCGA_MC3_Bailey2018,384,98,286,20260837,pooled inner out-of-fold AUROC,pooled inner out-of-fold balanced-accuracy optimum,outer out-of-fold AUROC,AUROC >= 0.60 after inner-AUROC component tuning,TRUE,-0.00934779506208039,0.0332881404309978,FALSE,FALSE,FALSE,TRUE
GigaSSL,driver_mutation,BLCA,ASXL2,0.473761768317642,0.479901760130987,0.0877366985438811,11,0.48857961522718,0.104022192086163,0.495947605403193,0.828571428571429,0.163323782234957,0.0903426791277258,0.904761904761905,0.0911458333333333,0.0911458333333333,0.491363078182562,0.0285714285714286,0.954154727793696,0.0588235294117647,0.907356948228883,0.536880884158821,0.257142857142857,0.816618911174785,0.123287671232877,0.916398713826366,4,4,14,0,0.526497695852535,-5.81441661488604,Bailey_tissue_specific_driver,TCGA_MC3_Bailey2018,384,35,349,20260838,pooled inner out-of-fold AUROC,pooled inner out-of-fold balanced-accuracy optimum,outer out-of-fold AUROC,AUROC >= 0.60 after inner-AUROC component tuning,TRUE,0.0148178469095377,0.0160458452722058,FALSE,FALSE,FALSE,TRUE
ProvGigaPath,driver_mutation,BLCA,ASXL2,0.460090053213262,0.478428162095784,0.0861185270631438,18,0.46516577977896,0.0906296357816654,0.460499386000819,0.571428571428571,0.349570200573066,0.0809716599190283,0.89051094890511,0.0911458333333333,0.0911458333333333,0.479860826852231,0.0571428571428571,0.902578796561605,0.0555555555555556,0.905172413793103,0.464019647973803,0.114285714285714,0.813753581661891,0.0579710144927536,0.901587301587302,6,2,18,0,0.520353302611367,-7.70240149330441,Bailey_tissue_specific_driver,TCGA_MC3_Bailey2018,384,35,349,20260838,pooled inner out-of-fold AUROC,pooled inner out-of-fold balanced-accuracy optimum,outer out-of-fold AUROC,AUROC >= 0.60 after inner-AUROC component tuning,TRUE,0.00507572656569827,-0.0179287760949653,FALSE,FALSE,FALSE,TRUE
TITAN,driver_mutation,BLCA,ASXL2,0.4625460499386,0.495620139173148,0.0854038242370663,7,0.524355300859599,0.107268031331521,0.483422022103971,0.571428571428571,0.39541547277937,0.0865800865800866,0.901960784313725,0.0911458333333333,0.0911458333333333,0.505689725747032,0.0285714285714286,0.982808022922636,0.142857142857143,0.909814323607427,0.493900941465411,0.257142857142857,0.730659025787966,0.087378640776699,0.907473309608541,3,2,7,0,0.465949820788531,-3.84452924929173,Bailey_tissue_specific_driver,TCGA_MC3_Bailey2018,384,35,349,20260838,pooled inner out-of-fold AUROC,pooled inner out-of-fold balanced-accuracy optimum,outer out-of-fold AUROC,AUROC >= 0.60 after inner-AUROC component tuning,TRUE,0.0618092509209988,-0.0121981170691775,FALSE,FALSE,FALSE,TRUE
GigaSSL,driver_mutation,BLCA,ATM,0.602291512284102,0.501083053069601,0.183391750201974,8,0.589921906173403,0.17132695674554,0.617539759448213,0.754716981132076,0.48036253776435,0.188679245283019,0.924418604651163,0.138020833333333,0.138020833333333,0.470900074103631,0.0566037735849057,0.885196374622356,0.0731707317073171,0.854227405247814,0.555748731687853,0.377358490566038,0.734138972809668,0.185185185185185,0.880434782608696,9,3,10,0,0.631805929919137,-3.63293220819042,Bailey_tissue_specific_driver,TCGA_MC3_Bailey2018,384,53,331,20260839,pooled inner out-of-fold AUROC,pooled inner out-of-fold balanced-accuracy optimum,outer out-of-fold AUROC,AUROC >= 0.60 after inner-AUROC component tuning,TRUE,-0.0123696061106996,0.116456706378612,FALSE,TRUE,FALSE,TRUE
ProvGigaPath,driver_mutation,BLCA,ATM,0.5274468448954,0.50145357122499,0.146851889131994,10,0.586672746964601,0.184462002675339,0.513766174542553,0.547169811320755,0.48036253776435,0.144278606965174,0.868852459016394,0.138020833333333,0.138020833333333,0.507524368694066,0.0754716981132076,0.939577039274924,0.166666666666667,0.863888888888889,0.567833323832868,0.377358490566038,0.758308157099698,0.2,0.883802816901408,3,2,6,0,0.603949100482668,-2.91634217513213,Bailey_tissue_specific_driver,TCGA_MC3_Bailey2018,384,53,331,20260839,pooled inner out-of-fold AUROC,pooled inner out-of-fold balanced-accuracy optimum,outer out-of-fold AUROC,AUROC >= 0.60 after inner-AUROC component tuning,TRUE,0.0592259020692013,0.0123126033175626,FALSE,FALSE,FALSE,TRUE
TITAN,driver_mutation,BLCA,ATM,0.656786182522944,0.546001254061449,0.217183439227447,6,0.622698512227099,0.203219560872465,0.571852020749017,0.735849056603774,0.40785498489426,0.165957446808511,0.906040268456376,0.138020833333333,0.138020833333333,0.542239069714416,0.150943396226415,0.933534743202417,0.266666666666667,0.872881355932204,0.544804195405575,0.358490566037736,0.731117824773414,0.175925925925926,0.876811594202899,4,4,20,1,0.63863432165319,-3.21312534254871,Bailey_tissue_specific_driver,TCGA_MC3_Bailey2018,384,53,331,20260839,pooled inner out-of-fold AUROC,pooled inner out-of-fold balanced-accuracy optimum,outer out-of-fold AUROC,AUROC >= 0.60 after inner-AUROC component tuning,TRUE,-0.0340876702958448,0.0258507666875677,FALSE,FALSE,TRUE,TRUE
GigaSSL,driver_mutation,BLCA,CDKN1A,0.553080457979593,0.511722096736506,0.140657184043155,9,0.482358439130773,0.095943697106168,0.467637666484929,0.324324324324324,0.610951008645533,0.0816326530612245,0.894514767932489,0.0963541666666667,0.0963541666666667,0.513163018926708,0.0810810810810811,0.945244956772334,0.136363636363636,0.906077348066298,0.479126100163564,0.108108108108108,0.85014409221902,0.0714285714285714,0.899390243902439,10,5,20,1,0.552278177458034,-4.03381874708429,Bailey_tissue_specific_driver,TCGA_MC3_Bailey2018,384,37,347,20260840,pooled inner out-of-fold AUROC,pooled inner out-of-fold balanced-accuracy optimum,outer out-of-fold AUROC,AUROC >= 0.60 after inner-AUROC component tuning,TRUE,-0.0707220188488196,-0.0440844302515773,FALSE,FALSE,FALSE,TRUE
ProvGigaPath,driver_mutation,BLCA,CDKN1A,0.484695069709479,0.52324947425812,0.106451919515747,5,0.505335306488044,0.0964212289349133,0.48640859880053,0.540540540540541,0.432276657060519,0.0921658986175115,0.898203592814371,0.0963541666666667,0.0963541666666667,0.492990108263884,0.0810810810810811,0.904899135446686,0.0833333333333333,0.902298850574713,0.494080535867279,0.135135135135135,0.853025936599424,0.0892857142857143,0.902439024390244,12,4,16,0,0.498800959232614,-12.9307063636905,Bailey_tissue_specific_driver,TCGA_MC3_Bailey2018,384,37,347,20260840,pooled inner out-of-fold AUROC,pooled inner out-of-fold balanced-accuracy optimum,outer out-of-fold AUROC,AUROC >= 0.60 after inner-AUROC component tuning,TRUE,0.0206402367785652,-0.0368408754575903,FALSE,FALSE,FALSE,TRUE
TITAN,driver_mutation,BLCA,CDKN1A,0.507048835579095,0.508840252356103,0.13273128150407,8,0.546148453929434,0.141189349292388,0.490341926941351,0.378378378378378,0.602305475504323,0.0921052631578947,0.900862068965517,0.0963541666666667,0.0963541666666667,0.51261780512501,0.0540540540540541,0.971181556195966,0.166666666666667,0.905913978494624,0.577342472155152,0.405405405405405,0.749279538904899,0.147058823529412,0.921985815602837,1,1,20,1,0.596642685851319,-2.62660215904932,Bailey_tissue_specific_driver,TCGA_MC3_Bailey2018,384,37,347,20260840,pooled inner out-of-fold AUROC,pooled inner out-of-fold balanced-accuracy optimum,outer out-of-fold AUROC,AUROC >= 0.60 after inner-AUROC component tuning,TRUE,0.0390996183503388,-0.0184983254147524,FALSE,FALSE,FALSE,TRUE
GigaSSL,driver_mutation,BLCA,CDKN2A,0.51099537037037,0.511111111111111,0.076593347814871,2,0.547800925925926,0.0886369858973017,0.552777777777778,0.625,0.480555555555556,0.0742574257425743,0.950549450549451,0.0625,0.0625,0.495833333333333,0,0.991666666666667,0,0.937007874015748,0.577777777777778,0.416666666666667,0.738888888888889,0.0961538461538462,0.95,2,1,5,0,0.580208333333333,-4.12263274156719,Bailey_tissue_specific_driver,TCGA_MC3_Bailey2018,384,24,360,20260841,pooled inner out-of-fold AUROC,pooled inner out-of-fold balanced-accuracy optimum,outer out-of-fold AUROC,AUROC >= 0.60 after inner-AUROC component tuning,TRUE,0.0368055555555559,0.0416666666666669,FALSE,FALSE,FALSE,FALSE
ProvGigaPath,driver_mutation,BLCA,CDKN2A,0.483449074074074,0.501388888888889,0.0623475402046131,3,0.458912037037037,0.065947057405795,0.470833333333333,0.25,0.691666666666667,0.0512820512820513,0.932584269662921,0.0625,0.0625,0.509722222222222,0.0416666666666667,0.977777777777778,0.111111111111111,0.938666666666667,0.5,0.208333333333333,0.791666666666667,0.0625,0.9375,2,1,7,0,0.5140625,-3.47303888421973,Bailey_tissue_specific_driver,TCGA_MC3_Bailey2018,384,24,360,20260841,pooled inner out-of-fold AUROC,pooled inner out-of-fold balanced-accuracy optimum,outer out-of-fold AUROC,AUROC >= 0.60 after inner-AUROC component tuning,TRUE,-0.024537037037037,-0.0305555555555557,FALSE,FALSE,FALSE,TRUE
TITAN,driver_mutation,BLCA,CDKN2A,0.576736111111111,0.531944444444445,0.14451248128629,6,0.615393518518519,0.0871992026317924,0.604166666666667,0.625,0.583333333333333,0.0909090909090909,0.958904109589041,0.0625,0.0625,0.497222222222222,0,0.994444444444444,0,0.93717277486911,0.551388888888889,0.333333333333333,0.769444444444445,0.0879120879120879,0.945392491467577,2,1,4,0,0.683296783625731,-3.64032273408952,Bailey_tissue_specific_driver,TCGA_MC3_Bailey2018,384,24,360,20260841,pooled inner out-of-fold AUROC,pooled inner out-of-fold balanced-accuracy optimum,outer out-of-fold AUROC,AUROC >= 0.60 after inner-AUROC component tuning,TRUE,0.0386574074074075,0.0722222222222217,FALSE,TRUE,TRUE,TRUE
GigaSSL,driver_mutation,BLCA,CREBBP,0.53093998015873,0.534226190476191,0.151719952422047,14,0.561197916666667,0.157030112669814,0.589285714285714,0.6875,0.491071428571429,0.161764705882353,0.916666666666667,0.125,0.125,0.5,0.0208333333333333,0.979166666666667,0.125,0.875,0.540178571428571,0.395833333333333,0.68452380952381,0.152,0.888030888030888,2,1,8,0,0.599561528929559,-2.64067330540983,Bailey_tissue_specific_driver,TCGA_MC3_Bailey2018,384,48,336,20260842,pooled inner out-of-fold AUROC,pooled inner out-of-fold balanced-accuracy optimum,outer out-of-fold AUROC,AUROC >= 0.60 after inner-AUROC component tuning,TRUE,0.0302579365079366,0.0550595238095233,FALSE,FALSE,FALSE,TRUE
ProvGigaPath,driver_mutation,BLCA,CREBBP,0.485801091269841,0.522321428571429,0.139404994901318,15,0.561693948412698,0.165392063505142,0.516369047619048,0.666666666666667,0.366071428571429,0.130612244897959,0.884892086330935,0.125,0.125,0.498511904761905,0.0208333333333333,0.976190476190476,0.111111111111111,0.874666666666667,0.517857142857143,0.333333333333333,0.702380952380952,0.137931034482759,0.880597014925373,1,1,4,0,0.592936802973978,-3.16380890187207,Bailey_tissue_specific_driver,TCGA_MC3_Bailey2018,384,48,336,20260842,pooled inner out-of-fold AUROC,pooled inner out-of-fold balanced-accuracy optimum,outer out-of-fold AUROC,AUROC >= 0.60 after inner-AUROC component tuning,TRUE,0.0758928571428574,-0.00595238095238149,FALSE,FALSE,FALSE,TRUE
TITAN,driver_mutation,BLCA,CREBBP,0.472222222222222,0.470238095238095,0.118605356838065,2,0.523871527777778,0.127315539475441,0.537202380952381,0.666666666666667,0.407738095238095,0.138528138528139,0.895424836601307,0.125,0.125,0.489583333333333,0.0208333333333333,0.958333333333333,0.0666666666666667,0.872628726287263,0.492559523809524,0.3125,0.672619047619048,0.12,0.872586872586873,4,3,6,0,0.606834249803614,-2.98194949539054,Bailey_tissue_specific_driver,TCGA_MC3_Bailey2018,384,48,336,20260842,pooled inner out-of-fold AUROC,pooled inner out-of-fold balanced-accuracy optimum,outer out-of-fold AUROC,AUROC >= 0.60 after inner-AUROC component tuning,TRUE,0.0516493055555558,0.0669642857142859,FALSE,FALSE,FALSE,TRUE
GigaSSL,driver_mutation,BLCA,ELF3,0.498006174427579,0.487265243118086,0.130939004538226,17,0.48559300231541,0.123173531650395,0.467005402624132,0.543478260869565,0.390532544378698,0.108225108225108,0.862745098039216,0.119791666666667,0.119791666666667,0.505016722408027,0.0869565217391304,0.923076923076923,0.133333333333333,0.88135593220339,0.456264471314639,0.152173913043478,0.760355029585799,0.0795454545454545,0.868243243243243,10,2,19,0,0.556397726139424,-7.31236789649527,Bailey_tissue_specific_driver,TCGA_MC3_Bailey2018,384,46,338,20260843,pooled inner out-of-fold AUROC,pooled inner out-of-fold balanced-accuracy optimum,outer out-of-fold AUROC,AUROC >= 0.60 after inner-AUROC component tuning,TRUE,-0.0124131721121686,-0.0202598404939543,FALSE,FALSE,FALSE,TRUE
ProvGigaPath,driver_mutation,BLCA,ELF3,0.523154103421662,0.499549781322357,0.12984902362802,2,0.52193208129663,0.132302785087485,0.507396449704142,0.5,0.514792899408284,0.122994652406417,0.883248730964467,0.119791666666667,0.119791666666667,0.50205814252637,0.0869565217391304,0.917159763313609,0.125,0.880681818181818,0.53428093645485,0.260869565217391,0.807692307692308,0.155844155844156,0.889250814332248,20,1,20,3,0.496160367009076,-12.2720395654247,Bailey_tissue_specific_driver,TCGA_MC3_Bailey2018,384,46,338,20260843,pooled inner out-of-fold AUROC,pooled inner out-of-fold balanced-accuracy optimum,outer out-of-fold AUROC,AUROC >= 0.60 after inner-AUROC component tuning,TRUE,-0.0012220221250322,0.00784666838178499,FALSE,FALSE,FALSE,TRUE
TITAN,driver_mutation,BLCA,ELF3,0.495948031901209,0.505981476717263,0.130257792724995,8,0.507332132750193,0.164215006038207,0.446102392590687,0.347826086956522,0.544378698224852,0.0941176470588235,0.85981308411215,0.119791666666667,0.119791666666667,0.519809621816311,0.0869565217391304,0.952662721893491,0.2,0.884615384615385,0.466169282222794,0.195652173913043,0.736686390532544,0.0918367346938776,0.870629370629371,3,1,20,1,0.582726638077192,-2.65397682395132,Bailey_tissue_specific_driver,TCGA_MC3_Bailey2018,384,46,338,20260843,pooled inner out-of-fold AUROC,pooled inner out-of-fold balanced-accuracy optimum,outer out-of-fold AUROC,AUROC >= 0.60 after inner-AUROC component tuning,TRUE,0.0113841008489839,-0.0598790841265761,FALSE,FALSE,FALSE,TRUE
GigaSSL,driver_mutation,BLCA,EP300,0.494668911335578,0.517676767676768,0.149383456723249,9,0.521661054994388,0.189411917830358,0.476936026936027,0.462962962962963,0.490909090909091,0.129533678756477,0.848167539267016,0.140625,0.140625,0.508080808080808,0.0555555555555556,0.960606060606061,0.1875,0.861413043478261,0.569023569023569,0.425925925925926,0.712121212121212,0.194915254237288,0.883458646616541,7,1,14,0,0.545718816067653,-2.22079334501838,Bailey_tissue_specific_driver,TCGA_MC3_Bailey2018,384,54,330,20260844,pooled inner out-of-fold AUROC,pooled inner out-of-fold balanced-accuracy optimum,outer out-of-fold AUROC,AUROC >= 0.60 after inner-AUROC component tuning,TRUE,0.0269921436588103,-0.040740740740741,FALSE,FALSE,FALSE,TRUE
ProvGigaPath,driver_mutation,BLCA,EP300,0.495791245791246,0.496127946127946,0.137145115857882,5,0.482996632996633,0.144126414042008,0.485858585858586,0.444444444444444,0.527272727272727,0.133333333333333,0.852941176470588,0.140625,0.140625,0.505218855218855,0.0740740740740741,0.936363636363636,0.16,0.860724233983287,0.493434343434343,0.277777777777778,0.709090909090909,0.135135135135135,0.857142857142857,2,1,6,0,0.541138125440451,-2.20125917622429,Bailey_tissue_specific_driver,TCGA_MC3_Bailey2018,384,54,330,20260844,pooled inner out-of-fold AUROC,pooled inner out-of-fold balanced-accuracy optimum,outer out-of-fold AUROC,AUROC >= 0.60 after inner-AUROC component tuning,TRUE,-0.012794612794613,-0.0102693602693602,FALSE,FALSE,FALSE,TRUE
TITAN,driver_mutation,BLCA,EP300,0.528675645342312,0.512121212121212,0.152266178465808,15,0.531874298540965,0.152020004928637,0.527104377104377,0.648148148148148,0.406060606060606,0.151515151515152,0.875816993464052,0.140625,0.140625,0.515319865319865,0.185185185185185,0.845454545454546,0.163934426229508,0.863777089783282,0.540572390572391,0.296296296296296,0.784848484848485,0.183908045977012,0.872053872053872,16,15,18,0,0.559989429175476,-6.47742166066082,Bailey_tissue_specific_driver,TCGA_MC3_Bailey2018,384,54,330,20260844,pooled inner out-of-fold AUROC,pooled inner out-of-fold balanced-accuracy optimum,outer out-of-fold AUROC,AUROC >= 0.60 after inner-AUROC component tuning,TRUE,0.0031986531986532,0.0149831649831651,FALSE,FALSE,FALSE,TRUE
GigaSSL,driver_mutation,BLCA,ERBB2,0.515114484178029,0.503087213789555,0.15754897117069,17,0.517043992796501,0.165292946586567,0.495562130177515,0.5,0.49112426035503,0.117948717948718,0.878306878306878,0.119791666666667,0.119791666666667,0.483277591973244,0.0434782608695652,0.923076923076923,0.0714285714285714,0.876404494382023,0.537303833290455,0.326086956521739,0.748520710059172,0.15,0.890845070422535,8,1,16,0,0.582926099531266,-4.40065080436775,Bailey_tissue_specific_driver,TCGA_MC3_Bailey2018,384,46,338,20260845,pooled inner out-of-fold AUROC,pooled inner out-of-fold balanced-accuracy optimum,outer out-of-fold AUROC,AUROC >= 0.60 after inner-AUROC component tuning,TRUE,0.00192950861847219,-0.00752508361204018,FALSE,FALSE,FALSE,TRUE
ProvGigaPath,driver_mutation,BLCA,ERBB2,0.655775662464626,0.571713403653203,0.232336207102144,15,0.656676099819913,0.240200658251059,0.556727553383072,0.521739130434783,0.591715976331361,0.148148148148148,0.900900900900901,0.119791666666667,0.119791666666667,0.573192693594031,0.217391304347826,0.928994082840237,0.294117647058824,0.897142857142857,0.572742474916388,0.260869565217391,0.884615384615385,0.235294117647059,0.897897897897898,9,4,20,1,0.670788870050863,-8.69763331488515,Bailey_tissue_specific_driver,TCGA_MC3_Bailey2018,384,46,338,20260845,pooled inner out-of-fold AUROC,pooled inner out-of-fold balanced-accuracy optimum,outer out-of-fold AUROC,AUROC >= 0.60 after inner-AUROC component tuning,TRUE,0.000900437355286443,-0.0149858502701312,FALSE,FALSE,TRUE,TRUE
TITAN,driver_mutation,BLCA,ERBB2,0.464689992281966,0.478325186519166,0.108204705792565,10,0.520967326987394,0.130368044033098,0.520903010033445,0.695652173913044,0.346153846153846,0.126482213438735,0.893129770992367,0.119791666666667,0.119791666666667,0.499099562644713,0.0869565217391304,0.911242603550296,0.117647058823529,0.88,0.498777977874968,0.260869565217391,0.736686390532544,0.118811881188119,0.879858657243816,12,3,20,1,0.519497357135734,-3.49443405512258,Bailey_tissue_specific_driver,TCGA_MC3_Bailey2018,384,46,338,20260845,pooled inner out-of-fold AUROC,pooled inner out-of-fold balanced-accuracy optimum,outer out-of-fold AUROC,AUROC >= 0.60 after inner-AUROC component tuning,TRUE,0.0562773347054279,0.0425778235142789,FALSE,FALSE,FALSE,TRUE
GigaSSL,driver_mutation,BLCA,ERBB3,0.607485465116279,0.509883720930233,0.152388877225992,9,0.562572674418605,0.152210677704697,0.553779069767442,0.625,0.482558139534884,0.123152709359606,0.917127071823204,0.104166666666667,0.104166666666667,0.509011627906977,0.05,0.968023255813953,0.153846153846154,0.897574123989218,0.561337209302326,0.3,0.822674418604651,0.164383561643836,0.909967845659164,6,3,9,0,0.646477272727273,-3.97903787111819,Bailey_tissue_specific_driver,TCGA_MC3_Bailey2018,384,40,344,20260846,pooled inner out-of-fold AUROC,pooled inner out-of-fold balanced-accuracy optimum,outer out-of-fold AUROC,AUROC >= 0.60 after inner-AUROC component tuning,TRUE,-0.0449127906976743,0.0438953488372088,FALSE,FALSE,FALSE,TRUE
ProvGigaPath,driver_mutation,BLCA,ERBB3,0.49280523255814,0.518895348837209,0.127437519275055,11,0.518822674418605,0.112811812067296,0.528779069767442,0.7,0.357558139534884,0.112449799196787,0.911111111111111,0.104166666666667,0.104166666666667,0.493604651162791,0.025,0.962209302325581,0.0714285714285714,0.894594594594595,0.523255813953488,0.25,0.796511627906977,0.125,0.901315789473684,3,2,10,0,0.598977272727273,-4.57204317633409,Bailey_tissue_specific_driver,TCGA_MC3_Bailey2018,384,40,344,20260846,pooled inner out-of-fold AUROC,pooled inner out-of-fold balanced-accuracy optimum,outer out-of-fold AUROC,AUROC >= 0.60 after inner-AUROC component tuning,TRUE,0.0260174418604646,0.00988372093023282,FALSE,FALSE,FALSE,TRUE
TITAN,driver_mutation,BLCA,ERBB3,0.557848837209302,0.538081395348837,0.142985675304132,15,0.52718023255814,0.126335299347791,0.490116279069767,0.425,0.555232558139535,0.1,0.892523364485981,0.104166666666667,0.104166666666667,0.522674418604651,0.15,0.895348837209302,0.142857142857143,0.900584795321637,0.512209302325581,0.225,0.799418604651163,0.115384615384615,0.898692810457516,17,5,20,1,0.648890398550725,-7.30996928504667,Bailey_tissue_specific_driver,TCGA_MC3_Bailey2018,384,40,344,20260846,pooled inner out-of-fold AUROC,pooled inner out-of-fold balanced-accuracy optimum,outer out-of-fold AUROC,AUROC >= 0.60 after inner-AUROC component tuning,TRUE,-0.0306686046511625,-0.0479651162790696,FALSE,FALSE,FALSE,TRUE
GigaSSL,driver_mutation,BLCA,ERCC2,0.531395824805567,0.485591485878019,0.0981164121428384,17,0.537617683176423,0.109221670080394,0.566598444535407,0.514285714285714,0.6189111747851,0.119205298013245,0.927038626609442,0.0911458333333333,0.0911458333333333,0.487106017191977,0,0.974212034383954,0,0.906666666666667,0.549652067130577,0.342857142857143,0.756446991404012,0.123711340206186,0.9198606271777,2,1,12,0,0.655657962109575,-3.32318020969517,Bailey_tissue_specific_driver,TCGA_MC3_Bailey2018,384,35,349,20260847,pooled inner out-of-fold AUROC,pooled inner out-of-fold balanced-accuracy optimum,outer out-of-fold AUROC,AUROC >= 0.60 after inner-AUROC component tuning,TRUE,0.00622185837085543,0.0810069586573883,FALSE,FALSE,FALSE,TRUE
ProvGigaPath,driver_mutation,BLCA,ERCC2,0.567253376995497,0.521367171510438,0.121077132449859,4,0.590503479328694,0.128181490443794,0.543512075317233,0.628571428571429,0.458452722063037,0.104265402843602,0.92485549132948,0.0911458333333333,0.0911458333333333,0.501391731477692,0.0285714285714286,0.974212034383954,0.1,0.909090909090909,0.533933688088416,0.314285714285714,0.753581661891118,0.11340206185567,0.916376306620209,2,1,5,0,0.619687660010241,-3.6456643619642,Bailey_tissue_specific_driver,TCGA_MC3_Bailey2018,384,35,349,20260847,pooled inner out-of-fold AUROC,pooled inner out-of-fold balanced-accuracy optimum,outer out-of-fold AUROC,AUROC >= 0.60 after inner-AUROC component tuning,TRUE,0.0232501023331971,0.0221449038067949,FALSE,FALSE,FALSE,TRUE
TITAN,driver_mutation,BLCA,ERCC2,0.613999181334425,0.522799836266885,0.152190134336533,5,0.615063446582071,0.144302387490315,0.537781416291445,0.628571428571429,0.446991404011461,0.102325581395349,0.923076923076923,0.0911458333333333,0.0911458333333333,0.492836676217765,0,0.98567335243553,0,0.907651715039578,0.638190749079001,0.542857142857143,0.73352435530086,0.169642857142857,0.941176470588235,3,1,4,0,0.646045918367347,-3.4678989428706,Bailey_tissue_specific_driver,TCGA_MC3_Bailey2018,384,35,349,20260847,pooled inner out-of-fold AUROC,pooled inner out-of-fold balanced-accuracy optimum,outer out-of-fold AUROC,AUROC >= 0.60 after inner-AUROC component tuning,TRUE,0.00106426524764625,0.01498158002456,FALSE,FALSE,TRUE,TRUE
GigaSSL,driver_mutation,BLCA,FAT1,0.526177000257268,0.522317983020324,0.145147277759756,13,0.557756624646257,0.156594738453743,0.539554926678673,0.608695652173913,0.470414201183432,0.135265700483092,0.898305084745763,0.119791666666667,0.119791666666667,0.526241317211217,0.108695652173913,0.943786982248521,0.208333333333333,0.886111111111111,0.536789297658863,0.304347826086957,0.769230769230769,0.152173913043478,0.89041095890411,6,6,7,0,0.623251028806584,-4.21150401456374,Bailey_tissue_specific_driver,TCGA_MC3_Bailey2018,384,46,338,20260848,pooled inner out-of-fold AUROC,pooled inner out-of-fold balanced-accuracy optimum,outer out-of-fold AUROC,AUROC >= 0.60 after inner-AUROC component tuning,TRUE,0.0315796243889888,0.0172369436583486,FALSE,FALSE,FALSE,TRUE
ProvGigaPath,driver_mutation,BLCA,FAT1,0.502894262927708,0.502572678157963,0.173713657353132,12,0.562130177514793,0.147215485240138,0.556727553383072,0.521739130434783,0.591715976331361,0.148148148148148,0.900900900900901,0.119791666666667,0.119791666666667,0.51781579624389,0.0652173913043478,0.970414201183432,0.230769230769231,0.884097035040431,0.486429122716748,0.239130434782609,0.733727810650888,0.108910891089109,0.876325088339223,2,1,3,0,0.612546125461255,-2.74543949405748,Bailey_tissue_specific_driver,TCGA_MC3_Bailey2018,384,46,338,20260848,pooled inner out-of-fold AUROC,pooled inner out-of-fold balanced-accuracy optimum,outer out-of-fold AUROC,AUROC >= 0.60 after inner-AUROC component tuning,TRUE,0.0592359145870849,0.0541548752251088,FALSE,FALSE,FALSE,TRUE
TITAN,driver_mutation,BLCA,FAT1,0.509197324414716,0.492217648572164,0.137245337082996,11,0.54997427321842,0.141958975060548,0.57261384100849,0.630434782608696,0.514792899408284,0.150259067357513,0.910994764397906,0.119791666666667,0.119791666666667,0.503987651144842,0.0434782608695652,0.964497041420118,0.142857142857143,0.881081081081081,0.53833290455364,0.369565217391304,0.707100591715976,0.146551724137931,0.891791044776119,1,1,17,0,0.680562481300489,-2.49681457224447,Bailey_tissue_specific_driver,TCGA_MC3_Bailey2018,384,46,338,20260848,pooled inner out-of-fold AUROC,pooled inner out-of-fold balanced-accuracy optimum,outer out-of-fold AUROC,AUROC >= 0.60 after inner-AUROC component tuning,TRUE,0.0407769488037044,0.0803961924363258,FALSE,FALSE,FALSE,TRUE
GigaSSL,driver_mutation,BLCA,FBXW7,0.622222222222222,0.528813559322034,0.143530012084396,14,0.564030131826742,0.100169010505423,0.562429378531073,0.466666666666667,0.65819209039548,0.103703703703704,0.93574297188755,0.078125,0.078125,0.495480225988701,0.0333333333333333,0.957627118644068,0.0625,0.921195652173913,0.565254237288136,0.3,0.830508474576271,0.130434782608696,0.933333333333333,6,4,14,0,0.677856301531213,-4.43146530966135,Bailey_tissue_specific_driver,TCGA_MC3_Bailey2018,384,30,354,20260849,pooled inner out-of-fold AUROC,pooled inner out-of-fold balanced-accuracy optimum,outer out-of-fold AUROC,AUROC >= 0.60 after inner-AUROC component tuning,TRUE,-0.05819209039548,0.0336158192090394,FALSE,FALSE,FALSE,TRUE
ProvGigaPath,driver_mutation,BLCA,FBXW7,0.575894538606403,0.524576271186441,0.125882313960726,6,0.550941619585688,0.110646338085793,0.514971751412429,0.733333333333333,0.296610169491525,0.0811808118081181,0.929203539823009,0.078125,0.078125,0.524576271186441,0.1,0.949152542372881,0.142857142857143,0.925619834710744,0.527966101694915,0.2,0.855932203389831,0.105263157894737,0.926605504587156,16,1,19,0,0.630153121319199,-45.1850482114108,Bailey_tissue_specific_driver,TCGA_MC3_Bailey2018,384,30,354,20260849,pooled inner out-of-fold AUROC,pooled inner out-of-fold balanced-accuracy optimum,outer out-of-fold AUROC,AUROC >= 0.60 after inner-AUROC component tuning,TRUE,-0.0249529190207156,-0.00960451977401167,FALSE,FALSE,FALSE,TRUE
TITAN,driver_mutation,BLCA,FBXW7,0.583709981167608,0.520338983050848,0.139712861991918,11,0.572598870056497,0.140367290407554,0.549435028248588,0.5,0.598870056497175,0.0955414012738854,0.933920704845815,0.078125,0.078125,0.51638418079096,0.0666666666666667,0.966101694915254,0.142857142857143,0.924324324324324,0.547175141242938,0.266666666666667,0.827683615819209,0.115942028985507,0.93015873015873,6,2,20,1,0.600412249705536,-4.24863227259923,Bailey_tissue_specific_driver,TCGA_MC3_Bailey2018,384,30,354,20260849,pooled inner out-of-fold AUROC,pooled inner out-of-fold balanced-accuracy optimum,outer out-of-fold AUROC,AUROC >= 0.60 after inner-AUROC component tuning,TRUE,-0.0111111111111109,0.0290960451977396,FALSE,FALSE,FALSE,TRUE
GigaSSL,driver_mutation,BLCA,FGFR3,0.757968574635241,0.657912457912458,0.390609902916261,4,0.819921436588103,0.524301111954731,0.774410774410774,0.685185185185185,0.863636363636364,0.451219512195122,0.943708609271523,0.140625,0.140625,0.677777777777778,0.388888888888889,0.966666666666667,0.65625,0.90625,0.757575757575758,0.666666666666667,0.848484848484848,0.418604651162791,0.939597315436242,3,2,3,0,0.815803382663848,-1.81054176033577,Bailey_tissue_specific_driver,TCGA_MC3_Bailey2018,384,54,330,20260850,pooled inner out-of-fold AUROC,pooled inner out-of-fold balanced-accuracy optimum,outer out-of-fold AUROC,AUROC >= 0.60 after inner-AUROC component tuning,TRUE,0.0619528619528622,0.116498316498316,TRUE,TRUE,TRUE,TRUE
ProvGigaPath,driver_mutation,BLCA,FGFR3,0.739786756453423,0.644107744107744,0.397396684693705,3,0.764478114478114,0.413474445377169,0.729124579124579,0.703703703703704,0.754545454545455,0.319327731092437,0.939622641509434,0.140625,0.140625,0.639393939393939,0.333333333333333,0.945454545454546,0.5,0.896551724137931,0.740572390572391,0.62962962962963,0.851515151515152,0.409638554216867,0.933554817275748,2,1,7,0,0.780126849894292,-2.43213221983962,Bailey_tissue_specific_driver,TCGA_MC3_Bailey2018,384,54,330,20260850,pooled inner out-of-fold AUROC,pooled inner out-of-fold balanced-accuracy optimum,outer out-of-fold AUROC,AUROC >= 0.60 after inner-AUROC component tuning,TRUE,0.0246913580246915,0.0850168350168351,TRUE,TRUE,TRUE,TRUE
TITAN,driver_mutation,BLCA,FGFR3,0.842760942760943,0.713468013468014,0.459119715403766,3,0.810886644219978,0.441655272048321,0.752020202020202,0.722222222222222,0.781818181818182,0.351351351351351,0.945054945054945,0.140625,0.140625,0.687205387205387,0.425925925925926,0.948484848484848,0.575,0.909883720930232,0.746801346801347,0.648148148148148,0.845454545454546,0.406976744186047,0.936241610738255,3,2,7,0,0.818181818181818,-2.62556615852799,Bailey_tissue_specific_driver,TCGA_MC3_Bailey2018,384,54,330,20260850,pooled inner out-of-fold AUROC,pooled inner out-of-fold balanced-accuracy optimum,outer out-of-fold AUROC,AUROC >= 0.60 after inner-AUROC component tuning,TRUE,-0.0318742985409655,0.038552188552188,TRUE,TRUE,TRUE,FALSE
GigaSSL,driver_mutation,BLCA,KANSL1,0.41875,0.470833333333333,0.0533507128943124,8,0.481134259259259,0.0667696246030621,0.5125,0.666666666666667,0.358333333333333,0.0647773279352227,0.941605839416058,0.0625,0.0625,0.504166666666667,0.0416666666666667,0.966666666666667,0.0769230769230769,0.93800539083558,0.516666666666667,0.25,0.783333333333333,0.0714285714285714,0.94,4,1,5,0,0.553179824561403,-4.86106197294155,Bailey_tissue_specific_driver,TCGA_MC3_Bailey2018,384,24,360,20260851,pooled inner out-of-fold AUROC,pooled inner out-of-fold balanced-accuracy optimum,outer out-of-fold AUROC,AUROC >= 0.60 after inner-AUROC component tuning,TRUE,0.0623842592592592,0.041666666666667,FALSE,FALSE,FALSE,TRUE
ProvGigaPath,driver_mutation,BLCA,KANSL1,0.422800925925926,0.484722222222222,0.0536775518537674,7,0.493402777777778,0.0600294316912706,0.463888888888889,0.625,0.302777777777778,0.056390977443609,0.923728813559322,0.0625,0.0625,0.484722222222222,0,0.969444444444444,0,0.935656836461126,0.441666666666667,0,0.883333333333333,0,0.929824561403509,7,2,20,2,0.528472222222222,-14.9122748989915,Bailey_tissue_specific_driver,TCGA_MC3_Bailey2018,384,24,360,20260851,pooled inner out-of-fold AUROC,pooled inner out-of-fold balanced-accuracy optimum,outer out-of-fold AUROC,AUROC >= 0.60 after inner-AUROC component tuning,TRUE,0.0706018518518518,-0.0208333333333331,FALSE,FALSE,FALSE,FALSE
TITAN,driver_mutation,BLCA,KANSL1,0.524768518518519,0.479166666666667,0.0654433159840573,11,0.589351851851852,0.0925241374278053,0.518055555555556,0.5,0.536111111111111,0.0670391061452514,0.941463414634146,0.0625,0.0625,0.495833333333333,0.0416666666666667,0.95,0.0526315789473684,0.936986301369863,0.469444444444445,0.125,0.813888888888889,0.0428571428571429,0.93312101910828,4,4,8,0,0.581323099415205,-4.08805370807834,Bailey_tissue_specific_driver,TCGA_MC3_Bailey2018,384,24,360,20260851,pooled inner out-of-fold AUROC,pooled inner out-of-fold balanced-accuracy optimum,outer out-of-fold AUROC,AUROC >= 0.60 after inner-AUROC component tuning,TRUE,0.0645833333333329,0.0388888888888885,FALSE,FALSE,FALSE,TRUE
GigaSSL,driver_mutation,BLCA,KDM6A,0.530092592592593,0.491319444444445,0.26354501147115,16,0.515118634259259,0.266510853197011,0.510416666666667,0.510416666666667,0.510416666666667,0.257894736842105,0.757731958762887,0.25,0.25,0.524305555555556,0.21875,0.829861111111111,0.3,0.761146496815287,0.493055555555556,0.333333333333333,0.652777777777778,0.242424242424242,0.746031746031746,6,5,20,1,0.591981931112366,-1.40266623475165,Bailey_tissue_specific_driver,TCGA_MC3_Bailey2018,384,96,288,20260852,pooled inner out-of-fold AUROC,pooled inner out-of-fold balanced-accuracy optimum,outer out-of-fold AUROC,AUROC >= 0.60 after inner-AUROC component tuning,TRUE,-0.0149739583333337,0.0190972222222217,FALSE,FALSE,FALSE,TRUE
ProvGigaPath,driver_mutation,BLCA,KDM6A,0.514612268518519,0.522569444444445,0.273787536498025,5,0.522858796296296,0.27232916701734,0.473958333333333,0.447916666666667,0.5,0.229946524064171,0.730964467005076,0.25,0.25,0.487847222222222,0.1875,0.788194444444445,0.227848101265823,0.744262295081967,0.5,0.3125,0.6875,0.25,0.75,6,3,19,0,0.631979405034325,-2.69404248977189,Bailey_tissue_specific_driver,TCGA_MC3_Bailey2018,384,96,288,20260852,pooled inner out-of-fold AUROC,pooled inner out-of-fold balanced-accuracy optimum,outer out-of-fold AUROC,AUROC >= 0.60 after inner-AUROC component tuning,TRUE,0.00824652777777724,-0.0486111111111116,FALSE,FALSE,FALSE,TRUE
TITAN,driver_mutation,BLCA,KDM6A,0.53247974537037,0.487847222222222,0.257160559357958,16,0.530056423611111,0.262823066295156,0.503472222222222,0.4375,0.569444444444445,0.253012048192771,0.752293577981651,0.25,0.25,0.491319444444445,0.166666666666667,0.815972222222222,0.231884057971015,0.746031746031746,0.5,0.322916666666667,0.677083333333333,0.25,0.75,12,1,20,2,0.566685488424619,-1.79496028988661,Bailey_tissue_specific_driver,TCGA_MC3_Bailey2018,384,96,288,20260852,pooled inner out-of-fold AUROC,pooled inner out-of-fold balanced-accuracy optimum,outer out-of-fold AUROC,AUROC >= 0.60 after inner-AUROC component tuning,TRUE,-0.00242332175925886,0.0156250000000002,FALSE,FALSE,FALSE,TRUE
GigaSSL,driver_mutation,BLCA,KLF5,0.43906598452053,0.480716253443526,0.0516535151114681,4,0.453233635051817,0.0505263975414082,0.493309720582448,0.523809523809524,0.462809917355372,0.0533980582524272,0.943820224719101,0.0546875,0.0546875,0.487603305785124,0,0.975206611570248,0,0.944,0.449822904368359,0.0952380952380952,0.804407713498623,0.0273972602739726,0.938906752411576,4,2,20,1,0.593318965517241,-5.13834390635182,Bailey_tissue_specific_driver,TCGA_MC3_Bailey2018,384,21,363,20260853,pooled inner out-of-fold AUROC,pooled inner out-of-fold balanced-accuracy optimum,outer out-of-fold AUROC,AUROC >= 0.60 after inner-AUROC component tuning,TRUE,0.0141676505312869,0.0125934671389219,FALSE,FALSE,FALSE,FALSE
ProvGigaPath,driver_mutation,BLCA,KLF5,0.494818313000131,0.500393545848091,0.0608689867001579,12,0.489833398924308,0.0605417444515385,0.499016135379772,0.714285714285714,0.283746556473829,0.0545454545454545,0.944954128440367,0.0546875,0.0546875,0.500393545848091,0.0476190476190476,0.953168044077135,0.0555555555555556,0.945355191256831,0.499803227075954,0.142857142857143,0.856749311294766,0.0545454545454545,0.945288753799392,6,1,17,0,0.566125760649087,-14.3652607583011,Bailey_tissue_specific_driver,TCGA_MC3_Bailey2018,384,21,363,20260853,pooled inner out-of-fold AUROC,pooled inner out-of-fold balanced-accuracy optimum,outer out-of-fold AUROC,AUROC >= 0.60 after inner-AUROC component tuning,TRUE,-0.00498491407582302,-0.0013774104683193,FALSE,FALSE,FALSE,TRUE
TITAN,driver_mutation,BLCA,KLF5,0.445887445887446,0.511412829594648,0.0551001434748954,7,0.373737373737374,0.0439029197147564,0.387839433293979,0.428571428571429,0.347107438016529,0.0365853658536585,0.91304347826087,0.0546875,0.0546875,0.488980716253444,0,0.977961432506887,0,0.944148936170213,0.446674537583629,0.0476190476190476,0.845730027548209,0.0175438596491228,0.938837920489297,4,1,20,1,0.509601778855872,-5.18875985970878,Bailey_tissue_specific_driver,TCGA_MC3_Bailey2018,384,21,363,20260853,pooled inner out-of-fold AUROC,pooled inner out-of-fold balanced-accuracy optimum,outer out-of-fold AUROC,AUROC >= 0.60 after inner-AUROC component tuning,TRUE,-0.0721500721500722,-0.123573396300669,FALSE,FALSE,FALSE,TRUE
GigaSSL,driver_mutation,BLCA,KMT2C,0.51005714799982,0.488952886648967,0.19365679644888,19,0.501507447239347,0.184721509691094,0.514264500742474,0.549295774647887,0.479233226837061,0.193069306930693,0.824175824175824,0.184895833333333,0.184895833333333,0.484385546505872,0.0422535211267606,0.926517571884984,0.115384615384615,0.810055865921788,0.511519596814112,0.352112676056338,0.670926517571885,0.1953125,0.8203125,1,1,19,0,0.57782903473824,-1.60035481068357,Bailey_tissue_specific_driver,TCGA_MC3_Bailey2018,384,71,313,20260854,pooled inner out-of-fold AUROC,pooled inner out-of-fold balanced-accuracy optimum,outer out-of-fold AUROC,AUROC >= 0.60 after inner-AUROC component tuning,TRUE,-0.00854970076047346,0.025311614093507,FALSE,FALSE,FALSE,TRUE
ProvGigaPath,driver_mutation,BLCA,KMT2C,0.392026279080232,0.448656797012105,0.14656213606086,10,0.428654997075102,0.157588777121938,0.442447014354498,0.619718309859155,0.26517571884984,0.160583941605839,0.754545454545455,0.184895833333333,0.184895833333333,0.466813661521847,0.0422535211267606,0.891373801916933,0.0810810810810811,0.804034582132565,0.468613598524052,0.253521126760563,0.68370607028754,0.153846153846154,0.801498127340824,1,1,16,0,0.540357142857143,-2.16582836826054,Bailey_tissue_specific_driver,TCGA_MC3_Bailey2018,384,71,313,20260854,pooled inner out-of-fold AUROC,pooled inner out-of-fold balanced-accuracy optimum,outer out-of-fold AUROC,AUROC >= 0.60 after inner-AUROC component tuning,TRUE,0.0366287179948703,-0.00620978265760741,FALSE,FALSE,FALSE,TRUE
TITAN,driver_mutation,BLCA,KMT2C,0.507987220447284,0.490842820501283,0.194600120332221,11,0.499887503937362,0.18666777386611,0.52204922827701,0.338028169014085,0.706070287539936,0.206896551724138,0.824626865671642,0.184895833333333,0.184895833333333,0.504567340143095,0.0985915492957746,0.910543130990415,0.2,0.816618911174785,0.512757053503127,0.309859154929577,0.715654952076677,0.198198198198198,0.82051282051282,7,1,11,0,0.564842105263158,-1.14410146092265,Bailey_tissue_specific_driver,TCGA_MC3_Bailey2018,384,71,313,20260854,pooled inner out-of-fold AUROC,pooled inner out-of-fold balanced-accuracy optimum,outer out-of-fold AUROC,AUROC >= 0.60 after inner-AUROC component tuning,TRUE,-0.00809971650992175,0.0312064077757273,FALSE,FALSE,FALSE,TRUE
GigaSSL,driver_mutation,BLCA,KMT2D,0.422096881220969,0.440444591904446,0.240214425073362,13,0.454346383543464,0.25511728566102,0.480092899800929,0.409090909090909,0.551094890510949,0.267857142857143,0.699074074074074,0.286458333333333,0.286458333333333,0.475116124751161,0.136363636363636,0.813868613138686,0.227272727272727,0.70125786163522,0.481984074319841,0.372727272727273,0.591240875912409,0.26797385620915,0.701298701298701,5,1,14,0,0.572177251971772,-1.37887286873683,Bailey_tissue_specific_driver,TCGA_MC3_Bailey2018,384,110,274,20260855,pooled inner out-of-fold AUROC,pooled inner out-of-fold balanced-accuracy optimum,outer out-of-fold AUROC,AUROC >= 0.60 after inner-AUROC component tuning,TRUE,0.0322495023224949,0.0396483078964831,FALSE,FALSE,FALSE,TRUE
ProvGigaPath,driver_mutation,BLCA,KMT2D,0.50464499004645,0.495852687458527,0.2937986763749,9,0.531021897810219,0.317875767805017,0.508294625082946,0.454545454545455,0.562043795620438,0.294117647058824,0.719626168224299,0.286458333333333,0.286458333333333,0.513370935633709,0.172727272727273,0.854014598540146,0.322033898305085,0.72,0.533908427339084,0.418181818181818,0.64963503649635,0.323943661971831,0.735537190082645,5,1,10,0,0.564912826899128,-1.48752248399943,Bailey_tissue_specific_driver,TCGA_MC3_Bailey2018,384,110,274,20260855,pooled inner out-of-fold AUROC,pooled inner out-of-fold balanced-accuracy optimum,outer out-of-fold AUROC,AUROC >= 0.60 after inner-AUROC component tuning,TRUE,0.026376907763769,0.0124419376244192,FALSE,FALSE,FALSE,TRUE
TITAN,driver_mutation,BLCA,KMT2D,0.509522229595222,0.489747843397478,0.292498662584262,2,0.536131386861314,0.308358027668816,0.515560716655607,0.472727272727273,0.558394160583942,0.300578034682081,0.725118483412322,0.286458333333333,0.286458333333333,0.506270736562707,0.0636363636363636,0.948905109489051,0.333333333333333,0.716253443526171,0.539250165892502,0.490909090909091,0.587591240875912,0.323353293413174,0.741935483870968,1,1,2,0,0.544831880448319,-0.982393585962122,Bailey_tissue_specific_driver,TCGA_MC3_Bailey2018,384,110,274,20260855,pooled inner out-of-fold AUROC,pooled inner out-of-fold balanced-accuracy optimum,outer out-of-fold AUROC,AUROC >= 0.60 after inner-AUROC component tuning,TRUE,0.0266091572660919,0.0258128732581292,FALSE,FALSE,FALSE,TRUE
GigaSSL,driver_mutation,BLCA,NFE2L2,0.604050925925926,0.545833333333333,0.144238816131619,19,0.561805555555556,0.112146645840299,0.555555555555556,0.5,0.611111111111111,0.0789473684210526,0.948275862068965,0.0625,0.0625,0.559722222222222,0.166666666666667,0.952777777777778,0.19047619047619,0.944903581267218,0.588888888888889,0.25,0.927777777777778,0.1875,0.948863636363636,19,8,20,1,0.579130116959064,-10.5445007355392,Bailey_tissue_specific_driver,TCGA_MC3_Bailey2018,384,24,360,20260856,pooled inner out-of-fold AUROC,pooled inner out-of-fold balanced-accuracy optimum,outer out-of-fold AUROC,AUROC >= 0.60 after inner-AUROC component tuning,TRUE,-0.0422453703703705,0.00972222222222263,FALSE,FALSE,FALSE,FALSE
ProvGigaPath,driver_mutation,BLCA,NFE2L2,0.572916666666667,0.530555555555556,0.0959901774435507,17,0.56400462962963,0.150657591619295,0.504166666666667,0.625,0.383333333333333,0.0632911392405063,0.938775510204082,0.0625,0.0625,0.530555555555556,0.0833333333333333,0.977777777777778,0.2,0.941176470588235,0.527777777777778,0.208333333333333,0.847222222222222,0.0833333333333333,0.941358024691358,4,1,20,1,0.548245614035088,-7.51856220330105,Bailey_tissue_specific_driver,TCGA_MC3_Bailey2018,384,24,360,20260856,pooled inner out-of-fold AUROC,pooled inner out-of-fold balanced-accuracy optimum,outer out-of-fold AUROC,AUROC >= 0.60 after inner-AUROC component tuning,TRUE,-0.00891203703703736,-0.0263888888888894,FALSE,FALSE,FALSE,TRUE
TITAN,driver_mutation,BLCA,NFE2L2,0.608101851851852,0.540277777777778,0.127641537630869,10,0.637962962962963,0.127828645477808,0.598611111111111,0.583333333333333,0.613888888888889,0.0915032679738562,0.956709956709957,0.0625,0.0625,0.526388888888889,0.0833333333333333,0.969444444444444,0.153846153846154,0.940700808625337,0.630555555555556,0.458333333333333,0.802777777777778,0.134146341463415,0.956953642384106,2,1,12,0,0.710709064327485,-3.33371720043273,Bailey_tissue_specific_driver,TCGA_MC3_Bailey2018,384,24,360,20260856,pooled inner out-of-fold AUROC,pooled inner out-of-fold balanced-accuracy optimum,outer out-of-fold AUROC,AUROC >= 0.60 after inner-AUROC component tuning,TRUE,0.029861111111111,0.0583333333333332,FALSE,FALSE,TRUE,TRUE
GigaSSL,driver_mutation,BLCA,PIK3CA,0.530891616863189,0.514698756259086,0.249578646817126,7,0.533476013568083,0.256943922709073,0.510822161201745,0.402439024390244,0.619205298013245,0.222972972972973,0.792372881355932,0.213541666666667,0.213541666666667,0.507995477305767,0.121951219512195,0.894039735099338,0.238095238095238,0.789473684210526,0.516233241802617,0.353658536585366,0.678807947019868,0.23015873015873,0.794573643410853,5,4,7,0,0.629100926621588,-1.35133318922971,Bailey_tissue_specific_driver,TCGA_MC3_Bailey2018,384,82,302,20260857,pooled inner out-of-fold AUROC,pooled inner out-of-fold balanced-accuracy optimum,outer out-of-fold AUROC,AUROC >= 0.60 after inner-AUROC component tuning,TRUE,0.00258439670489374,-0.0038765950573415,FALSE,FALSE,FALSE,TRUE
ProvGigaPath,driver_mutation,BLCA,PIK3CA,0.579066386690357,0.558512356646745,0.29861234444382,4,0.587586819576805,0.307027449237397,0.537635277015022,0.548780487804878,0.526490066225166,0.23936170212766,0.811224489795918,0.213541666666667,0.213541666666667,0.56008722338879,0.219512195121951,0.900662251655629,0.375,0.80952380952381,0.578783718300759,0.439024390243902,0.718543046357616,0.297520661157025,0.825095057034221,4,2,5,0,0.620210368144253,-2.2819987506506,Bailey_tissue_specific_driver,TCGA_MC3_Bailey2018,384,82,302,20260857,pooled inner out-of-fold AUROC,pooled inner out-of-fold balanced-accuracy optimum,outer out-of-fold AUROC,AUROC >= 0.60 after inner-AUROC component tuning,TRUE,0.00852043288644799,-0.0208770796317231,FALSE,FALSE,FALSE,FALSE
TITAN,driver_mutation,BLCA,PIK3CA,0.590776934259409,0.553545469229527,0.31588618117017,11,0.614844128573736,0.319715887448594,0.58326603133581,0.719512195121951,0.447019867549669,0.261061946902655,0.854430379746835,0.213541666666667,0.213541666666667,0.551728315296398,0.182926829268293,0.920529801324503,0.384615384615385,0.805797101449275,0.54950734937813,0.426829268292683,0.672185430463576,0.261194029850746,0.812,5,2,5,0,0.654452601340568,-2.3778354921913,Bailey_tissue_specific_driver,TCGA_MC3_Bailey2018,384,82,302,20260857,pooled inner out-of-fold AUROC,pooled inner out-of-fold balanced-accuracy optimum,outer out-of-fold AUROC,AUROC >= 0.60 after inner-AUROC component tuning,TRUE,0.024067194314327,0.029720562106283,FALSE,FALSE,TRUE,TRUE
GigaSSL,driver_mutation,BLCA,RB1,0.588820860679205,0.535149539708409,0.243189000341857,5,0.648856979253843,0.307227819126723,0.597674316169669,0.671232876712329,0.52411575562701,0.248730964467005,0.871657754010695,0.190104166666667,0.190104166666667,0.526626437034753,0.0821917808219178,0.971061093247588,0.4,0.818428184281843,0.609633088138132,0.589041095890411,0.630225080385852,0.272151898734177,0.867256637168142,2,1,2,0,0.662378326866789,-1.67255312221661,Bailey_tissue_specific_driver,TCGA_MC3_Bailey2018,384,73,311,20260858,pooled inner out-of-fold AUROC,pooled inner out-of-fold balanced-accuracy optimum,outer out-of-fold AUROC,AUROC >= 0.60 after inner-AUROC component tuning,TRUE,0.0600361185746381,0.0625247764612602,FALSE,FALSE,TRUE,TRUE
ProvGigaPath,driver_mutation,BLCA,RB1,0.671893582345946,0.598533233493371,0.320995778604528,17,0.607452759547196,0.27023328448488,0.589635730960666,0.671232876712329,0.508038585209003,0.242574257425743,0.868131868131868,0.190104166666667,0.190104166666667,0.49685063647976,0.0547945205479452,0.938906752411576,0.173913043478261,0.808864265927978,0.588314319693433,0.575342465753425,0.601286173633441,0.253012048192771,0.857798165137615,1,1,15,0,0.669090153718322,-1.92396982463111,Bailey_tissue_specific_driver,TCGA_MC3_Bailey2018,384,73,311,20260858,pooled inner out-of-fold AUROC,pooled inner out-of-fold balanced-accuracy optimum,outer out-of-fold AUROC,AUROC >= 0.60 after inner-AUROC component tuning,TRUE,-0.0644408227987496,-0.00889750253270494,FALSE,FALSE,TRUE,TRUE
TITAN,driver_mutation,BLCA,RB1,0.590714883495573,0.55338501519623,0.279399241391802,16,0.672818570233009,0.329567880159988,0.584107827159406,0.753424657534247,0.414790996784566,0.232067510548523,0.877551020408163,0.190104166666667,0.190104166666667,0.530678764920936,0.10958904109589,0.951768488745981,0.347826086956522,0.81994459833795,0.611659252081223,0.602739726027397,0.620578778135048,0.271604938271605,0.869369369369369,1,1,5,0,0.698587453261321,-2.0352979064191,Bailey_tissue_specific_driver,TCGA_MC3_Bailey2018,384,73,311,20260858,pooled inner out-of-fold AUROC,pooled inner out-of-fold balanced-accuracy optimum,outer out-of-fold AUROC,AUROC >= 0.60 after inner-AUROC component tuning,TRUE,0.0821036867374358,0.0307228119631763,FALSE,FALSE,TRUE,TRUE
GigaSSL,driver_mutation,BLCA,RHOB,0.531481481481482,0.494444444444445,0.0765758455484825,11,0.569791666666667,0.0800916665417097,0.580555555555556,0.791666666666667,0.369444444444444,0.0772357723577236,0.963768115942029,0.0625,0.0625,0.477777777777778,0,0.955555555555556,0,0.934782608695652,0.565277777777778,0.333333333333333,0.797222222222222,0.0987654320987654,0.947194719471947,3,1,13,0,0.614400584795322,-4.46120704226147,Bailey_tissue_specific_driver,TCGA_MC3_Bailey2018,384,24,360,20260859,pooled inner out-of-fold AUROC,pooled inner out-of-fold balanced-accuracy optimum,outer out-of-fold AUROC,AUROC >= 0.60 after inner-AUROC component tuning,TRUE,0.0383101851851847,0.0861111111111105,FALSE,FALSE,FALSE,TRUE
ProvGigaPath,driver_mutation,BLCA,RHOB,0.50150462962963,0.477777777777778,0.0673410090410259,6,0.503125,0.074363539562897,0.466666666666667,0.666666666666667,0.266666666666667,0.0571428571428571,0.923076923076923,0.0625,0.0625,0.484722222222222,0,0.969444444444444,0,0.935656836461126,0.504166666666667,0.166666666666667,0.841666666666667,0.0655737704918033,0.938080495356037,2,1,16,0,0.569270833333333,-5.67864473180871,Bailey_tissue_specific_driver,TCGA_MC3_Bailey2018,384,24,360,20260859,pooled inner out-of-fold AUROC,pooled inner out-of-fold balanced-accuracy optimum,outer out-of-fold AUROC,AUROC >= 0.60 after inner-AUROC component tuning,TRUE,0.00162037037036999,-0.0111111111111113,FALSE,FALSE,FALSE,TRUE
TITAN,driver_mutation,BLCA,RHOB,0.540162037037037,0.491666666666667,0.0767883848939602,9,0.556018518518519,0.0738075995892697,0.602777777777778,0.875,0.330555555555556,0.0801526717557252,0.975409836065574,0.0625,0.0625,0.501388888888889,0.0416666666666667,0.961111111111111,0.0666666666666667,0.937669376693767,0.4875,0.125,0.85,0.0526315789473684,0.935779816513761,7,6,13,0,0.651133040935673,-8.69998765616605,Bailey_tissue_specific_driver,TCGA_MC3_Bailey2018,384,24,360,20260859,pooled inner out-of-fold AUROC,pooled inner out-of-fold balanced-accuracy optimum,outer out-of-fold AUROC,AUROC >= 0.60 after inner-AUROC component tuning,TRUE,0.0158564814814814,0.111111111111111,FALSE,TRUE,FALSE,TRUE
GigaSSL,driver_mutation,BLCA,RXRA,0.525121343303162,0.556277056277056,0.0867935320320361,8,0.561196379378198,0.0848129679619683,0.506690279417552,0.476190476190476,0.537190082644628,0.0561797752808989,0.946601941747573,0.0546875,0.0546875,0.557654466745376,0.142857142857143,0.972451790633609,0.230769230769231,0.951482479784367,0.555686737504919,0.238095238095238,0.873278236914601,0.0980392156862745,0.951951951951952,16,1,20,1,0.538306044067111,-8.62176267175995,Bailey_tissue_specific_driver,TCGA_MC3_Bailey2018,384,21,363,20260860,pooled inner out-of-fold AUROC,pooled inner out-of-fold balanced-accuracy optimum,outer out-of-fold AUROC,AUROC >= 0.60 after inner-AUROC component tuning,TRUE,0.0360750360750356,-0.049586776859504,FALSE,FALSE,FALSE,TRUE
ProvGigaPath,driver_mutation,BLCA,RXRA,0.516856880493244,0.50314836678473,0.102147574562359,11,0.518824609733701,0.103987632220884,0.471074380165289,0.666666666666667,0.275482093663912,0.0505415162454874,0.934579439252336,0.0546875,0.0546875,0.497638724911452,0.0476190476190476,0.947658402203857,0.05,0.945054945054945,0.474616292798111,0.0952380952380952,0.853994490358127,0.0363636363636364,0.942249240121581,17,1,17,0,0.525760649087221,-38.8642734246651,Bailey_tissue_specific_driver,TCGA_MC3_Bailey2018,384,21,363,20260860,pooled inner out-of-fold AUROC,pooled inner out-of-fold balanced-accuracy optimum,outer out-of-fold AUROC,AUROC >= 0.60 after inner-AUROC component tuning,TRUE,0.00196772924045663,-0.0320739866194407,FALSE,FALSE,FALSE,TRUE
TITAN,driver_mutation,BLCA,RXRA,0.509117145480782,0.510035419126328,0.0604394915244685,1,0.422668240850059,0.0460407765093113,0.39275875639512,0.523809523809524,0.261707988980716,0.039426523297491,0.904761904761905,0.0546875,0.0546875,0.483471074380165,0,0.966942148760331,0,0.943548387096774,0.402203856749311,0,0.804407713498623,0,0.932907348242811,5,1,20,2,0.457651101677785,-5.97478002528699,Bailey_tissue_specific_driver,TCGA_MC3_Bailey2018,384,21,363,20260860,pooled inner out-of-fold AUROC,pooled inner out-of-fold balanced-accuracy optimum,outer out-of-fold AUROC,AUROC >= 0.60 after inner-AUROC component tuning,TRUE,-0.086448904630723,-0.117276662731208,FALSE,FALSE,FALSE,TRUE
GigaSSL,driver_mutation,BLCA,SF3B1,0.517327975891512,0.482044198895028,0.0618512075245607,6,0.531140130587644,0.0699192665956775,0.527498744349573,0.590909090909091,0.464088397790055,0.0628019323671498,0.949152542372881,0.0572916666666667,0.0572916666666667,0.500627825213461,0.0454545454545455,0.955801104972376,0.0588235294117647,0.942779291553134,0.530763435459568,0.227272727272727,0.834254143646409,0.0769230769230769,0.946708463949843,5,3,12,0,0.6727969348659,-6.58193221953642,Bailey_tissue_specific_driver,TCGA_MC3_Bailey2018,384,22,362,20260861,pooled inner out-of-fold AUROC,pooled inner out-of-fold balanced-accuracy optimum,outer out-of-fold AUROC,AUROC >= 0.60 after inner-AUROC component tuning,TRUE,0.0138121546961324,0.0454545454545451,FALSE,FALSE,FALSE,TRUE
ProvGigaPath,driver_mutation,BLCA,SF3B1,0.504897036664992,0.486187845303867,0.0659890232371794,8,0.596308387744852,0.0860599164966597,0.590030135610246,0.818181818181818,0.361878453038674,0.072289156626506,0.97037037037037,0.0572916666666667,0.0572916666666667,0.50891511803114,0.0454545454545455,0.972375690607735,0.0909090909090909,0.943699731903485,0.53566047212456,0.181818181818182,0.889502762430939,0.0909090909090909,0.947058823529412,4,3,4,0,0.630164868715652,-8.11146143770095,Bailey_tissue_specific_driver,TCGA_MC3_Bailey2018,384,22,362,20260861,pooled inner out-of-fold AUROC,pooled inner out-of-fold balanced-accuracy optimum,outer out-of-fold AUROC,AUROC >= 0.60 after inner-AUROC component tuning,TRUE,0.0914113510798599,0.103842290306379,FALSE,FALSE,FALSE,TRUE
TITAN,driver_mutation,BLCA,SF3B1,0.47978402812657,0.479281767955801,0.0563728207387316,10,0.447262682069312,0.0543951381682567,0.394650929181316,0.272727272727273,0.516574585635359,0.0331491712707182,0.921182266009852,0.0572916666666667,0.0572916666666667,0.491712707182321,0,0.983425414364641,0,0.941798941798942,0.453540934203918,0.136363636363636,0.770718232044199,0.0348837209302326,0.936241610738255,2,2,5,0,0.577854671280277,-4.06749977229828,Bailey_tissue_specific_driver,TCGA_MC3_Bailey2018,384,22,362,20260861,pooled inner out-of-fold AUROC,pooled inner out-of-fold balanced-accuracy optimum,outer out-of-fold AUROC,AUROC >= 0.60 after inner-AUROC component tuning,TRUE,-0.0325213460572581,-0.0846308387744851,FALSE,FALSE,FALSE,TRUE
GigaSSL,driver_mutation,BLCA,SPTAN1,0.574565716158637,0.538053097345133,0.160649409454583,14,0.535299901671583,0.125075450635953,0.513667649950836,0.511111111111111,0.51622418879056,0.122994652406417,0.888324873096447,0.1171875,0.1171875,0.486725663716814,0,0.973451327433628,0,0.88,0.524385447394297,0.355555555555556,0.693215339233038,0.133333333333333,0.890151515151515,2,1,8,0,0.621463714637146,-2.56595396333853,Bailey_tissue_specific_driver,TCGA_MC3_Bailey2018,384,45,339,20260862,pooled inner out-of-fold AUROC,pooled inner out-of-fold balanced-accuracy optimum,outer out-of-fold AUROC,AUROC >= 0.60 after inner-AUROC component tuning,TRUE,-0.039265814487054,-0.0243854473942973,FALSE,FALSE,FALSE,TRUE
ProvGigaPath,driver_mutation,BLCA,SPTAN1,0.524811537200918,0.5031465093412,0.143055393307024,3,0.589577187807276,0.202781292897893,0.546902654867257,0.533333333333333,0.56047197640118,0.138728323699422,0.900473933649289,0.1171875,0.1171875,0.531170108161259,0.0888888888888889,0.973451327433628,0.307692307692308,0.889487870619946,0.547295968534907,0.377777777777778,0.716814159292035,0.150442477876106,0.896678966789668,2,2,2,0,0.572775727757278,-2.33264783370044,Bailey_tissue_specific_driver,TCGA_MC3_Bailey2018,384,45,339,20260862,pooled inner out-of-fold AUROC,pooled inner out-of-fold balanced-accuracy optimum,outer out-of-fold AUROC,AUROC >= 0.60 after inner-AUROC component tuning,TRUE,0.0647656506063583,0.0437561455260567,FALSE,FALSE,FALSE,TRUE
TITAN,driver_mutation,BLCA,SPTAN1,0.571878072763029,0.47944936086529,0.143078958357259,9,0.515568666011144,0.118171972693704,0.511897738446411,0.711111111111111,0.312684365781711,0.120754716981132,0.890756302521008,0.1171875,0.1171875,0.478761061946903,0.0666666666666667,0.890855457227139,0.075,0.877906976744186,0.478367748279253,0.222222222222222,0.734513274336283,0.1,0.876760563380282,9,4,16,0,0.640221402214022,-7.07982583169672,Bailey_tissue_specific_driver,TCGA_MC3_Bailey2018,384,45,339,20260862,pooled inner out-of-fold AUROC,pooled inner out-of-fold balanced-accuracy optimum,outer out-of-fold AUROC,AUROC >= 0.60 after inner-AUROC component tuning,TRUE,-0.0563094067518851,0.0324483775811211,FALSE,FALSE,FALSE,FALSE
GigaSSL,driver_mutation,BLCA,STAG2,0.62868380550647,0.571681012369606,0.278660637650686,5,0.636721199338768,0.285758609406261,0.571224990024511,0.39622641509434,0.746223564954683,0.2,0.885304659498208,0.138020833333333,0.138020833333333,0.568289346177963,0.169811320754717,0.966767371601209,0.45,0.879120879120879,0.580658952288662,0.415094339622642,0.746223564954683,0.207547169811321,0.888489208633094,5,1,6,0,0.629020664869722,-1.79270528803914,Bailey_tissue_specific_driver,TCGA_MC3_Bailey2018,384,53,331,20260863,pooled inner out-of-fold AUROC,pooled inner out-of-fold balanced-accuracy optimum,outer out-of-fold AUROC,AUROC >= 0.60 after inner-AUROC component tuning,TRUE,0.00803739383229762,-0.000456022345094787,FALSE,FALSE,TRUE,FALSE
ProvGigaPath,driver_mutation,BLCA,STAG2,0.566094738642194,0.548281365786924,0.195499072064917,4,0.640540386478938,0.278274425448544,0.639913355754432,0.509433962264151,0.770392749244713,0.262135922330097,0.907473309608541,0.138020833333333,0.138020833333333,0.549421421649661,0.132075471698113,0.966767371601209,0.388888888888889,0.87431693989071,0.633871059681924,0.509433962264151,0.758308157099698,0.252336448598131,0.906137184115524,1,1,1,0,0.639666520403686,-1.77371840733495,Bailey_tissue_specific_driver,TCGA_MC3_Bailey2018,384,53,331,20260863,pooled inner out-of-fold AUROC,pooled inner out-of-fold balanced-accuracy optimum,outer out-of-fold AUROC,AUROC >= 0.60 after inner-AUROC component tuning,TRUE,0.0744456478367436,0.091631989967508,FALSE,TRUE,TRUE,TRUE
TITAN,driver_mutation,BLCA,STAG2,0.475118280795759,0.498831442740694,0.134026970701417,4,0.481844610385909,0.135897658205287,0.497548879895115,0.490566037735849,0.504531722054381,0.136842105263158,0.860824742268041,0.138020833333333,0.138020833333333,0.481474092230519,0.0566037735849057,0.906344410876133,0.0882352941176471,0.857142857142857,0.478766459556518,0.226415094339623,0.731117824773414,0.118811881188119,0.855123674911661,5,3,11,0,0.602695417789757,-2.67012099970601,Bailey_tissue_specific_driver,TCGA_MC3_Bailey2018,384,53,331,20260863,pooled inner out-of-fold AUROC,pooled inner out-of-fold balanced-accuracy optimum,outer out-of-fold AUROC,AUROC >= 0.60 after inner-AUROC component tuning,TRUE,0.0067263295901499,-0.00128256284557915,FALSE,FALSE,FALSE,TRUE
GigaSSL,driver_mutation,BLCA,TP53,0.612576395490968,0.588564443840826,0.553279016558513,3,0.622436506858617,0.573593142337581,0.58064647562135,0.578378378378378,0.582914572864322,0.563157894736842,0.597938144329897,0.481770833333333,0.481770833333333,0.576232513920956,0.524324324324324,0.628140703517588,0.567251461988304,0.586854460093897,0.570025804699172,0.562162162162162,0.577889447236181,0.553191489361702,0.586734693877551,2,1,8,0,0.649243583205847,-0.00874995181139937,Bailey_tissue_specific_driver,TCGA_MC3_Bailey2018,384,185,199,20260864,pooled inner out-of-fold AUROC,pooled inner out-of-fold balanced-accuracy optimum,outer out-of-fold AUROC,AUROC >= 0.60 after inner-AUROC component tuning,TRUE,0.00986011136764942,-0.00791796821947599,FALSE,FALSE,TRUE,TRUE
ProvGigaPath,driver_mutation,BLCA,TP53,0.68260220019014,0.642849382045362,0.638087208393174,2,0.688034768436778,0.624598630305305,0.643229661822627,0.643243243243243,0.64321608040201,0.626315789473684,0.65979381443299,0.481770833333333,0.481770833333333,0.650387070487573,0.632432432432433,0.668341708542714,0.639344262295082,0.661691542288557,0.640717099008556,0.643243243243243,0.638190954773869,0.62303664921466,0.658031088082902,2,2,2,0,0.699558048614652,-0.0761148426901712,Bailey_tissue_specific_driver,TCGA_MC3_Bailey2018,384,185,199,20260864,pooled inner out-of-fold AUROC,pooled inner out-of-fold balanced-accuracy optimum,outer out-of-fold AUROC,AUROC >= 0.60 after inner-AUROC component tuning,TRUE,0.00543256824663851,0.000380279777264625,TRUE,TRUE,TRUE,FALSE
TITAN,driver_mutation,BLCA,TP53,0.683525736792069,0.649205486893929,0.619074988672464,3,0.704223821811762,0.648373952240732,0.665720494363711,0.854054054054054,0.477386934673367,0.603053435114504,0.778688524590164,0.481770833333333,0.481770833333333,0.646312644302594,0.65945945945946,0.633165829145729,0.625641025641026,0.666666666666667,0.657693874779302,0.697297297297297,0.618090452261307,0.629268292682927,0.687150837988827,2,1,3,0,0.718074324324324,-0.55090147319151,Bailey_tissue_specific_driver,TCGA_MC3_Bailey2018,384,185,199,20260864,pooled inner out-of-fold AUROC,pooled inner out-of-fold balanced-accuracy optimum,outer out-of-fold AUROC,AUROC >= 0.60 after inner-AUROC component tuning,TRUE,0.0206980850196925,0.0165150074697815,TRUE,TRUE,TRUE,TRUE
GigaSSL,driver_mutation,BLCA,TSC1,0.46672268907563,0.483697478991597,0.116688643334959,12,0.530672268907563,0.106028387876818,0.522100840336135,0.647058823529412,0.397142857142857,0.0944206008583691,0.920529801324503,0.0885416666666667,0.0885416666666667,0.504705882352941,0.0294117647058824,0.98,0.125,0.912234042553191,0.521932773109244,0.235294117647059,0.808571428571429,0.106666666666667,0.915857605177994,9,1,10,0,0.576984126984127,-4.50067167608475,Bailey_tissue_specific_driver,TCGA_MC3_Bailey2018,384,34,350,20260865,pooled inner out-of-fold AUROC,pooled inner out-of-fold balanced-accuracy optimum,outer out-of-fold AUROC,AUROC >= 0.60 after inner-AUROC component tuning,TRUE,0.063949579831933,0.0384033613445375,FALSE,FALSE,FALSE,TRUE
ProvGigaPath,driver_mutation,BLCA,TSC1,0.509495798319328,0.524537815126051,0.118793609373964,10,0.53,0.134223992870442,0.465126050420168,0.558823529411765,0.371428571428571,0.0794979079497908,0.896551724137931,0.0885416666666667,0.0885416666666667,0.537394957983193,0.117647058823529,0.957142857142857,0.210526315789474,0.917808219178082,0.528067226890756,0.264705882352941,0.791428571428572,0.109756097560976,0.917218543046358,3,1,15,0,0.57010582010582,-5.02086751597016,Bailey_tissue_specific_driver,TCGA_MC3_Bailey2018,384,34,350,20260865,pooled inner out-of-fold AUROC,pooled inner out-of-fold balanced-accuracy optimum,outer out-of-fold AUROC,AUROC >= 0.60 after inner-AUROC component tuning,TRUE,0.020504201680672,-0.0594117647058829,FALSE,FALSE,FALSE,TRUE
TITAN,driver_mutation,BLCA,TSC1,0.553109243697479,0.506974789915967,0.107586260097856,15,0.515378151260504,0.0985087739741308,0.482689075630252,0.588235294117647,0.377142857142857,0.0840336134453782,0.904109589041096,0.0885416666666667,0.0885416666666667,0.498991596638656,0.0294117647058824,0.968571428571429,0.0833333333333333,0.911290322580645,0.507478991596639,0.323529411764706,0.691428571428571,0.092436974789916,0.913207547169811,3,2,14,0,0.621560846560847,-3.9699832351841,Bailey_tissue_specific_driver,TCGA_MC3_Bailey2018,384,34,350,20260865,pooled inner out-of-fold AUROC,pooled inner out-of-fold balanced-accuracy optimum,outer out-of-fold AUROC,AUROC >= 0.60 after inner-AUROC component tuning,TRUE,-0.0377310924369748,-0.0242857142857149,FALSE,FALSE,FALSE,TRUE
GigaSSL,driver_mutation,BLCA,ZFP36L1,0.53849582172702,0.489359331476323,0.074267860663594,10,0.580724233983287,0.0801458947291822,0.503844011142061,0.64,0.367688022284123,0.065843621399177,0.936170212765957,0.0651041666666667,0.0651041666666667,0.519610027855153,0.12,0.919220055710306,0.09375,0.9375,0.521504178272981,0.16,0.883008356545961,0.0869565217391304,0.937869822485207,14,10,20,1,0.634375,-15.6908848557296,Bailey_tissue_specific_driver,TCGA_MC3_Bailey2018,384,25,359,20260866,pooled inner out-of-fold AUROC,pooled inner out-of-fold balanced-accuracy optimum,outer out-of-fold AUROC,AUROC >= 0.60 after inner-AUROC component tuning,TRUE,0.0422284122562668,0.0144846796657382,FALSE,FALSE,FALSE,TRUE
ProvGigaPath,driver_mutation,BLCA,ZFP36L1,0.431197771587744,0.462395543175488,0.0562335554656962,15,0.505403899721449,0.0843421049796238,0.507242339832869,0.8,0.214484679665738,0.0662251655629139,0.939024390243902,0.0651041666666667,0.0651041666666667,0.47125348189415,0.04,0.902506963788301,0.0277777777777778,0.931034482758621,0.457325905292479,0.04,0.874651810584958,0.0217391304347826,0.928994082840237,19,10,20,2,0.538501742160279,-48.5700103914162,Bailey_tissue_specific_driver,TCGA_MC3_Bailey2018,384,25,359,20260866,pooled inner out-of-fold AUROC,pooled inner out-of-fold balanced-accuracy optimum,outer out-of-fold AUROC,AUROC >= 0.60 after inner-AUROC component tuning,TRUE,0.0742061281337045,0.0448467966573812,FALSE,FALSE,FALSE,TRUE
TITAN,driver_mutation,BLCA,ZFP36L1,0.55966573816156,0.514930362116992,0.0936554042955805,13,0.526573816155989,0.0726627106709655,0.517938718662953,0.32,0.715877437325905,0.0727272727272727,0.937956204379562,0.0651041666666667,0.0651041666666667,0.477715877437326,0,0.955431754874652,0,0.932065217391304,0.508969359331476,0.16,0.857938718662953,0.0727272727272727,0.936170212765957,7,4,20,1,0.648606271777004,-5.21830999065885,Bailey_tissue_specific_driver,TCGA_MC3_Bailey2018,384,25,359,20260866,pooled inner out-of-fold AUROC,pooled inner out-of-fold balanced-accuracy optimum,outer out-of-fold AUROC,AUROC >= 0.60 after inner-AUROC component tuning,TRUE,-0.0330919220055711,0.00300835654596066,FALSE,FALSE,FALSE,TRUE
GigaSSL,driver_mutation,CESC,EP300,0.488235294117647,0.488914027149321,0.125961609166296,13,0.624132730015083,0.18585157231456,0.578280542986425,0.6,0.556561085972851,0.155172413793103,0.911111111111111,0.119521912350598,0.119521912350598,0.490950226244344,0,0.981900452488688,0,0.878542510121458,0.62948717948718,0.566666666666667,0.692307692307692,0.2,0.921686746987952,1,1,3,0,0.666902071563089,-2.15907125538378,Bailey_tissue_specific_driver,TCGA_MC3_Bailey2018,251,30,221,20260867,pooled inner out-of-fold AUROC,pooled inner out-of-fold balanced-accuracy optimum,outer out-of-fold AUROC,AUROC >= 0.60 after inner-AUROC component tuning,TRUE,0.135897435897436,0.0893665158371043,FALSE,FALSE,TRUE,TRUE
ProvGigaPath,driver_mutation,CESC,EP300,0.498039215686275,0.4736802413273,0.120358370657426,4,0.563046757164404,0.148367251594255,0.547435897435897,0.633333333333333,0.461538461538462,0.13768115942029,0.902654867256637,0.119521912350598,0.119521912350598,0.503092006033183,0.0333333333333333,0.972850678733032,0.142857142857143,0.881147540983607,0.54841628959276,0.4,0.69683257918552,0.151898734177215,0.895348837209302,1,1,19,0,0.644538606403013,-2.90575374835103,Bailey_tissue_specific_driver,TCGA_MC3_Bailey2018,251,30,221,20260867,pooled inner out-of-fold AUROC,pooled inner out-of-fold balanced-accuracy optimum,outer out-of-fold AUROC,AUROC >= 0.60 after inner-AUROC component tuning,TRUE,0.0650075414781292,0.0737556561085975,FALSE,FALSE,FALSE,TRUE
TITAN,driver_mutation,CESC,EP300,0.559577677224736,0.502488687782805,0.14881929673194,15,0.649321266968326,0.178979596853756,0.630165912518854,0.866666666666667,0.393665158371041,0.1625,0.956043956043956,0.119521912350598,0.119521912350598,0.518325791855204,0.1,0.936651583710407,0.176470588235294,0.884615384615385,0.564253393665158,0.4,0.728506787330317,0.166666666666667,0.899441340782123,3,2,9,0,0.689971751412429,-3.86189540591236,Bailey_tissue_specific_driver,TCGA_MC3_Bailey2018,251,30,221,20260867,pooled inner out-of-fold AUROC,pooled inner out-of-fold balanced-accuracy optimum,outer out-of-fold AUROC,AUROC >= 0.60 after inner-AUROC component tuning,TRUE,0.0897435897435899,0.127677224736049,FALSE,TRUE,TRUE,TRUE
GigaSSL,driver_mutation,CESC,FBXW7,0.49161230195713,0.487962100031066,0.112519703175731,5,0.531531531531532,0.126771120507167,0.524231127679404,0.724137931034483,0.324324324324324,0.12280701754386,0.9,0.115537848605578,0.115537848605578,0.483457595526561,0.0344827586206897,0.932432432432432,0.0625,0.880851063829787,0.529046287666977,0.310344827586207,0.747747747747748,0.138461538461538,0.89247311827957,5,3,5,0,0.550724637681159,-4.47167555457952,Bailey_tissue_specific_driver,TCGA_MC3_Bailey2018,251,29,222,20260868,pooled inner out-of-fold AUROC,pooled inner out-of-fold balanced-accuracy optimum,outer out-of-fold AUROC,AUROC >= 0.60 after inner-AUROC component tuning,TRUE,0.0399192295744015,0.0362690276483376,FALSE,FALSE,FALSE,FALSE
ProvGigaPath,driver_mutation,CESC,FBXW7,0.471885678782231,0.489437713575645,0.108781337440012,3,0.461789375582479,0.106380369527385,0.474681578129854,0.724137931034483,0.225225225225225,0.10880829015544,0.862068965517241,0.115537848605578,0.115537848605578,0.48493320907114,0.0689655172413793,0.900900900900901,0.0833333333333333,0.881057268722467,0.443616029822926,0.103448275862069,0.783783783783784,0.0588235294117647,0.87,8,2,19,0,0.569756554307116,-22.1930162144759,Bailey_tissue_specific_driver,TCGA_MC3_Bailey2018,251,29,222,20260868,pooled inner out-of-fold AUROC,pooled inner out-of-fold balanced-accuracy optimum,outer out-of-fold AUROC,AUROC >= 0.60 after inner-AUROC component tuning,TRUE,-0.010096303199752,-0.014756135445791,FALSE,FALSE,FALSE,TRUE
TITAN,driver_mutation,CESC,FBXW7,0.442218080149115,0.503650201926064,0.11716699491927,16,0.455576265921094,0.108759673191959,0.504815159987574,0.586206896551724,0.423423423423423,0.117241379310345,0.886792452830189,0.115537848605578,0.115537848605578,0.500698974836906,0.0689655172413793,0.932432432432432,0.117647058823529,0.884615384615385,0.445790618204411,0.206896551724138,0.684684684684685,0.0789473684210526,0.868571428571429,2,1,18,0,0.566199950872022,-4.66051376822574,Bailey_tissue_specific_driver,TCGA_MC3_Bailey2018,251,29,222,20260868,pooled inner out-of-fold AUROC,pooled inner out-of-fold balanced-accuracy optimum,outer out-of-fold AUROC,AUROC >= 0.60 after inner-AUROC component tuning,TRUE,0.0133581857719785,0.00116495806150974,FALSE,FALSE,FALSE,TRUE
GigaSSL,driver_mutation,CESC,KMT2C,0.440446391322486,0.479662077596996,0.186297372442,14,0.447017104714226,0.197184729478765,0.449676679182311,0.404255319148936,0.495098039215686,0.155737704918033,0.782945736434109,0.187250996015936,0.187250996015936,0.500938673341677,0.148936170212766,0.852941176470588,0.189189189189189,0.813084112149533,0.460992907801419,0.25531914893617,0.666666666666667,0.15,0.795321637426901,8,1,13,0,0.596383597029383,-3.3681352106159,Bailey_tissue_specific_driver,TCGA_MC3_Bailey2018,251,47,204,20260869,pooled inner out-of-fold AUROC,pooled inner out-of-fold balanced-accuracy optimum,outer out-of-fold AUROC,AUROC >= 0.60 after inner-AUROC component tuning,TRUE,0.00657071339174015,-0.0299853984146847,FALSE,FALSE,FALSE,TRUE
ProvGigaPath,driver_mutation,CESC,KMT2C,0.449415936587401,0.446912807676262,0.165751420204932,5,0.462765957446809,0.184736609735099,0.514445139758031,0.680851063829787,0.348039215686275,0.193939393939394,0.825581395348837,0.187250996015936,0.187250996015936,0.471474760116813,0.0851063829787234,0.857843137254902,0.121212121212121,0.802752293577982,0.461775135586149,0.212765957446809,0.71078431372549,0.144927536231884,0.796703296703297,12,1,19,0,0.599935421375525,-40.0983852162063,Bailey_tissue_specific_driver,TCGA_MC3_Bailey2018,251,47,204,20260869,pooled inner out-of-fold AUROC,pooled inner out-of-fold balanced-accuracy optimum,outer out-of-fold AUROC,AUROC >= 0.60 after inner-AUROC component tuning,TRUE,0.0133500208594075,0.0675323320817688,FALSE,FALSE,FALSE,TRUE
TITAN,driver_mutation,CESC,KMT2C,0.576241134751773,0.525500625782228,0.248288902117373,17,0.583541927409262,0.240501599153324,0.57566750104297,0.617021276595745,0.534313725490196,0.233870967741935,0.858267716535433,0.187250996015936,0.187250996015936,0.512411347517731,0.191489361702128,0.833333333333333,0.209302325581395,0.817307692307692,0.515748852732583,0.276595744680851,0.754901960784314,0.206349206349206,0.819148936170213,17,4,20,1,0.609849112916598,-11.7772468841854,Bailey_tissue_specific_driver,TCGA_MC3_Bailey2018,251,47,204,20260869,pooled inner out-of-fold AUROC,pooled inner out-of-fold balanced-accuracy optimum,outer out-of-fold AUROC,AUROC >= 0.60 after inner-AUROC component tuning,TRUE,0.00730079265748862,0.0501668752607424,FALSE,FALSE,FALSE,FALSE
GigaSSL,driver_mutation,CESC,KMT2D,0.371633308623672,0.483568075117371,0.117505836378215,1,0.333086236718557,0.10878970154661,0.423338275265629,0.710526315789474,0.136150234741784,0.127962085308057,0.725,0.151394422310757,0.151394422310757,0.453051643192488,0,0.906103286384976,0,0.835497835497836,0.36391153941191,0.131578947368421,0.596244131455399,0.054945054945055,0.79375,3,1,20,1,0.451235615921524,-5.00271618159502,Bailey_tissue_specific_driver,TCGA_MC3_Bailey2018,251,38,213,20260870,pooled inner out-of-fold AUROC,pooled inner out-of-fold balanced-accuracy optimum,outer out-of-fold AUROC,AUROC >= 0.60 after inner-AUROC component tuning,TRUE,-0.038547071905115,-0.0602297998517422,FALSE,FALSE,FALSE,TRUE
ProvGigaPath,driver_mutation,CESC,KMT2D,0.477761304670126,0.472819372374599,0.141875002555722,14,0.471583889300717,0.142747965186701,0.484371139115394,0.710526315789474,0.258215962441315,0.145945945945946,0.833333333333333,0.151394422310757,0.151394422310757,0.488324684951816,0.131578947368421,0.845070422535211,0.131578947368421,0.845070422535211,0.486965653570546,0.236842105263158,0.737089201877934,0.138461538461538,0.844086021505376,5,2,20,1,0.524117647058824,-5.12966362971098,Bailey_tissue_specific_driver,TCGA_MC3_Bailey2018,251,38,213,20260870,pooled inner out-of-fold AUROC,pooled inner out-of-fold balanced-accuracy optimum,outer out-of-fold AUROC,AUROC >= 0.60 after inner-AUROC component tuning,TRUE,-0.00617741536940941,0.0115517667407951,FALSE,FALSE,FALSE,TRUE
TITAN,driver_mutation,CESC,KMT2D,0.59142574746726,0.575240919199407,0.216313015500537,7,0.643068939955523,0.254572409013838,0.604027674820855,0.578947368421053,0.629107981220657,0.217821782178218,0.893333333333333,0.151394422310757,0.151394422310757,0.560662218927601,0.210526315789474,0.910798122065728,0.296296296296296,0.866071428571429,0.576723498888065,0.421052631578947,0.732394366197183,0.219178082191781,0.876404494382023,5,5,5,0,0.626674212412752,-2.18317222380182,Bailey_tissue_specific_driver,TCGA_MC3_Bailey2018,251,38,213,20260870,pooled inner out-of-fold AUROC,pooled inner out-of-fold balanced-accuracy optimum,outer out-of-fold AUROC,AUROC >= 0.60 after inner-AUROC component tuning,TRUE,0.0516431924882627,0.0287867556214479,FALSE,TRUE,TRUE,TRUE
GigaSSL,driver_mutation,CESC,PIK3CA,0.60828729281768,0.580268350434096,0.368496700427555,5,0.580426203630624,0.374471907275444,0.551578531965272,0.528571428571429,0.574585635359116,0.324561403508772,0.759124087591241,0.278884462151394,0.278884462151394,0.570836621941594,0.357142857142857,0.784530386740332,0.390625,0.759358288770054,0.550157853196527,0.442857142857143,0.657458563535912,0.333333333333333,0.753164556962025,6,5,12,0,0.673768472906404,-2.01539437474509,Bailey_tissue_specific_driver,TCGA_MC3_Bailey2018,251,70,181,20260871,pooled inner out-of-fold AUROC,pooled inner out-of-fold balanced-accuracy optimum,outer out-of-fold AUROC,AUROC >= 0.60 after inner-AUROC component tuning,TRUE,-0.0278610891870565,-0.0286898184688237,FALSE,FALSE,FALSE,TRUE
ProvGigaPath,driver_mutation,CESC,PIK3CA,0.547434885556433,0.525217048145225,0.308411432742158,6,0.536779794790845,0.303131333717905,0.523204419889503,0.4,0.646408839779006,0.304347826086957,0.735849056603774,0.278884462151394,0.278884462151394,0.5318863456985,0.257142857142857,0.806629834254144,0.339622641509434,0.737373737373737,0.519968429360695,0.371428571428571,0.668508287292818,0.302325581395349,0.733333333333333,6,1,7,0,0.56256157635468,-0.291214789358811,Bailey_tissue_specific_driver,TCGA_MC3_Bailey2018,251,70,181,20260871,pooled inner out-of-fold AUROC,pooled inner out-of-fold balanced-accuracy optimum,outer out-of-fold AUROC,AUROC >= 0.60 after inner-AUROC component tuning,TRUE,-0.0106550907655886,-0.00201262825572224,FALSE,FALSE,FALSE,FALSE
TITAN,driver_mutation,CESC,PIK3CA,0.585477505919495,0.554735595895817,0.351842605555392,14,0.537647987371744,0.315850798853355,0.55327545382794,0.714285714285714,0.392265193370166,0.3125,0.78021978021978,0.278884462151394,0.278884462151394,0.5318863456985,0.257142857142857,0.806629834254144,0.339622641509434,0.737373737373737,0.503196527229676,0.442857142857143,0.56353591160221,0.281818181818182,0.723404255319149,3,2,18,0,0.618551587301587,-1.84078643187672,Bailey_tissue_specific_driver,TCGA_MC3_Bailey2018,251,70,181,20260871,pooled inner out-of-fold AUROC,pooled inner out-of-fold balanced-accuracy optimum,outer out-of-fold AUROC,AUROC >= 0.60 after inner-AUROC component tuning,TRUE,-0.0478295185477507,-0.00146014206787692,FALSE,FALSE,FALSE,TRUE
GigaSSL,driver_mutation,CESC,TP53,0.545548654244306,0.495548654244306,0.111288570568642,6,0.566666666666667,0.115381969231139,0.537888198757764,0.571428571428571,0.504347826086957,0.0952380952380952,0.928,0.0836653386454183,0.0836653386454183,0.508592132505176,0.0476190476190476,0.969565217391304,0.125,0.917695473251029,0.566666666666667,0.333333333333333,0.8,0.132075471698113,0.929292929292929,1,1,12,0,0.619565217391304,-3.62632149198695,Bailey_tissue_specific_driver,TCGA_MC3_Bailey2018,251,21,230,20260872,pooled inner out-of-fold AUROC,pooled inner out-of-fold balanced-accuracy optimum,outer out-of-fold AUROC,AUROC >= 0.60 after inner-AUROC component tuning,TRUE,0.0211180124223607,0.042339544513458,FALSE,FALSE,FALSE,TRUE
ProvGigaPath,driver_mutation,CESC,TP53,0.627329192546584,0.562629399585921,0.162260180804891,8,0.527743271221532,0.101418799814677,0.51832298136646,0.571428571428571,0.465217391304348,0.0888888888888889,0.922413793103448,0.0836653386454183,0.0836653386454183,0.510662525879917,0.0952380952380952,0.926086956521739,0.105263157894737,0.918103448275862,0.519254658385093,0.142857142857143,0.895652173913044,0.111111111111111,0.919642857142857,6,3,15,0,0.675191815856778,-11.9891828069009,Bailey_tissue_specific_driver,TCGA_MC3_Bailey2018,251,21,230,20260872,pooled inner out-of-fold AUROC,pooled inner out-of-fold balanced-accuracy optimum,outer out-of-fold AUROC,AUROC >= 0.60 after inner-AUROC component tuning,TRUE,-0.099585921325052,-0.0443064182194614,FALSE,FALSE,FALSE,TRUE
TITAN,driver_mutation,CESC,TP53,0.750310559006211,0.662215320910973,0.34437779317578,13,0.714492753623189,0.296595093985906,0.629089026915114,0.619047619047619,0.639130434782609,0.135416666666667,0.948387096774194,0.0836653386454183,0.0836653386454183,0.644927536231884,0.333333333333333,0.956521739130435,0.411764705882353,0.94017094017094,0.649068322981366,0.428571428571429,0.869565217391304,0.230769230769231,0.943396226415094,13,1,20,1,0.714514066496164,-15.3147235112319,Bailey_tissue_specific_driver,TCGA_MC3_Bailey2018,251,21,230,20260872,pooled inner out-of-fold AUROC,pooled inner out-of-fold balanced-accuracy optimum,outer out-of-fold AUROC,AUROC >= 0.60 after inner-AUROC component tuning,TRUE,-0.0358178053830226,-0.0331262939958591,TRUE,TRUE,TRUE,FALSE
GigaSSL,driver_mutation,COAD,ACVR2A,0.639757287956734,0.504418942092072,0.100203382990525,5,0.730510486743174,0.194679241830209,0.639163698720485,0.619047619047619,0.659279778393352,0.0955882352941176,0.967479674796748,0.0549738219895288,0.0549738219895288,0.565888405223585,0.142857142857143,0.988919667590028,0.428571428571429,0.952,0.665215670755837,0.571428571428571,0.759002770083102,0.121212121212121,0.968197879858657,2,1,4,0,0.719316100142479,-3.48985280556763,Bailey_tissue_specific_driver,TCGA_MC3_Bailey2018,382,21,361,20260873,pooled inner out-of-fold AUROC,pooled inner out-of-fold balanced-accuracy optimum,outer out-of-fold AUROC,AUROC >= 0.60 after inner-AUROC component tuning,TRUE,0.0907531987864397,0.134744756628413,FALSE,TRUE,TRUE,TRUE
ProvGigaPath,driver_mutation,COAD,ACVR2A,0.622345337026778,0.530998549004089,0.15533006627037,4,0.653607703469199,0.100564180921682,0.608692784593062,0.619047619047619,0.598337950138504,0.0822784810126582,0.964285714285714,0.0549738219895288,0.0549738219895288,0.498614958448754,0,0.997229916897507,0,0.944881889763779,0.66547948819417,0.619047619047619,0.71191135734072,0.111111111111111,0.969811320754717,1,1,4,0,0.666395277834317,-3.29019082166205,Bailey_tissue_specific_driver,TCGA_MC3_Bailey2018,382,21,361,20260873,pooled inner out-of-fold AUROC,pooled inner out-of-fold balanced-accuracy optimum,outer out-of-fold AUROC,AUROC >= 0.60 after inner-AUROC component tuning,TRUE,0.0312623664424213,0.0776942355889726,FALSE,TRUE,TRUE,TRUE
TITAN,driver_mutation,COAD,ACVR2A,0.573671019654399,0.508574066745812,0.0787829251033417,4,0.605197203535154,0.0825946950240657,0.634151167392165,0.714285714285714,0.554016620498615,0.0852272727272727,0.970873786407767,0.0549738219895288,0.0549738219895288,0.493074792243767,0,0.986149584487535,0,0.944297082228117,0.602097348634745,0.428571428571429,0.775623268698061,0.1,0.958904109589041,3,1,9,0,0.711988601669041,-3.63523671133903,Bailey_tissue_specific_driver,TCGA_MC3_Bailey2018,382,21,361,20260873,pooled inner out-of-fold AUROC,pooled inner out-of-fold balanced-accuracy optimum,outer out-of-fold AUROC,AUROC >= 0.60 after inner-AUROC component tuning,TRUE,0.0315261838807547,0.125577100646353,FALSE,TRUE,TRUE,TRUE
GigaSSL,driver_mutation,COAD,AMER1,0.590599294947121,0.484528006267137,0.130384242727013,16,0.599686643164904,0.136303042690707,0.576067371719546,0.540540540540541,0.611594202898551,0.12987012987013,0.925438596491228,0.0968586387434555,0.0968586387434555,0.503838621229926,0.0540540540540541,0.953623188405797,0.111111111111111,0.903846153846154,0.595926361143753,0.432432432432432,0.759420289855073,0.161616161616162,0.925795053003534,4,1,14,0,0.715017491254373,-2.64450224231845,Bailey_tissue_specific_driver,TCGA_MC3_Bailey2018,382,37,345,20260874,pooled inner out-of-fold AUROC,pooled inner out-of-fold balanced-accuracy optimum,outer out-of-fold AUROC,AUROC >= 0.60 after inner-AUROC component tuning,TRUE,0.00908734821778301,0.0915393654524087,FALSE,FALSE,FALSE,TRUE
ProvGigaPath,driver_mutation,COAD,AMER1,0.521112416764591,0.484528006267137,0.105403816984951,9,0.660869565217391,0.171900934186075,0.582804543674109,0.594594594594595,0.571014492753623,0.129411764705882,0.929245283018868,0.0968586387434555,0.0968586387434555,0.5,0,1,,0.903141361256545,0.629573051312182,0.783783783783784,0.47536231884058,0.138095238095238,0.953488372093023,1,1,1,0,0.673288355822089,-2.17873861702192,Bailey_tissue_specific_driver,TCGA_MC3_Bailey2018,382,37,345,20260874,pooled inner out-of-fold AUROC,pooled inner out-of-fold balanced-accuracy optimum,outer out-of-fold AUROC,AUROC >= 0.60 after inner-AUROC component tuning,TRUE,0.1397571484528,0.098276537406972,FALSE,FALSE,TRUE,TRUE
TITAN,driver_mutation,COAD,AMER1,0.593262828045437,0.47536231884058,0.115240815516581,4,0.632197414806111,0.149669198200191,0.554328241284763,0.540540540540541,0.568115942028986,0.118343195266272,0.92018779342723,0.0968586387434555,0.0968586387434555,0.492753623188406,0,0.985507246376812,0,0.90185676392573,0.579945162553858,0.513513513513514,0.646376811594203,0.134751773049645,0.925311203319502,3,1,3,0,0.657367149758454,-2.22003533273477,Bailey_tissue_specific_driver,TCGA_MC3_Bailey2018,382,37,345,20260874,pooled inner out-of-fold AUROC,pooled inner out-of-fold balanced-accuracy optimum,outer out-of-fold AUROC,AUROC >= 0.60 after inner-AUROC component tuning,TRUE,0.0389345867606735,0.078965922444183,FALSE,FALSE,TRUE,TRUE
GigaSSL,driver_mutation,COAD,APC,0.799923195084485,0.75493745885451,0.741659031979216,6,0.794574281325433,0.729963484006842,0.743361860873382,0.846938775510204,0.639784946236559,0.71244635193133,0.798657718120805,0.513089005235602,0.513089005235602,0.754526003949967,0.831632653061224,0.67741935483871,0.730941704035875,0.792452830188679,0.759902348035989,0.831632653061224,0.688172043010753,0.737556561085973,0.795031055900621,6,3,9,0,0.839610139785406,-0.529565195316662,Bailey_tissue_specific_driver,TCGA_MC3_Bailey2018,382,196,186,20260875,pooled inner out-of-fold AUROC,pooled inner out-of-fold balanced-accuracy optimum,outer out-of-fold AUROC,AUROC >= 0.60 after inner-AUROC component tuning,TRUE,-0.00534891375905156,-0.0115755979811284,TRUE,TRUE,TRUE,FALSE
ProvGigaPath,driver_mutation,COAD,APC,0.812349133201668,0.772657450076805,0.758202310604363,2,0.841644722405091,0.796257689892338,0.767829712530173,0.836734693877551,0.698924731182796,0.745454545454546,0.802469135802469,0.513089005235602,0.513089005235602,0.777759490893132,0.86734693877551,0.688172043010753,0.745614035087719,0.831168831168831,0.775208470484968,0.862244897959184,0.688172043010753,0.744493392070485,0.825806451612903,3,2,4,0,0.855127602274185,-0.0984065367841371,Bailey_tissue_specific_driver,TCGA_MC3_Bailey2018,382,196,186,20260875,pooled inner out-of-fold AUROC,pooled inner out-of-fold balanced-accuracy optimum,outer out-of-fold AUROC,AUROC >= 0.60 after inner-AUROC component tuning,TRUE,0.029295589203423,-0.00482773754663157,TRUE,TRUE,TRUE,TRUE
TITAN,driver_mutation,COAD,APC,0.839642308536318,0.780447662936142,0.813900373232763,2,0.852918586789555,0.82541116982414,0.78272438007461,0.88265306122449,0.682795698924731,0.745689655172414,0.846666666666667,0.513089005235602,0.513089005235602,0.796439543559359,0.872448979591837,0.720430107526882,0.766816143497758,0.842767295597484,0.79912771560237,0.872448979591837,0.725806451612903,0.77027027027027,0.84375,2,2,2,0,0.861326037703586,-0.310050251048835,Bailey_tissue_specific_driver,TCGA_MC3_Bailey2018,382,196,186,20260875,pooled inner out-of-fold AUROC,pooled inner out-of-fold balanced-accuracy optimum,outer out-of-fold AUROC,AUROC >= 0.60 after inner-AUROC component tuning,TRUE,0.0132762782532365,0.00227671713846844,TRUE,TRUE,TRUE,FALSE
GigaSSL,driver_mutation,COAD,ARID1A,0.623140635564571,0.543356997971602,0.179161268963419,8,0.578177822853279,0.139691258062039,0.576487491548344,0.529411764705882,0.623563218390805,0.120805369127517,0.931330472103004,0.0890052356020942,0.0890052356020942,0.55341446923597,0.147058823529412,0.959770114942529,0.263157894736842,0.920110192837465,0.588066260987153,0.411764705882353,0.764367816091954,0.145833333333333,0.93006993006993,3,1,7,0,0.71047391477499,-3.27513673095621,Bailey_tissue_specific_driver,TCGA_MC3_Bailey2018,382,34,348,20260876,pooled inner out-of-fold AUROC,pooled inner out-of-fold balanced-accuracy optimum,outer out-of-fold AUROC,AUROC >= 0.60 after inner-AUROC component tuning,TRUE,-0.0449628127112918,0.0331304935767416,FALSE,FALSE,FALSE,TRUE
ProvGigaPath,driver_mutation,COAD,ARID1A,0.598208248816768,0.536173089925625,0.136570720063887,19,0.603870858688303,0.128413776754232,0.521636240703178,0.382352941176471,0.660919540229885,0.099236641221374,0.916334661354582,0.0890052356020942,0.0890052356020942,0.501774847870183,0.0294117647058824,0.974137931034483,0.1,0.911290322580645,0.568965517241379,0.5,0.637931034482759,0.118881118881119,0.928870292887029,1,1,3,0,0.653077537969624,-2.30448665758961,Bailey_tissue_specific_driver,TCGA_MC3_Bailey2018,382,34,348,20260876,pooled inner out-of-fold AUROC,pooled inner out-of-fold balanced-accuracy optimum,outer out-of-fold AUROC,AUROC >= 0.60 after inner-AUROC component tuning,TRUE,0.00566260987153489,-0.0145368492224471,FALSE,FALSE,TRUE,TRUE
TITAN,driver_mutation,COAD,ARID1A,0.623056118999324,0.57420554428668,0.164804931885626,8,0.716615956727519,0.224182931896164,0.6618492224476,0.705882352941177,0.617816091954023,0.152866242038217,0.955555555555556,0.0890052356020942,0.0890052356020942,0.573867478025693,0.176470588235294,0.971264367816092,0.375,0.923497267759563,0.637592968221772,0.470588235294118,0.804597701149425,0.19047619047619,0.939597315436242,3,2,4,0,0.693978150812683,-3.10503943305593,Bailey_tissue_specific_driver,TCGA_MC3_Bailey2018,382,34,348,20260876,pooled inner out-of-fold AUROC,pooled inner out-of-fold balanced-accuracy optimum,outer out-of-fold AUROC,AUROC >= 0.60 after inner-AUROC component tuning,TRUE,0.0935598377281945,0.0876436781609198,FALSE,TRUE,TRUE,TRUE
GigaSSL,driver_mutation,COAD,BRAF,0.702662721893491,0.571207638515331,0.252288337075769,5,0.740048413125336,0.275243525151223,0.691500806885422,0.681818181818182,0.701183431952663,0.229007633587786,0.944223107569721,0.115183246073298,0.115183246073298,0.545992469069392,0.136363636363636,0.955621301775148,0.285714285714286,0.894736842105263,0.714160839160839,0.659090909090909,0.769230769230769,0.271028037383178,0.945454545454546,3,2,3,0,0.737354497354497,-2.31762275988354,Bailey_tissue_specific_driver,TCGA_MC3_Bailey2018,382,44,338,20260877,pooled inner out-of-fold AUROC,pooled inner out-of-fold balanced-accuracy optimum,outer out-of-fold AUROC,AUROC >= 0.60 after inner-AUROC component tuning,TRUE,0.0373856912318452,0.120293168370091,FALSE,TRUE,TRUE,TRUE
ProvGigaPath,driver_mutation,COAD,BRAF,0.705957504034427,0.626546530392684,0.303860698692701,5,0.746839698762776,0.340308761180651,0.707235072619688,0.636363636363636,0.77810650887574,0.271844660194175,0.942652329749104,0.115183246073298,0.115183246073298,0.621570736955352,0.272727272727273,0.970414201183432,0.545454545454545,0.911111111111111,0.742267348036579,0.659090909090909,0.825443786982249,0.329545454545455,0.948979591836735,3,2,4,0,0.772380952380952,-2.23644043332206,Bailey_tissue_specific_driver,TCGA_MC3_Bailey2018,382,44,338,20260877,pooled inner out-of-fold AUROC,pooled inner out-of-fold balanced-accuracy optimum,outer out-of-fold AUROC,AUROC >= 0.60 after inner-AUROC component tuning,TRUE,0.0408821947283486,0.080688542227004,TRUE,TRUE,TRUE,TRUE
TITAN,driver_mutation,COAD,BRAF,0.702326519634212,0.571207638515331,0.240367156310096,9,0.837816030123723,0.40220725388412,0.78778913394298,0.818181818181818,0.757396449704142,0.305084745762712,0.96969696969697,0.115183246073298,0.115183246073298,0.601331360946746,0.25,0.952662721893491,0.407407407407407,0.907042253521127,0.751143087681549,0.659090909090909,0.843195266272189,0.353658536585366,0.95,3,3,7,0,0.803703703703704,-2.56492666594664,Bailey_tissue_specific_driver,TCGA_MC3_Bailey2018,382,44,338,20260877,pooled inner out-of-fold AUROC,pooled inner out-of-fold balanced-accuracy optimum,outer out-of-fold AUROC,AUROC >= 0.60 after inner-AUROC component tuning,TRUE,0.13548951048951,0.216581495427649,FALSE,TRUE,TRUE,TRUE
GigaSSL,driver_mutation,COAD,CTNNB1,0.58554280437937,0.563382139559425,0.089089678451604,5,0.702018203403245,0.115039584766797,0.635536208943411,0.714285714285714,0.556786703601108,0.0857142857142857,0.971014492753623,0.0549738219895288,0.0549738219895288,0.5,0,1,,0.945026178010471,0.563580002638174,0.476190476190476,0.650969529085873,0.0735294117647059,0.955284552845528,1,1,1,0,0.679014858538571,-3.14160515443107,Bailey_tissue_specific_driver,TCGA_MC3_Bailey2018,382,21,361,20260878,pooled inner out-of-fold AUROC,pooled inner out-of-fold balanced-accuracy optimum,outer out-of-fold AUROC,AUROC >= 0.60 after inner-AUROC component tuning,TRUE,0.116475399023875,0.0721540693839862,FALSE,TRUE,TRUE,TRUE
ProvGigaPath,driver_mutation,COAD,CTNNB1,0.479092468012136,0.52684342435035,0.0725932336089252,11,0.542144835773645,0.0697734716569203,0.547157367101965,0.761904761904762,0.332409972299169,0.0622568093385214,0.96,0.0549738219895288,0.0549738219895288,0.493074792243767,0,0.986149584487535,0,0.944297082228117,0.597084817306424,0.523809523809524,0.670360110803324,0.0846153846153846,0.96031746031746,1,1,6,0,0.607164665174028,-3.65016974666891,Bailey_tissue_specific_driver,TCGA_MC3_Bailey2018,382,21,361,20260878,pooled inner out-of-fold AUROC,pooled inner out-of-fold balanced-accuracy optimum,outer out-of-fold AUROC,AUROC >= 0.60 after inner-AUROC component tuning,TRUE,0.0630523677615086,0.0203139427516154,FALSE,FALSE,FALSE,TRUE
TITAN,driver_mutation,COAD,CTNNB1,0.616673262102625,0.550652948159873,0.107197726084601,5,0.740139823242316,0.129459951140245,0.697269489513257,0.857142857142857,0.537396121883656,0.0972972972972973,0.984771573604061,0.0549738219895288,0.0549738219895288,0.498614958448754,0,0.997229916897507,0,0.944881889763779,0.661060546102097,0.571428571428571,0.750692520775623,0.117647058823529,0.967857142857143,1,1,1,0,0.729289639731325,-3.40466224922435,Bailey_tissue_specific_driver,TCGA_MC3_Bailey2018,382,21,361,20260878,pooled inner out-of-fold AUROC,pooled inner out-of-fold balanced-accuracy optimum,outer out-of-fold AUROC,AUROC >= 0.60 after inner-AUROC component tuning,TRUE,0.123466561139691,0.146616541353384,FALSE,TRUE,TRUE,TRUE
GigaSSL,driver_mutation,COAD,FBXW7,0.555258283597448,0.519791452287851,0.137304394519234,5,0.617822597242231,0.171997872132312,0.589764697811621,0.627906976744186,0.551622418879056,0.150837988826816,0.921182266009852,0.112565445026178,0.112565445026178,0.504081772655553,0.0465116279069768,0.96165191740413,0.133333333333333,0.888283378746594,0.597996844343829,0.511627906976744,0.684365781710914,0.170542635658915,0.91699604743083,1,1,9,0,0.671478185370089,-2.27934142675567,Bailey_tissue_specific_driver,TCGA_MC3_Bailey2018,382,43,339,20260879,pooled inner out-of-fold AUROC,pooled inner out-of-fold balanced-accuracy optimum,outer out-of-fold AUROC,AUROC >= 0.60 after inner-AUROC component tuning,TRUE,0.0625643136447829,0.0699732455237702,FALSE,FALSE,TRUE,TRUE
ProvGigaPath,driver_mutation,COAD,FBXW7,0.541126432050491,0.554503670165329,0.148055338500822,7,0.536941757563285,0.13523986313195,0.568944227207244,0.651162790697675,0.486725663716814,0.138613861386139,0.916666666666667,0.112565445026178,0.112565445026178,0.513891747273102,0.116279069767442,0.911504424778761,0.142857142857143,0.890489913544669,0.526754476229677,0.372093023255814,0.68141592920354,0.129032258064516,0.895348837209302,4,1,13,0,0.661029411764706,-3.10307263072489,Bailey_tissue_specific_driver,TCGA_MC3_Bailey2018,382,43,339,20260879,pooled inner out-of-fold AUROC,pooled inner out-of-fold balanced-accuracy optimum,outer out-of-fold AUROC,AUROC >= 0.60 after inner-AUROC component tuning,TRUE,-0.00418467448720639,0.0144405570419153,FALSE,FALSE,FALSE,TRUE
TITAN,driver_mutation,COAD,FBXW7,0.56006036907457,0.476229676888249,0.145578242549005,7,0.644096864924196,0.193480146383085,0.587843863620773,0.488372093023256,0.687315634218289,0.165354330708661,0.913725490196078,0.112565445026178,0.112565445026178,0.533237291623791,0.0930232558139535,0.973451327433628,0.307692307692308,0.894308943089431,0.588358372779036,0.418604651162791,0.75811209439528,0.18,0.911347517730496,3,1,3,0,0.666491596638655,-2.40316555132327,Bailey_tissue_specific_driver,TCGA_MC3_Bailey2018,382,43,339,20260879,pooled inner out-of-fold AUROC,pooled inner out-of-fold balanced-accuracy optimum,outer out-of-fold AUROC,AUROC >= 0.60 after inner-AUROC component tuning,TRUE,0.0840364958496256,0.111614186732523,FALSE,FALSE,TRUE,TRUE
GigaSSL,driver_mutation,COAD,KRAS,0.646453373015873,0.61492435515873,0.45889129031699,7,0.693142361111111,0.456903091228252,0.650483630952381,0.761904761904762,0.5390625,0.448598130841121,0.821428571428571,0.329842931937173,0.329842931937173,0.588789682539683,0.365079365079365,0.8125,0.48936170212766,0.722222222222222,0.623852926587302,0.603174603174603,0.64453125,0.455089820359281,0.767441860465116,2,1,3,0,0.73706834098044,-1.16804366560401,Bailey_tissue_specific_driver,TCGA_MC3_Bailey2018,382,126,256,20260880,pooled inner out-of-fold AUROC,pooled inner out-of-fold balanced-accuracy optimum,outer out-of-fold AUROC,AUROC >= 0.60 after inner-AUROC component tuning,TRUE,0.0466889880952381,0.0355592757936509,TRUE,TRUE,TRUE,TRUE
ProvGigaPath,driver_mutation,COAD,KRAS,0.730127728174603,0.65460689484127,0.513124448270039,6,0.740358382936508,0.52594619141797,0.681981646825397,0.793650793650794,0.5703125,0.476190476190476,0.848837209302326,0.329842931937173,0.329842931937173,0.670417906746032,0.563492063492063,0.77734375,0.5546875,0.783464566929134,0.671161954365079,0.658730158730159,0.68359375,0.50609756097561,0.802752293577982,3,3,4,0,0.750301859454238,-1.33205230684627,Bailey_tissue_specific_driver,TCGA_MC3_Bailey2018,382,126,256,20260880,pooled inner out-of-fold AUROC,pooled inner out-of-fold balanced-accuracy optimum,outer out-of-fold AUROC,AUROC >= 0.60 after inner-AUROC component tuning,TRUE,0.0102306547619049,0.0273747519841268,TRUE,TRUE,TRUE,TRUE
TITAN,driver_mutation,COAD,KRAS,0.724640376984127,0.664620535714286,0.515374592411019,6,0.770337301587302,0.565467756909821,0.685267857142857,0.714285714285714,0.65625,0.50561797752809,0.823529411764706,0.329842931937173,0.329842931937173,0.678230406746032,0.563492063492063,0.79296875,0.57258064516129,0.786821705426357,0.698877728174603,0.706349206349206,0.69140625,0.529761904761905,0.827102803738318,3,3,4,0,0.795,-0.691505634600266,Bailey_tissue_specific_driver,TCGA_MC3_Bailey2018,382,126,256,20260880,pooled inner out-of-fold AUROC,pooled inner out-of-fold balanced-accuracy optimum,outer out-of-fold AUROC,AUROC >= 0.60 after inner-AUROC component tuning,TRUE,0.0456969246031747,0.0206473214285712,TRUE,TRUE,TRUE,TRUE
GigaSSL,driver_mutation,COAD,PIK3CA,0.650360639883951,0.562638513921908,0.305382893393436,7,0.698069871459081,0.350772007469111,0.655115445057823,0.795180722891566,0.51505016722408,0.312796208530806,0.900584795321637,0.217277486910995,0.217277486910995,0.530140629407261,0.120481927710843,0.939799331103679,0.357142857142857,0.793785310734463,0.63331587218439,0.614457831325301,0.652173913043478,0.329032258064516,0.859030837004405,3,1,3,0,0.705676637731843,-1.74001978618282,Bailey_tissue_specific_driver,TCGA_MC3_Bailey2018,382,83,299,20260881,pooled inner out-of-fold AUROC,pooled inner out-of-fold balanced-accuracy optimum,outer out-of-fold AUROC,AUROC >= 0.60 after inner-AUROC component tuning,TRUE,0.0477092315751295,0.0924769311359153,FALSE,TRUE,TRUE,TRUE
ProvGigaPath,driver_mutation,COAD,PIK3CA,0.612805738002176,0.561651287423943,0.317264446702088,12,0.607325623564492,0.308399363841971,0.625700124914373,0.843373493975904,0.408026755852843,0.283400809716599,0.903703703703704,0.217277486910995,0.217277486910995,0.538199621227385,0.216867469879518,0.859531772575251,0.3,0.798136645962733,0.583471007776927,0.578313253012048,0.588628762541806,0.280701754385965,0.834123222748815,3,1,12,0,0.658995815899582,-2.09285574940635,Bailey_tissue_specific_driver,TCGA_MC3_Bailey2018,382,83,299,20260881,pooled inner out-of-fold AUROC,pooled inner out-of-fold balanced-accuracy optimum,outer out-of-fold AUROC,AUROC >= 0.60 after inner-AUROC component tuning,TRUE,-0.00548011443768393,0.0640488374904302,FALSE,TRUE,TRUE,TRUE
TITAN,driver_mutation,COAD,PIK3CA,0.539549502357255,0.516117983640247,0.264617587925431,8,0.571664584760447,0.249140894464311,0.587520651166539,0.686746987951807,0.488294314381271,0.271428571428571,0.848837209302326,0.217277486910995,0.217277486910995,0.507373977515413,0.0481927710843374,0.966555183946488,0.285714285714286,0.785326086956522,0.546661562638514,0.518072289156627,0.575250836120401,0.252941176470588,0.811320754716981,3,1,5,0,0.665969316596932,-1.80368748649603,Bailey_tissue_specific_driver,TCGA_MC3_Bailey2018,382,83,299,20260881,pooled inner out-of-fold AUROC,pooled inner out-of-fold balanced-accuracy optimum,outer out-of-fold AUROC,AUROC >= 0.60 after inner-AUROC component tuning,TRUE,0.0321150824031915,0.0714026675262921,FALSE,FALSE,FALSE,TRUE
GigaSSL,driver_mutation,COAD,SMAD4,0.646836865767502,0.52898201669878,0.155174227392272,8,0.695809248554913,0.181899699037052,0.648121387283237,0.75,0.546242774566474,0.146739130434783,0.954545454545455,0.0942408376963351,0.0942408376963351,0.488439306358382,0,0.976878612716763,0,0.903743315508021,0.642260757867694,0.611111111111111,0.673410404624278,0.162962962962963,0.94331983805668,1,1,5,0,0.689281712934147,-2.6460940472353,Bailey_tissue_specific_driver,TCGA_MC3_Bailey2018,382,36,346,20260882,pooled inner out-of-fold AUROC,pooled inner out-of-fold balanced-accuracy optimum,outer out-of-fold AUROC,AUROC >= 0.60 after inner-AUROC component tuning,TRUE,0.0489723827874113,0.119139370584457,FALSE,TRUE,TRUE,TRUE
ProvGigaPath,driver_mutation,COAD,SMAD4,0.613921001926782,0.523763648041105,0.148822271125805,9,0.70640655105973,0.178206935681771,0.607658959537572,0.75,0.465317919075145,0.127358490566038,0.947058823529412,0.0942408376963351,0.0942408376963351,0.5,0,1,,0.905759162303665,0.596660244059088,0.722222222222222,0.471098265895954,0.124401913875598,0.942196531791908,1,1,1,0,0.665878252209635,-2.70700169990972,Bailey_tissue_specific_driver,TCGA_MC3_Bailey2018,382,36,346,20260882,pooled inner out-of-fold AUROC,pooled inner out-of-fold balanced-accuracy optimum,outer out-of-fold AUROC,AUROC >= 0.60 after inner-AUROC component tuning,TRUE,0.0924855491329483,0.0838953114964673,FALSE,TRUE,TRUE,TRUE
TITAN,driver_mutation,COAD,SMAD4,0.651011560693642,0.536207450224791,0.158440856523074,7,0.682321772639692,0.236726663103656,0.64820166987797,0.888888888888889,0.407514450867052,0.135021097046414,0.972413793103448,0.0942408376963351,0.0942408376963351,0.512443802183687,0.0277777777777778,0.997109826589595,0.5,0.907894736842105,0.624357739242132,0.638888888888889,0.609826589595376,0.145569620253165,0.941964285714286,1,1,3,0,0.677953442051537,-2.82393501047634,Bailey_tissue_specific_driver,TCGA_MC3_Bailey2018,382,36,346,20260882,pooled inner out-of-fold AUROC,pooled inner out-of-fold balanced-accuracy optimum,outer out-of-fold AUROC,AUROC >= 0.60 after inner-AUROC component tuning,TRUE,0.0313102119460498,0.111994219653179,FALSE,TRUE,TRUE,TRUE
GigaSSL,driver_mutation,COAD,SOX9,0.654621848739496,0.528781512605042,0.182274043268871,11,0.640686274509804,0.176905115652387,0.643627450980392,0.666666666666667,0.620588235294118,0.178343949044586,0.937777777777778,0.109947643979058,0.109947643979058,0.556862745098039,0.166666666666667,0.947058823529412,0.28,0.901960784313725,0.600910364145658,0.404761904761905,0.797058823529412,0.197674418604651,0.915540540540541,8,3,15,0,0.686202422145329,-4.70809294149212,Bailey_tissue_specific_driver,TCGA_MC3_Bailey2018,382,42,340,20260883,pooled inner out-of-fold AUROC,pooled inner out-of-fold balanced-accuracy optimum,outer out-of-fold AUROC,AUROC >= 0.60 after inner-AUROC component tuning,TRUE,-0.0139355742296921,0.11484593837535,FALSE,TRUE,TRUE,TRUE
ProvGigaPath,driver_mutation,COAD,SOX9,0.587885154061625,0.542436974789916,0.165691307409864,15,0.602801120448179,0.200631707161951,0.563655462184874,0.571428571428571,0.555882352941176,0.137142857142857,0.91304347826087,0.109947643979058,0.109947643979058,0.567577030812325,0.238095238095238,0.897058823529412,0.222222222222222,0.905044510385757,0.554621848739496,0.285714285714286,0.823529411764706,0.166666666666667,0.903225806451613,10,5,13,0,0.686634948096886,-11.0958270852339,Bailey_tissue_specific_driver,TCGA_MC3_Bailey2018,382,42,340,20260883,pooled inner out-of-fold AUROC,pooled inner out-of-fold balanced-accuracy optimum,outer out-of-fold AUROC,AUROC >= 0.60 after inner-AUROC component tuning,TRUE,0.0149159663865542,0.0212184873949579,FALSE,FALSE,TRUE,TRUE
TITAN,driver_mutation,COAD,SOX9,0.504901960784314,0.485574229691877,0.110623687632474,13,0.676960784313726,0.187624091067643,0.624649859943978,0.690476190476191,0.558823529411765,0.162011173184358,0.935960591133005,0.109947643979058,0.109947643979058,0.495588235294118,0,0.991176470588235,0,0.889182058047494,0.636414565826331,0.690476190476191,0.582352941176471,0.169590643274854,0.938388625592417,1,1,3,0,0.725778546712803,-2.07206584445195,Bailey_tissue_specific_driver,TCGA_MC3_Bailey2018,382,42,340,20260883,pooled inner out-of-fold AUROC,pooled inner out-of-fold balanced-accuracy optimum,outer out-of-fold AUROC,AUROC >= 0.60 after inner-AUROC component tuning,TRUE,0.172058823529411,0.139075630252101,FALSE,TRUE,TRUE,TRUE
GigaSSL,driver_mutation,COAD,TCF7L2,0.5675,0.502589285714286,0.10513938425966,15,0.528125,0.0936215129668344,0.563482142857143,0.78125,0.345714285714286,0.0984251968503937,0.9453125,0.0837696335078534,0.0837696335078534,0.492857142857143,0,0.985714285714286,0,0.915119363395226,0.544464285714286,0.4375,0.651428571428571,0.102941176470588,0.926829268292683,1,1,17,0,0.551373626373627,-3.02457828389098,Bailey_tissue_specific_driver,TCGA_MC3_Bailey2018,382,32,350,20260884,pooled inner out-of-fold AUROC,pooled inner out-of-fold balanced-accuracy optimum,outer out-of-fold AUROC,AUROC >= 0.60 after inner-AUROC component tuning,TRUE,-0.0393750000000001,0.0608928571428569,FALSE,FALSE,FALSE,TRUE
ProvGigaPath,driver_mutation,COAD,TCF7L2,0.565535714285714,0.566607142857143,0.18394732780764,18,0.53625,0.0990820313552452,0.528303571428571,0.59375,0.462857142857143,0.0917874396135266,0.925714285714286,0.0837696335078534,0.0837696335078534,0.495714285714286,0,0.991428571428571,0,0.9155672823219,0.521339285714286,0.53125,0.511428571428572,0.0904255319148936,0.922680412371134,1,1,9,0,0.603983516483516,-2.32476489794378,Bailey_tissue_specific_driver,TCGA_MC3_Bailey2018,382,32,350,20260884,pooled inner out-of-fold AUROC,pooled inner out-of-fold balanced-accuracy optimum,outer out-of-fold AUROC,AUROC >= 0.60 after inner-AUROC component tuning,TRUE,-0.029285714285714,-0.0383035714285716,FALSE,FALSE,FALSE,TRUE
TITAN,driver_mutation,COAD,TCF7L2,0.524107142857143,0.5125,0.115836605113212,14,0.599464285714286,0.110377460382095,0.538392857142857,0.5625,0.514285714285714,0.0957446808510638,0.927835051546392,0.0837696335078534,0.0837696335078534,0.5,0,1,,0.916230366492147,0.54125,0.5625,0.52,0.0967741935483871,0.928571428571429,1,1,1,0,0.607005494505494,-2.39689437317178,Bailey_tissue_specific_driver,TCGA_MC3_Bailey2018,382,32,350,20260884,pooled inner out-of-fold AUROC,pooled inner out-of-fold balanced-accuracy optimum,outer out-of-fold AUROC,AUROC >= 0.60 after inner-AUROC component tuning,TRUE,0.0753571428571427,0.0258928571428572,FALSE,FALSE,FALSE,TRUE
GigaSSL,driver_mutation,COAD,TP53,0.790225120148394,0.714341924060594,0.694645077512463,5,0.786149911469605,0.672606986379184,0.711770326859841,0.726708074534162,0.69683257918552,0.635869565217391,0.777777777777778,0.421465968586387,0.421465968586387,0.71234647705236,0.714285714285714,0.710407239819005,0.642458100558659,0.773399014778325,0.71598605997583,0.75776397515528,0.67420814479638,0.628865979381443,0.792553191489362,4,3,7,0,0.810668768887137,-0.0918339418242584,Bailey_tissue_specific_driver,TCGA_MC3_Bailey2018,382,161,221,20260885,pooled inner out-of-fold AUROC,pooled inner out-of-fold balanced-accuracy optimum,outer out-of-fold AUROC,AUROC >= 0.60 after inner-AUROC component tuning,TRUE,-0.00407520867878941,-0.00257159720075306,TRUE,TRUE,TRUE,TRUE
ProvGigaPath,driver_mutation,COAD,TP53,0.778505382085945,0.743093223911638,0.688564464271657,4,0.787049267867682,0.694688194996648,0.728633259323796,0.850931677018634,0.606334841628959,0.611607142857143,0.848101265822785,0.421465968586387,0.421465968586387,0.731247013855709,0.770186335403727,0.692307692307692,0.645833333333333,0.805263157894737,0.728942413085636,0.819875776397516,0.638009049773756,0.622641509433962,0.829411764705882,3,1,5,0,0.813121359435904,-0.669185258910766,Bailey_tissue_specific_driver,TCGA_MC3_Bailey2018,382,161,221,20260885,pooled inner out-of-fold AUROC,pooled inner out-of-fold balanced-accuracy optimum,outer out-of-fold AUROC,AUROC >= 0.60 after inner-AUROC component tuning,TRUE,0.00854388578173715,-0.0144599645878416,TRUE,TRUE,TRUE,TRUE
TITAN,driver_mutation,COAD,TP53,0.858098423315815,0.782707062758214,0.780399133361463,3,0.866024001573874,0.82149223967646,0.785236502627807,0.801242236024845,0.769230769230769,0.716666666666667,0.841584158415842,0.421465968586387,0.421465968586387,0.794019279952784,0.782608695652174,0.805429864253394,0.745562130177515,0.835680751173709,0.801031449369045,0.850931677018634,0.751131221719457,0.713541666666667,0.873684210526316,2,2,2,0,0.866552796391188,-0.314831265833158,Bailey_tissue_specific_driver,TCGA_MC3_Bailey2018,382,161,221,20260885,pooled inner out-of-fold AUROC,pooled inner out-of-fold balanced-accuracy optimum,outer out-of-fold AUROC,AUROC >= 0.60 after inner-AUROC component tuning,TRUE,0.00792557825805873,0.00252943986959298,TRUE,TRUE,TRUE,TRUE
GigaSSL,driver_mutation,GBM,EGFR,0.620875,0.56,0.268282435573548,19,0.598625,0.262823627507052,0.585,0.5,0.67,0.232558139534884,0.87012987012987,0.166666666666667,0.166666666666667,0.535,0.225,0.845,0.225,0.845,0.55,0.375,0.725,0.214285714285714,0.852941176470588,6,3,18,0,0.6609375,-1.98150409808866,Bailey_tissue_specific_driver,TCGA_MC3_Bailey2018,240,40,200,20260886,pooled inner out-of-fold AUROC,pooled inner out-of-fold balanced-accuracy optimum,outer out-of-fold AUROC,AUROC >= 0.60 after inner-AUROC component tuning,TRUE,-0.02225,0.0249999999999999,FALSE,FALSE,FALSE,TRUE
ProvGigaPath,driver_mutation,GBM,EGFR,0.61425,0.555,0.285249356616481,12,0.5885,0.258854498566648,0.5325,0.45,0.615,0.189473684210526,0.848275862068966,0.166666666666667,0.166666666666667,0.54,0.225,0.855,0.236842105263158,0.846534653465347,0.585,0.4,0.77,0.258064516129032,0.865168539325843,10,2,12,0,0.64296875,-5.11517482192089,Bailey_tissue_specific_driver,TCGA_MC3_Bailey2018,240,40,200,20260886,pooled inner out-of-fold AUROC,pooled inner out-of-fold balanced-accuracy optimum,outer out-of-fold AUROC,AUROC >= 0.60 after inner-AUROC component tuning,TRUE,-0.0257499999999999,-0.0225000000000001,FALSE,FALSE,FALSE,TRUE
TITAN,driver_mutation,GBM,EGFR,0.551375,0.5225,0.212443342402398,14,0.58225,0.217262625303492,0.565,0.575,0.555,0.205357142857143,0.8671875,0.166666666666667,0.166666666666667,0.5025,0.1,0.905,0.173913043478261,0.834101382488479,0.56,0.425,0.695,0.217948717948718,0.858024691358025,5,1,12,0,0.65859375,-2.85906462423051,Bailey_tissue_specific_driver,TCGA_MC3_Bailey2018,240,40,200,20260886,pooled inner out-of-fold AUROC,pooled inner out-of-fold balanced-accuracy optimum,outer out-of-fold AUROC,AUROC >= 0.60 after inner-AUROC component tuning,TRUE,0.0308750000000001,0.0425,FALSE,FALSE,FALSE,TRUE
GigaSSL,driver_mutation,GBM,PIK3CA,0.422226855713094,0.499582985821518,0.0809943127999407,8,0.473311092577148,0.100383924652521,0.51417848206839,0.409090909090909,0.619266055045872,0.0978260869565217,0.912162162162162,0.0916666666666667,0.0916666666666667,0.488532110091743,0,0.977064220183486,0,0.906382978723404,0.483110925771476,0.181818181818182,0.784403669724771,0.0784313725490196,0.904761904761905,3,1,5,0,0.638607167004733,-3.02259650315672,Bailey_tissue_specific_driver,TCGA_MC3_Bailey2018,240,22,218,20260887,pooled inner out-of-fold AUROC,pooled inner out-of-fold balanced-accuracy optimum,outer out-of-fold AUROC,AUROC >= 0.60 after inner-AUROC component tuning,TRUE,0.0510842368640536,0.0145954962468723,FALSE,FALSE,FALSE,TRUE
ProvGigaPath,driver_mutation,GBM,PIK3CA,0.452251876563803,0.456422018348624,0.0844133322380355,2,0.583819849874896,0.129006936283115,0.61884904086739,0.590909090909091,0.646788990825688,0.144444444444444,0.94,0.0916666666666667,0.0916666666666667,0.490825688073395,0,0.981651376146789,0,0.906779661016949,0.589658048373645,0.454545454545455,0.724770642201835,0.142857142857143,0.929411764705882,1,1,2,0,0.661257606490872,-2.61765837177965,Bailey_tissue_specific_driver,TCGA_MC3_Bailey2018,240,22,218,20260887,pooled inner out-of-fold AUROC,pooled inner out-of-fold balanced-accuracy optimum,outer out-of-fold AUROC,AUROC >= 0.60 after inner-AUROC component tuning,TRUE,0.131567973311093,0.162427022518765,FALSE,TRUE,FALSE,TRUE
TITAN,driver_mutation,GBM,PIK3CA,0.543577981651376,0.526897414512094,0.114754092873916,19,0.520850708924104,0.122642374642962,0.498123436196831,0.409090909090909,0.587155963302752,0.0909090909090909,0.907801418439716,0.0916666666666667,0.0916666666666667,0.545037531276063,0.181818181818182,0.908256880733945,0.166666666666667,0.916666666666667,0.532944120100083,0.318181818181818,0.747706422018349,0.112903225806452,0.915730337078652,8,1,20,2,0.632183908045977,-3.70236253925497,Bailey_tissue_specific_driver,TCGA_MC3_Bailey2018,240,22,218,20260887,pooled inner out-of-fold AUROC,pooled inner out-of-fold balanced-accuracy optimum,outer out-of-fold AUROC,AUROC >= 0.60 after inner-AUROC component tuning,TRUE,-0.0227272727272726,-0.0287739783152633,FALSE,FALSE,FALSE,TRUE
GigaSSL,driver_mutation,GBM,PTEN,0.499545959035415,0.50060538795278,0.229192013813375,3,0.597921501362123,0.272763000559086,0.579658964786601,0.528301886792453,0.631016042780749,0.288659793814433,0.825174825174825,0.220833333333333,0.220833333333333,0.5,0,1,,0.779166666666667,0.579507617798406,0.490566037735849,0.668449197860963,0.295454545454545,0.822368421052632,1,1,1,0,0.596995845317993,-1.37069422503193,Bailey_tissue_specific_driver,TCGA_MC3_Bailey2018,240,53,187,20260888,pooled inner out-of-fold AUROC,pooled inner out-of-fold balanced-accuracy optimum,outer out-of-fold AUROC,AUROC >= 0.60 after inner-AUROC component tuning,TRUE,0.0983755423267079,0.0790535768338208,FALSE,FALSE,FALSE,TRUE
ProvGigaPath,driver_mutation,GBM,PTEN,0.518817475532237,0.492886691554838,0.232453659567495,13,0.549288669155484,0.245125670583798,0.548178791242054,0.679245283018868,0.417112299465241,0.248275862068966,0.821052631578947,0.220833333333333,0.220833333333333,0.492281303602058,0.0754716981132076,0.909090909090909,0.19047619047619,0.776255707762557,0.531076581576027,0.415094339622642,0.647058823529412,0.25,0.796052631578947,2,1,5,0,0.627836369447108,-2.20937473629536,Bailey_tissue_specific_driver,TCGA_MC3_Bailey2018,240,53,187,20260888,pooled inner out-of-fold AUROC,pooled inner out-of-fold balanced-accuracy optimum,outer out-of-fold AUROC,AUROC >= 0.60 after inner-AUROC component tuning,TRUE,0.0304711936232468,0.0552920996872163,FALSE,FALSE,FALSE,TRUE
TITAN,driver_mutation,GBM,PTEN,0.569972757542125,0.542730299667037,0.265739724524885,19,0.708606598728685,0.402534980874161,0.619765916658259,0.528301886792453,0.711229946524064,0.341463414634146,0.841772151898734,0.220833333333333,0.220833333333333,0.513520330945414,0.0377358490566038,0.989304812834225,0.5,0.783898305084746,0.623045101402482,0.679245283018868,0.566844919786096,0.307692307692308,0.861788617886179,1,1,1,0,0.685891472868217,-0.776303634479285,Bailey_tissue_specific_driver,TCGA_MC3_Bailey2018,240,53,187,20260888,pooled inner out-of-fold AUROC,pooled inner out-of-fold balanced-accuracy optimum,outer out-of-fold AUROC,AUROC >= 0.60 after inner-AUROC component tuning,TRUE,0.13863384118656,0.0770356169912215,FALSE,TRUE,TRUE,TRUE
GigaSSL,driver_mutation,GBM,TP53,0.682283142389525,0.625818330605565,0.423009424456294,7,0.669803600654665,0.345836578425734,0.644026186579378,0.692307692307692,0.595744680851064,0.321428571428571,0.875,0.216666666666667,0.216666666666667,0.587356792144026,0.307692307692308,0.867021276595745,0.390243902439024,0.819095477386935,0.618657937806874,0.519230769230769,0.718085106382979,0.3375,0.84375,4,2,7,0,0.711746031746032,-2.68512230947045,Bailey_tissue_specific_driver,TCGA_MC3_Bailey2018,240,52,188,20260889,pooled inner out-of-fold AUROC,pooled inner out-of-fold balanced-accuracy optimum,outer out-of-fold AUROC,AUROC >= 0.60 after inner-AUROC component tuning,TRUE,-0.0124795417348605,0.018207855973813,TRUE,TRUE,TRUE,TRUE
ProvGigaPath,driver_mutation,GBM,TP53,0.657528641571195,0.617839607201309,0.376850433490817,7,0.651288870703764,0.332495948328381,0.552986906710311,0.653846153846154,0.452127659574468,0.248175182481752,0.825242718446602,0.216666666666667,0.216666666666667,0.551554828150573,0.230769230769231,0.872340425531915,0.333333333333333,0.803921568627451,0.608428805237316,0.461538461538462,0.75531914893617,0.342857142857143,0.835294117647059,3,3,5,0,0.681646168401135,-2.84135043206578,Bailey_tissue_specific_driver,TCGA_MC3_Bailey2018,240,52,188,20260889,pooled inner out-of-fold AUROC,pooled inner out-of-fold balanced-accuracy optimum,outer out-of-fold AUROC,AUROC >= 0.60 after inner-AUROC component tuning,TRUE,-0.00623977086743066,-0.064852700490998,TRUE,FALSE,TRUE,TRUE
TITAN,driver_mutation,GBM,TP53,0.777209492635025,0.64607201309329,0.460479071001423,3,0.783756137479542,0.483411612300107,0.669599018003273,0.711538461538462,0.627659574468085,0.345794392523364,0.887218045112782,0.216666666666667,0.216666666666667,0.648117839607201,0.365384615384615,0.930851063829787,0.59375,0.841346153846154,0.702945990180033,0.634615384615385,0.771276595744681,0.434210526315789,0.884146341463415,2,1,2,0,0.773174603174603,-1.74314332496744,Bailey_tissue_specific_driver,TCGA_MC3_Bailey2018,240,52,188,20260889,pooled inner out-of-fold AUROC,pooled inner out-of-fold balanced-accuracy optimum,outer out-of-fold AUROC,AUROC >= 0.60 after inner-AUROC component tuning,TRUE,0.00654664484451673,0.0235270049099834,TRUE,TRUE,TRUE,TRUE
GigaSSL,driver_mutation,HNSC,AJUBA,0.504785537043602,0.48014888337469,0.0714329671633072,5,0.627880184331797,0.104494049423323,0.586715703651188,0.535714285714286,0.637717121588089,0.093167701863354,0.951851851851852,0.0649651972157773,0.0649651972157773,0.496277915632754,0,0.992555831265509,0,0.934579439252336,0.585475008862106,0.535714285714286,0.635235732009926,0.0925925925925926,0.951672862453531,1,1,4,0,0.603613777526821,-2.70176041739221,Bailey_tissue_specific_driver,TCGA_MC3_Bailey2018,431,28,403,20260890,pooled inner out-of-fold AUROC,pooled inner out-of-fold balanced-accuracy optimum,outer out-of-fold AUROC,AUROC >= 0.60 after inner-AUROC component tuning,TRUE,0.123094647288195,0.106566820276497,FALSE,FALSE,TRUE,TRUE
ProvGigaPath,driver_mutation,HNSC,AJUBA,0.519496632399858,0.490074441687345,0.0815637567689829,3,0.566997518610422,0.078601195199561,0.587912087912088,0.714285714285714,0.461538461538462,0.0843881856540084,0.958762886597938,0.0649651972157773,0.0649651972157773,0.490074441687345,0,0.98014888337469,0,0.933806146572104,0.552773839064162,0.321428571428571,0.784119106699752,0.09375,0.943283582089552,4,1,6,0,0.600225861095426,-5.61264324425567,Bailey_tissue_specific_driver,TCGA_MC3_Bailey2018,431,28,403,20260890,pooled inner out-of-fold AUROC,pooled inner out-of-fold balanced-accuracy optimum,outer out-of-fold AUROC,AUROC >= 0.60 after inner-AUROC component tuning,TRUE,0.0475008862105638,0.0978376462247429,FALSE,FALSE,FALSE,TRUE
TITAN,driver_mutation,HNSC,AJUBA,0.517103863878057,0.48014888337469,0.0749763745943067,5,0.631690889755406,0.0927030760484141,0.603332151719249,0.571428571428571,0.635235732009926,0.098159509202454,0.955223880597015,0.0649651972157773,0.0649651972157773,0.5,0,1,,0.935034802784223,0.599122651542006,0.535714285714286,0.662531017369727,0.0993377483443709,0.953571428571429,1,1,1,0,0.625070581592321,-2.82657357127801,Bailey_tissue_specific_driver,TCGA_MC3_Bailey2018,431,28,403,20260890,pooled inner out-of-fold AUROC,pooled inner out-of-fold balanced-accuracy optimum,outer out-of-fold AUROC,AUROC >= 0.60 after inner-AUROC component tuning,TRUE,0.114587025877349,0.123183268344558,FALSE,TRUE,TRUE,TRUE
GigaSSL,driver_mutation,HNSC,CASP8,0.67542109929078,0.551252216312057,0.219589121613468,11,0.642121010638298,0.2032297141089,0.617769281914894,0.680851063829787,0.5546875,0.157635467980296,0.93421052631579,0.109048723897912,0.109048723897912,0.520639406028369,0.106382978723404,0.934895833333333,0.166666666666667,0.895261845386534,0.597960992907801,0.404255319148936,0.791666666666667,0.191919191919192,0.91566265060241,5,2,8,0,0.690382307560432,-3.88697827433953,Bailey_tissue_specific_driver,TCGA_MC3_Bailey2018,431,47,384,20260891,pooled inner out-of-fold AUROC,pooled inner out-of-fold balanced-accuracy optimum,outer out-of-fold AUROC,AUROC >= 0.60 after inner-AUROC component tuning,TRUE,-0.0333000886524821,0.0665170656028367,FALSE,TRUE,TRUE,TRUE
ProvGigaPath,driver_mutation,HNSC,CASP8,0.701850620567376,0.628102836879433,0.275865882424406,16,0.695090868794326,0.272561745765816,0.640569592198582,0.74468085106383,0.536458333333333,0.164319248826291,0.944954128440367,0.109048723897912,0.109048723897912,0.582945478723404,0.212765957446809,0.953125,0.357142857142857,0.90818858560794,0.618129432624114,0.340425531914894,0.895833333333333,0.285714285714286,0.917333333333333,8,4,17,0,0.743551368958535,-8.2253998121682,Bailey_tissue_specific_driver,TCGA_MC3_Bailey2018,431,47,384,20260891,pooled inner out-of-fold AUROC,pooled inner out-of-fold balanced-accuracy optimum,outer out-of-fold AUROC,AUROC >= 0.60 after inner-AUROC component tuning,TRUE,-0.00675975177304977,0.0124667553191485,TRUE,TRUE,TRUE,TRUE
TITAN,driver_mutation,HNSC,CASP8,0.713818705673759,0.599013741134752,0.307578058342861,6,0.717752659574468,0.266324567249931,0.686114804964539,0.617021276595745,0.755208333333333,0.235772357723577,0.941558441558442,0.109048723897912,0.109048723897912,0.57208554964539,0.170212765957447,0.973958333333333,0.444444444444444,0.905569007263922,0.651374113475177,0.531914893617021,0.770833333333333,0.221238938053097,0.930817610062893,3,1,4,0,0.738556488942225,-2.68733735550735,Bailey_tissue_specific_driver,TCGA_MC3_Bailey2018,431,47,384,20260891,pooled inner out-of-fold AUROC,pooled inner out-of-fold balanced-accuracy optimum,outer out-of-fold AUROC,AUROC >= 0.60 after inner-AUROC component tuning,TRUE,0.00393395390070905,0.087101063829787,FALSE,TRUE,TRUE,TRUE
GigaSSL,driver_mutation,HNSC,CDKN2A,0.502789534436322,0.517089906374246,0.233810319035391,13,0.545241759651148,0.2453826191541,0.548560343721944,0.554347826086957,0.542772861356932,0.247572815533981,0.817777777777778,0.213457076566125,0.213457076566125,0.502100166730794,0.0543478260869565,0.949852507374631,0.227272727272727,0.787286063569682,0.547005258432731,0.521739130434783,0.572271386430678,0.248704663212435,0.815126050420168,1,1,14,0,0.620128393064753,-1.38469370379802,Bailey_tissue_specific_driver,TCGA_MC3_Bailey2018,431,92,339,20260892,pooled inner out-of-fold AUROC,pooled inner out-of-fold balanced-accuracy optimum,outer out-of-fold AUROC,AUROC >= 0.60 after inner-AUROC component tuning,TRUE,0.0424522252148258,0.0314704373476984,FALSE,FALSE,FALSE,TRUE
ProvGigaPath,driver_mutation,HNSC,CDKN2A,0.510388611004232,0.489370911889188,0.215376608860013,2,0.556399897396435,0.238277317573956,0.526741054251635,0.478260869565217,0.575221238938053,0.234042553191489,0.802469135802469,0.213457076566125,0.213457076566125,0.502100166730794,0.0543478260869565,0.949852507374631,0.227272727272727,0.787286063569682,0.529610747723483,0.445652173913043,0.613569321533923,0.238372093023256,0.803088803088803,2,1,3,0,0.587463847611449,-1.47050553842636,Bailey_tissue_specific_driver,TCGA_MC3_Bailey2018,431,92,339,20260892,pooled inner out-of-fold AUROC,pooled inner out-of-fold balanced-accuracy optimum,outer out-of-fold AUROC,AUROC >= 0.60 after inner-AUROC component tuning,TRUE,0.0460112863922024,0.0373701423624473,FALSE,FALSE,FALSE,FALSE
TITAN,driver_mutation,HNSC,CDKN2A,0.491086315249455,0.475631653199949,0.203927238317121,6,0.56909708862383,0.238627093314901,0.560215467487495,0.695652173913044,0.424778761061947,0.247104247104247,0.837209302325582,0.213457076566125,0.213457076566125,0.495575221238938,0,0.991150442477876,0,0.785046728971963,0.54506540977299,0.532608695652174,0.557522123893805,0.246231155778895,0.814655172413793,1,1,3,0,0.59808517004089,-1.63908206024857,Bailey_tissue_specific_driver,TCGA_MC3_Bailey2018,431,92,339,20260892,pooled inner out-of-fold AUROC,pooled inner out-of-fold balanced-accuracy optimum,outer out-of-fold AUROC,AUROC >= 0.60 after inner-AUROC component tuning,TRUE,0.0780107733743747,0.0845838142875462,FALSE,FALSE,FALSE,TRUE
GigaSSL,driver_mutation,HNSC,EP300,0.525519534497091,0.55045719035744,0.121462742695846,12,0.583624272651704,0.164731146918946,0.532252701579385,0.533333333333333,0.531172069825436,0.0784313725490196,0.938325991189427,0.0696055684454756,0.0696055684454756,0.564630091438072,0.166666666666667,0.962593516209476,0.25,0.939172749391727,0.606816292601829,0.333333333333333,0.880299251870324,0.172413793103448,0.946380697050938,9,8,10,0,0.592679127725857,-7.25429510493178,Bailey_tissue_specific_driver,TCGA_MC3_Bailey2018,431,30,401,20260893,pooled inner out-of-fold AUROC,pooled inner out-of-fold balanced-accuracy optimum,outer out-of-fold AUROC,AUROC >= 0.60 after inner-AUROC component tuning,TRUE,0.058104738154613,-0.0182044887780551,FALSE,FALSE,FALSE,TRUE
ProvGigaPath,driver_mutation,HNSC,EP300,0.531005818786368,0.514630091438072,0.129265076017524,6,0.531172069825436,0.108271495233379,0.450623441396509,0.4,0.501246882793017,0.0566037735849057,0.917808219178082,0.0696055684454756,0.0696055684454756,0.519617622610141,0.0666666666666667,0.972568578553616,0.153846153846154,0.933014354066986,0.567248545303408,0.266666666666667,0.86783042394015,0.131147540983607,0.940540540540541,6,1,19,0,0.532191069574247,-7.31691974521608,Bailey_tissue_specific_driver,TCGA_MC3_Bailey2018,431,30,401,20260893,pooled inner out-of-fold AUROC,pooled inner out-of-fold balanced-accuracy optimum,outer out-of-fold AUROC,AUROC >= 0.60 after inner-AUROC component tuning,TRUE,0.000166251039068421,-0.0640066500415633,FALSE,FALSE,FALSE,FALSE
TITAN,driver_mutation,HNSC,EP300,0.59833748960931,0.549210307564422,0.148124301074731,4,0.502826267664173,0.0818088981347571,0.525353283458022,0.666666666666667,0.384039900249377,0.0749063670411985,0.939024390243902,0.0696055684454756,0.0696055684454756,0.508395677472984,0.0666666666666667,0.950124688279302,0.0909090909090909,0.931540342298289,0.48187863674148,0.133333333333333,0.830423940149626,0.0555555555555556,0.927576601671309,5,2,14,0,0.589174454828661,-6.41585627580025,Bailey_tissue_specific_driver,TCGA_MC3_Bailey2018,431,30,401,20260893,pooled inner out-of-fold AUROC,pooled inner out-of-fold balanced-accuracy optimum,outer out-of-fold AUROC,AUROC >= 0.60 after inner-AUROC component tuning,TRUE,-0.0955112219451371,-0.0238570241064005,FALSE,FALSE,FALSE,TRUE
GigaSSL,driver_mutation,HNSC,EPHA2,0.507139812446718,0.505807757885763,0.0747341179135128,14,0.482949701619778,0.0652921398667937,0.488224637681159,0.434782608695652,0.541666666666667,0.050761421319797,0.944444444444444,0.0533642691415313,0.0533642691415313,0.503356777493606,0.0434782608695652,0.963235294117647,0.0625,0.946987951807229,0.525682011935209,0.173913043478261,0.877450980392157,0.0740740740740741,0.949602122015915,7,3,15,0,0.621760824078545,-9.32822424419493,Bailey_tissue_specific_driver,TCGA_MC3_Bailey2018,431,23,408,20260894,pooled inner out-of-fold AUROC,pooled inner out-of-fold balanced-accuracy optimum,outer out-of-fold AUROC,AUROC >= 0.60 after inner-AUROC component tuning,TRUE,-0.0241901108269397,-0.0175831202046036,FALSE,FALSE,FALSE,TRUE
ProvGigaPath,driver_mutation,HNSC,EPHA2,0.557864450127877,0.531223358908781,0.0896083696376414,8,0.50500852514919,0.0665998942567993,0.546089087809037,0.565217391304348,0.526960784313726,0.0631067961165049,0.955555555555556,0.0533642691415313,0.0533642691415313,0.505807757885763,0.0434782608695652,0.968137254901961,0.0714285714285714,0.947242206235012,0.545289855072464,0.173913043478261,0.916666666666667,0.105263157894737,0.951653944020356,4,3,20,1,0.647920927062031,-8.05321449842565,Bailey_tissue_specific_driver,TCGA_MC3_Bailey2018,431,23,408,20260894,pooled inner out-of-fold AUROC,pooled inner out-of-fold balanced-accuracy optimum,outer out-of-fold AUROC,AUROC >= 0.60 after inner-AUROC component tuning,TRUE,-0.0528559249786869,0.0148657289002556,FALSE,FALSE,FALSE,TRUE
TITAN,driver_mutation,HNSC,EPHA2,0.380328218243819,0.475490196078431,0.0443838036166923,9,0.438618925831202,0.0645985979196522,0.428228900255754,0.260869565217391,0.595588235294118,0.0350877192982456,0.934615384615385,0.0533642691415313,0.0533642691415313,0.513160699062234,0.0434782608695652,0.982843137254902,0.125,0.947990543735225,0.523817135549872,0.260869565217391,0.786764705882353,0.0645161290322581,0.949704142011834,3,2,16,0,0.4313224267212,-3.29721277277842,Bailey_tissue_specific_driver,TCGA_MC3_Bailey2018,431,23,408,20260894,pooled inner out-of-fold AUROC,pooled inner out-of-fold balanced-accuracy optimum,outer out-of-fold AUROC,AUROC >= 0.60 after inner-AUROC component tuning,TRUE,0.058290707587383,-0.0472612958226766,FALSE,FALSE,FALSE,TRUE
GigaSSL,driver_mutation,HNSC,FAT1,0.566977611940299,0.498989427860697,0.260401228494671,6,0.560820895522388,0.254668917364004,0.499922263681592,0.552083333333333,0.447761194029851,0.222689075630252,0.77720207253886,0.222737819025522,0.222737819025522,0.490858208955224,0.125,0.856716417910448,0.2,0.773584905660377,0.562764303482587,0.447916666666667,0.677611940298507,0.28476821192053,0.810714285714286,6,5,9,0,0.603847644892421,-2.48981280400491,Bailey_tissue_specific_driver,TCGA_MC3_Bailey2018,431,96,335,20260895,pooled inner out-of-fold AUROC,pooled inner out-of-fold balanced-accuracy optimum,outer out-of-fold AUROC,AUROC >= 0.60 after inner-AUROC component tuning,TRUE,-0.00615671641791105,0.000932835820895095,FALSE,FALSE,FALSE,FALSE
ProvGigaPath,driver_mutation,HNSC,FAT1,0.488215174129353,0.480379353233831,0.210026002853652,9,0.493687810945274,0.219289144396629,0.527176616915423,0.791666666666667,0.262686567164179,0.235294117647059,0.814814814814815,0.222737819025522,0.222737819025522,0.483457711442786,0.0833333333333333,0.883582089552239,0.170212765957447,0.770833333333333,0.474922263681592,0.302083333333333,0.647761194029851,0.197278911564626,0.764084507042254,2,1,14,0,0.520375098193244,-2.27715416174104,Bailey_tissue_specific_driver,TCGA_MC3_Bailey2018,431,96,335,20260895,pooled inner out-of-fold AUROC,pooled inner out-of-fold balanced-accuracy optimum,outer out-of-fold AUROC,AUROC >= 0.60 after inner-AUROC component tuning,TRUE,0.00547263681592064,0.0467972636815918,FALSE,FALSE,FALSE,TRUE
TITAN,driver_mutation,HNSC,FAT1,0.474564676616916,0.499751243781095,0.216510414393697,7,0.494185323383085,0.218436841893849,0.521393034825871,0.666666666666667,0.376119402985075,0.234432234432234,0.79746835443038,0.222737819025522,0.222737819025522,0.488759328358209,0.03125,0.946268656716418,0.142857142857143,0.773170731707317,0.474098258706468,0.354166666666667,0.594029850746269,0.2,0.762452107279693,2,1,4,0,0.582234929249855,-1.63392110766644,Bailey_tissue_specific_driver,TCGA_MC3_Bailey2018,431,96,335,20260895,pooled inner out-of-fold AUROC,pooled inner out-of-fold balanced-accuracy optimum,outer out-of-fold AUROC,AUROC >= 0.60 after inner-AUROC component tuning,TRUE,0.0196206467661686,0.0216417910447757,FALSE,FALSE,FALSE,TRUE
GigaSSL,driver_mutation,HNSC,FBXW7,0.511875221552641,0.490561857497341,0.0703617256305925,10,0.551488833746898,0.0838062007582814,0.523661822048919,0.642857142857143,0.404466501240695,0.0697674418604651,0.942196531791908,0.0649651972157773,0.0649651972157773,0.517103863878057,0.0714285714285714,0.962779156327543,0.117647058823529,0.93719806763285,0.488302020560085,0.142857142857143,0.833746898263027,0.0563380281690141,0.933333333333333,11,3,19,0,0.581309994353473,-8.66642298636304,Bailey_tissue_specific_driver,TCGA_MC3_Bailey2018,431,28,403,20260896,pooled inner out-of-fold AUROC,pooled inner out-of-fold balanced-accuracy optimum,outer out-of-fold AUROC,AUROC >= 0.60 after inner-AUROC component tuning,TRUE,0.0396136121942573,0.0330999645515779,FALSE,FALSE,FALSE,TRUE
ProvGigaPath,driver_mutation,HNSC,FBXW7,0.514976958525346,0.519585253456221,0.0753598124062323,9,0.474565756823821,0.0616028137033223,0.518433179723502,0.714285714285714,0.32258064516129,0.068259385665529,0.942028985507246,0.0649651972157773,0.0649651972157773,0.485111662531017,0,0.970223325062035,0,0.933174224343675,0.483605104572847,0.0714285714285714,0.895781637717122,0.0454545454545455,0.9328165374677,9,1,15,0,0.567758328627894,-9.82450264441634,Bailey_tissue_specific_driver,TCGA_MC3_Bailey2018,431,28,403,20260896,pooled inner out-of-fold AUROC,pooled inner out-of-fold balanced-accuracy optimum,outer out-of-fold AUROC,AUROC >= 0.60 after inner-AUROC component tuning,TRUE,-0.0404112017015246,-0.00115207373271864,FALSE,FALSE,FALSE,FALSE
TITAN,driver_mutation,HNSC,FBXW7,0.47066643034385,0.490074441687345,0.0660306417140284,4,0.468273661822049,0.0616173893571743,0.536777738390642,0.785714285714286,0.287841191066998,0.0711974110032362,0.950819672131147,0.0649651972157773,0.0649651972157773,0.5,0,1,,0.935034802784223,0.423520028358738,0.214285714285714,0.632754342431762,0.038961038961039,0.92057761732852,1,1,1,0,0.497741389045737,-3.64240639876644,Bailey_tissue_specific_driver,TCGA_MC3_Bailey2018,431,28,403,20260896,pooled inner out-of-fold AUROC,pooled inner out-of-fold balanced-accuracy optimum,outer out-of-fold AUROC,AUROC >= 0.60 after inner-AUROC component tuning,TRUE,-0.00239276852180104,0.0467032967032966,FALSE,FALSE,FALSE,TRUE
GigaSSL,driver_mutation,HNSC,HLA-B,0.515693430656934,0.485401459854015,0.0556060236691158,9,0.536131386861314,0.0773931786081407,0.558576642335766,0.65,0.467153284671533,0.0560344827586207,0.964824120603015,0.0464037122969838,0.0464037122969838,0.493917274939173,0,0.987834549878345,0,0.953051643192488,0.522810218978102,0.25,0.795620437956204,0.0561797752808989,0.956140350877193,3,2,6,0,0.590995440729483,-4.56326565955307,Bailey_tissue_specific_driver,TCGA_MC3_Bailey2018,431,20,411,20260897,pooled inner out-of-fold AUROC,pooled inner out-of-fold balanced-accuracy optimum,outer out-of-fold AUROC,AUROC >= 0.60 after inner-AUROC component tuning,TRUE,0.0204379562043799,0.0731751824817514,FALSE,FALSE,FALSE,TRUE
ProvGigaPath,driver_mutation,HNSC,HLA-B,0.534671532846715,0.476885644768856,0.0500993561864073,8,0.550121654501217,0.058172053183828,0.638564476885645,0.9,0.37712895377129,0.0656934306569343,0.987261146496815,0.0464037122969838,0.0464037122969838,0.484184914841849,0,0.968369829683698,0,0.952153110047847,0.502554744525547,0.1,0.905109489051095,0.0487804878048781,0.953846153846154,5,2,16,0,0.645896656534954,-10.1070702368845,Bailey_tissue_specific_driver,TCGA_MC3_Bailey2018,431,20,411,20260897,pooled inner out-of-fold AUROC,pooled inner out-of-fold balanced-accuracy optimum,outer out-of-fold AUROC,AUROC >= 0.60 after inner-AUROC component tuning,TRUE,0.0154501216545015,0.161678832116789,FALSE,TRUE,FALSE,TRUE
TITAN,driver_mutation,HNSC,HLA-B,0.705839416058394,0.489051094890511,0.0944325658230192,7,0.690632603406326,0.114282337546343,0.688868613138686,0.75,0.627737226277372,0.0892857142857143,0.980988593155893,0.0464037122969838,0.0464037122969838,0.51161800486618,0.05,0.97323600973236,0.0833333333333333,0.954653937947494,0.630656934306569,0.4,0.861313868613139,0.123076923076923,0.967213114754098,5,4,15,0,0.698518237082067,-5.17085158226007,Bailey_tissue_specific_driver,TCGA_MC3_Bailey2018,431,20,411,20260897,pooled inner out-of-fold AUROC,pooled inner out-of-fold balanced-accuracy optimum,outer out-of-fold AUROC,AUROC >= 0.60 after inner-AUROC component tuning,TRUE,-0.0152068126520679,0.199817518248175,FALSE,TRUE,TRUE,TRUE
GigaSSL,driver_mutation,HNSC,HRAS,0.611569490282362,0.535753575357536,0.171164425856568,19,0.632379904657132,0.103193742351542,0.630317198386505,0.703703703703704,0.556930693069307,0.095959595959596,0.965665236051502,0.0626450116009281,0.0626450116009281,0.523423175650899,0.0740740740740741,0.972772277227723,0.153846153846154,0.940191387559809,0.533094976164283,0.259259259259259,0.806930693069307,0.0823529411764706,0.942196531791908,2,2,6,0,0.726522187822497,-4.20071583010912,Bailey_tissue_specific_driver,TCGA_MC3_Bailey2018,431,27,404,20260898,pooled inner out-of-fold AUROC,pooled inner out-of-fold balanced-accuracy optimum,outer out-of-fold AUROC,AUROC >= 0.60 after inner-AUROC component tuning,TRUE,0.0208104143747704,0.0945636230289694,FALSE,TRUE,TRUE,TRUE
ProvGigaPath,driver_mutation,HNSC,HRAS,0.474605793912725,0.506096442977631,0.0635232508537041,7,0.710762742940961,0.121121373516659,0.608223322332233,0.555555555555556,0.660891089108911,0.0986842105263158,0.956989247311828,0.0626450116009281,0.0626450116009281,0.51971030436377,0.0740740740740741,0.965346534653465,0.125,0.939759036144578,0.576411807847451,0.259259259259259,0.893564356435644,0.14,0.94750656167979,4,3,4,0,0.742444346159517,-6.16847216544154,Bailey_tissue_specific_driver,TCGA_MC3_Bailey2018,431,27,404,20260898,pooled inner out-of-fold AUROC,pooled inner out-of-fold balanced-accuracy optimum,outer out-of-fold AUROC,AUROC >= 0.60 after inner-AUROC component tuning,TRUE,0.236156949028236,0.102126879354602,FALSE,TRUE,TRUE,TRUE
TITAN,driver_mutation,HNSC,HRAS,0.653557022368904,0.532040704070407,0.121371779547559,5,0.76980198019802,0.163390339239681,0.734140080674734,0.814814814814815,0.653465346534654,0.135802469135802,0.981412639405205,0.0626450116009281,0.0626450116009281,0.492574257425743,0,0.985148514851485,0,0.936470588235294,0.686193619361936,0.555555555555556,0.816831683168317,0.168539325842697,0.964912280701754,3,3,3,0,0.764411027568922,-4.07378267725382,Bailey_tissue_specific_driver,TCGA_MC3_Bailey2018,431,27,404,20260898,pooled inner out-of-fold AUROC,pooled inner out-of-fold balanced-accuracy optimum,outer out-of-fold AUROC,AUROC >= 0.60 after inner-AUROC component tuning,TRUE,0.116244957829116,0.202099376604327,FALSE,TRUE,TRUE,TRUE
GigaSSL,driver_mutation,HNSC,HUWE1,0.627941176470588,0.551694373401535,0.156125971554053,15,0.65690537084399,0.155147009937252,0.618829923273657,0.675,0.562659846547315,0.136363636363636,0.944206008583691,0.0928074245939675,0.0928074245939675,0.528260869565217,0.1,0.956521739130435,0.19047619047619,0.91219512195122,0.54670716112532,0.275,0.818414322250639,0.134146341463415,0.916905444126075,8,3,8,0,0.675818690095847,-5.25264894249296,Bailey_tissue_specific_driver,TCGA_MC3_Bailey2018,431,40,391,20260899,pooled inner out-of-fold AUROC,pooled inner out-of-fold balanced-accuracy optimum,outer out-of-fold AUROC,AUROC >= 0.60 after inner-AUROC component tuning,TRUE,0.0289641943734018,0.0671355498721223,FALSE,TRUE,TRUE,TRUE
ProvGigaPath,driver_mutation,HNSC,HUWE1,0.588235294117647,0.536636828644501,0.13047699458944,13,0.623401534526854,0.141763907826735,0.592679028132992,0.725,0.460358056265985,0.120833333333333,0.942408376963351,0.0928074245939675,0.0928074245939675,0.505818414322251,0.05,0.961636828644501,0.117647058823529,0.908212560386474,0.597410485933504,0.425,0.769820971867008,0.158878504672897,0.929012345679012,2,1,10,0,0.60033945686901,-3.92680443304999,Bailey_tissue_specific_driver,TCGA_MC3_Bailey2018,431,40,391,20260899,pooled inner out-of-fold AUROC,pooled inner out-of-fold balanced-accuracy optimum,outer out-of-fold AUROC,AUROC >= 0.60 after inner-AUROC component tuning,TRUE,0.0351662404092072,0.0560421994884913,FALSE,FALSE,TRUE,TRUE
TITAN,driver_mutation,HNSC,HUWE1,0.654028132992327,0.565473145780051,0.200890376072705,19,0.61349104859335,0.140677223880244,0.557320971867008,0.575,0.539641943734015,0.113300492610837,0.925438596491228,0.0928074245939675,0.0928074245939675,0.551694373401535,0.175,0.928388746803069,0.2,0.916666666666667,0.551822250639386,0.275,0.828644501278772,0.141025641025641,0.917847025495751,19,3,19,0,0.637879392971246,-7.03829601413186,Bailey_tissue_specific_driver,TCGA_MC3_Bailey2018,431,40,391,20260899,pooled inner out-of-fold AUROC,pooled inner out-of-fold balanced-accuracy optimum,outer out-of-fold AUROC,AUROC >= 0.60 after inner-AUROC component tuning,TRUE,-0.0405370843989766,-0.00815217391304346,FALSE,FALSE,TRUE,FALSE
GigaSSL,driver_mutation,HNSC,KEAP1,0.685523114355231,0.532968369829684,0.109368634901927,5,0.724087591240876,0.172760021715331,0.575486618004866,0.55,0.600973236009732,0.0628571428571429,0.96484375,0.0464037122969838,0.0464037122969838,0.543917274939173,0.1,0.987834549878345,0.285714285714286,0.957547169811321,0.703892944038929,0.6,0.807785888077859,0.131868131868132,0.976470588235294,4,1,4,0,0.703457446808511,-4.45675417729702,Bailey_tissue_specific_driver,TCGA_MC3_Bailey2018,431,20,411,20260900,pooled inner out-of-fold AUROC,pooled inner out-of-fold balanced-accuracy optimum,outer out-of-fold AUROC,AUROC >= 0.60 after inner-AUROC component tuning,TRUE,0.038564476885645,0.0425182481751822,FALSE,FALSE,TRUE,TRUE
ProvGigaPath,driver_mutation,HNSC,KEAP1,0.598661800486618,0.522566909975669,0.0882415631961521,3,0.580778588807786,0.0635232090249642,0.556021897810219,0.55,0.562043795620438,0.0575916230366492,0.9625,0.0464037122969838,0.0464037122969838,0.495133819951338,0,0.990267639902676,0,0.953161592505855,0.542822384428224,0.2,0.885644768856448,0.0784313725490196,0.957894736842105,4,1,9,0,0.650455927051672,-4.72878146597639,Bailey_tissue_specific_driver,TCGA_MC3_Bailey2018,431,20,411,20260900,pooled inner out-of-fold AUROC,pooled inner out-of-fold balanced-accuracy optimum,outer out-of-fold AUROC,AUROC >= 0.60 after inner-AUROC component tuning,TRUE,-0.0178832116788321,0.0334549878345499,FALSE,FALSE,FALSE,TRUE
TITAN,driver_mutation,HNSC,KEAP1,0.544768856447689,0.487834549878346,0.062481347791575,3,0.711192214111922,0.136805452822367,0.591180048661801,0.45,0.732360097323601,0.0756302521008403,0.96474358974359,0.0464037122969838,0.0464037122969838,0.5,0,1,,0.953596287703016,0.658880778588808,0.6,0.717761557177616,0.09375,0.973597359735974,1,1,1,0,0.701367781155015,-3.11453024660552,Bailey_tissue_specific_driver,TCGA_MC3_Bailey2018,431,20,411,20260900,pooled inner out-of-fold AUROC,pooled inner out-of-fold balanced-accuracy optimum,outer out-of-fold AUROC,AUROC >= 0.60 after inner-AUROC component tuning,TRUE,0.166423357664233,0.103345498783455,FALSE,FALSE,TRUE,TRUE
GigaSSL,driver_mutation,HNSC,KMT2D,0.53013698630137,0.507907845579078,0.175764405086177,15,0.506807804068078,0.168108163729126,0.528082191780822,0.5,0.556164383561644,0.169230769230769,0.860169491525424,0.153132250580046,0.153132250580046,0.509111664591117,0.0757575757575758,0.942465753424658,0.192307692307692,0.849382716049383,0.526380240763802,0.378787878787879,0.673972602739726,0.173611111111111,0.857142857142857,1,1,20,1,0.579542517446369,-1.68513175194718,Bailey_tissue_specific_driver,TCGA_MC3_Bailey2018,431,66,365,20260901,pooled inner out-of-fold AUROC,pooled inner out-of-fold balanced-accuracy optimum,outer out-of-fold AUROC,AUROC >= 0.60 after inner-AUROC component tuning,TRUE,-0.0233291822332919,0.020174346201744,FALSE,FALSE,FALSE,TRUE
ProvGigaPath,driver_mutation,HNSC,KMT2D,0.600788709007887,0.518783727687837,0.223941490057283,5,0.579161477791615,0.215267075483338,0.576691573266916,0.742424242424242,0.410958904109589,0.185606060606061,0.898203592814371,0.153132250580046,0.153132250580046,0.522810294728103,0.0757575757575758,0.96986301369863,0.3125,0.853012048192771,0.540805313408053,0.393939393939394,0.687671232876712,0.185714285714286,0.862542955326461,2,1,7,0,0.609201344016542,-2.87535440299787,Bailey_tissue_specific_driver,TCGA_MC3_Bailey2018,431,66,365,20260901,pooled inner out-of-fold AUROC,pooled inner out-of-fold balanced-accuracy optimum,outer out-of-fold AUROC,AUROC >= 0.60 after inner-AUROC component tuning,TRUE,-0.0216272312162722,0.0579078455790788,FALSE,FALSE,FALSE,TRUE
TITAN,driver_mutation,HNSC,KMT2D,0.559153175591532,0.508551266085513,0.183044916967546,11,0.612328767123288,0.200112629639918,0.598360315483603,0.651515151515152,0.545205479452055,0.205741626794258,0.896396396396396,0.153132250580046,0.153132250580046,0.506205894562059,0.0151515151515152,0.997260273972603,0.5,0.848484848484848,0.615276048152761,0.575757575757576,0.654794520547945,0.231707317073171,0.895131086142322,1,1,1,0,0.613272163349703,-1.9238423854522,Bailey_tissue_specific_driver,TCGA_MC3_Bailey2018,431,66,365,20260901,pooled inner out-of-fold AUROC,pooled inner out-of-fold balanced-accuracy optimum,outer out-of-fold AUROC,AUROC >= 0.60 after inner-AUROC component tuning,TRUE,0.0531755915317557,0.0898090493980901,FALSE,FALSE,TRUE,TRUE
GigaSSL,driver_mutation,HNSC,NFE2L2,0.494301994301994,0.50318138651472,0.0811011552129674,6,0.535327635327635,0.111739084338943,0.509639126305793,0.653846153846154,0.365432098765432,0.062043795620438,0.942675159235669,0.0603248259860789,0.0603248259860789,0.516239316239316,0.0769230769230769,0.955555555555556,0.1,0.941605839416058,0.581006647673314,0.307692307692308,0.854320987654321,0.119402985074627,0.950549450549451,5,4,20,1,0.562316284538507,-5.31993438763354,Bailey_tissue_specific_driver,TCGA_MC3_Bailey2018,431,26,405,20260902,pooled inner out-of-fold AUROC,pooled inner out-of-fold balanced-accuracy optimum,outer out-of-fold AUROC,AUROC >= 0.60 after inner-AUROC component tuning,TRUE,0.0410256410256413,0.006457739791073,FALSE,FALSE,FALSE,TRUE
ProvGigaPath,driver_mutation,HNSC,NFE2L2,0.495916429249763,0.511301044634378,0.0701526111549924,16,0.487464387464387,0.0595856198276387,0.474311490978158,0.346153846153846,0.602469135802469,0.0529411764705882,0.934865900383142,0.0603248259860789,0.0603248259860789,0.483950617283951,0,0.967901234567901,0,0.937799043062201,0.512725546058879,0.153846153846154,0.871604938271605,0.0714285714285714,0.941333333333333,3,3,11,0,0.543797766019988,-4.95931134288943,Bailey_tissue_specific_driver,TCGA_MC3_Bailey2018,431,26,405,20260902,pooled inner out-of-fold AUROC,pooled inner out-of-fold balanced-accuracy optimum,outer out-of-fold AUROC,AUROC >= 0.60 after inner-AUROC component tuning,TRUE,-0.00845204178537551,-0.0369895536562203,FALSE,FALSE,FALSE,TRUE
TITAN,driver_mutation,HNSC,NFE2L2,0.545773979107312,0.533000949667616,0.0997723447172909,9,0.517473884140551,0.0906186517677625,0.504131054131054,0.423076923076923,0.585185185185185,0.0614525139664804,0.940476190476191,0.0603248259860789,0.0603248259860789,0.515527065527066,0.0384615384615385,0.992592592592593,0.25,0.941451990632319,0.548195631528965,0.269230769230769,0.82716049382716,0.0909090909090909,0.946327683615819,2,1,10,0,0.606995884773663,-4.14339263901666,Bailey_tissue_specific_driver,TCGA_MC3_Bailey2018,431,26,405,20260902,pooled inner out-of-fold AUROC,pooled inner out-of-fold balanced-accuracy optimum,outer out-of-fold AUROC,AUROC >= 0.60 after inner-AUROC component tuning,TRUE,-0.0283000949667611,-0.0288698955365619,FALSE,FALSE,FALSE,TRUE
GigaSSL,driver_mutation,HNSC,NOTCH1,0.486022452124147,0.505319539217844,0.176433362151266,14,0.480409421087387,0.167910367677497,0.481766820749872,0.545454545454545,0.418079096045198,0.169354838709677,0.808743169398907,0.178654292343387,0.178654292343387,0.492369212708196,0.012987012987013,0.971751412429379,0.0909090909090909,0.819047619047619,0.50214615892582,0.402597402597403,0.601694915254237,0.180232558139535,0.822393822393823,1,1,9,0,0.55117975606976,-1.77329275438789,Bailey_tissue_specific_driver,TCGA_MC3_Bailey2018,431,77,354,20260903,pooled inner out-of-fold AUROC,pooled inner out-of-fold balanced-accuracy optimum,outer out-of-fold AUROC,AUROC >= 0.60 after inner-AUROC component tuning,TRUE,-0.00561303103675981,-0.0235527184679725,FALSE,FALSE,FALSE,TRUE
ProvGigaPath,driver_mutation,HNSC,NOTCH1,0.57051140949446,0.540611930442439,0.269495591056601,9,0.530192970870937,0.218376976100187,0.52551544500697,0.675324675324675,0.375706214689266,0.19047619047619,0.841772151898734,0.178654292343387,0.178654292343387,0.5008254457407,0.0779220779220779,0.923728813559322,0.181818181818182,0.821608040201005,0.519113654706875,0.337662337662338,0.700564971751413,0.196969696969697,0.82943143812709,2,2,14,0,0.576319295603313,-2.46038208006446,Bailey_tissue_specific_driver,TCGA_MC3_Bailey2018,431,77,354,20260903,pooled inner out-of-fold AUROC,pooled inner out-of-fold balanced-accuracy optimum,outer out-of-fold AUROC,AUROC >= 0.60 after inner-AUROC component tuning,TRUE,-0.040318438623523,-0.0150964854354686,FALSE,FALSE,FALSE,TRUE
TITAN,driver_mutation,HNSC,NOTCH1,0.514931396287329,0.509263335534522,0.187133835487633,18,0.505649717514124,0.178715955855556,0.534283513097073,0.636363636363636,0.432203389830509,0.196,0.845303867403315,0.178654292343387,0.178654292343387,0.485857362976007,0.0649350649350649,0.906779661016949,0.131578947368421,0.816793893129771,0.534613691393352,0.467532467532468,0.601694915254237,0.203389830508475,0.838582677165354,1,1,20,2,0.602676243990037,-1.65669980032896,Bailey_tissue_specific_driver,TCGA_MC3_Bailey2018,431,77,354,20260903,pooled inner out-of-fold AUROC,pooled inner out-of-fold balanced-accuracy optimum,outer out-of-fold AUROC,AUROC >= 0.60 after inner-AUROC component tuning,TRUE,-0.00928167877320474,0.0250201775625505,FALSE,FALSE,FALSE,TRUE
GigaSSL,driver_mutation,HNSC,NSD1,0.708152734778122,0.618704850361197,0.286539962504402,9,0.743292053663571,0.313419169393615,0.694195046439629,0.764705882352941,0.623684210526316,0.214285714285714,0.951807228915663,0.118329466357309,0.118329466357309,0.606991744066048,0.274509803921569,0.939473684210526,0.378378378378378,0.906091370558376,0.663390092879257,0.529411764705882,0.797368421052632,0.259615384615385,0.926605504587156,6,4,9,0,0.765163671373556,-3.58009802773686,Bailey_tissue_specific_driver,TCGA_MC3_Bailey2018,431,51,380,20260904,pooled inner out-of-fold AUROC,pooled inner out-of-fold balanced-accuracy optimum,outer out-of-fold AUROC,AUROC >= 0.60 after inner-AUROC component tuning,TRUE,0.0351393188854486,0.0754901960784314,TRUE,TRUE,TRUE,TRUE
ProvGigaPath,driver_mutation,HNSC,NSD1,0.66047471620227,0.633771929824562,0.233756657100629,15,0.619349845201238,0.208198388111671,0.589241486068111,0.470588235294118,0.707894736842105,0.177777777777778,0.908783783783784,0.118329466357309,0.118329466357309,0.586661506707946,0.254901960784314,0.918421052631579,0.295454545454545,0.901808785529716,0.599432404540764,0.372549019607843,0.826315789473684,0.223529411764706,0.907514450867052,7,2,20,1,0.715625,-3.27573181338435,Bailey_tissue_specific_driver,TCGA_MC3_Bailey2018,431,51,380,20260904,pooled inner out-of-fold AUROC,pooled inner out-of-fold balanced-accuracy optimum,outer out-of-fold AUROC,AUROC >= 0.60 after inner-AUROC component tuning,TRUE,-0.0411248710010317,-0.0445304437564506,TRUE,FALSE,TRUE,TRUE
TITAN,driver_mutation,HNSC,NSD1,0.725335397316822,0.607585139318886,0.320427670848052,9,0.730392156862745,0.324561776107094,0.697936016511868,0.627450980392157,0.768421052631579,0.266666666666667,0.938906752411576,0.118329466357309,0.118329466357309,0.575670794633643,0.196078431372549,0.955263157894737,0.37037037037037,0.898514851485149,0.672007223942209,0.509803921568627,0.83421052631579,0.292134831460674,0.926900584795322,4,3,11,0,0.77767971758665,-2.52276099420907,Bailey_tissue_specific_driver,TCGA_MC3_Bailey2018,431,51,380,20260904,pooled inner out-of-fold AUROC,pooled inner out-of-fold balanced-accuracy optimum,outer out-of-fold AUROC,AUROC >= 0.60 after inner-AUROC component tuning,TRUE,0.00505675954592311,0.0903508771929818,TRUE,TRUE,TRUE,TRUE
GigaSSL,driver_mutation,HNSC,PIK3CA,0.523695964872435,0.505696873343932,0.19566928708349,15,0.502498296615944,0.176591809452976,0.536036036036036,0.405405405405405,0.666666666666667,0.201342281879195,0.843971631205674,0.17169373549884,0.17169373549884,0.514592323415853,0.121621621621622,0.907563025210084,0.214285714285714,0.832904884318766,0.513702778408661,0.324324324324324,0.703081232492997,0.184615384615385,0.833887043189369,9,3,15,0,0.562640749081427,-1.78021773990893,Bailey_tissue_specific_driver,TCGA_MC3_Bailey2018,431,74,357,20260905,pooled inner out-of-fold AUROC,pooled inner out-of-fold balanced-accuracy optimum,outer out-of-fold AUROC,AUROC >= 0.60 after inner-AUROC component tuning,TRUE,-0.0211976682564913,0.030339162692104,FALSE,FALSE,FALSE,TRUE
ProvGigaPath,driver_mutation,HNSC,PIK3CA,0.55159361041714,0.503879930350519,0.220154863853313,6,0.562268150503445,0.209678930749571,0.547164811870694,0.486486486486487,0.607843137254902,0.204545454545455,0.850980392156863,0.17169373549884,0.17169373549884,0.505034446210917,0.108108108108108,0.901960784313725,0.186046511627907,0.829896907216495,0.528692558104323,0.27027027027027,0.787114845938375,0.208333333333333,0.838805970149254,9,6,10,0,0.58190114969776,-3.59832966814384,Bailey_tissue_specific_driver,TCGA_MC3_Bailey2018,431,74,357,20260905,pooled inner out-of-fold AUROC,pooled inner out-of-fold balanced-accuracy optimum,outer out-of-fold AUROC,AUROC >= 0.60 after inner-AUROC component tuning,TRUE,0.0106745400863046,0.0432848815201752,FALSE,FALSE,FALSE,TRUE
TITAN,driver_mutation,HNSC,PIK3CA,0.55227496403967,0.511128775834658,0.218625545573147,4,0.534484063895829,0.192274235240365,0.547675827087592,0.689189189189189,0.406162464985994,0.193916349809886,0.863095238095238,0.17169373549884,0.17169373549884,0.503217503217503,0.0540540540540541,0.952380952380952,0.19047619047619,0.829268292682927,0.502006207888561,0.351351351351351,0.65266106442577,0.173333333333333,0.829181494661922,3,2,12,0,0.571056062581486,-2.2812426504437,Bailey_tissue_specific_driver,TCGA_MC3_Bailey2018,431,74,357,20260905,pooled inner out-of-fold AUROC,pooled inner out-of-fold balanced-accuracy optimum,outer out-of-fold AUROC,AUROC >= 0.60 after inner-AUROC component tuning,TRUE,-0.0177909001438414,0.0365470512529338,FALSE,FALSE,FALSE,TRUE
GigaSSL,driver_mutation,HNSC,TGFBR2,0.557026713124274,0.486585365853659,0.060192125359653,7,0.592915214866434,0.06413362600107,0.584552845528455,0.666666666666667,0.502439024390244,0.0642201834862385,0.967136150234742,0.0487238979118329,0.0487238979118329,0.491463414634146,0,0.982926829268293,0,0.950471698113208,0.519047619047619,0.238095238095238,0.8,0.0574712643678161,0.953488372093023,5,2,5,0,0.636657101865136,-4.20060816704352,Bailey_tissue_specific_driver,TCGA_MC3_Bailey2018,431,21,410,20260906,pooled inner out-of-fold AUROC,pooled inner out-of-fold balanced-accuracy optimum,outer out-of-fold AUROC,AUROC >= 0.60 after inner-AUROC component tuning,TRUE,0.0358885017421604,0.0979674796747962,FALSE,FALSE,FALSE,TRUE
ProvGigaPath,driver_mutation,HNSC,TGFBR2,0.743670150987224,0.511614401858304,0.119295113946288,7,0.738327526132404,0.109938652706129,0.698722415795587,0.904761904761905,0.492682926829268,0.0837004405286344,0.990196078431373,0.0487238979118329,0.0487238979118329,0.50917537746806,0.0476190476190476,0.970731707317073,0.0769230769230769,0.952153110047847,0.578803716608595,0.238095238095238,0.919512195121951,0.131578947368421,0.959287531806616,6,5,8,0,0.729734576757532,-8.7861254993877,Bailey_tissue_specific_driver,TCGA_MC3_Bailey2018,431,21,410,20260906,pooled inner out-of-fold AUROC,pooled inner out-of-fold balanced-accuracy optimum,outer out-of-fold AUROC,AUROC >= 0.60 after inner-AUROC component tuning,TRUE,-0.00534262485481984,0.187108013937283,FALSE,TRUE,TRUE,TRUE
TITAN,driver_mutation,HNSC,TGFBR2,0.504297328687573,0.487804878048781,0.0506994380551151,1,0.637630662020906,0.0688873641396963,0.57787456445993,0.714285714285714,0.441463414634146,0.0614754098360656,0.967914438502674,0.0487238979118329,0.0487238979118329,0.5,0,1,,0.951276102088167,0.580197444831591,0.523809523809524,0.636585365853659,0.06875,0.96309963099631,1,1,1,0,0.643292682926829,-3.53112962213047,Bailey_tissue_specific_driver,TCGA_MC3_Bailey2018,431,21,410,20260906,pooled inner out-of-fold AUROC,pooled inner out-of-fold balanced-accuracy optimum,outer out-of-fold AUROC,AUROC >= 0.60 after inner-AUROC component tuning,TRUE,0.133333333333333,0.0900696864111494,FALSE,FALSE,TRUE,FALSE
GigaSSL,driver_mutation,HNSC,TP53,0.691075450450451,0.624296171171171,0.858302736186322,3,0.685275900900901,0.837584441335533,0.639484797297297,0.684375,0.594594594594595,0.829545454545455,0.395209580838323,0.74245939675174,0.74245939675174,0.609769144144144,0.93125,0.288288288288288,0.790450928381963,0.592592592592593,0.632587274774775,0.715625,0.54954954954955,0.82078853046595,0.401315789473684,1,1,3,0,0.711639747191011,1.09321287196087,Bailey_tissue_specific_driver,TCGA_MC3_Bailey2018,431,320,111,20260907,pooled inner out-of-fold AUROC,pooled inner out-of-fold balanced-accuracy optimum,outer out-of-fold AUROC,AUROC >= 0.60 after inner-AUROC component tuning,TRUE,-0.0057995495495502,0.0151886261261263,TRUE,TRUE,TRUE,TRUE
ProvGigaPath,driver_mutation,HNSC,TP53,0.659684684684685,0.646818693693694,0.811995683125735,3,0.667792792792793,0.818652080863218,0.638555743243243,0.790625,0.486486486486487,0.816129032258065,0.446280991735537,0.74245939675174,0.74245939675174,0.622916666666667,0.9125,0.333333333333333,0.797814207650273,0.569230769230769,0.636078265765766,0.740625,0.531531531531532,0.820069204152249,0.415492957746479,2,2,5,0,0.687895014044944,0.905049349683788,Bailey_tissue_specific_driver,TCGA_MC3_Bailey2018,431,320,111,20260907,pooled inner out-of-fold AUROC,pooled inner out-of-fold balanced-accuracy optimum,outer out-of-fold AUROC,AUROC >= 0.60 after inner-AUROC component tuning,TRUE,0.0081081081081078,-0.00826295045045078,TRUE,TRUE,TRUE,TRUE
TITAN,driver_mutation,HNSC,TP53,0.648536036036036,0.595988175675676,0.80501640879662,7,0.66669481981982,0.803494718355553,0.598662725225225,0.746875,0.450450450450451,0.796666666666667,0.381679389312977,0.74245939675174,0.74245939675174,0.633122184684685,0.896875,0.369369369369369,0.803921568627451,0.554054054054054,0.655841779279279,0.753125,0.558558558558559,0.831034482758621,0.439716312056738,5,2,9,0,0.712034761235955,0.516572376959157,Bailey_tissue_specific_driver,TCGA_MC3_Bailey2018,431,320,111,20260907,pooled inner out-of-fold AUROC,pooled inner out-of-fold balanced-accuracy optimum,outer out-of-fold AUROC,AUROC >= 0.60 after inner-AUROC component tuning,TRUE,0.0181587837837838,0.00267454954954927,FALSE,FALSE,TRUE,TRUE
GigaSSL,driver_mutation,KICH,TP53,0.482683982683983,0.496212121212121,0.342446211635746,3,0.53030303030303,0.438191173795059,0.489177489177489,0.523809523809524,0.454545454545455,0.314285714285714,0.666666666666667,0.323076923076923,0.323076923076923,0.518939393939394,0.333333333333333,0.704545454545455,0.35,0.688888888888889,0.557359307359307,0.523809523809524,0.590909090909091,0.379310344827586,0.722222222222222,2,1,3,0,0.514285714285714,-1.2905751166495,Bailey_tissue_specific_driver,TCGA_MC3_Bailey2018,65,21,44,20260908,pooled inner out-of-fold AUROC,pooled inner out-of-fold balanced-accuracy optimum,outer out-of-fold AUROC,AUROC >= 0.60 after inner-AUROC component tuning,TRUE,0.0476190476190473,-0.00703463203463184,FALSE,FALSE,FALSE,TRUE
ProvGigaPath,driver_mutation,KICH,TP53,0.484848484848485,0.49512987012987,0.370569668318581,6,0.504329004329004,0.360753316415434,0.477813852813853,0.523809523809524,0.431818181818182,0.305555555555556,0.655172413793103,0.323076923076923,0.323076923076923,0.528138528138528,0.238095238095238,0.818181818181818,0.384615384615385,0.692307692307692,0.528138528138528,0.238095238095238,0.818181818181818,0.384615384615385,0.692307692307692,7,3,18,0,0.462418300653595,-3.94322956844883,Bailey_tissue_specific_driver,TCGA_MC3_Bailey2018,65,21,44,20260908,pooled inner out-of-fold AUROC,pooled inner out-of-fold balanced-accuracy optimum,outer out-of-fold AUROC,AUROC >= 0.60 after inner-AUROC component tuning,TRUE,0.0194805194805193,-0.0173160173160172,FALSE,FALSE,FALSE,TRUE
TITAN,driver_mutation,KICH,TP53,0.543290043290043,0.588203463203463,0.368101908316358,3,0.633116883116883,0.515013692192948,0.53030303030303,0.333333333333333,0.727272727272727,0.368421052631579,0.695652173913044,0.323076923076923,0.323076923076923,0.5995670995671,0.380952380952381,0.818181818181818,0.5,0.73469387755102,0.565476190476191,0.380952380952381,0.75,0.421052631578947,0.717391304347826,2,1,3,0,0.696078431372549,-0.923062384484768,Bailey_tissue_specific_driver,TCGA_MC3_Bailey2018,65,21,44,20260908,pooled inner out-of-fold AUROC,pooled inner out-of-fold balanced-accuracy optimum,outer out-of-fold AUROC,AUROC >= 0.60 after inner-AUROC component tuning,TRUE,0.08982683982684,-0.0579004329004327,FALSE,FALSE,TRUE,TRUE
GigaSSL,driver_mutation,KIRC,BAP1,0.591410488245931,0.549321880650995,0.183565855952337,11,0.627396021699819,0.202062314871602,0.614918625678119,0.628571428571429,0.60126582278481,0.148648648648649,0.935960591133005,0.0997150997150997,0.0997150997150997,0.523824593128391,0.0571428571428571,0.990506329113924,0.4,0.904624277456647,0.619484629294756,0.514285714285714,0.724683544303797,0.171428571428571,0.930894308943089,1,1,5,0,0.683935629587804,-2.21260948379713,Bailey_tissue_specific_driver,TCGA_MC3_Bailey2018,351,35,316,20260909,pooled inner out-of-fold AUROC,pooled inner out-of-fold balanced-accuracy optimum,outer out-of-fold AUROC,AUROC >= 0.60 after inner-AUROC component tuning,TRUE,0.0359855334538881,0.0655967450271244,FALSE,TRUE,TRUE,TRUE
ProvGigaPath,driver_mutation,KIRC,BAP1,0.579927667269439,0.543037974683544,0.143511292947898,15,0.566003616636528,0.140796663651398,0.546745027124774,0.542857142857143,0.550632911392405,0.118012422360248,0.91578947368421,0.0997150997150997,0.0997150997150997,0.539783001808318,0.142857142857143,0.936708860759494,0.2,0.907975460122699,0.538381555153707,0.257142857142857,0.819620253164557,0.136363636363636,0.908771929824561,5,2,8,0,0.605442176870748,-5.0295920818114,Bailey_tissue_specific_driver,TCGA_MC3_Bailey2018,351,35,316,20260909,pooled inner out-of-fold AUROC,pooled inner out-of-fold balanced-accuracy optimum,outer out-of-fold AUROC,AUROC >= 0.60 after inner-AUROC component tuning,TRUE,-0.013924050632911,0.00370705244123004,FALSE,FALSE,FALSE,TRUE
TITAN,driver_mutation,KIRC,BAP1,0.562115732368897,0.509629294755877,0.147167778522497,6,0.719620253164557,0.21239094100131,0.597694394213382,0.742857142857143,0.45253164556962,0.130653266331658,0.94078947368421,0.0997150997150997,0.0997150997150997,0.530198915009042,0.0857142857142857,0.974683544303798,0.272727272727273,0.905882352941176,0.63372513562387,0.514285714285714,0.753164556962025,0.1875,0.933333333333333,1,1,1,0,0.710742630385488,-3.33469138896072,Bailey_tissue_specific_driver,TCGA_MC3_Bailey2018,351,35,316,20260909,pooled inner out-of-fold AUROC,pooled inner out-of-fold balanced-accuracy optimum,outer out-of-fold AUROC,AUROC >= 0.60 after inner-AUROC component tuning,TRUE,0.15750452079566,0.0880650994575045,FALSE,FALSE,TRUE,TRUE
GigaSSL,driver_mutation,KIRC,MTOR,0.451874714220393,0.507716049382716,0.0762743835430854,4,0.454618198445359,0.0772404333760762,0.444444444444444,0.333333333333333,0.555555555555556,0.0588235294117647,0.909090909090909,0.0769230769230769,0.0769230769230769,0.506172839506173,0.037037037037037,0.975308641975309,0.111111111111111,0.923976608187134,0.487654320987654,0.259259259259259,0.716049382716049,0.0707070707070707,0.920634920634921,4,1,5,0,0.558968058968059,-3.1352846687235,Bailey_tissue_specific_driver,TCGA_MC3_Bailey2018,351,27,324,20260910,pooled inner out-of-fold AUROC,pooled inner out-of-fold balanced-accuracy optimum,outer out-of-fold AUROC,AUROC >= 0.60 after inner-AUROC component tuning,TRUE,0.00274348422496595,-0.0632716049382716,FALSE,FALSE,FALSE,FALSE
ProvGigaPath,driver_mutation,KIRC,MTOR,0.448216735253772,0.492283950617284,0.0680856910250173,3,0.479195244627343,0.0815056516375087,0.442901234567901,0.481481481481482,0.404320987654321,0.0631067961165049,0.903448275862069,0.0769230769230769,0.0769230769230769,0.503086419753086,0.037037037037037,0.969135802469136,0.0909090909090909,0.923529411764706,0.493827160493827,0.222222222222222,0.765432098765432,0.0731707317073171,0.921933085501859,4,1,9,0,0.591786591786592,-5.39622554919098,Bailey_tissue_specific_driver,TCGA_MC3_Bailey2018,351,27,324,20260910,pooled inner out-of-fold AUROC,pooled inner out-of-fold balanced-accuracy optimum,outer out-of-fold AUROC,AUROC >= 0.60 after inner-AUROC component tuning,TRUE,0.0309785093735714,-0.0493827160493828,FALSE,FALSE,FALSE,TRUE
TITAN,driver_mutation,KIRC,MTOR,0.487882944673068,0.475308641975309,0.0739860159656235,7,0.440443529949703,0.0665885808679931,0.503086419753086,0.555555555555556,0.450617283950617,0.077720207253886,0.924050632911392,0.0769230769230769,0.0769230769230769,0.470679012345679,0,0.941358024691358,0,0.918674698795181,0.462962962962963,0.185185185185185,0.740740740740741,0.0561797752808989,0.916030534351145,5,1,12,0,0.583930869645155,-4.31022740088045,Bailey_tissue_specific_driver,TCGA_MC3_Bailey2018,351,27,324,20260910,pooled inner out-of-fold AUROC,pooled inner out-of-fold balanced-accuracy optimum,outer out-of-fold AUROC,AUROC >= 0.60 after inner-AUROC component tuning,TRUE,-0.0474394147233652,0.0277777777777775,FALSE,FALSE,FALSE,TRUE
GigaSSL,driver_mutation,KIRC,PBRM1,0.612945616281421,0.543399150886178,0.530182694844569,4,0.63339847698632,0.546207218691255,0.596991037131882,0.73943661971831,0.454545454545455,0.479452054794521,0.71969696969697,0.404558404558405,0.404558404558405,0.568181818181818,0.5,0.636363636363636,0.482993197278912,0.651960784313726,0.58624233438911,0.612676056338028,0.559808612440191,0.486033519553073,0.680232558139535,4,3,4,0,0.653508771929825,-0.87203676041107,Bailey_tissue_specific_driver,TCGA_MC3_Bailey2018,351,142,209,20260911,pooled inner out-of-fold AUROC,pooled inner out-of-fold balanced-accuracy optimum,outer out-of-fold AUROC,AUROC >= 0.60 after inner-AUROC component tuning,TRUE,0.0204528607048988,0.0535918862457042,FALSE,FALSE,TRUE,FALSE
ProvGigaPath,driver_mutation,KIRC,PBRM1,0.667565199811308,0.607318552463104,0.518103590682679,7,0.693476649369904,0.564941812442319,0.643119482444909,0.669014084507042,0.617224880382775,0.542857142857143,0.732954545454545,0.404558404558405,0.404558404558405,0.632101219758744,0.570422535211268,0.69377990430622,0.558620689655172,0.703883495145631,0.642260260125345,0.633802816901409,0.650717703349282,0.552147239263804,0.723404255319149,4,4,5,0,0.702824439616343,-0.770553232215011,Bailey_tissue_specific_driver,TCGA_MC3_Bailey2018,351,142,209,20260911,pooled inner out-of-fold AUROC,pooled inner out-of-fold balanced-accuracy optimum,outer out-of-fold AUROC,AUROC >= 0.60 after inner-AUROC component tuning,TRUE,0.0259114495585956,0.0358009299818047,TRUE,TRUE,TRUE,TRUE
TITAN,driver_mutation,KIRC,PBRM1,0.636902756250421,0.582805445110857,0.497524134015899,3,0.625210593705775,0.491784414253045,0.592206348136667,0.73943661971831,0.444976076555024,0.475113122171946,0.715384615384615,0.404558404558405,0.404558404558405,0.566328593570995,0.443661971830986,0.688995215311005,0.4921875,0.645739910313901,0.589039018801806,0.570422535211268,0.607655502392344,0.496932515337423,0.675531914893617,3,3,16,0,0.670658682634731,-1.06957100967095,Bailey_tissue_specific_driver,TCGA_MC3_Bailey2018,351,142,209,20260911,pooled inner out-of-fold AUROC,pooled inner out-of-fold balanced-accuracy optimum,outer out-of-fold AUROC,AUROC >= 0.60 after inner-AUROC component tuning,TRUE,-0.0116921625446457,0.00940090302580987,FALSE,FALSE,TRUE,FALSE
GigaSSL,driver_mutation,KIRC,SETD2,0.556480963045913,0.530060190369541,0.172716030393186,7,0.583146696528555,0.193178074789953,0.559595464725644,0.51063829787234,0.608552631578947,0.167832167832168,0.889423076923077,0.133903133903134,0.133903133903134,0.537513997760358,0.127659574468085,0.947368421052632,0.272727272727273,0.875379939209726,0.569008958566629,0.361702127659575,0.776315789473684,0.2,0.887218045112782,6,2,11,0,0.641285591026747,-2.98630792119616,Bailey_tissue_specific_driver,TCGA_MC3_Bailey2018,351,47,304,20260912,pooled inner out-of-fold AUROC,pooled inner out-of-fold balanced-accuracy optimum,outer out-of-fold AUROC,AUROC >= 0.60 after inner-AUROC component tuning,TRUE,0.0266657334826425,0.0295352743561028,FALSE,FALSE,FALSE,TRUE
ProvGigaPath,driver_mutation,KIRC,SETD2,0.581606942889138,0.543113101903695,0.206200225558281,18,0.644876819708847,0.201187233430275,0.582061870100784,0.404255319148936,0.759868421052632,0.206521739130435,0.891891891891892,0.133903133903134,0.133903133903134,0.521171612541993,0.0851063829787234,0.957236842105263,0.235294117647059,0.87125748502994,0.604878219484882,0.48936170212766,0.720394736842105,0.212962962962963,0.901234567901234,2,2,2,0,0.629521334199697,-1.54073496060306,Bailey_tissue_specific_driver,TCGA_MC3_Bailey2018,351,47,304,20260912,pooled inner out-of-fold AUROC,pooled inner out-of-fold balanced-accuracy optimum,outer out-of-fold AUROC,AUROC >= 0.60 after inner-AUROC component tuning,TRUE,0.0632698768197086,0.0389487681970888,FALSE,FALSE,TRUE,TRUE
TITAN,driver_mutation,KIRC,SETD2,0.650195968645017,0.605298152295633,0.261313073506639,12,0.701077827547592,0.221305285622905,0.666958286674132,0.659574468085106,0.674342105263158,0.238461538461538,0.927601809954751,0.133903133903134,0.133903133903134,0.517007278835386,0.106382978723404,0.927631578947368,0.185185185185185,0.87037037037037,0.695793673012318,0.638297872340426,0.753289473684211,0.285714285714286,0.930894308943089,2,2,4,0,0.723738358241282,-1.92689557901767,Bailey_tissue_specific_driver,TCGA_MC3_Bailey2018,351,47,304,20260912,pooled inner out-of-fold AUROC,pooled inner out-of-fold balanced-accuracy optimum,outer out-of-fold AUROC,AUROC >= 0.60 after inner-AUROC component tuning,TRUE,0.0508818589025754,0.0616601343784992,TRUE,TRUE,TRUE,TRUE
GigaSSL,driver_mutation,KIRC,VHL,0.584816753926702,0.55577552356021,0.521764722852728,4,0.575523560209424,0.51573397666725,0.538727094240838,0.60625,0.471204188481675,0.48989898989899,0.588235294117647,0.455840455840456,0.455840455840456,0.55476112565445,0.48125,0.628272251308901,0.52027027027027,0.591133004926109,0.544633507853403,0.55,0.539267015706806,0.5,0.588571428571429,2,1,5,0,0.611315359477124,-0.250801563304559,Bailey_tissue_specific_driver,TCGA_MC3_Bailey2018,351,160,191,20260913,pooled inner out-of-fold AUROC,pooled inner out-of-fold balanced-accuracy optimum,outer out-of-fold AUROC,AUROC >= 0.60 after inner-AUROC component tuning,TRUE,-0.00929319371727788,-0.0170484293193723,FALSE,FALSE,FALSE,TRUE
ProvGigaPath,driver_mutation,KIRC,VHL,0.590903141361257,0.562450916230366,0.517025093822275,2,0.594240837696335,0.525855839700583,0.572251308900524,0.6,0.544502617801047,0.524590163934426,0.619047619047619,0.455840455840456,0.455840455840456,0.572414921465969,0.5375,0.607329842931937,0.53416149068323,0.610526315789474,0.589479712041885,0.61875,0.56020942408377,0.540983606557377,0.636904761904762,2,1,3,0,0.589001225490196,-0.294198622773434,Bailey_tissue_specific_driver,TCGA_MC3_Bailey2018,351,160,191,20260913,pooled inner out-of-fold AUROC,pooled inner out-of-fold balanced-accuracy optimum,outer out-of-fold AUROC,AUROC >= 0.60 after inner-AUROC component tuning,TRUE,0.00333769633507808,0.00980039267015753,FALSE,FALSE,FALSE,FALSE
TITAN,driver_mutation,KIRC,VHL,0.613448952879581,0.589561518324607,0.520560833321555,1,0.619175392670157,0.530625340935196,0.568373691099477,0.68125,0.455497382198953,0.511737089201878,0.630434782608696,0.455840455840456,0.455840455840456,0.588465314136126,0.60625,0.570680628272251,0.541899441340782,0.633720930232558,0.597513089005236,0.75,0.445026178010471,0.530973451327434,0.68,1,1,1,0,0.612438725490196,-0.111584069695963,Bailey_tissue_specific_driver,TCGA_MC3_Bailey2018,351,160,191,20260913,pooled inner out-of-fold AUROC,pooled inner out-of-fold balanced-accuracy optimum,outer out-of-fold AUROC,AUROC >= 0.60 after inner-AUROC component tuning,TRUE,0.00572643979057608,-0.0211878272251306,FALSE,FALSE,TRUE,FALSE
GigaSSL,driver_mutation,LGG,ATRX,0.809083309101483,0.724456600756034,0.718825753555471,7,0.80722957255016,0.715340413830699,0.738395972666473,0.69060773480663,0.786184210526316,0.657894736842105,0.810169491525424,0.37319587628866,0.37319587628866,0.726037728990986,0.613259668508287,0.838815789473684,0.69375,0.784615384615385,0.741222012212853,0.712707182320442,0.769736842105263,0.648241206030151,0.818181818181818,5,4,9,0,0.814275578260253,-0.447022036383291,Bailey_tissue_specific_driver,TCGA_MC3_Bailey2018,485,181,304,20260914,pooled inner out-of-fold AUROC,pooled inner out-of-fold balanced-accuracy optimum,outer out-of-fold AUROC,AUROC >= 0.60 after inner-AUROC component tuning,TRUE,-0.00185373655132304,0.0139393719104388,TRUE,TRUE,TRUE,TRUE
ProvGigaPath,driver_mutation,LGG,ATRX,0.834672143064844,0.756424469322478,0.74943130042926,5,0.838161529514394,0.752470012226785,0.794698676940971,0.790055248618785,0.799342105263158,0.700980392156863,0.864768683274021,0.37319587628866,0.37319587628866,0.749781913346903,0.657458563535912,0.842105263157895,0.712574850299401,0.805031446540881,0.787992512358244,0.756906077348066,0.819078947368421,0.713541666666667,0.849829351535836,4,3,5,0,0.834906726964387,-0.610265521062181,Bailey_tissue_specific_driver,TCGA_MC3_Bailey2018,485,181,304,20260914,pooled inner out-of-fold AUROC,pooled inner out-of-fold balanced-accuracy optimum,outer out-of-fold AUROC,AUROC >= 0.60 after inner-AUROC component tuning,TRUE,0.00348938644954966,0.0382742076184932,TRUE,TRUE,TRUE,TRUE
TITAN,driver_mutation,LGG,ATRX,0.851537510904333,0.785629906949695,0.722931844535126,3,0.863259668508287,0.755811913669152,0.787129252689735,0.81767955801105,0.756578947368421,0.666666666666667,0.874524714828897,0.37319587628866,0.37319587628866,0.782867476010468,0.707182320441989,0.858552631578947,0.748538011695906,0.831210191082803,0.802922361151498,0.790055248618785,0.81578947368421,0.718592964824121,0.867132867132867,3,3,4,0,0.860280970625798,-1.0358043958387,Bailey_tissue_specific_driver,TCGA_MC3_Bailey2018,485,181,304,20260914,pooled inner out-of-fold AUROC,pooled inner out-of-fold balanced-accuracy optimum,outer out-of-fold AUROC,AUROC >= 0.60 after inner-AUROC component tuning,TRUE,0.0117221576039542,0.00149934574004029,TRUE,TRUE,TRUE,FALSE
GigaSSL,driver_mutation,LGG,CIC,0.79796992481203,0.68577694235589,0.510096461573293,6,0.809022556390977,0.539133766911838,0.738032581453634,0.752380952380952,0.723684210526316,0.429347826086957,0.913621262458472,0.216494845360825,0.216494845360825,0.666416040100251,0.438095238095238,0.894736842105263,0.534883720930233,0.852130325814536,0.727067669172932,0.685714285714286,0.768421052631579,0.45,0.898461538461539,3,2,3,0,0.827694235588973,-1.63378024948485,Bailey_tissue_specific_driver,TCGA_MC3_Bailey2018,485,105,380,20260915,pooled inner out-of-fold AUROC,pooled inner out-of-fold balanced-accuracy optimum,outer out-of-fold AUROC,AUROC >= 0.60 after inner-AUROC component tuning,TRUE,0.0110526315789474,0.0522556390977441,TRUE,TRUE,TRUE,TRUE
ProvGigaPath,driver_mutation,LGG,CIC,0.839674185463659,0.722243107769424,0.596462413839529,5,0.86406015037594,0.617319046848114,0.779072681704261,0.847619047619048,0.710526315789474,0.447236180904523,0.944055944055944,0.216494845360825,0.216494845360825,0.742606516290727,0.590476190476191,0.894736842105263,0.607843137254902,0.887728459530026,0.757957393483709,0.723809523809524,0.792105263157895,0.490322580645161,0.912121212121212,3,3,3,0,0.870183270676692,-2.26523329830042,Bailey_tissue_specific_driver,TCGA_MC3_Bailey2018,485,105,380,20260915,pooled inner out-of-fold AUROC,pooled inner out-of-fold balanced-accuracy optimum,outer out-of-fold AUROC,AUROC >= 0.60 after inner-AUROC component tuning,TRUE,0.0243859649122808,0.0568295739348366,TRUE,TRUE,TRUE,TRUE
TITAN,driver_mutation,LGG,CIC,0.883208020050125,0.77249373433584,0.645709224201825,4,0.887644110275689,0.630545634230494,0.825438596491228,0.866666666666667,0.78421052631579,0.526011560693642,0.955128205128205,0.216494845360825,0.216494845360825,0.770363408521303,0.638095238095238,0.902631578947368,0.644230769230769,0.900262467191601,0.820363408521303,0.838095238095238,0.802631578947369,0.539877300613497,0.947204968944099,3,2,4,0,0.898378759398496,-1.51796785849808,Bailey_tissue_specific_driver,TCGA_MC3_Bailey2018,485,105,380,20260915,pooled inner out-of-fold AUROC,pooled inner out-of-fold balanced-accuracy optimum,outer out-of-fold AUROC,AUROC >= 0.60 after inner-AUROC component tuning,TRUE,0.00443609022556424,0.0529448621553881,TRUE,TRUE,TRUE,TRUE
GigaSSL,driver_mutation,LGG,EGFR,0.719251336898396,0.595474109821312,0.223882128445669,5,0.769662188600496,0.235206236951263,0.750945611060389,0.705882352941177,0.796008869179601,0.206896551724138,0.97289972899729,0.0701030927835052,0.0701030927835052,0.573822877266206,0.176470588235294,0.971175166297117,0.315789473684211,0.939914163090129,0.719838267901396,0.588235294117647,0.851441241685144,0.229885057471264,0.964824120603015,2,2,8,0,0.784446496357854,-3.2956018638285,Bailey_tissue_specific_driver,TCGA_MC3_Bailey2018,485,34,451,20260916,pooled inner out-of-fold AUROC,pooled inner out-of-fold balanced-accuracy optimum,outer out-of-fold AUROC,AUROC >= 0.60 after inner-AUROC component tuning,TRUE,0.0504108517020996,0.155471501239077,FALSE,TRUE,TRUE,TRUE
ProvGigaPath,driver_mutation,LGG,EGFR,0.80650841267771,0.662058171383853,0.395111641530561,8,0.833572453371593,0.372114919437972,0.725446719707839,0.705882352941177,0.745011086474501,0.172661870503597,0.971098265895954,0.0701030927835052,0.0701030927835052,0.646243641580801,0.323529411764706,0.968957871396896,0.44,0.95,0.740902569453502,0.588235294117647,0.893569844789357,0.294117647058824,0.966426858513189,4,2,4,0,0.842720837180671,-3.75831411575106,Bailey_tissue_specific_driver,TCGA_MC3_Bailey2018,485,34,451,20260916,pooled inner out-of-fold AUROC,pooled inner out-of-fold balanced-accuracy optimum,outer out-of-fold AUROC,AUROC >= 0.60 after inner-AUROC component tuning,TRUE,0.0270640406938826,0.0633885483239858,TRUE,TRUE,TRUE,TRUE
TITAN,driver_mutation,LGG,EGFR,0.877853136820138,0.657623581583409,0.368062440821393,2,0.882352941176471,0.360851275152658,0.809475674970653,0.794117647058824,0.824833702882483,0.254716981132076,0.981530343007915,0.0701030927835052,0.0701030927835052,0.617940524325029,0.264705882352941,0.971175166297117,0.409090909090909,0.946004319654428,0.821964262423373,0.823529411764706,0.82039911308204,0.256880733944954,0.984042553191489,1,1,2,0,0.903765261105981,-2.51270335425901,Bailey_tissue_specific_driver,TCGA_MC3_Bailey2018,485,34,451,20260916,pooled inner out-of-fold AUROC,pooled inner out-of-fold balanced-accuracy optimum,outer out-of-fold AUROC,AUROC >= 0.60 after inner-AUROC component tuning,TRUE,0.00449980435633257,0.151852093387244,TRUE,TRUE,TRUE,TRUE
GigaSSL,driver_mutation,LGG,FUBP1,0.749948464234179,0.643243661100804,0.283054065284469,9,0.809059987631416,0.29856614588397,0.751443001443001,0.772727272727273,0.73015873015873,0.222222222222222,0.969879518072289,0.0907216494845361,0.0907216494845361,0.596629560915275,0.227272727272727,0.965986394557823,0.4,0.926086956521739,0.751339929911358,0.681818181818182,0.820861678004535,0.275229357798165,0.962765957446809,2,2,5,0,0.815054633751518,-2.87033210184298,Bailey_tissue_specific_driver,TCGA_MC3_Bailey2018,485,44,441,20260917,pooled inner out-of-fold AUROC,pooled inner out-of-fold balanced-accuracy optimum,outer out-of-fold AUROC,AUROC >= 0.60 after inner-AUROC component tuning,TRUE,0.0591115233972371,0.108199340342197,TRUE,TRUE,TRUE,TRUE
ProvGigaPath,driver_mutation,LGG,FUBP1,0.725056689342404,0.570526695526696,0.272926953851221,5,0.816378066378066,0.301974991530227,0.731112141826428,0.840909090909091,0.621315192743764,0.181372549019608,0.97508896797153,0.0907216494845361,0.0907216494845361,0.545506081220367,0.136363636363636,0.954648526077098,0.230769230769231,0.917211328976035,0.742218099360957,0.636363636363636,0.848072562358277,0.294736842105263,0.958974358974359,3,2,3,0,0.813474025974026,-3.9229406010589,Bailey_tissue_specific_driver,TCGA_MC3_Bailey2018,485,44,441,20260917,pooled inner out-of-fold AUROC,pooled inner out-of-fold balanced-accuracy optimum,outer out-of-fold AUROC,AUROC >= 0.60 after inner-AUROC component tuning,TRUE,0.0913213770356625,0.160585446299731,FALSE,TRUE,TRUE,TRUE
TITAN,driver_mutation,LGG,FUBP1,0.767367553081839,0.610312306740878,0.253251975849992,10,0.847866419294991,0.273586799959316,0.774221809936096,0.863636363636364,0.684807256235828,0.214689265536723,0.980519480519481,0.0907216494845361,0.0907216494845361,0.537543805400948,0.113636363636364,0.961451247165533,0.227272727272727,0.915766738660907,0.786641929499072,0.818181818181818,0.755102040816326,0.25,0.976539589442815,2,2,2,0,0.843831168831169,-2.5795059398436,Bailey_tissue_specific_driver,TCGA_MC3_Bailey2018,485,44,441,20260917,pooled inner out-of-fold AUROC,pooled inner out-of-fold balanced-accuracy optimum,outer out-of-fold AUROC,AUROC >= 0.60 after inner-AUROC component tuning,TRUE,0.0804988662131517,0.163909503195218,TRUE,TRUE,TRUE,TRUE
GigaSSL,driver_mutation,LGG,IDH1,0.769284848484849,0.66830303030303,0.900255255790824,8,0.782448484848485,0.905678176715843,0.72169696969697,0.770666666666667,0.672727272727273,0.889230769230769,0.4625,0.77319587628866,0.77319587628866,0.661333333333333,0.922666666666667,0.4,0.839805825242718,0.602739726027397,0.732121212121212,0.773333333333333,0.690909090909091,0.895061728395062,0.472049689440994,2,2,5,0,0.794393939393939,1.55434214798206,Bailey_tissue_specific_driver,TCGA_MC3_Bailey2018,485,375,110,20260918,pooled inner out-of-fold AUROC,pooled inner out-of-fold balanced-accuracy optimum,outer out-of-fold AUROC,AUROC >= 0.60 after inner-AUROC component tuning,TRUE,0.0131636363636358,0.0533939393939398,TRUE,TRUE,TRUE,TRUE
ProvGigaPath,driver_mutation,LGG,IDH1,0.824412121212121,0.743151515151515,0.918826249717781,7,0.83990303030303,0.925271490698782,0.769030303030303,0.765333333333333,0.772727272727273,0.919871794871795,0.491329479768786,0.77319587628866,0.77319587628866,0.751151515151515,0.938666666666667,0.563636363636364,0.88,0.729411764705882,0.745090909090909,0.872,0.618181818181818,0.886178861788618,0.586206896551724,6,5,15,0,0.846742424242424,2.71348914589836,Bailey_tissue_specific_driver,TCGA_MC3_Bailey2018,485,375,110,20260918,pooled inner out-of-fold AUROC,pooled inner out-of-fold balanced-accuracy optimum,outer out-of-fold AUROC,AUROC >= 0.60 after inner-AUROC component tuning,TRUE,0.0154909090909092,0.0258787878787879,TRUE,TRUE,TRUE,TRUE
TITAN,driver_mutation,LGG,IDH1,0.857212121212121,0.786727272727273,0.929759605149319,3,0.836727272727273,0.920517134754889,0.779636363636364,0.832,0.727272727272727,0.912280701754386,0.55944055944056,0.77319587628866,0.77319587628866,0.767212121212121,0.925333333333333,0.609090909090909,0.88974358974359,0.705263157894737,0.77769696969697,0.882666666666667,0.672727272727273,0.901907356948229,0.627118644067797,6,4,11,0,0.869848484848485,2.01862430391139,Bailey_tissue_specific_driver,TCGA_MC3_Bailey2018,485,375,110,20260918,pooled inner out-of-fold AUROC,pooled inner out-of-fold balanced-accuracy optimum,outer out-of-fold AUROC,AUROC >= 0.60 after inner-AUROC component tuning,TRUE,-0.0204848484848482,-0.00709090909090937,TRUE,TRUE,TRUE,TRUE
GigaSSL,driver_mutation,LGG,IDH2,0.750215053763441,0.543548387096774,0.159644777376906,4,0.842688172043011,0.161204300488053,0.765591397849462,0.8,0.731182795698925,0.113475177304965,0.988372093023256,0.0412371134020619,0.0412371134020619,0.495698924731183,0,0.991397849462366,0,0.958419958419958,0.71505376344086,0.6,0.83010752688172,0.131868131868132,0.979695431472081,2,2,2,0,0.827788978494624,-3.97949611863686,Bailey_tissue_specific_driver,TCGA_MC3_Bailey2018,485,20,465,20260919,pooled inner out-of-fold AUROC,pooled inner out-of-fold balanced-accuracy optimum,outer out-of-fold AUROC,AUROC >= 0.60 after inner-AUROC component tuning,TRUE,0.0924731182795697,0.222043010752688,FALSE,TRUE,TRUE,TRUE
ProvGigaPath,driver_mutation,LGG,IDH2,0.656666666666667,0.514247311827957,0.11969065137954,6,0.836989247311828,0.175794172703823,0.741666666666667,0.75,0.733333333333333,0.107913669064748,0.985549132947977,0.0412371134020619,0.0412371134020619,0.522849462365591,0.05,0.995698924731183,0.333333333333333,0.960580912863071,0.774731182795699,0.7,0.849462365591398,0.166666666666667,0.985037406483791,2,1,2,0,0.816532258064516,-3.71639924724236,Bailey_tissue_specific_driver,TCGA_MC3_Bailey2018,485,20,465,20260919,pooled inner out-of-fold AUROC,pooled inner out-of-fold balanced-accuracy optimum,outer out-of-fold AUROC,AUROC >= 0.60 after inner-AUROC component tuning,TRUE,0.180322580645161,0.22741935483871,FALSE,TRUE,TRUE,TRUE
TITAN,driver_mutation,LGG,IDH2,0.675913978494624,0.538172043010753,0.16842362782185,4,0.785483870967742,0.16420367866647,0.697311827956989,0.7,0.694623655913978,0.0897435897435897,0.981762917933131,0.0412371134020619,0.0412371134020619,0.498924731182796,0,0.997849462365591,0,0.958677685950413,0.737365591397849,0.75,0.724731182795699,0.104895104895105,0.985380116959064,1,1,3,0,0.795698924731183,-3.45115864041578,Bailey_tissue_specific_driver,TCGA_MC3_Bailey2018,485,20,465,20260919,pooled inner out-of-fold AUROC,pooled inner out-of-fold balanced-accuracy optimum,outer out-of-fold AUROC,AUROC >= 0.60 after inner-AUROC component tuning,TRUE,0.109569892473118,0.159139784946236,FALSE,TRUE,TRUE,TRUE
GigaSSL,driver_mutation,LGG,NF1,0.518402728435413,0.516839562313486,0.0826885958405401,6,0.515134290180475,0.0925331360515392,0.505151342901805,0.483870967741936,0.526431718061674,0.0652173913043478,0.937254901960784,0.0639175257731959,0.0639175257731959,0.509521102742646,0.032258064516129,0.986784140969163,0.142857142857143,0.937238493723849,0.555172658803467,0.354838709677419,0.755506607929515,0.0901639344262295,0.944903581267218,2,2,5,0,0.624885215794307,-4.21865385894555,Bailey_tissue_specific_driver,TCGA_MC3_Bailey2018,485,31,454,20260920,pooled inner out-of-fold AUROC,pooled inner out-of-fold balanced-accuracy optimum,outer out-of-fold AUROC,AUROC >= 0.60 after inner-AUROC component tuning,TRUE,-0.00326843825493839,-0.0116882194116813,FALSE,FALSE,FALSE,TRUE
ProvGigaPath,driver_mutation,LGG,NF1,0.561389796788404,0.496305243711809,0.0954419096620736,6,0.509165837714935,0.0838612701519226,0.497442091800483,0.483870967741936,0.511013215859031,0.0632911392405063,0.935483870967742,0.0639175257731959,0.0639175257731959,0.500710530055421,0.032258064516129,0.969162995594714,0.0666666666666667,0.936170212765957,0.517869830893847,0.161290322580645,0.874449339207049,0.0806451612903226,0.938534278959811,5,2,15,0,0.61317722681359,-5.34467015728235,Bailey_tissue_specific_driver,TCGA_MC3_Bailey2018,485,31,454,20260920,pooled inner out-of-fold AUROC,pooled inner out-of-fold balanced-accuracy optimum,outer out-of-fold AUROC,AUROC >= 0.60 after inner-AUROC component tuning,TRUE,-0.0522239590734687,0.00113684808867415,FALSE,FALSE,FALSE,TRUE
TITAN,driver_mutation,LGG,NF1,0.517052721330112,0.474669603524229,0.0675858448112541,17,0.679835157027142,0.145689793326482,0.636777035668609,0.709677419354839,0.563876651982379,0.1,0.966037735849057,0.0639175257731959,0.0639175257731959,0.526751456586614,0.0645161290322581,0.988986784140969,0.285714285714286,0.939330543933054,0.65745346028137,0.548387096774194,0.766519823788546,0.138211382113821,0.961325966850829,1,1,7,0,0.763746556473829,-3.77685798741404,Bailey_tissue_specific_driver,TCGA_MC3_Bailey2018,485,31,454,20260920,pooled inner out-of-fold AUROC,pooled inner out-of-fold balanced-accuracy optimum,outer out-of-fold AUROC,AUROC >= 0.60 after inner-AUROC component tuning,TRUE,0.16278243569703,0.16210743214438,FALSE,TRUE,TRUE,TRUE
GigaSSL,driver_mutation,LGG,NOTCH1,0.63507174392936,0.486754966887417,0.103594247800673,3,0.576434878587197,0.0941775212737451,0.5685706401766,0.625,0.512141280353201,0.0829875518672199,0.950819672131147,0.065979381443299,0.065979381443299,0.495584988962472,0,0.991169977924945,0,0.933471933471933,0.571950883002208,0.4375,0.706401766004415,0.0952380952380952,0.946745562130177,1,1,4,0,0.667292817679558,-3.23943957671483,Bailey_tissue_specific_driver,TCGA_MC3_Bailey2018,485,32,453,20260921,pooled inner out-of-fold AUROC,pooled inner out-of-fold balanced-accuracy optimum,outer out-of-fold AUROC,AUROC >= 0.60 after inner-AUROC component tuning,TRUE,-0.0586368653421636,0.0818156732891834,FALSE,FALSE,FALSE,TRUE
ProvGigaPath,driver_mutation,LGG,NOTCH1,0.607753863134658,0.520384933774834,0.0978780140162852,5,0.65776766004415,0.125401188895644,0.65576710816777,0.625,0.686534216335541,0.123456790123457,0.962848297213622,0.065979381443299,0.065979381443299,0.488962472406181,0,0.977924944812362,0,0.932631578947368,0.603959713024283,0.4375,0.770419426048565,0.11864406779661,0.950953678474115,1,1,3,0,0.712282192945176,-2.7727772575723,Bailey_tissue_specific_driver,TCGA_MC3_Bailey2018,485,32,453,20260921,pooled inner out-of-fold AUROC,pooled inner out-of-fold balanced-accuracy optimum,outer out-of-fold AUROC,AUROC >= 0.60 after inner-AUROC component tuning,TRUE,0.0500137969094921,0.135382174392936,FALSE,TRUE,TRUE,TRUE
TITAN,driver_mutation,LGG,NOTCH1,0.613548565121413,0.537113686534216,0.159224281430723,9,0.689293598233996,0.159031478959971,0.669943432671082,0.59375,0.746136865342163,0.141791044776119,0.962962962962963,0.065979381443299,0.065979381443299,0.494481236203091,0,0.988962472406181,0,0.933333333333333,0.62451710816777,0.5625,0.686534216335541,0.1125,0.956923076923077,1,1,3,0,0.716574585635359,-2.48592013426427,Bailey_tissue_specific_driver,TCGA_MC3_Bailey2018,485,32,453,20260921,pooled inner out-of-fold AUROC,pooled inner out-of-fold balanced-accuracy optimum,outer out-of-fold AUROC,AUROC >= 0.60 after inner-AUROC component tuning,TRUE,0.0757450331125826,0.132829746136866,FALSE,TRUE,TRUE,TRUE
GigaSSL,driver_mutation,LGG,PIK3CA,0.574775280898876,0.526544943820225,0.115120700394935,16,0.586685393258427,0.104932205756997,0.534831460674157,0.6,0.469662921348315,0.0923076923076923,0.928888888888889,0.0824742268041237,0.0824742268041237,0.523033707865169,0.1,0.946067415730337,0.142857142857143,0.921225382932166,0.525,0.25,0.8,0.101010101010101,0.922279792746114,12,2,20,2,0.625438904494382,-6.82982905380848,Bailey_tissue_specific_driver,TCGA_MC3_Bailey2018,485,40,445,20260922,pooled inner out-of-fold AUROC,pooled inner out-of-fold balanced-accuracy optimum,outer out-of-fold AUROC,AUROC >= 0.60 after inner-AUROC component tuning,TRUE,0.011910112359551,0.00828651685393234,FALSE,FALSE,FALSE,TRUE
ProvGigaPath,driver_mutation,LGG,PIK3CA,0.546404494382022,0.483286516853933,0.102033911812734,5,0.610842696629214,0.124780921572345,0.563342696629214,0.675,0.451685393258427,0.0996309963099631,0.939252336448598,0.0824742268041237,0.0824742268041237,0.503511235955056,0.025,0.982022471910112,0.111111111111111,0.918067226890756,0.566432584269663,0.425,0.707865168539326,0.115646258503401,0.931952662721893,1,1,2,0,0.586464185393258,-3.33654414430671,Bailey_tissue_specific_driver,TCGA_MC3_Bailey2018,485,40,445,20260922,pooled inner out-of-fold AUROC,pooled inner out-of-fold balanced-accuracy optimum,outer out-of-fold AUROC,AUROC >= 0.60 after inner-AUROC component tuning,TRUE,0.0644382022471915,0.0800561797752806,FALSE,FALSE,TRUE,TRUE
TITAN,driver_mutation,LGG,PIK3CA,0.515337078651685,0.474157303370787,0.0839479790477583,6,0.506741573033708,0.0863387838422905,0.489466292134832,0.525,0.453932584269663,0.0795454545454545,0.914027149321267,0.0824742268041237,0.0824742268041237,0.484269662921348,0,0.968539325842697,0,0.915074309978769,0.542696629213483,0.4,0.685393258426966,0.102564102564103,0.927051671732523,1,1,19,0,0.58251404494382,-2.78150703844335,Bailey_tissue_specific_driver,TCGA_MC3_Bailey2018,485,40,445,20260922,pooled inner out-of-fold AUROC,pooled inner out-of-fold balanced-accuracy optimum,outer out-of-fold AUROC,AUROC >= 0.60 after inner-AUROC component tuning,TRUE,-0.00859550561797717,0.0153089887640445,FALSE,FALSE,FALSE,TRUE
GigaSSL,driver_mutation,LGG,PIK3R1,0.489121510673235,0.487068965517241,0.0472022659263135,6,0.463772577996716,0.0436068030880872,0.472034072249589,0.523809523809524,0.420258620689655,0.0392857142857143,0.951219512195122,0.0432989690721649,0.0432989690721649,0.497844827586207,0,0.995689655172414,0,0.956521739130435,0.461514778325123,0.142857142857143,0.780172413793103,0.0285714285714286,0.952631578947368,4,1,5,0,0.499920723006184,-4.47976039779145,Bailey_tissue_specific_driver,TCGA_MC3_Bailey2018,485,21,464,20260923,pooled inner out-of-fold AUROC,pooled inner out-of-fold balanced-accuracy optimum,outer out-of-fold AUROC,AUROC >= 0.60 after inner-AUROC component tuning,TRUE,-0.0253489326765191,-0.0150348932676515,FALSE,FALSE,FALSE,TRUE
ProvGigaPath,driver_mutation,LGG,PIK3R1,0.54700328407225,0.530377668308703,0.0774034676852628,8,0.501949917898194,0.0604259564742614,0.495535714285714,0.428571428571429,0.5625,0.0424528301886792,0.956043956043956,0.0432989690721649,0.0432989690721649,0.537920771756979,0.0952380952380952,0.980603448275862,0.181818181818182,0.959915611814346,0.512161330049261,0.142857142857143,0.881465517241379,0.0517241379310345,0.957845433255269,5,1,18,0,0.572062787379103,-8.61525040633567,Bailey_tissue_specific_driver,TCGA_MC3_Bailey2018,485,21,464,20260923,pooled inner out-of-fold AUROC,pooled inner out-of-fold balanced-accuracy optimum,outer out-of-fold AUROC,AUROC >= 0.60 after inner-AUROC component tuning,TRUE,-0.0450533661740562,-0.0348419540229887,FALSE,FALSE,FALSE,TRUE
TITAN,driver_mutation,LGG,PIK3R1,0.508004926108374,0.494612068965517,0.0462099040388483,1,0.525759441707718,0.0490723941430632,0.539049671592775,0.619047619047619,0.459051724137931,0.0492424242424242,0.963800904977376,0.0432989690721649,0.0432989690721649,0.5,0,1,,0.956701030927835,0.461720032840723,0.238095238095238,0.685344827586207,0.033112582781457,0.952095808383234,1,1,2,0,0.552877754875535,-3.69864910425571,Bailey_tissue_specific_driver,TCGA_MC3_Bailey2018,485,21,464,20260923,pooled inner out-of-fold AUROC,pooled inner out-of-fold balanced-accuracy optimum,outer out-of-fold AUROC,AUROC >= 0.60 after inner-AUROC component tuning,TRUE,0.0177545155993436,0.0444376026272581,FALSE,FALSE,FALSE,FALSE
GigaSSL,driver_mutation,LGG,PTEN,0.640974967061924,0.568558253340862,0.122729339900574,4,0.600131752305665,0.102917513531653,0.582580463015246,0.652173913043478,0.512987012987013,0.0625,0.96734693877551,0.0474226804123711,0.0474226804123711,0.527244494635799,0.0869565217391304,0.967532467532468,0.117647058823529,0.955128205128205,0.568840579710145,0.304347826086957,0.833333333333333,0.0833333333333333,0.960099750623441,11,1,15,0,0.690753911806543,-10.9153495907993,Bailey_tissue_specific_driver,TCGA_MC3_Bailey2018,485,23,462,20260924,pooled inner out-of-fold AUROC,pooled inner out-of-fold balanced-accuracy optimum,outer out-of-fold AUROC,AUROC >= 0.60 after inner-AUROC component tuning,TRUE,-0.0408432147562586,0.0140222096743836,FALSE,FALSE,TRUE,TRUE
ProvGigaPath,driver_mutation,LGG,PTEN,0.75682288725767,0.638104648974214,0.295468356239222,4,0.794466403162055,0.257921371231471,0.680453604366648,0.869565217391304,0.491341991341991,0.0784313725490196,0.98695652173913,0.0474226804123711,0.0474226804123711,0.642433653303219,0.304347826086957,0.980519480519481,0.4375,0.965884861407249,0.667513645774515,0.391304347826087,0.943722943722944,0.257142857142857,0.968888888888889,6,4,9,0,0.803673592291479,-10.4302118452584,Bailey_tissue_specific_driver,TCGA_MC3_Bailey2018,485,23,462,20260924,pooled inner out-of-fold AUROC,pooled inner out-of-fold balanced-accuracy optimum,outer out-of-fold AUROC,AUROC >= 0.60 after inner-AUROC component tuning,TRUE,0.0376435159043853,0.0423489553924338,TRUE,TRUE,TRUE,TRUE
TITAN,driver_mutation,LGG,PTEN,0.727837380011293,0.568558253340862,0.168881272775345,5,0.754752493882929,0.185914874122811,0.710380199510634,0.695652173913044,0.725108225108225,0.111888111888112,0.97953216374269,0.0474226804123711,0.0474226804123711,0.515245623941276,0.0434782608695652,0.987012987012987,0.142857142857143,0.95397489539749,0.759081498211933,0.695652173913044,0.822510822510823,0.163265306122449,0.981912144702842,1,1,18,0,0.811379800853485,-3.34179753738147,Bailey_tissue_specific_driver,TCGA_MC3_Bailey2018,485,23,462,20260924,pooled inner out-of-fold AUROC,pooled inner out-of-fold balanced-accuracy optimum,outer out-of-fold AUROC,AUROC >= 0.60 after inner-AUROC component tuning,TRUE,0.0269151138716357,0.141821946169772,FALSE,TRUE,TRUE,TRUE
GigaSSL,driver_mutation,LGG,SMARCA4,0.496608695652174,0.48804347826087,0.0518015723872249,5,0.487478260869565,0.0603316506900176,0.461739130434783,0.48,0.443478260869565,0.0447761194029851,0.940092165898618,0.0515463917525773,0.0515463917525773,0.498913043478261,0,0.997826086956522,0,0.948347107438017,0.510652173913044,0.28,0.741304347826087,0.0555555555555556,0.949860724233983,1,1,11,0,0.543478260869565,-3.95354029910101,Bailey_tissue_specific_driver,TCGA_MC3_Bailey2018,485,25,460,20260925,pooled inner out-of-fold AUROC,pooled inner out-of-fold balanced-accuracy optimum,outer out-of-fold AUROC,AUROC >= 0.60 after inner-AUROC component tuning,TRUE,-0.00913043478260883,-0.0263043478260874,FALSE,FALSE,FALSE,TRUE
ProvGigaPath,driver_mutation,LGG,SMARCA4,0.513652173913044,0.483695652173913,0.0563831173185057,6,0.53895652173913,0.0645910165878935,0.584565217391304,0.88,0.289130434782609,0.0630372492836676,0.977941176470588,0.0515463917525773,0.0515463917525773,0.509130434782609,0.04,0.978260869565217,0.0909090909090909,0.949367088607595,0.509782608695652,0.2,0.819565217391304,0.0568181818181818,0.949622166246851,9,1,11,0,0.534646739130435,-13.4076708713704,Bailey_tissue_specific_driver,TCGA_MC3_Bailey2018,485,25,460,20260925,pooled inner out-of-fold AUROC,pooled inner out-of-fold balanced-accuracy optimum,outer out-of-fold AUROC,AUROC >= 0.60 after inner-AUROC component tuning,TRUE,0.0253043478260865,0.100869565217391,FALSE,FALSE,FALSE,TRUE
TITAN,driver_mutation,LGG,SMARCA4,0.45104347826087,0.512391304347826,0.0651391041142049,7,0.516347826086957,0.0694431523806692,0.504130434782609,0.68,0.328260869565217,0.0521472392638037,0.949685534591195,0.0515463917525773,0.0515463917525773,0.512391304347826,0.04,0.984782608695652,0.125,0.949685534591195,0.482173913043478,0.36,0.604347826086957,0.0471204188481675,0.945578231292517,1,1,14,0,0.512771739130435,-3.75245223664563,Bailey_tissue_specific_driver,TCGA_MC3_Bailey2018,485,25,460,20260925,pooled inner out-of-fold AUROC,pooled inner out-of-fold balanced-accuracy optimum,outer out-of-fold AUROC,AUROC >= 0.60 after inner-AUROC component tuning,TRUE,0.0653043478260865,-0.00826086956521721,FALSE,FALSE,FALSE,TRUE
GigaSSL,driver_mutation,LGG,TP53,0.861506746626687,0.793784925718959,0.841185111513581,7,0.86597042387897,0.838970965886452,0.785879787379038,0.793103448275862,0.778656126482213,0.766666666666667,0.804081632653061,0.478350515463918,0.478350515463918,0.793069374403707,0.775862068965517,0.810276679841897,0.789473684210526,0.797665369649806,0.793427150061333,0.78448275862069,0.802371541501976,0.78448275862069,0.802371541501976,8,7,9,0,0.851245608431811,-0.202393357105982,Bailey_tissue_specific_driver,TCGA_MC3_Bailey2018,485,232,253,20260926,pooled inner out-of-fold AUROC,pooled inner out-of-fold balanced-accuracy optimum,outer out-of-fold AUROC,AUROC >= 0.60 after inner-AUROC component tuning,TRUE,0.00446367725228258,-0.00790513833992124,TRUE,TRUE,TRUE,TRUE
ProvGigaPath,driver_mutation,LGG,TP53,0.854930489300804,0.785888305847077,0.832371005191106,7,0.871882240697833,0.862125452360217,0.79450047703421,0.810344827586207,0.778656126482213,0.770491803278689,0.817427385892116,0.478350515463918,0.478350515463918,0.797567125528145,0.741379310344828,0.853754940711463,0.822966507177033,0.782608695652174,0.804211530598337,0.758620689655172,0.849802371541502,0.822429906542056,0.793357933579336,5,3,6,0,0.877222399659321,-0.459254925506651,Bailey_tissue_specific_driver,TCGA_MC3_Bailey2018,485,232,253,20260926,pooled inner out-of-fold AUROC,pooled inner out-of-fold balanced-accuracy optimum,outer out-of-fold AUROC,AUROC >= 0.60 after inner-AUROC component tuning,TRUE,0.016951751397029,0.00861217118713309,TRUE,TRUE,TRUE,TRUE
TITAN,driver_mutation,LGG,TP53,0.902719094997956,0.852528281313889,0.884998162836348,3,0.911561264822134,0.892629901061445,0.836718004634047,0.827586206896552,0.845849802371541,0.831168831168831,0.84251968503937,0.478350515463918,0.478350515463918,0.862588592067603,0.831896551724138,0.893280632411067,0.877272727272727,0.852830188679245,0.862767479896415,0.836206896551724,0.889328063241107,0.873873873873874,0.855513307984791,4,3,5,0,0.906957452502007,-0.407159090290812,Bailey_tissue_specific_driver,TCGA_MC3_Bailey2018,485,232,253,20260926,pooled inner out-of-fold AUROC,pooled inner out-of-fold balanced-accuracy optimum,outer out-of-fold AUROC,AUROC >= 0.60 after inner-AUROC component tuning,TRUE,0.0088421698241784,-0.0158102766798425,TRUE,TRUE,TRUE,TRUE
GigaSSL,driver_mutation,LIHC,ALB,0.47109634551495,0.481210778885198,0.122168885013323,12,0.48733850129199,0.124484306931202,0.52281284606866,0.733333333333333,0.312292358803987,0.1375,0.886792452830189,0.130057803468208,0.130057803468208,0.478516057585825,0.0666666666666667,0.890365448504983,0.0833333333333333,0.864516129032258,0.453709856035438,0.133333333333333,0.774086378737542,0.0810810810810811,0.856617647058824,12,4,20,2,0.539534347625634,-7.81784585679937,Bailey_tissue_specific_driver,TCGA_MC3_Bailey2018,346,45,301,20260927,pooled inner out-of-fold AUROC,pooled inner out-of-fold balanced-accuracy optimum,outer out-of-fold AUROC,AUROC >= 0.60 after inner-AUROC component tuning,TRUE,0.0162421557770397,0.041602067183462,FALSE,FALSE,FALSE,FALSE
ProvGigaPath,driver_mutation,LIHC,ALB,0.509117755629384,0.497932816537468,0.143506523754171,10,0.519896640826873,0.139911767945026,0.499741602067183,0.511111111111111,0.488372093023256,0.129943502824859,0.869822485207101,0.130057803468208,0.130057803468208,0.508527131782946,0.133333333333333,0.883720930232558,0.146341463414634,0.872131147540984,0.499704688076781,0.155555555555556,0.843853820598007,0.12962962962963,0.86986301369863,10,9,20,2,0.522245274319963,-15.0049406513295,Bailey_tissue_specific_driver,TCGA_MC3_Bailey2018,346,45,301,20260927,pooled inner out-of-fold AUROC,pooled inner out-of-fold balanced-accuracy optimum,outer out-of-fold AUROC,AUROC >= 0.60 after inner-AUROC component tuning,TRUE,0.0107788851974894,0.00180878552971542,FALSE,FALSE,FALSE,FALSE
TITAN,driver_mutation,LIHC,ALB,0.49656699889258,0.496788482834995,0.130185384764945,4,0.487486157253599,0.127337147384472,0.513768918420081,0.622222222222222,0.40531561461794,0.135265700483092,0.877697841726619,0.130057803468208,0.130057803468208,0.466777408637874,0,0.933554817275748,0,0.861963190184049,0.517165005537099,0.333333333333333,0.700996677740864,0.142857142857143,0.87551867219917,8,1,15,0,0.554402950668511,-3.25742726000989,Bailey_tissue_specific_driver,TCGA_MC3_Bailey2018,346,45,301,20260927,pooled inner out-of-fold AUROC,pooled inner out-of-fold balanced-accuracy optimum,outer out-of-fold AUROC,AUROC >= 0.60 after inner-AUROC component tuning,TRUE,-0.00908084163898087,0.0169804355850862,FALSE,FALSE,FALSE,TRUE
GigaSSL,driver_mutation,LIHC,APOB,0.560143288084465,0.552978883861237,0.183671344950227,9,0.539121417797888,0.127040549428248,0.565516591251885,0.647058823529412,0.483974358974359,0.120218579234973,0.92638036809816,0.0982658959537572,0.0982658959537572,0.528657616892911,0.147058823529412,0.91025641025641,0.151515151515152,0.907348242811502,0.516685520361991,0.235294117647059,0.798076923076923,0.112676056338028,0.905454545454545,8,5,20,1,0.605285714285714,-4.68591179396779,Bailey_tissue_specific_driver,TCGA_MC3_Bailey2018,346,34,312,20260928,pooled inner out-of-fold AUROC,pooled inner out-of-fold balanced-accuracy optimum,outer out-of-fold AUROC,AUROC >= 0.60 after inner-AUROC component tuning,TRUE,-0.0210218702865767,0.0125377073906484,FALSE,FALSE,FALSE,TRUE
ProvGigaPath,driver_mutation,LIHC,APOB,0.458239064856712,0.494155354449472,0.0937507243023155,5,0.423453996983409,0.0823348811811345,0.448058069381599,0.264705882352941,0.631410256410256,0.0725806451612903,0.887387387387387,0.0982658959537572,0.0982658959537572,0.46474358974359,0,0.92948717948718,0,0.895061728395062,0.445041478129713,0.117647058823529,0.772435897435897,0.0533333333333333,0.88929889298893,6,1,20,1,0.487285714285714,-2.61540561640197,Bailey_tissue_specific_driver,TCGA_MC3_Bailey2018,346,34,312,20260928,pooled inner out-of-fold AUROC,pooled inner out-of-fold balanced-accuracy optimum,outer out-of-fold AUROC,AUROC >= 0.60 after inner-AUROC component tuning,TRUE,-0.0347850678733033,-0.0460972850678733,FALSE,FALSE,FALSE,TRUE
TITAN,driver_mutation,LIHC,APOB,0.483314479638009,0.486425339366516,0.0972199697543859,17,0.457202111613876,0.0897849477906357,0.498774509803922,0.705882352941177,0.291666666666667,0.0979591836734694,0.900990099009901,0.0982658959537572,0.0982658959537572,0.481334841628959,0.0588235294117647,0.903846153846154,0.0625,0.898089171974522,0.463235294117647,0.176470588235294,0.75,0.0714285714285714,0.893129770992367,17,2,20,1,0.569091179532947,-17.7549881104074,Bailey_tissue_specific_driver,TCGA_MC3_Bailey2018,346,34,312,20260928,pooled inner out-of-fold AUROC,pooled inner out-of-fold balanced-accuracy optimum,outer out-of-fold AUROC,AUROC >= 0.60 after inner-AUROC component tuning,TRUE,-0.0261123680241327,0.0123491704374056,FALSE,FALSE,FALSE,FALSE
GigaSSL,driver_mutation,LIHC,ARID1A,0.561177884615385,0.499399038461538,0.0958750759773699,8,0.605168269230769,0.135751510471936,0.627403846153846,0.692307692307692,0.5625,0.113924050632911,0.957446808510638,0.0751445086705202,0.0751445086705202,0.515024038461538,0.0769230769230769,0.953125,0.117647058823529,0.927051671732523,0.510697115384615,0.230769230769231,0.790625,0.0821917808219178,0.926739926739927,6,1,7,0,0.675409226190476,-4.94913276391678,Bailey_tissue_specific_driver,TCGA_MC3_Bailey2018,346,26,320,20260929,pooled inner out-of-fold AUROC,pooled inner out-of-fold balanced-accuracy optimum,outer out-of-fold AUROC,AUROC >= 0.60 after inner-AUROC component tuning,TRUE,0.0439903846153843,0.128004807692308,FALSE,TRUE,TRUE,TRUE
ProvGigaPath,driver_mutation,LIHC,ARID1A,0.459855769230769,0.46875,0.0681569405444205,7,0.433894230769231,0.0644308058715133,0.524158653846154,0.807692307692308,0.240625,0.0795454545454545,0.939024390243902,0.0751445086705202,0.0751445086705202,0.4671875,0,0.934375,0,0.92,0.460817307692308,0.115384615384615,0.80625,0.0461538461538462,0.918149466192171,4,2,10,0,0.558407738095238,-8.97422452677092,Bailey_tissue_specific_driver,TCGA_MC3_Bailey2018,346,26,320,20260929,pooled inner out-of-fold AUROC,pooled inner out-of-fold balanced-accuracy optimum,outer out-of-fold AUROC,AUROC >= 0.60 after inner-AUROC component tuning,TRUE,-0.0259615384615382,0.0554086538461538,FALSE,FALSE,FALSE,TRUE
TITAN,driver_mutation,LIHC,ARID1A,0.519471153846154,0.538942307692308,0.1144103131262,6,0.545432692307692,0.171069762114779,0.572836538461538,0.576923076923077,0.56875,0.0980392156862745,0.94300518134715,0.0751445086705202,0.0751445086705202,0.524399038461539,0.0769230769230769,0.971875,0.181818181818182,0.928358208955224,0.567908653846154,0.307692307692308,0.828125,0.126984126984127,0.936395759717314,5,1,7,0,0.566220238095238,-3.64492949357122,Bailey_tissue_specific_driver,TCGA_MC3_Bailey2018,346,26,320,20260929,pooled inner out-of-fold AUROC,pooled inner out-of-fold balanced-accuracy optimum,outer out-of-fold AUROC,AUROC >= 0.60 after inner-AUROC component tuning,TRUE,0.0259615384615383,0.0338942307692304,FALSE,FALSE,FALSE,TRUE
GigaSSL,driver_mutation,LIHC,AXIN1,0.595638629283489,0.484423676012461,0.0997080276272096,5,0.670654205607477,0.127037922220044,0.629719626168224,0.68,0.579439252336449,0.111842105263158,0.958762886597938,0.0722543352601156,0.0722543352601156,0.493769470404985,0,0.987538940809969,0,0.926900584795322,0.621370716510904,0.52,0.722741433021807,0.127450980392157,0.950819672131147,1,1,2,0,0.717898832684825,-3.09298088031638,Bailey_tissue_specific_driver,TCGA_MC3_Bailey2018,346,25,321,20260930,pooled inner out-of-fold AUROC,pooled inner out-of-fold balanced-accuracy optimum,outer out-of-fold AUROC,AUROC >= 0.60 after inner-AUROC component tuning,TRUE,0.0750155763239877,0.145295950155763,FALSE,TRUE,TRUE,TRUE
ProvGigaPath,driver_mutation,LIHC,AXIN1,0.621806853582555,0.495077881619938,0.120618285554859,3,0.611588785046729,0.113431611544314,0.609719626168224,0.64,0.579439252336449,0.105960264900662,0.953846153846154,0.0722543352601156,0.0722543352601156,0.504423676012461,0.04,0.968847352024922,0.0909090909090909,0.928358208955224,0.572772585669782,0.32,0.825545171339564,0.125,0.939716312056738,2,1,7,0,0.756420233463035,-4.10458444332402,Bailey_tissue_specific_driver,TCGA_MC3_Bailey2018,346,25,321,20260930,pooled inner out-of-fold AUROC,pooled inner out-of-fold balanced-accuracy optimum,outer out-of-fold AUROC,AUROC >= 0.60 after inner-AUROC component tuning,TRUE,-0.0102180685358261,0.114641744548286,FALSE,TRUE,TRUE,TRUE
TITAN,driver_mutation,LIHC,AXIN1,0.609221183800623,0.528847352024922,0.121371515323709,16,0.681495327102804,0.145322568491779,0.619065420560748,0.64,0.598130841121495,0.110344827586207,0.955223880597015,0.0722543352601156,0.0722543352601156,0.502866043613707,0.04,0.965732087227414,0.0833333333333333,0.92814371257485,0.610716510903427,0.48,0.741433021806854,0.126315789473684,0.948207171314741,2,1,8,0,0.706640625,-3.43034370912222,Bailey_tissue_specific_driver,TCGA_MC3_Bailey2018,346,25,321,20260930,pooled inner out-of-fold AUROC,pooled inner out-of-fold balanced-accuracy optimum,outer out-of-fold AUROC,AUROC >= 0.60 after inner-AUROC component tuning,TRUE,0.0722741433021807,0.0902180685358257,FALSE,TRUE,TRUE,TRUE
GigaSSL,driver_mutation,LIHC,BAP1,0.755828220858896,0.526993865030675,0.156020454151508,10,0.694938650306749,0.178031840650803,0.690337423312883,0.85,0.530674846625767,0.1,0.982954545454545,0.0578034682080925,0.0578034682080925,0.517331288343558,0.05,0.984662576687117,0.166666666666667,0.944117647058824,0.679907975460123,0.55,0.809815950920245,0.150684931506849,0.967032967032967,1,1,15,0,0.807950191570881,-3.72357368881108,Bailey_tissue_specific_driver,TCGA_MC3_Bailey2018,346,20,326,20260931,pooled inner out-of-fold AUROC,pooled inner out-of-fold balanced-accuracy optimum,outer out-of-fold AUROC,AUROC >= 0.60 after inner-AUROC component tuning,TRUE,-0.0608895705521475,0.163343558282208,FALSE,TRUE,TRUE,TRUE
ProvGigaPath,driver_mutation,LIHC,BAP1,0.801993865030675,0.612730061349693,0.333113693807546,7,0.802914110429448,0.286164012385583,0.66840490797546,0.8,0.53680981595092,0.0958083832335329,0.977653631284916,0.0578034682080925,0.0578034682080925,0.586196319018405,0.2,0.97239263803681,0.307692307692308,0.951951951951952,0.641257668711656,0.35,0.932515337423313,0.241379310344828,0.958990536277603,5,2,7,0,0.815852490421456,-9.08437213606484,Bailey_tissue_specific_driver,TCGA_MC3_Bailey2018,346,20,326,20260931,pooled inner out-of-fold AUROC,pooled inner out-of-fold balanced-accuracy optimum,outer out-of-fold AUROC,AUROC >= 0.60 after inner-AUROC component tuning,TRUE,0.000920245398772779,0.0556748466257672,TRUE,TRUE,TRUE,TRUE
TITAN,driver_mutation,LIHC,BAP1,0.738343558282209,0.587730061349693,0.199619562657093,1,0.810429447852761,0.269591573641531,0.686963190184049,0.65,0.723926380368098,0.12621359223301,0.97119341563786,0.0578034682080925,0.0578034682080925,0.584662576687117,0.2,0.969325153374233,0.285714285714286,0.951807228915663,0.646319018404908,0.4,0.892638036809816,0.186046511627907,0.96039603960396,3,2,6,0,0.850335249042146,-4.94553718956386,Bailey_tissue_specific_driver,TCGA_MC3_Bailey2018,346,20,326,20260931,pooled inner out-of-fold AUROC,pooled inner out-of-fold balanced-accuracy optimum,outer out-of-fold AUROC,AUROC >= 0.60 after inner-AUROC component tuning,TRUE,0.0720858895705517,0.0992331288343562,FALSE,TRUE,TRUE,TRUE
GigaSSL,driver_mutation,LIHC,CTNNB1,0.626412187606984,0.572021567956179,0.344994091540854,10,0.599238274563506,0.353174354623879,0.578611776788771,0.684782608695652,0.47244094488189,0.319796954314721,0.805369127516778,0.265895953757225,0.265895953757225,0.522937350222527,0.152173913043478,0.893700787401575,0.341463414634146,0.744262295081967,0.571807600136939,0.478260869565217,0.665354330708662,0.341085271317829,0.778801843317972,5,1,6,0,0.631822999470058,-1.36619217132771,Bailey_tissue_specific_driver,TCGA_MC3_Bailey2018,346,92,254,20260932,pooled inner out-of-fold AUROC,pooled inner out-of-fold balanced-accuracy optimum,outer out-of-fold AUROC,AUROC >= 0.60 after inner-AUROC component tuning,TRUE,-0.0271739130434784,0.00659020883259198,FALSE,FALSE,FALSE,TRUE
ProvGigaPath,driver_mutation,LIHC,CTNNB1,0.661246148579254,0.598639164669634,0.403525438787306,5,0.69488188976378,0.453645292547843,0.635612803834303,0.641304347826087,0.62992125984252,0.38562091503268,0.829015544041451,0.265895953757225,0.265895953757225,0.61729715850736,0.33695652173913,0.897637795275591,0.543859649122807,0.788927335640138,0.648750427935639,0.565217391304348,0.732283464566929,0.433333333333333,0.823008849557522,3,2,4,0,0.70150446012515,-1.70652050679292,Bailey_tissue_specific_driver,TCGA_MC3_Bailey2018,346,92,254,20260932,pooled inner out-of-fold AUROC,pooled inner out-of-fold balanced-accuracy optimum,outer out-of-fold AUROC,AUROC >= 0.60 after inner-AUROC component tuning,TRUE,0.0336357411845255,0.0369736391646693,FALSE,TRUE,TRUE,TRUE
TITAN,driver_mutation,LIHC,CTNNB1,0.753081136597056,0.702927079767203,0.526732513144323,11,0.739643957548785,0.477285179389273,0.668307086614173,0.75,0.586614173228346,0.396551724137931,0.866279069767442,0.265895953757225,0.265895953757225,0.641090380006847,0.423913043478261,0.858267716535433,0.52,0.804428044280443,0.679005477576173,0.684782608695652,0.673228346456693,0.431506849315069,0.855,4,3,7,0,0.75455997869791,-1.44554488898783,Bailey_tissue_specific_driver,TCGA_MC3_Bailey2018,346,92,254,20260932,pooled inner out-of-fold AUROC,pooled inner out-of-fold balanced-accuracy optimum,outer out-of-fold AUROC,AUROC >= 0.60 after inner-AUROC component tuning,TRUE,-0.0134371790482714,-0.0346199931530299,TRUE,TRUE,TRUE,TRUE
GigaSSL,driver_mutation,LIHC,TP53,0.59375,0.567295597484277,0.363612934493121,11,0.600864779874214,0.37373843848249,0.578419811320755,0.59433962264151,0.5625,0.375,0.758426966292135,0.30635838150289,0.30635838150289,0.552358490566038,0.254716981132076,0.85,0.428571428571429,0.720848056537102,0.572366352201258,0.490566037735849,0.654166666666667,0.385185185185185,0.744075829383886,4,2,4,0,0.644362745098039,-1.18559663095685,Bailey_tissue_specific_driver,TCGA_MC3_Bailey2018,346,106,240,20260933,pooled inner out-of-fold AUROC,pooled inner out-of-fold balanced-accuracy optimum,outer out-of-fold AUROC,AUROC >= 0.60 after inner-AUROC component tuning,TRUE,0.00711477987421383,0.0111242138364777,FALSE,FALSE,TRUE,TRUE
ProvGigaPath,driver_mutation,LIHC,TP53,0.552122641509434,0.544261006289308,0.357170911828132,4,0.641077044025157,0.434029960683342,0.603852201257862,0.566037735849057,0.641666666666667,0.410958904109589,0.77,0.30635838150289,0.30635838150289,0.580227987421384,0.339622641509434,0.820833333333333,0.455696202531646,0.737827715355805,0.602751572327044,0.547169811320755,0.658333333333333,0.414285714285714,0.766990291262136,2,1,3,0,0.676593137254902,-0.998505222797386,Bailey_tissue_specific_driver,TCGA_MC3_Bailey2018,346,106,240,20260933,pooled inner out-of-fold AUROC,pooled inner out-of-fold balanced-accuracy optimum,outer out-of-fold AUROC,AUROC >= 0.60 after inner-AUROC component tuning,TRUE,0.0889544025157232,0.0595911949685537,FALSE,TRUE,TRUE,TRUE
TITAN,driver_mutation,LIHC,TP53,0.634787735849057,0.578026729559749,0.427366389912292,4,0.672720125786164,0.48118545792749,0.652555031446541,0.650943396226415,0.654166666666667,0.453947368421053,0.809278350515464,0.30635838150289,0.30635838150289,0.616194968553459,0.349056603773585,0.883333333333333,0.569230769230769,0.754448398576512,0.624017295597484,0.518867924528302,0.729166666666667,0.458333333333333,0.774336283185841,3,2,6,0,0.702634803921569,-1.10715189096539,Bailey_tissue_specific_driver,TCGA_MC3_Bailey2018,346,106,240,20260933,pooled inner out-of-fold AUROC,pooled inner out-of-fold balanced-accuracy optimum,outer out-of-fold AUROC,AUROC >= 0.60 after inner-AUROC component tuning,TRUE,0.0379323899371065,0.0745283018867919,FALSE,TRUE,TRUE,TRUE
GigaSSL,driver_mutation,LUAD,ARID1A,0.556529680365297,0.482876712328767,0.0700898093346759,6,0.498812785388128,0.0627485941130858,0.442557077625571,0.36,0.525114155251142,0.0414746543778802,0.934959349593496,0.0539956803455724,0.0539956803455724,0.496575342465753,0,0.993150684931507,0,0.945652173913043,0.513287671232877,0.28,0.746575342465753,0.0593220338983051,0.947826086956522,1,1,11,0,0.577285714285714,-3.77186150257357,Bailey_tissue_specific_driver,TCGA_MC3_Bailey2018,463,25,438,20260934,pooled inner out-of-fold AUROC,pooled inner out-of-fold balanced-accuracy optimum,outer out-of-fold AUROC,AUROC >= 0.60 after inner-AUROC component tuning,TRUE,-0.0577168949771692,-0.0403196347031962,FALSE,FALSE,FALSE,TRUE
ProvGigaPath,driver_mutation,LUAD,ARID1A,0.478082191780822,0.514885844748859,0.0681818475509623,10,0.472694063926941,0.076028031232153,0.449452054794521,0.44,0.458904109589041,0.0443548387096774,0.934883720930232,0.0539956803455724,0.0539956803455724,0.522876712328767,0.08,0.965753424657534,0.117647058823529,0.948430493273543,0.47324200913242,0.12,0.82648401826484,0.0379746835443038,0.942708333333333,7,1,20,1,0.578142857142857,-15.0857259901046,Bailey_tissue_specific_driver,TCGA_MC3_Bailey2018,463,25,438,20260934,pooled inner out-of-fold AUROC,pooled inner out-of-fold balanced-accuracy optimum,outer out-of-fold AUROC,AUROC >= 0.60 after inner-AUROC component tuning,TRUE,-0.00538812785388138,-0.0654337899543385,FALSE,FALSE,FALSE,TRUE
TITAN,driver_mutation,LUAD,ARID1A,0.419452054794521,0.479452054794521,0.0467996986486771,11,0.471780821917808,0.0569952974201655,0.440821917808219,0.32,0.561643835616438,0.04,0.935361216730038,0.0539956803455724,0.0539956803455724,0.50972602739726,0.04,0.979452054794521,0.1,0.947019867549669,0.506986301369863,0.24,0.773972602739726,0.0571428571428571,0.946927374301676,2,1,20,1,0.586142857142857,-3.5459393538217,Bailey_tissue_specific_driver,TCGA_MC3_Bailey2018,463,25,438,20260934,pooled inner out-of-fold AUROC,pooled inner out-of-fold balanced-accuracy optimum,outer out-of-fold AUROC,AUROC >= 0.60 after inner-AUROC component tuning,TRUE,0.0523287671232872,-0.0386301369863018,FALSE,FALSE,FALSE,TRUE
GigaSSL,driver_mutation,LUAD,ATM,0.520746098210887,0.506502981855095,0.0923467018124389,12,0.499936556274585,0.0831168520553892,0.509104174597132,0.513513513513514,0.504694835680751,0.0826086956521739,0.92274678111588,0.0799136069114471,0.0799136069114471,0.485915492957747,0,0.971830985915493,0,0.917960088691796,0.49486105824134,0.243243243243243,0.746478873239437,0.0769230769230769,0.919075144508671,4,2,9,0,0.574389051808407,-3.22799498859062,Bailey_tissue_specific_driver,TCGA_MC3_Bailey2018,463,37,426,20260935,pooled inner out-of-fold AUROC,pooled inner out-of-fold balanced-accuracy optimum,outer out-of-fold AUROC,AUROC >= 0.60 after inner-AUROC component tuning,TRUE,-0.0208095419363026,0.0026011927420373,FALSE,FALSE,FALSE,TRUE
ProvGigaPath,driver_mutation,LUAD,ATM,0.618830097703337,0.534101002410862,0.160036514752617,4,0.504694835680751,0.0925361076793854,0.537844182210379,0.486486486486487,0.589201877934272,0.0932642487046632,0.92962962962963,0.0799136069114471,0.0799136069114471,0.510595102144398,0.0540540540540541,0.967136150234742,0.125,0.921700223713647,0.524806496637483,0.27027027027027,0.779342723004695,0.0961538461538462,0.924791086350975,4,1,15,0,0.606842619745846,-4.51663879593777,Bailey_tissue_specific_driver,TCGA_MC3_Bailey2018,463,37,426,20260935,pooled inner out-of-fold AUROC,pooled inner out-of-fold balanced-accuracy optimum,outer out-of-fold AUROC,AUROC >= 0.60 after inner-AUROC component tuning,TRUE,-0.114135262022586,0.00374317979951744,FALSE,FALSE,FALSE,FALSE
TITAN,driver_mutation,LUAD,ATM,0.489975891384342,0.491213044029946,0.0805841209255816,5,0.570866641289177,0.104554188341324,0.518430402233219,0.405405405405405,0.631455399061033,0.0872093023255814,0.924398625429553,0.0799136069114471,0.0799136069114471,0.497652582159624,0,0.995305164319249,0,0.919739696312364,0.51313285116102,0.378378378378378,0.647887323943662,0.0853658536585366,0.923076923076923,2,1,2,0,0.602541544477028,-2.40750129770272,Bailey_tissue_specific_driver,TCGA_MC3_Bailey2018,463,37,426,20260935,pooled inner out-of-fold AUROC,pooled inner out-of-fold balanced-accuracy optimum,outer out-of-fold AUROC,AUROC >= 0.60 after inner-AUROC component tuning,TRUE,0.0808907499048345,0.0272173582032731,FALSE,FALSE,FALSE,TRUE
GigaSSL,driver_mutation,LUAD,BRAF,0.517827686841771,0.514116228904961,0.0920479889130813,6,0.480205557670346,0.082379054303016,0.443408196929324,0.567567567567568,0.31924882629108,0.067524115755627,0.894736842105263,0.0799136069114471,0.0799136069114471,0.500602715391448,0.027027027027027,0.974178403755868,0.0833333333333333,0.920177383592018,0.514877553609948,0.351351351351351,0.678403755868545,0.0866666666666667,0.92332268370607,1,1,16,0,0.547870182555781,-3.64480382406854,Bailey_tissue_specific_driver,TCGA_MC3_Bailey2018,463,37,426,20260936,pooled inner out-of-fold AUROC,pooled inner out-of-fold balanced-accuracy optimum,outer out-of-fold AUROC,AUROC >= 0.60 after inner-AUROC component tuning,TRUE,-0.0376221291714247,-0.0707080319756374,FALSE,FALSE,FALSE,TRUE
ProvGigaPath,driver_mutation,LUAD,BRAF,0.535909148585205,0.491815759421393,0.10431924794569,15,0.542063189950514,0.101091782780964,0.529215835553864,0.783783783783784,0.274647887323944,0.0857988165680473,0.936,0.0799136069114471,0.0799136069114471,0.510024108615658,0.0810810810810811,0.938967136150235,0.103448275862069,0.921658986175115,0.501839868037051,0.135135135135135,0.868544600938967,0.0819672131147541,0.920398009950249,6,3,17,0,0.581231671554252,-9.33715874097117,Bailey_tissue_specific_driver,TCGA_MC3_Bailey2018,463,37,426,20260936,pooled inner out-of-fold AUROC,pooled inner out-of-fold balanced-accuracy optimum,outer out-of-fold AUROC,AUROC >= 0.60 after inner-AUROC component tuning,TRUE,0.00615404136530895,0.0374000761324708,FALSE,FALSE,FALSE,TRUE
TITAN,driver_mutation,LUAD,BRAF,0.491561984519731,0.510024108615658,0.0874945016757553,14,0.485661718056084,0.0833354353427797,0.524425834284989,0.621621621621622,0.427230046948357,0.0861423220973783,0.928571428571429,0.0799136069114471,0.0799136069114471,0.504726557543459,0.0540540540540541,0.955399061032864,0.0952380952380952,0.920814479638009,0.497208476081716,0.243243243243243,0.751173708920188,0.0782608695652174,0.919540229885057,12,2,18,0,0.586914753766812,-7.27376851527386,Bailey_tissue_specific_driver,TCGA_MC3_Bailey2018,463,37,426,20260936,pooled inner out-of-fold AUROC,pooled inner out-of-fold balanced-accuracy optimum,outer out-of-fold AUROC,AUROC >= 0.60 after inner-AUROC component tuning,TRUE,-0.00590026646364672,0.0144017256693313,FALSE,FALSE,FALSE,TRUE
GigaSSL,driver_mutation,LUAD,EGFR,0.735106561503608,0.605512669911059,0.291775024148315,14,0.710521899647592,0.274283970074746,0.678574425239134,0.745762711864407,0.611386138613861,0.218905472636816,0.942748091603053,0.127429805615551,0.127429805615551,0.598653297533143,0.254237288135593,0.943069306930693,0.394736842105263,0.896470588235294,0.672176539687867,0.542372881355932,0.801980198019802,0.285714285714286,0.923076923076923,4,3,16,0,0.704499044858705,-3.02134419898209,Bailey_tissue_specific_driver,TCGA_MC3_Bailey2018,463,59,404,20260937,pooled inner out-of-fold AUROC,pooled inner out-of-fold balanced-accuracy optimum,outer out-of-fold AUROC,AUROC >= 0.60 after inner-AUROC component tuning,TRUE,-0.0245846618560162,0.0730617553280751,TRUE,TRUE,TRUE,TRUE
ProvGigaPath,driver_mutation,LUAD,EGFR,0.695250881020305,0.622650612518879,0.285622542107257,8,0.730449739889243,0.301439944793813,0.666282094311126,0.627118644067797,0.705445544554455,0.237179487179487,0.928338762214984,0.127429805615551,0.127429805615551,0.633600436314818,0.338983050847458,0.928217821782178,0.408163265306122,0.905797101449275,0.683503943614701,0.525423728813559,0.841584158415842,0.326315789473684,0.923913043478261,4,3,9,0,0.710559251696199,-3.14604974018191,Bailey_tissue_specific_driver,TCGA_MC3_Bailey2018,463,59,404,20260937,pooled inner out-of-fold AUROC,pooled inner out-of-fold balanced-accuracy optimum,outer out-of-fold AUROC,AUROC >= 0.60 after inner-AUROC component tuning,TRUE,0.0351988588689381,0.0436314817922471,TRUE,TRUE,TRUE,TRUE
TITAN,driver_mutation,LUAD,EGFR,0.694202047323376,0.630076355093136,0.300602835111228,7,0.719374056049673,0.355919108555066,0.644676120154388,0.677966101694915,0.611386138613861,0.203045685279188,0.928571428571429,0.127429805615551,0.127429805615551,0.577320020137607,0.169491525423729,0.985148514851485,0.625,0.890380313199105,0.683231246853499,0.661016949152542,0.705445544554455,0.246835443037975,0.934426229508197,2,2,5,0,0.718859100191028,-2.26418746478272,Bailey_tissue_specific_driver,TCGA_MC3_Bailey2018,463,59,404,20260937,pooled inner out-of-fold AUROC,pooled inner out-of-fold balanced-accuracy optimum,outer out-of-fold AUROC,AUROC >= 0.60 after inner-AUROC component tuning,TRUE,0.0251720087262968,0.0145997650612523,TRUE,TRUE,TRUE,TRUE
GigaSSL,driver_mutation,LUAD,KEAP1,0.58858592263792,0.537935954343691,0.235038025741872,14,0.596734305643627,0.232936633362161,0.569340519974635,0.72289156626506,0.415789473684211,0.212765957446809,0.87292817679558,0.1792656587473,0.1792656587473,0.526585288522511,0.108433734939759,0.944736842105263,0.3,0.829099307159353,0.563887127457197,0.469879518072289,0.657894736842105,0.230769230769231,0.850340136054422,3,1,6,0,0.589895915161037,-2.43191425822723,Bailey_tissue_specific_driver,TCGA_MC3_Bailey2018,463,83,380,20260938,pooled inner out-of-fold AUROC,pooled inner out-of-fold balanced-accuracy optimum,outer out-of-fold AUROC,AUROC >= 0.60 after inner-AUROC component tuning,TRUE,0.00814838300570719,0.0314045656309444,FALSE,FALSE,FALSE,TRUE
ProvGigaPath,driver_mutation,LUAD,KEAP1,0.633354470513634,0.561271401395054,0.269627855954183,10,0.647019657577679,0.266573166304108,0.635605580215599,0.855421686746988,0.415789473684211,0.242320819112628,0.929411764705882,0.1792656587473,0.1792656587473,0.569166138237159,0.240963855421687,0.897368421052632,0.338983050847458,0.844059405940594,0.578154724159797,0.445783132530121,0.710526315789474,0.251700680272109,0.854430379746835,4,2,5,0,0.671052631578947,-4.26798331425179,Bailey_tissue_specific_driver,TCGA_MC3_Bailey2018,463,83,380,20260938,pooled inner out-of-fold AUROC,pooled inner out-of-fold balanced-accuracy optimum,outer out-of-fold AUROC,AUROC >= 0.60 after inner-AUROC component tuning,TRUE,0.0136651870640451,0.0743341788205452,FALSE,TRUE,TRUE,TRUE
TITAN,driver_mutation,LUAD,KEAP1,0.663062777425492,0.553170577045022,0.290819909761684,7,0.691693088142042,0.323895028976205,0.631246036778694,0.807228915662651,0.455263157894737,0.244525547445256,0.915343915343915,0.1792656587473,0.1792656587473,0.572907419150285,0.216867469879518,0.928947368421053,0.4,0.844497607655502,0.628424223208624,0.55421686746988,0.702631578947368,0.289308176100629,0.87828947368421,4,2,6,0,0.688845693779904,-2.45118780987716,Bailey_tissue_specific_driver,TCGA_MC3_Bailey2018,463,83,380,20260938,pooled inner out-of-fold AUROC,pooled inner out-of-fold balanced-accuracy optimum,outer out-of-fold AUROC,AUROC >= 0.60 after inner-AUROC component tuning,TRUE,0.0286303107165499,0.0780754597336717,FALSE,TRUE,TRUE,TRUE
GigaSSL,driver_mutation,LUAD,KRAS,0.576360017691287,0.54938080495356,0.352947188862318,9,0.567823971693941,0.346775069347538,0.55734188412207,0.442857142857143,0.671826625386997,0.369047619047619,0.735593220338983,0.302375809935205,0.302375809935205,0.536643078283945,0.271428571428571,0.801857585139319,0.372549019607843,0.717451523545706,0.558292790800531,0.457142857142857,0.659442724458204,0.367816091954023,0.737024221453287,9,6,12,0,0.593491450634308,-0.646040914183296,Bailey_tissue_specific_driver,TCGA_MC3_Bailey2018,463,140,323,20260939,pooled inner out-of-fold AUROC,pooled inner out-of-fold balanced-accuracy optimum,outer out-of-fold AUROC,AUROC >= 0.60 after inner-AUROC component tuning,TRUE,-0.00853604599734625,0.00796107916850986,FALSE,FALSE,FALSE,FALSE
ProvGigaPath,driver_mutation,LUAD,KRAS,0.614197257850509,0.629268022998673,0.422328313604995,5,0.58328173374613,0.381466556954402,0.581744803184432,0.507142857142857,0.656346749226006,0.39010989010989,0.754448398576512,0.302375809935205,0.302375809935205,0.593310482087572,0.378571428571429,0.808049535603715,0.460869565217391,0.75,0.591629809818664,0.492857142857143,0.690402476780186,0.408284023668639,0.758503401360544,5,2,20,1,0.6396166574738,-0.735505051169696,Bailey_tissue_specific_driver,TCGA_MC3_Bailey2018,463,140,323,20260939,pooled inner out-of-fold AUROC,pooled inner out-of-fold balanced-accuracy optimum,outer out-of-fold AUROC,AUROC >= 0.60 after inner-AUROC component tuning,TRUE,-0.030915524104379,-0.0475232198142414,TRUE,FALSE,FALSE,FALSE
TITAN,driver_mutation,LUAD,KRAS,0.593210968597966,0.57390535161433,0.383465228803292,12,0.573662096417514,0.368602780974999,0.573418841220699,0.428571428571429,0.718266253869969,0.397350993377483,0.743589743589744,0.302375809935205,0.302375809935205,0.559265811587793,0.285714285714286,0.8328173374613,0.425531914893617,0.7289972899729,0.552222467934542,0.435714285714286,0.668730650154799,0.363095238095238,0.732203389830509,10,1,14,0,0.623235049833887,-0.44606908515496,Bailey_tissue_specific_driver,TCGA_MC3_Bailey2018,463,140,323,20260939,pooled inner out-of-fold AUROC,pooled inner out-of-fold balanced-accuracy optimum,outer out-of-fold AUROC,AUROC >= 0.60 after inner-AUROC component tuning,TRUE,-0.0195488721804515,-0.000486510393631234,FALSE,FALSE,FALSE,TRUE
GigaSSL,driver_mutation,LUAD,MGA,0.457194899817851,0.484777517564403,0.0704714500525097,3,0.477296383034088,0.10010067015423,0.505464480874317,0.666666666666667,0.344262295081967,0.0789473684210526,0.924528301886792,0.0777537796976242,0.0777537796976242,0.496324486078584,0.0277777777777778,0.964871194379391,0.0625,0.921700223713647,0.472775175644028,0.25,0.695550351288056,0.0647482014388489,0.916666666666667,1,1,19,0,0.533776971163541,-3.04259593139013,Bailey_tissue_specific_driver,TCGA_MC3_Bailey2018,463,36,427,20260940,pooled inner out-of-fold AUROC,pooled inner out-of-fold balanced-accuracy optimum,outer out-of-fold AUROC,AUROC >= 0.60 after inner-AUROC component tuning,TRUE,0.0201014832162369,0.0206869633099139,FALSE,FALSE,FALSE,TRUE
ProvGigaPath,driver_mutation,LUAD,MGA,0.415430653135571,0.473067915690867,0.0632994838896726,7,0.397540983606557,0.0612093839371835,0.44288316419464,0.555555555555556,0.330210772833724,0.065359477124183,0.898089171974522,0.0777537796976242,0.0777537796976242,0.468384074941452,0,0.936768149882904,0,0.91743119266055,0.416861826697892,0,0.833723653395785,0,0.908163265306122,6,4,14,0,0.516434765073604,-11.285172914471,Bailey_tissue_specific_driver,TCGA_MC3_Bailey2018,463,36,427,20260940,pooled inner out-of-fold AUROC,pooled inner out-of-fold balanced-accuracy optimum,outer out-of-fold AUROC,AUROC >= 0.60 after inner-AUROC component tuning,TRUE,-0.0178896695290136,-0.0301847514962274,FALSE,FALSE,FALSE,TRUE
TITAN,driver_mutation,LUAD,MGA,0.501626333593547,0.490469685141816,0.0803213403686264,7,0.51496226906063,0.0879928716003848,0.549603174603175,0.527777777777778,0.571428571428571,0.0940594059405941,0.934865900383142,0.0777537796976242,0.0777537796976242,0.498829039812646,0,0.997658079625293,0,0.922077922077922,0.530347384855582,0.416666666666667,0.644028103044497,0.0898203592814371,0.929054054054054,1,1,5,0,0.589332526719097,-2.66196698778588,Bailey_tissue_specific_driver,TCGA_MC3_Bailey2018,463,36,427,20260940,pooled inner out-of-fold AUROC,pooled inner out-of-fold balanced-accuracy optimum,outer out-of-fold AUROC,AUROC >= 0.60 after inner-AUROC component tuning,TRUE,0.0133359354670827,0.0591334894613587,FALSE,FALSE,FALSE,TRUE
GigaSSL,driver_mutation,LUAD,NF1,0.58832425892317,0.529232564169043,0.163814170520235,8,0.585645147351137,0.164716566452923,0.580114078299196,0.578947368421053,0.58128078817734,0.16256157635468,0.907692307692308,0.123110151187905,0.123110151187905,0.505077348543773,0.0175438596491228,0.992610837438424,0.25,0.877995642701525,0.567042606516291,0.491228070175439,0.642857142857143,0.161849710982659,0.9,1,1,6,0,0.610356652949246,-2.14459272403679,Bailey_tissue_specific_driver,TCGA_MC3_Bailey2018,463,57,406,20260941,pooled inner out-of-fold AUROC,pooled inner out-of-fold balanced-accuracy optimum,outer out-of-fold AUROC,AUROC >= 0.60 after inner-AUROC component tuning,TRUE,-0.00267911157203349,0.0508815141301533,FALSE,FALSE,FALSE,TRUE
ProvGigaPath,driver_mutation,LUAD,NF1,0.500475326246651,0.508750324086077,0.135503570834662,17,0.569656900872872,0.144861688176426,0.576851611788091,0.771929824561403,0.381773399014778,0.149152542372881,0.922619047619048,0.123110151187905,0.123110151187905,0.496456658888601,0.0175438596491228,0.975369458128079,0.0909090909090909,0.876106194690266,0.512423299628381,0.298245614035088,0.726600985221675,0.1328125,0.880597014925373,2,1,7,0,0.620987654320988,-3.83950694553398,Bailey_tissue_specific_driver,TCGA_MC3_Bailey2018,463,57,406,20260941,pooled inner out-of-fold AUROC,pooled inner out-of-fold balanced-accuracy optimum,outer out-of-fold AUROC,AUROC >= 0.60 after inner-AUROC component tuning,TRUE,0.0691815746262208,0.0681012877020138,FALSE,FALSE,FALSE,TRUE
TITAN,driver_mutation,LUAD,NF1,0.616066027136808,0.518148820326679,0.18349979763745,11,0.63564082620344,0.187701959957854,0.595799844438683,0.68421052631579,0.507389162561576,0.163179916317992,0.919642857142857,0.123110151187905,0.123110151187905,0.507994123239132,0.0701754385964912,0.945812807881773,0.153846153846154,0.878718535469108,0.56505487857575,0.403508771929825,0.726600985221675,0.171641791044776,0.896656534954407,6,1,9,0,0.668561872909699,-3.58870221084245,Bailey_tissue_specific_driver,TCGA_MC3_Bailey2018,463,57,406,20260941,pooled inner out-of-fold AUROC,pooled inner out-of-fold balanced-accuracy optimum,outer out-of-fold AUROC,AUROC >= 0.60 after inner-AUROC component tuning,TRUE,0.0195747990666316,0.077651024112004,FALSE,FALSE,TRUE,TRUE
GigaSSL,driver_mutation,LUAD,PIK3CA,0.483805668016194,0.523587396585108,0.0732083642091939,8,0.449568737898257,0.0609898044434677,0.480857243443056,0.346153846153846,0.615560640732265,0.0508474576271187,0.94055944055944,0.0561555075593953,0.0561555075593953,0.505500792114064,0.0384615384615385,0.97254004576659,0.0769230769230769,0.944444444444444,0.506688963210702,0.230769230769231,0.782608695652174,0.0594059405940594,0.94475138121547,4,3,5,0,0.525850340136055,-3.05247840792345,Bailey_tissue_specific_driver,TCGA_MC3_Bailey2018,463,26,437,20260942,pooled inner out-of-fold AUROC,pooled inner out-of-fold balanced-accuracy optimum,outer out-of-fold AUROC,AUROC >= 0.60 after inner-AUROC component tuning,TRUE,-0.0342369301179367,-0.0427301531420522,FALSE,FALSE,FALSE,TRUE
ProvGigaPath,driver_mutation,LUAD,PIK3CA,0.527019890864285,0.523587396585108,0.106730442060259,9,0.507833127970428,0.0868600464124212,0.500836120401338,0.653846153846154,0.347826086956522,0.0562913907284768,0.944099378881988,0.0561555075593953,0.0561555075593953,0.520154902305932,0.0769230769230769,0.963386727688787,0.111111111111111,0.946067415730337,0.54374229889104,0.153846153846154,0.933638443935927,0.121212121212121,0.948837209302326,15,8,17,0,0.605714285714286,-18.6459891327595,Bailey_tissue_specific_driver,TCGA_MC3_Bailey2018,463,26,437,20260942,pooled inner out-of-fold AUROC,pooled inner out-of-fold balanced-accuracy optimum,outer out-of-fold AUROC,AUROC >= 0.60 after inner-AUROC component tuning,TRUE,-0.0191867628938572,-0.0227512761837702,FALSE,FALSE,FALSE,TRUE
TITAN,driver_mutation,LUAD,PIK3CA,0.684122513641964,0.546250660095054,0.133179123347118,4,0.646189051223376,0.122454914999631,0.607463474740363,0.615384615384615,0.59954233409611,0.0837696335078534,0.963235294117647,0.0561555075593953,0.0561555075593953,0.546250660095054,0.115384615384615,0.977116704805492,0.230769230769231,0.948888888888889,0.562533004752685,0.269230769230769,0.8558352402746,0.1,0.951653944020356,4,3,6,0,0.721224489795918,-5.2368338799575,Bailey_tissue_specific_driver,TCGA_MC3_Bailey2018,463,26,437,20260942,pooled inner out-of-fold AUROC,pooled inner out-of-fold balanced-accuracy optimum,outer out-of-fold AUROC,AUROC >= 0.60 after inner-AUROC component tuning,TRUE,-0.0379334624185878,0.0612128146453087,FALSE,TRUE,TRUE,FALSE
GigaSSL,driver_mutation,LUAD,RB1,0.537990867579909,0.481735159817352,0.0657713951677895,8,0.532054794520548,0.0765737094645534,0.508264840182648,0.48,0.536529680365297,0.0558139534883721,0.94758064516129,0.0539956803455724,0.0539956803455724,0.504018264840183,0.04,0.968036529680365,0.0666666666666667,0.946428571428571,0.555525114155251,0.28,0.831050228310502,0.0864197530864198,0.952879581151833,5,2,20,1,0.635042735042735,-4.82132538350135,Bailey_tissue_specific_driver,TCGA_MC3_Bailey2018,463,25,438,20260943,pooled inner out-of-fold AUROC,pooled inner out-of-fold balanced-accuracy optimum,outer out-of-fold AUROC,AUROC >= 0.60 after inner-AUROC component tuning,TRUE,-0.00593607305936106,0.0265296803652964,FALSE,FALSE,FALSE,TRUE
ProvGigaPath,driver_mutation,LUAD,RB1,0.591232876712329,0.520593607305936,0.0879662327695184,9,0.574063926940639,0.0896587489063084,0.552876712328767,0.64,0.465753424657534,0.064,0.957746478873239,0.0539956803455724,0.0539956803455724,0.561735159817352,0.16,0.963470319634703,0.2,0.952595936794582,0.574337899543379,0.24,0.908675799086758,0.130434782608696,0.954436450839328,5,3,17,0,0.648857142857143,-11.3520816258892,Bailey_tissue_specific_driver,TCGA_MC3_Bailey2018,463,25,438,20260943,pooled inner out-of-fold AUROC,pooled inner out-of-fold balanced-accuracy optimum,outer out-of-fold AUROC,AUROC >= 0.60 after inner-AUROC component tuning,TRUE,-0.0171689497716898,0.0322831050228312,FALSE,FALSE,FALSE,TRUE
TITAN,driver_mutation,LUAD,RB1,0.562009132420091,0.501735159817352,0.0751277862254883,7,0.535159817351598,0.0814489170240269,0.538538812785388,0.52,0.557077625570776,0.0628019323671498,0.953125,0.0539956803455724,0.0539956803455724,0.526301369863014,0.08,0.972602739726027,0.142857142857143,0.948775055679287,0.546392694063927,0.28,0.812785388127854,0.0786516853932584,0.951871657754011,3,1,18,0,0.666571428571429,-4.40874620234289,Bailey_tissue_specific_driver,TCGA_MC3_Bailey2018,463,25,438,20260943,pooled inner out-of-fold AUROC,pooled inner out-of-fold balanced-accuracy optimum,outer out-of-fold AUROC,AUROC >= 0.60 after inner-AUROC component tuning,TRUE,-0.0268493150684929,0.0368036529680361,FALSE,FALSE,FALSE,TRUE
GigaSSL,driver_mutation,LUAD,RBM10,0.465609584214235,0.486046511627907,0.0637386037658212,2,0.522480620155039,0.0739719330870437,0.562579281183932,0.818181818181818,0.306976744186047,0.0830769230769231,0.956521739130435,0.0712742980561555,0.0712742980561555,0.488407329105004,0.0303030303030303,0.946511627906977,0.0416666666666667,0.927107061503417,0.457117688513037,0.121212121212121,0.793023255813954,0.0430107526881721,0.921621621621622,9,2,20,1,0.566525044722719,-6.30800834607729,Bailey_tissue_specific_driver,TCGA_MC3_Bailey2018,463,33,430,20260944,pooled inner out-of-fold AUROC,pooled inner out-of-fold balanced-accuracy optimum,outer out-of-fold AUROC,AUROC >= 0.60 after inner-AUROC component tuning,TRUE,0.0568710359408037,0.0765327695560254,FALSE,FALSE,FALSE,TRUE
ProvGigaPath,driver_mutation,LUAD,RBM10,0.538548273431994,0.510570824524313,0.0851260636444378,10,0.523114869626498,0.0885298055000852,0.533439041578577,0.757575757575758,0.309302325581395,0.077639751552795,0.943262411347518,0.0712742980561555,0.0712742980561555,0.508210007047216,0.0606060606060606,0.955813953488372,0.0952380952380952,0.929864253393665,0.519978858350951,0.181818181818182,0.858139534883721,0.0895522388059701,0.931818181818182,6,3,18,0,0.583184257602862,-11.5920837144452,Bailey_tissue_specific_driver,TCGA_MC3_Bailey2018,463,33,430,20260944,pooled inner out-of-fold AUROC,pooled inner out-of-fold balanced-accuracy optimum,outer out-of-fold AUROC,AUROC >= 0.60 after inner-AUROC component tuning,TRUE,-0.0154334038054964,0.0228682170542635,FALSE,FALSE,FALSE,TRUE
TITAN,driver_mutation,LUAD,RBM10,0.474207188160677,0.473291050035236,0.0661589450046375,14,0.459971811134602,0.0635380128420998,0.489006342494715,0.545454545454545,0.432558139534884,0.0687022900763359,0.925373134328358,0.0712742980561555,0.0712742980561555,0.491860465116279,0,0.983720930232558,0,0.927631578947368,0.457188160676533,0.181818181818182,0.732558139534884,0.0495867768595041,0.921052631578947,3,2,5,0,0.590762273901809,-4.26590645228117,Bailey_tissue_specific_driver,TCGA_MC3_Bailey2018,463,33,430,20260944,pooled inner out-of-fold AUROC,pooled inner out-of-fold balanced-accuracy optimum,outer out-of-fold AUROC,AUROC >= 0.60 after inner-AUROC component tuning,TRUE,-0.0142353770260751,0.0157152924594785,FALSE,FALSE,FALSE,TRUE
GigaSSL,driver_mutation,LUAD,SETD2,0.596304849884527,0.512548113933795,0.0918652735164246,19,0.564588144726713,0.0784853684259964,0.539183987682833,0.533333333333333,0.545034642032333,0.0751173708920188,0.944,0.0647948164146868,0.0647948164146868,0.499345650500385,0.0333333333333333,0.965357967667437,0.0625,0.935123042505593,0.501501154734411,0.1,0.903002309468822,0.0666666666666667,0.935406698564593,18,2,20,1,0.575648414985591,-10.2642854834811,Bailey_tissue_specific_driver,TCGA_MC3_Bailey2018,463,30,433,20260945,pooled inner out-of-fold AUROC,pooled inner out-of-fold balanced-accuracy optimum,outer out-of-fold AUROC,AUROC >= 0.60 after inner-AUROC component tuning,TRUE,-0.0317167051578142,0.026635873749038,FALSE,FALSE,FALSE,TRUE
ProvGigaPath,driver_mutation,LUAD,SETD2,0.49183987682833,0.484334103156274,0.0679711286660037,18,0.466050808314088,0.066897803635662,0.508506543494996,0.566666666666667,0.450346420323326,0.0666666666666667,0.9375,0.0647948164146868,0.0647948164146868,0.50050038491147,0.0333333333333333,0.967667436489607,0.0666666666666667,0.935267857142857,0.519822940723634,0.166666666666667,0.872979214780601,0.0833333333333333,0.937965260545906,5,1,12,0,0.559438040345821,-6.69227568826207,Bailey_tissue_specific_driver,TCGA_MC3_Bailey2018,463,30,433,20260945,pooled inner out-of-fold AUROC,pooled inner out-of-fold balanced-accuracy optimum,outer out-of-fold AUROC,AUROC >= 0.60 after inner-AUROC component tuning,TRUE,-0.0257890685142423,0.0241724403387221,FALSE,FALSE,FALSE,TRUE
TITAN,driver_mutation,LUAD,SETD2,0.515165511932256,0.490107775211701,0.0716348980990197,14,0.491224018475751,0.0701441033874085,0.466782140107775,0.633333333333333,0.300230946882217,0.0590062111801242,0.921985815602837,0.0647948164146868,0.0647948164146868,0.497036181678214,0.0333333333333333,0.960739030023095,0.0555555555555556,0.934831460674157,0.499538106235566,0.2,0.799076212471132,0.0645161290322581,0.935135135135135,7,3,8,0,0.560573217726397,-6.95879616075713,Bailey_tissue_specific_driver,TCGA_MC3_Bailey2018,463,30,433,20260945,pooled inner out-of-fold AUROC,pooled inner out-of-fold balanced-accuracy optimum,outer out-of-fold AUROC,AUROC >= 0.60 after inner-AUROC component tuning,TRUE,-0.0239414934565054,-0.0233256351039258,FALSE,FALSE,FALSE,TRUE
GigaSSL,driver_mutation,LUAD,SMARCA4,0.631472807702316,0.527452511059068,0.124210058638967,8,0.611891751236014,0.118980336144146,0.592928701535259,0.527777777777778,0.65807962529274,0.115151515151515,0.942953020134228,0.0777537796976242,0.0777537796976242,0.503350247202706,0.0277777777777778,0.978922716627635,0.1,0.922737306843267,0.568826437678897,0.444444444444444,0.693208430913349,0.108843537414966,0.936708860759494,1,1,5,0,0.689655172413793,-2.49737289083873,Bailey_tissue_specific_driver,TCGA_MC3_Bailey2018,463,36,427,20260946,pooled inner out-of-fold AUROC,pooled inner out-of-fold balanced-accuracy optimum,outer out-of-fold AUROC,AUROC >= 0.60 after inner-AUROC component tuning,TRUE,-0.0195810564663024,0.0654761904761909,FALSE,FALSE,TRUE,TRUE
ProvGigaPath,driver_mutation,LUAD,SMARCA4,0.616185271922977,0.572632058287796,0.151198551711397,14,0.586586000520427,0.0995469215134169,0.566191777257351,0.694444444444445,0.437939110070258,0.0943396226415094,0.944444444444444,0.0777537796976242,0.0777537796976242,0.489461358313817,0,0.978922716627635,0,0.920704845814978,0.569314337756961,0.361111111111111,0.77751756440281,0.12037037037037,0.935211267605634,2,2,4,0,0.606170598911071,-4.20802990854564,Bailey_tissue_specific_driver,TCGA_MC3_Bailey2018,463,36,427,20260946,pooled inner out-of-fold AUROC,pooled inner out-of-fold balanced-accuracy optimum,outer out-of-fold AUROC,AUROC >= 0.60 after inner-AUROC component tuning,TRUE,-0.0295992714025503,-0.00644028103044492,FALSE,FALSE,FALSE,TRUE
TITAN,driver_mutation,LUAD,SMARCA4,0.586586000520427,0.499674733281291,0.100034330717709,10,0.626528753577934,0.118220147511548,0.627406973718449,0.638888888888889,0.615925058548009,0.122994652406417,0.952898550724638,0.0777537796976242,0.0777537796976242,0.506863127764767,0.0277777777777778,0.985948477751757,0.142857142857143,0.923245614035088,0.633424408014572,0.611111111111111,0.655737704918033,0.130177514792899,0.952380952380952,1,1,6,0,0.669590643274854,-2.51029714122554,Bailey_tissue_specific_driver,TCGA_MC3_Bailey2018,463,36,427,20260946,pooled inner out-of-fold AUROC,pooled inner out-of-fold balanced-accuracy optimum,outer out-of-fold AUROC,AUROC >= 0.60 after inner-AUROC component tuning,TRUE,0.0399427530575069,0.127732240437158,FALSE,TRUE,TRUE,TRUE
GigaSSL,driver_mutation,LUAD,STK11,0.544060003015227,0.505408563244384,0.179448866088741,8,0.613259460274386,0.230318779146883,0.622663199155736,0.641791044776119,0.603535353535354,0.215,0.908745247148289,0.144708423326134,0.144708423326134,0.547998643147897,0.164179104477612,0.931818181818182,0.289473684210526,0.868235294117647,0.58648047640585,0.417910447761194,0.755050505050505,0.224,0.884615384615385,6,5,9,0,0.66668650675555,-2.34422711352199,Bailey_tissue_specific_driver,TCGA_MC3_Bailey2018,463,67,396,20260947,pooled inner out-of-fold AUROC,pooled inner out-of-fold balanced-accuracy optimum,outer out-of-fold AUROC,AUROC >= 0.60 after inner-AUROC component tuning,TRUE,0.0691994572591587,0.117254635911352,FALSE,TRUE,TRUE,TRUE
ProvGigaPath,driver_mutation,LUAD,STK11,0.666139001959898,0.623661993064978,0.317818052439357,8,0.740841248303935,0.330822231016322,0.683627317955676,0.761194029850746,0.606060606060606,0.246376811594203,0.9375,0.144708423326134,0.144708423326134,0.641225689733152,0.358208955223881,0.924242424242424,0.444444444444444,0.894865525672372,0.666383989145183,0.537313432835821,0.795454545454545,0.307692307692308,0.910404624277457,4,3,4,0,0.747750905479612,-3.50594394657665,Bailey_tissue_specific_driver,TCGA_MC3_Bailey2018,463,67,396,20260947,pooled inner out-of-fold AUROC,pooled inner out-of-fold balanced-accuracy optimum,outer out-of-fold AUROC,AUROC >= 0.60 after inner-AUROC component tuning,TRUE,0.0747022463440369,0.0599653248906982,TRUE,TRUE,TRUE,TRUE
TITAN,driver_mutation,LUAD,STK11,0.600972410673903,0.536408864767074,0.19909561490976,16,0.655284185134931,0.232937130469762,0.595224634403739,0.597014925373134,0.593434343434343,0.199004975124378,0.896946564885496,0.144708423326134,0.144708423326134,0.540649027589326,0.134328358208955,0.946969696969697,0.3,0.866050808314088,0.604515302276496,0.537313432835821,0.671717171717172,0.216867469879518,0.895622895622896,2,1,4,0,0.717548779062975,-2.19248436729403,Bailey_tissue_specific_driver,TCGA_MC3_Bailey2018,463,67,396,20260947,pooled inner out-of-fold AUROC,pooled inner out-of-fold balanced-accuracy optimum,outer out-of-fold AUROC,AUROC >= 0.60 after inner-AUROC component tuning,TRUE,0.0543117744610284,0.0588157696366649,FALSE,FALSE,TRUE,TRUE
GigaSSL,driver_mutation,LUAD,TP53,0.719870861792259,0.680214981525025,0.688703614916471,2,0.714757585936625,0.6791575257193,0.677378419736498,0.752136752136752,0.602620087336245,0.659176029962547,0.704081632653061,0.505399568034557,0.505399568034557,0.658660844250364,0.666666666666667,0.650655021834061,0.661016949152542,0.656387665198238,0.65438733997686,0.658119658119658,0.650655021834061,0.658119658119658,0.650655021834061,6,2,7,0,0.739487449227083,-0.332514104347621,Bailey_tissue_specific_driver,TCGA_MC3_Bailey2018,463,234,229,20260948,pooled inner out-of-fold AUROC,pooled inner out-of-fold balanced-accuracy optimum,outer out-of-fold AUROC,AUROC >= 0.60 after inner-AUROC component tuning,TRUE,-0.00511327585563381,-0.00283656178852676,TRUE,TRUE,TRUE,TRUE
ProvGigaPath,driver_mutation,LUAD,TP53,0.764117493375135,0.734146978688463,0.709179984872611,2,0.75792184525809,0.7117705264907,0.726990258649647,0.807692307692308,0.646288209606987,0.7,0.766839378238342,0.505399568034557,0.505399568034557,0.727550106371067,0.756410256410256,0.698689956331878,0.719512195121951,0.737327188940092,0.729733512484604,0.756410256410256,0.703056768558952,0.722448979591837,0.738532110091743,3,2,3,0,0.755939335495748,-0.108624018836142,Bailey_tissue_specific_driver,TCGA_MC3_Bailey2018,463,234,229,20260948,pooled inner out-of-fold AUROC,pooled inner out-of-fold balanced-accuracy optimum,outer out-of-fold AUROC,AUROC >= 0.60 after inner-AUROC component tuning,TRUE,-0.00619564811704521,-0.00715672003881573,TRUE,TRUE,TRUE,TRUE
TITAN,driver_mutation,LUAD,TP53,0.75680214981525,0.72508677639682,0.695251941066379,3,0.749225543985369,0.696843040533621,0.699259134848655,0.747863247863248,0.650655021834061,0.686274509803922,0.716346153846154,0.505399568034557,0.505399568034557,0.701722464822901,0.722222222222222,0.681222707423581,0.698347107438017,0.705882352941177,0.703905870936439,0.722222222222222,0.685589519650655,0.701244813278008,0.707207207207207,4,2,14,0,0.767160515472955,0.047463448136104,Bailey_tissue_specific_driver,TCGA_MC3_Bailey2018,463,234,229,20260948,pooled inner out-of-fold AUROC,pooled inner out-of-fold balanced-accuracy optimum,outer out-of-fold AUROC,AUROC >= 0.60 after inner-AUROC component tuning,TRUE,-0.00757660582988062,-0.0258276415481654,TRUE,TRUE,TRUE,TRUE
GigaSSL,driver_mutation,LUSC,ARHGAP35,0.541917759659695,0.500797589507267,0.067503914229068,5,0.572226160935838,0.0719965025215301,0.585785182559376,0.692307692307692,0.47926267281106,0.0737704918032787,0.962962962962963,0.0565217391304348,0.0565217391304348,0.48963133640553,0,0.97926267281106,0,0.942350332594235,0.544399149237859,0.307692307692308,0.78110599078341,0.0776699029126214,0.949579831932773,4,3,8,0,0.607931933580349,-4.82791468613616,Bailey_tissue_specific_driver,TCGA_MC3_Bailey2018,460,26,434,20260949,pooled inner out-of-fold AUROC,pooled inner out-of-fold balanced-accuracy optimum,outer out-of-fold AUROC,AUROC >= 0.60 after inner-AUROC component tuning,TRUE,0.0303084012761433,0.084987593052109,FALSE,FALSE,FALSE,TRUE
ProvGigaPath,driver_mutation,LUSC,ARHGAP35,0.636476426799007,0.542715349166962,0.099477131479813,9,0.704271534916696,0.159391887859962,0.588532435306629,0.769230769230769,0.407834101382489,0.072202166064982,0.967213114754098,0.0565217391304348,0.0565217391304348,0.593495214462956,0.230769230769231,0.956221198156682,0.24,0.954022988505747,0.618131868131868,0.307692307692308,0.928571428571429,0.205128205128205,0.957244655581948,9,9,10,0,0.634099616858238,-15.6736863172229,Bailey_tissue_specific_driver,TCGA_MC3_Bailey2018,460,26,434,20260949,pooled inner out-of-fold AUROC,pooled inner out-of-fold balanced-accuracy optimum,outer out-of-fold AUROC,AUROC >= 0.60 after inner-AUROC component tuning,TRUE,0.0677951081176893,0.045817086139667,FALSE,FALSE,TRUE,FALSE
TITAN,driver_mutation,LUSC,ARHGAP35,0.529953917050691,0.50771003190358,0.0831938500164386,4,0.618574973413683,0.08935794619975,0.589595887982985,0.653846153846154,0.525345622119816,0.0762331838565022,0.962025316455696,0.0565217391304348,0.0565217391304348,0.498847926267281,0,0.997695852534562,0,0.943355119825708,0.59952144629564,0.576923076923077,0.622119815668203,0.0837988826815642,0.96085409252669,1,1,2,0,0.596253602305476,-2.94614524096541,Bailey_tissue_specific_driver,TCGA_MC3_Bailey2018,460,26,434,20260949,pooled inner out-of-fold AUROC,pooled inner out-of-fold balanced-accuracy optimum,outer out-of-fold AUROC,AUROC >= 0.60 after inner-AUROC component tuning,TRUE,0.0886210563629921,0.0818858560794048,FALSE,FALSE,TRUE,TRUE
GigaSSL,driver_mutation,LUSC,ARID1A,0.528987141890368,0.500977517106549,0.089438362443288,2,0.563876983231822,0.0914597250544978,0.540529363110008,0.645161290322581,0.435897435897436,0.0763358778625954,0.944444444444444,0.0673913043478261,0.0673913043478261,0.497668997668998,0,0.995337995337995,0,0.932314410480349,0.525904203323558,0.354838709677419,0.696969696969697,0.0780141843971631,0.93730407523511,2,2,3,0,0.591107871720117,-3.83589461625948,Bailey_tissue_specific_driver,TCGA_MC3_Bailey2018,460,31,429,20260950,pooled inner out-of-fold AUROC,pooled inner out-of-fold balanced-accuracy optimum,outer out-of-fold AUROC,AUROC >= 0.60 after inner-AUROC component tuning,TRUE,0.0348898413414539,0.0395518460034593,FALSE,FALSE,FALSE,FALSE
ProvGigaPath,driver_mutation,LUSC,ARID1A,0.556207233626588,0.550342130987292,0.100535943799018,13,0.562899466125273,0.104214377097899,0.547334386044064,0.67741935483871,0.417249417249417,0.0774907749077491,0.947089947089947,0.0673913043478261,0.0673913043478261,0.504474020603053,0.032258064516129,0.976689976689977,0.0909090909090909,0.933184855233853,0.555229716520039,0.32258064516129,0.787878787878788,0.099009900990099,0.94150417827298,3,1,6,0,0.626588921282799,-5.1147210729157,Bailey_tissue_specific_driver,TCGA_MC3_Bailey2018,460,31,429,20260950,pooled inner out-of-fold AUROC,pooled inner out-of-fold balanced-accuracy optimum,outer out-of-fold AUROC,AUROC >= 0.60 after inner-AUROC component tuning,TRUE,0.00669223249868456,-0.00300774494322853,FALSE,FALSE,FALSE,TRUE
TITAN,driver_mutation,LUSC,ARID1A,0.486577938190841,0.5031205353786,0.0724893326181922,9,0.548763064892097,0.0877282800242428,0.591999398451011,0.612903225806452,0.571095571095571,0.0935960591133005,0.953307392996109,0.0673913043478261,0.0673913043478261,0.506617038875103,0.0645161290322581,0.948717948717949,0.0833333333333333,0.93348623853211,0.510527107301301,0.193548387096774,0.827505827505827,0.075,0.93421052631579,8,2,19,0,0.607813411078717,-6.9449423904806,Bailey_tissue_specific_driver,TCGA_MC3_Bailey2018,460,31,429,20260950,pooled inner out-of-fold AUROC,pooled inner out-of-fold balanced-accuracy optimum,outer out-of-fold AUROC,AUROC >= 0.60 after inner-AUROC component tuning,TRUE,0.0621851267012561,0.0888788630724113,FALSE,FALSE,FALSE,TRUE
GigaSSL,driver_mutation,LUSC,CDKN2A,0.466123949579832,0.475165066026411,0.134267798190727,9,0.540366146458583,0.163161973301388,0.529261704681873,0.691176470588235,0.36734693877551,0.159322033898305,0.872727272727273,0.147826086956522,0.147826086956522,0.491071428571429,0,0.982142857142857,0,0.849889624724062,0.528886554621849,0.397058823529412,0.660714285714286,0.16875,0.863333333333333,2,1,3,0,0.579043900130162,-2.43108962122764,Bailey_tissue_specific_driver,TCGA_MC3_Bailey2018,460,68,392,20260951,pooled inner out-of-fold AUROC,pooled inner out-of-fold balanced-accuracy optimum,outer out-of-fold AUROC,AUROC >= 0.60 after inner-AUROC component tuning,TRUE,0.0742421968787514,0.0540966386554617,FALSE,FALSE,FALSE,TRUE
ProvGigaPath,driver_mutation,LUSC,CDKN2A,0.577243397358944,0.565051020408163,0.202226479022546,11,0.584671368547419,0.188262756474438,0.561524609843938,0.735294117647059,0.387755102040816,0.172413793103448,0.894117647058824,0.147826086956522,0.147826086956522,0.550345138055222,0.220588235294118,0.880102040816326,0.241935483870968,0.866834170854271,0.542466986794718,0.294117647058824,0.790816326530612,0.196078431372549,0.865921787709497,9,7,12,0,0.603123890663827,-7.22315062542735,Bailey_tissue_specific_driver,TCGA_MC3_Bailey2018,460,68,392,20260951,pooled inner out-of-fold AUROC,pooled inner out-of-fold balanced-accuracy optimum,outer out-of-fold AUROC,AUROC >= 0.60 after inner-AUROC component tuning,TRUE,0.00742797118847494,-0.00352641056422542,FALSE,FALSE,FALSE,TRUE
TITAN,driver_mutation,LUSC,CDKN2A,0.535826830732293,0.503976590636255,0.168819556341085,11,0.531625150060024,0.164213784163973,0.531812725090036,0.441176470588235,0.622448979591837,0.168539325842697,0.865248226950355,0.147826086956522,0.147826086956522,0.497223889555822,0.0735294117647059,0.920918367346939,0.138888888888889,0.851415094339623,0.535189075630252,0.338235294117647,0.732142857142857,0.1796875,0.864457831325301,9,1,20,1,0.598031268094962,-2.15694997871997,Bailey_tissue_specific_driver,TCGA_MC3_Bailey2018,460,68,392,20260951,pooled inner out-of-fold AUROC,pooled inner out-of-fold balanced-accuracy optimum,outer out-of-fold AUROC,AUROC >= 0.60 after inner-AUROC component tuning,TRUE,-0.004201680672269,0.027836134453781,FALSE,FALSE,FALSE,TRUE
GigaSSL,driver_mutation,LUSC,CUL3,0.533241379310345,0.482758620689655,0.0704731878504386,14,0.535080459770115,0.0654097049422943,0.500689655172414,0.56,0.441379310344828,0.0544747081712062,0.945812807881773,0.0543478260869565,0.0543478260869565,0.498850574712644,0,0.997701149425287,0,0.945533769063181,0.548965517241379,0.36,0.737931034482759,0.0731707317073171,0.952522255192878,3,1,4,0,0.608477011494253,-4.21262648249306,Bailey_tissue_specific_driver,TCGA_MC3_Bailey2018,460,25,435,20260952,pooled inner out-of-fold AUROC,pooled inner out-of-fold balanced-accuracy optimum,outer out-of-fold AUROC,AUROC >= 0.60 after inner-AUROC component tuning,TRUE,0.00183908045976999,0.0179310344827588,FALSE,FALSE,FALSE,TRUE
ProvGigaPath,driver_mutation,LUSC,CUL3,0.522298850574713,0.501609195402299,0.0625594478944231,8,0.490942528735632,0.0553692927548417,0.552873563218391,0.8,0.305747126436782,0.062111801242236,0.963768115942029,0.0543478260869565,0.0543478260869565,0.480459770114943,0,0.960919540229885,0,0.943566591422122,0.493793103448276,0.16,0.827586206896552,0.0506329113924051,0.944881889763779,6,2,20,1,0.585201149425287,-10.1110181754367,Bailey_tissue_specific_driver,TCGA_MC3_Bailey2018,460,25,435,20260952,pooled inner out-of-fold AUROC,pooled inner out-of-fold balanced-accuracy optimum,outer out-of-fold AUROC,AUROC >= 0.60 after inner-AUROC component tuning,TRUE,-0.0313563218390808,0.0512643678160918,FALSE,FALSE,FALSE,TRUE
TITAN,driver_mutation,LUSC,CUL3,0.563954022988506,0.489655172413793,0.0634588146729444,4,0.512275862068965,0.0614250336463954,0.537471264367816,0.56,0.514942528735632,0.0622222222222222,0.953191489361702,0.0543478260869565,0.0543478260869565,0.494252873563218,0,0.988505747126437,0,0.945054945054945,0.52551724137931,0.32,0.731034482758621,0.064,0.949253731343284,2,2,14,0,0.628735632183908,-3.60252737350291,Bailey_tissue_specific_driver,TCGA_MC3_Bailey2018,460,25,435,20260952,pooled inner out-of-fold AUROC,pooled inner out-of-fold balanced-accuracy optimum,outer out-of-fold AUROC,AUROC >= 0.60 after inner-AUROC component tuning,TRUE,-0.0516781609195406,0.0478160919540231,FALSE,FALSE,FALSE,TRUE
GigaSSL,driver_mutation,LUSC,FAT1,0.500208879267783,0.476757434203031,0.144829959316806,14,0.492917093919714,0.141147726348596,0.515286164596863,0.776119402985075,0.254452926208651,0.150724637681159,0.869565217391304,0.145652173913043,0.145652173913043,0.488549618320611,0,0.977099236641221,0,0.851441241685144,0.483935285405036,0.402985074626866,0.564885496183206,0.136363636363636,0.847328244274809,1,1,13,0,0.54103468547913,-2.49053950528039,Bailey_tissue_specific_driver,TCGA_MC3_Bailey2018,460,67,393,20260953,pooled inner out-of-fold AUROC,pooled inner out-of-fold balanced-accuracy optimum,outer out-of-fold AUROC,AUROC >= 0.60 after inner-AUROC component tuning,TRUE,-0.00729178534806863,0.038528730393832,FALSE,FALSE,FALSE,TRUE
ProvGigaPath,driver_mutation,LUSC,FAT1,0.505829630473586,0.493467775625688,0.143510688504882,1,0.533667540161787,0.154714781227059,0.550567771827883,0.805970149253731,0.295165394402036,0.163141993957704,0.89922480620155,0.145652173913043,0.145652173913043,0.5,0,1,,0.854347826086957,0.512342865823554,0.477611940298507,0.547073791348601,0.152380952380952,0.86,1,1,1,0,0.54320987654321,-2.35138732081619,Bailey_tissue_specific_driver,TCGA_MC3_Bailey2018,460,67,393,20260953,pooled inner out-of-fold AUROC,pooled inner out-of-fold balanced-accuracy optimum,outer out-of-fold AUROC,AUROC >= 0.60 after inner-AUROC component tuning,TRUE,0.0278379096882005,0.0570999962021954,FALSE,FALSE,FALSE,FALSE
TITAN,driver_mutation,LUSC,FAT1,0.491473928069576,0.507709543883635,0.149000620811661,6,0.517982606053701,0.150245191288685,0.521932323117238,0.417910447761194,0.625954198473283,0.16,0.863157894736842,0.145652173913043,0.145652173913043,0.486005089058524,0,0.972010178117048,0,0.850779510022272,0.519387793855152,0.417910447761194,0.620865139949109,0.15819209039548,0.862190812720848,1,1,6,0,0.59181588751352,-1.98347800713104,Bailey_tissue_specific_driver,TCGA_MC3_Bailey2018,460,67,393,20260953,pooled inner out-of-fold AUROC,pooled inner out-of-fold balanced-accuracy optimum,outer out-of-fold AUROC,AUROC >= 0.60 after inner-AUROC component tuning,TRUE,0.0265086779841249,0.0142227792336033,FALSE,FALSE,FALSE,TRUE
GigaSSL,driver_mutation,LUSC,FBXW7,0.667586206896552,0.585057471264368,0.174400877634943,16,0.611862068965517,0.138591176343514,0.570114942528736,0.6,0.540229885057471,0.0697674418604651,0.959183673469388,0.0543478260869565,0.0543478260869565,0.560459770114943,0.16,0.960919540229885,0.19047619047619,0.952164009111617,0.56367816091954,0.24,0.887356321839081,0.109090909090909,0.953086419753086,10,3,16,0,0.653735632183908,-7.47923747593002,Bailey_tissue_specific_driver,TCGA_MC3_Bailey2018,460,25,435,20260954,pooled inner out-of-fold AUROC,pooled inner out-of-fold balanced-accuracy optimum,outer out-of-fold AUROC,AUROC >= 0.60 after inner-AUROC component tuning,TRUE,-0.0557241379310348,-0.0149425287356324,FALSE,FALSE,TRUE,TRUE
ProvGigaPath,driver_mutation,LUSC,FBXW7,0.604781609195402,0.542758620689655,0.0991746581682609,4,0.578942528735632,0.0829362765732663,0.512183908045977,0.56,0.464367816091954,0.0566801619433198,0.948356807511737,0.0543478260869565,0.0543478260869565,0.530804597701149,0.08,0.981609195402299,0.2,0.948888888888889,0.533333333333333,0.2,0.866666666666667,0.0793650793650794,0.949622166246851,3,2,7,0,0.648706896551724,-7.56769488419587,Bailey_tissue_specific_driver,TCGA_MC3_Bailey2018,460,25,435,20260954,pooled inner out-of-fold AUROC,pooled inner out-of-fold balanced-accuracy optimum,outer out-of-fold AUROC,AUROC >= 0.60 after inner-AUROC component tuning,TRUE,-0.0258390804597698,-0.030574712643678,FALSE,FALSE,FALSE,TRUE
TITAN,driver_mutation,LUSC,FBXW7,0.617747126436782,0.513563218390805,0.0899747406194118,16,0.537195402298851,0.058544349735682,0.585057471264368,0.8,0.370114942528736,0.0680272108843538,0.969879518072289,0.0543478260869565,0.0543478260869565,0.479310344827586,0,0.958620689655172,0,0.943438914027149,0.474942528735632,0.12,0.829885057471264,0.038961038961039,0.942558746736293,6,1,19,0,0.64698275862069,-8.71857072794144,Bailey_tissue_specific_driver,TCGA_MC3_Bailey2018,460,25,435,20260954,pooled inner out-of-fold AUROC,pooled inner out-of-fold balanced-accuracy optimum,outer out-of-fold AUROC,AUROC >= 0.60 after inner-AUROC component tuning,TRUE,-0.0805517241379314,0.0714942528735628,FALSE,FALSE,FALSE,TRUE
GigaSSL,driver_mutation,LUSC,KDM6A,0.455580865603645,0.511281050005424,0.0468555543974694,5,0.556134070940449,0.0504120796537799,0.511118342553422,0.619047619047619,0.403189066059226,0.0472727272727273,0.956756756756757,0.0456521739130435,0.0456521739130435,0.479498861047836,0,0.958997722095672,0,0.952488687782805,0.457750298296995,0.0476190476190476,0.867881548974943,0.0169491525423729,0.950124688279302,18,1,20,2,0.637464387464387,-13.9646665279928,Bailey_tissue_specific_driver,TCGA_MC3_Bailey2018,460,21,439,20260955,pooled inner out-of-fold AUROC,pooled inner out-of-fold balanced-accuracy optimum,outer out-of-fold AUROC,AUROC >= 0.60 after inner-AUROC component tuning,TRUE,0.100553205336804,-0.000162707452001754,FALSE,FALSE,FALSE,TRUE
ProvGigaPath,driver_mutation,LUSC,KDM6A,0.522290920924178,0.537368478142966,0.0693733560135604,6,0.444299815598221,0.041984704230742,0.553747694977763,0.904761904761905,0.202733485193622,0.0514905149051491,0.978021978021978,0.0456521739130435,0.0456521739130435,0.486332574031891,0,0.972665148063781,0,0.953125,0.487254582926565,0.0952380952380952,0.879271070615034,0.0363636363636364,0.953086419753086,5,2,19,0,0.610859728506787,-10.8294228934921,Bailey_tissue_specific_driver,TCGA_MC3_Bailey2018,460,21,439,20260955,pooled inner out-of-fold AUROC,pooled inner out-of-fold balanced-accuracy optimum,outer out-of-fold AUROC,AUROC >= 0.60 after inner-AUROC component tuning,TRUE,-0.0779911053259569,0.0163792168347974,FALSE,FALSE,FALSE,TRUE
TITAN,driver_mutation,LUSC,KDM6A,0.403731424232563,0.496583143507973,0.0404304535462084,1,0.452760603102289,0.0429526188545449,0.431717105976787,0.476190476190476,0.387243735763098,0.03584229390681,0.939226519337017,0.0456521739130435,0.0456521739130435,0.486332574031891,0,0.972665148063781,0,0.953125,0.479281917778501,0.0952380952380952,0.863325740318907,0.032258064516129,0.952261306532663,5,3,20,1,0.556225909167086,-6.83807127643793,Bailey_tissue_specific_driver,TCGA_MC3_Bailey2018,460,21,439,20260955,pooled inner out-of-fold AUROC,pooled inner out-of-fold balanced-accuracy optimum,outer out-of-fold AUROC,AUROC >= 0.60 after inner-AUROC component tuning,TRUE,0.0490291788697258,-0.064866037531186,FALSE,FALSE,FALSE,TRUE
GigaSSL,driver_mutation,LUSC,KEAP1,0.600508173929719,0.551536507023347,0.208349558983874,6,0.63478594371734,0.220320053272197,0.616903974303658,0.627450980392157,0.606356968215159,0.16580310880829,0.928838951310862,0.110869565217391,0.110869565217391,0.526990747399204,0.0784313725490196,0.975550122249389,0.285714285714286,0.894618834080718,0.592310273742749,0.509803921568627,0.67481662591687,0.163522012578616,0.916943521594684,2,1,3,0,0.617513239352577,-2.36737740866455,Bailey_tissue_specific_driver,TCGA_MC3_Bailey2018,460,51,409,20260956,pooled inner out-of-fold AUROC,pooled inner out-of-fold balanced-accuracy optimum,outer out-of-fold AUROC,AUROC >= 0.60 after inner-AUROC component tuning,TRUE,0.0342777697876212,0.065367467280311,FALSE,TRUE,TRUE,TRUE
ProvGigaPath,driver_mutation,LUSC,KEAP1,0.57485977275996,0.549139460185052,0.145856550818931,12,0.579318279879189,0.149624422561802,0.577712258497531,0.568627450980392,0.58679706601467,0.146464646464646,0.916030534351145,0.110869565217391,0.110869565217391,0.524617671029292,0.137254901960784,0.9119804400978,0.162790697674419,0.894484412470024,0.572558607795196,0.352941176470588,0.792176039119804,0.174757281553398,0.907563025210084,4,3,19,0,0.623629447303647,-4.6892286870421,Bailey_tissue_specific_driver,TCGA_MC3_Bailey2018,460,51,409,20260956,pooled inner out-of-fold AUROC,pooled inner out-of-fold balanced-accuracy optimum,outer out-of-fold AUROC,AUROC >= 0.60 after inner-AUROC component tuning,TRUE,0.00445850711922879,0.0285727983124791,FALSE,FALSE,FALSE,TRUE
TITAN,driver_mutation,LUSC,KEAP1,0.613548108730045,0.515988302411429,0.170785326483635,3,0.646483532288221,0.228171696100838,0.597296131166403,0.588235294117647,0.606356968215159,0.157068062827225,0.921933085501859,0.110869565217391,0.110869565217391,0.541684644517954,0.0980392156862745,0.985330073349633,0.454545454545455,0.897550111358575,0.621650127043482,0.509803921568627,0.733496332518338,0.192592592592593,0.923076923076923,3,2,3,0,0.671440292384575,-2.0442090420462,Bailey_tissue_specific_driver,TCGA_MC3_Bailey2018,460,51,409,20260956,pooled inner out-of-fold AUROC,pooled inner out-of-fold balanced-accuracy optimum,outer out-of-fold AUROC,AUROC >= 0.60 after inner-AUROC component tuning,TRUE,0.0329354235581759,0.081307828754974,FALSE,FALSE,TRUE,FALSE
GigaSSL,driver_mutation,LUSC,KMT2D,0.517037883114411,0.481126431154986,0.243394661154141,7,0.556090397323978,0.254483827425176,0.535326752060047,0.650485436893204,0.420168067226891,0.244525547445256,0.806451612903226,0.223913043478261,0.223913043478261,0.492058959506133,0.0485436893203884,0.935574229691877,0.178571428571429,0.773148148148148,0.547850208044383,0.524271844660194,0.571428571428571,0.260869565217391,0.806324110671937,2,1,5,0,0.581741429302405,-1.65371291142083,Bailey_tissue_specific_driver,TCGA_MC3_Bailey2018,460,103,357,20260957,pooled inner out-of-fold AUROC,pooled inner out-of-fold balanced-accuracy optimum,outer out-of-fold AUROC,AUROC >= 0.60 after inner-AUROC component tuning,TRUE,0.0390525142095671,0.0542003209050613,FALSE,FALSE,FALSE,TRUE
ProvGigaPath,driver_mutation,LUSC,KMT2D,0.510021484321884,0.492521280356803,0.244699581216304,2,0.495798319327731,0.234939516965704,0.495186424084197,0.553398058252427,0.436974789915966,0.22093023255814,0.772277227722772,0.223913043478261,0.223913043478261,0.486919039460444,0.0970873786407767,0.876750700280112,0.185185185185185,0.770935960591133,0.484933779336978,0.359223300970874,0.610644257703081,0.210227272727273,0.767605633802817,2,2,9,0,0.560547710740265,-1.62125103079018,Bailey_tissue_specific_driver,TCGA_MC3_Bailey2018,460,103,357,20260957,pooled inner out-of-fold AUROC,pooled inner out-of-fold balanced-accuracy optimum,outer out-of-fold AUROC,AUROC >= 0.60 after inner-AUROC component tuning,TRUE,-0.0142231649941529,0.00266514372739379,FALSE,FALSE,FALSE,FALSE
TITAN,driver_mutation,LUSC,KMT2D,0.548040575453482,0.503712164477441,0.249313415904943,17,0.559788964129341,0.260022348779079,0.583326534497294,0.572815533980583,0.593837535014006,0.28921568627451,0.828125,0.223913043478261,0.223913043478261,0.531070680699464,0.233009708737864,0.829131652661065,0.282352941176471,0.789333333333333,0.540861004596013,0.378640776699029,0.703081232492997,0.268965517241379,0.796825396825397,13,5,15,0,0.618955926401369,-2.00512416736471,Bailey_tissue_specific_driver,TCGA_MC3_Bailey2018,460,103,357,20260957,pooled inner out-of-fold AUROC,pooled inner out-of-fold balanced-accuracy optimum,outer out-of-fold AUROC,AUROC >= 0.60 after inner-AUROC component tuning,TRUE,0.0117483886758591,0.0796143700198529,FALSE,FALSE,FALSE,TRUE
GigaSSL,driver_mutation,LUSC,NF1,0.424102487710413,0.488777992949004,0.0894753147427615,9,0.444312031381896,0.0947444610440955,0.453398877799295,0.510204081632653,0.396593673965937,0.0915750915750916,0.871657754010695,0.106521739130435,0.106521739130435,0.485873181389344,0.0204081632653061,0.951338199513382,0.0476190476190476,0.890660592255125,0.476935299667312,0.26530612244898,0.688564476885645,0.0921985815602837,0.887147335423198,4,1,11,0,0.547658015743122,-3.45884277705634,Bailey_tissue_specific_driver,TCGA_MC3_Bailey2018,460,49,411,20260958,pooled inner out-of-fold AUROC,pooled inner out-of-fold balanced-accuracy optimum,outer out-of-fold AUROC,AUROC >= 0.60 after inner-AUROC component tuning,TRUE,0.0202095436714829,-0.0353791151497091,FALSE,FALSE,FALSE,TRUE
ProvGigaPath,driver_mutation,LUSC,NF1,0.524256417895625,0.470529817766523,0.109029395135379,15,0.589205025075724,0.13740711047442,0.54200804409355,0.448979591836735,0.635036496350365,0.127906976744186,0.90625,0.106521739130435,0.106521739130435,0.489051094890511,0,0.978102189781022,0,0.891352549889135,0.564377575847857,0.469387755102041,0.659367396593674,0.141104294478528,0.912457912457912,1,1,3,0,0.599593495934959,-1.84546868505582,Bailey_tissue_specific_driver,TCGA_MC3_Bailey2018,460,49,411,20260958,pooled inner out-of-fold AUROC,pooled inner out-of-fold balanced-accuracy optimum,outer out-of-fold AUROC,AUROC >= 0.60 after inner-AUROC component tuning,TRUE,0.0649486071800987,0.0714782263270269,FALSE,FALSE,FALSE,TRUE
TITAN,driver_mutation,LUSC,NF1,0.546402502606882,0.494860718009832,0.126225960968878,7,0.559610705596107,0.124192290249914,0.510452356124932,0.346938775510204,0.673965936739659,0.112582781456954,0.896440129449838,0.106521739130435,0.106521739130435,0.489051094890511,0,0.978102189781022,0,0.891352549889135,0.532548785937733,0.408163265306122,0.656934306569343,0.124223602484472,0.903010033444816,2,1,2,0,0.580471124620061,-2.0127419942336,Bailey_tissue_specific_driver,TCGA_MC3_Bailey2018,460,49,411,20260958,pooled inner out-of-fold AUROC,pooled inner out-of-fold balanced-accuracy optimum,outer out-of-fold AUROC,AUROC >= 0.60 after inner-AUROC component tuning,TRUE,0.0132082029892251,0.0155916381150997,FALSE,FALSE,FALSE,TRUE
GigaSSL,driver_mutation,LUSC,NFE2L2,0.510344562375019,0.506037532687279,0.153184340471386,12,0.529572373481003,0.160180676233197,0.55706814336256,0.515151515151515,0.598984771573604,0.177083333333333,0.880597014925373,0.143478260869565,0.143478260869565,0.507460390709122,0.0606060606060606,0.954314720812183,0.181818181818182,0.858447488584475,0.552222734963852,0.424242424242424,0.680203045685279,0.181818181818182,0.875816993464052,3,2,20,1,0.572588522588523,-2.0969232818313,Bailey_tissue_specific_driver,TCGA_MC3_Bailey2018,460,66,394,20260959,pooled inner out-of-fold AUROC,pooled inner out-of-fold balanced-accuracy optimum,outer out-of-fold AUROC,AUROC >= 0.60 after inner-AUROC component tuning,TRUE,0.0192278111059839,0.0510306106752806,FALSE,FALSE,FALSE,TRUE
ProvGigaPath,driver_mutation,LUSC,NFE2L2,0.519112444239348,0.498346408244886,0.15111475674592,7,0.566220581449008,0.170802280767358,0.555491462851869,0.636363636363636,0.474619289340102,0.168674698795181,0.886255924170616,0.143478260869565,0.143478260869565,0.480887555760652,0.0303030303030303,0.931472081218274,0.0689655172413793,0.851508120649652,0.572488847869559,0.439393939393939,0.705583756345178,0.2,0.882539682539683,4,1,6,0,0.611416288512061,-3.7958116317779,Bailey_tissue_specific_driver,TCGA_MC3_Bailey2018,460,66,394,20260959,pooled inner out-of-fold AUROC,pooled inner out-of-fold balanced-accuracy optimum,outer out-of-fold AUROC,AUROC >= 0.60 after inner-AUROC component tuning,TRUE,0.0471081372096599,0.0571450546069829,FALSE,FALSE,FALSE,TRUE
TITAN,driver_mutation,LUSC,NFE2L2,0.578218735579142,0.533764036302107,0.181609450561075,17,0.600484540839871,0.193370851802514,0.547723427165052,0.696969696969697,0.398477157360406,0.162544169611307,0.887005649717514,0.143478260869565,0.143478260869565,0.502499615443778,0.0151515151515152,0.989847715736041,0.2,0.857142857142857,0.581025996000615,0.575757575757576,0.586294416243655,0.189054726368159,0.891891891891892,1,1,3,0,0.626894279724469,-2.13058957460073,Bailey_tissue_specific_driver,TCGA_MC3_Bailey2018,460,66,394,20260959,pooled inner out-of-fold AUROC,pooled inner out-of-fold balanced-accuracy optimum,outer out-of-fold AUROC,AUROC >= 0.60 after inner-AUROC component tuning,TRUE,0.0222658052607287,0.0139593908629445,FALSE,FALSE,TRUE,TRUE
GigaSSL,driver_mutation,LUSC,NOTCH1,0.511464884696017,0.481132075471698,0.0812491742971901,4,0.480935534591195,0.106212425119579,0.464229559748428,0.416666666666667,0.511792452830189,0.0675675675675676,0.911764705882353,0.0782608695652174,0.0782608695652174,0.512447589098533,0.0555555555555556,0.969339622641509,0.133333333333333,0.923595505617978,0.453616352201258,0.166666666666667,0.740566037735849,0.0517241379310345,0.912790697674419,7,1,8,0,0.524666870104771,-3.44026503999347,Bailey_tissue_specific_driver,TCGA_MC3_Bailey2018,460,36,424,20260960,pooled inner out-of-fold AUROC,pooled inner out-of-fold balanced-accuracy optimum,outer out-of-fold AUROC,AUROC >= 0.60 after inner-AUROC component tuning,TRUE,-0.0305293501048221,-0.0169025157232703,FALSE,FALSE,FALSE,TRUE
ProvGigaPath,driver_mutation,LUSC,NOTCH1,0.503275681341719,0.511006289308176,0.0870096300429404,9,0.511006289308176,0.111989249201508,0.509827044025157,0.583333333333333,0.436320754716981,0.0807692307692308,0.925,0.0782608695652174,0.0782608695652174,0.495938155136268,0.0555555555555556,0.936320754716981,0.0689655172413793,0.921113689095128,0.505241090146751,0.194444444444444,0.816037735849057,0.0823529411764706,0.922666666666667,11,1,20,1,0.561460446247465,-12.3649985338407,Bailey_tissue_specific_driver,TCGA_MC3_Bailey2018,460,36,424,20260960,pooled inner out-of-fold AUROC,pooled inner out-of-fold balanced-accuracy optimum,outer out-of-fold AUROC,AUROC >= 0.60 after inner-AUROC component tuning,TRUE,0.00773060796645719,-0.00117924528301883,FALSE,FALSE,FALSE,TRUE
TITAN,driver_mutation,LUSC,NOTCH1,0.516574947589099,0.52961215932914,0.10492973038902,18,0.529350104821803,0.113828887614347,0.499737945492663,0.277777777777778,0.721698113207547,0.078125,0.921686746987952,0.0782608695652174,0.0782608695652174,0.553852201257862,0.166666666666667,0.941037735849057,0.193548387096774,0.93006993006993,0.552148846960168,0.222222222222222,0.882075471698113,0.137931034482759,0.930348258706468,17,10,20,1,0.518767165090021,-4.08323284023096,Bailey_tissue_specific_driver,TCGA_MC3_Bailey2018,460,36,424,20260960,pooled inner out-of-fold AUROC,pooled inner out-of-fold balanced-accuracy optimum,outer out-of-fold AUROC,AUROC >= 0.60 after inner-AUROC component tuning,TRUE,0.0127751572327038,-0.0298742138364775,FALSE,FALSE,FALSE,TRUE
GigaSSL,driver_mutation,LUSC,PIK3CA,0.449096880131363,0.490786352855318,0.10534762059609,7,0.440795475278234,0.121899707892353,0.46611019886882,0.481481481481482,0.450738916256158,0.104417670682731,0.867298578199052,0.117391304347826,0.117391304347826,0.496943988323299,0.0185185185185185,0.975369458128079,0.0909090909090909,0.88195991091314,0.424466338259442,0.166666666666667,0.682266009852217,0.0652173913043478,0.860248447204969,6,1,12,0,0.493309481216458,-3.39765651310037,Bailey_tissue_specific_driver,TCGA_MC3_Bailey2018,460,54,406,20260961,pooled inner out-of-fold AUROC,pooled inner out-of-fold balanced-accuracy optimum,outer out-of-fold AUROC,AUROC >= 0.60 after inner-AUROC component tuning,TRUE,-0.00830140485312914,-0.0246761539864985,FALSE,FALSE,FALSE,TRUE
ProvGigaPath,driver_mutation,LUSC,PIK3CA,0.505245393176428,0.514915161466886,0.123930177363816,6,0.545292829775588,0.136200625292278,0.546889253785805,0.574074074074074,0.519704433497537,0.13716814159292,0.901709401709402,0.117391304347826,0.117391304347826,0.506248859697136,0.0740740740740741,0.938423645320197,0.137931034482759,0.883990719257541,0.513774858602445,0.185185185185185,0.842364532019704,0.135135135135135,0.886010362694301,5,5,8,0,0.554132379248658,-5.70025543770971,Bailey_tissue_specific_driver,TCGA_MC3_Bailey2018,460,54,406,20260961,pooled inner out-of-fold AUROC,pooled inner out-of-fold balanced-accuracy optimum,outer out-of-fold AUROC,AUROC >= 0.60 after inner-AUROC component tuning,TRUE,0.0400474365991603,0.0319740923189195,FALSE,FALSE,FALSE,TRUE
TITAN,driver_mutation,LUSC,PIK3CA,0.518199233716475,0.48284984491881,0.129394365935905,11,0.485586571793468,0.124290002543698,0.519248312351761,0.62962962962963,0.408866995073892,0.124087591240876,0.89247311827957,0.117391304347826,0.117391304347826,0.48709177157453,0.0185185185185185,0.955665024630542,0.0526315789473684,0.879818594104308,0.516420361247947,0.333333333333333,0.699507389162562,0.128571428571429,0.8875,3,1,11,0,0.553059033989267,-2.43382669866131,Bailey_tissue_specific_driver,TCGA_MC3_Bailey2018,460,54,406,20260961,pooled inner out-of-fold AUROC,pooled inner out-of-fold balanced-accuracy optimum,outer out-of-fold AUROC,AUROC >= 0.60 after inner-AUROC component tuning,TRUE,-0.0326126619230067,0.0363984674329506,FALSE,FALSE,FALSE,TRUE
GigaSSL,driver_mutation,LUSC,PTEN,0.476484970516324,0.489093436885757,0.107326754398293,11,0.595378493695767,0.140356428441721,0.572894194352558,0.627450980392157,0.518337408312958,0.139737991266376,0.917748917748918,0.110869565217391,0.110869565217391,0.512320820748838,0.0784313725490196,0.946210268948655,0.153846153846154,0.891705069124424,0.5272783930198,0.313725490196078,0.740831295843521,0.131147540983607,0.896449704142012,7,7,8,0,0.62760261748959,-3.73472098364887,Bailey_tissue_specific_driver,TCGA_MC3_Bailey2018,460,51,409,20260962,pooled inner out-of-fold AUROC,pooled inner out-of-fold balanced-accuracy optimum,outer out-of-fold AUROC,AUROC >= 0.60 after inner-AUROC component tuning,TRUE,0.118893523179443,0.0838007574668006,FALSE,FALSE,FALSE,TRUE
ProvGigaPath,driver_mutation,LUSC,PTEN,0.528021477539671,0.514813749460665,0.123279614304161,11,0.568675391917158,0.134172596321901,0.505752912411909,0.705882352941177,0.305623471882641,0.1125,0.892857142857143,0.110869565217391,0.110869565217391,0.518457260654873,0.0980392156862745,0.938875305623472,0.166666666666667,0.893023255813954,0.508797161896544,0.196078431372549,0.821515892420538,0.120481927710843,0.891246684350133,6,2,11,0,0.540613112553144,-8.76468700180066,Bailey_tissue_specific_driver,TCGA_MC3_Bailey2018,460,51,409,20260962,pooled inner out-of-fold AUROC,pooled inner out-of-fold balanced-accuracy optimum,outer out-of-fold AUROC,AUROC >= 0.60 after inner-AUROC component tuning,TRUE,0.0406539143774871,-0.00906083704875649,FALSE,FALSE,FALSE,TRUE
TITAN,driver_mutation,LUSC,PTEN,0.555299870559471,0.514837719929047,0.131256115481139,19,0.519200345174745,0.130298996873077,0.552135768732921,0.647058823529412,0.45721271393643,0.129411764705882,0.91219512195122,0.110869565217391,0.110869565217391,0.51112229732969,0.0980392156862745,0.924205378973105,0.138888888888889,0.891509433962264,0.510139508125989,0.294117647058824,0.726161369193154,0.118110236220472,0.891891891891892,7,3,10,0,0.600954725143582,-3.93909800148188,Bailey_tissue_specific_driver,TCGA_MC3_Bailey2018,460,51,409,20260962,pooled inner out-of-fold AUROC,pooled inner out-of-fold balanced-accuracy optimum,outer out-of-fold AUROC,AUROC >= 0.60 after inner-AUROC component tuning,TRUE,-0.0360995253847264,0.037298048803874,FALSE,FALSE,FALSE,TRUE
GigaSSL,driver_mutation,LUSC,RASA1,0.458436674933995,0.477958236658933,0.0601891423297324,13,0.475718057444596,0.0598729719807964,0.541363309064725,0.586206896551724,0.496519721577726,0.0726495726495727,0.946902654867257,0.0630434782608696,0.0630434782608696,0.476798143851508,0,0.953596287703016,0,0.934090909090909,0.46471717737419,0.103448275862069,0.825986078886311,0.0384615384615385,0.931937172774869,16,1,17,0,0.568241965973535,-10.8480876478113,Bailey_tissue_specific_driver,TCGA_MC3_Bailey2018,460,29,431,20260963,pooled inner out-of-fold AUROC,pooled inner out-of-fold balanced-accuracy optimum,outer out-of-fold AUROC,AUROC >= 0.60 after inner-AUROC component tuning,TRUE,0.0172813825106006,0.0634050724057922,FALSE,FALSE,FALSE,TRUE
ProvGigaPath,driver_mutation,LUSC,RASA1,0.563725098007841,0.504480358428674,0.0937487571153402,1,0.540123209856789,0.0892655647160184,0.510720857668614,0.689655172413793,0.331786542923434,0.0649350649350649,0.94078947368421,0.0630434782608696,0.0630434782608696,0.528522281782543,0.103448275862069,0.953596287703016,0.130434782608696,0.940503432494279,0.530682454596368,0.137931034482759,0.923433874709977,0.108108108108108,0.940898345153664,16,8,20,1,0.564964610717897,-36.2595486719107,Bailey_tissue_specific_driver,TCGA_MC3_Bailey2018,460,29,431,20260963,pooled inner out-of-fold AUROC,pooled inner out-of-fold balanced-accuracy optimum,outer out-of-fold AUROC,AUROC >= 0.60 after inner-AUROC component tuning,TRUE,-0.0236018881510525,0.00624049923993952,FALSE,FALSE,FALSE,TRUE
TITAN,driver_mutation,LUSC,RASA1,0.632850628050244,0.530842467397392,0.119497059722921,13,0.627810224817985,0.114305379066673,0.573205856468518,0.724137931034483,0.422273781902552,0.0777777777777778,0.957894736842105,0.0630434782608696,0.0630434782608696,0.509120729658373,0.0344827586206897,0.983758700696056,0.125,0.938053097345133,0.554244339547164,0.310344827586207,0.798143851508121,0.09375,0.945054945054945,2,2,20,1,0.665217391304348,-4.40712374322122,Bailey_tissue_specific_driver,TCGA_MC3_Bailey2018,460,29,431,20260963,pooled inner out-of-fold AUROC,pooled inner out-of-fold balanced-accuracy optimum,outer out-of-fold AUROC,AUROC >= 0.60 after inner-AUROC component tuning,TRUE,-0.00504040323225852,0.0423633890711255,FALSE,FALSE,TRUE,TRUE
GigaSSL,driver_mutation,LUSC,RB1,0.380930897059929,0.484660500789533,0.0529622093519937,18,0.482667869764644,0.0745907512427169,0.464696593728852,0.258064516129032,0.671328671328671,0.0536912751677852,0.92604501607717,0.0673913043478261,0.0673913043478261,0.496503496503497,0,0.993006993006993,0,0.932166301969365,0.484510113542372,0.258064516129032,0.710955710955711,0.0606060606060606,0.929878048780488,2,1,4,0,0.520772594752187,-3.05269076126839,Bailey_tissue_specific_driver,TCGA_MC3_Bailey2018,460,31,429,20260964,pooled inner out-of-fold AUROC,pooled inner out-of-fold balanced-accuracy optimum,outer out-of-fold AUROC,AUROC >= 0.60 after inner-AUROC component tuning,TRUE,0.101736972704715,-0.0199639070606812,FALSE,FALSE,FALSE,TRUE
ProvGigaPath,driver_mutation,LUSC,RB1,0.545379351830965,0.508948041206106,0.0817755964663244,13,0.501842243777728,0.0825458961580524,0.453455147003534,0.387096774193548,0.51981351981352,0.055045871559633,0.921487603305785,0.0673913043478261,0.0673913043478261,0.526242574629671,0.0967741935483871,0.955710955710956,0.136363636363636,0.936073059360731,0.498270546657643,0.0967741935483871,0.8997668997669,0.0652173913043478,0.932367149758454,7,3,13,0,0.548226433430515,-10.6733163365686,Bailey_tissue_specific_driver,TCGA_MC3_Bailey2018,460,31,429,20260964,pooled inner out-of-fold AUROC,pooled inner out-of-fold balanced-accuracy optimum,outer out-of-fold AUROC,AUROC >= 0.60 after inner-AUROC component tuning,TRUE,-0.0435371080532373,-0.0554928942025719,FALSE,FALSE,FALSE,TRUE
TITAN,driver_mutation,LUSC,RB1,0.511767802090383,0.542183622828784,0.0827954811158732,20,0.597864501090308,0.116797982474455,0.584780810587262,0.451612903225806,0.717948717948718,0.103703703703704,0.947692307692308,0.0673913043478261,0.0673913043478261,0.500977517106549,0.032258064516129,0.96969696969697,0.0714285714285714,0.932735426008969,0.611587337393789,0.451612903225806,0.771561771561772,0.125,0.951149425287356,2,1,19,0,0.63533527696793,-2.43904114395618,Bailey_tissue_specific_driver,TCGA_MC3_Bailey2018,460,31,429,20260964,pooled inner out-of-fold AUROC,pooled inner out-of-fold balanced-accuracy optimum,outer out-of-fold AUROC,AUROC >= 0.60 after inner-AUROC component tuning,TRUE,0.0860966989999246,0.0425971877584782,FALSE,FALSE,FALSE,TRUE
GigaSSL,driver_mutation,LUSC,TP53,0.496594571248214,0.534187182298415,0.827577113530276,6,0.491743911757866,0.829279839881577,0.50373766570318,0.425196850393701,0.582278481012658,0.830769230769231,0.173584905660377,0.828260869565217,0.828260869565217,0.525000830592378,0.910761154855643,0.139240506329114,0.836144578313253,0.244444444444444,0.51804046646068,0.732283464566929,0.30379746835443,0.835329341317365,0.19047619047619,6,6,14,0,0.579391100702576,3.00794341739523,Bailey_tissue_specific_driver,TCGA_MC3_Bailey2018,460,381,79,20260965,pooled inner out-of-fold AUROC,pooled inner out-of-fold balanced-accuracy optimum,outer out-of-fold AUROC,AUROC >= 0.60 after inner-AUROC component tuning,TRUE,-0.0048506594903483,-0.0304495165952354,FALSE,FALSE,FALSE,FALSE
ProvGigaPath,driver_mutation,LUSC,TP53,0.542542941625968,0.541596066314495,0.844602580508757,6,0.577461045217449,0.866430632262455,0.559619920927606,0.435695538057743,0.683544303797468,0.869109947643979,0.200743494423792,0.828260869565217,0.828260869565217,0.520216618492309,0.926509186351706,0.113924050632911,0.83451536643026,0.243243243243243,0.527459384032692,0.763779527559055,0.291139240506329,0.838616714697406,0.20353982300885,4,3,7,0,0.584168755221387,4.13467698977448,Bailey_tissue_specific_driver,TCGA_MC3_Bailey2018,460,381,79,20260965,pooled inner out-of-fold AUROC,pooled inner out-of-fold balanced-accuracy optimum,outer out-of-fold AUROC,AUROC >= 0.60 after inner-AUROC component tuning,TRUE,0.0349181035914812,0.0180238546131106,FALSE,FALSE,FALSE,TRUE
TITAN,driver_mutation,LUSC,TP53,0.544337021163494,0.525382903086481,0.835738820332417,12,0.537426492574504,0.848285182220232,0.51378783348284,0.635170603674541,0.392405063291139,0.83448275862069,0.182352941176471,0.828260869565217,0.828260869565217,0.509335858334164,0.955380577427822,0.0632911392405063,0.831050228310502,0.227272727272727,0.531080766802884,0.68241469816273,0.379746835443038,0.841423948220065,0.198675496688742,2,1,3,0,0.61608118657299,1.73325810782465,Bailey_tissue_specific_driver,TCGA_MC3_Bailey2018,460,381,79,20260965,pooled inner out-of-fold AUROC,pooled inner out-of-fold balanced-accuracy optimum,outer out-of-fold AUROC,AUROC >= 0.60 after inner-AUROC component tuning,TRUE,-0.00691052858898988,-0.011595069603641,FALSE,FALSE,FALSE,TRUE
GigaSSL,driver_mutation,OV,TP53,0.629737609329446,0.612244897959184,0.480076195390597,5,0.691933916423712,0.512263650120434,0.649659863945578,0.666666666666667,0.63265306122449,0.4375,0.81578947368421,0.3,0.3,0.663265306122449,0.428571428571429,0.897959183673469,0.642857142857143,0.785714285714286,0.642857142857143,0.571428571428571,0.714285714285714,0.461538461538462,0.795454545454545,1,1,1,0,0.692307692307692,-1.17733747255317,Bailey_tissue_specific_driver,TCGA_MC3_Bailey2018,70,21,49,20260966,pooled inner out-of-fold AUROC,pooled inner out-of-fold balanced-accuracy optimum,outer out-of-fold AUROC,AUROC >= 0.60 after inner-AUROC component tuning,TRUE,0.0621963070942664,0.0374149659863942,TRUE,TRUE,TRUE,TRUE
ProvGigaPath,driver_mutation,OV,TP53,0.776482021379981,0.680272108843538,0.691683083322309,2,0.69290573372206,0.546059515266123,0.673469387755102,0.571428571428571,0.775510204081633,0.521739130434783,0.808510638297872,0.3,0.3,0.666666666666667,0.476190476190476,0.857142857142857,0.588235294117647,0.792452830188679,0.704081632653061,0.571428571428571,0.836734693877551,0.6,0.82,3,1,5,0,0.781297134238311,-1.52995088216722,Bailey_tissue_specific_driver,TCGA_MC3_Bailey2018,70,21,49,20260966,pooled inner out-of-fold AUROC,pooled inner out-of-fold balanced-accuracy optimum,outer out-of-fold AUROC,AUROC >= 0.60 after inner-AUROC component tuning,TRUE,-0.0835762876579208,-0.00680272108843594,TRUE,TRUE,TRUE,TRUE
TITAN,driver_mutation,OV,TP53,0.620019436345967,0.591836734693878,0.477192342721734,8,0.67444120505345,0.574911285547961,0.540816326530612,0.428571428571429,0.653061224489796,0.346153846153846,0.727272727272727,0.3,0.3,0.673469387755102,0.428571428571429,0.918367346938776,0.692307692307692,0.789473684210526,0.67687074829932,0.476190476190476,0.877551020408163,0.625,0.796296296296296,4,2,14,0,0.687782805429864,-2.01437803661286,Bailey_tissue_specific_driver,TCGA_MC3_Bailey2018,70,21,49,20260966,pooled inner out-of-fold AUROC,pooled inner out-of-fold balanced-accuracy optimum,outer out-of-fold AUROC,AUROC >= 0.60 after inner-AUROC component tuning,TRUE,0.054421768707483,-0.0510204081632658,FALSE,FALSE,TRUE,TRUE
GigaSSL,driver_mutation,PAAD,CDKN2A,0.50709219858156,0.44482686691698,0.200185105744907,5,0.485189820609095,0.20891282167229,0.49520233625365,0.529411764705882,0.460992907801419,0.191489361702128,0.802469135802469,0.194285714285714,0.194285714285714,0.463078848560701,0.117647058823529,0.808510638297872,0.129032258064516,0.791666666666667,0.517417605340008,0.382352941176471,0.652482269503546,0.209677419354839,0.814159292035398,4,1,13,0,0.617502458210423,-2.38289029934175,Bailey_tissue_specific_driver,TCGA_MC3_Bailey2018,175,34,141,20260967,pooled inner out-of-fold AUROC,pooled inner out-of-fold balanced-accuracy optimum,outer out-of-fold AUROC,AUROC >= 0.60 after inner-AUROC component tuning,TRUE,-0.0219023779724652,0.0503754693366704,FALSE,FALSE,FALSE,TRUE
ProvGigaPath,driver_mutation,PAAD,CDKN2A,0.415936587400918,0.429599499374218,0.170860032331995,2,0.401335002085941,0.158531605870866,0.457759699624531,0.617647058823529,0.297872340425532,0.175,0.763636363636364,0.194285714285714,0.194285714285714,0.436691697955778,0.0294117647058824,0.843971631205674,0.0434782608695652,0.782894736842105,0.42104714226116,0.147058823529412,0.695035460992908,0.104166666666667,0.771653543307087,2,1,11,0,0.519174041297935,-3.97266300582422,Bailey_tissue_specific_driver,TCGA_MC3_Bailey2018,175,34,141,20260967,pooled inner out-of-fold AUROC,pooled inner out-of-fold balanced-accuracy optimum,outer out-of-fold AUROC,AUROC >= 0.60 after inner-AUROC component tuning,TRUE,-0.0146015853149772,0.0281602002503127,FALSE,FALSE,FALSE,FALSE
TITAN,driver_mutation,PAAD,CDKN2A,0.535252398831873,0.503128911138924,0.233854024380594,15,0.554025865665415,0.246050165132903,0.591468502294535,0.558823529411765,0.624113475177305,0.263888888888889,0.854368932038835,0.194285714285714,0.194285714285714,0.502607425949103,0.147058823529412,0.858156028368794,0.2,0.806666666666667,0.55287859824781,0.382352941176471,0.723404255319149,0.25,0.829268292682927,2,1,20,1,0.667322189446083,-2.07240212595768,Bailey_tissue_specific_driver,TCGA_MC3_Bailey2018,175,34,141,20260967,pooled inner out-of-fold AUROC,pooled inner out-of-fold balanced-accuracy optimum,outer out-of-fold AUROC,AUROC >= 0.60 after inner-AUROC component tuning,TRUE,0.0187734668335421,0.0883395911556109,FALSE,FALSE,FALSE,TRUE
GigaSSL,driver_mutation,PAAD,KRAS,0.554646405610754,0.557130333138516,0.717369704360512,11,0.544564582115722,0.707650121690964,0.590298071303332,0.655172413793103,0.525423728813559,0.730769230769231,0.436619718309859,0.662857142857143,0.662857142857143,0.531852717708942,0.758620689655172,0.305084745762712,0.682170542635659,0.391304347826087,0.552381648158971,0.681034482758621,0.423728813559322,0.699115044247788,0.403225806451613,4,1,20,1,0.658659345687486,0.68761124336241,Bailey_tissue_specific_driver,TCGA_MC3_Bailey2018,175,116,59,20260968,pooled inner out-of-fold AUROC,pooled inner out-of-fold balanced-accuracy optimum,outer out-of-fold AUROC,AUROC >= 0.60 after inner-AUROC component tuning,TRUE,-0.0100818234950322,0.0331677381648154,FALSE,FALSE,FALSE,TRUE
ProvGigaPath,driver_mutation,PAAD,KRAS,0.615283459964933,0.565604909409702,0.72881283999939,5,0.621420222092344,0.757309219821966,0.607247223845704,0.655172413793103,0.559322033898305,0.745098039215686,0.452054794520548,0.662857142857143,0.662857142857143,0.596069549970777,0.836206896551724,0.355932203389831,0.718518518518519,0.525,0.582261835184103,0.706896551724138,0.457627118644068,0.719298245614035,0.442622950819672,3,2,3,0,0.654255319148936,1.21427519414708,Bailey_tissue_specific_driver,TCGA_MC3_Bailey2018,175,116,59,20260968,pooled inner out-of-fold AUROC,pooled inner out-of-fold balanced-accuracy optimum,outer out-of-fold AUROC,AUROC >= 0.60 after inner-AUROC component tuning,TRUE,0.00613676212741066,0.0416423144360023,FALSE,TRUE,TRUE,TRUE
TITAN,driver_mutation,PAAD,KRAS,0.607539450613676,0.603667445938048,0.733629684501312,13,0.519433080070134,0.680659177630232,0.483708357685564,0.577586206896552,0.389830508474576,0.650485436893204,0.319444444444444,0.662857142857143,0.662857142857143,0.52323202805377,0.741379310344828,0.305084745762712,0.677165354330709,0.375,0.505844535359439,0.689655172413793,0.322033898305085,0.666666666666667,0.345454545454545,10,1,15,0,0.642415923129719,1.40385716827033,Bailey_tissue_specific_driver,TCGA_MC3_Bailey2018,175,116,59,20260968,pooled inner out-of-fold AUROC,pooled inner out-of-fold balanced-accuracy optimum,outer out-of-fold AUROC,AUROC >= 0.60 after inner-AUROC component tuning,TRUE,-0.0881063705435415,-0.119959088252484,TRUE,FALSE,FALSE,TRUE
GigaSSL,driver_mutation,PAAD,SMAD4,0.517038777908343,0.494124559341951,0.240661862573158,4,0.438699569134352,0.1907580048191,0.462593027810419,0.432432432432432,0.492753623188406,0.186046511627907,0.764044943820225,0.211428571428571,0.211428571428571,0.458871915393655,0.135135135135135,0.782608695652174,0.142857142857143,0.771428571428571,0.445064629847239,0.216216216216216,0.673913043478261,0.150943396226415,0.762295081967213,16,2,20,1,0.527272727272727,-6.80085544795057,Bailey_tissue_specific_driver,TCGA_MC3_Bailey2018,175,37,138,20260969,pooled inner out-of-fold AUROC,pooled inner out-of-fold balanced-accuracy optimum,outer out-of-fold AUROC,AUROC >= 0.60 after inner-AUROC component tuning,TRUE,-0.0783392087739912,-0.0315315315315319,FALSE,FALSE,FALSE,TRUE
ProvGigaPath,driver_mutation,PAAD,SMAD4,0.429690560125343,0.450646298472385,0.183418355449653,11,0.473560517038778,0.223174944165267,0.438503721112417,0.297297297297297,0.579710144927536,0.159420289855072,0.754716981132076,0.211428571428571,0.211428571428571,0.487563650607129,0.243243243243243,0.731884057971015,0.195652173913043,0.782945736434109,0.483940462201332,0.243243243243243,0.72463768115942,0.191489361702128,0.78125,18,11,20,2,0.6003003003003,-6.47746614790163,Bailey_tissue_specific_driver,TCGA_MC3_Bailey2018,175,37,138,20260969,pooled inner out-of-fold AUROC,pooled inner out-of-fold balanced-accuracy optimum,outer out-of-fold AUROC,AUROC >= 0.60 after inner-AUROC component tuning,TRUE,0.0438699569134349,-0.0121425773599683,FALSE,FALSE,FALSE,TRUE
TITAN,driver_mutation,PAAD,SMAD4,0.550920485703094,0.495789267528398,0.248697655039015,12,0.547003525264395,0.22963272680278,0.540344692518606,0.486486486486487,0.594202898550725,0.243243243243243,0.811881188118812,0.211428571428571,0.211428571428571,0.485507246376812,0,0.971014492753623,0,0.783625730994152,0.563454759106933,0.648648648648649,0.478260869565217,0.25,0.835443037974684,1,1,2,0,0.628228228228228,-1.22098984828762,Bailey_tissue_specific_driver,TCGA_MC3_Bailey2018,175,37,138,20260969,pooled inner out-of-fold AUROC,pooled inner out-of-fold balanced-accuracy optimum,outer out-of-fold AUROC,AUROC >= 0.60 after inner-AUROC component tuning,TRUE,-0.00391696043869927,0.0445554249902075,FALSE,FALSE,FALSE,TRUE
GigaSSL,driver_mutation,PAAD,TP53,0.567815149029259,0.56357670221493,0.629282524131208,3,0.579026524473612,0.650113610156117,0.592425485370522,0.547169811320755,0.63768115942029,0.698795180722892,0.478260869565217,0.605714285714286,0.605714285714286,0.565764287667487,0.754716981132076,0.376811594202899,0.650406504065041,0.5,0.572190319934372,0.622641509433962,0.521739130434783,0.666666666666667,0.473684210526316,3,2,13,0,0.673109243697479,0.982609264091056,Bailey_tissue_specific_driver,TCGA_MC3_Bailey2018,175,106,69,20260970,pooled inner out-of-fold AUROC,pooled inner out-of-fold balanced-accuracy optimum,outer out-of-fold AUROC,AUROC >= 0.60 after inner-AUROC component tuning,TRUE,0.0112113754443532,0.0288487831555923,FALSE,FALSE,FALSE,FALSE
ProvGigaPath,driver_mutation,PAAD,TP53,0.621000820344545,0.580598851517637,0.688269183166075,3,0.63111840306262,0.682761652233332,0.592425485370522,0.547169811320755,0.63768115942029,0.698795180722892,0.478260869565217,0.605714285714286,0.605714285714286,0.62086409625376,0.792452830188679,0.449275362318841,0.688524590163934,0.584905660377359,0.603363412633306,0.641509433962264,0.565217391304348,0.693877551020408,0.506493506493507,2,1,3,0,0.630374331550802,0.68386718205568,Bailey_tissue_specific_driver,TCGA_MC3_Bailey2018,175,106,69,20260970,pooled inner out-of-fold AUROC,pooled inner out-of-fold balanced-accuracy optimum,outer out-of-fold AUROC,AUROC >= 0.60 after inner-AUROC component tuning,TRUE,0.0101175827180747,0.0118266338528852,FALSE,FALSE,TRUE,TRUE
TITAN,driver_mutation,PAAD,TP53,0.555920153130982,0.563234891987968,0.626355701088766,3,0.626606508066721,0.690299827638043,0.59208367514356,0.575471698113208,0.608695652173913,0.693181818181818,0.482758620689655,0.605714285714286,0.605714285714286,0.593724364232978,0.839622641509434,0.347826086956522,0.664179104477612,0.585365853658537,0.587845228329232,0.726415094339623,0.449275362318841,0.669565217391304,0.516666666666667,3,1,3,0,0.731978609625668,0.820695570376627,Bailey_tissue_specific_driver,TCGA_MC3_Bailey2018,175,106,69,20260970,pooled inner out-of-fold AUROC,pooled inner out-of-fold balanced-accuracy optimum,outer out-of-fold AUROC,AUROC >= 0.60 after inner-AUROC component tuning,TRUE,0.0706863549357394,0.0288487831555924,FALSE,FALSE,TRUE,FALSE
GigaSSL,driver_mutation,PRAD,FOXA1,0.634530560806553,0.605797101449275,0.229507869567347,16,0.58361688720857,0.157460174758187,0.569565217391304,0.565217391304348,0.573913043478261,0.08125,0.951923076923077,0.0625,0.0625,0.543478260869565,0.130434782608696,0.956521739130435,0.166666666666667,0.942857142857143,0.592753623188406,0.304347826086957,0.881159420289855,0.145833333333333,0.95,15,1,20,2,0.656199677938808,-9.16623899850184,Bailey_tissue_specific_driver,TCGA_MC3_Bailey2018,368,23,345,20260971,pooled inner out-of-fold AUROC,pooled inner out-of-fold balanced-accuracy optimum,outer out-of-fold AUROC,AUROC >= 0.60 after inner-AUROC component tuning,TRUE,-0.0509136735979834,-0.0362318840579706,TRUE,FALSE,FALSE,TRUE
ProvGigaPath,driver_mutation,PRAD,FOXA1,0.486704473850032,0.485507246376812,0.06802696320595,4,0.468431001890359,0.064416296590258,0.47536231884058,0.565217391304348,0.385507246376812,0.0577777777777778,0.93006993006993,0.0625,0.0625,0.478260869565217,0,0.956521739130435,0,0.934844192634561,0.555072463768116,0.217391304347826,0.892753623188406,0.119047619047619,0.94478527607362,5,3,16,0,0.655225019069413,-7.94664177977232,Bailey_tissue_specific_driver,TCGA_MC3_Bailey2018,368,23,345,20260971,pooled inner out-of-fold AUROC,pooled inner out-of-fold balanced-accuracy optimum,outer out-of-fold AUROC,AUROC >= 0.60 after inner-AUROC component tuning,TRUE,-0.0182734719596728,-0.0101449275362323,FALSE,FALSE,FALSE,TRUE
TITAN,driver_mutation,PRAD,FOXA1,0.493005671077505,0.502898550724638,0.067178765151478,7,0.514429741650914,0.0695568959076908,0.581159420289855,0.608695652173913,0.553623188405797,0.0833333333333333,0.955,0.0625,0.0625,0.482608695652174,0,0.965217391304348,0,0.935393258426966,0.46231884057971,0.0869565217391304,0.83768115942029,0.0344827586206897,0.932258064516129,7,2,15,0,0.672302737520129,-5.71943276169853,Bailey_tissue_specific_driver,TCGA_MC3_Bailey2018,368,23,345,20260971,pooled inner out-of-fold AUROC,pooled inner out-of-fold balanced-accuracy optimum,outer out-of-fold AUROC,AUROC >= 0.60 after inner-AUROC component tuning,TRUE,0.0214240705734087,0.0782608695652172,FALSE,FALSE,FALSE,FALSE
GigaSSL,driver_mutation,PRAD,SPOP,0.594731509625127,0.52610864312992,0.164189055837466,16,0.577351726287897,0.17595524872355,0.568233185254462,0.641025641025641,0.495440729483283,0.130890052356021,0.92090395480226,0.105978260869565,0.105978260869565,0.520029615774297,0.128205128205128,0.911854103343465,0.147058823529412,0.898203592814371,0.571779284545242,0.307692307692308,0.835866261398176,0.181818181818182,0.910596026490066,11,5,20,1,0.68526922605176,-6.52024857443261,Bailey_tissue_specific_driver,TCGA_MC3_Bailey2018,368,39,329,20260972,pooled inner out-of-fold AUROC,pooled inner out-of-fold balanced-accuracy optimum,outer out-of-fold AUROC,AUROC >= 0.60 after inner-AUROC component tuning,TRUE,-0.0173797833372304,0.0421245421245419,FALSE,FALSE,FALSE,TRUE
ProvGigaPath,driver_mutation,PRAD,SPOP,0.527940144961422,0.527628399968826,0.149573909528806,7,0.578364897513834,0.186928012613868,0.526264515626218,0.487179487179487,0.565349544072948,0.117283950617284,0.902912621359223,0.105978260869565,0.105978260869565,0.53674694100226,0.128205128205128,0.945288753799392,0.217391304347826,0.901449275362319,0.570921985815603,0.333333333333333,0.808510638297872,0.171052631578947,0.910958904109589,6,5,14,0,0.619649208880167,-4.22077610990394,Bailey_tissue_specific_driver,TCGA_MC3_Bailey2018,368,39,329,20260972,pooled inner out-of-fold AUROC,pooled inner out-of-fold balanced-accuracy optimum,outer out-of-fold AUROC,AUROC >= 0.60 after inner-AUROC component tuning,TRUE,0.0504247525524116,-0.00136388434260826,FALSE,FALSE,FALSE,TRUE
TITAN,driver_mutation,PRAD,SPOP,0.649364819577586,0.544150884576417,0.178454834426507,10,0.731431688878497,0.273354590904135,0.671849427168576,0.769230769230769,0.574468085106383,0.176470588235294,0.954545454545455,0.105978260869565,0.105978260869565,0.560205751695113,0.153846153846154,0.966565349544073,0.352941176470588,0.905982905982906,0.673291247759333,0.58974358974359,0.756838905775076,0.223300970873786,0.939622641509434,4,3,4,0,0.70797821969697,-3.21511315094984,Bailey_tissue_specific_driver,TCGA_MC3_Bailey2018,368,39,329,20260972,pooled inner out-of-fold AUROC,pooled inner out-of-fold balanced-accuracy optimum,outer out-of-fold AUROC,AUROC >= 0.60 after inner-AUROC component tuning,TRUE,0.0820668693009115,0.127698542592159,FALSE,TRUE,TRUE,TRUE
GigaSSL,driver_mutation,PRAD,TP53,0.533231083844581,0.528483786152498,0.139118815141001,16,0.630952380952381,0.232679907082094,0.628469179082676,0.523809523809524,0.733128834355828,0.201834862385321,0.922779922779923,0.114130434782609,0.114130434782609,0.533815366637453,0.0952380952380952,0.97239263803681,0.307692307692308,0.892957746478873,0.655346187554776,0.571428571428571,0.739263803680982,0.220183486238532,0.930501930501931,2,1,3,0,0.685147622267298,-2.07210180783967,Bailey_tissue_specific_driver,TCGA_MC3_Bailey2018,368,42,326,20260973,pooled inner out-of-fold AUROC,pooled inner out-of-fold balanced-accuracy optimum,outer out-of-fold AUROC,AUROC >= 0.60 after inner-AUROC component tuning,TRUE,0.0977212971078,0.0999853929301779,FALSE,TRUE,TRUE,TRUE
ProvGigaPath,driver_mutation,PRAD,TP53,0.586108676599474,0.54038854805726,0.228202006934298,12,0.571428571428571,0.156530678689728,0.567119485831142,0.523809523809524,0.610429447852761,0.147651006711409,0.908675799086758,0.114130434782609,0.114130434782609,0.539219982471516,0.142857142857143,0.93558282208589,0.222222222222222,0.894428152492669,0.532792871749927,0.261904761904762,0.803680981595092,0.146666666666667,0.89419795221843,3,2,15,0,0.678837052062204,-3.09430429819424,Bailey_tissue_specific_driver,TCGA_MC3_Bailey2018,368,42,326,20260973,pooled inner out-of-fold AUROC,pooled inner out-of-fold balanced-accuracy optimum,outer out-of-fold AUROC,AUROC >= 0.60 after inner-AUROC component tuning,TRUE,-0.0146801051709026,0.0267309377738824,FALSE,FALSE,FALSE,TRUE
TITAN,driver_mutation,PRAD,TP53,0.685874963482326,0.588007595676307,0.246539760469964,12,0.628469179082676,0.226747291470009,0.627519719544259,0.785714285714286,0.469325153374233,0.160194174757282,0.944444444444444,0.114130434782609,0.114130434782609,0.544989775051125,0.166666666666667,0.923312883435583,0.21875,0.895833333333333,0.644171779141104,0.5,0.788343558282209,0.233333333333333,0.924460431654676,10,1,20,2,0.722560288483209,-6.60430223938429,Bailey_tissue_specific_driver,TCGA_MC3_Bailey2018,368,42,326,20260973,pooled inner out-of-fold AUROC,pooled inner out-of-fold balanced-accuracy optimum,outer out-of-fold AUROC,AUROC >= 0.60 after inner-AUROC component tuning,TRUE,-0.0574057843996501,0.0395121238679524,FALSE,TRUE,TRUE,TRUE
GigaSSL,driver_mutation,READ,APC,0.822544642857143,0.821875,0.777999838549087,3,0.846651785714286,0.759041656096804,0.8109375,0.921875,0.7,0.7375,0.907407407407407,0.477611940298507,0.477611940298507,0.836160714285714,0.84375,0.828571428571429,0.818181818181818,0.852941176470588,0.836160714285714,0.84375,0.828571428571429,0.818181818181818,0.852941176470588,3,2,20,1,0.896978021978022,-2.42474446430309,Bailey_tissue_specific_driver,TCGA_MC3_Bailey2018,134,64,70,20260974,pooled inner out-of-fold AUROC,pooled inner out-of-fold balanced-accuracy optimum,outer out-of-fold AUROC,AUROC >= 0.60 after inner-AUROC component tuning,TRUE,0.0241071428571427,-0.0109375,TRUE,TRUE,TRUE,FALSE
ProvGigaPath,driver_mutation,READ,APC,0.892857142857143,0.8765625,0.830383559587109,2,0.904241071428572,0.866336467264718,0.8609375,0.921875,0.8,0.808219178082192,0.918032786885246,0.477611940298507,0.477611940298507,0.86875,0.9375,0.8,0.810810810810811,0.933333333333333,0.861607142857143,0.9375,0.785714285714286,0.8,0.932203389830508,2,1,2,0,0.916666666666667,-0.126156607056398,Bailey_tissue_specific_driver,TCGA_MC3_Bailey2018,134,64,70,20260974,pooled inner out-of-fold AUROC,pooled inner out-of-fold balanced-accuracy optimum,outer out-of-fold AUROC,AUROC >= 0.60 after inner-AUROC component tuning,TRUE,0.0113839285714284,-0.015625,TRUE,TRUE,TRUE,FALSE
TITAN,driver_mutation,READ,APC,0.883482142857143,0.8375,0.831385896712837,4,0.901116071428571,0.874633532990737,0.847321428571429,0.9375,0.757142857142857,0.779220779220779,0.929824561403509,0.477611940298507,0.477611940298507,0.836830357142857,0.859375,0.814285714285714,0.808823529411765,0.863636363636364,0.836830357142857,0.859375,0.814285714285714,0.808823529411765,0.863636363636364,3,1,5,0,0.917016806722689,-0.84311667059758,Bailey_tissue_specific_driver,TCGA_MC3_Bailey2018,134,64,70,20260974,pooled inner out-of-fold AUROC,pooled inner out-of-fold balanced-accuracy optimum,outer out-of-fold AUROC,AUROC >= 0.60 after inner-AUROC component tuning,TRUE,0.0176339285714284,0.00982142857142854,TRUE,TRUE,TRUE,TRUE
GigaSSL,driver_mutation,READ,KRAS,0.530377668308703,0.533169129720854,0.246541839742691,4,0.459113300492611,0.206750531362584,0.509195402298851,0.551724137931035,0.466666666666667,0.222222222222222,0.790322580645161,0.216417910447761,0.216417910447761,0.452873563218391,0.172413793103448,0.733333333333333,0.151515151515152,0.762376237623762,0.502134646962233,0.413793103448276,0.590476190476191,0.218181818181818,0.784810126582278,5,1,20,2,0.718253968253968,-1.95092839953906,Bailey_tissue_specific_driver,TCGA_MC3_Bailey2018,134,29,105,20260975,pooled inner out-of-fold AUROC,pooled inner out-of-fold balanced-accuracy optimum,outer out-of-fold AUROC,AUROC >= 0.60 after inner-AUROC component tuning,TRUE,-0.0712643678160922,-0.0239737274220034,FALSE,FALSE,FALSE,TRUE
ProvGigaPath,driver_mutation,READ,KRAS,0.656486042692939,0.581937602627258,0.329308638894748,9,0.611494252873563,0.280654031256404,0.685221674876847,0.827586206896552,0.542857142857143,0.333333333333333,0.919354838709677,0.216417910447761,0.216417910447761,0.518390804597701,0.103448275862069,0.933333333333333,0.3,0.790322580645161,0.679310344827586,0.758620689655172,0.6,0.34375,0.9,1,1,12,0,0.743551587301587,-1.9622627346971,Bailey_tissue_specific_driver,TCGA_MC3_Bailey2018,134,29,105,20260975,pooled inner out-of-fold AUROC,pooled inner out-of-fold balanced-accuracy optimum,outer out-of-fold AUROC,AUROC >= 0.60 after inner-AUROC component tuning,TRUE,-0.0449917898193758,0.103284072249589,FALSE,TRUE,TRUE,TRUE
TITAN,driver_mutation,READ,KRAS,0.626929392446634,0.514778325123153,0.30968901831806,8,0.531034482758621,0.226349050416599,0.664367816091954,0.862068965517241,0.466666666666667,0.308641975308642,0.924528301886792,0.216417910447761,0.216417910447761,0.447619047619048,0,0.895238095238095,0,0.764227642276423,0.624630541871921,0.620689655172414,0.628571428571429,0.315789473684211,0.857142857142857,1,1,12,0,0.719979296066253,-1.74171673924556,Bailey_tissue_specific_driver,TCGA_MC3_Bailey2018,134,29,105,20260975,pooled inner out-of-fold AUROC,pooled inner out-of-fold balanced-accuracy optimum,outer out-of-fold AUROC,AUROC >= 0.60 after inner-AUROC component tuning,TRUE,-0.0958949096880134,0.149589490968801,FALSE,TRUE,FALSE,TRUE
GigaSSL,driver_mutation,READ,TP53,0.881238859180036,0.828654188948307,0.80461906672635,4,0.905971479500891,0.848364748819738,0.82174688057041,0.878787878787879,0.764705882352941,0.783783783783784,0.866666666666667,0.492537313432836,0.492537313432836,0.851158645276292,0.878787878787879,0.823529411764706,0.828571428571429,0.875,0.851158645276292,0.878787878787879,0.823529411764706,0.828571428571429,0.875,3,2,8,0,0.913207547169811,-1.43625795645357,Bailey_tissue_specific_driver,TCGA_MC3_Bailey2018,134,66,68,20260976,pooled inner out-of-fold AUROC,pooled inner out-of-fold balanced-accuracy optimum,outer out-of-fold AUROC,AUROC >= 0.60 after inner-AUROC component tuning,TRUE,0.0247326203208553,-0.00690730837789699,TRUE,TRUE,TRUE,TRUE
ProvGigaPath,driver_mutation,READ,TP53,0.886140819964349,0.836898395721925,0.873742260937006,1,0.882798573975045,0.853077804077909,0.807263814616756,0.893939393939394,0.720588235294118,0.756410256410256,0.875,0.492537313432836,0.492537313432836,0.844251336898396,0.909090909090909,0.779411764705882,0.8,0.898305084745763,0.844251336898396,0.909090909090909,0.779411764705882,0.8,0.898305084745763,1,1,6,0,0.919725557461406,-1.02529484872847,Bailey_tissue_specific_driver,TCGA_MC3_Bailey2018,134,66,68,20260976,pooled inner out-of-fold AUROC,pooled inner out-of-fold balanced-accuracy optimum,outer out-of-fold AUROC,AUROC >= 0.60 after inner-AUROC component tuning,TRUE,-0.00334224598930444,-0.0296345811051693,TRUE,TRUE,TRUE,FALSE
TITAN,driver_mutation,READ,TP53,0.932932263814617,0.866310160427807,0.898961715373615,2,0.936274509803922,0.903957140779473,0.873663101604278,0.909090909090909,0.838235294117647,0.845070422535211,0.904761904761905,0.492537313432836,0.492537313432836,0.866532976827094,0.924242424242424,0.808823529411765,0.824324324324324,0.916666666666667,0.859180035650624,0.924242424242424,0.794117647058824,0.813333333333333,0.915254237288136,2,1,2,0,0.936058700209644,0.240470558385239,Bailey_tissue_specific_driver,TCGA_MC3_Bailey2018,134,66,68,20260976,pooled inner out-of-fold AUROC,pooled inner out-of-fold balanced-accuracy optimum,outer out-of-fold AUROC,AUROC >= 0.60 after inner-AUROC component tuning,TRUE,0.00334224598930455,0.00735294117647112,TRUE,TRUE,TRUE,FALSE
GigaSSL,driver_mutation,SARC,ATRX,0.48100147275405,0.481222385861561,0.146689402915011,11,0.546980854197349,0.165571236226073,0.506701030927835,0.4,0.61340206185567,0.157303370786517,0.85,0.152838427947598,0.152838427947598,0.471649484536083,0,0.943298969072165,0,0.839449541284404,0.505301914580265,0.371428571428571,0.639175257731959,0.156626506024096,0.849315068493151,1,1,7,0,0.65184331797235,-2.26946322742271,Bailey_tissue_specific_driver,TCGA_MC3_Bailey2018,229,35,194,20260977,pooled inner out-of-fold AUROC,pooled inner out-of-fold balanced-accuracy optimum,outer out-of-fold AUROC,AUROC >= 0.60 after inner-AUROC component tuning,TRUE,0.0659793814432991,0.025478645066274,FALSE,FALSE,FALSE,TRUE
ProvGigaPath,driver_mutation,SARC,ATRX,0.519587628865979,0.55500736377025,0.172357101150681,6,0.585861561119293,0.193981473549906,0.600368188512518,0.628571428571429,0.572164948453608,0.20952380952381,0.895161290322581,0.152838427947598,0.152838427947598,0.509351988217968,0.0857142857142857,0.93298969072165,0.1875,0.849765258215962,0.532253313696613,0.342857142857143,0.721649484536083,0.181818181818182,0.858895705521472,1,1,5,0,0.672350230414747,-2.48758839386559,Bailey_tissue_specific_driver,TCGA_MC3_Bailey2018,229,35,194,20260977,pooled inner out-of-fold AUROC,pooled inner out-of-fold balanced-accuracy optimum,outer out-of-fold AUROC,AUROC >= 0.60 after inner-AUROC component tuning,TRUE,0.0662739322533141,0.0453608247422684,FALSE,TRUE,FALSE,TRUE
TITAN,driver_mutation,SARC,ATRX,0.55979381443299,0.55500736377025,0.188938307034651,6,0.619587628865979,0.237878164795598,0.608100147275405,0.628571428571429,0.587628865979382,0.215686274509804,0.897637795275591,0.152838427947598,0.152838427947598,0.511929307805596,0.0857142857142857,0.938144329896907,0.2,0.850467289719626,0.585640648011782,0.485714285714286,0.685567010309278,0.217948717948718,0.880794701986755,3,1,5,0,0.685944700460829,-2.28712701490373,Bailey_tissue_specific_driver,TCGA_MC3_Bailey2018,229,35,194,20260977,pooled inner out-of-fold AUROC,pooled inner out-of-fold balanced-accuracy optimum,outer out-of-fold AUROC,AUROC >= 0.60 after inner-AUROC component tuning,TRUE,0.0597938144329894,0.0530927835051551,FALSE,TRUE,TRUE,TRUE
GigaSSL,driver_mutation,SARC,RB1,0.577032520325203,0.457418699186992,0.123377041447901,7,0.661178861788618,0.160165449114544,0.6375,0.875,0.4,0.145833333333333,0.964705882352941,0.104803493449782,0.104803493449782,0.505081300813008,0.0833333333333333,0.926829268292683,0.117647058823529,0.89622641509434,0.595020325203252,0.458333333333333,0.731707317073171,0.166666666666667,0.920245398773006,4,2,4,0,0.618100128369705,-4.14134443150827,Bailey_tissue_specific_driver,TCGA_MC3_Bailey2018,229,24,205,20260978,pooled inner out-of-fold AUROC,pooled inner out-of-fold balanced-accuracy optimum,outer out-of-fold AUROC,AUROC >= 0.60 after inner-AUROC component tuning,TRUE,0.0841463414634148,0.180081300813008,FALSE,TRUE,TRUE,TRUE
ProvGigaPath,driver_mutation,SARC,RB1,0.525813008130081,0.448780487804878,0.107942587622823,3,0.625,0.142906503839604,0.569715447154472,0.583333333333333,0.55609756097561,0.133333333333333,0.919354838709677,0.104803493449782,0.104803493449782,0.525914634146341,0.125,0.926829268292683,0.166666666666667,0.900473933649289,0.556910569105691,0.333333333333333,0.780487804878049,0.150943396226415,0.909090909090909,3,2,4,0,0.645378690629012,-4.23990344516782,Bailey_tissue_specific_driver,TCGA_MC3_Bailey2018,229,24,205,20260978,pooled inner out-of-fold AUROC,pooled inner out-of-fold balanced-accuracy optimum,outer out-of-fold AUROC,AUROC >= 0.60 after inner-AUROC component tuning,TRUE,0.099186991869919,0.120934959349594,FALSE,FALSE,TRUE,FALSE
TITAN,driver_mutation,SARC,RB1,0.655691056910569,0.508841463414634,0.213747750142777,10,0.745934959349594,0.223496160232967,0.660162601626016,0.666666666666667,0.653658536585366,0.183908045977012,0.943661971830986,0.104803493449782,0.104803493449782,0.475609756097561,0,0.951219512195122,0,0.89041095890411,0.694105691056911,0.583333333333333,0.804878048780488,0.259259259259259,0.942857142857143,1,1,2,0,0.714329268292683,-2.87233664620711,Bailey_tissue_specific_driver,TCGA_MC3_Bailey2018,229,24,205,20260978,pooled inner out-of-fold AUROC,pooled inner out-of-fold balanced-accuracy optimum,outer out-of-fold AUROC,AUROC >= 0.60 after inner-AUROC component tuning,TRUE,0.0902439024390246,0.151321138211382,FALSE,TRUE,TRUE,TRUE
GigaSSL,driver_mutation,SARC,TP53,0.625291958625292,0.553428428428429,0.450924612782927,7,0.611444778111445,0.41634539634883,0.589381047714381,0.753086419753086,0.425675675675676,0.417808219178082,0.759036144578313,0.353711790393013,0.353711790393013,0.55296963630297,0.308641975308642,0.797297297297297,0.454545454545455,0.67816091954023,0.61106940273607,0.580246913580247,0.641891891891892,0.47,0.736434108527132,2,2,6,0,0.601434159061278,-1.58541121323422,Bailey_tissue_specific_driver,TCGA_MC3_Bailey2018,229,81,148,20260979,pooled inner out-of-fold AUROC,pooled inner out-of-fold balanced-accuracy optimum,outer out-of-fold AUROC,AUROC >= 0.60 after inner-AUROC component tuning,TRUE,-0.0138471805138471,0.0359526192859521,FALSE,FALSE,TRUE,TRUE
ProvGigaPath,driver_mutation,SARC,TP53,0.56956956956957,0.539914914914915,0.412307962431487,3,0.654738071404738,0.475566802558697,0.619202535869203,0.765432098765432,0.472972972972973,0.442857142857143,0.786516853932584,0.353711790393013,0.353711790393013,0.570779112445779,0.432098765432099,0.70945945945946,0.448717948717949,0.695364238410596,0.63355021688355,0.604938271604938,0.662162162162162,0.494949494949495,0.753846153846154,3,1,3,0,0.671881060116354,-1.57854091818764,Bailey_tissue_specific_driver,TCGA_MC3_Bailey2018,229,81,148,20260979,pooled inner out-of-fold AUROC,pooled inner out-of-fold balanced-accuracy optimum,outer out-of-fold AUROC,AUROC >= 0.60 after inner-AUROC component tuning,TRUE,0.0851685018351681,0.0792876209542875,FALSE,TRUE,TRUE,FALSE
TITAN,driver_mutation,SARC,TP53,0.615615615615616,0.566941941941942,0.448363259008319,1,0.647147147147147,0.446535330583442,0.586503169836503,0.45679012345679,0.716216216216216,0.468354430379747,0.706666666666667,0.353711790393013,0.353711790393013,0.574866533199867,0.345679012345679,0.804054054054054,0.491228070175439,0.691860465116279,0.606648314981648,0.530864197530864,0.682432432432433,0.477777777777778,0.726618705035971,1,1,8,0,0.695709745762712,-0.626862149203353,Bailey_tissue_specific_driver,TCGA_MC3_Bailey2018,229,81,148,20260979,pooled inner out-of-fold AUROC,pooled inner out-of-fold balanced-accuracy optimum,outer out-of-fold AUROC,AUROC >= 0.60 after inner-AUROC component tuning,TRUE,0.0315315315315312,0.0195612278945612,FALSE,FALSE,TRUE,FALSE
GigaSSL,driver_mutation,SKCM,BRAF,0.571488294314381,0.567307692307692,0.580699344451366,3,0.610367892976589,0.616532932497478,0.582775919732442,0.730769230769231,0.434782608695652,0.59375,0.588235294117647,0.530612244897959,0.530612244897959,0.576923076923077,0.653846153846154,0.5,0.596491228070175,0.560975609756098,0.599916387959866,0.634615384615385,0.565217391304348,0.622641509433962,0.577777777777778,5,2,6,0,0.68018018018018,-0.0338705886992576,Bailey_tissue_specific_driver,TCGA_MC3_Bailey2018,98,52,46,20260980,pooled inner out-of-fold AUROC,pooled inner out-of-fold balanced-accuracy optimum,outer out-of-fold AUROC,AUROC >= 0.60 after inner-AUROC component tuning,TRUE,0.0388795986622077,0.0154682274247495,FALSE,FALSE,TRUE,TRUE
ProvGigaPath,driver_mutation,SKCM,BRAF,0.621655518394649,0.586538461538462,0.654968301058395,8,0.596571906354515,0.62694622070395,0.663879598662207,0.653846153846154,0.673913043478261,0.693877551020408,0.63265306122449,0.530612244897959,0.530612244897959,0.568561872909699,0.615384615384615,0.521739130434783,0.592592592592593,0.545454545454545,0.568561872909699,0.615384615384615,0.521739130434783,0.592592592592593,0.545454545454545,16,3,20,1,0.632113821138211,7.60984627295824,Bailey_tissue_specific_driver,TCGA_MC3_Bailey2018,98,52,46,20260980,pooled inner out-of-fold AUROC,pooled inner out-of-fold balanced-accuracy optimum,outer out-of-fold AUROC,AUROC >= 0.60 after inner-AUROC component tuning,TRUE,-0.025083612040134,0.0773411371237454,FALSE,TRUE,FALSE,TRUE
TITAN,driver_mutation,SKCM,BRAF,0.570234113712375,0.566053511705686,0.574590052285209,3,0.646739130434783,0.681146269200653,0.599916387959866,0.634615384615385,0.565217391304348,0.622641509433962,0.577777777777778,0.530612244897959,0.530612244897959,0.605769230769231,0.711538461538462,0.5,0.616666666666667,0.605263157894737,0.576923076923077,0.653846153846154,0.5,0.596491228070175,0.560975609756098,2,1,3,0,0.718157181571816,0.577349536895857,Bailey_tissue_specific_driver,TCGA_MC3_Bailey2018,98,52,46,20260980,pooled inner out-of-fold AUROC,pooled inner out-of-fold balanced-accuracy optimum,outer out-of-fold AUROC,AUROC >= 0.60 after inner-AUROC component tuning,TRUE,0.0765050167224076,0.0338628762541802,FALSE,FALSE,TRUE,TRUE
GigaSSL,driver_mutation,STAD,APC,0.54660587639311,0.494343127321851,0.115711343242457,6,0.573539344815941,0.121201644826046,0.525498142519419,0.555555555555556,0.495440729483283,0.10752688172043,0.910614525139665,0.0986301369863014,0.0986301369863014,0.509540695710909,0.0555555555555556,0.963525835866261,0.142857142857143,0.903133903133903,0.522078689631881,0.305555555555556,0.738601823708207,0.11340206185567,0.906716417910448,4,1,4,0,0.639307722564573,-3.16056140687843,Bailey_tissue_specific_driver,TCGA_MC3_Bailey2018,365,36,329,20260981,pooled inner out-of-fold AUROC,pooled inner out-of-fold balanced-accuracy optimum,outer out-of-fold AUROC,AUROC >= 0.60 after inner-AUROC component tuning,TRUE,0.0269334684228306,0.0311550151975682,FALSE,FALSE,FALSE,TRUE
ProvGigaPath,driver_mutation,STAD,APC,0.439294157379264,0.488475177304965,0.117789068899041,17,0.507429922323539,0.104568402071954,0.527017899358325,0.555555555555556,0.498480243161094,0.108108108108108,0.911111111111111,0.0986301369863014,0.0986301369863014,0.489572779466397,0.0277777777777778,0.951367781155015,0.0588235294117647,0.899425287356322,0.456982438365417,0.138888888888889,0.775075987841945,0.0632911392405063,0.891608391608392,4,1,5,0,0.667972831765935,-4.4540777803809,Bailey_tissue_specific_driver,TCGA_MC3_Bailey2018,365,36,329,20260981,pooled inner out-of-fold AUROC,pooled inner out-of-fold balanced-accuracy optimum,outer out-of-fold AUROC,AUROC >= 0.60 after inner-AUROC component tuning,TRUE,0.0681357649442753,0.0385427220533599,FALSE,FALSE,FALSE,TRUE
TITAN,driver_mutation,STAD,APC,0.581813576494428,0.523429584599797,0.155906285601556,6,0.628672745694022,0.156472512472476,0.582404593042891,0.444444444444444,0.720364741641337,0.148148148148148,0.922178988326848,0.0986301369863014,0.0986301369863014,0.504770347855454,0.0277777777777778,0.981762917933131,0.142857142857143,0.902234636871508,0.594984802431611,0.5,0.689969604863222,0.15,0.926530612244898,1,1,6,0,0.683361741182641,-2.09545717745127,Bailey_tissue_specific_driver,TCGA_MC3_Bailey2018,365,36,329,20260981,pooled inner out-of-fold AUROC,pooled inner out-of-fold balanced-accuracy optimum,outer out-of-fold AUROC,AUROC >= 0.60 after inner-AUROC component tuning,TRUE,0.0468591691995943,0.0589750084430939,FALSE,FALSE,TRUE,TRUE
GigaSSL,driver_mutation,STAD,ARID1A,0.639879498453021,0.610568311349943,0.399089320837943,4,0.639513108614232,0.405004894837601,0.612237420615535,0.550561797752809,0.673913043478261,0.352517985611511,0.823008849557522,0.243835616438356,0.243835616438356,0.612013515714053,0.314606741573034,0.909420289855072,0.528301886792453,0.80448717948718,0.592126689464257,0.539325842696629,0.644927536231884,0.328767123287671,0.812785388127854,3,1,3,0,0.654069211649991,-0.887707620690318,Bailey_tissue_specific_driver,TCGA_MC3_Bailey2018,365,89,276,20260982,pooled inner out-of-fold AUROC,pooled inner out-of-fold balanced-accuracy optimum,outer out-of-fold AUROC,AUROC >= 0.60 after inner-AUROC component tuning,TRUE,-0.000366389838788783,0.00166910926559194,TRUE,TRUE,TRUE,TRUE
ProvGigaPath,driver_mutation,STAD,ARID1A,0.652499592900179,0.601327145416056,0.399122074375837,3,0.650341963849536,0.426199194567137,0.614395049666178,0.460674157303371,0.768115942028986,0.39047619047619,0.815384615384615,0.243835616438356,0.243835616438356,0.61419149975574,0.337078651685393,0.891304347826087,0.5,0.80655737704918,0.607698257612767,0.49438202247191,0.721014492753623,0.363636363636364,0.815573770491803,3,3,3,0,0.646053293112117,-1.00385278881941,Bailey_tissue_specific_driver,TCGA_MC3_Bailey2018,365,89,276,20260982,pooled inner out-of-fold AUROC,pooled inner out-of-fold balanced-accuracy optimum,outer out-of-fold AUROC,AUROC >= 0.60 after inner-AUROC component tuning,TRUE,-0.0021576290506431,0.0130679042501221,TRUE,TRUE,TRUE,FALSE
TITAN,driver_mutation,STAD,ARID1A,0.631167562286273,0.583028008467676,0.403433315231121,5,0.662921348314607,0.410181457131385,0.642851327145416,0.539325842696629,0.746376811594203,0.406779661016949,0.834008097165992,0.243835616438356,0.243835616438356,0.598599576616186,0.269662921348315,0.927536231884058,0.545454545454545,0.797507788161994,0.647756879986973,0.617977528089888,0.677536231884058,0.381944444444444,0.846153846153846,2,2,3,0,0.654160382101559,-0.795495588998327,Bailey_tissue_specific_driver,TCGA_MC3_Bailey2018,365,89,276,20260982,pooled inner out-of-fold AUROC,pooled inner out-of-fold balanced-accuracy optimum,outer out-of-fold AUROC,AUROC >= 0.60 after inner-AUROC component tuning,TRUE,0.0317537860283337,0.05982331867774,FALSE,TRUE,TRUE,TRUE
GigaSSL,driver_mutation,STAD,ARID2,0.491386164855553,0.539027299231381,0.0790359419814241,9,0.583487940630798,0.0880975852929159,0.623111582295256,0.727272727272727,0.518950437317784,0.0883977900552486,0.967391304347826,0.0602739726027397,0.0602739726027397,0.509607739199576,0.0454545454545455,0.973760932944606,0.1,0.940845070422535,0.548303737079247,0.318181818181818,0.778425655976676,0.0843373493975904,0.946808510638298,3,1,13,0,0.638989898989899,-4.35464486951789,Bailey_tissue_specific_driver,TCGA_MC3_Bailey2018,365,22,343,20260983,pooled inner out-of-fold AUROC,pooled inner out-of-fold balanced-accuracy optimum,outer out-of-fold AUROC,AUROC >= 0.60 after inner-AUROC component tuning,TRUE,0.0921017757752448,0.0840842830638747,FALSE,TRUE,FALSE,TRUE
ProvGigaPath,driver_mutation,STAD,ARID2,0.465412138881527,0.513384574609064,0.060428411396035,13,0.508878876225815,0.0867806620759571,0.45056983832494,0.545454545454545,0.355685131195335,0.0515021459227468,0.924242424242424,0.0602739726027397,0.0602739726027397,0.502319109461967,0.0454545454545455,0.959183673469388,0.0666666666666667,0.94,0.527630532732574,0.227272727272727,0.82798833819242,0.078125,0.943521594684385,2,2,17,0,0.564040404040404,-5.77690623383882,Bailey_tissue_specific_driver,TCGA_MC3_Bailey2018,365,22,343,20260983,pooled inner out-of-fold AUROC,pooled inner out-of-fold balanced-accuracy optimum,outer out-of-fold AUROC,AUROC >= 0.60 after inner-AUROC component tuning,TRUE,0.043466737344288,-0.0628147362841236,FALSE,FALSE,FALSE,TRUE
TITAN,driver_mutation,STAD,ARID2,0.588921282798834,0.475218658892128,0.0808773257861649,10,0.706069440763318,0.145334433184133,0.706201961304002,0.727272727272727,0.685131195335277,0.129032258064516,0.975103734439834,0.0602739726027397,0.0602739726027397,0.494169096209913,0,0.988338192419825,0,0.939058171745152,0.670090113967665,0.590909090909091,0.749271137026239,0.131313131313131,0.966165413533835,2,2,2,0,0.679046801202233,-3.14461173391676,Bailey_tissue_specific_driver,TCGA_MC3_Bailey2018,365,22,343,20260983,pooled inner out-of-fold AUROC,pooled inner out-of-fold balanced-accuracy optimum,outer out-of-fold AUROC,AUROC >= 0.60 after inner-AUROC component tuning,TRUE,0.117148157964484,0.230983302411874,FALSE,TRUE,TRUE,TRUE
GigaSSL,driver_mutation,STAD,BCOR,0.535406403940887,0.513649425287356,0.104884353965522,6,0.525348932676519,0.105143790720928,0.525964696223317,0.379310344827586,0.672619047619048,0.0909090909090909,0.926229508196721,0.0794520547945206,0.0794520547945206,0.502360426929393,0.0344827586206897,0.970238095238095,0.0909090909090909,0.92090395480226,0.539716748768473,0.275862068965517,0.803571428571429,0.108108108108108,0.927835051546392,3,1,20,1,0.58317843866171,-2.64574415173253,Bailey_tissue_specific_driver,TCGA_MC3_Bailey2018,365,29,336,20260984,pooled inner out-of-fold AUROC,pooled inner out-of-fold balanced-accuracy optimum,outer out-of-fold AUROC,AUROC >= 0.60 after inner-AUROC component tuning,TRUE,-0.0100574712643682,0.0123152709359609,FALSE,FALSE,FALSE,TRUE
ProvGigaPath,driver_mutation,STAD,BCOR,0.633312807881773,0.579638752052545,0.174505943004987,4,0.646141215106732,0.16177929204967,0.576816502463054,0.448275862068966,0.705357142857143,0.116071428571429,0.936758893280632,0.0794520547945206,0.0794520547945206,0.548132183908046,0.137931034482759,0.958333333333333,0.222222222222222,0.927953890489914,0.621202791461412,0.379310344827586,0.863095238095238,0.192982456140351,0.941558441558442,3,2,3,0,0.661225149507031,-3.45135764733017,Bailey_tissue_specific_driver,TCGA_MC3_Bailey2018,365,29,336,20260984,pooled inner out-of-fold AUROC,pooled inner out-of-fold balanced-accuracy optimum,outer out-of-fold AUROC,AUROC >= 0.60 after inner-AUROC component tuning,TRUE,0.0128284072249594,-0.00282224958949073,FALSE,FALSE,TRUE,TRUE
TITAN,driver_mutation,STAD,BCOR,0.606424466338259,0.533251231527094,0.131619860882705,15,0.766215106732348,0.214201318674423,0.673953201970443,0.758620689655172,0.589285714285714,0.1375,0.965853658536585,0.0794520547945206,0.0794520547945206,0.521089901477833,0.0689655172413793,0.973214285714286,0.181818181818182,0.923728813559322,0.751949917898194,0.724137931034483,0.779761904761905,0.221052631578947,0.97037037037037,2,2,3,0,0.726146220570012,-3.63703591139245,Bailey_tissue_specific_driver,TCGA_MC3_Bailey2018,365,29,336,20260984,pooled inner out-of-fold AUROC,pooled inner out-of-fold balanced-accuracy optimum,outer out-of-fold AUROC,AUROC >= 0.60 after inner-AUROC component tuning,TRUE,0.159790640394089,0.140701970443349,FALSE,TRUE,TRUE,TRUE
GigaSSL,driver_mutation,STAD,CDH1,0.693160173160173,0.525324675324675,0.167038654157827,11,0.702164502164502,0.19669676509447,0.576839826839827,0.514285714285714,0.639393939393939,0.131386861313869,0.925438596491228,0.0958904109589041,0.0958904109589041,0.55021645021645,0.142857142857143,0.957575757575757,0.263157894736842,0.913294797687861,0.587229437229437,0.371428571428571,0.803030303030303,0.166666666666667,0.923344947735192,4,2,4,0,0.723755411255411,-3.13004818496954,Bailey_tissue_specific_driver,TCGA_MC3_Bailey2018,365,35,330,20260985,pooled inner out-of-fold AUROC,pooled inner out-of-fold balanced-accuracy optimum,outer out-of-fold AUROC,AUROC >= 0.60 after inner-AUROC component tuning,TRUE,0.00900432900432924,0.0515151515151518,FALSE,FALSE,TRUE,TRUE
ProvGigaPath,driver_mutation,STAD,CDH1,0.611428571428571,0.573376623376623,0.163904350409222,16,0.714025974025974,0.22080205016092,0.602597402597403,0.514285714285714,0.690909090909091,0.15,0.930612244897959,0.0958904109589041,0.0958904109589041,0.557792207792208,0.142857142857143,0.972727272727273,0.357142857142857,0.914529914529914,0.610822510822511,0.342857142857143,0.878787878787879,0.230769230769231,0.926517571884984,4,3,5,0,0.757981601731602,-4.16083416898136,Bailey_tissue_specific_driver,TCGA_MC3_Bailey2018,365,35,330,20260985,pooled inner out-of-fold AUROC,pooled inner out-of-fold balanced-accuracy optimum,outer out-of-fold AUROC,AUROC >= 0.60 after inner-AUROC component tuning,TRUE,0.102597402597403,0.0292207792207796,FALSE,TRUE,TRUE,TRUE
TITAN,driver_mutation,STAD,CDH1,0.638528138528139,0.583982683982684,0.18829637221791,11,0.774632034632035,0.267434007818232,0.744155844155844,0.742857142857143,0.745454545454546,0.236363636363636,0.964705882352941,0.0958904109589041,0.0958904109589041,0.530735930735931,0.0857142857142857,0.975757575757576,0.272727272727273,0.909604519774011,0.735930735930736,0.714285714285714,0.757575757575758,0.238095238095238,0.961538461538461,1,1,3,0,0.801812770562771,-2.42034200921177,Bailey_tissue_specific_driver,TCGA_MC3_Bailey2018,365,35,330,20260985,pooled inner out-of-fold AUROC,pooled inner out-of-fold balanced-accuracy optimum,outer out-of-fold AUROC,AUROC >= 0.60 after inner-AUROC component tuning,TRUE,0.136103896103896,0.16017316017316,FALSE,TRUE,TRUE,TRUE
GigaSSL,driver_mutation,STAD,CTNNB1,0.427048726467331,0.476744186046512,0.051622716489505,7,0.711101882613511,0.117291112172603,0.641680509413068,0.80952380952381,0.473837209302326,0.0858585858585859,0.976047904191617,0.0575342465753425,0.0575342465753425,0.491279069767442,0,0.982558139534884,0,0.94150417827298,0.606727574750831,0.428571428571429,0.784883720930233,0.108433734939759,0.957446808510638,2,2,2,0,0.675294117647059,-4.12483018753099,Bailey_tissue_specific_driver,TCGA_MC3_Bailey2018,365,21,344,20260986,pooled inner out-of-fold AUROC,pooled inner out-of-fold balanced-accuracy optimum,outer out-of-fold AUROC,AUROC >= 0.60 after inner-AUROC component tuning,TRUE,0.28405315614618,0.164936323366556,FALSE,TRUE,TRUE,TRUE
ProvGigaPath,driver_mutation,STAD,CTNNB1,0.493217054263566,0.475290697674419,0.0602123027411923,8,0.600083056478405,0.0897113669800181,0.585894241417497,0.761904761904762,0.409883720930233,0.0730593607305936,0.965753424657534,0.0575342465753425,0.0575342465753425,0.537444629014396,0.0952380952380952,0.979651162790698,0.222222222222222,0.946629213483146,0.516749723145072,0.19047619047619,0.843023255813954,0.0689655172413793,0.944625407166124,2,2,20,1,0.667165775401069,-5.46356492063684,Bailey_tissue_specific_driver,TCGA_MC3_Bailey2018,365,21,344,20260986,pooled inner out-of-fold AUROC,pooled inner out-of-fold balanced-accuracy optimum,outer out-of-fold AUROC,AUROC >= 0.60 after inner-AUROC component tuning,TRUE,0.106866002214839,0.110603543743078,FALSE,FALSE,TRUE,TRUE
TITAN,driver_mutation,STAD,CTNNB1,0.634551495016611,0.583610188261351,0.146586549715048,10,0.774640088593577,0.224312231255448,0.717261904761905,0.80952380952381,0.625,0.116438356164384,0.981735159817352,0.0575342465753425,0.0575342465753425,0.568521594684385,0.142857142857143,0.994186046511628,0.6,0.95,0.67905592469546,0.523809523809524,0.834302325581395,0.161764705882353,0.966329966329966,2,2,3,0,0.792199488491049,-3.90383980261586,Bailey_tissue_specific_driver,TCGA_MC3_Bailey2018,365,21,344,20260986,pooled inner out-of-fold AUROC,pooled inner out-of-fold balanced-accuracy optimum,outer out-of-fold AUROC,AUROC >= 0.60 after inner-AUROC component tuning,TRUE,0.140088593576966,0.133651716500554,FALSE,TRUE,TRUE,TRUE
GigaSSL,driver_mutation,STAD,DMD,0.556670681118694,0.548206878094474,0.174485062717496,13,0.598153352067443,0.180283525164187,0.547972701726214,0.680851063829787,0.415094339622642,0.146788990825688,0.897959183673469,0.128767123287671,0.128767123287671,0.495283018867925,0,0.990566037735849,0,0.870165745856354,0.571356884785227,0.51063829787234,0.632075471698113,0.170212765957447,0.897321428571429,1,1,4,0,0.628379772961816,-2.33972475940053,Bailey_tissue_specific_driver,TCGA_MC3_Bailey2018,365,47,318,20260987,pooled inner out-of-fold AUROC,pooled inner out-of-fold balanced-accuracy optimum,outer out-of-fold AUROC,AUROC >= 0.60 after inner-AUROC component tuning,TRUE,0.0414826709487488,-0.00023417636825962,FALSE,FALSE,FALSE,TRUE
ProvGigaPath,driver_mutation,STAD,DMD,0.532048708684598,0.515455640305098,0.157111034455229,4,0.544761140104376,0.163824379671331,0.529171684731701,0.404255319148936,0.654088050314465,0.147286821705426,0.88135593220339,0.128767123287671,0.128767123287671,0.514619296132745,0.0638297872340426,0.965408805031447,0.214285714285714,0.874643874643875,0.564498862571926,0.361702127659575,0.767295597484277,0.186813186813187,0.89051094890511,1,1,4,0,0.620846233230134,-1.87497971571424,Bailey_tissue_specific_driver,TCGA_MC3_Bailey2018,365,47,318,20260987,pooled inner out-of-fold AUROC,pooled inner out-of-fold balanced-accuracy optimum,outer out-of-fold AUROC,AUROC >= 0.60 after inner-AUROC component tuning,TRUE,0.0127124314197777,0.0137160444266027,FALSE,FALSE,FALSE,TRUE
TITAN,driver_mutation,STAD,DMD,0.477719791248495,0.463836477987421,0.123481897563824,5,0.625451625853071,0.17258158926275,0.587916499397832,0.553191489361702,0.622641509433962,0.178082191780822,0.904109589041096,0.128767123287671,0.128767123287671,0.480764084035863,0.0212765957446809,0.940251572327044,0.05,0.866666666666667,0.584303492573264,0.48936170212766,0.679245283018868,0.184,0.9,3,2,3,0,0.703715170278638,-2.22940781495176,Bailey_tissue_specific_driver,TCGA_MC3_Bailey2018,365,47,318,20260987,pooled inner out-of-fold AUROC,pooled inner out-of-fold balanced-accuracy optimum,outer out-of-fold AUROC,AUROC >= 0.60 after inner-AUROC component tuning,TRUE,0.147731834604576,0.124080021410411,FALSE,FALSE,TRUE,TRUE
GigaSSL,driver_mutation,STAD,ERBB4,0.550277777777778,0.501041666666667,0.140782769141017,16,0.530902777777778,0.152054798784389,0.5265625,0.4,0.653125,0.13953488372093,0.885593220338983,0.123287671232877,0.123287671232877,0.516319444444445,0.0888888888888889,0.94375,0.181818181818182,0.880466472303207,0.491145833333333,0.266666666666667,0.715625,0.116504854368932,0.874045801526717,4,1,17,0,0.608181423611111,-2.92581598653363,Bailey_tissue_specific_driver,TCGA_MC3_Bailey2018,365,45,320,20260988,pooled inner out-of-fold AUROC,pooled inner out-of-fold balanced-accuracy optimum,outer out-of-fold AUROC,AUROC >= 0.60 after inner-AUROC component tuning,TRUE,-0.0193750000000003,0.025520833333333,FALSE,FALSE,FALSE,TRUE
ProvGigaPath,driver_mutation,STAD,ERBB4,0.501805555555556,0.488020833333333,0.135081177358253,6,0.506805555555556,0.127819189663261,0.512847222222222,0.244444444444444,0.78125,0.135802469135802,0.880281690140845,0.123287671232877,0.123287671232877,0.4859375,0,0.971875,0,0.873595505617977,0.499305555555556,0.311111111111111,0.6875,0.12280701754386,0.876494023904382,2,1,3,0,0.573459201388889,-1.59362223691601,Bailey_tissue_specific_driver,TCGA_MC3_Bailey2018,365,45,320,20260988,pooled inner out-of-fold AUROC,pooled inner out-of-fold balanced-accuracy optimum,outer out-of-fold AUROC,AUROC >= 0.60 after inner-AUROC component tuning,TRUE,0.00499999999999956,0.0248263888888892,FALSE,FALSE,FALSE,TRUE
TITAN,driver_mutation,STAD,ERBB4,0.591736111111111,0.538541666666667,0.178613562866706,7,0.538888888888889,0.143169946447797,0.496006944444445,0.488888888888889,0.503125,0.121546961325967,0.875,0.123287671232877,0.123287671232877,0.495833333333333,0.0666666666666667,0.925,0.111111111111111,0.875739644970414,0.511458333333333,0.266666666666667,0.75625,0.133333333333333,0.88,5,1,15,0,0.6328125,-3.75970522988306,Bailey_tissue_specific_driver,TCGA_MC3_Bailey2018,365,45,320,20260988,pooled inner out-of-fold AUROC,pooled inner out-of-fold balanced-accuracy optimum,outer out-of-fold AUROC,AUROC >= 0.60 after inner-AUROC component tuning,TRUE,-0.0528472222222222,-0.0425347222222225,FALSE,FALSE,FALSE,TRUE
GigaSSL,driver_mutation,STAD,FBXW7,0.640907224958949,0.539203612479475,0.14801927197158,5,0.67816091954023,0.138378225521074,0.635006157635468,0.689655172413793,0.580357142857143,0.124223602484472,0.955882352941176,0.0794520547945206,0.0794520547945206,0.520474137931035,0.103448275862069,0.9375,0.125,0.923753665689149,0.622075123152709,0.413793103448276,0.830357142857143,0.173913043478261,0.942567567567568,4,4,20,1,0.725876838532407,-4.14406469247967,Bailey_tissue_specific_driver,TCGA_MC3_Bailey2018,365,29,336,20260989,pooled inner out-of-fold AUROC,pooled inner out-of-fold balanced-accuracy optimum,outer out-of-fold AUROC,AUROC >= 0.60 after inner-AUROC component tuning,TRUE,0.0372536945812808,0.095802545155993,FALSE,TRUE,TRUE,TRUE
ProvGigaPath,driver_mutation,STAD,FBXW7,0.651580459770115,0.52196223316913,0.142378548463675,19,0.64378078817734,0.118298353135816,0.683138341543514,0.827586206896552,0.538690476190476,0.134078212290503,0.973118279569892,0.0794520547945206,0.0794520547945206,0.500256568144499,0.0689655172413793,0.931547619047619,0.08,0.920588235294118,0.548388752052545,0.206896551724138,0.889880952380952,0.13953488372093,0.928571428571429,14,2,17,0,0.778891223533215,-24.5783685054328,Bailey_tissue_specific_driver,TCGA_MC3_Bailey2018,365,29,336,20260989,pooled inner out-of-fold AUROC,pooled inner out-of-fold balanced-accuracy optimum,outer out-of-fold AUROC,AUROC >= 0.60 after inner-AUROC component tuning,TRUE,-0.00779967159277517,0.161176108374384,FALSE,TRUE,TRUE,TRUE
TITAN,driver_mutation,STAD,FBXW7,0.647167487684729,0.570710180623974,0.163490661681835,18,0.641317733990148,0.137924097125749,0.619868637110016,0.620689655172414,0.619047619047619,0.123287671232877,0.949771689497717,0.0794520547945206,0.0794520547945206,0.530890804597701,0.103448275862069,0.958333333333333,0.176470588235294,0.925287356321839,0.616379310344828,0.482758620689655,0.75,0.142857142857143,0.943820224719101,3,1,7,0,0.74575723290771,-3.633891191537,Bailey_tissue_specific_driver,TCGA_MC3_Bailey2018,365,29,336,20260989,pooled inner out-of-fold AUROC,pooled inner out-of-fold balanced-accuracy optimum,outer out-of-fold AUROC,AUROC >= 0.60 after inner-AUROC component tuning,TRUE,-0.00584975369458118,0.0491584564860423,FALSE,TRUE,TRUE,TRUE
GigaSSL,driver_mutation,STAD,KRAS,0.582985074626866,0.492786069651741,0.110710001931341,5,0.633233830845771,0.152540709840465,0.610199004975124,0.566666666666667,0.653731343283582,0.12781954887218,0.943965517241379,0.0821917808219178,0.0821917808219178,0.548756218905473,0.133333333333333,0.964179104477612,0.25,0.925501432664757,0.623134328358209,0.5,0.746268656716418,0.15,0.943396226415094,2,2,5,0,0.651896766169154,-2.78797579063598,Bailey_tissue_specific_driver,TCGA_MC3_Bailey2018,365,30,335,20260990,pooled inner out-of-fold AUROC,pooled inner out-of-fold balanced-accuracy optimum,outer out-of-fold AUROC,AUROC >= 0.60 after inner-AUROC component tuning,TRUE,0.0502487562189051,0.117412935323383,FALSE,TRUE,TRUE,TRUE
ProvGigaPath,driver_mutation,STAD,KRAS,0.612636815920398,0.494278606965174,0.119920306927891,10,0.738308457711443,0.181609595448665,0.646019900497513,0.766666666666667,0.525373134328358,0.126373626373626,0.961748633879781,0.0821917808219178,0.0821917808219178,0.538059701492537,0.1,0.976119402985075,0.272727272727273,0.923728813559322,0.627114427860697,0.433333333333333,0.82089552238806,0.178082191780822,0.941780821917808,3,3,5,0,0.701958955223881,-5.13889419704508,Bailey_tissue_specific_driver,TCGA_MC3_Bailey2018,365,30,335,20260990,pooled inner out-of-fold AUROC,pooled inner out-of-fold balanced-accuracy optimum,outer out-of-fold AUROC,AUROC >= 0.60 after inner-AUROC component tuning,TRUE,0.125671641791045,0.151741293532338,FALSE,TRUE,TRUE,TRUE
TITAN,driver_mutation,STAD,KRAS,0.575522388059702,0.53681592039801,0.147869858336569,9,0.617611940298508,0.15772080830579,0.620646766169154,0.566666666666667,0.674626865671642,0.134920634920635,0.94560669456067,0.0821917808219178,0.0821917808219178,0.520149253731343,0.1,0.940298507462687,0.130434782608696,0.921052631578947,0.569402985074627,0.3,0.838805970149254,0.142857142857143,0.93046357615894,8,3,12,0,0.731498756218906,-4.01600653172291,Bailey_tissue_specific_driver,TCGA_MC3_Bailey2018,365,30,335,20260990,pooled inner out-of-fold AUROC,pooled inner out-of-fold balanced-accuracy optimum,outer out-of-fold AUROC,AUROC >= 0.60 after inner-AUROC component tuning,TRUE,0.0420895522388054,0.0838308457711442,FALSE,TRUE,TRUE,TRUE
GigaSSL,driver_mutation,STAD,MUC6,0.500321905681635,0.52663769515532,0.109369239726015,6,0.480766135522292,0.101633861458941,0.480323515210043,0.657894736842105,0.302752293577982,0.0988142292490119,0.883928571428571,0.104109589041096,0.104109589041096,0.495734749718333,0.0526315789473684,0.938837920489297,0.0909090909090909,0.895043731778426,0.465515853854821,0.236842105263158,0.694189602446483,0.0825688073394496,0.88671875,6,2,17,0,0.510178117048346,-3.57297555042243,Bailey_tissue_specific_driver,TCGA_MC3_Bailey2018,365,38,327,20260991,pooled inner out-of-fold AUROC,pooled inner out-of-fold balanced-accuracy optimum,outer out-of-fold AUROC,AUROC >= 0.60 after inner-AUROC component tuning,TRUE,-0.0195557701593431,-0.0463141799452765,FALSE,FALSE,FALSE,FALSE
ProvGigaPath,driver_mutation,STAD,MUC6,0.420086914534042,0.489618541767262,0.088423171095538,5,0.472396587799775,0.111422353499926,0.453001770481249,0.315789473684211,0.590214067278288,0.0821917808219178,0.881278538812785,0.104109589041096,0.104109589041096,0.528166747143087,0.105263157894737,0.951070336391437,0.2,0.901449275362319,0.472839208112023,0.184210526315789,0.761467889908257,0.0823529411764706,0.889285714285714,4,3,5,0,0.540868454661558,-2.81249691074681,Bailey_tissue_specific_driver,TCGA_MC3_Bailey2018,365,38,327,20260991,pooled inner out-of-fold AUROC,pooled inner out-of-fold balanced-accuracy optimum,outer out-of-fold AUROC,AUROC >= 0.60 after inner-AUROC component tuning,TRUE,0.0523096732657327,-0.036616771286013,FALSE,FALSE,FALSE,TRUE
TITAN,driver_mutation,STAD,MUC6,0.515773378400129,0.492073072589731,0.137081997809968,7,0.511266698857235,0.131835154385314,0.487003058103976,0.5,0.474006116207951,0.0994764397905759,0.890804597701149,0.104109589041096,0.104109589041096,0.519917914051183,0.131578947368421,0.908256880733945,0.142857142857143,0.9,0.517503621438918,0.236842105263158,0.798165137614679,0.12,0.9,9,7,20,1,0.597828863346105,-4.57220582533055,Bailey_tissue_specific_driver,TCGA_MC3_Bailey2018,365,38,327,20260991,pooled inner out-of-fold AUROC,pooled inner out-of-fold balanced-accuracy optimum,outer out-of-fold AUROC,AUROC >= 0.60 after inner-AUROC component tuning,TRUE,-0.00450667954289419,-0.00507001448575545,FALSE,FALSE,FALSE,TRUE
GigaSSL,driver_mutation,STAD,PIK3CA,0.692551319648094,0.551612903225807,0.259587237925353,7,0.686158357771261,0.282907905930385,0.609090909090909,0.618181818181818,0.6,0.215189873417722,0.898550724637681,0.150684931506849,0.150684931506849,0.577859237536657,0.236363636363636,0.919354838709677,0.342105263157895,0.871559633027523,0.621114369501466,0.545454545454545,0.696774193548387,0.241935483870968,0.896265560165975,4,1,14,0,0.707294721407625,-1.74968369219291,Bailey_tissue_specific_driver,TCGA_MC3_Bailey2018,365,55,310,20260992,pooled inner out-of-fold AUROC,pooled inner out-of-fold balanced-accuracy optimum,outer out-of-fold AUROC,AUROC >= 0.60 after inner-AUROC component tuning,TRUE,-0.00639296187683303,0.0574780058651021,FALSE,TRUE,TRUE,TRUE
ProvGigaPath,driver_mutation,STAD,PIK3CA,0.610909090909091,0.521114369501466,0.21743108105847,6,0.705806451612903,0.297331481807027,0.658797653958944,0.727272727272727,0.590322580645161,0.239520958083832,0.924242424242424,0.150684931506849,0.150684931506849,0.582697947214076,0.236363636363636,0.929032258064516,0.371428571428571,0.872727272727273,0.632111436950147,0.454545454545455,0.809677419354839,0.297619047619048,0.893238434163701,4,3,6,0,0.755406891495601,-3.60984615930193,Bailey_tissue_specific_driver,TCGA_MC3_Bailey2018,365,55,310,20260992,pooled inner out-of-fold AUROC,pooled inner out-of-fold balanced-accuracy optimum,outer out-of-fold AUROC,AUROC >= 0.60 after inner-AUROC component tuning,TRUE,0.0948973607038123,0.137683284457478,FALSE,TRUE,TRUE,TRUE
TITAN,driver_mutation,STAD,PIK3CA,0.753841642228739,0.605131964809384,0.343466890825528,4,0.814897360703812,0.434480342523267,0.752492668621701,0.872727272727273,0.632258064516129,0.296296296296296,0.96551724137931,0.150684931506849,0.150684931506849,0.618035190615836,0.290909090909091,0.945161290322581,0.484848484848485,0.882530120481928,0.730938416422287,0.690909090909091,0.770967741935484,0.348623853211009,0.93359375,3,3,3,0,0.812041788856305,-2.33019993251925,Bailey_tissue_specific_driver,TCGA_MC3_Bailey2018,365,55,310,20260992,pooled inner out-of-fold AUROC,pooled inner out-of-fold balanced-accuracy optimum,outer out-of-fold AUROC,AUROC >= 0.60 after inner-AUROC component tuning,TRUE,0.0610557184750734,0.147360703812317,TRUE,TRUE,TRUE,TRUE
GigaSSL,driver_mutation,STAD,PTEN,0.631070429697432,0.470760233918129,0.0925814654475875,7,0.620645817442156,0.104766852517542,0.594012204424104,0.565217391304348,0.62280701754386,0.0915492957746479,0.955156950672646,0.063013698630137,0.063013698630137,0.499809305873379,0.0434782608695652,0.956140350877193,0.0625,0.936962750716332,0.551678108314264,0.217391304347826,0.885964912280702,0.113636363636364,0.94392523364486,6,4,14,0,0.700324412003244,-5.36239108148304,Bailey_tissue_specific_driver,TCGA_MC3_Bailey2018,365,23,342,20260993,pooled inner out-of-fold AUROC,pooled inner out-of-fold balanced-accuracy optimum,outer out-of-fold AUROC,AUROC >= 0.60 after inner-AUROC component tuning,TRUE,-0.0104246122552759,0.123251970505975,FALSE,FALSE,TRUE,TRUE
ProvGigaPath,driver_mutation,STAD,PTEN,0.589117721840834,0.541825578438851,0.108152036140477,10,0.565090261886601,0.0905126872288395,0.558352402745995,0.695652173913044,0.421052631578947,0.0747663551401869,0.95364238410596,0.063013698630137,0.063013698630137,0.525934401220443,0.0869565217391304,0.964912280701754,0.142857142857143,0.94017094017094,0.541444190185609,0.217391304347826,0.865497076023392,0.0980392156862745,0.942675159235669,9,2,13,0,0.70940170940171,-14.7754783144251,Bailey_tissue_specific_driver,TCGA_MC3_Bailey2018,365,23,342,20260993,pooled inner out-of-fold AUROC,pooled inner out-of-fold balanced-accuracy optimum,outer out-of-fold AUROC,AUROC >= 0.60 after inner-AUROC component tuning,TRUE,-0.0240274599542334,0.0165268243071444,FALSE,FALSE,FALSE,TRUE
TITAN,driver_mutation,STAD,PTEN,0.520340706839563,0.476608187134503,0.0724777477334618,6,0.577548944825833,0.081701804697533,0.577358250699212,0.695652173913044,0.45906432748538,0.0796019900497513,0.957317073170732,0.063013698630137,0.063013698630137,0.483918128654971,0,0.967836257309941,0,0.935028248587571,0.560068649885584,0.304347826086957,0.81578947368421,0.1,0.945762711864407,3,2,19,0,0.716931216931217,-4.5080900623287,Bailey_tissue_specific_driver,TCGA_MC3_Bailey2018,365,23,342,20260993,pooled inner out-of-fold AUROC,pooled inner out-of-fold balanced-accuracy optimum,outer out-of-fold AUROC,AUROC >= 0.60 after inner-AUROC component tuning,TRUE,0.0572082379862697,0.100750063564709,FALSE,FALSE,FALSE,TRUE
GigaSSL,driver_mutation,STAD,RASA1,0.542220376522702,0.525816722037652,0.0775870042285503,5,0.575719822812846,0.0768751518080403,0.52733942414175,0.476190476190476,0.578488372093023,0.0645161290322581,0.947619047619048,0.0575342465753425,0.0575342465753425,0.491279069767442,0,0.982558139534884,0,0.94150417827298,0.550387596899225,0.333333333333333,0.767441860465116,0.0804597701149425,0.949640287769784,1,1,9,0,0.678716577540107,-3.59706938904238,Bailey_tissue_specific_driver,TCGA_MC3_Bailey2018,365,21,344,20260994,pooled inner out-of-fold AUROC,pooled inner out-of-fold balanced-accuracy optimum,outer out-of-fold AUROC,AUROC >= 0.60 after inner-AUROC component tuning,TRUE,0.033499446290144,0.00152270210409777,FALSE,FALSE,FALSE,TRUE
ProvGigaPath,driver_mutation,STAD,RASA1,0.540420819490587,0.49328626799557,0.0727476881383231,6,0.541805094130676,0.0686601490111937,0.516472868217054,0.666666666666667,0.366279069767442,0.0603448275862069,0.947368421052632,0.0575342465753425,0.0575342465753425,0.478197674418605,0,0.956395348837209,0,0.94,0.527477851605759,0.238095238095238,0.816860465116279,0.0735294117647059,0.946127946127946,2,1,15,0,0.667807486631016,-4.56130182088925,Bailey_tissue_specific_driver,TCGA_MC3_Bailey2018,365,21,344,20260994,pooled inner out-of-fold AUROC,pooled inner out-of-fold balanced-accuracy optimum,outer out-of-fold AUROC,AUROC >= 0.60 after inner-AUROC component tuning,TRUE,0.00138427464008861,0.0231866002214843,FALSE,FALSE,FALSE,TRUE
TITAN,driver_mutation,STAD,RASA1,0.593023255813954,0.588524363233666,0.133528425330234,16,0.657392026578073,0.169161767102191,0.566583610188261,0.476190476190476,0.656976744186046,0.078125,0.953586497890295,0.0575342465753425,0.0575342465753425,0.567621816168328,0.19047619047619,0.944767441860465,0.173913043478261,0.950292397660819,0.552740863787375,0.285714285714286,0.819767441860465,0.0882352941176471,0.949494949494949,3,2,20,2,0.689625668449198,-3.72544210509352,Bailey_tissue_specific_driver,TCGA_MC3_Bailey2018,365,21,344,20260994,pooled inner out-of-fold AUROC,pooled inner out-of-fold balanced-accuracy optimum,outer out-of-fold AUROC,AUROC >= 0.60 after inner-AUROC component tuning,TRUE,0.0643687707641191,-0.0219407530454047,FALSE,FALSE,TRUE,TRUE
GigaSSL,driver_mutation,STAD,RHOA,0.608550724637681,0.507608695652174,0.0925446010479104,9,0.735797101449275,0.121253452583994,0.698188405797102,0.75,0.646376811594203,0.109489051094891,0.978070175438597,0.0547945205479452,0.0547945205479452,0.5,0,1,,0.945205479452055,0.650724637681159,0.6,0.701449275362319,0.104347826086957,0.968,1,1,1,0,0.724411231884058,-3.00936165755856,Bailey_tissue_specific_driver,TCGA_MC3_Bailey2018,365,20,345,20260995,pooled inner out-of-fold AUROC,pooled inner out-of-fold balanced-accuracy optimum,outer out-of-fold AUROC,AUROC >= 0.60 after inner-AUROC component tuning,TRUE,0.127246376811594,0.190579710144927,FALSE,TRUE,TRUE,TRUE
ProvGigaPath,driver_mutation,STAD,RHOA,0.492463768115942,0.473913043478261,0.0642341963364355,10,0.572608695652174,0.0778999626403946,0.596376811594203,0.7,0.492753623188406,0.0740740740740741,0.965909090909091,0.0547945205479452,0.0547945205479452,0.492753623188406,0,0.985507246376812,0,0.944444444444444,0.545289855072464,0.25,0.840579710144928,0.0833333333333333,0.950819672131147,6,1,10,0,0.646286231884058,-9.69832578467259,Bailey_tissue_specific_driver,TCGA_MC3_Bailey2018,365,20,345,20260995,pooled inner out-of-fold AUROC,pooled inner out-of-fold balanced-accuracy optimum,outer out-of-fold AUROC,AUROC >= 0.60 after inner-AUROC component tuning,TRUE,0.0801449275362319,0.122463768115942,FALSE,FALSE,FALSE,TRUE
TITAN,driver_mutation,STAD,RHOA,0.677101449275362,0.563405797101449,0.152032771690848,7,0.808840579710145,0.149243655588838,0.719927536231884,0.75,0.689855072463768,0.122950819672131,0.979423868312757,0.0547945205479452,0.0547945205479452,0.5,0,1,,0.945205479452055,0.72536231884058,0.7,0.750724637681159,0.14,0.977358490566038,1,1,1,0,0.781476449275362,-2.58726293161162,Bailey_tissue_specific_driver,TCGA_MC3_Bailey2018,365,20,345,20260995,pooled inner out-of-fold AUROC,pooled inner out-of-fold balanced-accuracy optimum,outer out-of-fold AUROC,AUROC >= 0.60 after inner-AUROC component tuning,TRUE,0.131739130434783,0.156521739130435,FALSE,TRUE,TRUE,TRUE
GigaSSL,driver_mutation,STAD,RNF43,0.557676518883415,0.50620894909688,0.116622490010156,10,0.566297208538588,0.123208219053323,0.553520114942529,0.586206896551724,0.520833333333333,0.0955056179775281,0.935828877005348,0.0794520547945206,0.0794520547945206,0.52196223316913,0.103448275862069,0.940476190476191,0.130434782608696,0.923976608187134,0.58759236453202,0.344827586206897,0.830357142857143,0.149253731343284,0.936241610738255,13,3,19,0,0.731412639405205,-17.1251960774568,Bailey_tissue_specific_driver,TCGA_MC3_Bailey2018,365,29,336,20260996,pooled inner out-of-fold AUROC,pooled inner out-of-fold balanced-accuracy optimum,outer out-of-fold AUROC,AUROC >= 0.60 after inner-AUROC component tuning,TRUE,0.00862068965517293,0.0473111658456488,FALSE,FALSE,FALSE,TRUE
ProvGigaPath,driver_mutation,STAD,RNF43,0.639880952380952,0.61263341543514,0.201070827605331,6,0.705254515599343,0.23702230661654,0.643062397372742,0.655172413793103,0.630952380952381,0.132867132867133,0.954954954954955,0.0794520547945206,0.0794520547945206,0.599856321839081,0.241379310344828,0.958333333333333,0.333333333333333,0.936046511627907,0.686319786535304,0.482758620689655,0.889880952380952,0.274509803921569,0.952229299363057,4,3,6,0,0.756651524983777,-6.22228496833794,Bailey_tissue_specific_driver,TCGA_MC3_Bailey2018,365,29,336,20260996,pooled inner out-of-fold AUROC,pooled inner out-of-fold balanced-accuracy optimum,outer out-of-fold AUROC,AUROC >= 0.60 after inner-AUROC component tuning,TRUE,0.0653735632183912,0.0304289819376021,TRUE,TRUE,TRUE,TRUE
TITAN,driver_mutation,STAD,RNF43,0.571531198686371,0.550492610837438,0.14678535318787,16,0.573378489326765,0.12015840956117,0.601754926108374,0.551724137931035,0.651785714285714,0.120300751879699,0.943965517241379,0.0794520547945206,0.0794520547945206,0.516625615763547,0.0689655172413793,0.964285714285714,0.142857142857143,0.923076923076923,0.562294745484401,0.344827586206897,0.779761904761905,0.119047619047619,0.932384341637011,3,1,16,0,0.746403749797963,-3.80728605850784,Bailey_tissue_specific_driver,TCGA_MC3_Bailey2018,365,29,336,20260996,pooled inner out-of-fold AUROC,pooled inner out-of-fold balanced-accuracy optimum,outer out-of-fold AUROC,AUROC >= 0.60 after inner-AUROC component tuning,TRUE,0.00184729064039413,0.0512623152709364,FALSE,TRUE,FALSE,TRUE
GigaSSL,driver_mutation,STAD,SMAD4,0.519174041297935,0.501531654186521,0.0983569373525434,10,0.596550941683685,0.102726985068931,0.546743816655321,0.692307692307692,0.40117994100295,0.081447963800905,0.944444444444444,0.0712328767123288,0.0712328767123288,0.520762423417291,0.0769230769230769,0.964601769911504,0.142857142857143,0.931623931623932,0.556614476968459,0.384615384615385,0.728613569321534,0.0980392156862745,0.939163498098859,2,2,8,0,0.636794939377965,-4.55423367129542,Bailey_tissue_specific_driver,TCGA_MC3_Bailey2018,365,26,339,20260997,pooled inner out-of-fold AUROC,pooled inner out-of-fold balanced-accuracy optimum,outer out-of-fold AUROC,AUROC >= 0.60 after inner-AUROC component tuning,TRUE,0.0773769003857501,0.0452121624688001,FALSE,FALSE,FALSE,TRUE
ProvGigaPath,driver_mutation,STAD,SMAD4,0.472203312911278,0.498638529611981,0.084871620462455,18,0.498184706149308,0.0790830781338284,0.565577490356251,0.461538461538462,0.669616519174041,0.0967741935483871,0.941908713692946,0.0712328767123288,0.0712328767123288,0.479351032448378,0,0.958702064896755,0,0.925925925925926,0.538745178125709,0.269230769230769,0.808259587020649,0.0972222222222222,0.935153583617747,3,1,10,0,0.604463187489018,-3.22491470241161,Bailey_tissue_specific_driver,TCGA_MC3_Bailey2018,365,26,339,20260997,pooled inner out-of-fold AUROC,pooled inner out-of-fold balanced-accuracy optimum,outer out-of-fold AUROC,AUROC >= 0.60 after inner-AUROC component tuning,TRUE,0.02598139323803,0.0669389607442704,FALSE,FALSE,FALSE,TRUE
TITAN,driver_mutation,STAD,SMAD4,0.545609257998639,0.510437939641479,0.0907975777072494,10,0.495121397776265,0.0700674560441419,0.515713637395053,0.653846153846154,0.377581120943953,0.0745614035087719,0.934306569343066,0.0712328767123288,0.0712328767123288,0.491150442477876,0,0.982300884955752,0,0.927576601671309,0.473734967097799,0.192307692307692,0.755162241887906,0.0568181818181818,0.924187725631769,1,1,18,0,0.577859778597786,-3.56998629432447,Bailey_tissue_specific_driver,TCGA_MC3_Bailey2018,365,26,339,20260997,pooled inner out-of-fold AUROC,pooled inner out-of-fold balanced-accuracy optimum,outer out-of-fold AUROC,AUROC >= 0.60 after inner-AUROC component tuning,TRUE,-0.050487860222374,0.00527569775357428,FALSE,FALSE,FALSE,TRUE
GigaSSL,driver_mutation,STAD,TP53,0.608967423969227,0.557924630364227,0.583163267356988,4,0.620507272508715,0.594887778656224,0.580688784709701,0.576271186440678,0.585106382978723,0.566666666666667,0.594594594594595,0.484931506849315,0.484931506849315,0.57188363986056,0.548022598870056,0.595744680851064,0.560693641618497,0.583333333333333,0.572048924149537,0.553672316384181,0.590425531914894,0.56,0.58421052631579,4,3,12,0,0.684178403755869,-0.0853250144630027,Bailey_tissue_specific_driver,TCGA_MC3_Bailey2018,365,177,188,20260998,pooled inner out-of-fold AUROC,pooled inner out-of-fold balanced-accuracy optimum,outer out-of-fold AUROC,AUROC >= 0.60 after inner-AUROC component tuning,TRUE,0.011539848539488,0.0227641543454736,FALSE,FALSE,TRUE,FALSE
ProvGigaPath,driver_mutation,STAD,TP53,0.693232359658613,0.644849140521697,0.677974951742131,4,0.667057338622431,0.655061429615427,0.614752374083424,0.649717514124294,0.579787234042553,0.592783505154639,0.637426900584795,0.484931506849315,0.484931506849315,0.609448250991706,0.559322033898305,0.659574468085106,0.607361963190184,0.613861386138614,0.610109388147614,0.581920903954802,0.638297872340426,0.60233918128655,0.618556701030928,4,2,5,0,0.68274231678487,-0.287862374986217,Bailey_tissue_specific_driver,TCGA_MC3_Bailey2018,365,177,188,20260998,pooled inner out-of-fold AUROC,pooled inner out-of-fold balanced-accuracy optimum,outer out-of-fold AUROC,AUROC >= 0.60 after inner-AUROC component tuning,TRUE,-0.0261750210361824,-0.0300967664382734,TRUE,TRUE,TRUE,FALSE
TITAN,driver_mutation,STAD,TP53,0.718656088472172,0.681572304363505,0.668922608903705,3,0.728332732299555,0.66712545364013,0.683059862964299,0.711864406779661,0.654255319148936,0.659685863874346,0.706896551724138,0.484931506849315,0.484931506849315,0.667943863445126,0.649717514124294,0.686170212765958,0.660919540229885,0.675392670157068,0.671264575069119,0.672316384180791,0.670212765957447,0.657458563535912,0.684782608695652,3,2,4,0,0.728196996548829,-0.209886825518397,Bailey_tissue_specific_driver,TCGA_MC3_Bailey2018,365,177,188,20260998,pooled inner out-of-fold AUROC,pooled inner out-of-fold balanced-accuracy optimum,outer out-of-fold AUROC,AUROC >= 0.60 after inner-AUROC component tuning,TRUE,0.0096766438273832,0.00148755860079353,TRUE,TRUE,TRUE,FALSE
GigaSSL,driver_mutation,TGCT,KIT,0.588888888888889,0.530555555555556,0.256481172268736,5,0.675,0.261574992221824,0.702777777777778,0.85,0.555555555555556,0.261538461538462,0.952380952380952,0.15625,0.15625,0.506481481481481,0.05,0.962962962962963,0.2,0.845528455284553,0.626851851851852,0.55,0.703703703703704,0.255813953488372,0.894117647058824,1,1,9,0,0.728197674418605,-2.32301358056611,Bailey_tissue_specific_driver,TCGA_MC3_Bailey2018,128,20,108,20260999,pooled inner out-of-fold AUROC,pooled inner out-of-fold balanced-accuracy optimum,outer out-of-fold AUROC,AUROC >= 0.60 after inner-AUROC component tuning,TRUE,0.086111111111111,0.172222222222222,FALSE,TRUE,TRUE,TRUE
ProvGigaPath,driver_mutation,TGCT,KIT,0.65787037037037,0.562962962962963,0.266927956948405,3,0.664814814814815,0.285508326489971,0.658333333333333,0.65,0.666666666666667,0.26530612244898,0.911392405063291,0.15625,0.15625,0.537962962962963,0.15,0.925925925925926,0.272727272727273,0.854700854700855,0.630555555555556,0.4,0.861111111111111,0.347826086956522,0.885714285714286,6,1,9,0,0.719827586206897,-9.19324077343251,Bailey_tissue_specific_driver,TCGA_MC3_Bailey2018,128,20,108,20260999,pooled inner out-of-fold AUROC,pooled inner out-of-fold balanced-accuracy optimum,outer out-of-fold AUROC,AUROC >= 0.60 after inner-AUROC component tuning,TRUE,0.00694444444444486,0.0953703703703703,FALSE,TRUE,TRUE,TRUE
TITAN,driver_mutation,TGCT,KIT,0.597685185185185,0.480555555555556,0.249216025789958,4,0.800925925925926,0.434457711283552,0.757407407407407,0.95,0.564814814814815,0.287878787878788,0.983870967741936,0.15625,0.15625,0.536111111111111,0.1,0.972222222222222,0.4,0.853658536585366,0.669444444444444,0.7,0.638888888888889,0.264150943396226,0.92,1,1,1,0,0.78448275862069,-2.16651171548338,Bailey_tissue_specific_driver,TCGA_MC3_Bailey2018,128,20,108,20260999,pooled inner out-of-fold AUROC,pooled inner out-of-fold balanced-accuracy optimum,outer out-of-fold AUROC,AUROC >= 0.60 after inner-AUROC component tuning,TRUE,0.203240740740741,0.276851851851851,FALSE,TRUE,TRUE,TRUE
GigaSSL,driver_mutation,THCA,BRAF,0.842459087304448,0.773862735202941,0.865325330015254,3,0.861743926176916,0.891187307866021,0.784820849253839,0.853146853146853,0.716494845360825,0.816053511705686,0.767955801104972,0.595833333333333,0.595833333333333,0.791074904476966,0.881118881118881,0.701030927835052,0.812903225806452,0.8,0.783631317136472,0.814685314685315,0.752577319587629,0.829181494661922,0.733668341708543,3,3,4,0,0.857441992076967,0.11576785857003,Bailey_tissue_specific_driver,TCGA_MC3_Bailey2018,480,286,194,20261000,pooled inner out-of-fold AUROC,pooled inner out-of-fold balanced-accuracy optimum,outer out-of-fold AUROC,AUROC >= 0.60 after inner-AUROC component tuning,TRUE,0.0192848388724679,0.0109581140508979,TRUE,TRUE,TRUE,FALSE
ProvGigaPath,driver_mutation,THCA,BRAF,0.843324201571624,0.762724389013049,0.865053656245866,4,0.856589287001658,0.884102770589736,0.775899358373585,0.814685314685315,0.737113402061856,0.820422535211268,0.729591836734694,0.595833333333333,0.595833333333333,0.771285415615313,0.877622377622378,0.664948453608247,0.794303797468355,0.786585365853659,0.782153413596713,0.842657342657343,0.721649484536083,0.816949152542373,0.756756756756757,3,3,5,0,0.863440860215054,0.614588584321168,Bailey_tissue_specific_driver,TCGA_MC3_Bailey2018,480,286,194,20261000,pooled inner out-of-fold AUROC,pooled inner out-of-fold balanced-accuracy optimum,outer out-of-fold AUROC,AUROC >= 0.60 after inner-AUROC component tuning,TRUE,0.0132650854300341,0.0131749693605362,TRUE,TRUE,TRUE,TRUE
TITAN,driver_mutation,THCA,BRAF,0.892599668372864,0.825769591233509,0.901752824040219,4,0.885714800663254,0.897301416884661,0.840043976641915,0.881118881118881,0.798969072164949,0.865979381443299,0.82010582010582,0.595833333333333,0.595833333333333,0.833501549996395,0.91958041958042,0.747422680412371,0.842948717948718,0.863095238095238,0.840134092711412,0.891608391608392,0.788659793814433,0.861486486486487,0.831521739130435,4,3,4,0,0.892982456140351,0.576697124662704,Bailey_tissue_specific_driver,TCGA_MC3_Bailey2018,480,286,194,20261000,pooled inner out-of-fold AUROC,pooled inner out-of-fold balanced-accuracy optimum,outer out-of-fold AUROC,AUROC >= 0.60 after inner-AUROC component tuning,TRUE,-0.00688486770960972,0.0142743854084058,TRUE,TRUE,TRUE,FALSE
GigaSSL,driver_mutation,THCA,NRAS,0.687961419385568,0.60556084782091,0.227477601779275,16,0.787032626815909,0.281587575002733,0.717135032150512,0.789473684210526,0.644796380090498,0.160427807486631,0.972696245733788,0.0791666666666667,0.0791666666666667,0.567635151226483,0.157894736842105,0.97737556561086,0.375,0.931034482758621,0.71100261967135,0.605263157894737,0.816742081447964,0.221153846153846,0.960106382978723,2,1,10,0,0.777024482109228,-3.21811115779642,Bailey_tissue_specific_driver,TCGA_MC3_Bailey2018,480,38,442,20261001,pooled inner out-of-fold AUROC,pooled inner out-of-fold balanced-accuracy optimum,outer out-of-fold AUROC,AUROC >= 0.60 after inner-AUROC component tuning,TRUE,0.0990712074303406,0.111574184329602,TRUE,TRUE,TRUE,TRUE
ProvGigaPath,driver_mutation,THCA,NRAS,0.680459633246011,0.598059061681353,0.225893764141493,8,0.782329125982377,0.299053597975774,0.674267682781615,0.710526315789474,0.638009049773756,0.144385026737968,0.962457337883959,0.0791666666666667,0.0791666666666667,0.618004286734937,0.263157894736842,0.972850678733032,0.454545454545455,0.938864628820961,0.693022148130507,0.526315789473684,0.859728506787331,0.24390243902439,0.954773869346734,2,1,2,0,0.785174693106704,-3.53311109782006,Bailey_tissue_specific_driver,TCGA_MC3_Bailey2018,480,38,442,20261001,pooled inner out-of-fold AUROC,pooled inner out-of-fold balanced-accuracy optimum,outer out-of-fold AUROC,AUROC >= 0.60 after inner-AUROC component tuning,TRUE,0.101869492736366,0.0762086211002616,FALSE,TRUE,TRUE,TRUE
TITAN,driver_mutation,THCA,NRAS,0.823946177661348,0.720588235294118,0.414479409836116,5,0.817099309359371,0.384305272862239,0.769587997142177,0.763157894736842,0.776018099547511,0.2265625,0.974431818181818,0.0791666666666667,0.0791666666666667,0.613479399857109,0.263157894736842,0.963800904977376,0.384615384615385,0.938325991189427,0.756846868301977,0.710526315789474,0.80316742081448,0.236842105263158,0.969945355191257,1,1,3,0,0.847969782813976,-3.17588230287356,Bailey_tissue_specific_driver,TCGA_MC3_Bailey2018,480,38,442,20261001,pooled inner out-of-fold AUROC,pooled inner out-of-fold balanced-accuracy optimum,outer out-of-fold AUROC,AUROC >= 0.60 after inner-AUROC component tuning,TRUE,-0.00684686830197678,0.0489997618480588,TRUE,TRUE,TRUE,TRUE
GigaSSL,driver_mutation,THYM,GTF2I,0.872137972048766,0.810883140053524,0.846463896959733,2,0.88373476063039,0.857075590266466,0.811775200713649,0.894736842105263,0.728813559322034,0.761194029850746,0.877551020408163,0.491379310344828,0.491379310344828,0.810883140053524,0.842105263157895,0.779661016949153,0.786885245901639,0.836363636363636,0.810883140053524,0.842105263157895,0.779661016949153,0.786885245901639,0.836363636363636,2,2,3,0,0.874547101449275,-0.0836506718859622,Bailey_tissue_specific_driver,TCGA_MC3_Bailey2018,116,57,59,20261002,pooled inner out-of-fold AUROC,pooled inner out-of-fold balanced-accuracy optimum,outer out-of-fold AUROC,AUROC >= 0.60 after inner-AUROC component tuning,TRUE,0.0115967885816236,0.000892060660124483,TRUE,TRUE,TRUE,FALSE
ProvGigaPath,driver_mutation,THYM,GTF2I,0.828426999702647,0.853850728516206,0.739356673585467,3,0.893250074338388,0.884198277508067,0.802705917335712,0.859649122807018,0.745762711864407,0.765625,0.846153846153846,0.491379310344828,0.491379310344828,0.775498067201903,0.754385964912281,0.796610169491525,0.781818181818182,0.770491803278689,0.775498067201903,0.754385964912281,0.796610169491525,0.781818181818182,0.770491803278689,2,2,2,0,0.899629972247919,-0.956683530166047,Bailey_tissue_specific_driver,TCGA_MC3_Bailey2018,116,57,59,20261002,pooled inner out-of-fold AUROC,pooled inner out-of-fold balanced-accuracy optimum,outer out-of-fold AUROC,AUROC >= 0.60 after inner-AUROC component tuning,TRUE,0.0648230746357413,-0.0511448111804939,TRUE,TRUE,TRUE,TRUE
TITAN,driver_mutation,THYM,GTF2I,0.914362176628011,0.87957181088314,0.875147071545393,4,0.903657448706512,0.851656264438806,0.854445435622956,0.912280701754386,0.796610169491525,0.8125,0.903846153846154,0.491379310344828,0.491379310344828,0.862325304787392,0.87719298245614,0.847457627118644,0.847457627118644,0.87719298245614,0.862325304787392,0.87719298245614,0.847457627118644,0.847457627118644,0.87719298245614,2,2,6,0,0.938858695652174,-0.666694453380957,Bailey_tissue_specific_driver,TCGA_MC3_Bailey2018,116,57,59,20261002,pooled inner out-of-fold AUROC,pooled inner out-of-fold balanced-accuracy optimum,outer out-of-fold AUROC,AUROC >= 0.60 after inner-AUROC component tuning,TRUE,-0.010704727921499,-0.0251263752601844,TRUE,TRUE,TRUE,TRUE
GigaSSL,driver_mutation,UCEC,ACVR1,0.587876254180602,0.517809364548495,0.133277471529964,8,0.564130434782609,0.13495284143173,0.547491638795987,0.538461538461538,0.556521739130435,0.0642201834862385,0.955223880597015,0.0534979423868313,0.0534979423868313,0.540301003344482,0.115384615384615,0.965217391304348,0.157894736842105,0.950749464668094,0.530602006688963,0.230769230769231,0.830434782608696,0.0714285714285714,0.950248756218905,9,2,13,0,0.614648033126294,-5.02778589688397,Bailey_tissue_specific_driver,TCGA_MC3_Bailey2018,486,26,460,20261003,pooled inner out-of-fold AUROC,pooled inner out-of-fold balanced-accuracy optimum,outer out-of-fold AUROC,AUROC >= 0.60 after inner-AUROC component tuning,TRUE,-0.0237458193979933,0.0296822742474916,FALSE,FALSE,FALSE,TRUE
ProvGigaPath,driver_mutation,UCEC,ACVR1,0.567976588628763,0.499665551839465,0.0751021172582815,9,0.530936454849498,0.0629203786353227,0.528344481605351,0.615384615384615,0.441304347826087,0.0586080586080586,0.953051643192488,0.0534979423868313,0.0534979423868313,0.494565217391304,0,0.989130434782609,0,0.945945945945946,0.526254180602007,0.230769230769231,0.821739130434783,0.0681818181818182,0.949748743718593,3,1,4,0,0.549301242236025,-5.7090950352421,Bailey_tissue_specific_driver,TCGA_MC3_Bailey2018,486,26,460,20261003,pooled inner out-of-fold AUROC,pooled inner out-of-fold balanced-accuracy optimum,outer out-of-fold AUROC,AUROC >= 0.60 after inner-AUROC component tuning,TRUE,-0.0370401337792646,0.0286789297658862,FALSE,FALSE,FALSE,TRUE
TITAN,driver_mutation,UCEC,ACVR1,0.517140468227425,0.489130434782609,0.0665022831256354,3,0.519816053511706,0.0698782800214656,0.554515050167224,0.730769230769231,0.378260869565217,0.0622950819672131,0.961325966850829,0.0534979423868313,0.0534979423868313,0.500752508361204,0.0384615384615385,0.96304347826087,0.0555555555555556,0.946581196581197,0.514632107023411,0.192307692307692,0.836956521739131,0.0625,0.948275862068965,4,4,16,0,0.663949275362319,-6.71110649468266,Bailey_tissue_specific_driver,TCGA_MC3_Bailey2018,486,26,460,20261003,pooled inner out-of-fold AUROC,pooled inner out-of-fold balanced-accuracy optimum,outer out-of-fold AUROC,AUROC >= 0.60 after inner-AUROC component tuning,TRUE,0.00267558528428069,0.0653846153846151,FALSE,FALSE,FALSE,TRUE
GigaSSL,driver_mutation,UCEC,ARHGAP35,0.600579570152137,0.550169041294373,0.231548909756444,18,0.609303308379618,0.231272101588357,0.580415358609032,0.670731707317073,0.49009900990099,0.210727969348659,0.88,0.168724279835391,0.168724279835391,0.56598647669645,0.280487804878049,0.851485148514852,0.27710843373494,0.853598014888337,0.562967882154069,0.353658536585366,0.772277227722772,0.239669421487603,0.854794520547945,17,16,17,0,0.629197427959038,-4.85285036665998,Bailey_tissue_specific_driver,TCGA_MC3_Bailey2018,486,82,404,20261004,pooled inner out-of-fold AUROC,pooled inner out-of-fold balanced-accuracy optimum,outer out-of-fold AUROC,AUROC >= 0.60 after inner-AUROC component tuning,TRUE,0.0087237382274814,0.0302463173146587,FALSE,FALSE,TRUE,TRUE
ProvGigaPath,driver_mutation,UCEC,ARHGAP35,0.539573774450616,0.513402559768172,0.195396802200943,14,0.540026563631973,0.207340302376249,0.54657691378894,0.560975609756098,0.532178217821782,0.195744680851064,0.856573705179283,0.168724279835391,0.168724279835391,0.515002414875634,0.146341463414634,0.883663366336634,0.203389830508475,0.836065573770492,0.516390968365129,0.292682926829268,0.74009900990099,0.186046511627907,0.837535014005602,6,2,14,0,0.611097880447726,-2.32760161814666,Bailey_tissue_specific_driver,TCGA_MC3_Bailey2018,486,82,404,20261004,pooled inner out-of-fold AUROC,pooled inner out-of-fold balanced-accuracy optimum,outer out-of-fold AUROC,AUROC >= 0.60 after inner-AUROC component tuning,TRUE,0.000452789181356939,0.033174354020768,FALSE,FALSE,FALSE,TRUE
TITAN,driver_mutation,UCEC,ARHGAP35,0.562364163245593,0.524993962810915,0.228118258680621,13,0.581532238589713,0.267909554465985,0.548629558077759,0.451219512195122,0.646039603960396,0.205555555555556,0.852941176470588,0.168724279835391,0.168724279835391,0.518021009418015,0.0731707317073171,0.962871287128713,0.285714285714286,0.836559139784946,0.572144409562907,0.451219512195122,0.693069306930693,0.229813664596273,0.861538461538462,3,1,4,0,0.587203302373581,-1.93600703532364,Bailey_tissue_specific_driver,TCGA_MC3_Bailey2018,486,82,404,20261004,pooled inner out-of-fold AUROC,pooled inner out-of-fold balanced-accuracy optimum,outer out-of-fold AUROC,AUROC >= 0.60 after inner-AUROC component tuning,TRUE,0.0191680753441196,0.023635595266844,FALSE,FALSE,FALSE,TRUE
GigaSSL,driver_mutation,UCEC,ARID1A,0.608378502526413,0.585135507579238,0.442941617737913,9,0.607514928801102,0.439187147567368,0.589186954524575,0.731428571428571,0.446945337620579,0.426666666666667,0.747311827956989,0.360082304526749,0.360082304526749,0.57048231511254,0.44,0.70096463022508,0.452941176470588,0.689873417721519,0.58118511713367,0.525714285714286,0.636655948553055,0.448780487804878,0.704626334519573,16,4,20,1,0.665633964429145,-1.69056185625651,Bailey_tissue_specific_driver,TCGA_MC3_Bailey2018,486,175,311,20261005,pooled inner out-of-fold AUROC,pooled inner out-of-fold balanced-accuracy optimum,outer out-of-fold AUROC,AUROC >= 0.60 after inner-AUROC component tuning,TRUE,-0.00086357372531054,0.0040514469453371,FALSE,FALSE,TRUE,TRUE
ProvGigaPath,driver_mutation,UCEC,ARID1A,0.639228295819936,0.596564079007809,0.476713333529939,6,0.670757923748278,0.524138520798958,0.633863114377584,0.634285714285714,0.633440514469453,0.493333333333333,0.754789272030651,0.360082304526749,0.360082304526749,0.614956361966008,0.474285714285714,0.755627009646302,0.522012578616352,0.718654434250765,0.63815342214056,0.617142857142857,0.659163987138264,0.504672897196262,0.753676470588235,6,4,6,0,0.691709695926563,-0.780891948065781,Bailey_tissue_specific_driver,TCGA_MC3_Bailey2018,486,175,311,20261005,pooled inner out-of-fold AUROC,pooled inner out-of-fold balanced-accuracy optimum,outer out-of-fold AUROC,AUROC >= 0.60 after inner-AUROC component tuning,TRUE,0.0315296279283415,0.0372990353697749,FALSE,TRUE,TRUE,FALSE
TITAN,driver_mutation,UCEC,ARID1A,0.714230592558567,0.629067524115756,0.551906130129465,8,0.715627009646302,0.556556937188891,0.652604501607717,0.72,0.585209003215434,0.494117647058824,0.787878787878788,0.360082304526749,0.360082304526749,0.6367478180983,0.485714285714286,0.787781350482315,0.562913907284768,0.73134328358209,0.660652273771245,0.668571428571429,0.652733118971061,0.52,0.777777777777778,4,3,9,0,0.729001721170396,-0.981039913210036,Bailey_tissue_specific_driver,TCGA_MC3_Bailey2018,486,175,311,20261005,pooled inner out-of-fold AUROC,pooled inner out-of-fold balanced-accuracy optimum,outer out-of-fold AUROC,AUROC >= 0.60 after inner-AUROC component tuning,TRUE,0.00139641708773519,0.0235369774919612,TRUE,TRUE,TRUE,TRUE
GigaSSL,driver_mutation,UCEC,ARID5B,0.488966678482808,0.500797589507267,0.109945084704577,1,0.50531726338178,0.112232859189869,0.504608294930876,0.5,0.509216589861751,0.108786610878661,0.894736842105263,0.106995884773663,0.106995884773663,0.509659695143566,0.0769230769230769,0.942396313364055,0.137931034482759,0.894967177242888,0.520604395604396,0.326923076923077,0.714285714285714,0.120567375886525,0.898550724637681,3,2,18,0,0.552284890901606,-3.11898388166751,Bailey_tissue_specific_driver,TCGA_MC3_Bailey2018,486,52,434,20261006,pooled inner out-of-fold AUROC,pooled inner out-of-fold balanced-accuracy optimum,outer out-of-fold AUROC,AUROC >= 0.60 after inner-AUROC component tuning,TRUE,0.0163505848989715,0.00381070542360851,FALSE,FALSE,FALSE,TRUE
ProvGigaPath,driver_mutation,UCEC,ARID5B,0.541696207018788,0.533897554058845,0.148651776201886,6,0.517148174406239,0.138483818522693,0.496588089330025,0.557692307692308,0.435483870967742,0.105839416058394,0.891509433962264,0.106995884773663,0.106995884773663,0.53465083303793,0.115384615384615,0.953917050691244,0.230769230769231,0.9,0.522864232541652,0.269230769230769,0.776497695852535,0.126126126126126,0.898666666666667,6,2,13,0,0.572865353037767,-3.78284736462933,Bailey_tissue_specific_driver,TCGA_MC3_Bailey2018,486,52,434,20261006,pooled inner out-of-fold AUROC,pooled inner out-of-fold balanced-accuracy optimum,outer out-of-fold AUROC,AUROC >= 0.60 after inner-AUROC component tuning,TRUE,-0.024548032612549,-0.0373094647288201,FALSE,FALSE,FALSE,FALSE
TITAN,driver_mutation,UCEC,ARID5B,0.678925912796881,0.554280397022333,0.20510006814542,9,0.65579581708614,0.184374976342368,0.639533853243531,0.673076923076923,0.605990783410138,0.169902912621359,0.939285714285714,0.106995884773663,0.106995884773663,0.517724211272598,0.0769230769230769,0.95852534562212,0.181818181818182,0.896551724137931,0.588621056362992,0.384615384615385,0.792626728110599,0.181818181818182,0.914893617021277,7,3,9,0,0.701248799231508,-3.23448934034609,Bailey_tissue_specific_driver,TCGA_MC3_Bailey2018,486,52,434,20261006,pooled inner out-of-fold AUROC,pooled inner out-of-fold balanced-accuracy optimum,outer out-of-fold AUROC,AUROC >= 0.60 after inner-AUROC component tuning,TRUE,-0.0231300957107413,0.0852534562211976,FALSE,TRUE,TRUE,TRUE
GigaSSL,driver_mutation,UCEC,ATF7IP,0.58251504592968,0.518340196388977,0.0971693567946511,15,0.536078555590751,0.107533607831122,0.525910674691163,0.657142857142857,0.394678492239468,0.0777027027027027,0.936842105263158,0.0720164609053498,0.0720164609053498,0.529426670890086,0.114285714285714,0.944567627494457,0.137931034482759,0.932166301969365,0.500475134621476,0.142857142857143,0.858093126385809,0.072463768115942,0.928057553956835,18,4,20,1,0.630193905817175,-10.6343379900499,Bailey_tissue_specific_driver,TCGA_MC3_Bailey2018,486,35,451,20261007,pooled inner out-of-fold AUROC,pooled inner out-of-fold balanced-accuracy optimum,outer out-of-fold AUROC,AUROC >= 0.60 after inner-AUROC component tuning,TRUE,-0.0464364903389293,0.00757047830218549,FALSE,FALSE,FALSE,TRUE
ProvGigaPath,driver_mutation,UCEC,ATF7IP,0.61311371555274,0.561324041811847,0.138213616847292,10,0.650110864745011,0.143786809806394,0.59908140639848,0.657142857142857,0.541019955654102,0.1,0.953125,0.0720164609053498,0.0720164609053498,0.571301868862845,0.171428571428571,0.971175166297117,0.315789473684211,0.937901498929336,0.604656319290466,0.4,0.809312638580931,0.14,0.94559585492228,3,3,11,0,0.663138108428967,-3.53541652377956,Bailey_tissue_specific_driver,TCGA_MC3_Bailey2018,486,35,451,20261007,pooled inner out-of-fold AUROC,pooled inner out-of-fold balanced-accuracy optimum,outer out-of-fold AUROC,AUROC >= 0.60 after inner-AUROC component tuning,TRUE,0.0369971491922712,0.0377573645866325,FALSE,FALSE,TRUE,TRUE
TITAN,driver_mutation,UCEC,ATF7IP,0.595882166613874,0.51748495407032,0.116286008882953,4,0.575673107380425,0.113455626473018,0.540703199239785,0.571428571428571,0.509977827050998,0.0829875518672199,0.938775510204082,0.0720164609053498,0.0720164609053498,0.505416534684827,0.0285714285714286,0.982261640798226,0.111111111111111,0.928721174004193,0.557364586632879,0.314285714285714,0.800443458980044,0.108910891089109,0.937662337662338,2,2,17,0,0.681836169370795,-3.66738199986596,Bailey_tissue_specific_driver,TCGA_MC3_Bailey2018,486,35,451,20261007,pooled inner out-of-fold AUROC,pooled inner out-of-fold balanced-accuracy optimum,outer out-of-fold AUROC,AUROC >= 0.60 after inner-AUROC component tuning,TRUE,-0.0202090592334496,0.0232182451694646,FALSE,FALSE,FALSE,TRUE
GigaSSL,driver_mutation,UCEC,ATM,0.618112044082918,0.513808711624246,0.201676700439079,15,0.60204014694306,0.214288274294582,0.600006559958016,0.581081081081081,0.618932038834951,0.215,0.891608391608392,0.152263374485597,0.152263374485597,0.503083180267646,0.108108108108108,0.898058252427185,0.16,0.848623853211009,0.576489110469693,0.405405405405405,0.747572815533981,0.223880597014925,0.875,13,2,19,0,0.640667662665499,-3.57548481319134,Bailey_tissue_specific_driver,TCGA_MC3_Bailey2018,486,74,412,20261008,pooled inner out-of-fold AUROC,pooled inner out-of-fold balanced-accuracy optimum,outer out-of-fold AUROC,AUROC >= 0.60 after inner-AUROC component tuning,TRUE,-0.0160718971398585,0.0861978483337702,FALSE,TRUE,TRUE,TRUE
ProvGigaPath,driver_mutation,UCEC,ATM,0.681579637890318,0.61863684072422,0.352152625903389,15,0.670362109682498,0.322233720931452,0.643138283914983,0.689189189189189,0.597087378640777,0.235023041474654,0.91449814126394,0.152263374485597,0.152263374485597,0.59593938598793,0.310810810810811,0.881067961165049,0.319444444444444,0.876811594202899,0.634380739963264,0.445945945945946,0.822815533980583,0.311320754716981,0.892105263157895,14,6,20,2,0.674359899026325,-11.6931842581111,Bailey_tissue_specific_driver,TCGA_MC3_Bailey2018,486,74,412,20261008,pooled inner out-of-fold AUROC,pooled inner out-of-fold balanced-accuracy optimum,outer out-of-fold AUROC,AUROC >= 0.60 after inner-AUROC component tuning,TRUE,-0.01121752820782,0.0245014431907629,TRUE,TRUE,TRUE,TRUE
TITAN,driver_mutation,UCEC,ATM,0.729040934138022,0.620900026239832,0.38823021380381,9,0.734321700341118,0.377322811941076,0.655831802676463,0.581081081081081,0.730582524271845,0.279220779220779,0.906626506024096,0.152263374485597,0.152263374485597,0.586952243505642,0.22972972972973,0.944174757281553,0.425,0.87219730941704,0.655339805825243,0.5,0.810679611650486,0.321739130434783,0.900269541778976,5,3,6,0,0.753585858585859,-2.15032984546503,Bailey_tissue_specific_driver,TCGA_MC3_Bailey2018,486,74,412,20261008,pooled inner out-of-fold AUROC,pooled inner out-of-fold balanced-accuracy optimum,outer out-of-fold AUROC,AUROC >= 0.60 after inner-AUROC component tuning,TRUE,0.00528076620309581,0.0349317764366309,TRUE,TRUE,TRUE,TRUE
GigaSSL,driver_mutation,UCEC,ATR,0.567049808429119,0.555510480054091,0.159599794630284,13,0.629930132972729,0.163270003905835,0.606355645706558,0.686274509803922,0.526436781609195,0.145228215767635,0.93469387755102,0.104938271604938,0.104938271604938,0.509263015551048,0.0392156862745098,0.979310344827586,0.181818181818182,0.896842105263158,0.625625422582826,0.529411764705882,0.72183908045977,0.182432432432432,0.928994082840237,3,1,3,0,0.664634146341463,-3.28777156378328,Bailey_tissue_specific_driver,TCGA_MC3_Bailey2018,486,51,435,20261009,pooled inner out-of-fold AUROC,pooled inner out-of-fold balanced-accuracy optimum,outer out-of-fold AUROC,AUROC >= 0.60 after inner-AUROC component tuning,TRUE,0.0628803245436104,0.0508451656524674,FALSE,TRUE,TRUE,TRUE
ProvGigaPath,driver_mutation,UCEC,ATR,0.594545864322741,0.548005409060176,0.177556035566954,13,0.627090376380437,0.204773776964818,0.590804597701149,0.666666666666667,0.514942528735632,0.138775510204082,0.929460580912863,0.104938271604938,0.104938271604938,0.52947937795808,0.0980392156862745,0.960919540229885,0.227272727272727,0.900862068965517,0.567816091954023,0.333333333333333,0.802298850574713,0.16504854368932,0.911227154046997,3,2,7,0,0.674353448275862,-3.63687700005999,Bailey_tissue_specific_driver,TCGA_MC3_Bailey2018,486,51,435,20261009,pooled inner out-of-fold AUROC,pooled inner out-of-fold balanced-accuracy optimum,outer out-of-fold AUROC,AUROC >= 0.60 after inner-AUROC component tuning,TRUE,0.0325445120576962,0.0427991886409733,FALSE,FALSE,TRUE,TRUE
TITAN,driver_mutation,UCEC,ATR,0.592111787243633,0.569912102772143,0.192551031171054,9,0.648906919089475,0.206753102685806,0.552805949966193,0.627450980392157,0.47816091954023,0.123552123552124,0.916299559471366,0.104938271604938,0.104938271604938,0.546788370520622,0.137254901960784,0.95632183908046,0.269230769230769,0.904347826086956,0.623258958755916,0.490196078431373,0.75632183908046,0.190839694656489,0.926760563380282,4,2,4,0,0.681314830389683,-3.26130737679598,Bailey_tissue_specific_driver,TCGA_MC3_Bailey2018,486,51,435,20261009,pooled inner out-of-fold AUROC,pooled inner out-of-fold balanced-accuracy optimum,outer out-of-fold AUROC,AUROC >= 0.60 after inner-AUROC component tuning,TRUE,0.0567951318458418,-0.0171061528059496,FALSE,FALSE,TRUE,TRUE
GigaSSL,driver_mutation,UCEC,BCOR,0.480906593406593,0.492513736263736,0.145581100559835,7,0.480975274725275,0.139042620324396,0.491243131868132,0.571428571428571,0.411057692307692,0.140350877192982,0.850746268656716,0.1440329218107,0.1440329218107,0.50573489010989,0.0571428571428571,0.954326923076923,0.173913043478261,0.857451403887689,0.453090659340659,0.257142857142857,0.649038461538462,0.109756097560976,0.838509316770186,3,2,9,0,0.558573580034423,-2.83704819237353,Bailey_tissue_specific_driver,TCGA_MC3_Bailey2018,486,70,416,20261010,pooled inner out-of-fold AUROC,pooled inner out-of-fold balanced-accuracy optimum,outer out-of-fold AUROC,AUROC >= 0.60 after inner-AUROC component tuning,TRUE,6.86813186817625e-05,-0.00127060439560417,FALSE,FALSE,FALSE,TRUE
ProvGigaPath,driver_mutation,UCEC,BCOR,0.567891483516484,0.516071428571429,0.190364286454122,10,0.588942307692308,0.19818200632427,0.581971153846154,0.7,0.463942307692308,0.180147058823529,0.901869158878505,0.1440329218107,0.1440329218107,0.524690934065934,0.114285714285714,0.935096153846154,0.228571428571429,0.862527716186253,0.542891483516484,0.328571428571429,0.757211538461538,0.185483870967742,0.870165745856354,5,3,7,0,0.624139414802065,-4.0050226355513,Bailey_tissue_specific_driver,TCGA_MC3_Bailey2018,486,70,416,20261010,pooled inner out-of-fold AUROC,pooled inner out-of-fold balanced-accuracy optimum,outer out-of-fold AUROC,AUROC >= 0.60 after inner-AUROC component tuning,TRUE,0.0210508241758237,0.0658997252747249,FALSE,FALSE,FALSE,TRUE
TITAN,driver_mutation,UCEC,BCOR,0.598248626373627,0.538701923076923,0.192572729858129,10,0.624862637362637,0.203512981624072,0.605357142857143,0.585714285714286,0.625,0.208121827411168,0.899653979238754,0.1440329218107,0.1440329218107,0.525892857142857,0.114285714285714,0.9375,0.235294117647059,0.86283185840708,0.616449175824176,0.528571428571429,0.704326923076923,0.23125,0.898773006134969,4,2,7,0,0.664146289146289,-2.10799514668057,Bailey_tissue_specific_driver,TCGA_MC3_Bailey2018,486,70,416,20261010,pooled inner out-of-fold AUROC,pooled inner out-of-fold balanced-accuracy optimum,outer out-of-fold AUROC,AUROC >= 0.60 after inner-AUROC component tuning,TRUE,0.0266140109890104,0.0666552197802199,FALSE,TRUE,TRUE,TRUE
GigaSSL,driver_mutation,UCEC,CCND1,0.503367600141794,0.493052109181142,0.075521107757257,9,0.468699042892591,0.0598191604426325,0.494292803970223,0.419354838709677,0.569230769230769,0.062200956937799,0.935018050541516,0.0637860082304527,0.0637860082304527,0.485714285714286,0,0.971428571428571,0,0.93446088794926,0.515845444877703,0.258064516129032,0.773626373626374,0.0720720720720721,0.938666666666667,5,1,12,0,0.547252747252747,-3.40106126612896,Bailey_tissue_specific_driver,TCGA_MC3_Bailey2018,486,31,455,20261011,pooled inner out-of-fold AUROC,pooled inner out-of-fold balanced-accuracy optimum,outer out-of-fold AUROC,AUROC >= 0.60 after inner-AUROC component tuning,TRUE,-0.0346685572492028,0.00124069478908134,FALSE,FALSE,FALSE,TRUE
ProvGigaPath,driver_mutation,UCEC,CCND1,0.542928039702233,0.529705778092875,0.0836301216876456,6,0.480822403403049,0.0711645183086039,0.451081176887629,0.451612903225806,0.450549450549451,0.053030303030303,0.923423423423423,0.0637860082304527,0.0637860082304527,0.508436724565757,0.032258064516129,0.984615384615385,0.125,0.937238493723849,0.492024104927331,0.225806451612903,0.758241758241758,0.0598290598290598,0.934959349593496,1,1,7,0,0.618571428571429,-4.01724164096996,Bailey_tissue_specific_driver,TCGA_MC3_Bailey2018,486,31,455,20261011,pooled inner out-of-fold AUROC,pooled inner out-of-fold balanced-accuracy optimum,outer out-of-fold AUROC,AUROC >= 0.60 after inner-AUROC component tuning,TRUE,-0.0621056362991845,-0.0786246012052465,FALSE,FALSE,FALSE,TRUE
TITAN,driver_mutation,UCEC,CCND1,0.543424317617866,0.498546614675647,0.0808704140079466,11,0.540233959588798,0.0791471675441174,0.502056008507621,0.612903225806452,0.391208791208791,0.0641891891891892,0.936842105263158,0.0637860082304527,0.0637860082304527,0.50184331797235,0.032258064516129,0.971428571428571,0.0714285714285714,0.936440677966102,0.517653314427508,0.193548387096774,0.841758241758242,0.0769230769230769,0.938725490196078,9,2,16,0,0.60978021978022,-8.69529475534615,Bailey_tissue_specific_driver,TCGA_MC3_Bailey2018,486,31,455,20261011,pooled inner out-of-fold AUROC,pooled inner out-of-fold balanced-accuracy optimum,outer out-of-fold AUROC,AUROC >= 0.60 after inner-AUROC component tuning,TRUE,-0.00319035802906775,0.00350939383197446,FALSE,FALSE,FALSE,TRUE
GigaSSL,driver_mutation,UCEC,CHD3,0.670558289496012,0.606363482097404,0.280946323304456,19,0.671678262345155,0.277029326225714,0.613558459188868,0.704225352112676,0.52289156626506,0.201612903225806,0.911764705882353,0.146090534979424,0.146090534979424,0.59867639572374,0.28169014084507,0.91566265060241,0.363636363636364,0.881670533642691,0.620346173426099,0.464788732394366,0.775903614457831,0.261904761904762,0.894444444444445,15,4,16,0,0.624603677869372,-3.64120589305426,Bailey_tissue_specific_driver,TCGA_MC3_Bailey2018,486,71,415,20261012,pooled inner out-of-fold AUROC,pooled inner out-of-fold balanced-accuracy optimum,outer out-of-fold AUROC,AUROC >= 0.60 after inner-AUROC component tuning,TRUE,0.00111997284914322,0.00719497709146411,TRUE,TRUE,TRUE,TRUE
ProvGigaPath,driver_mutation,UCEC,CHD3,0.629560495503139,0.570320719497709,0.231271897999116,10,0.658747666723231,0.260110234720329,0.631070761920923,0.746478873239437,0.51566265060241,0.208661417322835,0.922413793103448,0.146090534979424,0.146090534979424,0.539097234006448,0.140845070422535,0.937349397590361,0.277777777777778,0.864444444444444,0.627761751230273,0.450704225352113,0.804819277108434,0.283185840707965,0.89544235924933,3,3,13,0,0.634960896216445,-2.99454911682845,Bailey_tissue_specific_driver,TCGA_MC3_Bailey2018,486,71,415,20261012,pooled inner out-of-fold AUROC,pooled inner out-of-fold balanced-accuracy optimum,outer out-of-fold AUROC,AUROC >= 0.60 after inner-AUROC component tuning,TRUE,0.029187171220092,0.0607500424232141,FALSE,TRUE,TRUE,TRUE
TITAN,driver_mutation,UCEC,CHD3,0.702596300695741,0.633514339046326,0.29671768514128,15,0.748515187510606,0.346023856856049,0.69029356864076,0.732394366197183,0.648192771084337,0.262626262626263,0.934027777777778,0.146090534979424,0.146090534979424,0.553741727473273,0.126760563380282,0.980722891566265,0.529411764705882,0.867803837953092,0.689835397929747,0.676056338028169,0.703614457831325,0.280701754385965,0.926984126984127,2,2,2,0,0.716708941027267,-2.0317610111393,Bailey_tissue_specific_driver,TCGA_MC3_Bailey2018,486,71,415,20261012,pooled inner out-of-fold AUROC,pooled inner out-of-fold balanced-accuracy optimum,outer out-of-fold AUROC,AUROC >= 0.60 after inner-AUROC component tuning,TRUE,0.0459188868148648,0.0567792295944343,TRUE,TRUE,TRUE,TRUE
GigaSSL,driver_mutation,UCEC,CHD4,0.551970256187581,0.55367998263135,0.25309255008635,9,0.587358879722102,0.274613597350008,0.555064046895354,0.51063829787234,0.599489795918367,0.234146341463415,0.836298932384342,0.193415637860082,0.193415637860082,0.532159140251845,0.138297872340426,0.926020408163265,0.30952380952381,0.817567567567568,0.551617455492836,0.404255319148936,0.698979591836735,0.243589743589744,0.83030303030303,6,2,7,0,0.630074547390841,-1.60933817852633,Bailey_tissue_specific_driver,TCGA_MC3_Bailey2018,486,94,392,20261013,pooled inner out-of-fold AUROC,pooled inner out-of-fold balanced-accuracy optimum,outer out-of-fold AUROC,AUROC >= 0.60 after inner-AUROC component tuning,TRUE,0.0353886235345207,0.00138406426400384,FALSE,FALSE,FALSE,TRUE
ProvGigaPath,driver_mutation,UCEC,CHD4,0.600656752062527,0.511533868866696,0.275040791927352,7,0.60494463742944,0.255387208483631,0.586978940512375,0.574468085106383,0.599489795918367,0.255924170616114,0.854545454545455,0.193415637860082,0.193415637860082,0.496417716022579,0.074468085106383,0.918367346938776,0.17948717948718,0.805369127516778,0.585024967433782,0.478723404255319,0.691326530612245,0.271084337349398,0.846875,2,2,6,0,0.625138004246285,-1.57021294124247,Bailey_tissue_specific_driver,TCGA_MC3_Bailey2018,486,94,392,20261013,pooled inner out-of-fold AUROC,pooled inner out-of-fold balanced-accuracy optimum,outer out-of-fold AUROC,AUROC >= 0.60 after inner-AUROC component tuning,TRUE,0.00428788536691282,0.0754450716456792,FALSE,FALSE,TRUE,TRUE
TITAN,driver_mutation,UCEC,CHD4,0.55598675640469,0.516853017802866,0.244544958242453,4,0.576856274424664,0.266750445801431,0.544914242292662,0.638297872340426,0.451530612244898,0.218181818181818,0.838862559241706,0.193415637860082,0.193415637860082,0.531724924012158,0.117021276595745,0.946428571428571,0.34375,0.817180616740088,0.55248588797221,0.446808510638298,0.658163265306123,0.238636363636364,0.832258064516129,3,1,4,0,0.613266845457593,-2.04638311069092,Bailey_tissue_specific_driver,TCGA_MC3_Bailey2018,486,94,392,20261013,pooled inner out-of-fold AUROC,pooled inner out-of-fold balanced-accuracy optimum,outer out-of-fold AUROC,AUROC >= 0.60 after inner-AUROC component tuning,TRUE,0.0208695180199735,0.0280612244897958,FALSE,FALSE,FALSE,TRUE
GigaSSL,driver_mutation,UCEC,CTCF,0.673985042735043,0.576442307692308,0.314383669228485,17,0.670486111111111,0.323028668908118,0.623637820512821,0.739583333333333,0.507692307692308,0.269961977186312,0.887892376681614,0.197530864197531,0.197530864197531,0.581650641025641,0.28125,0.882051282051282,0.36986301369863,0.832929782082324,0.589182692307692,0.427083333333333,0.751282051282051,0.297101449275362,0.841954022988506,13,8,16,0,0.677614052614053,-3.42740316082191,Bailey_tissue_specific_driver,TCGA_MC3_Bailey2018,486,96,390,20261014,pooled inner out-of-fold AUROC,pooled inner out-of-fold balanced-accuracy optimum,outer out-of-fold AUROC,AUROC >= 0.60 after inner-AUROC component tuning,TRUE,-0.00349893162393189,0.0471955128205126,FALSE,TRUE,TRUE,TRUE
ProvGigaPath,driver_mutation,UCEC,CTCF,0.58440170940171,0.549439102564103,0.257157493774013,10,0.602297008547009,0.256537928195586,0.588621794871795,0.6875,0.48974358974359,0.249056603773585,0.864253393665159,0.197530864197531,0.197530864197531,0.550480769230769,0.229166666666667,0.871794871794872,0.305555555555556,0.821256038647343,0.585496794871795,0.447916666666667,0.723076923076923,0.28476821192053,0.841791044776119,6,3,14,0,0.638320013320013,-3.08255440387612,Bailey_tissue_specific_driver,TCGA_MC3_Bailey2018,486,96,390,20261014,pooled inner out-of-fold AUROC,pooled inner out-of-fold balanced-accuracy optimum,outer out-of-fold AUROC,AUROC >= 0.60 after inner-AUROC component tuning,TRUE,0.0178952991452985,0.0391826923076919,FALSE,FALSE,TRUE,TRUE
TITAN,driver_mutation,UCEC,CTCF,0.641319444444445,0.546554487179487,0.2818259377712,8,0.655181623931624,0.298012747174352,0.630769230769231,0.666666666666667,0.594871794871795,0.288288288288288,0.878787878787879,0.197530864197531,0.197530864197531,0.530448717948718,0.125,0.935897435897436,0.324324324324324,0.812917594654788,0.640384615384615,0.583333333333333,0.697435897435897,0.32183908045977,0.871794871794872,3,3,5,0,0.706210456210456,-1.76400375161206,Bailey_tissue_specific_driver,TCGA_MC3_Bailey2018,486,96,390,20261014,pooled inner out-of-fold AUROC,pooled inner out-of-fold balanced-accuracy optimum,outer out-of-fold AUROC,AUROC >= 0.60 after inner-AUROC component tuning,TRUE,0.0138621794871789,0.0842147435897438,FALSE,TRUE,TRUE,TRUE
GigaSSL,driver_mutation,UCEC,CTNNB1,0.552510683760684,0.52636217948718,0.221513393124295,17,0.605101495726496,0.261789686259121,0.583253205128205,0.65625,0.51025641025641,0.248031496062992,0.857758620689655,0.197530864197531,0.197530864197531,0.527003205128205,0.177083333333333,0.876923076923077,0.261538461538462,0.812351543942993,0.599038461538462,0.541666666666667,0.656410256410256,0.279569892473118,0.853333333333333,6,5,18,0,0.649309024309024,-1.76285826107599,Bailey_tissue_specific_driver,TCGA_MC3_Bailey2018,486,96,390,20261015,pooled inner out-of-fold AUROC,pooled inner out-of-fold balanced-accuracy optimum,outer out-of-fold AUROC,AUROC >= 0.60 after inner-AUROC component tuning,TRUE,0.0525908119658117,0.0568910256410251,FALSE,FALSE,TRUE,TRUE
ProvGigaPath,driver_mutation,UCEC,CTNNB1,0.561912393162393,0.509054487179487,0.240219849685566,11,0.594845085470086,0.266656651342351,0.577724358974359,0.604166666666667,0.551282051282051,0.248927038626609,0.849802371541502,0.197530864197531,0.197530864197531,0.51786858974359,0.15625,0.87948717948718,0.241935483870968,0.808962264150943,0.56338141025641,0.40625,0.720512820512821,0.263513513513514,0.831360946745562,3,3,19,0,0.658757908757909,-1.94277696756134,Bailey_tissue_specific_driver,TCGA_MC3_Bailey2018,486,96,390,20261015,pooled inner out-of-fold AUROC,pooled inner out-of-fold balanced-accuracy optimum,outer out-of-fold AUROC,AUROC >= 0.60 after inner-AUROC component tuning,TRUE,0.0329326923076925,0.0686698717948721,FALSE,FALSE,FALSE,TRUE
TITAN,driver_mutation,UCEC,CTNNB1,0.646153846153846,0.605448717948718,0.335656430094223,17,0.637259615384615,0.313305873491611,0.587740384615385,0.572916666666667,0.602564102564103,0.261904761904762,0.851449275362319,0.197530864197531,0.197530864197531,0.545032051282051,0.1875,0.902564102564103,0.321428571428571,0.818604651162791,0.629647435897436,0.520833333333333,0.738461538461539,0.328947368421053,0.862275449101797,5,3,17,0,0.711663336663337,-2.6420483178978,Bailey_tissue_specific_driver,TCGA_MC3_Bailey2018,486,96,390,20261015,pooled inner out-of-fold AUROC,pooled inner out-of-fold balanced-accuracy optimum,outer out-of-fold AUROC,AUROC >= 0.60 after inner-AUROC component tuning,TRUE,-0.00889423076923057,-0.0177083333333334,TRUE,FALSE,TRUE,TRUE
GigaSSL,driver_mutation,UCEC,CTNND1,0.506659358728419,0.497588380378186,0.0899929910904304,5,0.486708687311592,0.0769219676784386,0.5934502603453,0.804878048780488,0.382022471910112,0.107142857142857,0.955056179775281,0.0843621399176955,0.0843621399176955,0.469662921348315,0,0.939325842696629,0,0.910675381263617,0.463058372156755,0.146341463414634,0.779775280898876,0.0576923076923077,0.908376963350785,18,1,20,1,0.624957439564181,-9.2645360015509,Bailey_tissue_specific_driver,TCGA_MC3_Bailey2018,486,41,445,20261016,pooled inner out-of-fold AUROC,pooled inner out-of-fold balanced-accuracy optimum,outer out-of-fold AUROC,AUROC >= 0.60 after inner-AUROC component tuning,TRUE,-0.0199506714168268,0.0958618799671141,FALSE,FALSE,FALSE,TRUE
ProvGigaPath,driver_mutation,UCEC,CTNND1,0.511044121677172,0.504329953411894,0.116854024877582,3,0.532365031515484,0.0884391218156614,0.556563442038915,0.609756097560976,0.503370786516854,0.101626016260163,0.933333333333333,0.0843621399176955,0.0843621399176955,0.495505617977528,0,0.991011235955056,0,0.9149377593361,0.515839956152371,0.317073170731707,0.714606741573034,0.0928571428571429,0.919075144508671,2,1,3,0,0.59278441011236,-3.12947193707708,Bailey_tissue_specific_driver,TCGA_MC3_Bailey2018,486,41,445,20261016,pooled inner out-of-fold AUROC,pooled inner out-of-fold balanced-accuracy optimum,outer out-of-fold AUROC,AUROC >= 0.60 after inner-AUROC component tuning,TRUE,0.0213209098383117,0.0522334886270207,FALSE,FALSE,FALSE,TRUE
TITAN,driver_mutation,UCEC,CTNND1,0.526774458755824,0.506248287201973,0.0935813453120941,10,0.656399013428337,0.132793607659222,0.587229377911757,0.560975609756098,0.613483146067416,0.117948717948718,0.938144329896907,0.0843621399176955,0.0843621399176955,0.503206357906276,0.024390243902439,0.982022471910112,0.111111111111111,0.916142557651992,0.610359002466429,0.463414634146342,0.757303370786517,0.149606299212598,0.938718662952646,2,2,9,0,0.674072182499149,-2.83247334733534,Bailey_tissue_specific_driver,TCGA_MC3_Bailey2018,486,41,445,20261016,pooled inner out-of-fold AUROC,pooled inner out-of-fold balanced-accuracy optimum,outer out-of-fold AUROC,AUROC >= 0.60 after inner-AUROC component tuning,TRUE,0.129624554672513,0.0809810907097837,FALSE,FALSE,TRUE,TRUE
GigaSSL,driver_mutation,UCEC,DICER1,0.561415370746,0.527248140635565,0.146451260254965,17,0.565472165877845,0.160465522389188,0.547667342799189,0.647058823529412,0.448275862068966,0.120879120879121,0.915492957746479,0.104938271604938,0.104938271604938,0.537592968221772,0.137254901960784,0.937931034482759,0.205882352941176,0.902654867256637,0.585733603786342,0.392156862745098,0.779310344827586,0.172413793103448,0.916216216216216,5,3,19,0,0.658186150827025,-3.9700975392727,Bailey_tissue_specific_driver,TCGA_MC3_Bailey2018,486,51,435,20261017,pooled inner out-of-fold AUROC,pooled inner out-of-fold balanced-accuracy optimum,outer out-of-fold AUROC,AUROC >= 0.60 after inner-AUROC component tuning,TRUE,0.00405679513184543,0.0204192021636237,FALSE,FALSE,FALSE,TRUE
ProvGigaPath,driver_mutation,UCEC,DICER1,0.636285778679288,0.518052738336714,0.167493106691121,13,0.588370520622042,0.170185608901792,0.613116970926302,0.607843137254902,0.618390804597701,0.157360406091371,0.930795847750865,0.104938271604938,0.104938271604938,0.542799188640974,0.156862745098039,0.928735632183908,0.205128205128205,0.903803131991051,0.557403651115619,0.294117647058824,0.820689655172414,0.161290322580645,0.908396946564885,5,3,20,1,0.661410148584245,-3.2271358455418,Bailey_tissue_specific_driver,TCGA_MC3_Bailey2018,486,51,435,20261017,pooled inner out-of-fold AUROC,pooled inner out-of-fold balanced-accuracy optimum,outer out-of-fold AUROC,AUROC >= 0.60 after inner-AUROC component tuning,TRUE,-0.0479152580572462,0.0950642325895876,FALSE,TRUE,FALSE,TRUE
TITAN,driver_mutation,UCEC,DICER1,0.684922244759973,0.587762001352265,0.241964684481614,9,0.69745323416723,0.240459297990472,0.628127112914131,0.647058823529412,0.609195402298851,0.16256157635468,0.936395759717314,0.104938271604938,0.104938271604938,0.549087221095335,0.137254901960784,0.960919540229885,0.291666666666667,0.904761904761905,0.652062204192022,0.529411764705882,0.774712643678161,0.216,0.933518005540166,4,2,4,0,0.69435099523409,-2.70765746580148,Bailey_tissue_specific_driver,TCGA_MC3_Bailey2018,486,51,435,20261017,pooled inner out-of-fold AUROC,pooled inner out-of-fold balanced-accuracy optimum,outer out-of-fold AUROC,AUROC >= 0.60 after inner-AUROC component tuning,TRUE,0.0125309894072572,0.0403651115618663,FALSE,TRUE,TRUE,TRUE
GigaSSL,driver_mutation,UCEC,EP300,0.497425249169435,0.492317275747508,0.119109001568011,12,0.518230897009967,0.120470691996803,0.534883720930233,0.5,0.569767441860465,0.131455399061033,0.897435897435897,0.11522633744856,0.11522633744856,0.489576411960133,0.0535714285714286,0.925581395348837,0.0857142857142857,0.882483370288248,0.514202657807309,0.321428571428571,0.706976744186047,0.125,0.888888888888889,12,1,19,0,0.58953488372093,-2.8361771122798,Bailey_tissue_specific_driver,TCGA_MC3_Bailey2018,486,56,430,20261018,pooled inner out-of-fold AUROC,pooled inner out-of-fold balanced-accuracy optimum,outer out-of-fold AUROC,AUROC >= 0.60 after inner-AUROC component tuning,TRUE,0.0208056478405319,0.0425664451827246,FALSE,FALSE,FALSE,FALSE
ProvGigaPath,driver_mutation,UCEC,EP300,0.549335548172757,0.504734219269103,0.144308303800402,13,0.597134551495017,0.15298216110646,0.571428571428571,0.642857142857143,0.5,0.143426294820717,0.914893617021277,0.11522633744856,0.11522633744856,0.504318936877076,0.0714285714285714,0.937209302325581,0.129032258064516,0.885714285714286,0.541652823920266,0.232142857142857,0.851162790697675,0.168831168831169,0.894865525672372,10,6,11,0,0.648850422832981,-6.99377233983643,Bailey_tissue_specific_driver,TCGA_MC3_Bailey2018,486,56,430,20261018,pooled inner out-of-fold AUROC,pooled inner out-of-fold balanced-accuracy optimum,outer out-of-fold AUROC,AUROC >= 0.60 after inner-AUROC component tuning,TRUE,0.0477990033222596,0.0666943521594684,FALSE,FALSE,FALSE,TRUE
TITAN,driver_mutation,UCEC,EP300,0.623629568106312,0.520639534883721,0.161746432304517,14,0.621511627906977,0.167922187880486,0.590033222591362,0.642857142857143,0.537209302325581,0.153191489361702,0.920318725099601,0.11522633744856,0.11522633744856,0.549750830564784,0.178571428571429,0.92093023255814,0.227272727272727,0.895927601809955,0.570390365448505,0.303571428571429,0.837209302325582,0.195402298850575,0.902255639097744,13,12,14,0,0.664857881136951,-5.08442276602712,Bailey_tissue_specific_driver,TCGA_MC3_Bailey2018,486,56,430,20261018,pooled inner out-of-fold AUROC,pooled inner out-of-fold balanced-accuracy optimum,outer out-of-fold AUROC,AUROC >= 0.60 after inner-AUROC component tuning,TRUE,-0.0021179401993352,0.0693936877076412,FALSE,FALSE,TRUE,TRUE
GigaSSL,driver_mutation,UCEC,ERBB2,0.449544468546638,0.486984815618221,0.0470900398797681,5,0.470715835140998,0.0532889341950355,0.42885032537961,0.4,0.457700650759219,0.0384615384615385,0.933628318584071,0.051440329218107,0.051440329218107,0.484815618221258,0,0.969631236442516,0,0.947033898305085,0.526247288503254,0.2,0.852494577006508,0.0684931506849315,0.951573849878935,6,2,17,0,0.620460704607046,-6.65542003346011,Bailey_tissue_specific_driver,TCGA_MC3_Bailey2018,486,25,461,20261019,pooled inner out-of-fold AUROC,pooled inner out-of-fold balanced-accuracy optimum,outer out-of-fold AUROC,AUROC >= 0.60 after inner-AUROC component tuning,TRUE,0.0211713665943599,-0.0581344902386114,FALSE,FALSE,FALSE,TRUE
ProvGigaPath,driver_mutation,UCEC,ERBB2,0.516182212581345,0.515661605206074,0.0763594427489276,1,0.535444685466378,0.0623977924336514,0.511149674620391,0.48,0.542299349240781,0.0538116591928251,0.950570342205323,0.051440329218107,0.051440329218107,0.490238611713666,0,0.980477223427332,0,0.947589098532495,0.505770065075922,0.12,0.891540130151844,0.0566037735849057,0.94919168591224,8,2,10,0,0.592119565217391,-11.3970482227971,Bailey_tissue_specific_driver,TCGA_MC3_Bailey2018,486,25,461,20261019,pooled inner out-of-fold AUROC,pooled inner out-of-fold balanced-accuracy optimum,outer out-of-fold AUROC,AUROC >= 0.60 after inner-AUROC component tuning,TRUE,0.0192624728850325,-0.00451193058568344,FALSE,FALSE,FALSE,TRUE
TITAN,driver_mutation,UCEC,ERBB2,0.56590021691974,0.48590021691974,0.0736549426015188,10,0.598177874186551,0.0709116398141954,0.543687635574837,0.48,0.607375271149675,0.0621761658031088,0.955631399317406,0.051440329218107,0.051440329218107,0.494577006507592,0,0.989154013015184,0,0.948024948024948,0.574186550976139,0.4,0.748373101952278,0.0793650793650794,0.958333333333333,2,1,4,0,0.6789972899729,-3.23387313782157,Bailey_tissue_specific_driver,TCGA_MC3_Bailey2018,486,25,461,20261019,pooled inner out-of-fold AUROC,pooled inner out-of-fold balanced-accuracy optimum,outer out-of-fold AUROC,AUROC >= 0.60 after inner-AUROC component tuning,TRUE,0.032277657266811,0.0577874186550972,FALSE,FALSE,FALSE,TRUE
GigaSSL,driver_mutation,UCEC,ERBB3,0.499160079051383,0.503705533596838,0.103376133536098,20,0.490513833992095,0.0950548781258482,0.425889328063241,0.260869565217391,0.590909090909091,0.0625,0.884353741496599,0.0946502057613169,0.0946502057613169,0.49397233201581,0.0652173913043478,0.922727272727273,0.0810810810810811,0.904231625835189,0.506571146245059,0.260869565217391,0.752272727272727,0.0991735537190083,0.906849315068493,13,3,19,0,0.548926767676768,-2.9124142401953,Bailey_tissue_specific_driver,TCGA_MC3_Bailey2018,486,46,440,20261020,pooled inner out-of-fold AUROC,pooled inner out-of-fold balanced-accuracy optimum,outer out-of-fold AUROC,AUROC >= 0.60 after inner-AUROC component tuning,TRUE,-0.00864624505928813,-0.0778162055335969,FALSE,FALSE,FALSE,TRUE
ProvGigaPath,driver_mutation,UCEC,ERBB3,0.580830039525692,0.541501976284585,0.149701183539993,16,0.552816205533597,0.124334010449896,0.478903162055336,0.478260869565217,0.479545454545455,0.0876494023904383,0.897872340425532,0.0946502057613169,0.0946502057613169,0.514575098814229,0.108695652173913,0.920454545454545,0.125,0.908071748878924,0.535474308300395,0.239130434782609,0.831818181818182,0.129411764705882,0.912718204488778,16,3,19,0,0.606691919191919,-10.2743095678689,Bailey_tissue_specific_driver,TCGA_MC3_Bailey2018,486,46,440,20261020,pooled inner out-of-fold AUROC,pooled inner out-of-fold balanced-accuracy optimum,outer out-of-fold AUROC,AUROC >= 0.60 after inner-AUROC component tuning,TRUE,-0.0280138339920952,-0.062598814229249,FALSE,FALSE,FALSE,FALSE
TITAN,driver_mutation,UCEC,ERBB3,0.592193675889328,0.515069169960474,0.15717990746437,14,0.618231225296443,0.140962863629738,0.566057312252965,0.543478260869565,0.588636363636364,0.121359223300971,0.925,0.0946502057613169,0.0946502057613169,0.514426877470356,0.0652173913043478,0.963636363636364,0.157894736842105,0.907922912205567,0.595158102766798,0.41304347826087,0.777272727272727,0.162393162393162,0.926829268292683,3,2,20,2,0.631756756756757,-2.93548141118621,Bailey_tissue_specific_driver,TCGA_MC3_Bailey2018,486,46,440,20261020,pooled inner out-of-fold AUROC,pooled inner out-of-fold balanced-accuracy optimum,outer out-of-fold AUROC,AUROC >= 0.60 after inner-AUROC component tuning,TRUE,0.0260375494071147,0.0509881422924904,FALSE,FALSE,TRUE,TRUE
GigaSSL,driver_mutation,UCEC,FAT1,0.629739193431538,0.595327215648394,0.249339817912343,16,0.613801014247766,0.23684280582642,0.571963293890365,0.475609756097561,0.668316831683168,0.225433526011561,0.862619808306709,0.168724279835391,0.168724279835391,0.551768896401835,0.195121951219512,0.908415841584158,0.30188679245283,0.847575057736721,0.608820333252838,0.51219512195122,0.705445544554455,0.260869565217391,0.876923076923077,9,2,12,0,0.682448201952846,-1.24646605114268,Bailey_tissue_specific_driver,TCGA_MC3_Bailey2018,486,82,404,20261021,pooled inner out-of-fold AUROC,pooled inner out-of-fold balanced-accuracy optimum,outer out-of-fold AUROC,AUROC >= 0.60 after inner-AUROC component tuning,TRUE,-0.0159381791837717,-0.0233639217580293,FALSE,FALSE,TRUE,TRUE
ProvGigaPath,driver_mutation,UCEC,FAT1,0.571933107944941,0.538064477179425,0.210656671473832,8,0.577970297029703,0.226534338083871,0.54887104564115,0.585365853658537,0.512376237623762,0.195918367346939,0.858921161825726,0.168724279835391,0.168724279835391,0.518986959671577,0.109756097560976,0.928217821782178,0.236842105263158,0.837053571428571,0.556055300652016,0.451219512195122,0.660891089108911,0.21264367816092,0.855769230769231,3,2,6,0,0.639271976733277,-2.37071949290766,Bailey_tissue_specific_driver,TCGA_MC3_Bailey2018,486,82,404,20261021,pooled inner out-of-fold AUROC,pooled inner out-of-fold balanced-accuracy optimum,outer out-of-fold AUROC,AUROC >= 0.60 after inner-AUROC component tuning,TRUE,0.00603718908476192,0.0108065684617245,FALSE,FALSE,FALSE,TRUE
TITAN,driver_mutation,UCEC,FAT1,0.59061820816228,0.551587780729292,0.234306644649778,14,0.598587297754166,0.270131637885299,0.596081864283989,0.560975609756098,0.631188118811881,0.235897435897436,0.876288659793815,0.168724279835391,0.168724279835391,0.540901956049264,0.158536585365854,0.923267326732673,0.295454545454545,0.843891402714932,0.591855831924656,0.463414634146342,0.72029702970297,0.251655629139073,0.86865671641791,3,2,20,1,0.659014050964515,-1.87185788399845,Bailey_tissue_specific_driver,TCGA_MC3_Bailey2018,486,82,404,20261021,pooled inner out-of-fold AUROC,pooled inner out-of-fold balanced-accuracy optimum,outer out-of-fold AUROC,AUROC >= 0.60 after inner-AUROC component tuning,TRUE,0.00796908959188569,0.0444940835546973,FALSE,FALSE,FALSE,TRUE
GigaSSL,driver_mutation,UCEC,FBXW7,0.598091133004926,0.545905172413793,0.220790097421877,14,0.62810960591133,0.248732314311638,0.607789408866995,0.5875,0.62807881773399,0.237373737373737,0.885416666666667,0.164609053497942,0.164609053497942,0.55310960591133,0.1875,0.91871921182266,0.3125,0.851598173515982,0.600523399014778,0.4375,0.763546798029557,0.267175572519084,0.873239436619718,9,8,12,0,0.677565586419753,-2.35554991218298,Bailey_tissue_specific_driver,TCGA_MC3_Bailey2018,486,80,406,20261022,pooled inner out-of-fold AUROC,pooled inner out-of-fold balanced-accuracy optimum,outer out-of-fold AUROC,AUROC >= 0.60 after inner-AUROC component tuning,TRUE,0.030018472906404,0.0618842364532021,FALSE,TRUE,TRUE,TRUE
ProvGigaPath,driver_mutation,UCEC,FBXW7,0.533713054187192,0.534729064039409,0.185423110119069,13,0.621089901477833,0.230497775534633,0.599137931034483,0.75,0.448275862068966,0.211267605633803,0.900990099009901,0.164609053497942,0.164609053497942,0.510314039408867,0.0625,0.958128078817734,0.227272727272727,0.838362068965517,0.590948275862069,0.475,0.706896551724138,0.24203821656051,0.872340425531915,3,2,4,0,0.649471153846154,-2.46598857665207,Bailey_tissue_specific_driver,TCGA_MC3_Bailey2018,486,80,406,20261022,pooled inner out-of-fold AUROC,pooled inner out-of-fold balanced-accuracy optimum,outer out-of-fold AUROC,AUROC >= 0.60 after inner-AUROC component tuning,TRUE,0.0873768472906406,0.0644088669950738,FALSE,FALSE,TRUE,TRUE
TITAN,driver_mutation,UCEC,FBXW7,0.550708128078818,0.504618226600985,0.185995699853764,8,0.59378078817734,0.262165591899934,0.569427339901478,0.5625,0.576354679802956,0.207373271889401,0.869888475836431,0.164609053497942,0.164609053497942,0.544027093596059,0.125,0.963054187192118,0.4,0.848156182212581,0.576077586206897,0.4625,0.689655172413793,0.226993865030675,0.86687306501548,3,1,3,0,0.645336538461539,-1.93421608536042,Bailey_tissue_specific_driver,TCGA_MC3_Bailey2018,486,80,406,20261022,pooled inner out-of-fold AUROC,pooled inner out-of-fold balanced-accuracy optimum,outer out-of-fold AUROC,AUROC >= 0.60 after inner-AUROC component tuning,TRUE,0.043072660098522,0.0648091133004928,FALSE,FALSE,FALSE,TRUE
GigaSSL,driver_mutation,UCEC,FGFR2,0.504386139006867,0.506966220775612,0.137272043666254,12,0.543444607629103,0.174571104570673,0.519549081093955,0.406779661016949,0.63231850117096,0.132596685082873,0.885245901639344,0.121399176954733,0.121399176954733,0.518338427340928,0.11864406779661,0.918032786885246,0.166666666666667,0.882882882882883,0.484321041559163,0.186440677966102,0.782201405152225,0.105769230769231,0.87434554973822,12,9,18,0,0.618452158765709,-3.68117624969695,Bailey_tissue_specific_driver,TCGA_MC3_Bailey2018,486,59,427,20261023,pooled inner out-of-fold AUROC,pooled inner out-of-fold balanced-accuracy optimum,outer out-of-fold AUROC,AUROC >= 0.60 after inner-AUROC component tuning,TRUE,0.0390584686222363,0.0125828603183427,FALSE,FALSE,FALSE,FALSE
ProvGigaPath,driver_mutation,UCEC,FGFR2,0.606438296352161,0.54783074663597,0.172334927269047,18,0.591156273568055,0.171728576391994,0.554836660977256,0.559322033898305,0.550351288056206,0.146666666666667,0.900383141762452,0.121399176954733,0.121399176954733,0.547552891676259,0.186440677966102,0.908665105386417,0.22,0.889908256880734,0.538740920096852,0.220338983050847,0.857142857142857,0.175675675675676,0.888349514563107,14,8,18,0,0.669773391812866,-7.77503208846701,Bailey_tissue_specific_driver,TCGA_MC3_Bailey2018,486,59,427,20261023,pooled inner out-of-fold AUROC,pooled inner out-of-fold balanced-accuracy optimum,outer out-of-fold AUROC,AUROC >= 0.60 after inner-AUROC component tuning,TRUE,-0.0152820227841063,0.0070059143412855,FALSE,FALSE,FALSE,TRUE
TITAN,driver_mutation,UCEC,FGFR2,0.639860278648831,0.530603739133887,0.194591862999353,18,0.620450125034732,0.167628191399248,0.554558806017545,0.542372881355932,0.566744730679157,0.147465437788018,0.899628252788104,0.121399176954733,0.121399176954733,0.498154249196205,0.101694915254237,0.894613583138173,0.117647058823529,0.87816091954023,0.543643075457468,0.305084745762712,0.782201405152225,0.162162162162162,0.890666666666667,19,2,20,2,0.61210650740326,-6.51016045228895,Bailey_tissue_specific_driver,TCGA_MC3_Bailey2018,486,59,427,20261023,pooled inner out-of-fold AUROC,pooled inner out-of-fold balanced-accuracy optimum,outer out-of-fold AUROC,AUROC >= 0.60 after inner-AUROC component tuning,TRUE,-0.0194101536140991,0.0239550668836576,FALSE,FALSE,TRUE,TRUE
GigaSSL,driver_mutation,UCEC,FOXA2,0.531067251461988,0.501315789473684,0.0797754852082002,3,0.611111111111111,0.115571299542351,0.546491228070176,0.733333333333333,0.359649122807018,0.0700636942675159,0.953488372093023,0.0617283950617284,0.0617283950617284,0.528947368421053,0.0666666666666667,0.991228070175439,0.333333333333333,0.941666666666667,0.552850877192982,0.366666666666667,0.739035087719298,0.0846153846153846,0.946629213483146,2,2,3,0,0.621803652968037,-4.16221138155491,Bailey_tissue_specific_driver,TCGA_MC3_Bailey2018,486,30,456,20261024,pooled inner out-of-fold AUROC,pooled inner out-of-fold balanced-accuracy optimum,outer out-of-fold AUROC,AUROC >= 0.60 after inner-AUROC component tuning,TRUE,0.0800438596491232,0.0451754385964914,FALSE,FALSE,TRUE,TRUE
ProvGigaPath,driver_mutation,UCEC,FOXA2,0.602997076023392,0.516885964912281,0.103947520083997,3,0.645906432748538,0.148205919613912,0.629824561403509,0.733333333333333,0.526315789473684,0.092436974789916,0.967741935483871,0.0617283950617284,0.0617283950617284,0.539035087719298,0.1,0.978070175438597,0.230769230769231,0.94291754756871,0.591228070175439,0.366666666666667,0.81578947368421,0.115789473684211,0.951406649616368,3,2,3,0,0.663926940639269,-4.47401417122245,Bailey_tissue_specific_driver,TCGA_MC3_Bailey2018,486,30,456,20261024,pooled inner out-of-fold AUROC,pooled inner out-of-fold balanced-accuracy optimum,outer out-of-fold AUROC,AUROC >= 0.60 after inner-AUROC component tuning,TRUE,0.042909356725146,0.112938596491228,FALSE,TRUE,TRUE,FALSE
TITAN,driver_mutation,UCEC,FOXA2,0.582529239766082,0.523464912280702,0.104215759110517,3,0.560964912280702,0.0984379450197251,0.594736842105263,0.566666666666667,0.62280701754386,0.0899470899470899,0.956228956228956,0.0617283950617284,0.0617283950617284,0.495614035087719,0,0.991228070175439,0,0.937759336099585,0.596271929824561,0.466666666666667,0.725877192982456,0.100719424460432,0.953890489913545,2,1,4,0,0.607420091324201,-2.9953639460708,Bailey_tissue_specific_driver,TCGA_MC3_Bailey2018,486,30,456,20261024,pooled inner out-of-fold AUROC,pooled inner out-of-fold balanced-accuracy optimum,outer out-of-fold AUROC,AUROC >= 0.60 after inner-AUROC component tuning,TRUE,-0.0215643274853802,0.0712719298245612,FALSE,FALSE,FALSE,TRUE
GigaSSL,driver_mutation,UCEC,INPPL1,0.506146179401993,0.512084717607974,0.13905358791636,8,0.48874584717608,0.126969920213121,0.527117940199336,0.482142857142857,0.572093023255814,0.127962085308057,0.894545454545455,0.11522633744856,0.11522633744856,0.525664451827243,0.107142857142857,0.944186046511628,0.2,0.890350877192983,0.514576411960133,0.303571428571429,0.725581395348837,0.125925925925926,0.888888888888889,5,1,17,0,0.622739018087855,-3.19393703555718,Bailey_tissue_specific_driver,TCGA_MC3_Bailey2018,486,56,430,20261025,pooled inner out-of-fold AUROC,pooled inner out-of-fold balanced-accuracy optimum,outer out-of-fold AUROC,AUROC >= 0.60 after inner-AUROC component tuning,TRUE,-0.0174003322259133,0.0150332225913615,FALSE,FALSE,FALSE,TRUE
ProvGigaPath,driver_mutation,UCEC,INPPL1,0.524252491694352,0.514825581395349,0.129290461503745,5,0.5421926910299,0.139085268544793,0.513953488372093,0.5,0.527906976744186,0.121212121212121,0.890196078431373,0.11522633744856,0.11522633744856,0.528031561461794,0.160714285714286,0.895348837209302,0.166666666666667,0.891203703703704,0.550249169435216,0.321428571428571,0.779069767441861,0.15929203539823,0.898123324396783,3,3,20,1,0.634043927648579,-3.40195067772127,Bailey_tissue_specific_driver,TCGA_MC3_Bailey2018,486,56,430,20261025,pooled inner out-of-fold AUROC,pooled inner out-of-fold balanced-accuracy optimum,outer out-of-fold AUROC,AUROC >= 0.60 after inner-AUROC component tuning,TRUE,0.0179401993355484,-0.00087209302325586,FALSE,FALSE,FALSE,TRUE
TITAN,driver_mutation,UCEC,INPPL1,0.600539867109635,0.543147840531562,0.173958329490695,15,0.676204318936877,0.182457917206926,0.649003322259136,0.714285714285714,0.583720930232558,0.182648401826484,0.940074906367041,0.11522633744856,0.11522633744856,0.498463455149502,0.0178571428571429,0.97906976744186,0.1,0.884453781512605,0.634136212624585,0.535714285714286,0.732558139534884,0.206896551724138,0.923753665689149,2,2,2,0,0.702131782945736,-2.57515128207124,Bailey_tissue_specific_driver,TCGA_MC3_Bailey2018,486,56,430,20261025,pooled inner out-of-fold AUROC,pooled inner out-of-fold balanced-accuracy optimum,outer out-of-fold AUROC,AUROC >= 0.60 after inner-AUROC component tuning,TRUE,0.075664451827242,0.105855481727574,FALSE,TRUE,TRUE,TRUE
GigaSSL,driver_mutation,UCEC,KANSL1,0.622484707867539,0.526513393798777,0.167635994870598,12,0.638008858890529,0.18256993247097,0.611706391056739,0.745454545454546,0.477958236658933,0.154135338345865,0.936363636363636,0.113168724279835,0.113168724279835,0.534634043450749,0.127272727272727,0.94199535962877,0.21875,0.894273127753304,0.582429867116642,0.327272727272727,0.837587006960557,0.204545454545455,0.907035175879397,9,5,17,0,0.651581027667984,-4.08089033788966,Bailey_tissue_specific_driver,TCGA_MC3_Bailey2018,486,55,431,20261026,pooled inner out-of-fold AUROC,pooled inner out-of-fold balanced-accuracy optimum,outer out-of-fold AUROC,AUROC >= 0.60 after inner-AUROC component tuning,TRUE,0.0155241510229904,0.085192997257962,FALSE,TRUE,TRUE,TRUE
ProvGigaPath,driver_mutation,UCEC,KANSL1,0.646150601139,0.601181185403923,0.218342968820597,18,0.645644378823033,0.201826415293524,0.572052309639317,0.654545454545455,0.489559164733179,0.140625,0.917391304347826,0.113168724279835,0.113168724279835,0.521092596498629,0.0909090909090909,0.951276102088167,0.192307692307692,0.891304347826087,0.622864374604514,0.454545454545455,0.791183294663573,0.217391304347826,0.919137466307278,3,2,4,0,0.652616279069768,-3.3687631116726,Bailey_tissue_specific_driver,TCGA_MC3_Bailey2018,486,55,431,20261026,pooled inner out-of-fold AUROC,pooled inner out-of-fold balanced-accuracy optimum,outer out-of-fold AUROC,AUROC >= 0.60 after inner-AUROC component tuning,TRUE,-0.000506222315966864,-0.0291288757646063,TRUE,FALSE,TRUE,TRUE
TITAN,driver_mutation,UCEC,KANSL1,0.603206074667792,0.526513393798777,0.175337306310606,12,0.688167053364269,0.242128536567585,0.615756169584476,0.690909090909091,0.540603248259861,0.161016949152542,0.932,0.113168724279835,0.113168724279835,0.521472263235604,0.0545454545454545,0.988399071925754,0.375,0.891213389121339,0.620944948323139,0.527272727272727,0.71461716937355,0.190789473684211,0.922155688622755,2,1,2,0,0.670619235836627,-2.57092900582913,Bailey_tissue_specific_driver,TCGA_MC3_Bailey2018,486,55,431,20261026,pooled inner out-of-fold AUROC,pooled inner out-of-fold balanced-accuracy optimum,outer out-of-fold AUROC,AUROC >= 0.60 after inner-AUROC component tuning,TRUE,0.0849609786964771,0.0892427757856988,FALSE,TRUE,TRUE,TRUE
GigaSSL,driver_mutation,UCEC,KMT2B,0.543215811965812,0.513060897435897,0.23473593650555,14,0.53082264957265,0.223235369595006,0.531490384615385,0.59375,0.469230769230769,0.215909090909091,0.824324324324324,0.197530864197531,0.197530864197531,0.502163461538462,0.114583333333333,0.88974358974359,0.203703703703704,0.803240740740741,0.52323717948718,0.354166666666667,0.692307692307692,0.220779220779221,0.813253012048193,13,4,20,1,0.58982683982684,-1.98522750586346,Bailey_tissue_specific_driver,TCGA_MC3_Bailey2018,486,96,390,20261027,pooled inner out-of-fold AUROC,pooled inner out-of-fold balanced-accuracy optimum,outer out-of-fold AUROC,AUROC >= 0.60 after inner-AUROC component tuning,TRUE,-0.0123931623931625,0.0184294871794877,FALSE,FALSE,FALSE,TRUE
ProvGigaPath,driver_mutation,UCEC,KMT2B,0.585683760683761,0.561217948717949,0.268988342279961,14,0.583867521367521,0.265404295375816,0.563621794871795,0.604166666666667,0.523076923076923,0.237704918032787,0.84297520661157,0.197530864197531,0.197530864197531,0.559455128205128,0.229166666666667,0.88974358974359,0.338461538461539,0.824228028503563,0.55136217948718,0.34375,0.758974358974359,0.259842519685039,0.824512534818942,14,2,15,0,0.642482517482518,-7.77386522529076,Bailey_tissue_specific_driver,TCGA_MC3_Bailey2018,486,96,390,20261027,pooled inner out-of-fold AUROC,pooled inner out-of-fold balanced-accuracy optimum,outer out-of-fold AUROC,AUROC >= 0.60 after inner-AUROC component tuning,TRUE,-0.00181623931623964,0.00240384615384592,FALSE,FALSE,FALSE,FALSE
TITAN,driver_mutation,UCEC,KMT2B,0.627029914529915,0.561057692307692,0.277091369967494,12,0.610389957264957,0.252656947518344,0.601522435897436,0.697916666666667,0.505128205128205,0.257692307692308,0.871681415929204,0.197530864197531,0.197530864197531,0.504647435897436,0.104166666666667,0.905128205128205,0.212765957446809,0.804100227790433,0.596153846153846,0.5,0.692307692307692,0.285714285714286,0.849056603773585,2,2,15,0,0.710872460872461,-1.83167487927309,Bailey_tissue_specific_driver,TCGA_MC3_Bailey2018,486,96,390,20261027,pooled inner out-of-fold AUROC,pooled inner out-of-fold balanced-accuracy optimum,outer out-of-fold AUROC,AUROC >= 0.60 after inner-AUROC component tuning,TRUE,-0.0166399572649577,0.0404647435897438,FALSE,TRUE,TRUE,TRUE
GigaSSL,driver_mutation,UCEC,KMT2C,0.578608527975617,0.514897521226635,0.221140780461735,17,0.561876030230461,0.196093038310555,0.557350791528007,0.556962025316456,0.557739557739558,0.196428571428571,0.866412213740458,0.162551440329218,0.162551440329218,0.51150747986191,0.113924050632911,0.909090909090909,0.195652173913043,0.840909090909091,0.536606226479644,0.316455696202532,0.756756756756757,0.201612903225806,0.850828729281768,5,3,18,0,0.63949751679813,-2.31628024517129,Bailey_tissue_specific_driver,TCGA_MC3_Bailey2018,486,79,407,20261028,pooled inner out-of-fold AUROC,pooled inner out-of-fold balanced-accuracy optimum,outer out-of-fold AUROC,AUROC >= 0.60 after inner-AUROC component tuning,TRUE,-0.0167324977451564,0.0424532703013717,FALSE,FALSE,FALSE,TRUE
ProvGigaPath,driver_mutation,UCEC,KMT2C,0.598420054116257,0.578375268248686,0.245040585321593,13,0.581283239511088,0.240064611273408,0.560289864087332,0.506329113924051,0.614250614250614,0.203045685279188,0.865051903114187,0.162551440329218,0.162551440329218,0.538052436786614,0.164556962025316,0.911547911547912,0.26530612244898,0.848970251716247,0.549264454327746,0.341772151898734,0.756756756756757,0.214285714285714,0.855555555555556,5,2,13,0,0.693835816535203,-3.21580101992189,Bailey_tissue_specific_driver,TCGA_MC3_Bailey2018,486,79,407,20261028,pooled inner out-of-fold AUROC,pooled inner out-of-fold balanced-accuracy optimum,outer out-of-fold AUROC,AUROC >= 0.60 after inner-AUROC component tuning,TRUE,-0.0171368146051694,-0.0180854041613536,FALSE,FALSE,FALSE,TRUE
TITAN,driver_mutation,UCEC,KMT2C,0.681025098746618,0.613815196093677,0.326338404145555,5,0.697322178334837,0.320601173581462,0.62160607097316,0.582278481012658,0.660933660933661,0.25,0.890728476821192,0.162551440329218,0.162551440329218,0.574238795757783,0.20253164556962,0.945945945945946,0.421052631578947,0.859375,0.648073274655553,0.544303797468355,0.751842751842752,0.298611111111111,0.894736842105263,3,2,3,0,0.743159022300127,-2.17076691456536,Bailey_tissue_specific_driver,TCGA_MC3_Bailey2018,486,79,407,20261028,pooled inner out-of-fold AUROC,pooled inner out-of-fold balanced-accuracy optimum,outer out-of-fold AUROC,AUROC >= 0.60 after inner-AUROC component tuning,TRUE,0.0162970795882186,0.0077908748794826,TRUE,TRUE,TRUE,TRUE
GigaSSL,driver_mutation,UCEC,KRAS,0.556744398719707,0.532098765432099,0.21600351935134,8,0.582959914647157,0.228434974876168,0.550617283950617,0.530864197530864,0.57037037037037,0.19815668202765,0.858736059479554,0.166666666666667,0.166666666666667,0.551851851851852,0.222222222222222,0.881481481481482,0.272727272727273,0.85,0.57037037037037,0.37037037037037,0.77037037037037,0.24390243902439,0.859504132231405,12,11,16,0,0.606410256410256,-2.97280638756542,Bailey_tissue_specific_driver,TCGA_MC3_Bailey2018,486,81,405,20261029,pooled inner out-of-fold AUROC,pooled inner out-of-fold balanced-accuracy optimum,outer out-of-fold AUROC,AUROC >= 0.60 after inner-AUROC component tuning,TRUE,0.0262155159274504,0.0185185185185184,FALSE,FALSE,FALSE,TRUE
ProvGigaPath,driver_mutation,UCEC,KRAS,0.607986587410456,0.537037037037037,0.238480769680768,18,0.600762078951379,0.229871771542069,0.541975308641975,0.555555555555556,0.528395061728395,0.190677966101695,0.856,0.166666666666667,0.166666666666667,0.55679012345679,0.234567901234568,0.879012345679012,0.279411764705882,0.851674641148325,0.581481481481482,0.358024691358025,0.804938271604938,0.268518518518519,0.862433862433863,16,4,20,1,0.645785108024691,-8.1448083498989,Bailey_tissue_specific_driver,TCGA_MC3_Bailey2018,486,81,405,20261029,pooled inner out-of-fold AUROC,pooled inner out-of-fold balanced-accuracy optimum,outer out-of-fold AUROC,AUROC >= 0.60 after inner-AUROC component tuning,TRUE,-0.00722450845907663,0.00493827160493832,FALSE,FALSE,TRUE,TRUE
TITAN,driver_mutation,UCEC,KRAS,0.65148605395519,0.580246913580247,0.281093615197426,9,0.665355890870294,0.309335507798211,0.614814814814815,0.592592592592593,0.637037037037037,0.246153846153846,0.88659793814433,0.166666666666667,0.166666666666667,0.616049382716049,0.320987654320988,0.911111111111111,0.419354838709677,0.870283018867925,0.635802469135802,0.506172839506173,0.765432098765432,0.301470588235294,0.885714285714286,11,3,11,0,0.682573599240266,-2.63816727857107,Bailey_tissue_specific_driver,TCGA_MC3_Bailey2018,486,81,405,20261029,pooled inner out-of-fold AUROC,pooled inner out-of-fold balanced-accuracy optimum,outer out-of-fold AUROC,AUROC >= 0.60 after inner-AUROC component tuning,TRUE,0.0138698369151041,0.0345679012345678,FALSE,TRUE,TRUE,TRUE
GigaSSL,driver_mutation,UCEC,MAP3K1,0.548715596330275,0.521009174311927,0.143593208600901,13,0.503256880733945,0.128377268445012,0.433669724770642,0.56,0.307339449541284,0.0848484848484849,0.858974358974359,0.102880658436214,0.102880658436214,0.512477064220184,0.08,0.944954128440367,0.142857142857143,0.899563318777293,0.50302752293578,0.24,0.76605504587156,0.105263157894737,0.897849462365591,8,4,20,1,0.562965616045845,-4.89946035596401,Bailey_tissue_specific_driver,TCGA_MC3_Bailey2018,486,50,436,20261030,pooled inner out-of-fold AUROC,pooled inner out-of-fold balanced-accuracy optimum,outer out-of-fold AUROC,AUROC >= 0.60 after inner-AUROC component tuning,TRUE,-0.0454587155963301,-0.0873394495412847,FALSE,FALSE,FALSE,TRUE
ProvGigaPath,driver_mutation,UCEC,MAP3K1,0.603577981651376,0.546422018348624,0.16295364887975,13,0.609357798165138,0.172082141397321,0.570275229357798,0.48,0.660550458715596,0.13953488372093,0.917197452229299,0.102880658436214,0.102880658436214,0.554449541284404,0.18,0.928899082568807,0.225,0.908071748878924,0.56348623853211,0.26,0.86697247706422,0.183098591549296,0.910843373493976,12,3,17,0,0.610057471264368,-6.39437787241495,Bailey_tissue_specific_driver,TCGA_MC3_Bailey2018,486,50,436,20261030,pooled inner out-of-fold AUROC,pooled inner out-of-fold balanced-accuracy optimum,outer out-of-fold AUROC,AUROC >= 0.60 after inner-AUROC component tuning,TRUE,0.00577981651376158,0.0238532110091741,FALSE,FALSE,TRUE,TRUE
TITAN,driver_mutation,UCEC,MAP3K1,0.590688073394495,0.517889908256881,0.155363576538223,9,0.684220183486239,0.209386013850287,0.63045871559633,0.66,0.600917431192661,0.159420289855072,0.939068100358423,0.102880658436214,0.102880658436214,0.539357798165138,0.12,0.958715596330275,0.25,0.904761904761905,0.640871559633028,0.44,0.841743119266055,0.241758241758242,0.929113924050633,8,5,8,0,0.70243553008596,-3.70016772464047,Bailey_tissue_specific_driver,TCGA_MC3_Bailey2018,486,50,436,20261030,pooled inner out-of-fold AUROC,pooled inner out-of-fold balanced-accuracy optimum,outer out-of-fold AUROC,AUROC >= 0.60 after inner-AUROC component tuning,TRUE,0.0935321100917436,0.112568807339449,FALSE,TRUE,TRUE,TRUE
GigaSSL,driver_mutation,UCEC,MSH6,0.614724770642202,0.543807339449541,0.145610429945579,13,0.586238532110092,0.149372769650186,0.587201834862385,0.64,0.534403669724771,0.136170212765957,0.928286852589641,0.102880658436214,0.102880658436214,0.536422018348624,0.16,0.912844036697248,0.173913043478261,0.904545454545454,0.558256880733945,0.3,0.81651376146789,0.157894736842105,0.910485933503836,12,3,20,1,0.655229226361032,-5.57526801641926,Bailey_tissue_specific_driver,TCGA_MC3_Bailey2018,486,50,436,20261031,pooled inner out-of-fold AUROC,pooled inner out-of-fold balanced-accuracy optimum,outer out-of-fold AUROC,AUROC >= 0.60 after inner-AUROC component tuning,TRUE,-0.0284862385321103,0.0433944954128443,FALSE,FALSE,FALSE,TRUE
ProvGigaPath,driver_mutation,UCEC,MSH6,0.666376146788991,0.580688073394495,0.192851677673562,14,0.697889908256881,0.243724939356683,0.666192660550459,0.72,0.612385321100918,0.175609756097561,0.950177935943061,0.102880658436214,0.102880658436214,0.564770642201835,0.18,0.94954128440367,0.290322580645161,0.90989010989011,0.632018348623853,0.42,0.844036697247707,0.235955056179775,0.926952141057935,4,3,8,0,0.693606321839081,-3.91190954385718,Bailey_tissue_specific_driver,TCGA_MC3_Bailey2018,486,50,436,20261031,pooled inner out-of-fold AUROC,pooled inner out-of-fold balanced-accuracy optimum,outer out-of-fold AUROC,AUROC >= 0.60 after inner-AUROC component tuning,TRUE,0.0315137614678896,0.0855045871559637,FALSE,TRUE,TRUE,TRUE
TITAN,driver_mutation,UCEC,MSH6,0.717477064220184,0.560183486238532,0.242343588911884,5,0.739357798165138,0.231907078214215,0.69697247706422,0.66,0.73394495412844,0.221476510067114,0.949554896142433,0.102880658436214,0.102880658436214,0.528211009174312,0.1,0.956422018348624,0.208333333333333,0.902597402597403,0.682522935779817,0.56,0.805045871559633,0.247787610619469,0.941018766756032,3,2,4,0,0.740974212034384,-2.65168138547244,Bailey_tissue_specific_driver,TCGA_MC3_Bailey2018,486,50,436,20261031,pooled inner out-of-fold AUROC,pooled inner out-of-fold balanced-accuracy optimum,outer out-of-fold AUROC,AUROC >= 0.60 after inner-AUROC component tuning,TRUE,0.0218807339449536,0.136788990825688,FALSE,TRUE,TRUE,TRUE
GigaSSL,driver_mutation,UCEC,NFE2L2,0.565719063545151,0.540301003344482,0.130647449155852,18,0.510702341137124,0.0882991816846704,0.568645484949833,0.730769230769231,0.406521739130435,0.0650684931506849,0.963917525773196,0.0534979423868313,0.0534979423868313,0.539214046822742,0.115384615384615,0.96304347826087,0.15,0.950643776824034,0.516387959866221,0.115384615384615,0.917391304347826,0.0731707317073171,0.948314606741573,20,11,20,3,0.629399585921325,-11.4389832562951,Bailey_tissue_specific_driver,TCGA_MC3_Bailey2018,486,26,460,20261032,pooled inner out-of-fold AUROC,pooled inner out-of-fold balanced-accuracy optimum,outer out-of-fold AUROC,AUROC >= 0.60 after inner-AUROC component tuning,TRUE,-0.0550167224080273,0.0283444816053509,FALSE,FALSE,FALSE,TRUE
ProvGigaPath,driver_mutation,UCEC,NFE2L2,0.397491638795987,0.48804347826087,0.0429896065524571,6,0.390468227424749,0.0416672828824112,0.38252508361204,0.384615384615385,0.380434782608696,0.0338983050847458,0.916230366492147,0.0534979423868313,0.0534979423868313,0.482608695652174,0,0.965217391304348,0,0.94468085106383,0.428260869565217,0,0.856521739130435,0,0.938095238095238,7,2,20,1,0.55175983436853,-9.79251329400102,Bailey_tissue_specific_driver,TCGA_MC3_Bailey2018,486,26,460,20261032,pooled inner out-of-fold AUROC,pooled inner out-of-fold balanced-accuracy optimum,outer out-of-fold AUROC,AUROC >= 0.60 after inner-AUROC component tuning,TRUE,-0.0070234113712378,-0.10551839464883,FALSE,FALSE,FALSE,TRUE
TITAN,driver_mutation,UCEC,NFE2L2,0.436789297658863,0.501839464882943,0.057543617756025,12,0.414214046822743,0.0438753715085206,0.497073578595318,0.461538461538462,0.532608695652174,0.052863436123348,0.945945945945946,0.0534979423868313,0.0534979423868313,0.496739130434783,0,0.993478260869565,0,0.946169772256729,0.388795986622074,0.0384615384615385,0.739130434782609,0.00826446280991736,0.931506849315068,3,1,8,0,0.636904761904762,-4.76424885970045,Bailey_tissue_specific_driver,TCGA_MC3_Bailey2018,486,26,460,20261032,pooled inner out-of-fold AUROC,pooled inner out-of-fold balanced-accuracy optimum,outer out-of-fold AUROC,AUROC >= 0.60 after inner-AUROC component tuning,TRUE,-0.0225752508361205,-0.0047658862876252,FALSE,FALSE,FALSE,TRUE
GigaSSL,driver_mutation,UCEC,PBRM1,0.536668591527114,0.514567693842197,0.107153378435081,6,0.504540920783243,0.109401981564026,0.510892960260381,0.511627906976744,0.510158013544018,0.0920502092050209,0.91497975708502,0.088477366255144,0.088477366255144,0.504855897947399,0.0232558139534884,0.986455981941309,0.142857142857143,0.91231732776618,0.516063835371936,0.325581395348837,0.706546275395034,0.0972222222222222,0.915204678362573,2,1,7,0,0.590395480225989,-3.26764919085884,Bailey_tissue_specific_driver,TCGA_MC3_Bailey2018,486,43,443,20261033,pooled inner out-of-fold AUROC,pooled inner out-of-fold balanced-accuracy optimum,outer out-of-fold AUROC,AUROC >= 0.60 after inner-AUROC component tuning,TRUE,-0.0321276707438708,-0.00367473358181591,FALSE,FALSE,FALSE,TRUE
ProvGigaPath,driver_mutation,UCEC,PBRM1,0.595569321224211,0.549451414772429,0.180501796698938,9,0.672423749278177,0.183212244833548,0.566880151189039,0.558139534883721,0.575620767494357,0.113207547169811,0.930656934306569,0.088477366255144,0.088477366255144,0.552837419287102,0.13953488372093,0.966139954853273,0.285714285714286,0.920430107526882,0.590555934694735,0.325581395348837,0.855530474040632,0.17948717948718,0.928921568627451,7,4,7,0,0.666500498504487,-4.26934039107513,Bailey_tissue_specific_driver,TCGA_MC3_Bailey2018,486,43,443,20261033,pooled inner out-of-fold AUROC,pooled inner out-of-fold balanced-accuracy optimum,outer out-of-fold AUROC,AUROC >= 0.60 after inner-AUROC component tuning,TRUE,0.0768544280539664,0.0174287364166098,FALSE,FALSE,TRUE,TRUE
TITAN,driver_mutation,UCEC,PBRM1,0.655257493831697,0.554648537980996,0.165786887865809,16,0.649955378235078,0.190593902866893,0.595096855477978,0.558139534883721,0.632054176072235,0.128342245989305,0.936454849498328,0.088477366255144,0.088477366255144,0.557693317234501,0.162790697674419,0.952595936794582,0.25,0.921397379912664,0.607380964880046,0.395348837209302,0.81941309255079,0.175257731958763,0.933161953727506,3,3,20,1,0.682784978398139,-3.89157165771171,Bailey_tissue_specific_driver,TCGA_MC3_Bailey2018,486,43,443,20261033,pooled inner out-of-fold AUROC,pooled inner out-of-fold balanced-accuracy optimum,outer out-of-fold AUROC,AUROC >= 0.60 after inner-AUROC component tuning,TRUE,-0.00530211559661897,0.0404483174969819,FALSE,FALSE,TRUE,TRUE
GigaSSL,driver_mutation,UCEC,PDS5B,0.664039039039039,0.575611325611326,0.189592437398677,16,0.603496353496353,0.13011482674168,0.60472972972973,0.666666666666667,0.542792792792793,0.121212121212121,0.945098039215686,0.0864197530864198,0.0864197530864198,0.521074646074646,0.0714285714285714,0.970720720720721,0.1875,0.917021276595745,0.575611325611326,0.380952380952381,0.77027027027027,0.135593220338983,0.929347826086957,7,1,20,1,0.675800256081946,-5.12970682808863,Bailey_tissue_specific_driver,TCGA_MC3_Bailey2018,486,42,444,20261034,pooled inner out-of-fold AUROC,pooled inner out-of-fold balanced-accuracy optimum,outer out-of-fold AUROC,AUROC >= 0.60 after inner-AUROC component tuning,TRUE,-0.0605426855426856,0.0291184041184037,FALSE,TRUE,TRUE,TRUE
ProvGigaPath,driver_mutation,UCEC,PDS5B,0.633472758472759,0.543275418275418,0.179159783560588,7,0.619959244959245,0.150513969636388,0.592664092664093,0.595238095238095,0.59009009009009,0.120772946859903,0.939068100358423,0.0864197530864198,0.0864197530864198,0.528474903474903,0.0952380952380952,0.961711711711712,0.19047619047619,0.918279569892473,0.590733590733591,0.357142857142857,0.824324324324324,0.161290322580645,0.931297709923664,5,2,7,0,0.649253094323517,-5.24353201193812,Bailey_tissue_specific_driver,TCGA_MC3_Bailey2018,486,42,444,20261034,pooled inner out-of-fold AUROC,pooled inner out-of-fold balanced-accuracy optimum,outer out-of-fold AUROC,AUROC >= 0.60 after inner-AUROC component tuning,TRUE,-0.013513513513514,0.0493886743886747,FALSE,FALSE,TRUE,TRUE
TITAN,driver_mutation,UCEC,PDS5B,0.607250107250107,0.486003861003861,0.114932999275544,6,0.703614328614329,0.191037746596019,0.641891891891892,0.666666666666667,0.617117117117117,0.141414141414141,0.951388888888889,0.0864197530864198,0.0864197530864198,0.525579150579151,0.0714285714285714,0.97972972972973,0.25,0.917721518987342,0.668597168597169,0.571428571428571,0.765765765765766,0.1875,0.949720670391061,2,2,2,0,0.709776304888153,-2.77638013231991,Bailey_tissue_specific_driver,TCGA_MC3_Bailey2018,486,42,444,20261034,pooled inner out-of-fold AUROC,pooled inner out-of-fold balanced-accuracy optimum,outer out-of-fold AUROC,AUROC >= 0.60 after inner-AUROC component tuning,TRUE,0.0963642213642216,0.155888030888031,FALSE,TRUE,TRUE,TRUE
GigaSSL,driver_mutation,UCEC,PIK3CA,0.525066239018268,0.517518477199833,0.460657364299556,2,0.531393808394924,0.454470825191752,0.532352531027751,0.48019801980198,0.584507042253521,0.451162790697674,0.612546125461255,0.415637860082305,0.415637860082305,0.525763491842142,0.361386138613861,0.690140845070423,0.453416149068323,0.603076923076923,0.529929577464789,0.5,0.559859154929578,0.446902654867257,0.611538461538462,3,2,15,0,0.558021178208882,-0.345667347393729,Bailey_tissue_specific_driver,TCGA_MC3_Bailey2018,486,202,284,20261035,pooled inner out-of-fold AUROC,pooled inner out-of-fold balanced-accuracy optimum,outer out-of-fold AUROC,AUROC >= 0.60 after inner-AUROC component tuning,TRUE,0.00632756937665602,0.0148340538279176,FALSE,FALSE,FALSE,TRUE
ProvGigaPath,driver_mutation,UCEC,PIK3CA,0.547326035420443,0.542759029424069,0.453670767524288,13,0.530870868777019,0.441511945211411,0.509778970854832,0.628712871287129,0.390845070422535,0.423333333333333,0.596774193548387,0.415637860082305,0.415637860082305,0.521963463952029,0.396039603960396,0.647887323943662,0.444444444444444,0.601307189542484,0.516507460605216,0.48019801980198,0.552816901408451,0.433035714285714,0.599236641221374,10,1,14,0,0.603232618583496,-1.25436715137494,Bailey_tissue_specific_driver,TCGA_MC3_Bailey2018,486,202,284,20261035,pooled inner out-of-fold AUROC,pooled inner out-of-fold balanced-accuracy optimum,outer out-of-fold AUROC,AUROC >= 0.60 after inner-AUROC component tuning,TRUE,-0.0164551666434245,-0.032980058569237,FALSE,FALSE,FALSE,TRUE
TITAN,driver_mutation,UCEC,PIK3CA,0.510301910472737,0.525380002789011,0.4184203528967,3,0.541068191326175,0.442509914687658,0.533781899316692,0.49009900990099,0.577464788732394,0.452054794520548,0.614232209737828,0.415637860082305,0.415637860082305,0.538035141542323,0.336633663366337,0.73943661971831,0.47887323943662,0.61046511627907,0.560626133035839,0.52970297029703,0.591549295774648,0.479820627802691,0.638783269961977,2,2,20,1,0.610939338386188,-0.305883030340202,Bailey_tissue_specific_driver,TCGA_MC3_Bailey2018,486,202,284,20261035,pooled inner out-of-fold AUROC,pooled inner out-of-fold balanced-accuracy optimum,outer out-of-fold AUROC,AUROC >= 0.60 after inner-AUROC component tuning,TRUE,0.0307662808534379,0.00840189652768131,FALSE,FALSE,FALSE,TRUE
GigaSSL,driver_mutation,UCEC,PIK3R1,0.508520775623269,0.512742382271468,0.2729956939773,14,0.527357340720222,0.27724108280576,0.494836565096953,0.552,0.437673130193906,0.253676470588235,0.738317757009346,0.257201646090535,0.257201646090535,0.514903047091413,0.16,0.869806094182825,0.298507462686567,0.749403341288783,0.511789473684211,0.392,0.631578947368421,0.269230769230769,0.75,8,4,9,0,0.576955017301038,-1.98677704338661,Bailey_tissue_specific_driver,TCGA_MC3_Bailey2018,486,125,361,20261036,pooled inner out-of-fold AUROC,pooled inner out-of-fold balanced-accuracy optimum,outer out-of-fold AUROC,AUROC >= 0.60 after inner-AUROC component tuning,TRUE,0.0188365650969525,-0.017905817174515,FALSE,FALSE,FALSE,TRUE
ProvGigaPath,driver_mutation,UCEC,PIK3R1,0.507457063711911,0.470581717451524,0.254907758902569,9,0.526382271468144,0.257382999478009,0.52407756232687,0.544,0.50415512465374,0.275303643724696,0.761506276150628,0.257201646090535,0.257201646090535,0.479213296398892,0.072,0.886426592797784,0.18,0.73394495412844,0.533019390581718,0.44,0.626038781163435,0.289473684210526,0.763513513513514,2,2,7,0,0.578615916955017,-1.3537752315302,Bailey_tissue_specific_driver,TCGA_MC3_Bailey2018,486,125,361,20261036,pooled inner out-of-fold AUROC,pooled inner out-of-fold balanced-accuracy optimum,outer out-of-fold AUROC,AUROC >= 0.60 after inner-AUROC component tuning,TRUE,0.0189252077562331,0.0534958448753459,FALSE,FALSE,FALSE,TRUE
TITAN,driver_mutation,UCEC,PIK3R1,0.565983379501385,0.525041551246537,0.311242477406333,18,0.565695290858726,0.298850124394559,0.550238227146815,0.552,0.548476454293629,0.297413793103448,0.779527559055118,0.257201646090535,0.257201646090535,0.527667590027701,0.216,0.839335180055402,0.317647058823529,0.755610972568579,0.556864265927978,0.496,0.617728531855956,0.31,0.77972027972028,8,1,20,1,0.599065743944637,-1.31082075280008,Bailey_tissue_specific_driver,TCGA_MC3_Bailey2018,486,125,361,20261036,pooled inner out-of-fold AUROC,pooled inner out-of-fold balanced-accuracy optimum,outer out-of-fold AUROC,AUROC >= 0.60 after inner-AUROC component tuning,TRUE,-0.000288088642659279,0.0251966759002775,FALSE,FALSE,FALSE,TRUE
GigaSSL,driver_mutation,UCEC,PPP2R1A,0.604129362324137,0.560807600950119,0.212174301689304,13,0.665192764480175,0.24463107973742,0.638424995432121,0.630769230769231,0.646080760095012,0.215789473684211,0.918918918918919,0.133744855967078,0.133744855967078,0.533656130093185,0.107692307692308,0.959619952494062,0.291666666666667,0.874458874458875,0.624958889091906,0.523076923076923,0.726840855106888,0.228187919463087,0.908011869436202,3,2,6,0,0.662405843414746,-2.18154933850165,Bailey_tissue_specific_driver,TCGA_MC3_Bailey2018,486,65,421,20261037,pooled inner out-of-fold AUROC,pooled inner out-of-fold balanced-accuracy optimum,outer out-of-fold AUROC,AUROC >= 0.60 after inner-AUROC component tuning,TRUE,0.0610634021560383,0.0776173944820023,FALSE,TRUE,TRUE,TRUE
ProvGigaPath,driver_mutation,UCEC,PPP2R1A,0.606870089530422,0.560186369450027,0.213875850402188,12,0.606029599853828,0.216812102280409,0.574748766672757,0.707692307692308,0.441805225653207,0.163701067615658,0.907317073170732,0.133744855967078,0.133744855967078,0.519970765576466,0.123076923076923,0.916864608076009,0.186046511627907,0.871331828442438,0.591412388086972,0.353846153846154,0.828978622327791,0.242105263157895,0.892583120204604,10,3,20,1,0.65567222095412,-7.82198874627923,Bailey_tissue_specific_driver,TCGA_MC3_Bailey2018,486,65,421,20261037,pooled inner out-of-fold AUROC,pooled inner out-of-fold balanced-accuracy optimum,outer out-of-fold AUROC,AUROC >= 0.60 after inner-AUROC component tuning,TRUE,-0.000840489676594114,0.0145623972227302,FALSE,FALSE,TRUE,TRUE
TITAN,driver_mutation,UCEC,PPP2R1A,0.607527864059931,0.508715512515988,0.182957030956465,17,0.732285766490042,0.243381843117087,0.669084597113101,0.753846153846154,0.584323040380047,0.21875,0.938931297709924,0.133744855967078,0.133744855967078,0.492874109263658,0,0.985748218527316,0,0.864583333333333,0.688196601498264,0.692307692307692,0.684085510688836,0.252808988764045,0.935064935064935,1,1,1,0,0.721695959826524,-2.11468517057086,Bailey_tissue_specific_driver,TCGA_MC3_Bailey2018,486,65,421,20261037,pooled inner out-of-fold AUROC,pooled inner out-of-fold balanced-accuracy optimum,outer out-of-fold AUROC,AUROC >= 0.60 after inner-AUROC component tuning,TRUE,0.124757902430111,0.160369084597113,FALSE,TRUE,TRUE,TRUE
GigaSSL,driver_mutation,UCEC,PTEN,0.717954390742001,0.635789652825051,0.742709874756924,8,0.716729067392784,0.72619492049884,0.636385296119809,0.569230769230769,0.70353982300885,0.688372093023256,0.586715867158672,0.534979423868313,0.534979423868313,0.644537100068074,0.696153846153846,0.592920353982301,0.663003663003663,0.629107981220657,0.638002042205582,0.665384615384615,0.610619469026549,0.662835249042146,0.613333333333333,5,5,16,0,0.731810897435897,0.440344307480714,Bailey_tissue_specific_driver,TCGA_MC3_Bailey2018,486,260,226,20261038,pooled inner out-of-fold AUROC,pooled inner out-of-fold balanced-accuracy optimum,outer out-of-fold AUROC,AUROC >= 0.60 after inner-AUROC component tuning,TRUE,-0.00122532334921677,0.000595643294758363,TRUE,TRUE,TRUE,TRUE
ProvGigaPath,driver_mutation,UCEC,PTEN,0.751174268209667,0.68781484002723,0.752290288439216,5,0.744179714091219,0.740450929016375,0.69215452688904,0.680769230769231,0.70353982300885,0.725409836065574,0.65702479338843,0.534979423868313,0.534979423868313,0.669349897889721,0.719230769230769,0.619469026548673,0.684981684981685,0.657276995305164,0.69426480599047,0.711538461538462,0.676991150442478,0.717054263565892,0.671052631578947,4,3,7,0,0.773480662983426,0.306322623628442,Bailey_tissue_specific_driver,TCGA_MC3_Bailey2018,486,260,226,20261038,pooled inner out-of-fold AUROC,pooled inner out-of-fold balanced-accuracy optimum,outer out-of-fold AUROC,AUROC >= 0.60 after inner-AUROC component tuning,TRUE,-0.00699455411844852,0.00433968686181008,TRUE,TRUE,TRUE,TRUE
TITAN,driver_mutation,UCEC,PTEN,0.792511912865895,0.742052416609939,0.773089341470111,4,0.784717494894486,0.763813109979935,0.747634445200817,0.796153846153846,0.699115044247788,0.752727272727273,0.748815165876777,0.534979423868313,0.534979423868313,0.737338325391423,0.815384615384615,0.65929203539823,0.733564013840831,0.756345177664975,0.744843430905378,0.803846153846154,0.685840707964602,0.746428571428571,0.752427184466019,3,2,7,0,0.818162393162393,0.0713981741154919,Bailey_tissue_specific_driver,TCGA_MC3_Bailey2018,486,260,226,20261038,pooled inner out-of-fold AUROC,pooled inner out-of-fold balanced-accuracy optimum,outer out-of-fold AUROC,AUROC >= 0.60 after inner-AUROC component tuning,TRUE,-0.0077944179714089,0.00558202859087775,TRUE,TRUE,TRUE,TRUE
GigaSSL,driver_mutation,UCEC,RB1,0.509826136215086,0.524467297049981,0.128244191332045,14,0.487777245195869,0.117658328787356,0.502374831147327,0.339622641509434,0.665127020785219,0.110429447852761,0.891640866873065,0.109053497942387,0.109053497942387,0.512331692012724,0.0754716981132076,0.94919168591224,0.153846153846154,0.893478260869565,0.518911499411739,0.264150943396226,0.773672055427252,0.125,0.89572192513369,12,1,18,0,0.543194155887675,-2.61188272050644,Bailey_tissue_specific_driver,TCGA_MC3_Bailey2018,486,53,433,20261039,pooled inner out-of-fold AUROC,pooled inner out-of-fold balanced-accuracy optimum,outer out-of-fold AUROC,AUROC >= 0.60 after inner-AUROC component tuning,TRUE,-0.0220488910192169,-0.0220924659026543,FALSE,FALSE,FALSE,TRUE
ProvGigaPath,driver_mutation,UCEC,RB1,0.597368077040394,0.584535273868142,0.211373724700038,12,0.596147980304153,0.216265599064539,0.547823434572313,0.490566037735849,0.605080831408776,0.131979695431472,0.906574394463668,0.109053497942387,0.109053497942387,0.553923918253519,0.188679245283019,0.919168591224019,0.222222222222222,0.90249433106576,0.573968364634625,0.339622641509434,0.808314087759815,0.178217821782178,0.909090909090909,8,2,20,1,0.61014677300449,-4.02253812171524,Bailey_tissue_specific_driver,TCGA_MC3_Bailey2018,486,53,433,20261039,pooled inner out-of-fold AUROC,pooled inner out-of-fold balanced-accuracy optimum,outer out-of-fold AUROC,AUROC >= 0.60 after inner-AUROC component tuning,TRUE,-0.00122009673624124,-0.0367118392958294,FALSE,FALSE,FALSE,TRUE
TITAN,driver_mutation,UCEC,RB1,0.551178700596976,0.521961741252342,0.151408650958475,7,0.613708658329339,0.197181528964156,0.565144450738594,0.490566037735849,0.63972286374134,0.142857142857143,0.911184210526316,0.109053497942387,0.109053497942387,0.551026188504946,0.132075471698113,0.969976905311778,0.35,0.901287553648069,0.58379450084971,0.39622641509434,0.771362586605081,0.175,0.912568306010929,3,2,5,0,0.649187998898982,-2.39614840037234,Bailey_tissue_specific_driver,TCGA_MC3_Bailey2018,486,53,433,20261039,pooled inner out-of-fold AUROC,pooled inner out-of-fold balanced-accuracy optimum,outer out-of-fold AUROC,AUROC >= 0.60 after inner-AUROC component tuning,TRUE,0.0625299577323629,0.0431827094862524,FALSE,FALSE,TRUE,TRUE
GigaSSL,driver_mutation,UCEC,RPL22,0.514808720691074,0.542215137803373,0.120730578425343,14,0.531879884821061,0.152715175204883,0.481797614150555,0.454545454545455,0.509049773755656,0.0843881856540084,0.903614457831325,0.0905349794238683,0.0905349794238683,0.551213492389963,0.136363636363636,0.96606334841629,0.285714285714286,0.918279569892473,0.536970382558618,0.340909090909091,0.733031674208145,0.112781954887218,0.917847025495751,4,1,15,0,0.609631728045326,-3.13075682425919,Bailey_tissue_specific_driver,TCGA_MC3_Bailey2018,486,44,442,20261040,pooled inner out-of-fold AUROC,pooled inner out-of-fold balanced-accuracy optimum,outer out-of-fold AUROC,AUROC >= 0.60 after inner-AUROC component tuning,TRUE,0.0170711641299873,-0.0604175236528177,FALSE,FALSE,FALSE,TRUE
ProvGigaPath,driver_mutation,UCEC,RPL22,0.575329082682024,0.531982723159194,0.167617529947228,5,0.578568490333196,0.155235259420994,0.562679967091732,0.704545454545455,0.420814479638009,0.10801393728223,0.934673366834171,0.0905349794238683,0.0905349794238683,0.53080008227067,0.113636363636364,0.947963800904977,0.178571428571429,0.914847161572052,0.558360756890169,0.295454545454545,0.821266968325792,0.141304347826087,0.921319796954315,5,3,9,0,0.643987086359968,-5.3777604830579,Bailey_tissue_specific_driver,TCGA_MC3_Bailey2018,486,44,442,20261040,pooled inner out-of-fold AUROC,pooled inner out-of-fold balanced-accuracy optimum,outer out-of-fold AUROC,AUROC >= 0.60 after inner-AUROC component tuning,TRUE,0.00323940765117225,0.0306972439325378,FALSE,FALSE,FALSE,FALSE
TITAN,driver_mutation,UCEC,RPL22,0.634563965446318,0.589932126696833,0.178661468945274,16,0.766248457424928,0.297334527976522,0.691587823940765,0.681818181818182,0.701357466063348,0.185185185185185,0.95679012345679,0.0905349794238683,0.0905349794238683,0.538667215137803,0.0909090909090909,0.986425339366516,0.4,0.915966386554622,0.708504730563554,0.659090909090909,0.757918552036199,0.213235294117647,0.957142857142857,2,1,2,0,0.737837413684871,-2.44364925075595,Bailey_tissue_specific_driver,TCGA_MC3_Bailey2018,486,44,442,20261040,pooled inner out-of-fold AUROC,pooled inner out-of-fold balanced-accuracy optimum,outer out-of-fold AUROC,AUROC >= 0.60 after inner-AUROC component tuning,TRUE,0.13168449197861,0.101655697243932,FALSE,TRUE,TRUE,TRUE
GigaSSL,driver_mutation,UCEC,SCAF4,0.585741404766927,0.581058848344231,0.178609871463804,16,0.601729592912888,0.176409079190502,0.576102088167053,0.6,0.552204176334107,0.146017699115044,0.915384615384615,0.113168724279835,0.113168724279835,0.556106306686353,0.181818181818182,0.930394431554524,0.25,0.899103139013453,0.583020459818604,0.381818181818182,0.784222737819026,0.184210526315789,0.908602150537634,5,5,18,0,0.633201581027668,-3.64444081378517,Bailey_tissue_specific_driver,TCGA_MC3_Bailey2018,486,55,431,20261041,pooled inner out-of-fold AUROC,pooled inner out-of-fold balanced-accuracy optimum,outer out-of-fold AUROC,AUROC >= 0.60 after inner-AUROC component tuning,TRUE,0.0159881881459605,-0.00495676017717772,FALSE,FALSE,TRUE,TRUE
ProvGigaPath,driver_mutation,UCEC,SCAF4,0.598818814596077,0.546635730858469,0.183031918959933,18,0.605610630668635,0.164104971800026,0.595254165787809,0.654545454545455,0.535962877030162,0.152542372881356,0.924,0.113168724279835,0.113168724279835,0.522062855937566,0.109090909090909,0.935034802784223,0.176470588235294,0.891592920353982,0.574119384096182,0.345454545454545,0.802784222737819,0.182692307692308,0.905759162303665,5,2,17,0,0.693280632411067,-3.69177911761053,Bailey_tissue_specific_driver,TCGA_MC3_Bailey2018,486,55,431,20261041,pooled inner out-of-fold AUROC,pooled inner out-of-fold balanced-accuracy optimum,outer out-of-fold AUROC,AUROC >= 0.60 after inner-AUROC component tuning,TRUE,0.0067918160725583,0.0486184349293396,FALSE,FALSE,TRUE,TRUE
TITAN,driver_mutation,UCEC,SCAF4,0.6430710820502,0.545855304788019,0.167192118504828,12,0.693271461716937,0.203165245157089,0.621725374393588,0.563636363636364,0.679814385150812,0.183431952662722,0.924290220820189,0.113168724279835,0.113168724279835,0.514321873022569,0.0727272727272727,0.955916473317865,0.173913043478261,0.889848812095032,0.630415524151023,0.509090909090909,0.751740139211137,0.207407407407407,0.923076923076923,2,2,8,0,0.729117259552042,-2.55014425396694,Bailey_tissue_specific_driver,TCGA_MC3_Bailey2018,486,55,431,20261041,pooled inner out-of-fold AUROC,pooled inner out-of-fold balanced-accuracy optimum,outer out-of-fold AUROC,AUROC >= 0.60 after inner-AUROC component tuning,TRUE,0.0502003796667373,0.0758700696055688,FALSE,TRUE,TRUE,TRUE
GigaSSL,driver_mutation,UCEC,SIN3A,0.630612633181126,0.555936073059361,0.167910620388495,7,0.629280821917808,0.153745383652909,0.579337899543379,0.583333333333333,0.575342465753425,0.130841121495327,0.926470588235294,0.0987654320987654,0.0987654320987654,0.495433789954338,0,0.990867579908676,0,0.900414937759336,0.593892694063927,0.541666666666667,0.646118721461187,0.143646408839779,0.927868852459016,2,1,4,0,0.665570896340127,-2.19094131892385,Bailey_tissue_specific_driver,TCGA_MC3_Bailey2018,486,48,438,20261042,pooled inner out-of-fold AUROC,pooled inner out-of-fold balanced-accuracy optimum,outer out-of-fold AUROC,AUROC >= 0.60 after inner-AUROC component tuning,TRUE,-0.00133181126331783,0.023401826484018,FALSE,FALSE,TRUE,TRUE
ProvGigaPath,driver_mutation,UCEC,SIN3A,0.550038051750381,0.49115296803653,0.112221042950878,5,0.606211948249619,0.150391951153253,0.554651826484018,0.645833333333333,0.463470319634703,0.116541353383459,0.922727272727273,0.0987654320987654,0.0987654320987654,0.523401826484018,0.0833333333333333,0.963470319634703,0.2,0.905579399141631,0.573772831050228,0.4375,0.710045662100457,0.141891891891892,0.920118343195266,1,1,18,0,0.635263157894737,-2.73722736101715,Bailey_tissue_specific_driver,TCGA_MC3_Bailey2018,486,48,438,20261042,pooled inner out-of-fold AUROC,pooled inner out-of-fold balanced-accuracy optimum,outer out-of-fold AUROC,AUROC >= 0.60 after inner-AUROC component tuning,TRUE,0.0561738964992384,0.0634988584474883,FALSE,FALSE,TRUE,TRUE
TITAN,driver_mutation,UCEC,SIN3A,0.660958904109589,0.569920091324201,0.170587838236711,11,0.706050228310502,0.220347697691212,0.610302511415525,0.604166666666667,0.616438356164384,0.147208121827411,0.934256055363322,0.0987654320987654,0.0987654320987654,0.51398401826484,0.0416666666666667,0.986301369863014,0.25,0.903765690376569,0.629138127853881,0.520833333333333,0.737442922374429,0.178571428571429,0.933526011560694,2,2,3,0,0.721127819548872,-2.51542091982639,Bailey_tissue_specific_driver,TCGA_MC3_Bailey2018,486,48,438,20261042,pooled inner out-of-fold AUROC,pooled inner out-of-fold balanced-accuracy optimum,outer out-of-fold AUROC,AUROC >= 0.60 after inner-AUROC component tuning,TRUE,0.0450913242009132,0.0403824200913242,FALSE,TRUE,TRUE,TRUE
GigaSSL,driver_mutation,UCEC,SMC1A,0.496928972649483,0.484881096120531,0.0891536858352368,6,0.544490524436978,0.10032951056861,0.544411780145939,0.488372093023256,0.600451467268623,0.106060606060606,0.923611111111111,0.088477366255144,0.088477366255144,0.488713318284424,0,0.977426636568849,0,0.909663865546218,0.57680193185994,0.465116279069768,0.688487584650113,0.126582278481013,0.929878048780488,2,1,4,0,0.630181086519115,-2.69163711312455,Bailey_tissue_specific_driver,TCGA_MC3_Bailey2018,486,43,443,20261043,pooled inner out-of-fold AUROC,pooled inner out-of-fold balanced-accuracy optimum,outer out-of-fold AUROC,AUROC >= 0.60 after inner-AUROC component tuning,TRUE,0.0475615517874953,0.0595306840254084,FALSE,FALSE,FALSE,TRUE
ProvGigaPath,driver_mutation,UCEC,SMC1A,0.567273872644233,0.511522914588692,0.111488634720077,8,0.608010919208357,0.122877489590255,0.590135965142527,0.604651162790698,0.575620767494357,0.121495327102804,0.9375,0.088477366255144,0.088477366255144,0.517953698356869,0.0697674418604651,0.966139954853273,0.166666666666667,0.914529914529914,0.513124048506483,0.27906976744186,0.747178329571106,0.0967741935483871,0.914364640883978,3,2,4,0,0.65835825855766,-3.30523471270119,Bailey_tissue_specific_driver,TCGA_MC3_Bailey2018,486,43,443,20261043,pooled inner out-of-fold AUROC,pooled inner out-of-fold balanced-accuracy optimum,outer out-of-fold AUROC,AUROC >= 0.60 after inner-AUROC component tuning,TRUE,0.0407370465641244,0.0786130505538351,FALSE,FALSE,TRUE,TRUE
TITAN,driver_mutation,UCEC,SMC1A,0.622604861147567,0.525408157908552,0.143346492892505,14,0.657829807338968,0.171980043073618,0.620268780513413,0.581395348837209,0.659142212189616,0.142045454545455,0.941935483870968,0.088477366255144,0.088477366255144,0.561079321749173,0.162790697674419,0.959367945823928,0.28,0.921908893709328,0.594965614992913,0.395348837209302,0.794582392776524,0.157407407407407,0.931216931216931,3,3,9,0,0.703805250913925,-3.00956289512372,Bailey_tissue_specific_driver,TCGA_MC3_Bailey2018,486,43,443,20261043,pooled inner out-of-fold AUROC,pooled inner out-of-fold balanced-accuracy optimum,outer out-of-fold AUROC,AUROC >= 0.60 after inner-AUROC component tuning,TRUE,0.0352249461914009,0.0948606226048608,FALSE,TRUE,TRUE,TRUE
GigaSSL,driver_mutation,UCEC,SOS1,0.564942410530646,0.51840806252571,0.11823470188811,19,0.570495680789798,0.123918297832322,0.521698889345948,0.590909090909091,0.452488687782805,0.0970149253731343,0.91743119266055,0.0905349794238683,0.0905349794238683,0.497943233237351,0.0909090909090909,0.904977375565611,0.0869565217391304,0.909090909090909,0.532188399835459,0.227272727272727,0.83710407239819,0.121951219512195,0.915841584158416,20,9,20,3,0.59740995548361,-10.178883650484,Bailey_tissue_specific_driver,TCGA_MC3_Bailey2018,486,44,442,20261044,pooled inner out-of-fold AUROC,pooled inner out-of-fold balanced-accuracy optimum,outer out-of-fold AUROC,AUROC >= 0.60 after inner-AUROC component tuning,TRUE,0.00555327025915242,0.00329082682023818,FALSE,FALSE,FALSE,TRUE
ProvGigaPath,driver_mutation,UCEC,SOS1,0.580676676264912,0.560366104483752,0.137919777632737,6,0.612350884409708,0.147754237845871,0.543140682846565,0.568181818181818,0.518099547511312,0.105042016806723,0.923387096774194,0.0905349794238683,0.0905349794238683,0.552447552447553,0.181818181818182,0.923076923076923,0.19047619047619,0.918918918918919,0.571883998354587,0.272727272727273,0.871040723981901,0.173913043478261,0.92326139088729,10,7,20,1,0.665725047080979,-7.34326304793206,Bailey_tissue_specific_driver,TCGA_MC3_Bailey2018,486,44,442,20261044,pooled inner out-of-fold AUROC,pooled inner out-of-fold balanced-accuracy optimum,outer out-of-fold AUROC,AUROC >= 0.60 after inner-AUROC component tuning,TRUE,0.0316742081447959,-0.0172254216371868,FALSE,FALSE,TRUE,TRUE
TITAN,driver_mutation,UCEC,SOS1,0.498868778280543,0.495629370629371,0.0939183781632675,12,0.549825174825175,0.117493703860346,0.578002879473468,0.477272727272727,0.678733031674208,0.128834355828221,0.928792569659443,0.0905349794238683,0.0905349794238683,0.500051419169066,0.0227272727272727,0.97737556561086,0.0909090909090909,0.909473684210526,0.584687371452077,0.431818181818182,0.737556561085973,0.140740740740741,0.928774928774929,1,1,12,0,0.602913800080939,-2.41935924054735,Bailey_tissue_specific_driver,TCGA_MC3_Bailey2018,486,44,442,20261044,pooled inner out-of-fold AUROC,pooled inner out-of-fold balanced-accuracy optimum,outer out-of-fold AUROC,AUROC >= 0.60 after inner-AUROC component tuning,TRUE,0.0509563965446318,0.0823735088440967,FALSE,FALSE,FALSE,TRUE
GigaSSL,driver_mutation,UCEC,SOX17,0.623712446351931,0.508905579399142,0.0669890660500096,8,0.597854077253219,0.0603346270950833,0.604291845493562,0.7,0.508583690987124,0.0576131687242798,0.975308641975309,0.0411522633744856,0.0411522633744856,0.487124463519313,0,0.974248927038627,0,0.957805907172996,0.531330472103004,0.2,0.862660944206009,0.0588235294117647,0.961722488038277,4,4,10,0,0.673927613941019,-6.22101288908425,Bailey_tissue_specific_driver,TCGA_MC3_Bailey2018,486,20,466,20261045,pooled inner out-of-fold AUROC,pooled inner out-of-fold balanced-accuracy optimum,outer out-of-fold AUROC,AUROC >= 0.60 after inner-AUROC component tuning,TRUE,-0.0258583690987121,0.0953862660944201,FALSE,TRUE,FALSE,TRUE
ProvGigaPath,driver_mutation,UCEC,SOX17,0.619527896995708,0.564270386266094,0.0951486373198831,6,0.676609442060086,0.125973258235307,0.629077253218884,0.55,0.708154506437768,0.0748299319727891,0.973451327433628,0.0411522633744856,0.0411522633744856,0.539270386266094,0.1,0.978540772532189,0.166666666666667,0.962025316455696,0.593884120171674,0.25,0.937768240343348,0.147058823529412,0.966814159292035,5,4,6,0,0.67002688172043,-8.36394576521056,Bailey_tissue_specific_driver,TCGA_MC3_Bailey2018,486,20,466,20261045,pooled inner out-of-fold AUROC,pooled inner out-of-fold balanced-accuracy optimum,outer out-of-fold AUROC,AUROC >= 0.60 after inner-AUROC component tuning,TRUE,0.0570815450643779,0.0648068669527901,FALSE,TRUE,TRUE,TRUE
TITAN,driver_mutation,UCEC,SOX17,0.639699570815451,0.536051502145923,0.116579323127784,15,0.661480686695279,0.166486148841507,0.584227467811159,0.75,0.418454935622318,0.0524475524475525,0.975,0.0411522633744856,0.0411522633744856,0.568562231759657,0.15,0.987124463519313,0.333333333333333,0.964360587002096,0.590987124463519,0.3,0.881974248927039,0.0983606557377049,0.967058823529412,4,2,9,0,0.723118279569893,-6.7978058891711,Bailey_tissue_specific_driver,TCGA_MC3_Bailey2018,486,20,466,20261045,pooled inner out-of-fold AUROC,pooled inner out-of-fold balanced-accuracy optimum,outer out-of-fold AUROC,AUROC >= 0.60 after inner-AUROC component tuning,TRUE,0.0217811158798279,0.0481759656652358,FALSE,FALSE,TRUE,TRUE
GigaSSL,driver_mutation,UCEC,SPOP,0.453419282511211,0.498094170403587,0.0766496698441512,14,0.405885650224215,0.0652997759266394,0.450504484304933,0.475,0.426008968609866,0.0690909090909091,0.900473933649289,0.0823045267489712,0.0823045267489712,0.475504484304933,0.025,0.926008968609865,0.0294117647058824,0.913716814159292,0.42219730941704,0.1,0.744394618834081,0.0338983050847458,0.902173913043478,10,2,20,1,0.568890056022409,-3.60650706880375,Bailey_tissue_specific_driver,TCGA_MC3_Bailey2018,486,40,446,20261046,pooled inner out-of-fold AUROC,pooled inner out-of-fold balanced-accuracy optimum,outer out-of-fold AUROC,AUROC >= 0.60 after inner-AUROC component tuning,TRUE,-0.0475336322869958,-0.0475896860986543,FALSE,FALSE,FALSE,TRUE
ProvGigaPath,driver_mutation,UCEC,SPOP,0.444170403587444,0.489910313901345,0.0712891518831484,1,0.507062780269058,0.0848470208816981,0.509809417040359,0.625,0.394618834080717,0.0847457627118644,0.921465968586387,0.0823045267489712,0.0823045267489712,0.486547085201794,0,0.973094170403587,0,0.915611814345992,0.505044843049327,0.25,0.760089686098655,0.0854700854700855,0.91869918699187,2,2,19,0,0.591036414565826,-3.71388467704213,Bailey_tissue_specific_driver,TCGA_MC3_Bailey2018,486,40,446,20261046,pooled inner out-of-fold AUROC,pooled inner out-of-fold balanced-accuracy optimum,outer out-of-fold AUROC,AUROC >= 0.60 after inner-AUROC component tuning,TRUE,0.0628923766816143,0.0198991031390138,FALSE,FALSE,FALSE,TRUE
TITAN,driver_mutation,UCEC,SPOP,0.466591928251121,0.512836322869955,0.0846843870965982,8,0.457062780269058,0.0773976309262597,0.443273542600897,0.4,0.486547085201794,0.0653061224489796,0.900414937759336,0.0823045267489712,0.0823045267489712,0.48542600896861,0,0.97085201793722,0,0.915433403805497,0.495291479820628,0.3,0.690582959641256,0.08,0.916666666666667,1,1,20,1,0.605567226890756,-2.99699480556317,Bailey_tissue_specific_driver,TCGA_MC3_Bailey2018,486,40,446,20261046,pooled inner out-of-fold AUROC,pooled inner out-of-fold balanced-accuracy optimum,outer out-of-fold AUROC,AUROC >= 0.60 after inner-AUROC component tuning,TRUE,-0.00952914798206272,-0.0695627802690581,FALSE,FALSE,FALSE,TRUE
GigaSSL,driver_mutation,UCEC,TAF1,0.517241379310345,0.510960591133005,0.178357377463822,14,0.479618226600985,0.154579839999161,0.479156403940887,0.5125,0.445812807881773,0.154135338345865,0.822727272727273,0.164609053497942,0.164609053497942,0.488331280788177,0.0875,0.889162561576355,0.134615384615385,0.831797235023042,0.470782019704434,0.2125,0.729064039408867,0.133858267716535,0.824512534818942,13,3,19,0,0.563461538461539,-3.06838138997971,Bailey_tissue_specific_driver,TCGA_MC3_Bailey2018,486,80,406,20261047,pooled inner out-of-fold AUROC,pooled inner out-of-fold balanced-accuracy optimum,outer out-of-fold AUROC,AUROC >= 0.60 after inner-AUROC component tuning,TRUE,-0.0376231527093597,-0.0318041871921183,FALSE,FALSE,FALSE,TRUE
ProvGigaPath,driver_mutation,UCEC,TAF1,0.570812807881773,0.562007389162562,0.209373082952274,9,0.603509852216749,0.22997025025213,0.559729064039409,0.75,0.369458128078818,0.189873417721519,0.882352941176471,0.164609053497942,0.164609053497942,0.560775862068966,0.225,0.896551724137931,0.3,0.854460093896714,0.562838669950739,0.3375,0.788177339901478,0.238938053097345,0.857908847184987,7,7,12,0,0.595192307692308,-5.98077214057999,Bailey_tissue_specific_driver,TCGA_MC3_Bailey2018,486,80,406,20261047,pooled inner out-of-fold AUROC,pooled inner out-of-fold balanced-accuracy optimum,outer out-of-fold AUROC,AUROC >= 0.60 after inner-AUROC component tuning,TRUE,0.0326970443349758,-0.00227832512315318,FALSE,FALSE,TRUE,TRUE
TITAN,driver_mutation,UCEC,TAF1,0.689809113300493,0.580757389162562,0.285919411618685,9,0.68131157635468,0.277268162830422,0.642364532019704,0.6,0.684729064039409,0.272727272727273,0.896774193548387,0.164609053497942,0.164609053497942,0.554248768472906,0.175,0.933497536945813,0.341463414634146,0.851685393258427,0.63451354679803,0.5375,0.731527093596059,0.282894736842105,0.889221556886228,5,2,5,0,0.657836538461539,-1.82968250989709,Bailey_tissue_specific_driver,TCGA_MC3_Bailey2018,486,80,406,20261047,pooled inner out-of-fold AUROC,pooled inner out-of-fold balanced-accuracy optimum,outer out-of-fold AUROC,AUROC >= 0.60 after inner-AUROC component tuning,TRUE,-0.00849753694581323,0.0616071428571424,FALSE,TRUE,TRUE,TRUE
GigaSSL,driver_mutation,UCEC,TP53,0.666952538738914,0.6313322288276,0.516533221778712,6,0.72269759282721,0.571637036012724,0.665685605691453,0.651612903225806,0.6797583081571,0.48792270531401,0.806451612903226,0.318930041152263,0.318930041152263,0.627570412240522,0.354838709677419,0.900302114803625,0.625,0.748743718592965,0.651759087808206,0.593548387096774,0.709969788519637,0.48936170212766,0.788590604026846,3,2,4,0,0.732649071358749,-0.962777460754755,Bailey_tissue_specific_driver,TCGA_MC3_Bailey2018,486,155,331,20261048,pooled inner out-of-fold AUROC,pooled inner out-of-fold balanced-accuracy optimum,outer out-of-fold AUROC,AUROC >= 0.60 after inner-AUROC component tuning,TRUE,0.0557450540882958,0.0343533768638531,TRUE,TRUE,TRUE,TRUE
ProvGigaPath,driver_mutation,UCEC,TP53,0.728837345287984,0.658853912873989,0.592167119025559,10,0.752987038300361,0.606682309945866,0.668141506675763,0.729032258064516,0.607250755287009,0.465020576131687,0.82716049382716,0.318930041152263,0.318930041152263,0.6281843874866,0.374193548387097,0.882175226586103,0.597938144329897,0.750642673521851,0.679154078549849,0.6,0.758308157099698,0.53757225433526,0.801916932907348,3,2,4,0,0.745952525867316,-1.43279678846952,Bailey_tissue_specific_driver,TCGA_MC3_Bailey2018,486,155,331,20261048,pooled inner out-of-fold AUROC,pooled inner out-of-fold balanced-accuracy optimum,outer out-of-fold AUROC,AUROC >= 0.60 after inner-AUROC component tuning,TRUE,0.0241496930123766,0.00928759380177357,TRUE,TRUE,TRUE,TRUE
TITAN,driver_mutation,UCEC,TP53,0.825280187116266,0.750560374232531,0.70160482569965,9,0.844420621771757,0.72637499504795,0.789523438261378,0.793548387096774,0.785498489425982,0.634020618556701,0.89041095890411,0.318930041152263,0.318930041152263,0.75076503264789,0.619354838709677,0.882175226586103,0.711111111111111,0.831908831908832,0.772166455511159,0.72258064516129,0.821752265861027,0.654970760233918,0.863492063492064,4,3,4,0,0.838098729227762,-1.1248514946298,Bailey_tissue_specific_driver,TCGA_MC3_Bailey2018,486,155,331,20261048,pooled inner out-of-fold AUROC,pooled inner out-of-fold balanced-accuracy optimum,outer out-of-fold AUROC,AUROC >= 0.60 after inner-AUROC component tuning,TRUE,0.0191404346554911,0.0389630640288471,TRUE,TRUE,TRUE,TRUE
GigaSSL,driver_mutation,UCEC,ZFHX3,0.568563034188034,0.530929487179487,0.263787802849549,15,0.538675213675214,0.23951507058042,0.541105769230769,0.510416666666667,0.571794871794872,0.226851851851852,0.825925925925926,0.197530864197531,0.197530864197531,0.521554487179487,0.135416666666667,0.907692307692308,0.26530612244898,0.810068649885583,0.527403846153846,0.395833333333333,0.658974358974359,0.222222222222222,0.815873015873016,3,1,19,0,0.58454045954046,-1.67322392547925,Bailey_tissue_specific_driver,TCGA_MC3_Bailey2018,486,96,390,20261049,pooled inner out-of-fold AUROC,pooled inner out-of-fold balanced-accuracy optimum,outer out-of-fold AUROC,AUROC >= 0.60 after inner-AUROC component tuning,TRUE,-0.0298878205128204,0.0101762820512823,FALSE,FALSE,FALSE,TRUE
ProvGigaPath,driver_mutation,UCEC,ZFHX3,0.547115384615385,0.517227564102564,0.255869986714693,13,0.577884615384615,0.270458147302029,0.550480769230769,0.5625,0.538461538461538,0.230769230769231,0.833333333333333,0.197530864197531,0.197530864197531,0.533253205128205,0.15625,0.91025641025641,0.3,0.814220183486239,0.556810897435897,0.385416666666667,0.728205128205128,0.258741258741259,0.82798833819242,4,3,13,0,0.607142857142857,-2.04386744277617,Bailey_tissue_specific_driver,TCGA_MC3_Bailey2018,486,96,390,20261049,pooled inner out-of-fold AUROC,pooled inner out-of-fold balanced-accuracy optimum,outer out-of-fold AUROC,AUROC >= 0.60 after inner-AUROC component tuning,TRUE,0.0307692307692303,0.0332532051282052,FALSE,FALSE,FALSE,TRUE
TITAN,driver_mutation,UCEC,ZFHX3,0.647729700854701,0.572596153846154,0.297146100485309,8,0.611431623931624,0.295831240451083,0.568990384615385,0.635416666666667,0.502564102564103,0.23921568627451,0.848484848484848,0.197530864197531,0.197530864197531,0.541025641025641,0.166666666666667,0.915384615384615,0.326530612244898,0.816933638443936,0.609214743589744,0.53125,0.687179487179487,0.294797687861272,0.856230031948882,4,2,11,0,0.680569430569431,-1.84257441769059,Bailey_tissue_specific_driver,TCGA_MC3_Bailey2018,486,96,390,20261049,pooled inner out-of-fold AUROC,pooled inner out-of-fold balanced-accuracy optimum,outer out-of-fold AUROC,AUROC >= 0.60 after inner-AUROC component tuning,TRUE,-0.0362980769230771,-0.0036057692307695,FALSE,FALSE,TRUE,TRUE
GigaSSL,driver_mutation,UCEC,ZMYM2,0.667493796526055,0.562743707904998,0.200049070967533,12,0.660980148883375,0.228120231065692,0.600673520028359,0.576923076923077,0.624423963133641,0.155440414507772,0.924914675767918,0.106995884773663,0.106995884773663,0.579271534916696,0.211538461538462,0.947004608294931,0.323529411764706,0.90929203539823,0.627835873803616,0.442307692307692,0.813364055299539,0.221153846153846,0.924083769633508,14,2,16,0,0.64992452312337,-4.13099194859996,Bailey_tissue_specific_driver,TCGA_MC3_Bailey2018,486,52,434,20261050,pooled inner out-of-fold AUROC,pooled inner out-of-fold balanced-accuracy optimum,outer out-of-fold AUROC,AUROC >= 0.60 after inner-AUROC component tuning,TRUE,-0.00651364764268037,0.0379298121233608,FALSE,TRUE,TRUE,TRUE
ProvGigaPath,driver_mutation,UCEC,ZMYM2,0.650212690535271,0.568902871322226,0.214440585463858,13,0.598989719957462,0.166816785370057,0.584190003544842,0.615384615384615,0.552995391705069,0.141592920353982,0.923076923076923,0.106995884773663,0.106995884773663,0.528491669620702,0.0961538461538462,0.960829493087558,0.227272727272727,0.898706896551724,0.534030485643389,0.307692307692308,0.76036866359447,0.133333333333333,0.901639344262295,5,1,5,0,0.654315905036366,-3.26388599033977,Bailey_tissue_specific_driver,TCGA_MC3_Bailey2018,486,52,434,20261050,pooled inner out-of-fold AUROC,pooled inner out-of-fold balanced-accuracy optimum,outer out-of-fold AUROC,AUROC >= 0.60 after inner-AUROC component tuning,TRUE,-0.0512229705778091,0.0152871322226164,FALSE,FALSE,FALSE,TRUE
TITAN,driver_mutation,UCEC,ZMYM2,0.623759305210918,0.57581531371854,0.191468400457748,12,0.599034030485643,0.160084432176866,0.562566465792272,0.461538461538462,0.663594470046083,0.141176470588235,0.911392405063291,0.106995884773663,0.106995884773663,0.546969159872386,0.153846153846154,0.940092165898618,0.235294117647059,0.902654867256637,0.558224034030486,0.307692307692308,0.808755760368664,0.161616161616162,0.906976744186047,4,3,19,0,0.70099107331131,-2.56229701440332,Bailey_tissue_specific_driver,TCGA_MC3_Bailey2018,486,52,434,20261050,pooled inner out-of-fold AUROC,pooled inner out-of-fold balanced-accuracy optimum,outer out-of-fold AUROC,AUROC >= 0.60 after inner-AUROC component tuning,TRUE,-0.0247252747252746,-0.0132488479262678,FALSE,FALSE,FALSE,TRUE
GigaSSL,driver_mutation,UCS,FBXW7,0.517857142857143,0.518601190476191,0.409056283278559,1,0.517857142857143,0.409056283278559,0.479910714285714,0.428571428571429,0.53125,0.375,0.586206896551724,0.39622641509434,0.39622641509434,0.518601190476191,0.380952380952381,0.65625,0.421052631578947,0.617647058823529,0.519345238095238,0.476190476190476,0.5625,0.416666666666667,0.620689655172414,1,1,5,0,0.513574660633484,-0.390663850934232,Bailey_tissue_specific_driver,TCGA_MC3_Bailey2018,53,21,32,20261051,pooled inner out-of-fold AUROC,pooled inner out-of-fold balanced-accuracy optimum,outer out-of-fold AUROC,AUROC >= 0.60 after inner-AUROC component tuning,TRUE,-1.11022302462516e-16,-0.0386904761904767,FALSE,FALSE,FALSE,FALSE
ProvGigaPath,driver_mutation,UCS,FBXW7,0.270833333333333,0.345238095238095,0.292639738234365,2,0.366071428571429,0.335413664321492,0.465029761904762,0.523809523809524,0.40625,0.366666666666667,0.565217391304348,0.39622641509434,0.39622641509434,0.400297619047619,0.238095238095238,0.5625,0.263157894736842,0.529411764705882,0.369047619047619,0.238095238095238,0.5,0.238095238095238,0.5,1,1,14,0,0.5425,-0.52419303220966,Bailey_tissue_specific_driver,TCGA_MC3_Bailey2018,53,21,32,20261051,pooled inner out-of-fold AUROC,pooled inner out-of-fold balanced-accuracy optimum,outer out-of-fold AUROC,AUROC >= 0.60 after inner-AUROC component tuning,TRUE,0.0952380952380956,0.119791666666667,FALSE,FALSE,FALSE,TRUE
TITAN,driver_mutation,UCS,FBXW7,0.461309523809524,0.543154761904762,0.376454081365117,8,0.491071428571429,0.402417799818929,0.535714285714286,0.571428571428571,0.5,0.428571428571429,0.64,0.39622641509434,0.39622641509434,0.581845238095238,0.476190476190476,0.6875,0.5,0.666666666666667,0.566220238095238,0.476190476190476,0.65625,0.476190476190476,0.65625,1,1,20,1,0.644796380090498,-0.527549522808512,Bailey_tissue_specific_driver,TCGA_MC3_Bailey2018,53,21,32,20261051,pooled inner out-of-fold AUROC,pooled inner out-of-fold balanced-accuracy optimum,outer out-of-fold AUROC,AUROC >= 0.60 after inner-AUROC component tuning,TRUE,0.0297619047619045,-0.00744047619047628,FALSE,FALSE,FALSE,TRUE
GigaSSL,driver_mutation,UVM,GNA11,0.553359683794466,0.575098814229249,0.602883999797327,1,0.58498023715415,0.613904081698199,0.530632411067194,0.409090909090909,0.652173913043478,0.529411764705882,0.535714285714286,0.488888888888889,0.488888888888889,0.554347826086957,0.5,0.608695652173913,0.55,0.56,0.532608695652174,0.5,0.565217391304348,0.523809523809524,0.541666666666667,4,1,19,0,0.643790849673203,4.0171184883018,Bailey_tissue_specific_driver,TCGA_MC3_Bailey2018,45,22,23,20261052,pooled inner out-of-fold AUROC,pooled inner out-of-fold balanced-accuracy optimum,outer out-of-fold AUROC,AUROC >= 0.60 after inner-AUROC component tuning,TRUE,0.0316205533596842,-0.0444664031620553,FALSE,FALSE,FALSE,TRUE
ProvGigaPath,driver_mutation,UVM,GNA11,0.620553359683794,0.533596837944664,0.634860440248472,4,0.569169960474308,0.58077914096464,0.552371541501976,0.409090909090909,0.695652173913044,0.5625,0.551724137931035,0.488888888888889,0.488888888888889,0.598814229249012,0.545454545454545,0.652173913043478,0.6,0.6,0.598814229249012,0.545454545454545,0.652173913043478,0.6,0.6,12,1,20,1,0.583333333333333,1.69493357649145,Bailey_tissue_specific_driver,TCGA_MC3_Bailey2018,45,22,23,20261052,pooled inner out-of-fold AUROC,pooled inner out-of-fold balanced-accuracy optimum,outer out-of-fold AUROC,AUROC >= 0.60 after inner-AUROC component tuning,TRUE,-0.0513833992094857,0.0187747035573124,FALSE,FALSE,FALSE,TRUE
TITAN,driver_mutation,UVM,GNA11,0.58498023715415,0.557312252964427,0.633282291440186,6,0.571146245059289,0.617275678986818,0.527667984189723,0.272727272727273,0.782608695652174,0.545454545454545,0.529411764705882,0.488888888888889,0.488888888888889,0.534584980237154,0.590909090909091,0.478260869565217,0.52,0.55,0.534584980237154,0.590909090909091,0.478260869565217,0.52,0.55,8,1,20,1,0.617283950617284,1.10983680439566,Bailey_tissue_specific_driver,TCGA_MC3_Bailey2018,45,22,23,20261052,pooled inner out-of-fold AUROC,pooled inner out-of-fold balanced-accuracy optimum,outer out-of-fold AUROC,AUROC >= 0.60 after inner-AUROC component tuning,TRUE,-0.0138339920948615,-0.0296442687747036,FALSE,FALSE,FALSE,TRUE
GigaSSL,driver_mutation,UVM,GNAQ,0.464,0.445,0.482827431741455,4,0.412,0.397147347300998,0.385,0.45,0.32,0.346153846153846,0.421052631578947,0.444444444444444,0.444444444444444,0.435,0.35,0.52,0.368421052631579,0.5,0.46,0.4,0.52,0.4,0.52,3,1,9,0,0.634375,-1.00190105616742,Bailey_tissue_specific_driver,TCGA_MC3_Bailey2018,45,20,25,20261053,pooled inner out-of-fold AUROC,pooled inner out-of-fold balanced-accuracy optimum,outer out-of-fold AUROC,AUROC >= 0.60 after inner-AUROC component tuning,TRUE,-0.0520000000000001,-0.06,FALSE,FALSE,FALSE,TRUE
ProvGigaPath,driver_mutation,UVM,GNAQ,0.354,0.39,0.367691161269547,6,0.346,0.361153895203751,0.455,0.55,0.36,0.407407407407407,0.5,0.444444444444444,0.444444444444444,0.39,0.3,0.48,0.315789473684211,0.461538461538462,0.39,0.3,0.48,0.315789473684211,0.461538461538462,16,4,20,1,0.565625,-33.9485556435114,Bailey_tissue_specific_driver,TCGA_MC3_Bailey2018,45,20,25,20261053,pooled inner out-of-fold AUROC,pooled inner out-of-fold balanced-accuracy optimum,outer out-of-fold AUROC,AUROC >= 0.60 after inner-AUROC component tuning,TRUE,-0.00800000000000001,0.065,FALSE,FALSE,FALSE,TRUE
TITAN,driver_mutation,UVM,GNAQ,0.62,0.615,0.612306440201651,5,0.604,0.587641749799069,0.505,0.85,0.16,0.447368421052632,0.571428571428571,0.444444444444444,0.444444444444444,0.615,0.55,0.68,0.578947368421053,0.653846153846154,0.615,0.55,0.68,0.578947368421053,0.653846153846154,11,3,20,1,0.640625,-528.368327474526,Bailey_tissue_specific_driver,TCGA_MC3_Bailey2018,45,20,25,20261053,pooled inner out-of-fold AUROC,pooled inner out-of-fold balanced-accuracy optimum,outer out-of-fold AUROC,AUROC >= 0.60 after inner-AUROC component tuning,TRUE,-0.016,-0.11,TRUE,FALSE,TRUE,TRUE
GigaSSL,fusion,BLCA,Any called fusion,0.642286439665472,0.56530017921147,0.831006448673544,5,0.654345878136201,0.838664952168658,0.630880376344086,0.552083333333333,0.709677419354839,0.854838709677419,0.338461538461539,0.755905511811024,0.755905511811024,0.567764336917563,0.909722222222222,0.225806451612903,0.784431137724551,0.446808510638298,0.620743727598566,0.736111111111111,0.505376344086022,0.821705426356589,0.382113821138211,3,1,5,0,0.646060606060606,2.0795114919788,fusion,Gao2018_TableS1,381,288,93,20261054,pooled inner out-of-fold AUROC,pooled inner out-of-fold balanced-accuracy optimum,outer out-of-fold AUROC,AUROC >= 0.60 after inner-AUROC component tuning,TRUE,0.0120594384707287,0.065580197132616,FALSE,TRUE,TRUE,TRUE
ProvGigaPath,fusion,BLCA,Any called fusion,0.598155615292712,0.532706093189964,0.811265404264564,4,0.64889486260454,0.840722139619958,0.601646505376344,0.697916666666667,0.505376344086022,0.813765182186235,0.350746268656716,0.755905511811024,0.755905511811024,0.553707437275986,0.892361111111111,0.21505376344086,0.778787878787879,0.392156862745098,0.620743727598566,0.736111111111111,0.505376344086022,0.821705426356589,0.382113821138211,3,1,3,0,0.666274970622797,1.30352052488719,fusion,Gao2018_TableS1,381,288,93,20261054,pooled inner out-of-fold AUROC,pooled inner out-of-fold balanced-accuracy optimum,outer out-of-fold AUROC,AUROC >= 0.60 after inner-AUROC component tuning,TRUE,0.050739247311828,0.06894041218638,FALSE,TRUE,TRUE,TRUE
TITAN,fusion,BLCA,Any called fusion,0.638926224611708,0.600526433691756,0.828760148695208,5,0.672677718040621,0.836496594470389,0.612007168458781,0.611111111111111,0.612903225806452,0.830188679245283,0.337278106508876,0.755905511811024,0.755905511811024,0.609038978494624,0.90625,0.311827956989247,0.803076923076923,0.517857142857143,0.646393369175627,0.701388888888889,0.591397849462366,0.841666666666667,0.390070921985816,2,2,3,0,0.689600470035253,1.2411861834351,fusion,Gao2018_TableS1,381,288,93,20261054,pooled inner out-of-fold AUROC,pooled inner out-of-fold balanced-accuracy optimum,outer out-of-fold AUROC,AUROC >= 0.60 after inner-AUROC component tuning,TRUE,0.0337514934289133,0.0114807347670254,TRUE,TRUE,TRUE,TRUE
GigaSSL,fusion,CESC,Any called fusion,0.527710003485535,0.510776112466597,0.608228930729081,13,0.531602184268619,0.606967017606715,0.496717787847101,0.668874172185431,0.324561403508772,0.567415730337079,0.425287356321839,0.569811320754717,0.569811320754717,0.506390147554316,0.609271523178808,0.403508771929825,0.575,0.438095238095238,0.509527129080981,0.562913907284768,0.456140350877193,0.578231292517007,0.440677966101695,13,2,15,0,0.560257923894288,-0.0208564495340975,fusion,Gao2018_TableS1,265,151,114,20261055,pooled inner out-of-fold AUROC,pooled inner out-of-fold balanced-accuracy optimum,outer out-of-fold AUROC,AUROC >= 0.60 after inner-AUROC component tuning,TRUE,0.00389218078308362,-0.0140583246194959,FALSE,FALSE,FALSE,FALSE
ProvGigaPath,fusion,CESC,Any called fusion,0.475368885790636,0.486522597885442,0.562965513422652,5,0.455907981875218,0.545050829999284,0.46906587661206,0.596026490066225,0.342105263157895,0.545454545454545,0.39,0.569811320754717,0.569811320754717,0.463518066689904,0.576158940397351,0.350877192982456,0.540372670807454,0.384615384615385,0.470953874753108,0.503311258278146,0.43859649122807,0.542857142857143,0.4,2,1,8,0,0.483062392153301,-0.113901599652789,fusion,Gao2018_TableS1,265,151,114,20261055,pooled inner out-of-fold AUROC,pooled inner out-of-fold balanced-accuracy optimum,outer out-of-fold AUROC,AUROC >= 0.60 after inner-AUROC component tuning,TRUE,-0.0194609039154182,-0.017456721273382,FALSE,FALSE,FALSE,TRUE
TITAN,fusion,CESC,Any called fusion,0.426339026373882,0.448297897060532,0.524056269149381,2,0.415011037527594,0.515485126109551,0.442575810386894,0.543046357615894,0.342105263157895,0.522292993630573,0.361111111111111,0.569811320754717,0.569811320754717,0.449285465318926,0.582781456953642,0.315789473684211,0.530120481927711,0.363636363636364,0.432293482049495,0.417218543046358,0.447368421052632,0.5,0.366906474820144,2,1,10,0,0.56761420397784,0.1172966910261,fusion,Gao2018_TableS1,265,151,114,20261055,pooled inner out-of-fold AUROC,pooled inner out-of-fold balanced-accuracy optimum,outer out-of-fold AUROC,AUROC >= 0.60 after inner-AUROC component tuning,TRUE,-0.0113279888462882,-0.00572208667363761,FALSE,FALSE,FALSE,FALSE
GigaSSL,fusion,COAD,Any called fusion,0.531403638151426,0.517944936086529,0.594378096538292,5,0.51812930186824,0.601080603227588,0.496558505408063,0.444444444444444,0.548672566371681,0.556521739130435,0.436619718309859,0.560311284046693,0.560311284046693,0.516992379547689,0.618055555555556,0.415929203539823,0.574193548387097,0.46078431372549,0.530942723697149,0.548611111111111,0.513274336283186,0.58955223880597,0.471544715447155,3,1,15,0,0.572281167108753,0.0138701541429632,fusion,Gao2018_TableS1,257,144,113,20261056,pooled inner out-of-fold AUROC,pooled inner out-of-fold balanced-accuracy optimum,outer out-of-fold AUROC,AUROC >= 0.60 after inner-AUROC component tuning,TRUE,-0.0132743362831861,-0.0213864306784661,FALSE,FALSE,FALSE,TRUE
ProvGigaPath,fusion,COAD,Any called fusion,0.539269911504425,0.520802605703048,0.6038869494143,6,0.540744837758112,0.618770771714048,0.48485127826942,0.465277777777778,0.504424778761062,0.544715447154472,0.425373134328358,0.560311284046693,0.560311284046693,0.528699606686332,0.597222222222222,0.460176991150443,0.585034013605442,0.472727272727273,0.509771386430678,0.541666666666667,0.47787610619469,0.569343065693431,0.45,5,4,12,0,0.595265700483092,0.59277717847515,fusion,Gao2018_TableS1,257,144,113,20261056,pooled inner out-of-fold AUROC,pooled inner out-of-fold balanced-accuracy optimum,outer out-of-fold AUROC,AUROC >= 0.60 after inner-AUROC component tuning,TRUE,0.00147492625368706,-0.0359513274336282,FALSE,FALSE,FALSE,TRUE
TITAN,fusion,COAD,Any called fusion,0.607300884955752,0.57669616519174,0.66648869795179,1,0.625245821042281,0.647409811322518,0.559335054080629,0.631944444444445,0.486725663716814,0.610738255033557,0.509259259259259,0.560311284046693,0.560311284046693,0.603521386430678,0.729166666666667,0.47787610619469,0.640243902439024,0.580645161290323,0.569813176007866,0.555555555555556,0.584070796460177,0.62992125984252,0.507692307692308,1,1,2,0,0.636425120772947,0.0566097961169917,fusion,Gao2018_TableS1,257,144,113,20261056,pooled inner out-of-fold AUROC,pooled inner out-of-fold balanced-accuracy optimum,outer out-of-fold AUROC,AUROC >= 0.60 after inner-AUROC component tuning,TRUE,0.0179449360865293,-0.0173611111111108,FALSE,FALSE,TRUE,FALSE
GigaSSL,fusion,DLBC,Any called fusion,0.636363636363636,0.568181818181818,0.610122574015536,3,0.603305785123967,0.59944897278184,0.545454545454545,0.545454545454545,0.545454545454545,0.545454545454545,0.545454545454545,0.5,0.5,0.613636363636364,0.681818181818182,0.545454545454545,0.6,0.631578947368421,0.613636363636364,0.681818181818182,0.545454545454545,0.6,0.631578947368421,3,1,17,0,0.740740740740741,0.195060896556574,fusion,Gao2018_TableS1,44,22,22,20261057,pooled inner out-of-fold AUROC,pooled inner out-of-fold balanced-accuracy optimum,outer out-of-fold AUROC,AUROC >= 0.60 after inner-AUROC component tuning,TRUE,-0.0330578512396691,-0.0227272727272726,FALSE,FALSE,TRUE,FALSE
ProvGigaPath,fusion,DLBC,Any called fusion,0.619834710743802,0.590909090909091,0.620476152982648,1,0.661157024793388,0.633647607338521,0.590909090909091,0.681818181818182,0.5,0.576923076923077,0.611111111111111,0.5,0.5,0.613636363636364,0.636363636363636,0.590909090909091,0.608695652173913,0.619047619047619,0.613636363636364,0.636363636363636,0.590909090909091,0.608695652173913,0.619047619047619,2,1,15,0,0.709876543209877,-0.935112419876366,fusion,Gao2018_TableS1,44,22,22,20261057,pooled inner out-of-fold AUROC,pooled inner out-of-fold balanced-accuracy optimum,outer out-of-fold AUROC,AUROC >= 0.60 after inner-AUROC component tuning,TRUE,0.0413223140495864,-2.22044604925031e-16,FALSE,FALSE,TRUE,TRUE
TITAN,fusion,DLBC,Any called fusion,0.580578512396694,0.545454545454545,0.562155535473131,4,0.53099173553719,0.5588494383673,0.522727272727273,0.681818181818182,0.363636363636364,0.517241379310345,0.533333333333333,0.5,0.5,0.522727272727273,0.5,0.545454545454545,0.523809523809524,0.521739130434783,0.522727272727273,0.5,0.545454545454545,0.523809523809524,0.521739130434783,16,6,20,1,0.555555555555556,-626.870676366116,fusion,Gao2018_TableS1,44,22,22,20261057,pooled inner out-of-fold AUROC,pooled inner out-of-fold balanced-accuracy optimum,outer out-of-fold AUROC,AUROC >= 0.60 after inner-AUROC component tuning,TRUE,-0.049586776859504,-0.0227272727272723,FALSE,FALSE,FALSE,TRUE
GigaSSL,fusion,ESCA,Any called fusion,0.514649424126086,0.505152556071934,0.692709378803194,9,0.485148514851485,0.679380458166913,0.495251565972924,0.643564356435644,0.346938775510204,0.670103092783505,0.320754716981132,0.673333333333333,0.673333333333333,0.475146494241261,0.623762376237624,0.326530612244898,0.65625,0.296296296296296,0.466760961810467,0.504950495049505,0.428571428571429,0.645569620253165,0.295774647887324,8,2,20,1,0.50997150997151,-0.327254776691854,fusion,Gao2018_TableS1,150,101,49,20261058,pooled inner out-of-fold AUROC,pooled inner out-of-fold balanced-accuracy optimum,outer out-of-fold AUROC,AUROC >= 0.60 after inner-AUROC component tuning,TRUE,-0.0295009092746009,-0.00990099009901013,FALSE,FALSE,FALSE,TRUE
ProvGigaPath,fusion,ESCA,Any called fusion,0.552030713275409,0.570115174782784,0.714401554057103,6,0.547787431804405,0.71475914568983,0.490907253990705,0.594059405940594,0.387755102040816,0.666666666666667,0.316666666666667,0.673333333333333,0.673333333333333,0.539806021418468,0.732673267326733,0.346938775510204,0.69811320754717,0.386363636363636,0.530814305920388,0.653465346534654,0.408163265306122,0.694736842105263,0.363636363636364,3,3,8,0,0.594808483697373,0.201419185928044,fusion,Gao2018_TableS1,150,101,49,20261058,pooled inner out-of-fold AUROC,pooled inner out-of-fold balanced-accuracy optimum,outer out-of-fold AUROC,AUROC >= 0.60 after inner-AUROC component tuning,TRUE,-0.00424328147100406,-0.0792079207920788,FALSE,FALSE,FALSE,TRUE
TITAN,fusion,ESCA,Any called fusion,0.584158415841584,0.518791675085876,0.717359797943815,4,0.523540109112952,0.705268533205346,0.526166902404526,0.623762376237624,0.428571428571429,0.692307692307692,0.355932203389831,0.673333333333333,0.673333333333333,0.477066073954334,0.831683168316832,0.122448979591837,0.661417322834646,0.260869565217391,0.516872095372803,0.564356435643564,0.469387755102041,0.686746987951807,0.343283582089552,3,1,5,0,0.575498575498576,0.431325286072471,fusion,Gao2018_TableS1,150,101,49,20261058,pooled inner out-of-fold AUROC,pooled inner out-of-fold balanced-accuracy optimum,outer out-of-fold AUROC,AUROC >= 0.60 after inner-AUROC component tuning,TRUE,-0.0606183067286319,0.00737522731865015,FALSE,FALSE,FALSE,TRUE
GigaSSL,fusion,HNSC,Any called fusion,0.536448737738386,0.509373599561819,0.729884189011558,5,0.505352785938356,0.7125633388191,0.523402878056067,0.543046357615894,0.503759398496241,0.71304347826087,0.326829268292683,0.694252873563218,0.694252873563218,0.525618682467759,0.788079470198676,0.263157894736842,0.708333333333333,0.353535353535354,0.491223920728975,0.54635761589404,0.43609022556391,0.6875,0.297435897435897,4,1,12,0,0.58498395052063,0.695044407172218,fusion,Gao2018_TableS1,435,302,133,20261059,pooled inner out-of-fold AUROC,pooled inner out-of-fold balanced-accuracy optimum,outer out-of-fold AUROC,AUROC >= 0.60 after inner-AUROC component tuning,TRUE,-0.0310959518000301,0.0140292784942483,FALSE,FALSE,FALSE,TRUE
ProvGigaPath,fusion,HNSC,Any called fusion,0.483144948463875,0.504095503659812,0.680829437462595,9,0.48448936911816,0.681465299065871,0.509161977792163,0.642384105960265,0.37593984962406,0.700361010830325,0.316455696202532,0.694252873563218,0.694252873563218,0.502340287805607,0.85430463576159,0.150375939849624,0.695417789757412,0.3125,0.50326146492058,0.562913907284768,0.443609022556391,0.69672131147541,0.308900523560209,2,1,10,0,0.565802865419244,0.343090294792516,fusion,Gao2018_TableS1,435,302,133,20261059,pooled inner out-of-fold AUROC,pooled inner out-of-fold balanced-accuracy optimum,outer out-of-fold AUROC,AUROC >= 0.60 after inner-AUROC component tuning,TRUE,0.00134442065428464,0.00506647413235051,FALSE,FALSE,FALSE,TRUE
TITAN,fusion,HNSC,Any called fusion,0.511726335706817,0.477916645919434,0.733311176682372,10,0.501244833939153,0.706083335614626,0.483605537021361,0.658940397350993,0.308270676691729,0.683848797250859,0.284722222222222,0.694252873563218,0.694252873563218,0.506995966738037,0.841059602649007,0.172932330827068,0.697802197802198,0.323943661971831,0.494087038789026,0.559602649006623,0.428571428571429,0.689795918367347,0.3,3,1,14,0,0.581891489861427,0.428790537208617,fusion,Gao2018_TableS1,435,302,133,20261059,pooled inner out-of-fold AUROC,pooled inner out-of-fold balanced-accuracy optimum,outer out-of-fold AUROC,AUROC >= 0.60 after inner-AUROC component tuning,TRUE,-0.0104815017676645,0.00568889110192733,FALSE,FALSE,FALSE,TRUE
GigaSSL,fusion,KIRC,Any called fusion,0.46890418925764,0.496857587753035,0.313747830612276,3,0.470930341631803,0.295790521341772,0.49191415117348,0.437086092715232,0.546742209631728,0.292035398230089,0.694244604316547,0.299603174603175,0.299603174603175,0.497260942160854,0.0993377483443709,0.895184135977337,0.288461538461538,0.699115044247788,0.487608577378384,0.377483443708609,0.597733711048159,0.28643216080402,0.691803278688525,1,1,12,0,0.544148936170213,-0.8419825185236,fusion,Gao2018_TableS1,504,151,353,20261060,pooled inner out-of-fold AUROC,pooled inner out-of-fold balanced-accuracy optimum,outer out-of-fold AUROC,AUROC >= 0.60 after inner-AUROC component tuning,TRUE,0.00202615237416309,-0.00494343657955509,FALSE,FALSE,FALSE,TRUE
ProvGigaPath,fusion,KIRC,Any called fusion,0.519107742528563,0.511978687878731,0.320509655819445,2,0.48852785021481,0.293746275746943,0.511631615481305,0.317880794701987,0.705382436260623,0.315789473684211,0.707386363636364,0.299603174603175,0.299603174603175,0.47459805264244,0.0993377483443709,0.84985835694051,0.220588235294118,0.688073394495413,0.508892557642159,0.417218543046358,0.60056657223796,0.308823529411765,0.706666666666667,1,1,11,0,0.541282505910166,-0.408023222174566,fusion,Gao2018_TableS1,504,151,353,20261060,pooled inner out-of-fold AUROC,pooled inner out-of-fold balanced-accuracy optimum,outer out-of-fold AUROC,AUROC >= 0.60 after inner-AUROC component tuning,TRUE,-0.0305798923137533,-0.00034707239742604,FALSE,FALSE,FALSE,TRUE
TITAN,fusion,KIRC,Any called fusion,0.545879218805696,0.512860439374895,0.344363904557022,2,0.570399414667092,0.372614799428879,0.54809297788117,0.43046357615894,0.665722379603399,0.355191256830601,0.73208722741433,0.299603174603175,0.299603174603175,0.526067951147215,0.105960264900662,0.946175637393768,0.457142857142857,0.712153518123667,0.559424422640377,0.43046357615894,0.688385269121813,0.371428571428571,0.738601823708207,1,1,1,0,0.575446076570394,-0.883070661197149,fusion,Gao2018_TableS1,504,151,353,20261060,pooled inner out-of-fold AUROC,pooled inner out-of-fold balanced-accuracy optimum,outer out-of-fold AUROC,AUROC >= 0.60 after inner-AUROC component tuning,TRUE,0.0245201958613959,0.0352325385062748,FALSE,FALSE,FALSE,TRUE
GigaSSL,fusion,KIRP,Any called fusion,0.603686635944701,0.587398696964882,0.316035876892184,6,0.559033847131734,0.288498460206416,0.570872397902431,0.516129032258065,0.625615763546798,0.296296296296296,0.808917197452229,0.233962264150943,0.233962264150943,0.546400762752264,0.225806451612903,0.866995073891626,0.341463414634146,0.785714285714286,0.553392658509455,0.451612903225806,0.655172413793103,0.285714285714286,0.796407185628743,3,1,6,0,0.634110429447853,-1.66682384866192,fusion,Gao2018_TableS1,265,62,203,20261061,pooled inner out-of-fold AUROC,pooled inner out-of-fold balanced-accuracy optimum,outer out-of-fold AUROC,AUROC >= 0.60 after inner-AUROC component tuning,TRUE,-0.0446527888129673,-0.0165262990624507,FALSE,FALSE,FALSE,TRUE
ProvGigaPath,fusion,KIRP,Any called fusion,0.587795963769267,0.568131256952169,0.343503902726315,4,0.608215477514699,0.332141974782491,0.600667408231368,0.580645161290323,0.620689655172414,0.31858407079646,0.828947368421053,0.233962264150943,0.233962264150943,0.587398696964882,0.32258064516129,0.852216748768473,0.4,0.804651162790698,0.585849356427777,0.403225806451613,0.768472906403941,0.347222222222222,0.808290155440415,3,3,19,0,0.663312883435583,-2.31435351577066,fusion,Gao2018_TableS1,265,62,203,20261061,pooled inner out-of-fold AUROC,pooled inner out-of-fold balanced-accuracy optimum,outer out-of-fold AUROC,AUROC >= 0.60 after inner-AUROC component tuning,TRUE,0.0204195137454318,0.0325361512791992,FALSE,TRUE,TRUE,TRUE
TITAN,fusion,KIRP,Any called fusion,0.68274273001748,0.545725409184809,0.419304668789411,2,0.699030668997299,0.448683316095762,0.669235658668362,0.806451612903226,0.532019704433498,0.344827586206897,0.9,0.233962264150943,0.233962264150943,0.566105196249801,0.225806451612903,0.906403940886699,0.424242424242424,0.793103448275862,0.641188622278722,0.548387096774194,0.733990147783251,0.386363636363636,0.84180790960452,1,1,2,0,0.694478527607362,-1.76775782037528,fusion,Gao2018_TableS1,265,62,203,20261061,pooled inner out-of-fold AUROC,pooled inner out-of-fold balanced-accuracy optimum,outer out-of-fold AUROC,AUROC >= 0.60 after inner-AUROC component tuning,TRUE,0.0162879389798186,0.123510249483553,FALSE,TRUE,TRUE,TRUE
GigaSSL,fusion,LGG,Any called fusion,0.636184077250321,0.620298467148356,0.610941123883927,4,0.661793503950301,0.643532767259736,0.610625295428456,0.635593220338983,0.585657370517928,0.590551181102362,0.630901287553648,0.484599589322382,0.484599589322382,0.60025153622797,0.555084745762712,0.645418326693227,0.595454545454546,0.606741573033708,0.598892565331893,0.576271186440678,0.621513944223108,0.588744588744589,0.609375,2,2,5,0,0.691884492879518,-0.0474295957102239,fusion,Gao2018_TableS1,487,236,251,20261062,pooled inner out-of-fold AUROC,pooled inner out-of-fold balanced-accuracy optimum,outer out-of-fold AUROC,AUROC >= 0.60 after inner-AUROC component tuning,TRUE,0.0256094266999795,-0.00967317171990034,TRUE,TRUE,TRUE,TRUE
ProvGigaPath,fusion,LGG,Any called fusion,0.652812478897968,0.614955432507259,0.621052203010703,5,0.667060571274225,0.636189040350554,0.622830711054089,0.64406779661017,0.601593625498008,0.603174603174603,0.642553191489362,0.484599589322382,0.484599589322382,0.643603551894119,0.605932203389831,0.681274900398406,0.641255605381166,0.647727272727273,0.641611520021609,0.605932203389831,0.677290836653386,0.638392857142857,0.64638783269962,3,3,8,0,0.686619810997921,-0.376124057005246,fusion,Gao2018_TableS1,487,236,251,20261062,pooled inner out-of-fold AUROC,pooled inner out-of-fold balanced-accuracy optimum,outer out-of-fold AUROC,AUROC >= 0.60 after inner-AUROC component tuning,TRUE,0.0142480923762571,0.00787527854682968,TRUE,TRUE,TRUE,TRUE
TITAN,fusion,LGG,Any called fusion,0.777381997433993,0.727555878182186,0.751185071281995,1,0.772148693362145,0.750073798544231,0.71111317442096,0.665254237288136,0.756972111553785,0.720183486238532,0.706319702602231,0.484599589322382,0.484599589322382,0.717342494429063,0.673728813559322,0.760956175298805,0.726027397260274,0.712686567164179,0.71784894321021,0.690677966101695,0.745019920318725,0.718061674008811,0.719230769230769,1,1,1,0,0.769920212765958,-0.044964442259114,fusion,Gao2018_TableS1,487,236,251,20261062,pooled inner out-of-fold AUROC,pooled inner out-of-fold balanced-accuracy optimum,outer out-of-fold AUROC,AUROC >= 0.60 after inner-AUROC component tuning,TRUE,-0.00523330407184841,-0.0164427037612258,TRUE,TRUE,TRUE,FALSE
GigaSSL,fusion,LIHC,Any called fusion,0.632744547035996,0.579553057674294,0.739164329757157,15,0.605044828047638,0.710782269956805,0.583283152682992,0.542452830188679,0.624113475177305,0.68452380952381,0.475675675675676,0.60056657223796,0.60056657223796,0.571306704134886,0.674528301886793,0.468085106382979,0.655963302752294,0.488888888888889,0.567810785494447,0.632075471698113,0.50354609929078,0.656862745098039,0.476510067114094,12,6,16,0,0.624466423737637,0.823203120945697,fusion,Gao2018_TableS1,353,212,141,20261063,pooled inner out-of-fold AUROC,pooled inner out-of-fold balanced-accuracy optimum,outer out-of-fold AUROC,AUROC >= 0.60 after inner-AUROC component tuning,TRUE,-0.0276997189883579,0.00373009500869814,FALSE,FALSE,TRUE,TRUE
ProvGigaPath,fusion,LIHC,Any called fusion,0.61544894955172,0.57013582229359,0.698615891917421,5,0.641576341496053,0.715233612656317,0.599859494179045,0.518867924528302,0.680851063829787,0.709677419354839,0.484848484848485,0.60056657223796,0.60056657223796,0.584303492573264,0.679245283018868,0.48936170212766,0.666666666666667,0.503649635036496,0.586745617556537,0.613207547169811,0.560283687943262,0.677083333333333,0.490683229813665,4,4,11,0,0.653000845308538,1.00006388810172,fusion,Gao2018_TableS1,353,212,141,20261063,pooled inner out-of-fold AUROC,pooled inner out-of-fold balanced-accuracy optimum,outer out-of-fold AUROC,AUROC >= 0.60 after inner-AUROC component tuning,TRUE,0.0261273919443324,0.0297236718854544,FALSE,FALSE,TRUE,TRUE
TITAN,fusion,LIHC,Any called fusion,0.600361300682457,0.574819349658772,0.67955106010597,5,0.603104509567777,0.677173259511303,0.573748829118159,0.608490566037736,0.539007092198582,0.664948453608247,0.477987421383648,0.60056657223796,0.60056657223796,0.589020473705339,0.688679245283019,0.48936170212766,0.669724770642202,0.511111111111111,0.590308443730764,0.599056603773585,0.581560283687943,0.682795698924731,0.491017964071856,5,3,9,0,0.650286309213951,0.384500114890634,fusion,Gao2018_TableS1,353,212,141,20261063,pooled inner out-of-fold AUROC,pooled inner out-of-fold balanced-accuracy optimum,outer out-of-fold AUROC,AUROC >= 0.60 after inner-AUROC component tuning,TRUE,0.00274320888532031,-0.0010705205406133,FALSE,FALSE,TRUE,FALSE
GigaSSL,fusion,LUAD,Any called fusion,0.562032581598933,0.497202736390515,0.831886268227571,6,0.548437590584961,0.820080459832166,0.540900921792568,0.528610354223433,0.553191489361702,0.822033898305085,0.231111111111111,0.796095444685466,0.796095444685466,0.472360716563279,0.912806539509537,0.0319148936170213,0.786384976525822,0.0857142857142857,0.549988405124935,0.62125340599455,0.478723404255319,0.823104693140794,0.244565217391304,3,1,13,0,0.616882821387941,1.89806783785888,fusion,Gao2018_TableS1,461,367,94,20261064,pooled inner out-of-fold AUROC,pooled inner out-of-fold balanced-accuracy optimum,outer out-of-fold AUROC,AUROC >= 0.60 after inner-AUROC component tuning,TRUE,-0.0135949910139715,0.0436981854020528,FALSE,FALSE,FALSE,TRUE
ProvGigaPath,fusion,LUAD,Any called fusion,0.566960403501652,0.531190213925445,0.822751657763044,10,0.567134326627631,0.829795082036603,0.543814134152705,0.438692098092643,0.648936170212766,0.829896907216495,0.228464419475655,0.796095444685466,0.796095444685466,0.527624789842889,0.863760217983651,0.191489361702128,0.806615776081425,0.264705882352941,0.555249579685779,0.727520435967302,0.382978723404255,0.821538461538462,0.264705882352941,14,1,19,0,0.595600907029478,2.17634080919127,fusion,Gao2018_TableS1,461,367,94,20261064,pooled inner out-of-fold AUROC,pooled inner out-of-fold balanced-accuracy optimum,outer out-of-fold AUROC,AUROC >= 0.60 after inner-AUROC component tuning,TRUE,0.000173923125978637,0.0126239202272596,FALSE,FALSE,FALSE,TRUE
TITAN,fusion,LUAD,Any called fusion,0.575511623862253,0.548640500898603,0.841927748437253,16,0.640703808916459,0.866717757688951,0.625949330395965,0.634877384196185,0.617021276595745,0.866171003717472,0.302083333333333,0.796095444685466,0.796095444685466,0.498637602179837,0.997275204359673,0,0.795652173913044,0,0.611934025160879,0.574931880108992,0.648936170212766,0.864754098360656,0.28110599078341,1,1,1,0,0.634667024704619,1.28299702699987,fusion,Gao2018_TableS1,461,367,94,20261064,pooled inner out-of-fold AUROC,pooled inner out-of-fold balanced-accuracy optimum,outer out-of-fold AUROC,AUROC >= 0.60 after inner-AUROC component tuning,TRUE,0.065192185054206,0.0773088294973621,FALSE,TRUE,TRUE,TRUE
GigaSSL,fusion,LUSC,Any called fusion,0.547954671088999,0.534307628524046,0.867844212474876,14,0.507808181315644,0.861430083789235,0.507462686567164,0.514925373134328,0.5,0.851851851851852,0.155844155844156,0.848101265822785,0.848101265822785,0.502383913764511,0.935323383084577,0.0694444444444445,0.848758465011287,0.161290322580645,0.483105306799337,0.646766169154229,0.319444444444444,0.841423948220065,0.139393939393939,8,1,11,0,0.532874241678964,2.26483330948614,fusion,Gao2018_TableS1,474,402,72,20261065,pooled inner out-of-fold AUROC,pooled inner out-of-fold balanced-accuracy optimum,outer out-of-fold AUROC,AUROC >= 0.60 after inner-AUROC component tuning,TRUE,-0.040146489773355,-0.0268449419568818,FALSE,FALSE,FALSE,TRUE
ProvGigaPath,fusion,LUSC,Any called fusion,0.58544085129906,0.55514096185738,0.87460798365808,7,0.551098673300166,0.86363890307606,0.563225538971808,0.654228855721393,0.472222222222222,0.87375415282392,0.196531791907514,0.848101265822785,0.848101265822785,0.51129767827529,0.925373134328358,0.0972222222222222,0.851258581235698,0.189189189189189,0.537106135986733,0.76865671641791,0.305555555555556,0.860724233983287,0.191304347826087,6,3,10,0,0.567579384598568,2.82401370156291,fusion,Gao2018_TableS1,474,402,72,20261065,pooled inner out-of-fold AUROC,pooled inner out-of-fold balanced-accuracy optimum,outer out-of-fold AUROC,AUROC >= 0.60 after inner-AUROC component tuning,TRUE,-0.0343421779988942,0.00808457711442756,FALSE,FALSE,FALSE,TRUE
TITAN,fusion,LUSC,Any called fusion,0.584231619679381,0.545708955223881,0.886410970578543,8,0.5702045328911,0.876915462176582,0.550476782752902,0.587064676616915,0.513888888888889,0.870848708487085,0.182266009852217,0.848101265822785,0.848101265822785,0.500414593698176,0.945273631840796,0.0555555555555556,0.848214285714286,0.153846153846154,0.567889718076285,0.621890547263682,0.513888888888889,0.87719298245614,0.195767195767196,1,1,15,0,0.609070464767616,1.4608723393203,fusion,Gao2018_TableS1,474,402,72,20261065,pooled inner out-of-fold AUROC,pooled inner out-of-fold balanced-accuracy optimum,outer out-of-fold AUROC,AUROC >= 0.60 after inner-AUROC component tuning,TRUE,-0.0140270867882809,0.00476782752902116,FALSE,FALSE,FALSE,TRUE
GigaSSL,fusion,MESO,Any called fusion,0.6136,0.54,0.778664901560796,2,0.6328,0.812524963915895,0.52,0.36,0.68,0.692307692307692,0.346938775510204,0.666666666666667,0.666666666666667,0.57,0.74,0.4,0.711538461538462,0.434782608695652,0.57,0.74,0.4,0.711538461538462,0.434782608695652,15,2,20,1,0.59375,999.767810783801,fusion,Gao2018_TableS1,75,50,25,20261066,pooled inner out-of-fold AUROC,pooled inner out-of-fold balanced-accuracy optimum,outer out-of-fold AUROC,AUROC >= 0.60 after inner-AUROC component tuning,TRUE,0.0192,-0.02,FALSE,FALSE,TRUE,TRUE
ProvGigaPath,fusion,MESO,Any called fusion,0.6288,0.61,0.767043530155378,5,0.6136,0.737766198284037,0.56,0.64,0.48,0.711111111111111,0.4,0.666666666666667,0.666666666666667,0.56,0.72,0.4,0.705882352941177,0.416666666666667,0.55,0.7,0.4,0.7,0.4,4,2,7,0,0.58125,1.8379129589633,fusion,Gao2018_TableS1,75,50,25,20261066,pooled inner out-of-fold AUROC,pooled inner out-of-fold balanced-accuracy optimum,outer out-of-fold AUROC,AUROC >= 0.60 after inner-AUROC component tuning,TRUE,-0.0152,-0.0499999999999999,TRUE,FALSE,TRUE,TRUE
TITAN,fusion,MESO,Any called fusion,0.5368,0.47,0.72976674920748,3,0.5416,0.729993498994938,0.52,0.4,0.64,0.689655172413793,0.347826086956522,0.666666666666667,0.666666666666667,0.47,0.7,0.24,0.648148148148148,0.285714285714286,0.52,0.6,0.44,0.681818181818182,0.354838709677419,2,1,11,0,0.67375,1.33067369114333,fusion,Gao2018_TableS1,75,50,25,20261066,pooled inner out-of-fold AUROC,pooled inner out-of-fold balanced-accuracy optimum,outer out-of-fold AUROC,AUROC >= 0.60 after inner-AUROC component tuning,TRUE,0.00479999999999992,0.05,FALSE,FALSE,FALSE,TRUE
GigaSSL,fusion,PAAD,Any called fusion,0.529457364341085,0.541214470284238,0.536007317852627,10,0.534237726098191,0.546619712706886,0.504005167958656,0.577777777777778,0.430232558139535,0.514851485148515,0.493333333333333,0.511363636363636,0.511363636363636,0.513178294573643,0.433333333333333,0.593023255813954,0.527027027027027,0.5,0.507622739018088,0.422222222222222,0.593023255813954,0.520547945205479,0.495145631067961,7,3,20,1,0.517109500805153,-2.00986906672038,fusion,Gao2018_TableS1,176,90,86,20261067,pooled inner out-of-fold AUROC,pooled inner out-of-fold balanced-accuracy optimum,outer out-of-fold AUROC,AUROC >= 0.60 after inner-AUROC component tuning,TRUE,0.00478036175710617,-0.0372093023255816,FALSE,FALSE,FALSE,TRUE
ProvGigaPath,fusion,PAAD,Any called fusion,0.529328165374677,0.528294573643411,0.542961500268802,10,0.527131782945737,0.533174078815658,0.488888888888889,0.477777777777778,0.5,0.5,0.477777777777778,0.511363636363636,0.511363636363636,0.528811369509044,0.511111111111111,0.546511627906977,0.541176470588235,0.516483516483517,0.534625322997416,0.511111111111111,0.558139534883721,0.547619047619048,0.521739130434783,12,6,17,0,0.528381642512077,1.09289299266874,fusion,Gao2018_TableS1,176,90,86,20261067,pooled inner out-of-fold AUROC,pooled inner out-of-fold balanced-accuracy optimum,outer out-of-fold AUROC,AUROC >= 0.60 after inner-AUROC component tuning,TRUE,-0.00219638242894049,-0.0394056847545221,FALSE,FALSE,FALSE,TRUE
TITAN,fusion,PAAD,Any called fusion,0.591989664082687,0.602067183462532,0.585325581640803,6,0.618475452196383,0.634934782736451,0.572222222222222,0.644444444444445,0.5,0.574257425742574,0.573333333333333,0.511363636363636,0.511363636363636,0.602325581395349,0.6,0.604651162790698,0.613636363636364,0.590909090909091,0.596770025839793,0.588888888888889,0.604651162790698,0.609195402298851,0.584269662921348,3,2,6,0,0.60024154589372,-0.350454266804713,fusion,Gao2018_TableS1,176,90,86,20261067,pooled inner out-of-fold AUROC,pooled inner out-of-fold balanced-accuracy optimum,outer out-of-fold AUROC,AUROC >= 0.60 after inner-AUROC component tuning,TRUE,0.0264857881136954,-0.0298449612403098,TRUE,FALSE,TRUE,TRUE
GigaSSL,fusion,PCPG,Any called fusion,0.515678488292483,0.526632890592907,0.422168774422665,12,0.493632753662878,0.403584498662912,0.511844447487334,0.656716417910448,0.36697247706422,0.389380530973451,0.634920634920635,0.380681818181818,0.380681818181818,0.481309051074901,0.402985074626866,0.559633027522936,0.36,0.603960396039604,0.489935642886485,0.447761194029851,0.532110091743119,0.37037037037037,0.610526315789474,17,2,20,1,0.586206896551724,-12.2849135920116,fusion,Gao2018_TableS1,176,67,109,20261068,pooled inner out-of-fold AUROC,pooled inner out-of-fold balanced-accuracy optimum,outer out-of-fold AUROC,AUROC >= 0.60 after inner-AUROC component tuning,TRUE,-0.0220457346296047,-0.0147884431055729,FALSE,FALSE,FALSE,TRUE
ProvGigaPath,fusion,PCPG,Any called fusion,0.511844447487334,0.481856771189922,0.398564768471663,5,0.58167876215254,0.426461866749147,0.588730658633438,0.746268656716418,0.431192660550459,0.446428571428571,0.734375,0.380681818181818,0.380681818181818,0.489250992742709,0.253731343283582,0.724770642201835,0.361702127659575,0.612403100775194,0.562234698069287,0.537313432835821,0.587155963302752,0.444444444444444,0.673684210526316,1,1,1,0,0.603661132396765,-0.986326101785261,fusion,Gao2018_TableS1,176,67,109,20261068,pooled inner out-of-fold AUROC,pooled inner out-of-fold balanced-accuracy optimum,outer out-of-fold AUROC,AUROC >= 0.60 after inner-AUROC component tuning,TRUE,0.0698343146652061,0.106873887443516,FALSE,FALSE,FALSE,TRUE
TITAN,fusion,PCPG,Any called fusion,0.557989867177872,0.546693139805559,0.419727730643304,10,0.521703409557716,0.388165500904518,0.498014514583048,0.537313432835821,0.458715596330275,0.378947368421053,0.617283950617284,0.380681818181818,0.380681818181818,0.478365055456662,0.26865671641791,0.688073394495413,0.346153846153846,0.604838709677419,0.49678214432425,0.388059701492537,0.605504587155963,0.376811594202899,0.616822429906542,9,2,13,0,0.615581098339719,-1.09053670462059,fusion,Gao2018_TableS1,176,67,109,20261068,pooled inner out-of-fold AUROC,pooled inner out-of-fold balanced-accuracy optimum,outer out-of-fold AUROC,AUROC >= 0.60 after inner-AUROC component tuning,TRUE,-0.036286457620156,-0.0486786252225109,FALSE,FALSE,FALSE,TRUE
GigaSSL,fusion,PRAD,Any called fusion,0.538226895119419,0.501168224299065,0.884256159923795,13,0.469106957424715,0.870444885274255,0.485591900311527,0.554517133956386,0.416666666666667,0.864077669902913,0.122699386503067,0.869918699186992,0.869918699186992,0.479264018691589,0.937694704049844,0.0208333333333333,0.864942528735632,0.0476190476190476,0.446261682242991,0.725856697819315,0.166666666666667,0.853479853479854,0.0833333333333333,5,1,20,2,0.589698955560107,2.78154868544503,fusion,Gao2018_TableS1,369,321,48,20261069,pooled inner out-of-fold AUROC,pooled inner out-of-fold balanced-accuracy optimum,outer out-of-fold AUROC,AUROC >= 0.60 after inner-AUROC component tuning,TRUE,-0.0691199376947046,-0.0155763239875386,FALSE,FALSE,FALSE,TRUE
ProvGigaPath,fusion,PRAD,Any called fusion,0.518626687435099,0.504283489096573,0.877687726880177,4,0.610786604361371,0.899533318402581,0.593555295950156,0.457943925233645,0.729166666666667,0.91875,0.167464114832536,0.869918699186992,0.869918699186992,0.5,1,0,0.869918699186992,,0.572527258566978,0.582554517133956,0.5625,0.899038461538462,0.167701863354037,1,1,1,0,0.605777138157895,2.34435927834476,fusion,Gao2018_TableS1,369,321,48,20261069,pooled inner out-of-fold AUROC,pooled inner out-of-fold balanced-accuracy optimum,outer out-of-fold AUROC,AUROC >= 0.60 after inner-AUROC component tuning,TRUE,0.0921599169262717,0.0892718068535828,FALSE,FALSE,TRUE,TRUE
TITAN,fusion,PRAD,Any called fusion,0.530893042575286,0.528816199376947,0.8743122829498,13,0.550103842159917,0.889351295916807,0.583528037383178,0.542056074766355,0.625,0.90625,0.169491525423729,0.869918699186992,0.869918699186992,0.511000778816199,0.959501557632399,0.0625,0.872521246458924,0.1875,0.551109813084112,0.623052959501558,0.479166666666667,0.888888888888889,0.159722222222222,1,1,15,0,0.606702302631579,1.96081042222004,fusion,Gao2018_TableS1,369,321,48,20261069,pooled inner out-of-fold AUROC,pooled inner out-of-fold balanced-accuracy optimum,outer out-of-fold AUROC,AUROC >= 0.60 after inner-AUROC component tuning,TRUE,0.0192107995846309,0.0547118380062305,FALSE,FALSE,FALSE,TRUE
GigaSSL,fusion,PRAD,Fusion pair: TMPRSS2--ERG,0.56650558743582,0.547327091513138,0.503469538941606,7,0.605859257022048,0.526185254763938,0.544865599516762,0.512987012987013,0.576744186046512,0.464705882352941,0.623115577889447,0.417344173441734,0.417344173441734,0.560797342192691,0.428571428571429,0.693023255813954,0.5,0.628691983122363,0.571322863183328,0.551948051948052,0.590697674418605,0.491329479768786,0.647959183673469,4,2,8,0,0.613934733683421,-0.631580140753845,recurrent_fusion_pair,Gao2018_TableS1,369,154,215,20261070,pooled inner out-of-fold AUROC,pooled inner out-of-fold balanced-accuracy optimum,outer out-of-fold AUROC,AUROC >= 0.60 after inner-AUROC component tuning,TRUE,0.0393536695862277,-0.00246149199637558,FALSE,FALSE,TRUE,TRUE
ProvGigaPath,fusion,PRAD,Fusion pair: TMPRSS2--ERG,0.617849592268197,0.584400483237693,0.502613880902904,10,0.631682271217155,0.522619796190352,0.587858652974932,0.701298701298701,0.474418604651163,0.48868778280543,0.689189189189189,0.417344173441734,0.417344173441734,0.558909694956207,0.448051948051948,0.669767441860465,0.492857142857143,0.62882096069869,0.574569616430082,0.558441558441558,0.590697674418605,0.494252873563218,0.651282051282051,5,5,6,0,0.640291170353564,-1.01181784444467,recurrent_fusion_pair,Gao2018_TableS1,369,154,215,20261070,pooled inner out-of-fold AUROC,pooled inner out-of-fold balanced-accuracy optimum,outer out-of-fold AUROC,AUROC >= 0.60 after inner-AUROC component tuning,TRUE,0.0138326789489579,0.00345816973723911,FALSE,FALSE,TRUE,TRUE
TITAN,fusion,PRAD,Fusion pair: TMPRSS2--ERG,0.638205980066445,0.615025672002416,0.530854972358387,9,0.653035336756267,0.543809030160974,0.616203563877983,0.720779220779221,0.511627906976744,0.513888888888889,0.718954248366013,0.417344173441734,0.417344173441734,0.600634249471459,0.545454545454545,0.655813953488372,0.531645569620253,0.66824644549763,0.611250377529447,0.603896103896104,0.618604651162791,0.531428571428572,0.685567010309278,10,3,12,0,0.661041784836453,-1.44086471309864,recurrent_fusion_pair,Gao2018_TableS1,369,154,215,20261070,pooled inner out-of-fold AUROC,pooled inner out-of-fold balanced-accuracy optimum,outer out-of-fold AUROC,AUROC >= 0.60 after inner-AUROC component tuning,TRUE,0.014829356689822,0.00117789187556649,TRUE,TRUE,TRUE,TRUE
GigaSSL,fusion,READ,Any called fusion,0.37070938215103,0.372234935163997,0.664136884333997,7,0.356979405034325,0.668607426292562,0.458047292143402,0.350877192982456,0.565217391304348,0.666666666666667,0.26,0.7125,0.7125,0.376811594202899,0.666666666666667,0.0869565217391304,0.64406779661017,0.0952380952380952,0.389397406559878,0.56140350877193,0.217391304347826,0.64,0.166666666666667,3,1,20,1,0.501207729468599,3.43871695995238,fusion,Gao2018_TableS1,80,57,23,20261071,pooled inner out-of-fold AUROC,pooled inner out-of-fold balanced-accuracy optimum,outer out-of-fold AUROC,AUROC >= 0.60 after inner-AUROC component tuning,TRUE,-0.013729977116705,0.0858123569794049,FALSE,FALSE,FALSE,TRUE
ProvGigaPath,fusion,READ,Any called fusion,0.387490465293669,0.420289855072464,0.655267042955417,2,0.372234935163997,0.63950946387067,0.400839054157132,0.192982456140351,0.608695652173913,0.55,0.233333333333333,0.7125,0.7125,0.429061784897025,0.68421052631579,0.173913043478261,0.672413793103448,0.181818181818182,0.459191456903127,0.614035087719298,0.304347826086957,0.686274509803922,0.241379310344828,2,1,19,0,0.491990846681922,4.00072152633974,fusion,Gao2018_TableS1,80,57,23,20261071,pooled inner out-of-fold AUROC,pooled inner out-of-fold balanced-accuracy optimum,outer out-of-fold AUROC,AUROC >= 0.60 after inner-AUROC component tuning,TRUE,-0.015255530129672,-0.0194508009153321,FALSE,FALSE,FALSE,FALSE
TITAN,fusion,READ,Any called fusion,0.575133485888635,0.572845156369184,0.74035564670367,3,0.624713958810069,0.80578671334932,0.58047292143402,0.508771929824562,0.652173913043478,0.783783783783784,0.348837209302326,0.7125,0.7125,0.551106025934401,0.754385964912281,0.347826086956522,0.741379310344828,0.363636363636364,0.577040427154844,0.719298245614035,0.434782608695652,0.759259259259259,0.384615384615385,3,2,5,0,0.610983981693364,2.07521816474579,fusion,Gao2018_TableS1,80,57,23,20261071,pooled inner out-of-fold AUROC,pooled inner out-of-fold balanced-accuracy optimum,outer out-of-fold AUROC,AUROC >= 0.60 after inner-AUROC component tuning,TRUE,0.0495804729214336,0.00762776506483587,FALSE,FALSE,TRUE,FALSE
GigaSSL,fusion,SARC,Any called fusion,0.522247942386831,0.523148148148148,0.851075633468278,15,0.653549382716049,0.925204515488635,0.615740740740741,0.481481481481482,0.75,0.920353982300885,0.194244604316547,0.857142857142857,0.857142857142857,0.506944444444445,0.986111111111111,0.0277777777777778,0.858870967741936,0.25,0.604166666666667,0.625,0.583333333333333,0.9,0.205882352941176,1,1,1,0,0.642814430934822,2.33741196467661,fusion,Gao2018_TableS1,252,216,36,20261072,pooled inner out-of-fold AUROC,pooled inner out-of-fold balanced-accuracy optimum,outer out-of-fold AUROC,AUROC >= 0.60 after inner-AUROC component tuning,TRUE,0.131301440329218,0.0925925925925927,FALSE,TRUE,TRUE,TRUE
ProvGigaPath,fusion,SARC,Any called fusion,0.530606995884774,0.548611111111111,0.853704377880932,6,0.56738683127572,0.87758030541485,0.520833333333333,0.597222222222222,0.444444444444444,0.865771812080537,0.155339805825243,0.857142857142857,0.857142857142857,0.548611111111111,0.958333333333333,0.138888888888889,0.869747899159664,0.357142857142857,0.537037037037037,0.685185185185185,0.388888888888889,0.870588235294118,0.170731707317073,1,1,4,0,0.662945983655571,1.80844156344914,fusion,Gao2018_TableS1,252,216,36,20261072,pooled inner out-of-fold AUROC,pooled inner out-of-fold balanced-accuracy optimum,outer out-of-fold AUROC,AUROC >= 0.60 after inner-AUROC component tuning,TRUE,0.0367798353909462,-0.0277777777777778,FALSE,FALSE,FALSE,TRUE
TITAN,fusion,SARC,Any called fusion,0.657921810699588,0.608796296296296,0.913781285064128,14,0.585905349794239,0.88679777647968,0.583333333333333,0.638888888888889,0.527777777777778,0.890322580645161,0.195876288659794,0.857142857142857,0.857142857142857,0.511574074074074,0.967592592592593,0.0555555555555556,0.860082304526749,0.222222222222222,0.594907407407407,0.717592592592593,0.472222222222222,0.890804597701149,0.217948717948718,1,1,7,0,0.706398245963723,2.15763361354106,fusion,Gao2018_TableS1,252,216,36,20261072,pooled inner out-of-fold AUROC,pooled inner out-of-fold balanced-accuracy optimum,outer out-of-fold AUROC,AUROC >= 0.60 after inner-AUROC component tuning,TRUE,-0.0720164609053493,-0.0254629629629627,TRUE,FALSE,FALSE,TRUE
GigaSSL,fusion,SKCM,Any called fusion,0.517748478701826,0.525354969574036,0.735669890714649,9,0.518762677484787,0.740790876602672,0.479462474645031,0.338235294117647,0.620689655172414,0.676470588235294,0.285714285714286,0.701030927835052,0.701030927835052,0.500760649087221,0.691176470588235,0.310344827586207,0.701492537313433,0.3,0.493407707910751,0.676470588235294,0.310344827586207,0.696969696969697,0.290322580645161,9,5,19,0,0.525764895330113,5.00774453429977,fusion,Gao2018_TableS1,97,68,29,20261073,pooled inner out-of-fold AUROC,pooled inner out-of-fold balanced-accuracy optimum,outer out-of-fold AUROC,AUROC >= 0.60 after inner-AUROC component tuning,TRUE,0.00101419878296094,-0.0458924949290056,FALSE,FALSE,FALSE,FALSE
ProvGigaPath,fusion,SKCM,Any called fusion,0.467545638945233,0.424442190669371,0.678421023845516,5,0.482758620689655,0.698425763468143,0.473630831643002,0.705882352941177,0.241379310344828,0.685714285714286,0.259259259259259,0.701030927835052,0.701030927835052,0.490872210953347,0.705882352941177,0.275862068965517,0.695652173913044,0.285714285714286,0.490872210953347,0.705882352941177,0.275862068965517,0.695652173913044,0.285714285714286,9,4,19,0,0.508333333333333,-20.4700638557193,fusion,Gao2018_TableS1,97,68,29,20261073,pooled inner out-of-fold AUROC,pooled inner out-of-fold balanced-accuracy optimum,outer out-of-fold AUROC,AUROC >= 0.60 after inner-AUROC component tuning,TRUE,0.0152129817444222,0.0491886409736311,FALSE,FALSE,FALSE,TRUE
TITAN,fusion,SKCM,Any called fusion,0.394523326572008,0.45157200811359,0.651594423267213,6,0.430020283975659,0.695478595103923,0.474137931034483,0.5,0.448275862068966,0.68,0.276595744680851,0.701030927835052,0.701030927835052,0.505324543610548,0.838235294117647,0.172413793103448,0.703703703703704,0.3125,0.476419878296146,0.573529411764706,0.379310344827586,0.68421052631579,0.275,2,1,9,0,0.56682769726248,0.595884401685758,fusion,Gao2018_TableS1,97,68,29,20261073,pooled inner out-of-fold AUROC,pooled inner out-of-fold balanced-accuracy optimum,outer out-of-fold AUROC,AUROC >= 0.60 after inner-AUROC component tuning,TRUE,0.0354969574036512,0.0225659229208928,FALSE,FALSE,FALSE,TRUE
GigaSSL,fusion,STAD,Any called fusion,0.484543010752688,0.521994134897361,0.666059823712919,10,0.512463343108504,0.668911525195268,0.485092864125122,0.424731182795699,0.545454545454545,0.663865546218487,0.309677419354839,0.678832116788321,0.678832116788321,0.499816715542522,0.806451612903226,0.193181818181818,0.678733031674208,0.320754716981132,0.514601661779081,0.586021505376344,0.443181818181818,0.689873417721519,0.336206896551724,4,1,7,0,0.599712368168744,1.18327248540634,fusion,Gao2018_TableS1,274,186,88,20261074,pooled inner out-of-fold AUROC,pooled inner out-of-fold balanced-accuracy optimum,outer out-of-fold AUROC,AUROC >= 0.60 after inner-AUROC component tuning,TRUE,0.0279203323558164,-0.0369012707722388,FALSE,FALSE,FALSE,TRUE
ProvGigaPath,fusion,STAD,Any called fusion,0.488391984359726,0.477517106549365,0.678295669446334,16,0.480266373411535,0.673824093749417,0.523093841642229,0.387096774193548,0.659090909090909,0.705882352941177,0.337209302325581,0.678832116788321,0.678832116788321,0.463098729227762,0.698924731182796,0.227272727272727,0.656565656565657,0.263157894736842,0.508675464320626,0.494623655913979,0.522727272727273,0.686567164179104,0.328571428571429,4,1,16,0,0.571812080536913,1.28661438733691,fusion,Gao2018_TableS1,274,186,88,20261074,pooled inner out-of-fold AUROC,pooled inner out-of-fold balanced-accuracy optimum,outer out-of-fold AUROC,AUROC >= 0.60 after inner-AUROC component tuning,TRUE,-0.00812561094819125,0.0455767350928637,FALSE,FALSE,FALSE,TRUE
TITAN,fusion,STAD,Any called fusion,0.584738514173998,0.553946725317693,0.748776734435292,5,0.541300097751711,0.691727458315365,0.526331867057674,0.473118279569893,0.579545454545455,0.704,0.342281879194631,0.678832116788321,0.678832116788321,0.536595796676442,0.811827956989247,0.261363636363636,0.699074074074074,0.396551724137931,0.550158846529814,0.634408602150538,0.465909090909091,0.715151515151515,0.376146788990826,1,1,7,0,0.613857642499291,1.00241865785893,fusion,Gao2018_TableS1,274,186,88,20261074,pooled inner out-of-fold AUROC,pooled inner out-of-fold balanced-accuracy optimum,outer out-of-fold AUROC,AUROC >= 0.60 after inner-AUROC component tuning,TRUE,-0.0434384164222874,-0.0276148582600194,FALSE,FALSE,FALSE,TRUE
GigaSSL,fusion,TGCT,Any called fusion,0.569868173258004,0.548399246704332,0.453224135375291,10,0.545574387947269,0.437918605777377,0.523540489642185,0.491525423728814,0.555555555555556,0.420289855072464,0.625,0.395973154362416,0.395973154362416,0.505743879472693,0.355932203389831,0.655555555555556,0.403846153846154,0.608247422680412,0.52909604519774,0.491525423728814,0.566666666666667,0.426470588235294,0.62962962962963,10,2,12,0,0.632683215130024,-0.505334132854809,fusion,Gao2018_TableS1,149,59,90,20261075,pooled inner out-of-fold AUROC,pooled inner out-of-fold balanced-accuracy optimum,outer out-of-fold AUROC,AUROC >= 0.60 after inner-AUROC component tuning,TRUE,-0.0242937853107347,-0.0248587570621475,FALSE,FALSE,FALSE,FALSE
ProvGigaPath,fusion,TGCT,Any called fusion,0.528060263653484,0.528531073446328,0.433447970290107,5,0.519020715630885,0.427497891718595,0.501883239171375,0.559322033898305,0.444444444444444,0.397590361445783,0.606060606060606,0.395973154362416,0.395973154362416,0.528531073446328,0.423728813559322,0.633333333333333,0.431034482758621,0.626373626373626,0.509227871939736,0.440677966101695,0.577777777777778,0.40625,0.611764705882353,5,3,19,0,0.581597222222222,-1.4354590015665,fusion,Gao2018_TableS1,149,59,90,20261075,pooled inner out-of-fold AUROC,pooled inner out-of-fold balanced-accuracy optimum,outer out-of-fold AUROC,AUROC >= 0.60 after inner-AUROC component tuning,TRUE,-0.00903954802259888,-0.0266478342749532,FALSE,FALSE,FALSE,FALSE
TITAN,fusion,TGCT,Any called fusion,0.543502824858757,0.525612052730697,0.406551094556924,3,0.565348399246704,0.43699516521234,0.524952919020716,0.661016949152542,0.388888888888889,0.414893617021277,0.636363636363636,0.395973154362416,0.395973154362416,0.511016949152542,0.322033898305085,0.7,0.41304347826087,0.611650485436893,0.57090395480226,0.508474576271186,0.633333333333333,0.476190476190476,0.662790697674419,2,2,9,0,0.601950354609929,-1.1073110671874,fusion,Gao2018_TableS1,149,59,90,20261075,pooled inner out-of-fold AUROC,pooled inner out-of-fold balanced-accuracy optimum,outer out-of-fold AUROC,AUROC >= 0.60 after inner-AUROC component tuning,TRUE,0.0218455743879473,-0.000659133709981385,FALSE,FALSE,FALSE,TRUE
GigaSSL,fusion,THCA,Any called fusion,0.619347812428006,0.578507550212579,0.392710058288425,10,0.666429304458919,0.448529271751216,0.640448614572643,0.578947368421053,0.701949860724234,0.418478260869565,0.818181818181818,0.270325203252033,0.270325203252033,0.574758623578445,0.233082706766917,0.916434540389972,0.508196721311475,0.763341067285383,0.635160324208851,0.548872180451128,0.721448467966574,0.421965317919075,0.811912225705329,3,2,4,0,0.670567352573795,-1.13504309894726,fusion,Gao2018_TableS1,492,133,359,20261076,pooled inner out-of-fold AUROC,pooled inner out-of-fold balanced-accuracy optimum,outer out-of-fold AUROC,AUROC >= 0.60 after inner-AUROC component tuning,TRUE,0.0470814920309129,0.0619410643600643,FALSE,TRUE,TRUE,TRUE
ProvGigaPath,fusion,THCA,Any called fusion,0.678869876641464,0.637830649046013,0.475023666058702,4,0.691017236685027,0.503982967005778,0.607713573627662,0.616541353383459,0.598885793871866,0.36283185840708,0.808270676691729,0.270325203252033,0.270325203252033,0.60483381154837,0.293233082706767,0.916434540389972,0.565217391304348,0.777777777777778,0.664261629002869,0.601503759398496,0.727019498607242,0.449438202247191,0.831210191082803,2,2,3,0,0.687792056074766,-1.51335471344143,fusion,Gao2018_TableS1,492,133,359,20261076,pooled inner out-of-fold AUROC,pooled inner out-of-fold balanced-accuracy optimum,outer out-of-fold AUROC,AUROC >= 0.60 after inner-AUROC component tuning,TRUE,0.0121473600435633,-0.0301170754183506,TRUE,TRUE,TRUE,TRUE
TITAN,fusion,THCA,Any called fusion,0.661486585544642,0.626960856179446,0.4275921451867,12,0.662889815066915,0.427129057285513,0.632657549165393,0.518796992481203,0.746518105849582,0.43125,0.807228915662651,0.270325203252033,0.270325203252033,0.618468176011058,0.398496240601504,0.838440111420613,0.477477477477478,0.79002624671916,0.631264791505226,0.518796992481203,0.743732590529248,0.428571428571429,0.806646525679758,12,5,16,0,0.73506138265655,-1.06042116220608,fusion,Gao2018_TableS1,492,133,359,20261076,pooled inner out-of-fold AUROC,pooled inner out-of-fold balanced-accuracy optimum,outer out-of-fold AUROC,AUROC >= 0.60 after inner-AUROC component tuning,TRUE,0.00140322952227323,0.00569669298594666,TRUE,TRUE,TRUE,FALSE
GigaSSL,fusion,THCA,Fusion pair: CCDC6--RET,0.611864406779661,0.514406779661017,0.0704172161062626,14,0.626800847457627,0.0626532926327425,0.668220338983051,0.65,0.686440677966102,0.0807453416149068,0.978851963746223,0.040650406504065,0.040650406504065,0.49364406779661,0,0.98728813559322,0,0.958847736625514,0.56843220338983,0.3,0.836864406779661,0.072289156626506,0.965770171149144,3,2,18,0,0.69512599469496,-3.98135808171278,recurrent_fusion_pair,Gao2018_TableS1,492,20,472,20261077,pooled inner out-of-fold AUROC,pooled inner out-of-fold balanced-accuracy optimum,outer out-of-fold AUROC,AUROC >= 0.60 after inner-AUROC component tuning,TRUE,0.0149364406779661,0.153813559322034,FALSE,TRUE,TRUE,TRUE
ProvGigaPath,fusion,THCA,Fusion pair: CCDC6--RET,0.591525423728814,0.515466101694915,0.112485612244538,6,0.566737288135593,0.0557857267761879,0.571610169491525,0.55,0.593220338983051,0.0541871921182266,0.968858131487889,0.040650406504065,0.040650406504065,0.486228813559322,0,0.972457627118644,0,0.958246346555324,0.516737288135593,0.15,0.883474576271187,0.0517241379310345,0.960829493087558,4,3,18,0,0.740740740740741,-6.00333610877682,recurrent_fusion_pair,Gao2018_TableS1,492,20,472,20261077,pooled inner out-of-fold AUROC,pooled inner out-of-fold balanced-accuracy optimum,outer out-of-fold AUROC,AUROC >= 0.60 after inner-AUROC component tuning,TRUE,-0.0247881355932208,0.0561440677966104,FALSE,FALSE,FALSE,TRUE
TITAN,fusion,THCA,Fusion pair: CCDC6--RET,0.818114406779661,0.638347457627119,0.294100386281731,9,0.80593220338983,0.309997904639643,0.745762711864407,0.75,0.741525423728814,0.109489051094891,0.985915492957746,0.040650406504065,0.040650406504065,0.592584745762712,0.2,0.985169491525424,0.363636363636364,0.966735966735967,0.733686440677966,0.55,0.917372881355932,0.22,0.979638009049774,6,3,9,0,0.842175066312997,-6.04046430119969,recurrent_fusion_pair,Gao2018_TableS1,492,20,472,20261077,pooled inner out-of-fold AUROC,pooled inner out-of-fold balanced-accuracy optimum,outer out-of-fold AUROC,AUROC >= 0.60 after inner-AUROC component tuning,TRUE,-0.0121822033898304,0.107415254237288,TRUE,TRUE,TRUE,TRUE
GigaSSL,fusion,THYM,Any called fusion,0.575154730327144,0.552387267904509,0.281323465781828,7,0.650309460654288,0.448573777967654,0.627763041556145,0.692307692307692,0.563218390804598,0.321428571428571,0.859649122807018,0.230088495575221,0.230088495575221,0.596595932802829,0.423076923076923,0.770114942528736,0.354838709677419,0.817073170731707,0.592838196286472,0.461538461538462,0.724137931034483,0.333333333333333,0.818181818181818,7,7,8,0,0.648550724637681,-4.47997647030957,fusion,Gao2018_TableS1,113,26,87,20261078,pooled inner out-of-fold AUROC,pooled inner out-of-fold balanced-accuracy optimum,outer out-of-fold AUROC,AUROC >= 0.60 after inner-AUROC component tuning,TRUE,0.0751547303271441,0.0753757736516361,FALSE,TRUE,TRUE,FALSE
ProvGigaPath,fusion,THYM,Any called fusion,0.52343059239611,0.519672855879752,0.25124252882505,4,0.571618037135279,0.298797157863078,0.503094606542882,0.615384615384615,0.390804597701149,0.231884057971015,0.772727272727273,0.230088495575221,0.230088495575221,0.50419982316534,0.192307692307692,0.816091954022989,0.238095238095238,0.771739130434783,0.552608311229001,0.461538461538462,0.64367816091954,0.27906976744186,0.8,1,1,3,0,0.620427881297447,-2.27039031216023,fusion,Gao2018_TableS1,113,26,87,20261078,pooled inner out-of-fold AUROC,pooled inner out-of-fold balanced-accuracy optimum,outer out-of-fold AUROC,AUROC >= 0.60 after inner-AUROC component tuning,TRUE,0.0481874447391685,-0.0165782493368696,FALSE,FALSE,FALSE,TRUE
TITAN,fusion,THYM,Any called fusion,0.532272325375774,0.517683465959328,0.289374533358059,5,0.569407603890363,0.334445421054685,0.576038903625111,0.692307692307692,0.459770114942529,0.276923076923077,0.833333333333333,0.230088495575221,0.230088495575221,0.534924845269673,0.230769230769231,0.839080459770115,0.3,0.78494623655914,0.533377541998232,0.423076923076923,0.64367816091954,0.261904761904762,0.788732394366197,4,1,16,0,0.638405797101449,-1.98072510760068,fusion,Gao2018_TableS1,113,26,87,20261078,pooled inner out-of-fold AUROC,pooled inner out-of-fold balanced-accuracy optimum,outer out-of-fold AUROC,AUROC >= 0.60 after inner-AUROC component tuning,TRUE,0.0371352785145885,0.0583554376657826,FALSE,FALSE,FALSE,TRUE
GigaSSL,fusion,UCEC,Any called fusion,0.667534722222222,0.625,0.684295300760414,2,0.661458333333333,0.672168558983152,0.623611111111111,0.525,0.722222222222222,0.67741935483871,0.577777777777778,0.526315789473684,0.526315789473684,0.638194444444444,0.6375,0.638888888888889,0.662337662337662,0.613333333333333,0.659722222222222,0.625,0.694444444444445,0.694444444444445,0.625,2,2,19,0,0.703663793103448,0.361374865195635,fusion,Gao2018_TableS1,152,80,72,20261079,pooled inner out-of-fold AUROC,pooled inner out-of-fold balanced-accuracy optimum,outer out-of-fold AUROC,AUROC >= 0.60 after inner-AUROC component tuning,TRUE,-0.00607638888888862,-0.00138888888888888,TRUE,TRUE,TRUE,FALSE
ProvGigaPath,fusion,UCEC,Any called fusion,0.697916666666667,0.654166666666667,0.728904648624896,3,0.705381944444445,0.743831698037789,0.625694444444445,0.6125,0.638888888888889,0.653333333333333,0.597402597402597,0.526315789473684,0.526315789473684,0.645833333333333,0.625,0.666666666666667,0.675675675675676,0.615384615384615,0.659722222222222,0.625,0.694444444444445,0.694444444444445,0.625,3,2,3,0,0.714089912280702,0.260046901084721,fusion,Gao2018_TableS1,152,80,72,20261079,pooled inner out-of-fold AUROC,pooled inner out-of-fold balanced-accuracy optimum,outer out-of-fold AUROC,AUROC >= 0.60 after inner-AUROC component tuning,TRUE,0.0074652777777775,-0.0284722222222226,TRUE,TRUE,TRUE,FALSE
TITAN,fusion,UCEC,Any called fusion,0.833333333333333,0.736111111111111,0.816456981918835,2,0.859375,0.81337771699175,0.752083333333333,0.7125,0.791666666666667,0.791666666666667,0.7125,0.526315789473684,0.526315789473684,0.770833333333333,0.75,0.791666666666667,0.8,0.74025974025974,0.765277777777778,0.725,0.805555555555556,0.805555555555556,0.725,2,2,5,0,0.855603448275862,-0.459928981184852,fusion,Gao2018_TableS1,152,80,72,20261079,pooled inner out-of-fold AUROC,pooled inner out-of-fold balanced-accuracy optimum,outer out-of-fold AUROC,AUROC >= 0.60 after inner-AUROC component tuning,TRUE,0.026041666666667,0.0159722222222223,TRUE,TRUE,TRUE,FALSE
GigaSSL,microsatellite_instability,COAD,MSI-H (MANTIS >0.4),0.791279547124152,0.735577546346312,0.599331246473238,6,0.777364850265762,0.532970207557274,0.734173112657189,0.698630136986301,0.769716088328076,0.411290322580645,0.917293233082707,0.187179487179487,0.187179487179487,0.712415193811849,0.506849315068493,0.917981072555205,0.587301587301587,0.889908256880734,0.735123806231364,0.602739726027397,0.867507886435331,0.511627906976744,0.904605263157895,13,6,15,0,0.840008145533533,-2.10986106574512,microsatellite_instability,Bonneville2017_cBioPortal,390,73,317,20261080,pooled inner out-of-fold AUROC,pooled inner out-of-fold balanced-accuracy optimum,outer out-of-fold AUROC,AUROC >= 0.60 after inner-AUROC component tuning,TRUE,-0.01391469685839,-0.00140443368912346,TRUE,TRUE,TRUE,TRUE
ProvGigaPath,microsatellite_instability,COAD,MSI-H (MANTIS >0.4),0.817337193725422,0.693941489131844,0.620052716476492,4,0.821572101464932,0.617717687372521,0.764184780260144,0.73972602739726,0.788643533123028,0.446280991735537,0.929368029739777,0.187179487179487,0.187179487179487,0.687092174063351,0.424657534246575,0.949526813880126,0.659574468085106,0.877551020408163,0.763558186768074,0.643835616438356,0.883280757097792,0.55952380952381,0.915032679738562,4,3,8,0,0.832492844486847,-2.26163502418867,microsatellite_instability,Bonneville2017_cBioPortal,390,73,317,20261080,pooled inner out-of-fold AUROC,pooled inner out-of-fold balanced-accuracy optimum,outer out-of-fold AUROC,AUROC >= 0.60 after inner-AUROC component tuning,TRUE,0.00423490773951041,0.0702432911283003,TRUE,TRUE,TRUE,FALSE
TITAN,microsatellite_instability,COAD,MSI-H (MANTIS >0.4),0.807830257983665,0.725573657145326,0.570400932616544,9,0.841018106391254,0.660586475594068,0.770990881984357,0.712328767123288,0.829652996845426,0.490566037735849,0.926056338028169,0.187179487179487,0.187179487179487,0.731342638606802,0.506849315068493,0.955835962145111,0.725490196078431,0.893805309734513,0.775182576379586,0.698630136986301,0.851735015772871,0.520408163265306,0.924657534246575,4,3,7,0,0.841569372793918,-1.51714608527998,microsatellite_instability,Bonneville2017_cBioPortal,390,73,317,20261080,pooled inner out-of-fold AUROC,pooled inner out-of-fold balanced-accuracy optimum,outer out-of-fold AUROC,AUROC >= 0.60 after inner-AUROC component tuning,TRUE,0.0331878484075886,0.0454172248390308,TRUE,TRUE,TRUE,TRUE
GigaSSL,microsatellite_instability,STAD,MSI-H (MANTIS >0.4),0.758437134035984,0.69280315128287,0.458397268544312,4,0.78867241562866,0.49066466879975,0.723384435217715,0.661290322580645,0.785478547854785,0.386792452830189,0.918918918918919,0.16986301369863,0.16986301369863,0.673373788991802,0.419354838709677,0.927392739273927,0.541666666666667,0.886435331230284,0.739886085382732,0.661290322580645,0.818481848184818,0.427083333333333,0.921933085501859,3,3,4,0,0.799207286220273,-1.76800201102634,microsatellite_instability,Bonneville2017_cBioPortal,365,62,303,20261081,pooled inner out-of-fold AUROC,pooled inner out-of-fold balanced-accuracy optimum,outer out-of-fold AUROC,AUROC >= 0.60 after inner-AUROC component tuning,TRUE,0.0302352815926756,0.0305812839348453,TRUE,TRUE,TRUE,TRUE
ProvGigaPath,microsatellite_instability,STAD,MSI-H (MANTIS >0.4),0.80533375918237,0.692430533375918,0.491351945499218,4,0.809219631640583,0.494748162393564,0.74720536569786,0.741935483870968,0.752475247524752,0.380165289256198,0.934426229508197,0.16986301369863,0.16986301369863,0.713510060683488,0.516129032258065,0.910891089108911,0.542372881355932,0.901960784313725,0.734030661130629,0.596774193548387,0.871287128712871,0.486842105263158,0.913494809688581,4,3,19,0,0.851358024691358,-3.45416917760784,microsatellite_instability,Bonneville2017_cBioPortal,365,62,303,20261081,pooled inner out-of-fold AUROC,pooled inner out-of-fold balanced-accuracy optimum,outer out-of-fold AUROC,AUROC >= 0.60 after inner-AUROC component tuning,TRUE,0.00388587245821337,0.0547748323219421,TRUE,TRUE,TRUE,FALSE
TITAN,microsatellite_instability,STAD,MSI-H (MANTIS >0.4),0.862344298946024,0.727988927925051,0.604281920346178,8,0.887788778877888,0.600494216932656,0.81978601085915,0.887096774193548,0.752475247524752,0.423076923076923,0.970212765957447,0.16986301369863,0.16986301369863,0.752368785265623,0.580645161290323,0.924092409240924,0.610169491525424,0.915032679738562,0.796524007239434,0.758064516129032,0.834983498349835,0.484536082474227,0.944029850746269,5,3,6,0,0.898212177432957,-2.6122470006757,microsatellite_instability,Bonneville2017_cBioPortal,365,62,303,20261081,pooled inner out-of-fold AUROC,pooled inner out-of-fold balanced-accuracy optimum,outer out-of-fold AUROC,AUROC >= 0.60 after inner-AUROC component tuning,TRUE,0.0254444799318637,0.0917970829340994,TRUE,TRUE,TRUE,TRUE
GigaSSL,microsatellite_instability,UCEC,MSI-H (MANTIS >0.4),0.590176396062762,0.535376668940649,0.380795193916616,5,0.632258064516129,0.397226598055752,0.593304746126109,0.703225806451613,0.483383685800604,0.389285714285714,0.776699029126214,0.318930041152263,0.318930041152263,0.555014131176299,0.258064516129032,0.851963746223565,0.449438202247191,0.710327455919396,0.582477341389728,0.6,0.564954682779456,0.392405063291139,0.751004016064257,4,4,4,0,0.619841752891053,-0.933274827134089,microsatellite_instability,Bonneville2017_cBioPortal,486,155,331,20261082,pooled inner out-of-fold AUROC,pooled inner out-of-fold balanced-accuracy optimum,outer out-of-fold AUROC,AUROC >= 0.60 after inner-AUROC component tuning,TRUE,0.042081668453367,0.0579280771854597,FALSE,FALSE,TRUE,TRUE
ProvGigaPath,microsatellite_instability,UCEC,MSI-H (MANTIS >0.4),0.645921450151057,0.596384367995322,0.442760488243602,10,0.651047656173862,0.442611135151359,0.605340610076991,0.606451612903226,0.604229607250755,0.417777777777778,0.766283524904215,0.318930041152263,0.318930041152263,0.612308741838028,0.445161290322581,0.779456193353474,0.485915492957747,0.75,0.605701198713576,0.52258064516129,0.688821752265861,0.440217391304348,0.754966887417219,8,5,10,0,0.645830797321972,-1.56154102146871,microsatellite_instability,Bonneville2017_cBioPortal,486,155,331,20261082,pooled inner out-of-fold AUROC,pooled inner out-of-fold balanced-accuracy optimum,outer out-of-fold AUROC,AUROC >= 0.60 after inner-AUROC component tuning,TRUE,0.00512620602280522,0.00895624208166845,FALSE,TRUE,TRUE,TRUE
TITAN,microsatellite_instability,UCEC,MSI-H (MANTIS >0.4),0.723574700321606,0.638885098918234,0.542333969537379,5,0.720202709287594,0.508232591446645,0.684835785985771,0.683870967741935,0.685800604229607,0.504761904761905,0.822463768115942,0.318930041152263,0.318930041152263,0.622960725075529,0.4,0.845921450151057,0.548672566371681,0.750670241286863,0.683403177078258,0.638709677419355,0.72809667673716,0.523809523809524,0.811447811447811,4,2,8,0,0.740499755620723,-0.829333300585882,microsatellite_instability,Bonneville2017_cBioPortal,486,155,331,20261082,pooled inner out-of-fold AUROC,pooled inner out-of-fold balanced-accuracy optimum,outer out-of-fold AUROC,AUROC >= 0.60 after inner-AUROC component tuning,TRUE,-0.0033719910340122,0.0459506870675374,TRUE,TRUE,TRUE,TRUE
GigaSSL,microsatellite_instability_sensitivity,COAD,MSI-H strict (MANTIS >0.6),0.819287967552952,0.755745831455611,0.614608839176878,11,0.850777377196936,0.58440060555032,0.778278503830554,0.714285714285714,0.842271293375394,0.444444444444444,0.943462897526502,0.150134048257373,0.150134048257373,0.764674402884182,0.589285714285714,0.94006309148265,0.634615384615385,0.928348909657321,0.77410995944119,0.642857142857143,0.905362776025237,0.545454545454545,0.93485342019544,6,6,20,1,0.881071585419412,-3.81396817148937,microsatellite_instability_sensitivity,cBioPortal_threshold_documentation,373,56,317,20261083,pooled inner out-of-fold AUROC,pooled inner out-of-fold balanced-accuracy optimum,outer out-of-fold AUROC,AUROC >= 0.60 after inner-AUROC component tuning,TRUE,0.0314894096439836,0.0225326723749433,TRUE,TRUE,TRUE,TRUE
ProvGigaPath,microsatellite_instability_sensitivity,COAD,MSI-H strict (MANTIS >0.6),0.876239296980622,0.751013970256873,0.64183624123189,12,0.857311852185669,0.61993061564657,0.839708201892744,0.875,0.804416403785489,0.441441441441441,0.973282442748092,0.150134048257373,0.150134048257373,0.753126408292023,0.553571428571429,0.952681388012618,0.673913043478261,0.923547400611621,0.777264533573682,0.642857142857143,0.911671924290221,0.5625,0.935275080906149,3,3,19,0,0.909536307961505,-3.49379120114706,microsatellite_instability_sensitivity,cBioPortal_threshold_documentation,373,56,317,20261083,pooled inner out-of-fold AUROC,pooled inner out-of-fold balanced-accuracy optimum,outer out-of-fold AUROC,AUROC >= 0.60 after inner-AUROC component tuning,TRUE,-0.0189274447949528,0.0886942316358714,TRUE,TRUE,TRUE,TRUE
TITAN,microsatellite_instability_sensitivity,COAD,MSI-H strict (MANTIS >0.6),0.932570977917981,0.787798557908968,0.76860823177993,7,0.940232086525462,0.805139404198732,0.870718792248761,0.892857142857143,0.848580441640379,0.510204081632653,0.978181818181818,0.150134048257373,0.150134048257373,0.814584272194682,0.660714285714286,0.968454258675079,0.787234042553192,0.941717791411043,0.850805543037404,0.767857142857143,0.933753943217665,0.671875,0.957928802588997,7,6,8,0,0.909809558030902,-2.97565704253045,microsatellite_instability_sensitivity,cBioPortal_threshold_documentation,373,56,317,20261083,pooled inner out-of-fold AUROC,pooled inner out-of-fold balanced-accuracy optimum,outer out-of-fold AUROC,AUROC >= 0.60 after inner-AUROC component tuning,TRUE,0.00766110860748093,0.0829202343397927,TRUE,TRUE,TRUE,FALSE
GigaSSL,microsatellite_instability_sensitivity,STAD,MSI-H strict (MANTIS >0.6),0.777797779777978,0.721542154215421,0.479978074527739,4,0.793639363936394,0.471196509212887,0.738223822382238,0.727272727272727,0.749174917491749,0.344827586206897,0.93801652892562,0.153631284916201,0.153631284916201,0.677737773777378,0.418181818181818,0.937293729372937,0.547619047619048,0.89873417721519,0.743114311431143,0.654545454545455,0.831683168316832,0.413793103448276,0.929889298892989,3,3,7,0,0.829921111945905,-2.10631213716428,microsatellite_instability_sensitivity,cBioPortal_threshold_documentation,358,55,303,20261084,pooled inner out-of-fold AUROC,pooled inner out-of-fold balanced-accuracy optimum,outer out-of-fold AUROC,AUROC >= 0.60 after inner-AUROC component tuning,TRUE,0.0158415841584156,0.0166816681668172,TRUE,TRUE,TRUE,TRUE
ProvGigaPath,microsatellite_instability_sensitivity,STAD,MSI-H strict (MANTIS >0.6),0.796279627962796,0.711641164116412,0.485534987884077,16,0.7995799579958,0.49423621264323,0.719231923192319,0.709090909090909,0.729372937293729,0.322314049586777,0.932489451476793,0.153631284916201,0.153631284916201,0.692619261926193,0.454545454545455,0.930693069306931,0.543478260869565,0.903846153846154,0.733963396339634,0.563636363636364,0.904290429042904,0.516666666666667,0.919463087248322,5,3,10,0,0.857907588279489,-3.96251243948521,microsatellite_instability_sensitivity,cBioPortal_threshold_documentation,358,55,303,20261084,pooled inner out-of-fold AUROC,pooled inner out-of-fold balanced-accuracy optimum,outer out-of-fold AUROC,AUROC >= 0.60 after inner-AUROC component tuning,TRUE,0.00330033003300356,0.00759075907590723,TRUE,TRUE,TRUE,TRUE
TITAN,microsatellite_instability_sensitivity,STAD,MSI-H strict (MANTIS >0.6),0.812841284128413,0.72982298229823,0.517940007148633,8,0.876147614761476,0.592360275909614,0.820822082208221,0.836363636363636,0.805280528052805,0.438095238095238,0.964426877470356,0.153631284916201,0.153631284916201,0.720702070207021,0.490909090909091,0.95049504950495,0.642857142857143,0.911392405063291,0.811701170117012,0.781818181818182,0.841584158415842,0.472527472527473,0.955056179775281,3,2,7,0,0.880284324728769,-2.03041695729404,microsatellite_instability_sensitivity,cBioPortal_threshold_documentation,358,55,303,20261084,pooled inner out-of-fold AUROC,pooled inner out-of-fold balanced-accuracy optimum,outer out-of-fold AUROC,AUROC >= 0.60 after inner-AUROC component tuning,TRUE,0.0633063306330631,0.0909990999099909,TRUE,TRUE,TRUE,TRUE
GigaSSL,microsatellite_instability_sensitivity,UCEC,MSI-H strict (MANTIS >0.6),0.563387105968192,0.507125349142108,0.277050382466724,8,0.57760930285584,0.293782721810856,0.570925725360543,0.688679245283019,0.453172205438067,0.28740157480315,0.819672131147541,0.242562929061785,0.242562929061785,0.512027589351878,0.150943396226415,0.873111782477341,0.275862068965517,0.762532981530343,0.526093028558399,0.405660377358491,0.646525679758308,0.26875,0.772563176895307,5,2,9,0,0.568568257491676,-2.05870233813409,microsatellite_instability_sensitivity,cBioPortal_threshold_documentation,437,106,331,20261085,pooled inner out-of-fold AUROC,pooled inner out-of-fold balanced-accuracy optimum,outer out-of-fold AUROC,AUROC >= 0.60 after inner-AUROC component tuning,TRUE,0.0142221968876479,0.0638003762184346,FALSE,FALSE,FALSE,TRUE
ProvGigaPath,microsatellite_instability_sensitivity,UCEC,MSI-H strict (MANTIS >0.6),0.668329248133159,0.617682266431055,0.420375090471801,11,0.688365729920766,0.447952959117984,0.624194835546942,0.632075471698113,0.61631419939577,0.345360824742268,0.839506172839506,0.242562929061785,0.242562929061785,0.631833209827282,0.405660377358491,0.858006042296072,0.477777777777778,0.818443804034582,0.624251838340079,0.481132075471698,0.767371601208459,0.3984375,0.822006472491909,9,6,13,0,0.653140954495006,-2.24125969018262,microsatellite_instability_sensitivity,cBioPortal_threshold_documentation,437,106,331,20261085,pooled inner out-of-fold AUROC,pooled inner out-of-fold balanced-accuracy optimum,outer out-of-fold AUROC,AUROC >= 0.60 after inner-AUROC component tuning,TRUE,0.0200364817876072,0.00651256911588682,TRUE,TRUE,TRUE,TRUE
TITAN,microsatellite_instability_sensitivity,UCEC,MSI-H strict (MANTIS >0.6),0.768910676623155,0.683349484124722,0.566731324033708,12,0.75226586102719,0.528412257066412,0.707618423302742,0.726415094339623,0.688821752265861,0.427777777777778,0.88715953307393,0.242562929061785,0.242562929061785,0.686370632160976,0.490566037735849,0.882175226586103,0.571428571428571,0.84393063583815,0.717850424670809,0.632075471698113,0.803625377643505,0.507575757575758,0.872131147540984,11,4,13,0,0.771231964483907,-1.73386007267088,microsatellite_instability_sensitivity,cBioPortal_threshold_documentation,437,106,331,20261085,pooled inner out-of-fold AUROC,pooled inner out-of-fold balanced-accuracy optimum,outer out-of-fold AUROC,AUROC >= 0.60 after inner-AUROC component tuning,TRUE,-0.0166448155959648,0.0242689391780199,TRUE,TRUE,TRUE,TRUE
GigaSSL,oncogenic_pathway,BLCA,Cell Cycle,0.563884959924564,0.508203677510608,0.834410372690712,6,0.527345591702027,0.80668556630313,0.546982555398397,0.508250825082508,0.585714285714286,0.841530054644809,0.215789473684211,0.812332439678284,0.812332439678284,0.505469118340406,0.953795379537954,0.0571428571428571,0.814084507042254,0.222222222222222,0.526732673267327,0.653465346534654,0.4,0.825,0.210526315789474,2,2,11,0,0.539329988193625,1.46388123130744,oncogenic_pathway,SanchezVega2018_TableS4,373,303,70,20261086,pooled inner out-of-fold AUROC,pooled inner out-of-fold balanced-accuracy optimum,outer out-of-fold AUROC,AUROC >= 0.60 after inner-AUROC component tuning,TRUE,-0.0365393682225367,0.038778877887789,FALSE,FALSE,FALSE,TRUE
ProvGigaPath,oncogenic_pathway,BLCA,Cell Cycle,0.496275341819896,0.487293729372937,0.815480267998669,8,0.556907119283357,0.830826989910841,0.525530410183876,0.465346534653465,0.585714285714286,0.829411764705882,0.201970443349754,0.812332439678284,0.812332439678284,0.517538896746818,0.920792079207921,0.114285714285714,0.818181818181818,0.25,0.561928335690712,0.70957095709571,0.414285714285714,0.83984375,0.247863247863248,3,1,7,0,0.625664108618654,2.03782468005017,oncogenic_pathway,SanchezVega2018_TableS4,373,303,70,20261086,pooled inner out-of-fold AUROC,pooled inner out-of-fold balanced-accuracy optimum,outer out-of-fold AUROC,AUROC >= 0.60 after inner-AUROC component tuning,TRUE,0.0606317774634609,0.0382366808109386,FALSE,FALSE,FALSE,TRUE
TITAN,oncogenic_pathway,BLCA,Cell Cycle,0.608392267798208,0.582343234323432,0.856086811380707,17,0.613955681282414,0.868344673484199,0.5502828854314,0.514851485148515,0.585714285714286,0.843243243243243,0.218085106382979,0.812332439678284,0.812332439678284,0.591136256482791,0.867986798679868,0.314285714285714,0.845659163987138,0.354838709677419,0.577322017916077,0.726072607260726,0.428571428571429,0.846153846153846,0.265486725663717,18,1,20,1,0.614669421487603,4.35080060182057,oncogenic_pathway,SanchezVega2018_TableS4,373,303,70,20261086,pooled inner out-of-fold AUROC,pooled inner out-of-fold balanced-accuracy optimum,outer out-of-fold AUROC,AUROC >= 0.60 after inner-AUROC component tuning,TRUE,0.00556341348420597,-0.0320603488920317,FALSE,FALSE,TRUE,TRUE
GigaSSL,oncogenic_pathway,BLCA,HIPPO,0.531039892424922,0.505266696548633,0.294528620989069,16,0.516808606006275,0.26976512842981,0.51692066337965,0.577319587628866,0.456521739130435,0.271844660194175,0.754491017964072,0.260053619302949,0.260053619302949,0.483116689078141,0.154639175257732,0.811594202898551,0.223880597014925,0.73202614379085,0.530180785895712,0.422680412371134,0.63768115942029,0.290780141843972,0.758620689655172,11,1,17,0,0.553718528831651,-2.77039941156389,oncogenic_pathway,SanchezVega2018_TableS4,373,97,276,20261087,pooled inner out-of-fold AUROC,pooled inner out-of-fold balanced-accuracy optimum,outer out-of-fold AUROC,AUROC >= 0.60 after inner-AUROC component tuning,TRUE,-0.0142312864186468,0.0116539668310174,FALSE,FALSE,FALSE,TRUE
ProvGigaPath,oncogenic_pathway,BLCA,HIPPO,0.522598236963992,0.515015688032273,0.291578022813034,6,0.56742118631406,0.322306370914155,0.529863290004482,0.701030927835052,0.358695652173913,0.277551020408163,0.7734375,0.260053619302949,0.260053619302949,0.544841625578963,0.216494845360825,0.873188405797101,0.375,0.760252365930599,0.551079486030181,0.45360824742268,0.648550724637681,0.312056737588653,0.771551724137931,4,1,6,0,0.554191263282172,-2.48356628849933,oncogenic_pathway,SanchezVega2018_TableS4,373,97,276,20261087,pooled inner out-of-fold AUROC,pooled inner out-of-fold balanced-accuracy optimum,outer out-of-fold AUROC,AUROC >= 0.60 after inner-AUROC component tuning,TRUE,0.0448229493500675,0.0148476019722092,FALSE,FALSE,FALSE,TRUE
TITAN,oncogenic_pathway,BLCA,HIPPO,0.486179590617063,0.496227401763036,0.250267234930735,2,0.497273270581204,0.256736373861015,0.536680113551472,0.783505154639175,0.289855072463768,0.279411764705882,0.792079207920792,0.260053619302949,0.260053619302949,0.492043926490363,0.0927835051546392,0.891304347826087,0.230769230769231,0.736526946107785,0.529900642462274,0.43298969072165,0.626811594202899,0.289655172413793,0.758771929824562,4,1,20,1,0.553955135773318,-2.5406031580647,oncogenic_pathway,SanchezVega2018_TableS4,373,97,276,20261087,pooled inner out-of-fold AUROC,pooled inner out-of-fold balanced-accuracy optimum,outer out-of-fold AUROC,AUROC >= 0.60 after inner-AUROC component tuning,TRUE,0.0110936799641412,0.0404527117884357,FALSE,FALSE,FALSE,TRUE
GigaSSL,oncogenic_pathway,BLCA,MYC,0.659886840308263,0.548702565603356,0.295295074456796,4,0.687981660325822,0.324886488764877,0.645571163788899,0.686567164179104,0.604575163398693,0.275449101796407,0.898058252427185,0.179624664879357,0.179624664879357,0.560140474100088,0.17910447761194,0.941176470588235,0.4,0.839650145772595,0.635596527168081,0.552238805970149,0.718954248366013,0.300813008130081,0.88,2,2,3,0,0.700115517905275,-1.55990119141044,oncogenic_pathway,SanchezVega2018_TableS4,373,67,306,20261088,pooled inner out-of-fold AUROC,pooled inner out-of-fold balanced-accuracy optimum,outer out-of-fold AUROC,AUROC >= 0.60 after inner-AUROC component tuning,TRUE,0.0280948200175589,0.0968685981855426,FALSE,TRUE,TRUE,TRUE
ProvGigaPath,oncogenic_pathway,BLCA,MYC,0.581699346405229,0.555677494878549,0.252829336085538,6,0.66934933177251,0.29163880288887,0.615939908301629,0.656716417910448,0.57516339869281,0.252873563218391,0.884422110552764,0.179624664879357,0.179624664879357,0.528655740903327,0.119402985074627,0.937908496732026,0.296296296296296,0.829479768786127,0.615549702468052,0.492537313432836,0.738562091503268,0.292035398230089,0.869230769230769,2,2,2,0,0.678080120937264,-1.84667862532532,oncogenic_pathway,SanchezVega2018_TableS4,373,67,306,20261088,pooled inner out-of-fold AUROC,pooled inner out-of-fold balanced-accuracy optimum,outer out-of-fold AUROC,AUROC >= 0.60 after inner-AUROC component tuning,TRUE,0.087649985367281,0.06026241342308,FALSE,TRUE,TRUE,TRUE
TITAN,oncogenic_pathway,BLCA,MYC,0.611159886840308,0.560579455662862,0.265230051997082,5,0.642327577797288,0.290326736299998,0.580162910935519,0.791044776119403,0.369281045751634,0.215447154471545,0.889763779527559,0.179624664879357,0.179624664879357,0.528436250121939,0.0895522388059701,0.967320261437908,0.375,0.829131652661065,0.601282801677885,0.552238805970149,0.650326797385621,0.256944444444444,0.868995633187773,1,1,12,0,0.678306878306878,-2.31942218020122,oncogenic_pathway,SanchezVega2018_TableS4,373,67,306,20261088,pooled inner out-of-fold AUROC,pooled inner out-of-fold balanced-accuracy optimum,outer out-of-fold AUROC,AUROC >= 0.60 after inner-AUROC component tuning,TRUE,0.0311676909569801,0.0195834552726564,FALSE,FALSE,TRUE,TRUE
GigaSSL,oncogenic_pathway,BLCA,NOTCH,0.564900858242083,0.54317845516425,0.465554818222501,12,0.562977212192957,0.474126852926374,0.534226102397159,0.52258064516129,0.545871559633028,0.45,0.616580310880829,0.415549597855228,0.415549597855228,0.543607576205978,0.412903225806452,0.674311926605505,0.474074074074074,0.617647058823529,0.532287659070731,0.47741935483871,0.587155963302752,0.451219512195122,0.61244019138756,6,2,17,0,0.546116054875788,-0.109150345104611,oncogenic_pathway,SanchezVega2018_TableS4,373,155,218,20261089,pooled inner out-of-fold AUROC,pooled inner out-of-fold balanced-accuracy optimum,outer out-of-fold AUROC,AUROC >= 0.60 after inner-AUROC component tuning,TRUE,-0.00192364604912654,-0.00895235276709117,FALSE,FALSE,FALSE,TRUE
ProvGigaPath,oncogenic_pathway,BLCA,NOTCH,0.599763243563184,0.570346256288843,0.497837920655445,9,0.583693400414324,0.48878302072061,0.594436223734833,0.574193548387097,0.614678899082569,0.514450867052023,0.67,0.415549597855228,0.415549597855228,0.571352471145309,0.509677419354839,0.63302752293578,0.49685534591195,0.644859813084112,0.581103876886653,0.561290322580645,0.600917431192661,0.5,0.658291457286432,9,4,20,2,0.580414746543779,-0.261391873000917,oncogenic_pathway,SanchezVega2018_TableS4,373,155,218,20261089,pooled inner out-of-fold AUROC,pooled inner out-of-fold balanced-accuracy optimum,outer out-of-fold AUROC,AUROC >= 0.60 after inner-AUROC component tuning,TRUE,-0.0160698431488603,0.0240899674459899,FALSE,FALSE,FALSE,FALSE
TITAN,oncogenic_pathway,BLCA,NOTCH,0.5303048239124,0.528913879846108,0.445586139670804,10,0.582835158330867,0.490553065680892,0.566617342408997,0.445161290322581,0.688073394495413,0.503649635036496,0.635593220338983,0.415549597855228,0.415549597855228,0.563317549570879,0.406451612903226,0.720183486238532,0.508064516129032,0.630522088353414,0.574504291210417,0.483870967741936,0.665137614678899,0.506756756756757,0.644444444444445,5,4,20,1,0.612532443455692,-0.357702129313448,oncogenic_pathway,SanchezVega2018_TableS4,373,155,218,20261089,pooled inner out-of-fold AUROC,pooled inner out-of-fold balanced-accuracy optimum,outer out-of-fold AUROC,AUROC >= 0.60 after inner-AUROC component tuning,TRUE,0.0525303344184671,0.0377034625628887,FALSE,FALSE,FALSE,TRUE
GigaSSL,oncogenic_pathway,BLCA,NRF2,0.406341642228739,0.481900659824047,0.0794530542019845,17,0.408174486803519,0.0699459454687434,0.430810117302053,0.5625,0.299120234604106,0.0700389105058366,0.879310344827586,0.0857908847184987,0.0857908847184987,0.480938416422287,0,0.961876832844575,0,0.911111111111111,0.441761363636364,0.15625,0.727272727272727,0.0510204081632653,0.901818181818182,3,1,18,0,0.557216117216117,-6.78506777316035,oncogenic_pathway,SanchezVega2018_TableS4,373,32,341,20261090,pooled inner out-of-fold AUROC,pooled inner out-of-fold balanced-accuracy optimum,outer out-of-fold AUROC,AUROC >= 0.60 after inner-AUROC component tuning,TRUE,0.00183284457478011,-0.0510905425219942,FALSE,FALSE,FALSE,TRUE
ProvGigaPath,oncogenic_pathway,BLCA,NRF2,0.598057184750733,0.537573313782991,0.140931609294586,15,0.591275659824047,0.137537818610305,0.542201246334311,0.65625,0.428152492668622,0.0972222222222222,0.929936305732484,0.0857908847184987,0.0857908847184987,0.539039589442815,0.125,0.953079178885631,0.2,0.920679886685553,0.53312866568915,0.21875,0.847507331378299,0.11864406779661,0.920382165605096,7,2,18,0,0.663426317272471,-9.09534187363002,oncogenic_pathway,SanchezVega2018_TableS4,373,32,341,20261090,pooled inner out-of-fold AUROC,pooled inner out-of-fold balanced-accuracy optimum,outer out-of-fold AUROC,AUROC >= 0.60 after inner-AUROC component tuning,TRUE,-0.00678152492668604,0.00462793255131988,FALSE,FALSE,FALSE,TRUE
TITAN,oncogenic_pathway,BLCA,NRF2,0.559934017595308,0.509255865102639,0.123885474087067,7,0.553427419354839,0.109456769628487,0.49537206744868,0.46875,0.521994134897361,0.0842696629213483,0.912820512820513,0.0857908847184987,0.0857908847184987,0.519015762463343,0.09375,0.944281524926686,0.136363636363636,0.917378917378917,0.52575146627566,0.3125,0.73900293255132,0.101010101010101,0.91970802919708,5,1,9,0,0.669343477035785,-3.76673257819065,oncogenic_pathway,SanchezVega2018_TableS4,373,32,341,20261090,pooled inner out-of-fold AUROC,pooled inner out-of-fold balanced-accuracy optimum,outer out-of-fold AUROC,AUROC >= 0.60 after inner-AUROC component tuning,TRUE,-0.00650659824046929,-0.0138837976539586,FALSE,FALSE,FALSE,TRUE
GigaSSL,oncogenic_pathway,BLCA,PI3K,0.518748188930745,0.489611706751666,0.468772602782717,8,0.541669081425674,0.479304110876598,0.539684149521878,0.488235294117647,0.591133004926109,0.5,0.579710144927536,0.455764075067024,0.455764075067024,0.528470008693132,0.441176470588235,0.61576354679803,0.490196078431373,0.568181818181818,0.527847000869313,0.494117647058824,0.561576354679803,0.485549132947977,0.57,8,6,16,0,0.585012708787219,-0.408202609202842,oncogenic_pathway,SanchezVega2018_TableS4,373,170,203,20261091,pooled inner out-of-fold AUROC,pooled inner out-of-fold balanced-accuracy optimum,outer out-of-fold AUROC,AUROC >= 0.60 after inner-AUROC component tuning,TRUE,0.0229208924949287,0.0500724427702117,FALSE,FALSE,FALSE,FALSE
ProvGigaPath,oncogenic_pathway,BLCA,PI3K,0.551724137931035,0.533396117067517,0.510196995641743,9,0.542625325992466,0.487975510254764,0.515053607649957,0.488235294117647,0.541871921182266,0.471590909090909,0.558375634517767,0.455764075067024,0.455764075067024,0.556853086062011,0.517647058823529,0.596059113300493,0.517647058823529,0.596059113300493,0.561228629382788,0.541176470588235,0.58128078817734,0.519774011299435,0.602040816326531,12,3,20,2,0.576751997095134,-0.447475372656708,oncogenic_pathway,SanchezVega2018_TableS4,373,170,203,20261091,pooled inner out-of-fold AUROC,pooled inner out-of-fold balanced-accuracy optimum,outer out-of-fold AUROC,AUROC >= 0.60 after inner-AUROC component tuning,TRUE,-0.0090988119385691,-0.0183425094175604,FALSE,FALSE,FALSE,TRUE
TITAN,oncogenic_pathway,BLCA,PI3K,0.526137351492321,0.518139669660968,0.496381849764701,6,0.508142567371776,0.45839088497071,0.511156186612576,0.470588235294118,0.551724137931035,0.467836257309942,0.554455445544555,0.455764075067024,0.455764075067024,0.496928426543031,0.447058823529412,0.54679802955665,0.452380952380952,0.541463414634146,0.49233555491162,0.511764705882353,0.472906403940887,0.448453608247423,0.536312849162011,4,3,17,0,0.594271968046478,0.0913102814153377,oncogenic_pathway,SanchezVega2018_TableS4,373,170,203,20261091,pooled inner out-of-fold AUROC,pooled inner out-of-fold balanced-accuracy optimum,outer out-of-fold AUROC,AUROC >= 0.60 after inner-AUROC component tuning,TRUE,-0.0179947841205447,-0.00698348304839203,FALSE,FALSE,FALSE,TRUE
GigaSSL,oncogenic_pathway,BLCA,RTK RAS,0.527128838239949,0.491658752769864,0.692559292905006,6,0.536815447926559,0.694913954213068,0.510335549224438,0.551440329218107,0.469230769230769,0.660098522167488,0.358823529411765,0.651474530831099,0.651474530831099,0.509908198797088,0.773662551440329,0.246153846153846,0.657342657342657,0.367816091954023,0.50264324153213,0.551440329218107,0.453846153846154,0.653658536585366,0.351190476190476,6,1,19,0,0.573224852071006,0.630921639940522,oncogenic_pathway,SanchezVega2018_TableS4,373,243,130,20261092,pooled inner out-of-fold AUROC,pooled inner out-of-fold balanced-accuracy optimum,outer out-of-fold AUROC,AUROC >= 0.60 after inner-AUROC component tuning,TRUE,0.00968660968660995,0.0186767964545742,FALSE,FALSE,FALSE,FALSE
ProvGigaPath,oncogenic_pathway,BLCA,RTK RAS,0.57230136119025,0.550332383665717,0.700757843782202,3,0.56232985121874,0.726696603810102,0.536087369420703,0.45679012345679,0.615384615384615,0.68944099378882,0.377358490566038,0.651474530831099,0.651474530831099,0.516793289015511,0.748971193415638,0.284615384615385,0.661818181818182,0.377551020408163,0.508990186767965,0.510288065843621,0.507692307692308,0.659574468085106,0.356756756756757,3,1,5,0,0.611865582870738,1.04122273531401,oncogenic_pathway,SanchezVega2018_TableS4,373,243,130,20261092,pooled inner out-of-fold AUROC,pooled inner out-of-fold balanced-accuracy optimum,outer out-of-fold AUROC,AUROC >= 0.60 after inner-AUROC component tuning,TRUE,-0.00997150997150986,-0.0142450142450142,FALSE,FALSE,FALSE,FALSE
TITAN,oncogenic_pathway,BLCA,RTK RAS,0.606742640075973,0.564023425134536,0.713207625098805,7,0.614561570117126,0.733060638477651,0.565875276986388,0.48559670781893,0.646153846153846,0.719512195121951,0.401913875598086,0.651474530831099,0.651474530831099,0.576812282367838,0.761316872427984,0.392307692307692,0.700757575757576,0.467889908256881,0.597372586261475,0.625514403292181,0.569230769230769,0.730769230769231,0.448484848484848,4,3,7,0,0.632533703409992,0.977678391211449,oncogenic_pathway,SanchezVega2018_TableS4,373,243,130,20261092,pooled inner out-of-fold AUROC,pooled inner out-of-fold balanced-accuracy optimum,outer out-of-fold AUROC,AUROC >= 0.60 after inner-AUROC component tuning,TRUE,0.00781893004115264,0.00185185185185222,FALSE,FALSE,TRUE,TRUE
GigaSSL,oncogenic_pathway,BLCA,TGF-Beta,0.561592152424071,0.533767213733258,0.141693278661053,6,0.516789285040558,0.0948556399818043,0.55371627994718,0.741935483870968,0.365497076023392,0.0958333333333333,0.93984962406015,0.0831099195710456,0.0831099195710456,0.488304093567252,0,0.976608187134503,0,0.915068493150685,0.494576495000943,0.290322580645161,0.698830409356725,0.0803571428571429,0.915708812260536,3,1,7,0,0.571824817518248,-3.57160123980897,oncogenic_pathway,SanchezVega2018_TableS4,373,31,342,20261093,pooled inner out-of-fold AUROC,pooled inner out-of-fold balanced-accuracy optimum,outer out-of-fold AUROC,AUROC >= 0.60 after inner-AUROC component tuning,TRUE,-0.0448028673835126,0.0199490662139218,FALSE,FALSE,FALSE,TRUE
ProvGigaPath,oncogenic_pathway,BLCA,TGF-Beta,0.509809469911338,0.519147330692322,0.126276067437014,8,0.500565930956423,0.0868639111260927,0.539002075080174,0.67741935483871,0.400584795321637,0.0929203539823009,0.931972789115646,0.0831099195710456,0.0831099195710456,0.498538011695907,0,0.997076023391813,0,0.916666666666667,0.503442746651575,0.354838709677419,0.652046783625731,0.0846153846153846,0.917695473251029,1,1,3,0,0.552116788321168,-3.0499995830201,oncogenic_pathway,SanchezVega2018_TableS4,373,31,342,20261093,pooled inner out-of-fold AUROC,pooled inner out-of-fold balanced-accuracy optimum,outer out-of-fold AUROC,AUROC >= 0.60 after inner-AUROC component tuning,TRUE,-0.0092435389549147,0.0198547443878515,FALSE,FALSE,FALSE,TRUE
TITAN,oncogenic_pathway,BLCA,TGF-Beta,0.463874740614978,0.5323523863422,0.100187233378245,10,0.461045085832862,0.0852844373012689,0.489011507262781,0.483870967741936,0.494152046783626,0.0797872340425532,0.913513513513514,0.0831099195710456,0.0831099195710456,0.483918128654971,0,0.967836257309941,0,0.914364640883978,0.476985474438785,0.258064516129032,0.695906432748538,0.0714285714285714,0.911877394636015,1,1,20,1,0.638583638583639,-2.92306684427692,oncogenic_pathway,SanchezVega2018_TableS4,373,31,342,20261093,pooled inner out-of-fold AUROC,pooled inner out-of-fold balanced-accuracy optimum,outer out-of-fold AUROC,AUROC >= 0.60 after inner-AUROC component tuning,TRUE,-0.00282965478211628,-0.0433408790794193,FALSE,FALSE,FALSE,TRUE
GigaSSL,oncogenic_pathway,BLCA,TP53,0.612252384446075,0.553619466862314,0.688903253413791,2,0.644534115920763,0.723931754459458,0.586589019320127,0.676724137931035,0.49645390070922,0.68859649122807,0.482758620689655,0.621983914209115,0.621983914209115,0.58921802396674,0.866379310344828,0.312056737588653,0.674496644295302,0.586666666666667,0.597853998532649,0.663793103448276,0.531914893617021,0.7,0.490196078431373,2,1,2,0,0.614045104196403,0.54224133005864,oncogenic_pathway,SanchezVega2018_TableS4,373,232,141,20261094,pooled inner out-of-fold AUROC,pooled inner out-of-fold balanced-accuracy optimum,outer out-of-fold AUROC,AUROC >= 0.60 after inner-AUROC component tuning,TRUE,0.032281731474688,0.0329695524578132,FALSE,FALSE,TRUE,FALSE
ProvGigaPath,oncogenic_pathway,BLCA,TP53,0.662142333088775,0.620445096600636,0.742681876392625,6,0.629585473220836,0.719624593694646,0.587215700660308,0.663793103448276,0.51063829787234,0.690582959641256,0.48,0.621983914209115,0.621983914209115,0.586650158963072,0.797413793103448,0.375886524822695,0.677655677655678,0.53,0.589508437270726,0.689655172413793,0.48936170212766,0.689655172413793,0.48936170212766,3,1,8,0,0.644449806949807,0.637966004500965,oncogenic_pathway,SanchezVega2018_TableS4,373,232,141,20261094,pooled inner out-of-fold AUROC,pooled inner out-of-fold balanced-accuracy optimum,outer out-of-fold AUROC,AUROC >= 0.60 after inner-AUROC component tuning,TRUE,-0.0325568598679387,-0.0332293959403278,TRUE,FALSE,TRUE,TRUE
TITAN,oncogenic_pathway,BLCA,TP53,0.642730496453901,0.600834556126192,0.707192170147392,2,0.691061384201516,0.754951281217981,0.644717534849597,0.672413793103448,0.617021276595745,0.742857142857143,0.533742331288344,0.621983914209115,0.621983914209115,0.611747982391783,0.84051724137931,0.382978723404255,0.691489361702128,0.593406593406593,0.646383590119834,0.711206896551724,0.581560283687943,0.736607142857143,0.550335570469799,1,1,3,0,0.701113331430203,0.598231344414026,oncogenic_pathway,SanchezVega2018_TableS4,373,232,141,20261094,pooled inner out-of-fold AUROC,pooled inner out-of-fold balanced-accuracy optimum,outer out-of-fold AUROC,AUROC >= 0.60 after inner-AUROC component tuning,TRUE,0.0483308877476153,0.0438829787234045,TRUE,TRUE,TRUE,TRUE
GigaSSL,oncogenic_pathway,BLCA,WNT,0.572628276116648,0.528216131413806,0.252341478326895,6,0.58656330749354,0.240587076311441,0.576019748984865,0.597222222222222,0.554817275747508,0.242937853107345,0.852040816326531,0.193029490616622,0.193029490616622,0.509043927648579,0.111111111111111,0.906976744186047,0.222222222222222,0.810089020771513,0.567737172388335,0.444444444444444,0.691029900332226,0.256,0.838709677419355,6,2,8,0,0.611632816481037,-1.77314090953404,oncogenic_pathway,SanchezVega2018_TableS4,373,72,301,20261095,pooled inner out-of-fold AUROC,pooled inner out-of-fold balanced-accuracy optimum,outer out-of-fold AUROC,AUROC >= 0.60 after inner-AUROC component tuning,TRUE,0.013935031376892,0.0478036175710593,FALSE,FALSE,FALSE,FALSE
ProvGigaPath,oncogenic_pathway,BLCA,WNT,0.585686600221484,0.578626799557032,0.26069415749843,5,0.569121447028424,0.257111913658471,0.561069582871908,0.597222222222222,0.524916943521595,0.231182795698925,0.844919786096257,0.193029490616622,0.193029490616622,0.560815799187892,0.277777777777778,0.843853820598007,0.298507462686567,0.830065359477124,0.578465300849022,0.402777777777778,0.754152823920266,0.281553398058252,0.840740740740741,9,4,15,0,0.606095292602661,-6.08939824511016,oncogenic_pathway,SanchezVega2018_TableS4,373,72,301,20261095,pooled inner out-of-fold AUROC,pooled inner out-of-fold balanced-accuracy optimum,outer out-of-fold AUROC,AUROC >= 0.60 after inner-AUROC component tuning,TRUE,-0.0165651531930602,-0.0175572166851236,FALSE,FALSE,FALSE,TRUE
TITAN,oncogenic_pathway,BLCA,WNT,0.649178663713547,0.566860465116279,0.295600081444398,9,0.606496862310816,0.287265617323732,0.561069582871908,0.597222222222222,0.524916943521595,0.231182795698925,0.844919786096257,0.193029490616622,0.193029490616622,0.538782761166482,0.180555555555556,0.897009966777409,0.295454545454545,0.820668693009118,0.570759505352529,0.430555555555556,0.710963455149502,0.26271186440678,0.83921568627451,5,2,7,0,0.649449134353985,-2.04506621001827,oncogenic_pathway,SanchezVega2018_TableS4,373,72,301,20261095,pooled inner out-of-fold AUROC,pooled inner out-of-fold balanced-accuracy optimum,outer out-of-fold AUROC,AUROC >= 0.60 after inner-AUROC component tuning,TRUE,-0.0426818014027313,-0.00579088224437052,FALSE,FALSE,TRUE,TRUE
GigaSSL,oncogenic_pathway,CESC,Cell Cycle,0.479986197377502,0.467621348056131,0.223749982171919,18,0.494018863584081,0.191240851882271,0.540660225442834,0.673913043478261,0.407407407407407,0.216783216783217,0.836956521739131,0.195744680851064,0.195744680851064,0.481769036116862,0.0217391304347826,0.941798941798942,0.0833333333333333,0.798206278026906,0.489302967563837,0.391304347826087,0.587301587301587,0.1875,0.798561151079137,1,1,19,0,0.562018972614999,-1.85521743848503,oncogenic_pathway,SanchezVega2018_TableS4,235,46,189,20261096,pooled inner out-of-fold AUROC,pooled inner out-of-fold balanced-accuracy optimum,outer out-of-fold AUROC,AUROC >= 0.60 after inner-AUROC component tuning,TRUE,0.014032666206579,0.0730388773867031,FALSE,FALSE,FALSE,TRUE
ProvGigaPath,oncogenic_pathway,CESC,Cell Cycle,0.546813894639982,0.564872325741891,0.25775051823692,10,0.534046468829077,0.231917375519251,0.530423280423281,0.5,0.560846560846561,0.216981132075472,0.821705426356589,0.195744680851064,0.195744680851064,0.533758914193697,0.152173913043478,0.915343915343915,0.304347826086957,0.816037735849057,0.548366689671038,0.456521739130435,0.64021164021164,0.235955056179775,0.828767123287671,1,1,7,0,0.590477895113657,-1.47295023503918,oncogenic_pathway,SanchezVega2018_TableS4,235,46,189,20261096,pooled inner out-of-fold AUROC,pooled inner out-of-fold balanced-accuracy optimum,outer out-of-fold AUROC,AUROC >= 0.60 after inner-AUROC component tuning,TRUE,-0.0127674258109045,-0.0344490453186105,FALSE,FALSE,FALSE,TRUE
TITAN,oncogenic_pathway,CESC,Cell Cycle,0.533241315850012,0.513457556935818,0.266840552316582,10,0.577294685990338,0.257844955658545,0.526282493673798,0.586956521739131,0.465608465608466,0.2109375,0.822429906542056,0.195744680851064,0.195744680851064,0.516735679779158,0.0652173913043478,0.968253968253968,0.333333333333333,0.809734513274336,0.602714515757994,0.565217391304348,0.64021164021164,0.276595744680851,0.858156028368794,1,1,15,0,0.601913171449595,-1.86264642397559,oncogenic_pathway,SanchezVega2018_TableS4,235,46,189,20261096,pooled inner out-of-fold AUROC,pooled inner out-of-fold balanced-accuracy optimum,outer out-of-fold AUROC,AUROC >= 0.60 after inner-AUROC component tuning,TRUE,0.0440533701403262,0.01282493673798,FALSE,FALSE,FALSE,TRUE
GigaSSL,oncogenic_pathway,CESC,HIPPO,0.591941811049363,0.588672768878719,0.402405458586616,7,0.597090552468127,0.418725513915828,0.571878064727035,0.460526315789474,0.683229813664596,0.406976744186047,0.728476821192053,0.320675105485232,0.320675105485232,0.580622752533508,0.328947368421053,0.832298136645963,0.480769230769231,0.724324324324324,0.57408466819222,0.539473684210526,0.608695652173913,0.394230769230769,0.736842105263158,7,1,7,0,0.618121743550642,-0.689790766729768,oncogenic_pathway,SanchezVega2018_TableS4,237,76,161,20261097,pooled inner out-of-fold AUROC,pooled inner out-of-fold balanced-accuracy optimum,outer out-of-fold AUROC,AUROC >= 0.60 after inner-AUROC component tuning,TRUE,0.00514874141876376,-0.016794704151684,FALSE,FALSE,FALSE,FALSE
ProvGigaPath,oncogenic_pathway,CESC,HIPPO,0.575514874141876,0.531668846028114,0.393126278047279,5,0.555491990846682,0.389519521801944,0.485330173259235,0.697368421052632,0.273291925465839,0.311764705882353,0.656716417910448,0.320675105485232,0.320675105485232,0.52545766590389,0.355263157894737,0.695652173913044,0.355263157894737,0.695652173913044,0.532772147760706,0.394736842105263,0.670807453416149,0.36144578313253,0.701298701298701,7,3,20,2,0.586351505909264,-10.436553567099,oncogenic_pathway,SanchezVega2018_TableS4,237,76,161,20261097,pooled inner out-of-fold AUROC,pooled inner out-of-fold balanced-accuracy optimum,outer out-of-fold AUROC,AUROC >= 0.60 after inner-AUROC component tuning,TRUE,-0.0200228832951941,-0.046338672768879,FALSE,FALSE,FALSE,TRUE
TITAN,oncogenic_pathway,CESC,HIPPO,0.554593004249755,0.545725727361883,0.366419354659904,9,0.595701209545603,0.388183994850964,0.564808761033017,0.763157894736842,0.366459627329193,0.3625,0.766233766233766,0.320675105485232,0.320675105485232,0.573512585812357,0.407894736842105,0.739130434782609,0.424657534246575,0.725609756097561,0.578457012095456,0.473684210526316,0.683229813664596,0.413793103448276,0.733333333333333,9,6,18,0,0.591927083333333,-4.33395040895426,oncogenic_pathway,SanchezVega2018_TableS4,237,76,161,20261097,pooled inner out-of-fold AUROC,pooled inner out-of-fold balanced-accuracy optimum,outer out-of-fold AUROC,AUROC >= 0.60 after inner-AUROC component tuning,TRUE,0.0411082052958481,0.0190830336711344,FALSE,FALSE,FALSE,FALSE
GigaSSL,oncogenic_pathway,CESC,NOTCH,0.469315499606609,0.485405192761605,0.338905889335487,6,0.507631785995279,0.355163458480535,0.539221085759245,0.426829268292683,0.651612903225806,0.393258426966292,0.682432432432433,0.345991561181435,0.345991561181435,0.492918961447679,0.24390243902439,0.741935483870968,0.333333333333333,0.649717514124294,0.525255704169945,0.463414634146342,0.587096774193548,0.372549019607843,0.674074074074074,3,2,7,0,0.514267990074442,-0.937378100390853,oncogenic_pathway,SanchezVega2018_TableS4,237,82,155,20261098,pooled inner out-of-fold AUROC,pooled inner out-of-fold balanced-accuracy optimum,outer out-of-fold AUROC,AUROC >= 0.60 after inner-AUROC component tuning,TRUE,0.0383162863886704,0.0538158929976397,FALSE,FALSE,FALSE,TRUE
ProvGigaPath,oncogenic_pathway,CESC,NOTCH,0.53273013375295,0.548505114083399,0.382015982840834,4,0.508418568056648,0.370912055466023,0.507317073170732,0.414634146341463,0.6,0.354166666666667,0.659574468085106,0.345991561181435,0.345991561181435,0.519472856018883,0.329268292682927,0.709677419354839,0.375,0.666666666666667,0.510188827694729,0.426829268292683,0.593548387096774,0.357142857142857,0.661870503597122,3,2,13,0,0.527295285359802,0.149758788685609,oncogenic_pathway,SanchezVega2018_TableS4,237,82,155,20261098,pooled inner out-of-fold AUROC,pooled inner out-of-fold balanced-accuracy optimum,outer out-of-fold AUROC,AUROC >= 0.60 after inner-AUROC component tuning,TRUE,-0.0243115656963017,-0.0411880409126673,FALSE,FALSE,FALSE,TRUE
TITAN,oncogenic_pathway,CESC,NOTCH,0.591896144767899,0.542053501180173,0.440012298544352,3,0.616837136113297,0.456447364004065,0.57765538945712,0.658536585365854,0.496774193548387,0.409090909090909,0.733333333333333,0.345991561181435,0.345991561181435,0.567151848937844,0.353658536585366,0.780645161290323,0.46031746031746,0.695402298850575,0.583359559402046,0.573170731707317,0.593548387096774,0.427272727272727,0.724409448818898,3,3,3,0,0.637841191066998,-1.09676036104158,oncogenic_pathway,SanchezVega2018_TableS4,237,82,155,20261098,pooled inner out-of-fold AUROC,pooled inner out-of-fold balanced-accuracy optimum,outer out-of-fold AUROC,AUROC >= 0.60 after inner-AUROC component tuning,TRUE,0.0249409913453976,0.0356018882769473,FALSE,FALSE,TRUE,FALSE
GigaSSL,oncogenic_pathway,CESC,NRF2,0.491244239631336,0.465092165898617,0.0841694509837755,15,0.478571428571429,0.0813681718768034,0.520852534562212,0.65,0.391705069124424,0.0896551724137931,0.923913043478261,0.0843881856540084,0.0843881856540084,0.456221198156682,0,0.912442396313364,0,0.908256880733945,0.46705069124424,0.1,0.834101382488479,0.0526315789473684,0.909547738693467,4,4,17,0,0.626445086705202,-7.21697994398775,oncogenic_pathway,SanchezVega2018_TableS4,237,20,217,20261099,pooled inner out-of-fold AUROC,pooled inner out-of-fold balanced-accuracy optimum,outer out-of-fold AUROC,AUROC >= 0.60 after inner-AUROC component tuning,TRUE,-0.0126728110599074,0.055760368663595,FALSE,FALSE,FALSE,TRUE
ProvGigaPath,oncogenic_pathway,CESC,NRF2,0.444009216589862,0.467741935483871,0.0781266746592492,7,0.492626728110599,0.0926955816178263,0.487903225806452,0.75,0.225806451612903,0.0819672131147541,0.907407407407407,0.0843881856540084,0.0843881856540084,0.522350230414746,0.1,0.944700460829493,0.142857142857143,0.919282511210762,0.469354838709677,0.1,0.838709677419355,0.0540540540540541,0.91,11,1,20,1,0.604525862068966,-72.89377295656,oncogenic_pathway,SanchezVega2018_TableS4,237,20,217,20261099,pooled inner out-of-fold AUROC,pooled inner out-of-fold balanced-accuracy optimum,outer out-of-fold AUROC,AUROC >= 0.60 after inner-AUROC component tuning,TRUE,0.0486175115207371,0.0201612903225806,FALSE,FALSE,FALSE,TRUE
TITAN,oncogenic_pathway,CESC,NRF2,0.446082949308756,0.47926267281106,0.0763226074313979,4,0.489400921658986,0.108250903523637,0.432373271889401,0.45,0.414746543778802,0.0661764705882353,0.891089108910891,0.0843881856540084,0.0843881856540084,0.520391705069125,0.05,0.990783410138249,0.333333333333333,0.918803418803419,0.461059907834101,0.3,0.622119815668203,0.0681818181818182,0.906040268456376,1,1,18,0,0.622832369942197,-3.34965803294185,oncogenic_pathway,SanchezVega2018_TableS4,237,20,217,20261099,pooled inner out-of-fold AUROC,pooled inner out-of-fold balanced-accuracy optimum,outer out-of-fold AUROC,AUROC >= 0.60 after inner-AUROC component tuning,TRUE,0.0433179723502302,-0.0468894009216591,FALSE,FALSE,FALSE,TRUE
GigaSSL,oncogenic_pathway,CESC,PI3K,0.499197080291971,0.543467153284672,0.585217643155823,8,0.487372262773723,0.584870299297069,0.489817518248175,0.64963503649635,0.33,0.57051282051282,0.407407407407407,0.578059071729958,0.578059071729958,0.480766423357664,0.671532846715328,0.29,0.56441717791411,0.391891891891892,0.490620437956204,0.591240875912409,0.39,0.570422535211268,0.410526315789474,2,1,8,0,0.556766055045872,0.252569515514971,oncogenic_pathway,SanchezVega2018_TableS4,237,137,100,20261100,pooled inner out-of-fold AUROC,pooled inner out-of-fold balanced-accuracy optimum,outer out-of-fold AUROC,AUROC >= 0.60 after inner-AUROC component tuning,TRUE,-0.0118248175182484,-0.0536496350364968,FALSE,FALSE,FALSE,TRUE
ProvGigaPath,oncogenic_pathway,CESC,PI3K,0.450583941605839,0.482518248175183,0.535170024929514,7,0.498978102189781,0.569462067517293,0.493175182481752,0.496350364963504,0.49,0.571428571428571,0.415254237288136,0.578059071729958,0.578059071729958,0.514817518248175,0.64963503649635,0.38,0.589403973509934,0.441860465116279,0.482773722627737,0.525547445255475,0.44,0.5625,0.403669724770642,3,1,6,0,0.584318181818182,0.248087594240647,oncogenic_pathway,SanchezVega2018_TableS4,237,137,100,20261100,pooled inner out-of-fold AUROC,pooled inner out-of-fold balanced-accuracy optimum,outer out-of-fold AUROC,AUROC >= 0.60 after inner-AUROC component tuning,TRUE,0.048394160583942,0.0106569343065688,FALSE,FALSE,FALSE,TRUE
TITAN,oncogenic_pathway,CESC,PI3K,0.543941605839416,0.541167883211679,0.594258287463943,2,0.516642335766423,0.592672779033356,0.528722627737226,0.547445255474453,0.51,0.604838709677419,0.451327433628319,0.578059071729958,0.578059071729958,0.508868613138686,0.627737226277372,0.39,0.585034013605442,0.433333333333333,0.521021897810219,0.562043795620438,0.48,0.596899224806202,0.444444444444444,3,1,12,0,0.638409090909091,0.220905140821225,oncogenic_pathway,SanchezVega2018_TableS4,237,137,100,20261100,pooled inner out-of-fold AUROC,pooled inner out-of-fold balanced-accuracy optimum,outer out-of-fold AUROC,AUROC >= 0.60 after inner-AUROC component tuning,TRUE,-0.0272992700729926,-0.0124452554744526,FALSE,FALSE,FALSE,TRUE
GigaSSL,oncogenic_pathway,CESC,RTK RAS,0.530125076266016,0.557123245881635,0.458989873890281,1,0.582824893227578,0.482993323835714,0.541107382550336,0.25,0.832214765100671,0.468085106382979,0.652631578947369,0.371308016877637,0.371308016877637,0.561241610738255,0.25,0.87248322147651,0.536585365853659,0.663265306122449,0.598230628431971,0.545454545454545,0.651006711409396,0.48,0.708029197080292,1,1,1,0,0.558343337334934,0.0639656670364006,oncogenic_pathway,SanchezVega2018_TableS4,237,88,149,20261101,pooled inner out-of-fold AUROC,pooled inner out-of-fold balanced-accuracy optimum,outer out-of-fold AUROC,AUROC >= 0.60 after inner-AUROC component tuning,TRUE,0.0526998169615618,-0.0160158633312993,FALSE,FALSE,FALSE,FALSE
ProvGigaPath,oncogenic_pathway,CESC,RTK RAS,0.49725442342892,0.510410311165345,0.383096384302741,8,0.48787370347773,0.39325518841326,0.450274557657108,0.363636363636364,0.536912751677852,0.316831683168317,0.588235294117647,0.371308016877637,0.371308016877637,0.499046674801708,0.306818181818182,0.691275167785235,0.36986301369863,0.628048780487805,0.462667785234899,0.375,0.550335570469799,0.33,0.598540145985402,4,1,8,0,0.56578631452581,-0.870801485199739,oncogenic_pathway,SanchezVega2018_TableS4,237,88,149,20261101,pooled inner out-of-fold AUROC,pooled inner out-of-fold balanced-accuracy optimum,outer out-of-fold AUROC,AUROC >= 0.60 after inner-AUROC component tuning,TRUE,-0.00938071995118966,-0.060135753508237,FALSE,FALSE,FALSE,TRUE
TITAN,oncogenic_pathway,CESC,RTK RAS,0.516092129347163,0.571575655887736,0.43144886081229,1,0.527150701647346,0.406436568304435,0.549382245271507,0.306818181818182,0.791946308724832,0.46551724137931,0.659217877094972,0.371308016877637,0.371308016877637,0.561508541793777,0.284090909090909,0.838926174496644,0.510204081632653,0.664893617021277,0.507054606467358,0.329545454545455,0.684563758389262,0.381578947368421,0.633540372670808,1,1,14,0,0.567466986794718,-0.0513558521784754,oncogenic_pathway,SanchezVega2018_TableS4,237,88,149,20261101,pooled inner out-of-fold AUROC,pooled inner out-of-fold balanced-accuracy optimum,outer out-of-fold AUROC,AUROC >= 0.60 after inner-AUROC component tuning,TRUE,0.0110585723001829,-0.0221934106162289,FALSE,FALSE,FALSE,FALSE
GigaSSL,oncogenic_pathway,CESC,TGF-Beta,0.580515297906602,0.523188405797102,0.181189957322597,5,0.573429951690821,0.1611753270195,0.576811594202899,0.733333333333333,0.420289855072464,0.154929577464789,0.91578947368421,0.126582278481013,0.126582278481013,0.518357487922705,0.133333333333333,0.903381642512077,0.166666666666667,0.87793427230047,0.515458937198068,0.2,0.830917874396135,0.146341463414634,0.877551020408163,7,6,12,0,0.668423694779117,-6.24431491020351,oncogenic_pathway,SanchezVega2018_TableS4,237,30,207,20261102,pooled inner out-of-fold AUROC,pooled inner out-of-fold balanced-accuracy optimum,outer out-of-fold AUROC,AUROC >= 0.60 after inner-AUROC component tuning,TRUE,-0.00708534621578072,0.0536231884057965,FALSE,FALSE,FALSE,TRUE
ProvGigaPath,oncogenic_pathway,CESC,TGF-Beta,0.521417069243156,0.496859903381643,0.138531969914284,10,0.482769726247987,0.146969239764648,0.524396135265701,0.633333333333333,0.415458937198068,0.135714285714286,0.88659793814433,0.126582278481013,0.126582278481013,0.513768115942029,0.1,0.927536231884058,0.166666666666667,0.876712328767123,0.513285024154589,0.166666666666667,0.859903381642512,0.147058823529412,0.876847290640394,6,3,9,0,0.650252525252525,-8.59288906387441,oncogenic_pathway,SanchezVega2018_TableS4,237,30,207,20261102,pooled inner out-of-fold AUROC,pooled inner out-of-fold balanced-accuracy optimum,outer out-of-fold AUROC,AUROC >= 0.60 after inner-AUROC component tuning,TRUE,-0.0386473429951689,0.0275362318840575,FALSE,FALSE,FALSE,TRUE
TITAN,oncogenic_pathway,CESC,TGF-Beta,0.509661835748792,0.485024154589372,0.133283994660528,12,0.53719806763285,0.150324287160121,0.523913043478261,0.7,0.347826086956522,0.134615384615385,0.888888888888889,0.126582278481013,0.126582278481013,0.513768115942029,0.1,0.927536231884058,0.166666666666667,0.876712328767123,0.531159420289855,0.366666666666667,0.695652173913044,0.148648648648649,0.883435582822086,5,1,19,0,0.588383838383838,-3.06162320763175,oncogenic_pathway,SanchezVega2018_TableS4,237,30,207,20261102,pooled inner out-of-fold AUROC,pooled inner out-of-fold balanced-accuracy optimum,outer out-of-fold AUROC,AUROC >= 0.60 after inner-AUROC component tuning,TRUE,0.0275362318840583,0.0388888888888889,FALSE,FALSE,FALSE,TRUE
GigaSSL,oncogenic_pathway,CESC,TP53,0.556595365418895,0.534536541889483,0.177803293826068,10,0.560457516339869,0.208844342156886,0.513368983957219,0.575757575757576,0.450980392156863,0.145038167938931,0.867924528301887,0.139240506329114,0.139240506329114,0.544786096256685,0.212121212121212,0.877450980392157,0.21875,0.873170731707317,0.538324420677362,0.272727272727273,0.803921568627451,0.183673469387755,0.872340425531915,10,7,18,0,0.54810298102981,-12.7645569284941,oncogenic_pathway,SanchezVega2018_TableS4,237,33,204,20261103,pooled inner out-of-fold AUROC,pooled inner out-of-fold balanced-accuracy optimum,outer out-of-fold AUROC,AUROC >= 0.60 after inner-AUROC component tuning,TRUE,0.00386215092097431,-0.0211675579322637,FALSE,FALSE,FALSE,FALSE
ProvGigaPath,oncogenic_pathway,CESC,TP53,0.531639928698752,0.504233511586453,0.178155064030929,8,0.531639928698752,0.166530422507387,0.575757575757576,0.818181818181818,0.333333333333333,0.165644171779141,0.918918918918919,0.139240506329114,0.139240506329114,0.494429590017825,0.121212121212121,0.867647058823529,0.129032258064516,0.859223300970874,0.497326203208556,0.151515151515152,0.843137254901961,0.135135135135135,0.86,11,5,20,2,0.535682023486902,-30.4491244492271,oncogenic_pathway,SanchezVega2018_TableS4,237,33,204,20261103,pooled inner out-of-fold AUROC,pooled inner out-of-fold balanced-accuracy optimum,outer out-of-fold AUROC,AUROC >= 0.60 after inner-AUROC component tuning,TRUE,2.22044604925031e-16,0.0715240641711228,FALSE,FALSE,FALSE,TRUE
TITAN,oncogenic_pathway,CESC,TP53,0.588383838383838,0.552584670231729,0.242688955777156,16,0.57739156268568,0.226046430667556,0.53475935828877,0.363636363636364,0.705882352941177,0.166666666666667,0.872727272727273,0.139240506329114,0.139240506329114,0.53698752228164,0.181818181818182,0.892156862745098,0.214285714285714,0.870813397129187,0.546122994652406,0.303030303030303,0.78921568627451,0.188679245283019,0.875,7,2,19,0,0.69443133553563,-3.89937904368001,oncogenic_pathway,SanchezVega2018_TableS4,237,33,204,20261103,pooled inner out-of-fold AUROC,pooled inner out-of-fold balanced-accuracy optimum,outer out-of-fold AUROC,AUROC >= 0.60 after inner-AUROC component tuning,TRUE,-0.0109922756981576,-0.0178253119429589,FALSE,FALSE,FALSE,TRUE
GigaSSL,oncogenic_pathway,CESC,WNT,0.495731707317073,0.513719512195122,0.152084175819902,6,0.533231707317073,0.154461127106322,0.539253048780488,0.46875,0.609756097560976,0.157894736842105,0.880281690140845,0.135021097046414,0.135021097046414,0.512728658536585,0.09375,0.931707317073171,0.176470588235294,0.868181818181818,0.535289634146341,0.34375,0.726829268292683,0.164179104477612,0.876470588235294,4,2,9,0,0.561679174484053,-2.82913745144744,oncogenic_pathway,SanchezVega2018_TableS4,237,32,205,20261104,pooled inner out-of-fold AUROC,pooled inner out-of-fold balanced-accuracy optimum,outer out-of-fold AUROC,AUROC >= 0.60 after inner-AUROC component tuning,TRUE,0.0375000000000001,0.0255335365853658,FALSE,FALSE,FALSE,TRUE
ProvGigaPath,oncogenic_pathway,CESC,WNT,0.622408536585366,0.589405487804878,0.239443536070012,19,0.529573170731707,0.182651445400088,0.577896341463415,0.6875,0.468292682926829,0.16793893129771,0.905660377358491,0.135021097046414,0.135021097046414,0.515167682926829,0.09375,0.936585365853659,0.1875,0.868778280542987,0.545045731707317,0.34375,0.746341463414634,0.174603174603175,0.879310344827586,8,1,15,0,0.62406191369606,-6.09392509529242,oncogenic_pathway,SanchezVega2018_TableS4,237,32,205,20261104,pooled inner out-of-fold AUROC,pooled inner out-of-fold balanced-accuracy optimum,outer out-of-fold AUROC,AUROC >= 0.60 after inner-AUROC component tuning,TRUE,-0.0928353658536587,-0.0115091463414634,FALSE,FALSE,FALSE,TRUE
TITAN,oncogenic_pathway,CESC,WNT,0.555487804878049,0.56547256097561,0.22962770830208,4,0.564176829268293,0.232979391303326,0.489024390243903,0.5,0.478048780487805,0.130081300813008,0.859649122807018,0.135021097046414,0.135021097046414,0.556173780487805,0.15625,0.95609756097561,0.357142857142857,0.878923766816144,0.566996951219512,0.34375,0.790243902439024,0.203703703703704,0.885245901639344,4,3,11,0,0.652439024390244,-3.77328205352752,oncogenic_pathway,SanchezVega2018_TableS4,237,32,205,20261104,pooled inner out-of-fold AUROC,pooled inner out-of-fold balanced-accuracy optimum,outer out-of-fold AUROC,AUROC >= 0.60 after inner-AUROC component tuning,TRUE,0.00868902439024366,-0.0764481707317076,FALSE,FALSE,FALSE,FALSE
GigaSSL,oncogenic_pathway,COAD,Cell Cycle,0.531382364266461,0.524964702862277,0.590803551998019,8,0.572712103709408,0.63445441335023,0.557309716339366,0.435374149659864,0.679245283018868,0.653061224489796,0.464516129032258,0.58102766798419,0.58102766798419,0.535938903863432,0.619047619047619,0.452830188679245,0.610738255033557,0.461538461538462,0.544378128609935,0.551020408163265,0.537735849056604,0.623076923076923,0.463414634146342,5,2,9,0,0.572881355932203,0.696046082069479,oncogenic_pathway,SanchezVega2018_TableS4,253,147,106,20261105,pooled inner out-of-fold AUROC,pooled inner out-of-fold balanced-accuracy optimum,outer out-of-fold AUROC,AUROC >= 0.60 after inner-AUROC component tuning,TRUE,0.0413297394429473,0.0323450134770888,FALSE,FALSE,FALSE,TRUE
ProvGigaPath,oncogenic_pathway,COAD,Cell Cycle,0.548774226671801,0.516300859966628,0.631433183708831,4,0.561096136567835,0.651610636043053,0.522878962905917,0.564625850340136,0.481132075471698,0.601449275362319,0.443478260869565,0.58102766798419,0.58102766798419,0.526504941599281,0.619047619047619,0.433962264150943,0.602649006622517,0.450980392156863,0.508503401360544,0.517006802721089,0.5,0.589147286821706,0.42741935483871,3,1,4,0,0.634396809571286,0.0604168915584811,oncogenic_pathway,SanchezVega2018_TableS4,253,147,106,20261105,pooled inner out-of-fold AUROC,pooled inner out-of-fold balanced-accuracy optimum,outer out-of-fold AUROC,AUROC >= 0.60 after inner-AUROC component tuning,TRUE,0.0123219098960337,0.00657810293928907,FALSE,FALSE,FALSE,TRUE
TITAN,oncogenic_pathway,COAD,Cell Cycle,0.58529072006161,0.552175587216019,0.661527140388682,5,0.620331151328456,0.687800261811846,0.573771017841099,0.496598639455782,0.650943396226415,0.663636363636364,0.482517482517483,0.58102766798419,0.58102766798419,0.597708894878706,0.714285714285714,0.481132075471698,0.65625,0.548387096774194,0.61141060197664,0.619047619047619,0.60377358490566,0.68421052631579,0.533333333333333,3,1,4,0,0.677168494516451,0.436944423036,oncogenic_pathway,SanchezVega2018_TableS4,253,147,106,20261105,pooled inner out-of-fold AUROC,pooled inner out-of-fold balanced-accuracy optimum,outer out-of-fold AUROC,AUROC >= 0.60 after inner-AUROC component tuning,TRUE,0.035040431266846,0.0215954306250796,FALSE,FALSE,TRUE,TRUE
GigaSSL,oncogenic_pathway,COAD,HIPPO,0.61037851037851,0.621703296703297,0.368695677768013,2,0.622039072039072,0.317221333269833,0.597710622710623,0.476190476190476,0.719230769230769,0.29126213592233,0.85,0.195046439628483,0.195046439628483,0.588522588522589,0.253968253968254,0.923076923076923,0.444444444444444,0.83623693379791,0.606349206349206,0.412698412698413,0.8,0.333333333333333,0.848979591836735,6,3,16,0,0.64375,-1.55234353740007,oncogenic_pathway,SanchezVega2018_TableS4,323,63,260,20261106,pooled inner out-of-fold AUROC,pooled inner out-of-fold balanced-accuracy optimum,outer out-of-fold AUROC,AUROC >= 0.60 after inner-AUROC component tuning,TRUE,0.0116605616605621,-0.0239926739926744,TRUE,FALSE,TRUE,TRUE
ProvGigaPath,oncogenic_pathway,COAD,HIPPO,0.649328449328449,0.556776556776557,0.339357683904241,3,0.652991452991453,0.364200924655857,0.590018315018315,0.476190476190476,0.703846153846154,0.280373831775701,0.847222222222222,0.195046439628483,0.195046439628483,0.572649572649573,0.222222222222222,0.923076923076923,0.411764705882353,0.830449826989619,0.612606837606838,0.444444444444444,0.780769230769231,0.329411764705882,0.852941176470588,3,2,4,0,0.681634615384615,-1.88308150177186,oncogenic_pathway,SanchezVega2018_TableS4,323,63,260,20261106,pooled inner out-of-fold AUROC,pooled inner out-of-fold balanced-accuracy optimum,outer out-of-fold AUROC,AUROC >= 0.60 after inner-AUROC component tuning,TRUE,0.00366300366300398,0.033241758241758,FALSE,FALSE,TRUE,FALSE
TITAN,oncogenic_pathway,COAD,HIPPO,0.642368742368742,0.597191697191697,0.309225236787916,8,0.66019536019536,0.364724088375691,0.586935286935287,0.650793650793651,0.523076923076923,0.248484848484849,0.860759493670886,0.195046439628483,0.195046439628483,0.638308913308913,0.365079365079365,0.911538461538461,0.5,0.855595667870036,0.648443223443223,0.523809523809524,0.773076923076923,0.358695652173913,0.87012987012987,6,3,16,0,0.705192307692308,-2.27040353714411,oncogenic_pathway,SanchezVega2018_TableS4,323,63,260,20261106,pooled inner out-of-fold AUROC,pooled inner out-of-fold balanced-accuracy optimum,outer out-of-fold AUROC,AUROC >= 0.60 after inner-AUROC component tuning,TRUE,0.0178266178266182,-0.01025641025641,FALSE,FALSE,TRUE,TRUE
GigaSSL,oncogenic_pathway,COAD,MYC,0.551514837103133,0.528040049802864,0.292780835923697,5,0.535121394480183,0.299496280290449,0.541683959327661,0.620253164556962,0.463114754098361,0.272222222222222,0.79020979020979,0.244582043343653,0.244582043343653,0.535328906412119,0.177215189873418,0.89344262295082,0.35,0.770318021201414,0.505628761153766,0.392405063291139,0.618852459016393,0.25,0.758793969849246,4,1,15,0,0.572323972323972,-1.65413751225191,oncogenic_pathway,SanchezVega2018_TableS4,323,79,244,20261107,pooled inner out-of-fold AUROC,pooled inner out-of-fold balanced-accuracy optimum,outer out-of-fold AUROC,AUROC >= 0.60 after inner-AUROC component tuning,TRUE,-0.0163934426229504,0.0136439095247973,FALSE,FALSE,FALSE,TRUE
ProvGigaPath,oncogenic_pathway,COAD,MYC,0.522722556547002,0.530270803071177,0.276563397176527,5,0.520336169329737,0.263653806181048,0.525938991492011,0.379746835443038,0.672131147540984,0.272727272727273,0.769953051643193,0.244582043343653,0.244582043343653,0.516886283461299,0.177215189873418,0.85655737704918,0.285714285714286,0.762773722627737,0.49110292591824,0.379746835443038,0.602459016393443,0.236220472440945,0.75,4,1,12,0,0.580870980870981,-0.9370291454473,oncogenic_pathway,SanchezVega2018_TableS4,323,79,244,20261107,pooled inner out-of-fold AUROC,pooled inner out-of-fold balanced-accuracy optimum,outer out-of-fold AUROC,AUROC >= 0.60 after inner-AUROC component tuning,TRUE,-0.00238638721726547,-0.00433181157916629,FALSE,FALSE,FALSE,TRUE
TITAN,oncogenic_pathway,COAD,MYC,0.637009753060801,0.570891263747666,0.384719071220322,3,0.63389707408176,0.360384782223692,0.593328491388255,0.506329113924051,0.680327868852459,0.338983050847458,0.809756097560976,0.244582043343653,0.244582043343653,0.56642975721104,0.20253164556962,0.930327868852459,0.484848484848485,0.782758620689655,0.61454658642872,0.556962025316456,0.672131147540984,0.354838709677419,0.824120603015075,3,1,4,0,0.655433455433455,-1.11086754602184,oncogenic_pathway,SanchezVega2018_TableS4,323,79,244,20261107,pooled inner out-of-fold AUROC,pooled inner out-of-fold balanced-accuracy optimum,outer out-of-fold AUROC,AUROC >= 0.60 after inner-AUROC component tuning,TRUE,-0.00311267897904133,0.0224372276405889,FALSE,FALSE,TRUE,FALSE
GigaSSL,oncogenic_pathway,COAD,NOTCH,0.61214953271028,0.598779854620976,0.458362771020267,3,0.630494980962271,0.467300522379927,0.594669435790931,0.448598130841121,0.740740740740741,0.461538461538462,0.730593607305936,0.331269349845201,0.331269349845201,0.594106957424715,0.327102803738318,0.861111111111111,0.538461538461538,0.72093023255814,0.58095361716857,0.485981308411215,0.675925925925926,0.426229508196721,0.72636815920398,3,3,8,0,0.645987363892996,-0.365452957200426,oncogenic_pathway,SanchezVega2018_TableS4,323,107,216,20261108,pooled inner out-of-fold AUROC,pooled inner out-of-fold balanced-accuracy optimum,outer out-of-fold AUROC,AUROC >= 0.60 after inner-AUROC component tuning,TRUE,0.0183454482519906,-0.00411041883004493,FALSE,FALSE,TRUE,FALSE
ProvGigaPath,oncogenic_pathway,COAD,NOTCH,0.587443752163378,0.582619418483905,0.395144530702677,4,0.634735202492212,0.438276632173853,0.569898753894081,0.598130841121495,0.541666666666667,0.392638036809816,0.73125,0.331269349845201,0.331269349845201,0.577946521287643,0.336448598130841,0.819444444444445,0.48,0.713709677419355,0.594755970924195,0.467289719626168,0.722222222222222,0.454545454545455,0.732394366197183,4,2,4,0,0.640677510418067,-1.12876143430554,oncogenic_pathway,SanchezVega2018_TableS4,323,107,216,20261108,pooled inner out-of-fold AUROC,pooled inner out-of-fold balanced-accuracy optimum,outer out-of-fold AUROC,AUROC >= 0.60 after inner-AUROC component tuning,TRUE,0.0472914503288339,-0.012720664589824,FALSE,FALSE,TRUE,FALSE
TITAN,oncogenic_pathway,COAD,NOTCH,0.653816199376947,0.591965212876428,0.450286686577025,5,0.67285392869505,0.494239460666121,0.630559882312219,0.700934579439252,0.560185185185185,0.441176470588235,0.790849673202614,0.331269349845201,0.331269349845201,0.59402042229145,0.308411214953271,0.87962962962963,0.559322033898305,0.71969696969697,0.632095880927657,0.532710280373832,0.731481481481482,0.495652173913044,0.759615384615385,3,3,3,0,0.661271676300578,-1.33091606749417,oncogenic_pathway,SanchezVega2018_TableS4,323,107,216,20261108,pooled inner out-of-fold AUROC,pooled inner out-of-fold balanced-accuracy optimum,outer out-of-fold AUROC,AUROC >= 0.60 after inner-AUROC component tuning,TRUE,0.0190377293181032,0.0385946694357907,FALSE,TRUE,TRUE,TRUE
GigaSSL,oncogenic_pathway,COAD,PI3K,0.638262548262548,0.592355212355212,0.570163661702644,7,0.624710424710425,0.559332379066169,0.598050193050193,0.493243243243243,0.702857142857143,0.584,0.621212121212121,0.458204334365325,0.458204334365325,0.590791505791506,0.547297297297297,0.634285714285714,0.558620689655172,0.623595505617978,0.582490347490348,0.587837837837838,0.577142857142857,0.540372670807454,0.623456790123457,5,5,8,0,0.64043583535109,0.216242609341526,oncogenic_pathway,SanchezVega2018_TableS4,323,148,175,20261109,pooled inner out-of-fold AUROC,pooled inner out-of-fold balanced-accuracy optimum,outer out-of-fold AUROC,AUROC >= 0.60 after inner-AUROC component tuning,TRUE,-0.0135521235521233,0.00569498069498098,FALSE,FALSE,TRUE,TRUE
ProvGigaPath,oncogenic_pathway,COAD,PI3K,0.596254826254826,0.57546332046332,0.555122911471712,5,0.619073359073359,0.567953741040492,0.568976833976834,0.560810810810811,0.577142857142857,0.528662420382166,0.608433734939759,0.458204334365325,0.458204334365325,0.593127413127413,0.540540540540541,0.645714285714286,0.563380281690141,0.624309392265193,0.58949806949807,0.567567567567568,0.611428571428571,0.552631578947369,0.625730994152047,4,2,5,0,0.630266343825666,-0.207053508340558,oncogenic_pathway,SanchezVega2018_TableS4,323,148,175,20261109,pooled inner out-of-fold AUROC,pooled inner out-of-fold balanced-accuracy optimum,outer out-of-fold AUROC,AUROC >= 0.60 after inner-AUROC component tuning,TRUE,0.0228185328185331,-0.00648648648648609,FALSE,FALSE,TRUE,TRUE
TITAN,oncogenic_pathway,COAD,PI3K,0.625675675675676,0.59988416988417,0.592872973230735,5,0.653513513513514,0.588398217730242,0.615482625482626,0.608108108108108,0.622857142857143,0.576923076923077,0.652694610778443,0.458204334365325,0.458204334365325,0.618590733590734,0.574324324324324,0.662857142857143,0.590277777777778,0.64804469273743,0.613146718146718,0.614864864864865,0.611428571428571,0.572327044025157,0.652439024390244,2,2,4,0,0.654741896758704,-0.119225960088869,oncogenic_pathway,SanchezVega2018_TableS4,323,148,175,20261109,pooled inner out-of-fold AUROC,pooled inner out-of-fold balanced-accuracy optimum,outer out-of-fold AUROC,AUROC >= 0.60 after inner-AUROC component tuning,TRUE,0.0278378378378376,0.0155984555984555,FALSE,TRUE,TRUE,TRUE
GigaSSL,oncogenic_pathway,COAD,RTK RAS,0.66426895214774,0.592260993776145,0.852201104219238,17,0.658759310274462,0.840225248310097,0.618253239465361,0.471074380165289,0.765432098765432,0.857142857142857,0.326315789473684,0.74922600619195,0.74922600619195,0.588179777573717,0.855371900826446,0.320987654320988,0.790076335877863,0.426229508196721,0.626976839098051,0.710743801652893,0.54320987654321,0.822966507177033,0.385964912280702,4,4,15,0,0.685408406026963,2.33694938810345,oncogenic_pathway,SanchezVega2018_TableS4,323,242,81,20261110,pooled inner out-of-fold AUROC,pooled inner out-of-fold balanced-accuracy optimum,outer out-of-fold AUROC,AUROC >= 0.60 after inner-AUROC component tuning,TRUE,-0.00550964187327818,0.0259922456892155,FALSE,TRUE,TRUE,TRUE
ProvGigaPath,oncogenic_pathway,COAD,RTK RAS,0.708091011121314,0.610728497092133,0.879556324687856,9,0.69446995204571,0.863019973563866,0.639194980104071,0.648760330578512,0.62962962962963,0.839572192513369,0.375,0.74922600619195,0.74922600619195,0.645801448831752,0.859504132231405,0.432098765432099,0.818897637795276,0.507246376811594,0.653861850831548,0.776859504132231,0.530864197530864,0.831858407079646,0.443298969072165,6,4,7,0,0.716221602231965,3.03837642271424,oncogenic_pathway,SanchezVega2018_TableS4,323,242,81,20261110,pooled inner out-of-fold AUROC,pooled inner out-of-fold balanced-accuracy optimum,outer out-of-fold AUROC,AUROC >= 0.60 after inner-AUROC component tuning,TRUE,-0.0136210590756044,0.0284664830119381,TRUE,TRUE,TRUE,TRUE
TITAN,oncogenic_pathway,COAD,RTK RAS,0.680338740944802,0.577874706662585,0.858188487944619,7,0.697071727374758,0.863372110018714,0.649270482603816,0.545454545454545,0.753086419753086,0.868421052631579,0.35672514619883,0.74922600619195,0.74922600619195,0.592363024181206,0.888429752066116,0.296296296296296,0.790441176470588,0.470588235294118,0.64337822671156,0.681818181818182,0.604938271604938,0.83756345177665,0.388888888888889,4,2,5,0,0.730927835051546,1.56792440591231,oncogenic_pathway,SanchezVega2018_TableS4,323,242,81,20261110,pooled inner out-of-fold AUROC,pooled inner out-of-fold balanced-accuracy optimum,outer out-of-fold AUROC,AUROC >= 0.60 after inner-AUROC component tuning,TRUE,0.0167329864299557,0.0713957759412309,FALSE,TRUE,TRUE,TRUE
GigaSSL,oncogenic_pathway,COAD,TGF-Beta,0.58609865470852,0.554618834080717,0.394190463369915,13,0.57237668161435,0.392251516806697,0.540089686098655,0.56,0.520179372197309,0.343558282208589,0.725,0.309597523219814,0.309597523219814,0.555650224215247,0.34,0.771300448430493,0.4,0.722689075630252,0.550627802690583,0.46,0.641255605381166,0.365079365079365,0.725888324873096,6,3,9,0,0.634058988764045,-1.3663712652241,oncogenic_pathway,SanchezVega2018_TableS4,323,100,223,20261111,pooled inner out-of-fold AUROC,pooled inner out-of-fold balanced-accuracy optimum,outer out-of-fold AUROC,AUROC >= 0.60 after inner-AUROC component tuning,TRUE,-0.0137219730941702,-0.0145291479820623,FALSE,FALSE,FALSE,TRUE
ProvGigaPath,oncogenic_pathway,COAD,TGF-Beta,0.647892376681614,0.597556053811659,0.439830990158695,4,0.677488789237668,0.458464248737089,0.6197533632287,0.67,0.569506726457399,0.411042944785276,0.79375,0.309597523219814,0.309597523219814,0.605313901345292,0.39,0.820627802690583,0.493670886075949,0.75,0.616322869955157,0.56,0.672645739910314,0.434108527131783,0.77319587628866,4,2,4,0,0.677247191011236,-0.830436237551871,oncogenic_pathway,SanchezVega2018_TableS4,323,100,223,20261111,pooled inner out-of-fold AUROC,pooled inner out-of-fold balanced-accuracy optimum,outer out-of-fold AUROC,AUROC >= 0.60 after inner-AUROC component tuning,TRUE,0.0295964125560542,0.0221973094170406,FALSE,TRUE,TRUE,FALSE
TITAN,oncogenic_pathway,COAD,TGF-Beta,0.653094170403587,0.614618834080718,0.444548624412705,4,0.67322869955157,0.468917449041384,0.624237668161435,0.67,0.57847533632287,0.416149068322981,0.796296296296296,0.309597523219814,0.309597523219814,0.601188340807175,0.31,0.89237668161435,0.563636363636364,0.742537313432836,0.641838565022422,0.62,0.663677130044843,0.452554744525548,0.795698924731183,2,1,2,0,0.681671348314607,-0.972734640471515,oncogenic_pathway,SanchezVega2018_TableS4,323,100,223,20261111,pooled inner out-of-fold AUROC,pooled inner out-of-fold balanced-accuracy optimum,outer out-of-fold AUROC,AUROC >= 0.60 after inner-AUROC component tuning,TRUE,0.0201345291479825,0.00961883408071695,TRUE,TRUE,TRUE,TRUE
GigaSSL,oncogenic_pathway,COAD,TP53,0.740802675585284,0.656020066889632,0.827276033217854,3,0.749122073578595,0.842395164179546,0.685953177257525,0.615384615384615,0.756521739130435,0.82051282051282,0.520958083832335,0.643962848297214,0.643962848297214,0.669983277591973,0.826923076923077,0.51304347826087,0.754385964912281,0.621052631578947,0.678428093645485,0.730769230769231,0.626086956521739,0.77948717948718,0.5625,4,3,5,0,0.713331587218439,0.863080899489373,oncogenic_pathway,SanchezVega2018_TableS4,323,208,115,20261112,pooled inner out-of-fold AUROC,pooled inner out-of-fold balanced-accuracy optimum,outer out-of-fold AUROC,AUROC >= 0.60 after inner-AUROC component tuning,TRUE,0.00831939799331127,0.0299331103678931,TRUE,TRUE,TRUE,TRUE
ProvGigaPath,oncogenic_pathway,COAD,TP53,0.712123745819398,0.663795986622074,0.793790953697215,5,0.724414715719064,0.808934008557118,0.657253344481605,0.697115384615385,0.617391304347826,0.767195767195767,0.529850746268657,0.643962848297214,0.643962848297214,0.663336120401338,0.778846153846154,0.547826086956522,0.757009345794393,0.577981651376147,0.684719899665552,0.725961538461538,0.643478260869565,0.786458333333333,0.564885496183206,4,4,5,0,0.710622233793283,0.52695223417263,oncogenic_pathway,SanchezVega2018_TableS4,323,208,115,20261112,pooled inner out-of-fold AUROC,pooled inner out-of-fold balanced-accuracy optimum,outer out-of-fold AUROC,AUROC >= 0.60 after inner-AUROC component tuning,TRUE,0.0122909698996656,-0.00654264214046862,TRUE,TRUE,TRUE,TRUE
TITAN,oncogenic_pathway,COAD,TP53,0.767809364548495,0.689214046822743,0.841048603130884,2,0.750459866220736,0.823769302182651,0.689172240802676,0.682692307692308,0.695652173913044,0.80225988700565,0.547945205479452,0.643962848297214,0.643962848297214,0.678114548494983,0.860576923076923,0.495652173913044,0.755274261603376,0.662790697674419,0.686559364548495,0.764423076923077,0.608695652173913,0.779411764705882,0.588235294117647,2,1,2,0,0.742710231710492,0.797151036463898,oncogenic_pathway,SanchezVega2018_TableS4,323,208,115,20261112,pooled inner out-of-fold AUROC,pooled inner out-of-fold balanced-accuracy optimum,outer out-of-fold AUROC,AUROC >= 0.60 after inner-AUROC component tuning,TRUE,-0.0173494983277592,-4.18060200674253e-05,TRUE,TRUE,TRUE,FALSE
GigaSSL,oncogenic_pathway,COAD,WNT,0.499059561128527,0.49926854754441,0.891542522659274,10,0.530929989550679,0.900355664934107,0.54649947753396,0.517241379310345,0.575757575757576,0.914634146341463,0.119496855345912,0.897832817337461,0.897832817337461,0.524764890282132,0.958620689655172,0.0909090909090909,0.902597402597403,0.2,0.51123301985371,0.810344827586207,0.212121212121212,0.900383141762452,0.112903225806452,3,1,13,0,0.587864721485411,3.68258320647503,oncogenic_pathway,SanchezVega2018_TableS4,323,290,33,20261113,pooled inner out-of-fold AUROC,pooled inner out-of-fold balanced-accuracy optimum,outer out-of-fold AUROC,AUROC >= 0.60 after inner-AUROC component tuning,TRUE,0.0318704284221522,0.0472309299895503,FALSE,FALSE,FALSE,TRUE
ProvGigaPath,oncogenic_pathway,COAD,WNT,0.522675026123302,0.537826541274817,0.902811228116036,9,0.54503657262278,0.90715179169064,0.524085684430512,0.472413793103448,0.575757575757576,0.907284768211921,0.11046511627907,0.897832817337461,0.897832817337461,0.504440961337513,0.948275862068965,0.0606060606060606,0.898692810457516,0.117647058823529,0.516039707419018,0.789655172413793,0.242424242424242,0.901574803149606,0.115942028985507,3,2,11,0,0.571200510855683,3.97961324947451,oncogenic_pathway,SanchezVega2018_TableS4,323,290,33,20261113,pooled inner out-of-fold AUROC,pooled inner out-of-fold balanced-accuracy optimum,outer out-of-fold AUROC,AUROC >= 0.60 after inner-AUROC component tuning,TRUE,0.0223615464994775,-0.0137408568443049,FALSE,FALSE,FALSE,TRUE
TITAN,oncogenic_pathway,COAD,WNT,0.502716823406479,0.491013584117033,0.891855281044226,10,0.591640543364681,0.910334653043347,0.605747126436782,0.544827586206897,0.666666666666667,0.93491124260355,0.142857142857143,0.897832817337461,0.897832817337461,0.522675026123302,0.924137931034483,0.121212121212121,0.902356902356902,0.153846153846154,0.570480668756531,0.837931034482759,0.303030303030303,0.913533834586466,0.175438596491228,7,6,10,0,0.598818646232439,5.62104315869445,oncogenic_pathway,SanchezVega2018_TableS4,323,290,33,20261113,pooled inner out-of-fold AUROC,pooled inner out-of-fold balanced-accuracy optimum,outer out-of-fold AUROC,AUROC >= 0.60 after inner-AUROC component tuning,TRUE,0.0889237199582023,0.114733542319749,FALSE,TRUE,FALSE,TRUE
GigaSSL,oncogenic_pathway,ESCA,HIPPO,0.595789473684211,0.551754385964912,0.314853133179473,6,0.621052631578947,0.307387597073578,0.583684210526316,0.72,0.447368421052632,0.222222222222222,0.879310344827586,0.179856115107914,0.179856115107914,0.591754385964912,0.28,0.903508771929825,0.388888888888889,0.851239669421488,0.596666666666667,0.36,0.833333333333333,0.321428571428571,0.855855855855856,9,2,14,0,0.683516483516484,-9.40401609749239,oncogenic_pathway,SanchezVega2018_TableS4,139,25,114,20261114,pooled inner out-of-fold AUROC,pooled inner out-of-fold balanced-accuracy optimum,outer out-of-fold AUROC,AUROC >= 0.60 after inner-AUROC component tuning,TRUE,0.0252631578947364,0.0319298245614038,FALSE,FALSE,TRUE,TRUE
ProvGigaPath,oncogenic_pathway,ESCA,HIPPO,0.465964912280702,0.47421052631579,0.17191806644689,3,0.496491228070175,0.184638648806366,0.562631578947368,0.52,0.605263157894737,0.224137931034483,0.851851851851852,0.179856115107914,0.179856115107914,0.476140350877193,0.04,0.912280701754386,0.0909090909090909,0.8125,0.515263157894737,0.32,0.710526315789474,0.195121951219512,0.826530612244898,2,1,8,0,0.657692307692308,-2.68586145264483,oncogenic_pathway,SanchezVega2018_TableS4,139,25,114,20261114,pooled inner out-of-fold AUROC,pooled inner out-of-fold balanced-accuracy optimum,outer out-of-fold AUROC,AUROC >= 0.60 after inner-AUROC component tuning,TRUE,0.0305263157894734,0.0884210526315784,FALSE,FALSE,FALSE,TRUE
TITAN,oncogenic_pathway,ESCA,HIPPO,0.525964912280702,0.49859649122807,0.20704607131408,4,0.573333333333333,0.22661530803954,0.575789473684211,0.52,0.631578947368421,0.236363636363636,0.857142857142857,0.179856115107914,0.179856115107914,0.491754385964912,0.08,0.903508771929825,0.153846153846154,0.817460317460317,0.560175438596491,0.48,0.640350877192982,0.226415094339623,0.848837209302326,2,1,7,0,0.679891304347826,-1.98034416232747,oncogenic_pathway,SanchezVega2018_TableS4,139,25,114,20261114,pooled inner out-of-fold AUROC,pooled inner out-of-fold balanced-accuracy optimum,outer out-of-fold AUROC,AUROC >= 0.60 after inner-AUROC component tuning,TRUE,0.0473684210526314,0.0771929824561405,FALSE,FALSE,FALSE,TRUE
GigaSSL,oncogenic_pathway,ESCA,MYC,0.594918224299065,0.533148364485981,0.306731402917744,9,0.596378504672897,0.310861200366261,0.597838785046729,0.8125,0.383177570093458,0.282608695652174,0.872340425531915,0.23021582733813,0.23021582733813,0.54410046728972,0.3125,0.775700934579439,0.294117647058824,0.79047619047619,0.636390186915888,0.5625,0.710280373831776,0.36734693877551,0.844444444444445,4,4,15,0,0.710588235294118,-3.30147704939514,oncogenic_pathway,SanchezVega2018_TableS4,139,32,107,20261115,pooled inner out-of-fold AUROC,pooled inner out-of-fold balanced-accuracy optimum,outer out-of-fold AUROC,AUROC >= 0.60 after inner-AUROC component tuning,TRUE,0.00146028037383217,0.0646904205607479,FALSE,FALSE,FALSE,TRUE
ProvGigaPath,oncogenic_pathway,ESCA,MYC,0.550233644859813,0.529935747663551,0.314472741105974,3,0.558411214953271,0.290420309663106,0.549357476635514,0.6875,0.411214953271028,0.258823529411765,0.814814814814815,0.23021582733813,0.23021582733813,0.531396028037383,0.15625,0.906542056074766,0.333333333333333,0.782258064516129,0.558411214953271,0.5,0.616822429906542,0.280701754385965,0.804878048780488,2,1,5,0,0.575134168157424,-2.27225484785114,oncogenic_pathway,SanchezVega2018_TableS4,139,32,107,20261115,pooled inner out-of-fold AUROC,pooled inner out-of-fold balanced-accuracy optimum,outer out-of-fold AUROC,AUROC >= 0.60 after inner-AUROC component tuning,TRUE,0.0081775700934581,0.019421728971963,FALSE,FALSE,FALSE,TRUE
TITAN,oncogenic_pathway,ESCA,MYC,0.512266355140187,0.451956775700935,0.255477613033455,8,0.508469626168224,0.236501169542758,0.525846962616822,0.59375,0.457943925233645,0.246753246753247,0.790322580645161,0.23021582733813,0.23021582733813,0.533002336448598,0.1875,0.878504672897196,0.315789473684211,0.783333333333333,0.470940420560748,0.34375,0.598130841121495,0.203703703703704,0.752941176470588,3,2,6,0,0.616726296958855,-1.71888570454509,oncogenic_pathway,SanchezVega2018_TableS4,139,32,107,20261115,pooled inner out-of-fold AUROC,pooled inner out-of-fold balanced-accuracy optimum,outer out-of-fold AUROC,AUROC >= 0.60 after inner-AUROC component tuning,TRUE,-0.0037967289719627,0.0738901869158874,FALSE,FALSE,FALSE,TRUE
GigaSSL,oncogenic_pathway,ESCA,NOTCH,0.500956937799043,0.489832535885168,0.314623227599624,18,0.467464114832536,0.300564165136526,0.448564593301435,0.318181818181818,0.578947368421053,0.259259259259259,0.647058823529412,0.316546762589928,0.316546762589928,0.486483253588517,0.204545454545455,0.768421052631579,0.290322580645161,0.675925925925926,0.420574162679426,0.272727272727273,0.568421052631579,0.226415094339623,0.627906976744186,3,1,20,2,0.54812030075188,-0.998358960248078,oncogenic_pathway,SanchezVega2018_TableS4,139,44,95,20261116,pooled inner out-of-fold AUROC,pooled inner out-of-fold balanced-accuracy optimum,outer out-of-fold AUROC,AUROC >= 0.60 after inner-AUROC component tuning,TRUE,-0.0334928229665072,-0.0412679425837326,FALSE,FALSE,FALSE,TRUE
ProvGigaPath,oncogenic_pathway,ESCA,NOTCH,0.572966507177033,0.529186602870813,0.374492618741066,7,0.56244019138756,0.36437172888378,0.552272727272727,0.704545454545455,0.4,0.352272727272727,0.745098039215686,0.316546762589928,0.316546762589928,0.586004784688995,0.477272727272727,0.694736842105263,0.42,0.741573033707865,0.592105263157895,0.5,0.68421052631579,0.423076923076923,0.747126436781609,10,4,19,0,0.572556390977444,-3.9142494598785,oncogenic_pathway,SanchezVega2018_TableS4,139,44,95,20261116,pooled inner out-of-fold AUROC,pooled inner out-of-fold balanced-accuracy optimum,outer out-of-fold AUROC,AUROC >= 0.60 after inner-AUROC component tuning,TRUE,-0.0105263157894732,0.0230861244019143,FALSE,FALSE,FALSE,TRUE
TITAN,oncogenic_pathway,ESCA,NOTCH,0.542583732057416,0.560765550239235,0.378168621851616,12,0.521052631578947,0.362145783129955,0.530980861244019,0.840909090909091,0.221052631578947,0.333333333333333,0.75,0.316546762589928,0.316546762589928,0.494497607655502,0.136363636363636,0.852631578947369,0.3,0.680672268907563,0.523684210526316,0.5,0.547368421052632,0.338461538461539,0.702702702702703,1,1,20,1,0.553007518796993,-1.46588236582127,oncogenic_pathway,SanchezVega2018_TableS4,139,44,95,20261116,pooled inner out-of-fold AUROC,pooled inner out-of-fold balanced-accuracy optimum,outer out-of-fold AUROC,AUROC >= 0.60 after inner-AUROC component tuning,TRUE,-0.0215311004784686,-0.0297846889952158,FALSE,FALSE,FALSE,TRUE
GigaSSL,oncogenic_pathway,ESCA,NRF2,0.706682206682207,0.684537684537685,0.314643787488923,1,0.825951825951826,0.494703974247488,0.741064491064491,0.772727272727273,0.70940170940171,0.333333333333333,0.943181818181818,0.158273381294964,0.158273381294964,0.661810411810412,0.409090909090909,0.914529914529914,0.473684210526316,0.891666666666667,0.697163947163947,0.590909090909091,0.803418803418803,0.361111111111111,0.912621359223301,3,3,3,0,0.849290780141844,-2.97008069013281,oncogenic_pathway,SanchezVega2018_TableS4,139,22,117,20261117,pooled inner out-of-fold AUROC,pooled inner out-of-fold balanced-accuracy optimum,outer out-of-fold AUROC,AUROC >= 0.60 after inner-AUROC component tuning,TRUE,0.119269619269619,0.056526806526806,TRUE,TRUE,TRUE,TRUE
ProvGigaPath,oncogenic_pathway,ESCA,NRF2,0.664335664335664,0.630536130536131,0.326754051937039,5,0.739316239316239,0.37493541436861,0.661227661227661,0.818181818181818,0.504273504273504,0.236842105263158,0.936507936507937,0.158273381294964,0.158273381294964,0.602175602175602,0.272727272727273,0.931623931623932,0.428571428571429,0.872,0.684343434343434,0.590909090909091,0.777777777777778,0.333333333333333,0.91,2,1,4,0,0.807919621749409,-3.8302647629031,oncogenic_pathway,SanchezVega2018_TableS4,139,22,117,20261117,pooled inner out-of-fold AUROC,pooled inner out-of-fold balanced-accuracy optimum,outer out-of-fold AUROC,AUROC >= 0.60 after inner-AUROC component tuning,TRUE,0.0749805749805753,0.0306915306915303,TRUE,TRUE,TRUE,TRUE
TITAN,oncogenic_pathway,ESCA,NRF2,0.652292152292152,0.594988344988345,0.337557876152534,16,0.654623154623155,0.29229399046651,0.626068376068376,0.5,0.752136752136752,0.275,0.888888888888889,0.158273381294964,0.158273381294964,0.579448329448329,0.227272727272727,0.931623931623932,0.384615384615385,0.865079365079365,0.607614607614608,0.454545454545455,0.760683760683761,0.263157894736842,0.881188118811881,3,1,9,0,0.776723592662872,-1.9803862860231,oncogenic_pathway,SanchezVega2018_TableS4,139,22,117,20261117,pooled inner out-of-fold AUROC,pooled inner out-of-fold balanced-accuracy optimum,outer out-of-fold AUROC,AUROC >= 0.60 after inner-AUROC component tuning,TRUE,0.00233100233100259,0.0310800310800311,FALSE,TRUE,TRUE,TRUE
GigaSSL,oncogenic_pathway,ESCA,PI3K,0.574364406779661,0.576165254237288,0.523500929748438,1,0.597669491525424,0.557531659027984,0.527966101694915,0.355932203389831,0.7,0.466666666666667,0.595744680851064,0.424460431654676,0.424460431654676,0.607838983050848,0.440677966101695,0.775,0.590909090909091,0.652631578947369,0.606885593220339,0.576271186440678,0.6375,0.53968253968254,0.671052631578947,1,1,3,0,0.641289893617021,0.790248707750321,oncogenic_pathway,SanchezVega2018_TableS4,139,59,80,20261118,pooled inner out-of-fold AUROC,pooled inner out-of-fold balanced-accuracy optimum,outer out-of-fold AUROC,AUROC >= 0.60 after inner-AUROC component tuning,TRUE,0.0233050847457627,-0.0481991525423728,FALSE,FALSE,FALSE,FALSE
ProvGigaPath,oncogenic_pathway,ESCA,PI3K,0.554025423728814,0.569915254237288,0.489790514921964,2,0.515677966101695,0.450343223163334,0.52521186440678,0.525423728813559,0.525,0.449275362318841,0.6,0.424460431654676,0.424460431654676,0.535063559322034,0.457627118644068,0.6125,0.46551724137931,0.604938271604938,0.510487288135593,0.508474576271186,0.5125,0.434782608695652,0.585714285714286,2,1,20,1,0.593085106382979,-0.300893736783182,oncogenic_pathway,SanchezVega2018_TableS4,139,59,80,20261118,pooled inner out-of-fold AUROC,pooled inner out-of-fold balanced-accuracy optimum,outer out-of-fold AUROC,AUROC >= 0.60 after inner-AUROC component tuning,TRUE,-0.0383474576271191,-0.0447033898305083,FALSE,FALSE,FALSE,FALSE
TITAN,oncogenic_pathway,ESCA,PI3K,0.665677966101695,0.60021186440678,0.598200172451152,7,0.647881355932204,0.568822670121555,0.573411016949153,0.559322033898305,0.5875,0.5,0.643835616438356,0.424460431654676,0.424460431654676,0.61896186440678,0.525423728813559,0.7125,0.574074074074074,0.670588235294118,0.621186440677966,0.542372881355932,0.7,0.571428571428571,0.674698795180723,20,7,20,3,0.668218085106383,-0.831960340220686,oncogenic_pathway,SanchezVega2018_TableS4,139,59,80,20261118,pooled inner out-of-fold AUROC,pooled inner out-of-fold balanced-accuracy optimum,outer out-of-fold AUROC,AUROC >= 0.60 after inner-AUROC component tuning,TRUE,-0.0177966101694916,-0.0268008474576275,TRUE,FALSE,TRUE,TRUE
GigaSSL,oncogenic_pathway,ESCA,RTK RAS,0.522362869198312,0.495464135021097,0.599716657190512,4,0.505063291139241,0.588136340854276,0.50253164556962,0.405063291139241,0.6,0.571428571428571,0.433734939759036,0.568345323741007,0.568345323741007,0.516455696202532,0.632911392405063,0.4,0.581395348837209,0.452830188679245,0.518143459915612,0.569620253164557,0.466666666666667,0.584415584415584,0.451612903225806,18,1,20,1,0.5595703125,15.0707096141781,oncogenic_pathway,SanchezVega2018_TableS4,139,79,60,20261119,pooled inner out-of-fold AUROC,pooled inner out-of-fold balanced-accuracy optimum,outer out-of-fold AUROC,AUROC >= 0.60 after inner-AUROC component tuning,TRUE,-0.0172995780590715,0.00706751054852328,FALSE,FALSE,FALSE,TRUE
ProvGigaPath,oncogenic_pathway,ESCA,RTK RAS,0.537130801687764,0.539135021097046,0.600576721246638,1,0.531645569620253,0.586464829337739,0.54915611814346,0.531645569620253,0.566666666666667,0.617647058823529,0.47887323943662,0.568345323741007,0.568345323741007,0.539135021097046,0.59493670886076,0.483333333333333,0.602564102564103,0.475409836065574,0.574472573839663,0.582278481012658,0.566666666666667,0.638888888888889,0.507462686567164,1,1,11,0,0.598214285714286,0.446158135872283,oncogenic_pathway,SanchezVega2018_TableS4,139,79,60,20261119,pooled inner out-of-fold AUROC,pooled inner out-of-fold balanced-accuracy optimum,outer out-of-fold AUROC,AUROC >= 0.60 after inner-AUROC component tuning,TRUE,-0.00548523206751084,0.0100210970464139,FALSE,FALSE,FALSE,FALSE
TITAN,oncogenic_pathway,ESCA,RTK RAS,0.545991561181435,0.541139240506329,0.601107258815573,3,0.535654008438819,0.587102470404401,0.52879746835443,0.607594936708861,0.45,0.592592592592593,0.46551724137931,0.568345323741007,0.568345323741007,0.528481012658228,0.556962025316456,0.5,0.594594594594595,0.461538461538462,0.551160337552743,0.518987341772152,0.583333333333333,0.621212121212121,0.479452054794521,4,1,7,0,0.627645502645503,-0.266520596363818,oncogenic_pathway,SanchezVega2018_TableS4,139,79,60,20261119,pooled inner out-of-fold AUROC,pooled inner out-of-fold balanced-accuracy optimum,outer out-of-fold AUROC,AUROC >= 0.60 after inner-AUROC component tuning,TRUE,-0.0103375527426164,-0.0123417721518986,FALSE,FALSE,FALSE,TRUE
GigaSSL,oncogenic_pathway,ESCA,TGF-Beta,0.478897208985705,0.534206943498979,0.197480693089711,10,0.516678012253234,0.213616554371974,0.555309734513274,0.5,0.610619469026549,0.228070175438597,0.841463414634146,0.18705035971223,0.18705035971223,0.528250510551396,0.153846153846154,0.902654867256637,0.266666666666667,0.82258064516129,0.535908781484003,0.346153846153846,0.725663716814159,0.225,0.828282828282828,8,1,10,0,0.513756613756614,-2.22443479331173,oncogenic_pathway,SanchezVega2018_TableS4,139,26,113,20261120,pooled inner out-of-fold AUROC,pooled inner out-of-fold balanced-accuracy optimum,outer out-of-fold AUROC,AUROC >= 0.60 after inner-AUROC component tuning,TRUE,0.0377808032675285,0.0211027910142952,FALSE,FALSE,FALSE,TRUE
ProvGigaPath,oncogenic_pathway,ESCA,TGF-Beta,0.532334921715453,0.562287270251872,0.266830148947934,8,0.545609257998639,0.244995299690615,0.45643294758339,0.461538461538462,0.451327433628319,0.162162162162162,0.784615384615385,0.18705035971223,0.18705035971223,0.553437712729748,0.230769230769231,0.876106194690266,0.3,0.831932773109244,0.521102791014295,0.307692307692308,0.734513274336283,0.210526315789474,0.821782178217822,3,1,16,0,0.602645502645503,-3.65112003816935,oncogenic_pathway,SanchezVega2018_TableS4,139,26,113,20261120,pooled inner out-of-fold AUROC,pooled inner out-of-fold balanced-accuracy optimum,outer out-of-fold AUROC,AUROC >= 0.60 after inner-AUROC component tuning,TRUE,0.0132743362831855,-0.105854322668482,FALSE,FALSE,FALSE,TRUE
TITAN,oncogenic_pathway,ESCA,TGF-Beta,0.558883594281824,0.531313818924438,0.255302153638837,4,0.626616746085773,0.290403430954555,0.546630360789653,0.615384615384615,0.47787610619469,0.213333333333333,0.84375,0.18705035971223,0.18705035971223,0.556330837304289,0.192307692307692,0.920353982300885,0.357142857142857,0.832,0.599557522123894,0.5,0.699115044247788,0.276595744680851,0.858695652173913,1,1,19,0,0.642777777777778,-2.24015789451106,oncogenic_pathway,SanchezVega2018_TableS4,139,26,113,20261120,pooled inner out-of-fold AUROC,pooled inner out-of-fold balanced-accuracy optimum,outer out-of-fold AUROC,AUROC >= 0.60 after inner-AUROC component tuning,TRUE,0.0677331518039487,0.0153165418652149,FALSE,FALSE,TRUE,TRUE
GigaSSL,oncogenic_pathway,ESCA,WNT,0.543114543114543,0.512387387387387,0.23602428054326,8,0.652831402831403,0.313082895469337,0.600707850707851,0.642857142857143,0.558558558558559,0.26865671641791,0.861111111111111,0.201438848920863,0.201438848920863,0.588803088803089,0.285714285714286,0.891891891891892,0.4,0.831932773109244,0.605694980694981,0.535714285714286,0.675675675675676,0.294117647058824,0.852272727272727,2,2,6,0,0.757916241062309,-2.04357958876393,oncogenic_pathway,SanchezVega2018_TableS4,139,28,111,20261121,pooled inner out-of-fold AUROC,pooled inner out-of-fold balanced-accuracy optimum,outer out-of-fold AUROC,AUROC >= 0.60 after inner-AUROC component tuning,TRUE,0.10971685971686,0.0883204633204637,FALSE,TRUE,TRUE,TRUE
ProvGigaPath,oncogenic_pathway,ESCA,WNT,0.601351351351351,0.570624195624196,0.272747282026695,5,0.574324324324324,0.259005597109337,0.546975546975547,0.571428571428571,0.522522522522523,0.231884057971015,0.828571428571429,0.201438848920863,0.201438848920863,0.561615186615187,0.321428571428571,0.801801801801802,0.290322580645161,0.824074074074074,0.556949806949807,0.357142857142857,0.756756756756757,0.27027027027027,0.823529411764706,4,2,16,0,0.743285123966942,-7.68381964302081,oncogenic_pathway,SanchezVega2018_TableS4,139,28,111,20261121,pooled inner out-of-fold AUROC,pooled inner out-of-fold balanced-accuracy optimum,outer out-of-fold AUROC,AUROC >= 0.60 after inner-AUROC component tuning,TRUE,-0.0270270270270266,-0.023648648648649,FALSE,FALSE,FALSE,TRUE
TITAN,oncogenic_pathway,ESCA,WNT,0.491956241956242,0.499195624195624,0.208334074114959,9,0.489060489060489,0.209058020501238,0.564671814671815,0.642857142857143,0.486486486486487,0.24,0.84375,0.201438848920863,0.201438848920863,0.481177606177606,0.178571428571429,0.783783783783784,0.172413793103448,0.790909090909091,0.489221364221364,0.392857142857143,0.585585585585586,0.192982456140351,0.792682926829268,3,1,17,0,0.65495867768595,-2.91728731277625,oncogenic_pathway,SanchezVega2018_TableS4,139,28,111,20261121,pooled inner out-of-fold AUROC,pooled inner out-of-fold balanced-accuracy optimum,outer out-of-fold AUROC,AUROC >= 0.60 after inner-AUROC component tuning,TRUE,-0.00289575289575295,0.0654761904761907,FALSE,FALSE,FALSE,TRUE
GigaSSL,oncogenic_pathway,GBM,PI3K,0.493548387096774,0.468548387096774,0.562238031422631,5,0.529838709677419,0.628560768755854,0.461693548387097,0.375,0.548387096774194,0.517241379310345,0.404761904761905,0.563380281690141,0.563380281690141,0.513306451612903,0.575,0.451612903225806,0.575,0.451612903225806,0.488306451612903,0.525,0.451612903225806,0.552631578947369,0.424242424242424,5,2,19,0,0.57875,1.63170246489303,oncogenic_pathway,SanchezVega2018_TableS4,71,40,31,20261122,pooled inner out-of-fold AUROC,pooled inner out-of-fold balanced-accuracy optimum,outer out-of-fold AUROC,AUROC >= 0.60 after inner-AUROC component tuning,TRUE,0.0362903225806453,-0.00685483870967724,FALSE,FALSE,FALSE,FALSE
ProvGigaPath,oncogenic_pathway,GBM,PI3K,0.52741935483871,0.534677419354839,0.587260928907374,5,0.533064516129032,0.656341901745228,0.506854838709677,0.175,0.838709677419355,0.583333333333333,0.440677966101695,0.563380281690141,0.563380281690141,0.463306451612903,0.475,0.451612903225806,0.527777777777778,0.4,0.463306451612903,0.475,0.451612903225806,0.527777777777778,0.4,20,1,20,3,0.627604166666667,146105.712593313,oncogenic_pathway,SanchezVega2018_TableS4,71,40,31,20261122,pooled inner out-of-fold AUROC,pooled inner out-of-fold balanced-accuracy optimum,outer out-of-fold AUROC,AUROC >= 0.60 after inner-AUROC component tuning,TRUE,0.00564516129032222,-0.0278225806451616,FALSE,FALSE,FALSE,TRUE
TITAN,oncogenic_pathway,GBM,PI3K,0.566129032258065,0.531048387096774,0.618843867094299,3,0.567741935483871,0.60458078437796,0.513306451612903,0.575,0.451612903225806,0.575,0.451612903225806,0.563380281690141,0.563380281690141,0.558064516129032,0.6,0.516129032258065,0.615384615384615,0.5,0.545564516129032,0.575,0.516129032258065,0.605263157894737,0.484848484848485,4,3,14,0,0.59875,-0.604556736934169,oncogenic_pathway,SanchezVega2018_TableS4,71,40,31,20261122,pooled inner out-of-fold AUROC,pooled inner out-of-fold balanced-accuracy optimum,outer out-of-fold AUROC,AUROC >= 0.60 after inner-AUROC component tuning,TRUE,0.00161290322580598,-0.0177419354838708,FALSE,FALSE,FALSE,TRUE
GigaSSL,oncogenic_pathway,GBM,TP53,0.614832535885168,0.562200956937799,0.642142752832204,8,0.625996810207337,0.650616143918838,0.55622009569378,0.657894736842105,0.454545454545455,0.581395348837209,0.535714285714286,0.535211267605634,0.535211267605634,0.558213716108453,0.631578947368421,0.484848484848485,0.585365853658537,0.533333333333333,0.545055821371611,0.605263157894737,0.484848484848485,0.575,0.516129032258065,6,4,8,0,0.724358974358974,0.67560640408038,oncogenic_pathway,SanchezVega2018_TableS4,71,38,33,20261123,pooled inner out-of-fold AUROC,pooled inner out-of-fold balanced-accuracy optimum,outer out-of-fold AUROC,AUROC >= 0.60 after inner-AUROC component tuning,TRUE,0.0111642743221686,-0.00598086124401909,FALSE,FALSE,TRUE,TRUE
ProvGigaPath,oncogenic_pathway,GBM,TP53,0.659489633173844,0.649122807017544,0.658716572829304,7,0.723285486443381,0.749495159527814,0.600478468899522,0.473684210526316,0.727272727272727,0.666666666666667,0.545454545454545,0.535211267605634,0.535211267605634,0.68859649122807,0.710526315789474,0.666666666666667,0.710526315789474,0.666666666666667,0.68859649122807,0.710526315789474,0.666666666666667,0.710526315789474,0.666666666666667,7,7,8,0,0.664277180406213,18.5079556129283,oncogenic_pathway,SanchezVega2018_TableS4,71,38,33,20261123,pooled inner out-of-fold AUROC,pooled inner out-of-fold balanced-accuracy optimum,outer out-of-fold AUROC,AUROC >= 0.60 after inner-AUROC component tuning,TRUE,0.0637958532695372,-0.0486443381180225,TRUE,TRUE,TRUE,FALSE
TITAN,oncogenic_pathway,GBM,TP53,0.688197767145136,0.645135566188198,0.717567998927872,2,0.73444976076555,0.771922877333315,0.72488038277512,0.631578947368421,0.818181818181818,0.8,0.658536585365854,0.535211267605634,0.535211267605634,0.718899521531101,0.710526315789474,0.727272727272727,0.75,0.685714285714286,0.718899521531101,0.710526315789474,0.727272727272727,0.75,0.685714285714286,3,2,6,0,0.823076923076923,1.73066354532508,oncogenic_pathway,SanchezVega2018_TableS4,71,38,33,20261123,pooled inner out-of-fold AUROC,pooled inner out-of-fold balanced-accuracy optimum,outer out-of-fold AUROC,AUROC >= 0.60 after inner-AUROC component tuning,TRUE,0.0462519936204142,0.0797448165869216,TRUE,TRUE,TRUE,TRUE
GigaSSL,oncogenic_pathway,HNSC,Cell Cycle,0.531099397590361,0.489382530120482,0.820605022825045,15,0.569540662650602,0.848797496592816,0.552635542168675,0.692771084337349,0.4125,0.830324909747293,0.244444444444444,0.805825242718447,0.805825242718447,0.520557228915663,0.903614457831325,0.1375,0.813008130081301,0.255813953488372,0.52914156626506,0.695783132530121,0.3625,0.819148936170213,0.223076923076923,2,2,11,0,0.61933962264151,1.11704498237677,oncogenic_pathway,SanchezVega2018_TableS4,412,332,80,20261124,pooled inner out-of-fold AUROC,pooled inner out-of-fold balanced-accuracy optimum,outer out-of-fold AUROC,AUROC >= 0.60 after inner-AUROC component tuning,TRUE,0.0384412650602415,0.0632530120481926,FALSE,FALSE,FALSE,TRUE
ProvGigaPath,oncogenic_pathway,HNSC,Cell Cycle,0.563667168674699,0.532906626506024,0.821481129361656,14,0.573644578313253,0.829447639280925,0.574246987951807,0.623493975903615,0.525,0.844897959183674,0.251497005988024,0.805825242718447,0.805825242718447,0.551882530120482,0.816265060240964,0.2875,0.826219512195122,0.273809523809524,0.565737951807229,0.743975903614458,0.3875,0.83445945945946,0.267241379310345,12,6,20,1,0.636513157894737,3.24327025899256,oncogenic_pathway,SanchezVega2018_TableS4,412,332,80,20261124,pooled inner out-of-fold AUROC,pooled inner out-of-fold balanced-accuracy optimum,outer out-of-fold AUROC,AUROC >= 0.60 after inner-AUROC component tuning,TRUE,0.00997740963855398,0.0413403614457832,FALSE,FALSE,FALSE,TRUE
TITAN,oncogenic_pathway,HNSC,Cell Cycle,0.603652108433735,0.562424698795181,0.853240308565813,10,0.61558734939759,0.856719321513235,0.567996987951807,0.623493975903615,0.5125,0.841463414634146,0.246987951807229,0.805825242718447,0.805825242718447,0.564759036144578,0.879518072289157,0.25,0.829545454545455,0.333333333333333,0.590737951807229,0.743975903614458,0.4375,0.845890410958904,0.291666666666667,9,2,10,0,0.660731132075472,2.37070704666213,oncogenic_pathway,SanchezVega2018_TableS4,412,332,80,20261124,pooled inner out-of-fold AUROC,pooled inner out-of-fold balanced-accuracy optimum,outer out-of-fold AUROC,AUROC >= 0.60 after inner-AUROC component tuning,TRUE,0.0119352409638555,0.00557228915662622,FALSE,FALSE,TRUE,TRUE
GigaSSL,oncogenic_pathway,HNSC,HIPPO,0.587289663461538,0.569210737179487,0.427608997759878,11,0.593098958333333,0.447581168157218,0.561598557692308,0.615384615384615,0.5078125,0.432432432432432,0.68421052631579,0.378640776699029,0.378640776699029,0.569511217948718,0.435897435897436,0.703125,0.472222222222222,0.671641791044776,0.568359375,0.5,0.63671875,0.456140350877193,0.676348547717842,9,7,14,0,0.615453658536585,-1.17941127378528,oncogenic_pathway,SanchezVega2018_TableS4,412,156,256,20261125,pooled inner out-of-fold AUROC,pooled inner out-of-fold balanced-accuracy optimum,outer out-of-fold AUROC,AUROC >= 0.60 after inner-AUROC component tuning,TRUE,0.00580929487179538,-0.00761217948717929,FALSE,FALSE,FALSE,TRUE
ProvGigaPath,oncogenic_pathway,HNSC,HIPPO,0.604567307692308,0.607121394230769,0.456056620209655,13,0.600210336538462,0.457699754374666,0.584334935897436,0.621794871794872,0.546875,0.455399061032864,0.703517587939699,0.378640776699029,0.378640776699029,0.588591746794872,0.493589743589744,0.68359375,0.487341772151899,0.688976377952756,0.599158653846154,0.557692307692308,0.640625,0.486033519553073,0.703862660944206,10,6,16,0,0.629853658536585,-0.95633821342197,oncogenic_pathway,SanchezVega2018_TableS4,412,156,256,20261125,pooled inner out-of-fold AUROC,pooled inner out-of-fold balanced-accuracy optimum,outer out-of-fold AUROC,AUROC >= 0.60 after inner-AUROC component tuning,TRUE,-0.00435697115384648,-0.0227864583333332,TRUE,FALSE,TRUE,TRUE
TITAN,oncogenic_pathway,HNSC,HIPPO,0.60829827724359,0.534254807692308,0.480316619807376,6,0.600285456730769,0.441250436696525,0.557592147435897,0.544871794871795,0.5703125,0.435897435897436,0.672811059907834,0.378640776699029,0.378640776699029,0.552233573717949,0.397435897435897,0.70703125,0.452554744525548,0.658181818181818,0.589242788461538,0.576923076923077,0.6015625,0.46875,0.7,5,2,9,0,0.611668292682927,-0.529814068890217,oncogenic_pathway,SanchezVega2018_TableS4,412,156,256,20261125,pooled inner out-of-fold AUROC,pooled inner out-of-fold balanced-accuracy optimum,outer out-of-fold AUROC,AUROC >= 0.60 after inner-AUROC component tuning,TRUE,-0.00801282051282071,0.0233373397435893,FALSE,FALSE,TRUE,TRUE
GigaSSL,oncogenic_pathway,HNSC,MYC,0.522301550744665,0.501688929832642,0.209706360667676,3,0.531744203899893,0.20563684144266,0.505988023952096,0.5,0.511976047904192,0.193069306930693,0.814285714285714,0.189320388349515,0.189320388349515,0.492284661446338,0.0384615384615385,0.946107784431138,0.142857142857143,0.808184143222506,0.523337939505604,0.435897435897436,0.610778443113773,0.207317073170732,0.82258064516129,2,1,3,0,0.585050935797205,-1.74263669306501,oncogenic_pathway,SanchezVega2018_TableS4,412,78,334,20261126,pooled inner out-of-fold AUROC,pooled inner out-of-fold balanced-accuracy optimum,outer out-of-fold AUROC,AUROC >= 0.60 after inner-AUROC component tuning,TRUE,0.00944265315522752,0.00429909411945373,FALSE,FALSE,FALSE,TRUE
ProvGigaPath,oncogenic_pathway,HNSC,MYC,0.52214801166897,0.511054813450023,0.202670191285482,3,0.532703823122985,0.203640314344298,0.521150007676954,0.551282051282051,0.491017964071856,0.2018779342723,0.824120603015075,0.189320388349515,0.189320388349515,0.490135114386611,0.0641025641025641,0.916167664670659,0.151515151515152,0.807387862796834,0.533394748963611,0.423076923076923,0.6437125748503,0.217105263157895,0.826923076923077,1,1,17,0,0.583511016346837,-1.74331161516007,oncogenic_pathway,SanchezVega2018_TableS4,412,78,334,20261126,pooled inner out-of-fold AUROC,pooled inner out-of-fold balanced-accuracy optimum,outer out-of-fold AUROC,AUROC >= 0.60 after inner-AUROC component tuning,TRUE,0.0105558114540149,0.0100951942269307,FALSE,FALSE,FALSE,TRUE
TITAN,oncogenic_pathway,HNSC,MYC,0.536465530477507,0.525180408413941,0.218833834592341,4,0.54502533394749,0.211090176856627,0.545255642561032,0.692307692307692,0.398203592814371,0.211764705882353,0.847133757961784,0.189320388349515,0.189320388349515,0.495470597267005,0.0897435897435897,0.901197604790419,0.175,0.809139784946236,0.519729771226777,0.371794871794872,0.667664670658683,0.207142857142857,0.819852941176471,5,1,6,0,0.597921952398212,-2.24198824279142,oncogenic_pathway,SanchezVega2018_TableS4,412,78,334,20261126,pooled inner out-of-fold AUROC,pooled inner out-of-fold balanced-accuracy optimum,outer out-of-fold AUROC,AUROC >= 0.60 after inner-AUROC component tuning,TRUE,0.00855980346998264,0.0200752341470908,FALSE,FALSE,FALSE,TRUE
GigaSSL,oncogenic_pathway,HNSC,NOTCH,0.498713182728053,0.506252112200068,0.359291681950857,6,0.492993994852731,0.343558702168917,0.505329243247459,0.41958041958042,0.591078066914498,0.352941176470588,0.65702479338843,0.347087378640777,0.347087378640777,0.477877141445915,0.111888111888112,0.843866171003718,0.275862068965517,0.641242937853107,0.500727896638677,0.447552447552448,0.553903345724907,0.347826086956522,0.653508771929825,1,1,20,1,0.514932680538556,-0.778483066246447,oncogenic_pathway,SanchezVega2018_TableS4,412,143,269,20261127,pooled inner out-of-fold AUROC,pooled inner out-of-fold balanced-accuracy optimum,outer out-of-fold AUROC,AUROC >= 0.60 after inner-AUROC component tuning,TRUE,-0.00571918787532205,-0.000922868952609179,FALSE,FALSE,FALSE,TRUE
ProvGigaPath,oncogenic_pathway,HNSC,NOTCH,0.50552421556139,0.501689760054072,0.357761336030377,1,0.497413367301843,0.331881471949696,0.4963995112694,0.643356643356643,0.349442379182156,0.344569288389513,0.648275862068966,0.347087378640777,0.347087378640777,0.490849299399485,0.230769230769231,0.75092936802974,0.33,0.647435897435897,0.503691475810435,0.412587412587413,0.594795539033457,0.351190476190476,0.655737704918033,4,1,9,0,0.526927784577723,-1.35484501945045,oncogenic_pathway,SanchezVega2018_TableS4,412,143,269,20261127,pooled inner out-of-fold AUROC,pooled inner out-of-fold balanced-accuracy optimum,outer out-of-fold AUROC,AUROC >= 0.60 after inner-AUROC component tuning,TRUE,-0.00811084825954689,-0.00529024878467221,FALSE,FALSE,FALSE,TRUE
TITAN,oncogenic_pathway,HNSC,NOTCH,0.510879455117373,0.495008708763356,0.354838854255076,3,0.52525541373125,0.372132430228517,0.510125562170172,0.797202797202797,0.223048327137546,0.352941176470588,0.674157303370787,0.347087378640777,0.347087378640777,0.510320534484103,0.202797202797203,0.817843866171004,0.371794871794872,0.658682634730539,0.490459354771623,0.41958041958042,0.561338289962825,0.337078651685393,0.645299145299145,2,1,20,1,0.54875560995512,-1.46773055625407,oncogenic_pathway,SanchezVega2018_TableS4,412,143,269,20261127,pooled inner out-of-fold AUROC,pooled inner out-of-fold balanced-accuracy optimum,outer out-of-fold AUROC,AUROC >= 0.60 after inner-AUROC component tuning,TRUE,0.0143759586138772,0.0151168534068158,FALSE,FALSE,FALSE,TRUE
GigaSSL,oncogenic_pathway,HNSC,NRF2,0.634917127071823,0.580994475138122,0.211816610922483,4,0.659171270718232,0.254114995274694,0.660828729281768,0.62,0.701657458563536,0.223021582733813,0.93040293040293,0.121359223300971,0.121359223300971,0.569281767955801,0.18,0.958563535911602,0.375,0.894329896907217,0.64121546961326,0.52,0.762430939226519,0.232142857142857,0.92,3,2,12,0,0.697327586206897,-2.08499737779663,oncogenic_pathway,SanchezVega2018_TableS4,412,50,362,20261128,pooled inner out-of-fold AUROC,pooled inner out-of-fold balanced-accuracy optimum,outer out-of-fold AUROC,AUROC >= 0.60 after inner-AUROC component tuning,TRUE,0.024254143646409,0.079834254143646,FALSE,TRUE,TRUE,TRUE
ProvGigaPath,oncogenic_pathway,HNSC,NRF2,0.553591160220995,0.521325966850829,0.156111287597456,3,0.681160220994475,0.236178329806573,0.612762430939227,0.72,0.505524861878453,0.167441860465116,0.928934010152284,0.121359223300971,0.121359223300971,0.557900552486188,0.16,0.955801104972376,0.333333333333333,0.891752577319588,0.60707182320442,0.46,0.75414364640884,0.205357142857143,0.91,3,2,3,0,0.681034482758621,-3.19065797067726,oncogenic_pathway,SanchezVega2018_TableS4,412,50,362,20261128,pooled inner out-of-fold AUROC,pooled inner out-of-fold balanced-accuracy optimum,outer out-of-fold AUROC,AUROC >= 0.60 after inner-AUROC component tuning,TRUE,0.12756906077348,0.0914364640883976,FALSE,TRUE,TRUE,FALSE
TITAN,oncogenic_pathway,HNSC,NRF2,0.591160220994475,0.546850828729282,0.180294421284055,6,0.62707182320442,0.19679081901773,0.549060773480663,0.46,0.638121546961326,0.149350649350649,0.895348837209302,0.121359223300971,0.121359223300971,0.526187845303867,0.08,0.972375690607735,0.285714285714286,0.884422110552764,0.610828729281768,0.52,0.701657458563536,0.194029850746269,0.913669064748201,1,1,9,0,0.6675,-2.16363347826681,oncogenic_pathway,SanchezVega2018_TableS4,412,50,362,20261128,pooled inner out-of-fold AUROC,pooled inner out-of-fold balanced-accuracy optimum,outer out-of-fold AUROC,AUROC >= 0.60 after inner-AUROC component tuning,TRUE,0.0359116022099449,0.00220994475138092,FALSE,FALSE,TRUE,TRUE
GigaSSL,oncogenic_pathway,HNSC,PI3K,0.591298006806028,0.578099173553719,0.534039571088494,2,0.591298006806028,0.534039571088494,0.56507049100632,0.423529411764706,0.706611570247934,0.503496503496504,0.635687732342008,0.412621359223301,0.412621359223301,0.578099173553719,0.4,0.756198347107438,0.535433070866142,0.642105263157895,0.540374331550802,0.535294117647059,0.545454545454545,0.45273631840796,0.625592417061611,2,1,3,0,0.601493447119781,-0.0112161641093154,oncogenic_pathway,SanchezVega2018_TableS4,412,170,242,20261129,pooled inner out-of-fold AUROC,pooled inner out-of-fold balanced-accuracy optimum,outer out-of-fold AUROC,AUROC >= 0.60 after inner-AUROC component tuning,TRUE,2.22044604925031e-16,-0.0130286825473991,FALSE,FALSE,FALSE,FALSE
ProvGigaPath,oncogenic_pathway,HNSC,PI3K,0.584321827904716,0.570393777345649,0.494338478919055,3,0.589693728731162,0.501653012519692,0.555371900826446,0.4,0.710743801652893,0.492753623188406,0.627737226277372,0.412621359223301,0.412621359223301,0.572459893048128,0.417647058823529,0.727272727272727,0.518248175182482,0.64,0.568424890617404,0.529411764705882,0.607438016528926,0.486486486486487,0.647577092511013,3,2,4,0,0.595360824742268,-0.114912833672754,oncogenic_pathway,SanchezVega2018_TableS4,412,170,242,20261129,pooled inner out-of-fold AUROC,pooled inner out-of-fold balanced-accuracy optimum,outer out-of-fold AUROC,AUROC >= 0.60 after inner-AUROC component tuning,TRUE,0.0053719008264459,-0.0150218765192027,FALSE,FALSE,FALSE,FALSE
TITAN,oncogenic_pathway,HNSC,PI3K,0.616893534273214,0.602576567817209,0.528613209387676,1,0.617671366067088,0.518894105262946,0.596718522119592,0.552941176470588,0.640495867768595,0.519337016574586,0.670995670995671,0.412621359223301,0.412621359223301,0.60376762275158,0.405882352941176,0.801652892561983,0.58974358974359,0.657627118644068,0.603719008264463,0.6,0.607438016528926,0.517766497461929,0.683720930232558,1,1,1,0,0.620906610066707,-0.302991165063823,oncogenic_pathway,SanchezVega2018_TableS4,412,170,242,20261129,pooled inner out-of-fold AUROC,pooled inner out-of-fold balanced-accuracy optimum,outer out-of-fold AUROC,AUROC >= 0.60 after inner-AUROC component tuning,TRUE,0.000777831793873918,-0.00585804569761739,TRUE,FALSE,TRUE,FALSE
GigaSSL,oncogenic_pathway,HNSC,RTK RAS,0.540013482280432,0.53991718027735,0.482575332290523,8,0.540928351309707,0.474286279345226,0.527446070878274,0.465909090909091,0.588983050847458,0.458100558659218,0.59656652360515,0.427184466019417,0.427184466019417,0.523786594761171,0.420454545454546,0.627118644067797,0.45679012345679,0.592,0.51617873651772,0.477272727272727,0.555084745762712,0.444444444444444,0.587443946188341,7,5,10,0,0.538706893316823,-0.335553001541486,oncogenic_pathway,SanchezVega2018_TableS4,412,176,236,20261130,pooled inner out-of-fold AUROC,pooled inner out-of-fold balanced-accuracy optimum,outer out-of-fold AUROC,AUROC >= 0.60 after inner-AUROC component tuning,TRUE,0.000914869029275289,-0.0124711093990758,FALSE,FALSE,FALSE,TRUE
ProvGigaPath,oncogenic_pathway,HNSC,RTK RAS,0.492969953775039,0.511026579352851,0.425601650189666,7,0.501396379044684,0.43335941471352,0.487336286594761,0.517045454545455,0.457627118644068,0.415525114155251,0.559585492227979,0.427184466019417,0.427184466019417,0.510304314329738,0.397727272727273,0.622881355932203,0.440251572327044,0.58102766798419,0.499181432973806,0.460227272727273,0.538135593220339,0.426315789473684,0.572072072072072,5,2,7,0,0.548425832113775,-0.537896413302661,oncogenic_pathway,SanchezVega2018_TableS4,412,176,236,20261130,pooled inner out-of-fold AUROC,pooled inner out-of-fold balanced-accuracy optimum,outer out-of-fold AUROC,AUROC >= 0.60 after inner-AUROC component tuning,TRUE,0.00842642526964515,-0.0236902927580898,FALSE,FALSE,FALSE,TRUE
TITAN,oncogenic_pathway,HNSC,RTK RAS,0.528072033898305,0.522871725731895,0.445823766891993,1,0.548849191063174,0.456310685530753,0.534187211093991,0.602272727272727,0.466101694915254,0.456896551724138,0.611111111111111,0.427184466019417,0.427184466019417,0.527686825885978,0.301136363636364,0.754237288135593,0.477477477477478,0.591362126245847,0.524701463790447,0.494318181818182,0.555084745762712,0.453125,0.595454545454546,1,1,2,0,0.56118428458854,-0.461021644599961,oncogenic_pathway,SanchezVega2018_TableS4,412,176,236,20261130,pooled inner out-of-fold AUROC,pooled inner out-of-fold balanced-accuracy optimum,outer out-of-fold AUROC,AUROC >= 0.60 after inner-AUROC component tuning,TRUE,0.0207771571648691,0.0113154853620957,FALSE,FALSE,FALSE,FALSE
GigaSSL,oncogenic_pathway,HNSC,TGF-Beta,0.482929857231533,0.500724187875026,0.134170311752607,11,0.523174012000828,0.161176105052487,0.541382164287192,0.518518518518519,0.564245810055866,0.152173913043478,0.885964912280702,0.131067961165049,0.131067961165049,0.506465963169874,0.0185185185185185,0.994413407821229,0.333333333333333,0.87041564792176,0.555503827850197,0.462962962962963,0.64804469273743,0.165562913907285,0.888888888888889,1,1,2,0,0.587006017238575,-1.98446567764655,oncogenic_pathway,SanchezVega2018_TableS4,412,54,358,20261131,pooled inner out-of-fold AUROC,pooled inner out-of-fold balanced-accuracy optimum,outer out-of-fold AUROC,AUROC >= 0.60 after inner-AUROC component tuning,TRUE,0.0402441547692947,0.0406579764121662,FALSE,FALSE,FALSE,TRUE
ProvGigaPath,oncogenic_pathway,HNSC,TGF-Beta,0.496120422098076,0.498810262776743,0.136821685277934,3,0.511742189116491,0.173186933751849,0.53382991930478,0.388888888888889,0.67877094972067,0.154411764705882,0.880434782608696,0.131067961165049,0.131067961165049,0.511897372232568,0.0740740740740741,0.949720670391061,0.181818181818182,0.871794871794872,0.558969584109249,0.388888888888889,0.729050279329609,0.177966101694915,0.887755102040816,2,2,6,0,0.619417168197656,-2.31317900810666,oncogenic_pathway,SanchezVega2018_TableS4,412,54,358,20261131,pooled inner out-of-fold AUROC,pooled inner out-of-fold balanced-accuracy optimum,outer out-of-fold AUROC,AUROC >= 0.60 after inner-AUROC component tuning,TRUE,0.0156217670184148,0.0350196565280366,FALSE,FALSE,FALSE,TRUE
TITAN,oncogenic_pathway,HNSC,TGF-Beta,0.562745706600455,0.549296503207118,0.209222732251513,9,0.532588454376164,0.180160487395617,0.510604179598593,0.37037037037037,0.650837988826816,0.137931034482759,0.872659176029963,0.131067961165049,0.131067961165049,0.509621353196772,0.0555555555555556,0.963687150837989,0.1875,0.871212121212121,0.527363956134906,0.37037037037037,0.684357541899441,0.150375939849624,0.878136200716846,2,1,10,0,0.61046879949319,-2.08967450166152,oncogenic_pathway,SanchezVega2018_TableS4,412,54,358,20261131,pooled inner out-of-fold AUROC,pooled inner out-of-fold balanced-accuracy optimum,outer out-of-fold AUROC,AUROC >= 0.60 after inner-AUROC component tuning,TRUE,-0.0301572522242911,-0.038692323608525,FALSE,FALSE,FALSE,TRUE
GigaSSL,oncogenic_pathway,HNSC,TP53,0.711057692307692,0.621346153846154,0.875491628502398,2,0.694807692307692,0.853499760760547,0.616153846153846,0.692307692307692,0.54,0.824427480916031,0.36,0.757281553398058,0.757281553398058,0.618141025641026,0.926282051282051,0.31,0.807262569832402,0.574074074074074,0.639551282051282,0.689102564102564,0.59,0.83984375,0.378205128205128,1,1,2,0,0.69895,0.968627934889655,oncogenic_pathway,SanchezVega2018_TableS4,412,312,100,20261132,pooled inner out-of-fold AUROC,pooled inner out-of-fold balanced-accuracy optimum,outer out-of-fold AUROC,AUROC >= 0.60 after inner-AUROC component tuning,TRUE,-0.0162499999999997,-0.00519230769230783,TRUE,TRUE,TRUE,TRUE
ProvGigaPath,oncogenic_pathway,HNSC,TP53,0.641378205128205,0.634294871794872,0.810626343692521,5,0.69224358974359,0.84162054576315,0.599679487179487,0.599358974358974,0.6,0.823788546255507,0.324324324324324,0.757281553398058,0.757281553398058,0.63474358974359,0.92948717948718,0.34,0.814606741573034,0.607142857142857,0.661410256410257,0.762820512820513,0.56,0.843971631205674,0.430769230769231,2,2,4,0,0.669,1.6205644877908,oncogenic_pathway,SanchezVega2018_TableS4,412,312,100,20261132,pooled inner out-of-fold AUROC,pooled inner out-of-fold balanced-accuracy optimum,outer out-of-fold AUROC,AUROC >= 0.60 after inner-AUROC component tuning,TRUE,0.0508653846153848,-0.0346153846153848,TRUE,FALSE,TRUE,TRUE
TITAN,oncogenic_pathway,HNSC,TP53,0.685769230769231,0.623717948717949,0.848562401661235,7,0.67375,0.851258633099162,0.599423076923077,0.778846153846154,0.42,0.807308970099668,0.378378378378378,0.757281553398058,0.757281553398058,0.611730769230769,0.913461538461539,0.31,0.805084745762712,0.53448275862069,0.615384615384615,0.730769230769231,0.5,0.820143884892086,0.373134328358209,2,1,5,0,0.70465,1.0823509764797,oncogenic_pathway,SanchezVega2018_TableS4,412,312,100,20261132,pooled inner out-of-fold AUROC,pooled inner out-of-fold balanced-accuracy optimum,outer out-of-fold AUROC,AUROC >= 0.60 after inner-AUROC component tuning,TRUE,-0.0120192307692311,-0.024294871794872,TRUE,FALSE,TRUE,TRUE
GigaSSL,oncogenic_pathway,HNSC,WNT,0.540678879310345,0.530980603448276,0.185645762570286,18,0.50067349137931,0.164079423240742,0.469378591954023,0.453125,0.485632183908046,0.139423076923077,0.82843137254902,0.155339805825243,0.155339805825243,0.52514367816092,0.125,0.925287356321839,0.235294117647059,0.851851851851852,0.495150862068966,0.34375,0.646551724137931,0.151724137931034,0.842696629213483,2,1,17,0,0.540391508133444,-2.47310652275302,oncogenic_pathway,SanchezVega2018_TableS4,412,64,348,20261133,pooled inner out-of-fold AUROC,pooled inner out-of-fold balanced-accuracy optimum,outer out-of-fold AUROC,AUROC >= 0.60 after inner-AUROC component tuning,TRUE,-0.0400053879310346,-0.061602011494253,FALSE,FALSE,FALSE,TRUE
ProvGigaPath,oncogenic_pathway,HNSC,WNT,0.530935704022989,0.53753591954023,0.183336068573041,13,0.539825790229885,0.179002715530608,0.510596264367816,0.65625,0.364942528735632,0.159695817490494,0.852348993288591,0.155339805825243,0.155339805825243,0.507453304597701,0.078125,0.936781609195402,0.185185185185185,0.846753246753247,0.515265804597701,0.34375,0.686781609195402,0.16793893129771,0.850533807829182,2,2,10,0,0.566299901255466,-2.72370845429417,oncogenic_pathway,SanchezVega2018_TableS4,412,64,348,20261133,pooled inner out-of-fold AUROC,pooled inner out-of-fold balanced-accuracy optimum,outer out-of-fold AUROC,AUROC >= 0.60 after inner-AUROC component tuning,TRUE,0.00889008620689613,-0.0269396551724138,FALSE,FALSE,FALSE,TRUE
TITAN,oncogenic_pathway,HNSC,WNT,0.556258979885057,0.532417385057471,0.188112073240846,17,0.529274425287356,0.165634917971692,0.551903735632184,0.71875,0.385057471264368,0.176923076923077,0.881578947368421,0.155339805825243,0.155339805825243,0.503591954022989,0.125,0.882183908045977,0.163265306122449,0.845730027548209,0.491828304597701,0.296875,0.686781609195402,0.1484375,0.841549295774648,8,2,19,0,0.609394837071519,-4.22288615091943,oncogenic_pathway,SanchezVega2018_TableS4,412,64,348,20261133,pooled inner out-of-fold AUROC,pooled inner out-of-fold balanced-accuracy optimum,outer out-of-fold AUROC,AUROC >= 0.60 after inner-AUROC component tuning,TRUE,-0.0269845545977007,0.0194863505747128,FALSE,FALSE,FALSE,TRUE
GigaSSL,oncogenic_pathway,KICH,TP53,0.483766233766234,0.518939393939394,0.444037005040895,4,0.453463203463203,0.307104347979656,0.518939393939394,0.333333333333333,0.704545454545455,0.35,0.688888888888889,0.323076923076923,0.323076923076923,0.492965367965368,0.19047619047619,0.795454545454545,0.307692307692308,0.673076923076923,0.450757575757576,0.333333333333333,0.568181818181818,0.269230769230769,0.641025641025641,2,1,8,0,0.571895424836601,-0.155531420192145,oncogenic_pathway,SanchezVega2018_TableS4,65,21,44,20261134,pooled inner out-of-fold AUROC,pooled inner out-of-fold balanced-accuracy optimum,outer out-of-fold AUROC,AUROC >= 0.60 after inner-AUROC component tuning,TRUE,-0.0303030303030306,-1.11022302462516e-16,FALSE,FALSE,FALSE,TRUE
ProvGigaPath,oncogenic_pathway,KICH,TP53,0.464285714285714,0.448593073593074,0.355813061745251,3,0.478354978354978,0.381064070147921,0.430194805194805,0.428571428571429,0.431818181818182,0.264705882352941,0.612903225806452,0.323076923076923,0.323076923076923,0.49512987012987,0.285714285714286,0.704545454545455,0.315789473684211,0.673913043478261,0.496212121212121,0.333333333333333,0.659090909090909,0.318181818181818,0.674418604651163,2,2,9,0,0.478758169934641,-3.69524460085212,oncogenic_pathway,SanchezVega2018_TableS4,65,21,44,20261134,pooled inner out-of-fold AUROC,pooled inner out-of-fold balanced-accuracy optimum,outer out-of-fold AUROC,AUROC >= 0.60 after inner-AUROC component tuning,TRUE,0.0140692640692643,-0.0183982683982688,FALSE,FALSE,FALSE,TRUE
TITAN,oncogenic_pathway,KICH,TP53,0.678571428571429,0.590367965367966,0.56209089270268,3,0.665584415584416,0.51467940908546,0.604978354978355,0.619047619047619,0.590909090909091,0.419354838709677,0.764705882352941,0.323076923076923,0.323076923076923,0.576839826839827,0.380952380952381,0.772727272727273,0.444444444444444,0.723404255319149,0.673160173160173,0.619047619047619,0.727272727272727,0.52,0.8,3,1,10,0,0.691071428571429,-0.398844217011386,oncogenic_pathway,SanchezVega2018_TableS4,65,21,44,20261134,pooled inner out-of-fold AUROC,pooled inner out-of-fold balanced-accuracy optimum,outer out-of-fold AUROC,AUROC >= 0.60 after inner-AUROC component tuning,TRUE,-0.0129870129870134,0.014610389610389,FALSE,TRUE,TRUE,FALSE
GigaSSL,oncogenic_pathway,KIRC,Cell Cycle,0.493965031020869,0.48702763677383,0.192921036691525,8,0.493062605752961,0.187705488738044,0.467174280879865,0.533333333333333,0.401015228426396,0.169014084507042,0.79,0.18595041322314,0.18595041322314,0.506373378454597,0.0888888888888889,0.923857868020305,0.210526315789474,0.816143497757848,0.460406091370559,0.2,0.720812182741117,0.140625,0.797752808988764,2,1,18,0,0.578202406227884,-2.45499389939029,oncogenic_pathway,SanchezVega2018_TableS4,242,45,197,20261135,pooled inner out-of-fold AUROC,pooled inner out-of-fold balanced-accuracy optimum,outer out-of-fold AUROC,AUROC >= 0.60 after inner-AUROC component tuning,TRUE,-0.000902425267907958,-0.0198533558939654,FALSE,FALSE,FALSE,TRUE
ProvGigaPath,oncogenic_pathway,KIRC,Cell Cycle,0.440270727580372,0.45815002820079,0.167967865856088,5,0.447377326565144,0.173992872288591,0.416694867456289,0.422222222222222,0.411167512690355,0.140740740740741,0.757009345794393,0.18595041322314,0.18595041322314,0.449576988155668,0.0666666666666667,0.83248730964467,0.0833333333333333,0.796116504854369,0.473096446700508,0.2,0.746192893401015,0.152542372881356,0.80327868852459,18,3,20,1,0.565463552724699,-35.1297019423748,oncogenic_pathway,SanchezVega2018_TableS4,242,45,197,20261135,pooled inner out-of-fold AUROC,pooled inner out-of-fold balanced-accuracy optimum,outer out-of-fold AUROC,AUROC >= 0.60 after inner-AUROC component tuning,TRUE,0.00710659898477184,-0.0414551607445012,FALSE,FALSE,FALSE,TRUE
TITAN,oncogenic_pathway,KIRC,Cell Cycle,0.491934574168077,0.483192329385223,0.180980424317814,3,0.474562887760857,0.180227848176559,0.511957134799775,0.688888888888889,0.33502538071066,0.191358024691358,0.825,0.18595041322314,0.18595041322314,0.473040045121263,0.0222222222222222,0.923857868020305,0.0625,0.805309734513274,0.503891708967851,0.266666666666667,0.741116751269036,0.19047619047619,0.815642458100559,2,1,10,0,0.539455060155697,-3.21274450775194,oncogenic_pathway,SanchezVega2018_TableS4,242,45,197,20261135,pooled inner out-of-fold AUROC,pooled inner out-of-fold balanced-accuracy optimum,outer out-of-fold AUROC,AUROC >= 0.60 after inner-AUROC component tuning,TRUE,-0.0173716864072197,0.0287648054145515,FALSE,FALSE,FALSE,TRUE
GigaSSL,oncogenic_pathway,KIRC,NOTCH,0.464650537634409,0.482258064516129,0.0719064217375219,5,0.548118279569892,0.0794281654542805,0.564247311827957,0.583333333333333,0.545161290322581,0.0903225806451613,0.94413407821229,0.0718562874251497,0.0718562874251497,0.493548387096774,0,0.987096774193548,0,0.927272727272727,0.548655913978495,0.416666666666667,0.680645161290323,0.091743119266055,0.937777777777778,2,1,3,0,0.608234295415959,-2.77366476028127,oncogenic_pathway,SanchezVega2018_TableS4,334,24,310,20261136,pooled inner out-of-fold AUROC,pooled inner out-of-fold balanced-accuracy optimum,outer out-of-fold AUROC,AUROC >= 0.60 after inner-AUROC component tuning,TRUE,0.0834677419354835,0.0819892473118279,FALSE,FALSE,FALSE,TRUE
ProvGigaPath,oncogenic_pathway,KIRC,NOTCH,0.443817204301075,0.47741935483871,0.0664333007695652,4,0.480241935483871,0.0725940213065903,0.497715053763441,0.708333333333333,0.287096774193548,0.0714285714285714,0.927083333333333,0.0718562874251497,0.0718562874251497,0.503091397849462,0.0416666666666667,0.964516129032258,0.0833333333333333,0.928571428571429,0.457661290322581,0.125,0.790322580645161,0.0441176470588235,0.921052631578947,2,1,19,0,0.529499151103565,-5.88587516265821,oncogenic_pathway,SanchezVega2018_TableS4,334,24,310,20261136,pooled inner out-of-fold AUROC,pooled inner out-of-fold balanced-accuracy optimum,outer out-of-fold AUROC,AUROC >= 0.60 after inner-AUROC component tuning,TRUE,0.0364247311827959,0.0202956989247309,FALSE,FALSE,FALSE,TRUE
TITAN,oncogenic_pathway,KIRC,NOTCH,0.611559139784946,0.462903225806452,0.0982772392459911,12,0.509408602150538,0.0723702301322485,0.569086021505376,0.583333333333333,0.554838709677419,0.0921052631578947,0.945054945054945,0.0718562874251497,0.0718562874251497,0.47741935483871,0,0.954838709677419,0,0.925,0.459408602150538,0.0833333333333333,0.835483870967742,0.0377358490566038,0.921708185053381,9,1,13,0,0.687606112054329,-5.95035815556026,oncogenic_pathway,SanchezVega2018_TableS4,334,24,310,20261136,pooled inner out-of-fold AUROC,pooled inner out-of-fold balanced-accuracy optimum,outer out-of-fold AUROC,AUROC >= 0.60 after inner-AUROC component tuning,TRUE,-0.102150537634408,0.106182795698924,FALSE,FALSE,FALSE,TRUE
GigaSSL,oncogenic_pathway,KIRC,PI3K,0.572499185402411,0.493874226132291,0.230639076699713,14,0.602150537634409,0.253833386651701,0.608374063212773,0.618181818181818,0.598566308243728,0.232876712328767,0.888297872340426,0.164670658682635,0.164670658682635,0.503975236233301,0.0545454545454545,0.953405017921147,0.1875,0.836477987421384,0.589670902574128,0.509090909090909,0.670250896057348,0.233333333333333,0.873831775700935,1,1,4,0,0.636873216469629,-1.67463909351045,oncogenic_pathway,SanchezVega2018_TableS4,334,55,279,20261137,pooled inner out-of-fold AUROC,pooled inner out-of-fold balanced-accuracy optimum,outer out-of-fold AUROC,AUROC >= 0.60 after inner-AUROC component tuning,TRUE,0.0296513522319977,0.114499837080482,FALSE,TRUE,TRUE,TRUE
ProvGigaPath,oncogenic_pathway,KIRC,PI3K,0.539784946236559,0.495144998370805,0.184812647833469,3,0.59048550016292,0.200855394311408,0.51208862821766,0.436363636363636,0.587813620071685,0.172661870503597,0.841025641025641,0.164670658682635,0.164670658682635,0.489377647442164,0.0181818181818182,0.960573476702509,0.0833333333333333,0.832298136645963,0.573150863473444,0.454545454545455,0.691756272401434,0.225225225225225,0.865470852017937,2,1,3,0,0.631573583367305,-2.016864179425,oncogenic_pathway,SanchezVega2018_TableS4,334,55,279,20261137,pooled inner out-of-fold AUROC,pooled inner out-of-fold balanced-accuracy optimum,outer out-of-fold AUROC,AUROC >= 0.60 after inner-AUROC component tuning,TRUE,0.0507005539263605,0.0169436298468554,FALSE,FALSE,FALSE,TRUE
TITAN,oncogenic_pathway,KIRC,PI3K,0.547930922124471,0.498989898989899,0.180813945512588,4,0.69820788530466,0.282503811011875,0.638840013033561,0.618181818181818,0.659498207885305,0.263565891472868,0.897560975609756,0.164670658682635,0.164670658682635,0.527533398501141,0.0909090909090909,0.96415770609319,0.333333333333333,0.843260188087774,0.643695014662757,0.545454545454545,0.741935483870968,0.294117647058824,0.892241379310345,1,1,1,0,0.697849025974026,-1.87968957770961,oncogenic_pathway,SanchezVega2018_TableS4,334,55,279,20261137,pooled inner out-of-fold AUROC,pooled inner out-of-fold balanced-accuracy optimum,outer out-of-fold AUROC,AUROC >= 0.60 after inner-AUROC component tuning,TRUE,0.150276963180188,0.139850114043662,FALSE,TRUE,TRUE,TRUE
GigaSSL,oncogenic_pathway,KIRC,RTK RAS,0.640225368819038,0.560530802876418,0.256382749934366,2,0.636518644821707,0.245194923575728,0.591926755133813,0.553191489361702,0.630662020905923,0.196969696969697,0.896039603960396,0.140718562874252,0.140718562874252,0.58025057454222,0.212765957446809,0.947735191637631,0.4,0.880258899676375,0.585773593298243,0.446808510638298,0.724738675958188,0.21,0.888888888888889,2,2,18,0,0.62070938215103,-1.97129031286091,oncogenic_pathway,SanchezVega2018_TableS4,334,47,287,20261138,pooled inner out-of-fold AUROC,pooled inner out-of-fold balanced-accuracy optimum,outer out-of-fold AUROC,AUROC >= 0.60 after inner-AUROC component tuning,TRUE,-0.00370672399733141,0.0313959522573948,FALSE,FALSE,TRUE,FALSE
ProvGigaPath,oncogenic_pathway,KIRC,RTK RAS,0.542293720809549,0.513121802950552,0.174460053007902,3,0.543405738008748,0.169733582463846,0.524612647342279,0.425531914893617,0.623693379790941,0.15625,0.868932038834952,0.140718562874252,0.140718562874252,0.50615316183557,0.106382978723404,0.905923344947735,0.15625,0.860927152317881,0.551560530802876,0.319148936170213,0.78397212543554,0.194805194805195,0.875486381322957,3,3,19,0,0.569455918800897,-2.31511873134877,oncogenic_pathway,SanchezVega2018_TableS4,334,47,287,20261138,pooled inner out-of-fold AUROC,pooled inner out-of-fold balanced-accuracy optimum,outer out-of-fold AUROC,AUROC >= 0.60 after inner-AUROC component tuning,TRUE,0.00111201719919896,0.0114908443917269,FALSE,FALSE,FALSE,FALSE
TITAN,oncogenic_pathway,KIRC,RTK RAS,0.538068055452591,0.490103046927126,0.181456286752029,8,0.561049744236044,0.199713622563568,0.56312550967455,0.446808510638298,0.679442508710801,0.185840707964602,0.882352941176471,0.140718562874252,0.140718562874252,0.519719771665802,0.0638297872340426,0.975609756097561,0.3,0.864197530864198,0.567981318111054,0.404255319148936,0.731707317073171,0.197916666666667,0.882352941176471,2,1,5,0,0.567734553775744,-1.76664092866741,oncogenic_pathway,SanchezVega2018_TableS4,334,47,287,20261138,pooled inner out-of-fold AUROC,pooled inner out-of-fold balanced-accuracy optimum,outer out-of-fold AUROC,AUROC >= 0.60 after inner-AUROC component tuning,TRUE,0.0229816887834532,0.0730224627474236,FALSE,FALSE,FALSE,TRUE
GigaSSL,oncogenic_pathway,KIRC,WNT,0.498397435897436,0.544143356643357,0.142608431536394,7,0.578962703962704,0.176048111414566,0.570221445221445,0.454545454545455,0.685897435897436,0.0925925925925926,0.946902654867257,0.0658682634730539,0.0658682634730539,0.578088578088578,0.181818181818182,0.974358974358974,0.333333333333333,0.944099378881988,0.540792540792541,0.363636363636364,0.717948717948718,0.0833333333333333,0.941176470588235,1,1,10,0,0.653437278525868,-2.5015954117895,oncogenic_pathway,SanchezVega2018_TableS4,334,22,312,20261139,pooled inner out-of-fold AUROC,pooled inner out-of-fold balanced-accuracy optimum,outer out-of-fold AUROC,AUROC >= 0.60 after inner-AUROC component tuning,TRUE,0.080565268065268,0.0260780885780882,FALSE,FALSE,FALSE,TRUE
ProvGigaPath,oncogenic_pathway,KIRC,WNT,0.567890442890443,0.542540792540793,0.166853364892961,14,0.521853146853147,0.0964337490380606,0.483682983682984,0.454545454545455,0.512820512820513,0.0617283950617284,0.930232558139535,0.0658682634730539,0.0658682634730539,0.548951048951049,0.136363636363636,0.961538461538461,0.2,0.940438871473354,0.56745337995338,0.272727272727273,0.862179487179487,0.122448979591837,0.943859649122807,5,1,20,1,0.645877628159698,-6.6931340238615,oncogenic_pathway,SanchezVega2018_TableS4,334,22,312,20261139,pooled inner out-of-fold AUROC,pooled inner out-of-fold balanced-accuracy optimum,outer out-of-fold AUROC,AUROC >= 0.60 after inner-AUROC component tuning,TRUE,-0.0460372960372961,-0.0588578088578093,FALSE,FALSE,FALSE,TRUE
TITAN,oncogenic_pathway,KIRC,WNT,0.561334498834499,0.636655011655012,0.147052680412866,5,0.524621212121212,0.145330116599971,0.532342657342657,0.545454545454545,0.519230769230769,0.0740740740740741,0.941860465116279,0.0658682634730539,0.0658682634730539,0.571678321678322,0.181818181818182,0.961538461538461,0.25,0.943396226415094,0.518793706293706,0.181818181818182,0.855769230769231,0.0816326530612245,0.936842105263158,5,1,20,1,0.701777777777778,-7.02972457696101,oncogenic_pathway,SanchezVega2018_TableS4,334,22,312,20261139,pooled inner out-of-fold AUROC,pooled inner out-of-fold balanced-accuracy optimum,outer out-of-fold AUROC,AUROC >= 0.60 after inner-AUROC component tuning,TRUE,-0.0367132867132869,-0.104312354312355,TRUE,FALSE,FALSE,FALSE
GigaSSL,oncogenic_pathway,KIRP,Cell Cycle,0.726262933657943,0.598371880706026,0.312905672755397,3,0.754412659768716,0.320276401075701,0.654367011564212,0.709677419354839,0.599056603773585,0.205607476635514,0.933823529411765,0.127572016460905,0.127572016460905,0.625912964090079,0.32258064516129,0.929245283018868,0.4,0.903669724770642,0.675136944613512,0.548387096774194,0.80188679245283,0.288135593220339,0.923913043478261,3,2,5,0,0.8,-3.70157353239248,oncogenic_pathway,SanchezVega2018_TableS4,243,31,212,20261140,pooled inner out-of-fold AUROC,pooled inner out-of-fold balanced-accuracy optimum,outer out-of-fold AUROC,AUROC >= 0.60 after inner-AUROC component tuning,TRUE,0.0281497261107727,0.0559951308581859,FALSE,TRUE,TRUE,FALSE
ProvGigaPath,oncogenic_pathway,KIRP,Cell Cycle,0.748174071819842,0.644020085209982,0.300141713614343,10,0.856968959220937,0.460410826399623,0.796713329275715,0.838709677419355,0.754716981132076,0.333333333333333,0.96969696969697,0.127572016460905,0.127572016460905,0.658171028606208,0.387096774193548,0.929245283018868,0.444444444444444,0.912037037037037,0.763237979306147,0.67741935483871,0.849056603773585,0.39622641509434,0.947368421052632,2,2,3,0,0.848705882352941,-3.86937367714945,oncogenic_pathway,SanchezVega2018_TableS4,243,31,212,20261140,pooled inner out-of-fold AUROC,pooled inner out-of-fold balanced-accuracy optimum,outer out-of-fold AUROC,AUROC >= 0.60 after inner-AUROC component tuning,TRUE,0.108794887401095,0.152693244065733,TRUE,TRUE,TRUE,TRUE
TITAN,oncogenic_pathway,KIRP,Cell Cycle,0.76019476567255,0.674680462568472,0.522969327589519,3,0.874010955569081,0.634226746043041,0.855295191722459,0.870967741935484,0.839622641509434,0.442622950819672,0.978021978021978,0.127572016460905,0.127572016460905,0.688451004260499,0.419354838709677,0.957547169811321,0.590909090909091,0.918552036199095,0.819080949482654,0.741935483870968,0.89622641509434,0.511111111111111,0.95959595959596,3,3,3,0,0.841411764705882,-2.48335572028904,oncogenic_pathway,SanchezVega2018_TableS4,243,31,212,20261140,pooled inner out-of-fold AUROC,pooled inner out-of-fold balanced-accuracy optimum,outer out-of-fold AUROC,AUROC >= 0.60 after inner-AUROC component tuning,TRUE,0.113816189896531,0.180614729153987,TRUE,TRUE,TRUE,FALSE
GigaSSL,oncogenic_pathway,KIRP,HIPPO,0.652731156545621,0.580866646322856,0.182997034996232,6,0.597650289899298,0.169867965156968,0.546689044858102,0.482758620689655,0.610619469026549,0.137254901960784,0.901960784313725,0.113725490196078,0.113725490196078,0.525175465364663,0.103448275862069,0.946902654867257,0.2,0.891666666666667,0.52113213304852,0.241379310344828,0.800884955752212,0.134615384615385,0.891625615763547,6,1,8,0,0.653374969973577,-3.44154152635534,oncogenic_pathway,SanchezVega2018_TableS4,255,29,226,20261141,pooled inner out-of-fold AUROC,pooled inner out-of-fold balanced-accuracy optimum,outer out-of-fold AUROC,AUROC >= 0.60 after inner-AUROC component tuning,TRUE,-0.0550808666463228,-0.0341776014647541,FALSE,FALSE,FALSE,FALSE
ProvGigaPath,oncogenic_pathway,KIRP,HIPPO,0.608178211779066,0.555233445224291,0.197660449870127,5,0.615349404943546,0.210399591608474,0.613899908452853,0.586206896551724,0.641592920353982,0.173469387755102,0.923566878980892,0.113725490196078,0.113725490196078,0.534025022886787,0.103448275862069,0.964601769911504,0.272727272727273,0.89344262295082,0.593683246872139,0.275862068965517,0.911504424778761,0.285714285714286,0.907488986784141,2,2,10,0,0.693600368324125,-4.62815234759857,oncogenic_pathway,SanchezVega2018_TableS4,255,29,226,20261141,pooled inner out-of-fold AUROC,pooled inner out-of-fold balanced-accuracy optimum,outer out-of-fold AUROC,AUROC >= 0.60 after inner-AUROC component tuning,TRUE,0.00717119316448001,0.0586664632285622,FALSE,TRUE,TRUE,TRUE
TITAN,oncogenic_pathway,KIRP,HIPPO,0.601922490082392,0.59589563625267,0.204764918589645,10,0.628318584070796,0.254281651356217,0.474137931034483,0.448275862068966,0.5,0.103174603174603,0.875968992248062,0.113725490196078,0.113725490196078,0.540204455294477,0.137931034482759,0.942477876106195,0.235294117647059,0.894957983193277,0.585672871528837,0.379310344827586,0.792035398230089,0.189655172413793,0.908629441624365,6,1,9,0,0.652173913043478,-6.91835045245032,oncogenic_pathway,SanchezVega2018_TableS4,255,29,226,20261141,pooled inner out-of-fold AUROC,pooled inner out-of-fold balanced-accuracy optimum,outer out-of-fold AUROC,AUROC >= 0.60 after inner-AUROC component tuning,TRUE,0.0263960939884045,-0.121757705218187,FALSE,FALSE,TRUE,TRUE
GigaSSL,oncogenic_pathway,KIRP,NOTCH,0.518865207373272,0.496543778801843,0.142062506464772,4,0.473646313364055,0.118516733005375,0.440596198156682,0.483870967741936,0.397321428571429,0.1,0.847619047619048,0.12156862745098,0.12156862745098,0.503240207373272,0.0645161290322581,0.941964285714286,0.133333333333333,0.879166666666667,0.456653225806452,0.225806451612903,0.6875,0.0909090909090909,0.865168539325843,2,1,16,0,0.58,-3.32097496474303,oncogenic_pathway,SanchezVega2018_TableS4,255,31,224,20261142,pooled inner out-of-fold AUROC,pooled inner out-of-fold balanced-accuracy optimum,outer out-of-fold AUROC,AUROC >= 0.60 after inner-AUROC component tuning,TRUE,-0.0452188940092167,-0.055947580645161,FALSE,FALSE,FALSE,TRUE
ProvGigaPath,oncogenic_pathway,KIRP,NOTCH,0.54190668202765,0.530529953917051,0.178079879211863,3,0.527073732718894,0.160218739362247,0.487471198156682,0.483870967741936,0.491071428571429,0.116279069767442,0.873015873015873,0.12156862745098,0.12156862745098,0.544426843317972,0.129032258064516,0.959821428571429,0.307692307692308,0.888429752066116,0.541978686635945,0.258064516129032,0.825892857142857,0.170212765957447,0.889423076923077,2,1,10,0,0.606927374301676,-5.18721265315239,oncogenic_pathway,SanchezVega2018_TableS4,255,31,224,20261142,pooled inner out-of-fold AUROC,pooled inner out-of-fold balanced-accuracy optimum,outer out-of-fold AUROC,AUROC >= 0.60 after inner-AUROC component tuning,TRUE,-0.014832949308756,-0.043058755760369,FALSE,FALSE,FALSE,TRUE
TITAN,oncogenic_pathway,KIRP,NOTCH,0.489055299539171,0.533770161290323,0.141893685387724,2,0.506912442396313,0.152389687542586,0.500792050691244,0.193548387096774,0.808035714285714,0.122448979591837,0.878640776699029,0.12156862745098,0.12156862745098,0.544930875576037,0.161290322580645,0.928571428571429,0.238095238095238,0.888888888888889,0.510728686635945,0.258064516129032,0.763392857142857,0.131147540983607,0.881443298969072,2,1,12,0,0.574301675977654,-1.58578742048006,oncogenic_pathway,SanchezVega2018_TableS4,255,31,224,20261142,pooled inner out-of-fold AUROC,pooled inner out-of-fold balanced-accuracy optimum,outer out-of-fold AUROC,AUROC >= 0.60 after inner-AUROC component tuning,TRUE,0.0178571428571424,-0.0329781105990787,FALSE,FALSE,FALSE,FALSE
GigaSSL,oncogenic_pathway,KIRP,PI3K,0.462962962962963,0.480769230769231,0.0834506534104218,4,0.548840048840049,0.0986925027246115,0.537851037851038,0.571428571428571,0.504273504273504,0.09375,0.929133858267716,0.0823529411764706,0.0823529411764706,0.493589743589744,0,0.987179487179487,0,0.916666666666667,0.514957264957265,0.333333333333333,0.696581196581197,0.0897435897435897,0.92090395480226,1,1,4,0,0.604592639194715,-3.78243568252916,oncogenic_pathway,SanchezVega2018_TableS4,255,21,234,20261143,pooled inner out-of-fold AUROC,pooled inner out-of-fold balanced-accuracy optimum,outer out-of-fold AUROC,AUROC >= 0.60 after inner-AUROC component tuning,TRUE,0.0858770858770859,0.0570818070818068,FALSE,FALSE,FALSE,TRUE
ProvGigaPath,oncogenic_pathway,KIRP,PI3K,0.428978428978429,0.480769230769231,0.0731735112795157,9,0.431013431013431,0.0713967351993476,0.465506715506716,0.619047619047619,0.311965811965812,0.0747126436781609,0.901234567901234,0.0823529411764706,0.0823529411764706,0.480769230769231,0,0.961538461538461,0,0.914634146341463,0.423076923076923,0,0.846153846153846,0,0.904109589041096,5,1,13,0,0.561831550802139,-12.1637491568472,oncogenic_pathway,SanchezVega2018_TableS4,255,21,234,20261143,pooled inner out-of-fold AUROC,pooled inner out-of-fold balanced-accuracy optimum,outer out-of-fold AUROC,AUROC >= 0.60 after inner-AUROC component tuning,TRUE,0.00203500203500201,-0.0152625152625155,FALSE,FALSE,FALSE,TRUE
TITAN,oncogenic_pathway,KIRP,PI3K,0.496947496947497,0.474358974358974,0.084964540046506,7,0.488400488400488,0.0857618931973543,0.463675213675214,0.333333333333333,0.594017094017094,0.0686274509803922,0.908496732026144,0.0823529411764706,0.0823529411764706,0.485042735042735,0,0.97008547008547,0,0.915322580645161,0.52991452991453,0.333333333333333,0.726495726495727,0.0985915492957746,0.923913043478261,1,1,15,0,0.550062578222779,-3.12652778988492,oncogenic_pathway,SanchezVega2018_TableS4,255,21,234,20261143,pooled inner out-of-fold AUROC,pooled inner out-of-fold balanced-accuracy optimum,outer out-of-fold AUROC,AUROC >= 0.60 after inner-AUROC component tuning,TRUE,-0.00854700854700863,-0.0106837606837603,FALSE,FALSE,FALSE,TRUE
GigaSSL,oncogenic_pathway,KIRP,RTK RAS,0.549183992845965,0.515258215962441,0.231123020405496,11,0.528504359490275,0.220327634683096,0.491448692152918,0.452380952380952,0.530516431924883,0.159663865546218,0.830882352941176,0.164705882352941,0.164705882352941,0.522132796780684,0.142857142857143,0.901408450704225,0.222222222222222,0.842105263157895,0.504359490274983,0.285714285714286,0.723004694835681,0.169014084507042,0.836956521739131,3,1,16,0,0.643618851049192,-3.30361685744796,oncogenic_pathway,SanchezVega2018_TableS4,255,42,213,20261144,pooled inner out-of-fold AUROC,pooled inner out-of-fold balanced-accuracy optimum,outer out-of-fold AUROC,AUROC >= 0.60 after inner-AUROC component tuning,TRUE,-0.02067963335569,-0.0238095238095235,FALSE,FALSE,FALSE,TRUE
ProvGigaPath,oncogenic_pathway,KIRP,RTK RAS,0.650793650793651,0.619718309859155,0.32592574196124,5,0.648334451151353,0.342795118002794,0.630281690140845,0.5,0.76056338028169,0.291666666666667,0.885245901639344,0.164705882352941,0.164705882352941,0.598088531187123,0.261904761904762,0.934272300469484,0.44,0.865217391304348,0.634473507712944,0.428571428571429,0.84037558685446,0.346153846153846,0.881773399014778,4,2,6,0,0.69109047127623,-1.97380489139947,oncogenic_pathway,SanchezVega2018_TableS4,255,42,213,20261144,pooled inner out-of-fold AUROC,pooled inner out-of-fold balanced-accuracy optimum,outer out-of-fold AUROC,AUROC >= 0.60 after inner-AUROC component tuning,TRUE,-0.00245919964229846,0.01056338028169,TRUE,TRUE,TRUE,TRUE
TITAN,oncogenic_pathway,KIRP,RTK RAS,0.591437513972725,0.55784708249497,0.266259320954707,9,0.564833445115135,0.262692062198003,0.5439302481556,0.571428571428571,0.516431924882629,0.188976377952756,0.859375,0.164705882352941,0.164705882352941,0.560194500335346,0.214285714285714,0.906103286384976,0.310344827586207,0.853982300884956,0.542253521126761,0.333333333333333,0.751173708920188,0.208955223880597,0.851063829787234,3,2,15,0,0.652906776745786,-2.98896637445675,oncogenic_pathway,SanchezVega2018_TableS4,255,42,213,20261144,pooled inner out-of-fold AUROC,pooled inner out-of-fold balanced-accuracy optimum,outer out-of-fold AUROC,AUROC >= 0.60 after inner-AUROC component tuning,TRUE,-0.0266040688575898,-0.0139168343393696,FALSE,FALSE,FALSE,TRUE
GigaSSL,oncogenic_pathway,KIRP,WNT,0.508658008658009,0.53219696969697,0.111595953984075,3,0.620851370851371,0.157206565509674,0.606872294372294,0.625,0.588744588744589,0.136363636363636,0.937931034482759,0.0941176470588235,0.0941176470588235,0.536525974025974,0.125,0.948051948051948,0.2,0.9125,0.583603896103896,0.375,0.792207792207792,0.157894736842105,0.924242424242424,3,1,4,0,0.741963015647226,-3.69165449356438,oncogenic_pathway,SanchezVega2018_TableS4,255,24,231,20261145,pooled inner out-of-fold AUROC,pooled inner out-of-fold balanced-accuracy optimum,outer out-of-fold AUROC,AUROC >= 0.60 after inner-AUROC component tuning,TRUE,0.112193362193362,0.0746753246753245,FALSE,TRUE,TRUE,FALSE
ProvGigaPath,oncogenic_pathway,KIRP,WNT,0.55988455988456,0.54004329004329,0.17902380506508,13,0.633838383838384,0.164166673057849,0.547077922077922,0.583333333333333,0.510822510822511,0.110236220472441,0.921875,0.0941176470588235,0.0941176470588235,0.526515151515152,0.0833333333333333,0.96969696969697,0.222222222222222,0.910569105691057,0.528409090909091,0.208333333333333,0.848484848484848,0.125,0.911627906976744,2,1,3,0,0.688918918918919,-5.40142105188239,oncogenic_pathway,SanchezVega2018_TableS4,255,24,231,20261145,pooled inner out-of-fold AUROC,pooled inner out-of-fold balanced-accuracy optimum,outer out-of-fold AUROC,AUROC >= 0.60 after inner-AUROC component tuning,TRUE,0.0739538239538239,0.00703463203463206,FALSE,FALSE,TRUE,TRUE
TITAN,oncogenic_pathway,KIRP,WNT,0.538419913419913,0.521374458874459,0.120444945540374,6,0.52994227994228,0.141836921055369,0.489989177489178,0.291666666666667,0.688311688311688,0.0886075949367089,0.903409090909091,0.0941176470588235,0.0941176470588235,0.546536796536797,0.166666666666667,0.926406926406927,0.19047619047619,0.914529914529914,0.554924242424242,0.291666666666667,0.818181818181818,0.142857142857143,0.91747572815534,3,3,13,0,0.68,-4.54915242194707,oncogenic_pathway,SanchezVega2018_TableS4,255,24,231,20261145,pooled inner out-of-fold AUROC,pooled inner out-of-fold balanced-accuracy optimum,outer out-of-fold AUROC,AUROC >= 0.60 after inner-AUROC component tuning,TRUE,-0.00847763347763308,-0.0313852813852815,FALSE,FALSE,FALSE,TRUE
GigaSSL,oncogenic_pathway,LGG,Cell Cycle,0.643398120266448,0.589889588466101,0.535410890050072,1,0.616278857559996,0.537106335113619,0.579523679167807,0.461538461538462,0.697508896797153,0.514285714285714,0.651162790697675,0.409663865546218,0.409663865546218,0.589314718496213,0.374358974358974,0.804270462633452,0.5703125,0.649425287356322,0.584232137968793,0.492307692307692,0.676156583629893,0.513368983957219,0.657439446366782,2,2,19,0,0.638148148148148,-0.326170531214771,oncogenic_pathway,SanchezVega2018_TableS4,476,195,281,20261146,pooled inner out-of-fold AUROC,pooled inner out-of-fold balanced-accuracy optimum,outer out-of-fold AUROC,AUROC >= 0.60 after inner-AUROC component tuning,TRUE,-0.0271192627064517,-0.0103659092982936,FALSE,FALSE,TRUE,TRUE
ProvGigaPath,oncogenic_pathway,LGG,Cell Cycle,0.641901633360708,0.607728807372935,0.529683800365364,14,0.614490373209234,0.513109584624773,0.59255406515193,0.476923076923077,0.708185053380783,0.531428571428572,0.661129568106312,0.409663865546218,0.409663865546218,0.579158682361529,0.435897435897436,0.722419928825623,0.521472392638037,0.648562300319489,0.602965599051008,0.533333333333333,0.672597864768683,0.530612244897959,0.675,8,2,17,0,0.635754985754986,0.251683288593562,oncogenic_pathway,SanchezVega2018_TableS4,476,195,281,20261146,pooled inner out-of-fold AUROC,pooled inner out-of-fold balanced-accuracy optimum,outer out-of-fold AUROC,AUROC >= 0.60 after inner-AUROC component tuning,TRUE,-0.0274112601514737,-0.015174742221005,TRUE,FALSE,TRUE,TRUE
TITAN,oncogenic_pathway,LGG,Cell Cycle,0.585035130942604,0.571886120996441,0.492401075337483,4,0.65015056118259,0.571198740446825,0.582398029017246,0.538461538461538,0.626334519572954,0.5,0.661654135338346,0.409663865546218,0.409663865546218,0.622648051829547,0.441025641025641,0.804270462633452,0.609929078014184,0.674626865671642,0.603960215348116,0.528205128205128,0.679715302491103,0.533678756476684,0.674911660777385,2,1,2,0,0.670854700854701,-0.520010407669508,oncogenic_pathway,SanchezVega2018_TableS4,476,195,281,20261146,pooled inner out-of-fold AUROC,pooled inner out-of-fold balanced-accuracy optimum,outer out-of-fold AUROC,AUROC >= 0.60 after inner-AUROC component tuning,TRUE,0.0651154302399857,0.0105119080208052,FALSE,FALSE,TRUE,TRUE
GigaSSL,oncogenic_pathway,LGG,HIPPO,0.786046872574888,0.684024005380516,0.918595290438114,5,0.803559418490351,0.926148408199113,0.69367271974753,0.759894459102902,0.627450980392157,0.883435582822086,0.412903225806452,0.787941787941788,0.787941787941788,0.693827926949144,0.936675461741425,0.450980392156863,0.86374695863747,0.657142857142857,0.731944228878887,0.767810026385224,0.696078431372549,0.903726708074534,0.446540880503145,2,2,2,0,0.804314577799243,1.52367364822564,oncogenic_pathway,SanchezVega2018_TableS4,481,379,102,20261147,pooled inner out-of-fold AUROC,pooled inner out-of-fold balanced-accuracy optimum,outer out-of-fold AUROC,AUROC >= 0.60 after inner-AUROC component tuning,TRUE,0.0175125459154633,0.00964871436701364,TRUE,TRUE,TRUE,TRUE
ProvGigaPath,oncogenic_pathway,LGG,HIPPO,0.839929639401935,0.723239691655026,0.929789193247466,6,0.849526618035077,0.933831399548306,0.764550675151327,0.823218997361478,0.705882352941177,0.912280701754386,0.517985611510791,0.787941787941788,0.787941787941788,0.741903357649128,0.944591029023747,0.53921568627451,0.883950617283951,0.723684210526316,0.789422629209995,0.902374670184697,0.676470588235294,0.912,0.650943396226415,6,5,9,0,0.856113660146503,2.8485983266499,oncogenic_pathway,SanchezVega2018_TableS4,481,379,102,20261147,pooled inner out-of-fold AUROC,pooled inner out-of-fold balanced-accuracy optimum,outer out-of-fold AUROC,AUROC >= 0.60 after inner-AUROC component tuning,TRUE,0.0095969786331418,0.041310983496301,TRUE,TRUE,TRUE,FALSE
TITAN,oncogenic_pathway,LGG,HIPPO,0.89634745718868,0.825611775053029,0.957059807345397,5,0.90511666407988,0.96973483908383,0.817334057633608,0.860158311345647,0.774509803921569,0.934097421203438,0.598484848484849,0.787941787941788,0.787941787941788,0.819015468984428,0.941952506596306,0.696078431372549,0.920103092783505,0.763440860215054,0.829401417559108,0.854881266490765,0.803921568627451,0.941860465116279,0.598540145985402,2,2,2,0,0.900426628028657,1.30543036089384,oncogenic_pathway,SanchezVega2018_TableS4,481,379,102,20261147,pooled inner out-of-fold AUROC,pooled inner out-of-fold balanced-accuracy optimum,outer out-of-fold AUROC,AUROC >= 0.60 after inner-AUROC component tuning,TRUE,0.00876920689119998,-0.0082777174194214,TRUE,TRUE,TRUE,TRUE
GigaSSL,oncogenic_pathway,LGG,MYC,0.520734783979817,0.516950488804794,0.0819484556779845,12,0.557868180384737,0.0743093282976326,0.528263954588458,0.321428571428571,0.735099337748344,0.0697674418604651,0.946022727272727,0.0582120582120582,0.0582120582120582,0.493377483443709,0,0.986754966887417,0,0.941052631578947,0.536187322611164,0.357142857142857,0.71523178807947,0.0719424460431655,0.947368421052632,3,1,8,0,0.6353591160221,-2.87260680979656,oncogenic_pathway,SanchezVega2018_TableS4,481,28,453,20261148,pooled inner out-of-fold AUROC,pooled inner out-of-fold balanced-accuracy optimum,outer out-of-fold AUROC,AUROC >= 0.60 after inner-AUROC component tuning,TRUE,0.0371333964049196,0.0113134657836639,FALSE,FALSE,FALSE,TRUE
ProvGigaPath,oncogenic_pathway,LGG,MYC,0.544859665720593,0.487858719646799,0.0689955967787389,2,0.553847366761274,0.0650670705902605,0.599061810154525,0.75,0.448123620309051,0.0774907749077491,0.966666666666667,0.0582120582120582,0.0582120582120582,0.495584988962472,0,0.991169977924945,0,0.941299790356394,0.47378587196468,0.25,0.69757174392936,0.0486111111111111,0.937685459940653,1,1,3,0,0.621546961325967,-3.74364750968012,oncogenic_pathway,SanchezVega2018_TableS4,481,28,453,20261148,pooled inner out-of-fold AUROC,pooled inner out-of-fold balanced-accuracy optimum,outer out-of-fold AUROC,AUROC >= 0.60 after inner-AUROC component tuning,TRUE,0.00898770104068103,0.111203090507726,FALSE,FALSE,FALSE,TRUE
TITAN,oncogenic_pathway,LGG,MYC,0.581598864711448,0.503508356985178,0.0802728757300906,7,0.53082623777988,0.0679917435602396,0.556527909176916,0.642857142857143,0.470198675496689,0.0697674418604651,0.955156950672646,0.0582120582120582,0.0582120582120582,0.516950488804794,0.0714285714285714,0.962472406181016,0.105263157894737,0.943722943722944,0.516832229580574,0.25,0.783664459161148,0.0666666666666667,0.944148936170213,9,1,19,0,0.591788046207936,-7.3932847134332,oncogenic_pathway,SanchezVega2018_TableS4,481,28,453,20261148,pooled inner out-of-fold AUROC,pooled inner out-of-fold balanced-accuracy optimum,outer out-of-fold AUROC,AUROC >= 0.60 after inner-AUROC component tuning,TRUE,-0.0507726269315678,0.0530195521917378,FALSE,FALSE,FALSE,TRUE
GigaSSL,oncogenic_pathway,LGG,NOTCH,0.536495844875346,0.497460757156048,0.267144531176061,12,0.523291782086796,0.25592774913636,0.508852723915051,0.391666666666667,0.626038781163435,0.258241758241758,0.755852842809365,0.24948024948025,0.24948024948025,0.500023084025854,0.0166666666666667,0.983379501385042,0.25,0.750528541226216,0.524168975069252,0.45,0.598337950138504,0.271356783919598,0.765957446808511,1,1,2,0,0.563977797001153,-0.990637742186908,oncogenic_pathway,SanchezVega2018_TableS4,481,120,361,20261149,pooled inner out-of-fold AUROC,pooled inner out-of-fold balanced-accuracy optimum,outer out-of-fold AUROC,AUROC >= 0.60 after inner-AUROC component tuning,TRUE,-0.01320406278855,0.0113919667590028,FALSE,FALSE,FALSE,TRUE
ProvGigaPath,oncogenic_pathway,LGG,NOTCH,0.522483841181902,0.507144506001847,0.266960652225961,3,0.541435826408126,0.26593556361893,0.508829639889197,0.375,0.642659279778393,0.258620689655172,0.755700325732899,0.24948024948025,0.24948024948025,0.491701292705448,0.00833333333333333,0.975069252077562,0.1,0.747346072186836,0.528393351800554,0.5,0.556786703601108,0.272727272727273,0.770114942528736,1,1,1,0,0.574034025374856,-1.06526961450007,oncogenic_pathway,SanchezVega2018_TableS4,481,120,361,20261149,pooled inner out-of-fold AUROC,pooled inner out-of-fold balanced-accuracy optimum,outer out-of-fold AUROC,AUROC >= 0.60 after inner-AUROC component tuning,TRUE,0.0189519852262235,0.0016851338873497,FALSE,FALSE,FALSE,TRUE
TITAN,oncogenic_pathway,LGG,NOTCH,0.553116343490305,0.530782548476454,0.281363886103433,10,0.572068328716528,0.288941966763191,0.535584025854109,0.691666666666667,0.379501385041551,0.270358306188925,0.787356321839081,0.24948024948025,0.24948024948025,0.50286241920591,0.0666666666666667,0.939058171745152,0.266666666666667,0.751662971175166,0.55466297322253,0.466666666666667,0.642659279778393,0.302702702702703,0.783783783783784,2,1,3,0,0.588379469434833,-1.53781773307874,oncogenic_pathway,SanchezVega2018_TableS4,481,120,361,20261149,pooled inner out-of-fold AUROC,pooled inner out-of-fold balanced-accuracy optimum,outer out-of-fold AUROC,AUROC >= 0.60 after inner-AUROC component tuning,TRUE,0.0189519852262231,0.00480147737765491,FALSE,FALSE,FALSE,TRUE
GigaSSL,oncogenic_pathway,LGG,PI3K,0.582098884186225,0.55933772604848,0.327828042906618,6,0.536408233936129,0.268857333471582,0.548756733358984,0.513274336283186,0.584239130434783,0.274881516587678,0.796296296296296,0.234927234927235,0.234927234927235,0.516099942285494,0.132743362831858,0.899456521739131,0.288461538461538,0.771561771561772,0.515342439399769,0.389380530973451,0.641304347826087,0.25,0.773770491803279,3,1,19,0,0.617507915813001,-1.23433084826448,oncogenic_pathway,SanchezVega2018_TableS4,481,113,368,20261150,pooled inner out-of-fold AUROC,pooled inner out-of-fold balanced-accuracy optimum,outer out-of-fold AUROC,AUROC >= 0.60 after inner-AUROC component tuning,TRUE,-0.0456906502500958,-0.0105809926894958,FALSE,FALSE,FALSE,TRUE
ProvGigaPath,oncogenic_pathway,LGG,PI3K,0.566756444786456,0.536588591766064,0.291557077673462,9,0.597898230088496,0.361637932484416,0.559241535205849,0.469026548672566,0.649456521739131,0.291208791208791,0.79933110367893,0.234927234927235,0.234927234927235,0.566792516352443,0.212389380530973,0.921195652173913,0.452830188679245,0.792056074766355,0.56227154674875,0.442477876106195,0.682065217391304,0.29940119760479,0.799363057324841,2,2,4,0,0.623922902494331,-1.39267070243279,oncogenic_pathway,SanchezVega2018_TableS4,481,113,368,20261150,pooled inner out-of-fold AUROC,pooled inner out-of-fold balanced-accuracy optimum,outer out-of-fold AUROC,AUROC >= 0.60 after inner-AUROC component tuning,TRUE,0.0311417853020396,0.0226529434397844,FALSE,FALSE,FALSE,TRUE
TITAN,oncogenic_pathway,LGG,PI3K,0.588062716429396,0.543971238938053,0.326528737414892,2,0.587677953058869,0.332185641199748,0.545690650250096,0.504424778761062,0.586956521739131,0.272727272727273,0.794117647058824,0.234927234927235,0.234927234927235,0.547698634090035,0.141592920353982,0.953804347826087,0.484848484848485,0.783482142857143,0.576940650250096,0.504424778761062,0.649456521739131,0.306451612903226,0.810169491525424,1,1,5,0,0.638107655056808,-1.30616357307738,oncogenic_pathway,SanchezVega2018_TableS4,481,113,368,20261150,pooled inner out-of-fold AUROC,pooled inner out-of-fold balanced-accuracy optimum,outer out-of-fold AUROC,AUROC >= 0.60 after inner-AUROC component tuning,TRUE,-0.000384763370527175,0.00171941131204323,FALSE,FALSE,FALSE,TRUE
GigaSSL,oncogenic_pathway,LGG,RTK RAS,0.672810961250268,0.600460286876472,0.493632021678351,2,0.70458146007279,0.506153782581217,0.637690002140869,0.503703703703704,0.771676300578035,0.462585034013605,0.79940119760479,0.280665280665281,0.280665280665281,0.610757867694284,0.311111111111111,0.910404624277457,0.575342465753425,0.772058823529412,0.656122885891672,0.592592592592593,0.719653179190751,0.451977401129944,0.819078947368421,2,2,2,0,0.69925792218211,-0.908989375879604,oncogenic_pathway,SanchezVega2018_TableS4,481,135,346,20261151,pooled inner out-of-fold AUROC,pooled inner out-of-fold balanced-accuracy optimum,outer out-of-fold AUROC,AUROC >= 0.60 after inner-AUROC component tuning,TRUE,0.0317704988225216,0.0372297152643971,TRUE,TRUE,TRUE,FALSE
ProvGigaPath,oncogenic_pathway,LGG,RTK RAS,0.730079212160137,0.682669663883537,0.571297552000397,8,0.706807964033398,0.541104124979831,0.653682295011775,0.57037037037037,0.736994219653179,0.458333333333333,0.814696485623003,0.280665280665281,0.280665280665281,0.670563048597731,0.474074074074074,0.867052023121387,0.581818181818182,0.808625336927224,0.670209805180904,0.562962962962963,0.777456647398844,0.496732026143791,0.820121951219512,4,3,10,0,0.738200294156973,-1.2680349184253,oncogenic_pathway,SanchezVega2018_TableS4,481,135,346,20261151,pooled inner out-of-fold AUROC,pooled inner out-of-fold balanced-accuracy optimum,outer out-of-fold AUROC,AUROC >= 0.60 after inner-AUROC component tuning,TRUE,-0.0232712481267395,-0.0289873688717621,TRUE,TRUE,TRUE,TRUE
TITAN,oncogenic_pathway,LGG,RTK RAS,0.766730892742453,0.686459002354956,0.608837869485699,2,0.774009847998287,0.629234885156269,0.701370156283451,0.57037037037037,0.832369942196532,0.57037037037037,0.832369942196532,0.280665280665281,0.280665280665281,0.684831941768358,0.459259259259259,0.910404624277457,0.666666666666667,0.811855670103093,0.693609505459216,0.644444444444445,0.742774566473988,0.494318181818182,0.842622950819672,1,1,2,0,0.780652493648884,-0.599035793953683,oncogenic_pathway,SanchezVega2018_TableS4,481,135,346,20261151,pooled inner out-of-fold AUROC,pooled inner out-of-fold balanced-accuracy optimum,outer out-of-fold AUROC,AUROC >= 0.60 after inner-AUROC component tuning,TRUE,0.00727895525583433,0.0149111539284951,TRUE,TRUE,TRUE,TRUE
GigaSSL,oncogenic_pathway,LGG,TGF-Beta,0.686061801446417,0.590740740740741,0.404522040394199,6,0.713193074731536,0.464952851310663,0.643589743589744,0.723076923076923,0.564102564102564,0.380566801619433,0.846153846153846,0.27027027027027,0.27027027027027,0.602564102564103,0.307692307692308,0.897435897435897,0.526315789473684,0.777777777777778,0.648575498575499,0.607692307692308,0.68945868945869,0.420212765957447,0.825938566552901,2,2,4,0,0.718372252747253,-1.39228551919481,oncogenic_pathway,SanchezVega2018_TableS4,481,130,351,20261152,pooled inner out-of-fold AUROC,pooled inner out-of-fold balanced-accuracy optimum,outer out-of-fold AUROC,AUROC >= 0.60 after inner-AUROC component tuning,TRUE,0.0271312732851192,0.0528490028490025,FALSE,TRUE,TRUE,TRUE
ProvGigaPath,oncogenic_pathway,LGG,TGF-Beta,0.627525750602674,0.567378917378917,0.355708928966582,2,0.683475783475784,0.457544609064033,0.636609686609687,0.669230769230769,0.603988603988604,0.384955752212389,0.831372549019608,0.27027027027027,0.27027027027027,0.608831908831909,0.323076923076923,0.894586894586895,0.531645569620253,0.781094527363184,0.627207977207977,0.607692307692308,0.646723646723647,0.389162561576355,0.816546762589928,2,1,3,0,0.684608540925267,-1.19992607295887,oncogenic_pathway,SanchezVega2018_TableS4,481,130,351,20261152,pooled inner out-of-fold AUROC,pooled inner out-of-fold balanced-accuracy optimum,outer out-of-fold AUROC,AUROC >= 0.60 after inner-AUROC component tuning,TRUE,0.0559500328731095,0.0692307692307697,FALSE,TRUE,TRUE,FALSE
TITAN,oncogenic_pathway,LGG,TGF-Beta,0.708086785009862,0.626923076923077,0.445162553899827,7,0.733925049309665,0.481645012108049,0.661965811965812,0.623076923076923,0.700854700854701,0.435483870967742,0.833898305084746,0.27027027027027,0.27027027027027,0.591880341880342,0.269230769230769,0.914529914529914,0.538461538461538,0.771634615384615,0.678205128205128,0.715384615384615,0.641025641025641,0.424657534246575,0.858778625954199,1,1,2,0,0.74584478021978,-0.88578670848196,oncogenic_pathway,SanchezVega2018_TableS4,481,130,351,20261152,pooled inner out-of-fold AUROC,pooled inner out-of-fold balanced-accuracy optimum,outer out-of-fold AUROC,AUROC >= 0.60 after inner-AUROC component tuning,TRUE,0.0258382642998027,0.0350427350427349,TRUE,TRUE,TRUE,TRUE
GigaSSL,oncogenic_pathway,LGG,TP53,0.82015782915686,0.761136300706078,0.830251816605813,7,0.836044579814482,0.824694959064951,0.762373667451198,0.782258064516129,0.742489270386266,0.763779527559055,0.762114537444934,0.515592515592516,0.515592515592516,0.755087913609304,0.741935483870968,0.76824034334764,0.773109243697479,0.736625514403292,0.763801398310951,0.737903225806452,0.789699570815451,0.788793103448276,0.738955823293173,6,5,8,0,0.83575632171553,-0.384414153770811,oncogenic_pathway,SanchezVega2018_TableS4,481,248,233,20261153,pooled inner out-of-fold AUROC,pooled inner out-of-fold balanced-accuracy optimum,outer out-of-fold AUROC,AUROC >= 0.60 after inner-AUROC component tuning,TRUE,0.0158867506576216,0.00123736674511965,TRUE,TRUE,TRUE,TRUE
ProvGigaPath,oncogenic_pathway,LGG,TP53,0.837255987816697,0.763541810881905,0.839734350779389,5,0.860739997231067,0.857815643259889,0.777914301536758,0.766129032258065,0.789699570815451,0.794979079497908,0.760330578512397,0.515592515592516,0.515592515592516,0.788773708985186,0.762096774193548,0.815450643776824,0.814655172413793,0.763052208835341,0.782725321888412,0.75,0.815450643776824,0.812227074235808,0.753968253968254,4,3,6,0,0.854056378147422,-0.145421549487103,oncogenic_pathway,SanchezVega2018_TableS4,481,248,233,20261153,pooled inner out-of-fold AUROC,pooled inner out-of-fold balanced-accuracy optimum,outer out-of-fold AUROC,AUROC >= 0.60 after inner-AUROC component tuning,TRUE,0.0234840094143705,0.0143724906548526,TRUE,TRUE,TRUE,TRUE
TITAN,oncogenic_pathway,LGG,TP53,0.886214176934792,0.830134639346532,0.885431216079708,3,0.889779177627025,0.882657861928331,0.822788315104527,0.838709677419355,0.8068669527897,0.822134387351779,0.824561403508772,0.515592515592516,0.515592515592516,0.841842032396511,0.846774193548387,0.836909871244635,0.846774193548387,0.836909871244635,0.837809774331995,0.838709677419355,0.836909871244635,0.845528455284553,0.829787234042553,4,3,4,0,0.884099642598017,-0.164944073166017,oncogenic_pathway,SanchezVega2018_TableS4,481,248,233,20261153,pooled inner out-of-fold AUROC,pooled inner out-of-fold balanced-accuracy optimum,outer out-of-fold AUROC,AUROC >= 0.60 after inner-AUROC component tuning,TRUE,0.00356500069223276,-0.00734632424200477,TRUE,TRUE,TRUE,TRUE
GigaSSL,oncogenic_pathway,LGG,WNT,0.762966194111232,0.664721919302072,0.572972129280023,4,0.789312977099237,0.616141385352662,0.709716466739368,0.702290076335878,0.717142857142857,0.481675392670157,0.86551724137931,0.272349272349272,0.272349272349272,0.670905125408942,0.450381679389313,0.891428571428572,0.608247422680412,0.8125,0.724002181025082,0.702290076335878,0.745714285714286,0.50828729281768,0.87,2,2,2,0,0.78343537414966,-1.1138553281581,oncogenic_pathway,SanchezVega2018_TableS4,481,131,350,20261154,pooled inner out-of-fold AUROC,pooled inner out-of-fold balanced-accuracy optimum,outer out-of-fold AUROC,AUROC >= 0.60 after inner-AUROC component tuning,TRUE,0.0263467829880046,0.0449945474372955,TRUE,TRUE,TRUE,TRUE
ProvGigaPath,oncogenic_pathway,LGG,WNT,0.765517993456925,0.667600872410033,0.575721451294085,4,0.766630316248637,0.566223287655403,0.691079607415485,0.633587786259542,0.748571428571429,0.485380116959064,0.845161290322581,0.272349272349272,0.272349272349272,0.64278080697928,0.419847328244275,0.865714285714286,0.53921568627451,0.799472295514512,0.692998909487459,0.648854961832061,0.737142857142857,0.480225988700565,0.848684210526316,2,2,3,0,0.770374149659864,-1.02422675798419,oncogenic_pathway,SanchezVega2018_TableS4,481,131,350,20261154,pooled inner out-of-fold AUROC,pooled inner out-of-fold balanced-accuracy optimum,outer out-of-fold AUROC,AUROC >= 0.60 after inner-AUROC component tuning,TRUE,0.00111232279171192,0.0234787350054523,TRUE,TRUE,TRUE,TRUE
TITAN,oncogenic_pathway,LGG,WNT,0.767415485278081,0.693849509269357,0.554704335076839,2,0.839498364231189,0.613829756848509,0.762639040348964,0.770992366412214,0.754285714285714,0.540106951871658,0.897959183673469,0.272349272349272,0.272349272349272,0.721014176663032,0.564885496183206,0.877142857142857,0.632478632478633,0.843406593406593,0.771679389312977,0.763358778625954,0.78,0.564971751412429,0.898026315789474,2,2,3,0,0.829081632653061,-1.25850243582044,oncogenic_pathway,SanchezVega2018_TableS4,481,131,350,20261154,pooled inner out-of-fold AUROC,pooled inner out-of-fold balanced-accuracy optimum,outer out-of-fold AUROC,AUROC >= 0.60 after inner-AUROC component tuning,TRUE,0.0720828789531076,0.0687895310796071,TRUE,TRUE,TRUE,FALSE
GigaSSL,oncogenic_pathway,LIHC,Cell Cycle,0.637848505206584,0.609359254282835,0.763174375799304,10,0.624622102788042,0.770452351733726,0.567496640913672,0.567685589519651,0.567307692307692,0.742857142857143,0.373417721518987,0.687687687687688,0.687687687687688,0.580932986227746,0.825327510917031,0.336538461538462,0.732558139534884,0.466666666666667,0.579253443063487,0.668122270742358,0.490384615384615,0.742718446601942,0.401574803149606,4,2,9,0,0.643557837909013,0.789864454300548,oncogenic_pathway,SanchezVega2018_TableS4,333,229,104,20261155,pooled inner out-of-fold AUROC,pooled inner out-of-fold balanced-accuracy optimum,outer out-of-fold AUROC,AUROC >= 0.60 after inner-AUROC component tuning,TRUE,-0.0132264024185423,-0.0418626133691635,TRUE,FALSE,TRUE,TRUE
ProvGigaPath,oncogenic_pathway,LIHC,Cell Cycle,0.646876049714478,0.602809035942224,0.78203962986004,12,0.668374202216997,0.795912664324778,0.626070708767215,0.550218340611354,0.701923076923077,0.802547770700637,0.414772727272727,0.687687687687688,0.687687687687688,0.61897463889822,0.786026200873362,0.451923076923077,0.759493670886076,0.489583333333333,0.641732448773934,0.716157205240175,0.567307692307692,0.784688995215311,0.475806451612903,7,3,15,0,0.676871420106656,2.26198960184312,oncogenic_pathway,SanchezVega2018_TableS4,333,229,104,20261155,pooled inner out-of-fold AUROC,pooled inner out-of-fold balanced-accuracy optimum,outer out-of-fold AUROC,AUROC >= 0.60 after inner-AUROC component tuning,TRUE,0.021498152502519,0.0232616728249913,TRUE,TRUE,TRUE,TRUE
TITAN,oncogenic_pathway,LIHC,Cell Cycle,0.676184077930803,0.608897379912664,0.789133845818772,5,0.697724219012429,0.796584358121898,0.635644104803493,0.646288209606987,0.625,0.79144385026738,0.445205479452055,0.687687687687688,0.687687687687688,0.624622102788042,0.864628820960699,0.384615384615385,0.755725190839695,0.563380281690141,0.677548706751764,0.768558951965066,0.586538461538462,0.80365296803653,0.535087719298246,3,3,7,0,0.707815734989648,1.23116557577011,oncogenic_pathway,SanchezVega2018_TableS4,333,229,104,20261155,pooled inner out-of-fold AUROC,pooled inner out-of-fold balanced-accuracy optimum,outer out-of-fold AUROC,AUROC >= 0.60 after inner-AUROC component tuning,TRUE,0.0215401410816256,0.0267467248908294,TRUE,TRUE,TRUE,TRUE
GigaSSL,oncogenic_pathway,LIHC,HIPPO,0.461748195669607,0.543464314354451,0.152897275236586,4,0.482838813151564,0.129716401179499,0.492020850040096,0.511627906976744,0.472413793103448,0.125714285714286,0.867088607594937,0.129129129129129,0.129129129129129,0.503007217321572,0.0232558139534884,0.982758620689655,0.166666666666667,0.871559633027523,0.489935846030473,0.348837209302326,0.631034482758621,0.122950819672131,0.867298578199052,1,1,6,0,0.597870182555781,-2.04062571615776,oncogenic_pathway,SanchezVega2018_TableS4,333,43,290,20261156,pooled inner out-of-fold AUROC,pooled inner out-of-fold balanced-accuracy optimum,outer out-of-fold AUROC,AUROC >= 0.60 after inner-AUROC component tuning,TRUE,0.0210906174819567,-0.0514434643143548,FALSE,FALSE,FALSE,TRUE
ProvGigaPath,oncogenic_pathway,LIHC,HIPPO,0.462068965517241,0.474538893344026,0.123798366365859,13,0.507538091419407,0.142942943379222,0.477425821972735,0.372093023255814,0.582758620689655,0.116788321167883,0.862244897959184,0.129129129129129,0.129129129129129,0.505132317562149,0.0930232558139535,0.917241379310345,0.142857142857143,0.872131147540984,0.500761828388131,0.232558139534884,0.768965517241379,0.12987012987013,0.87109375,2,1,20,1,0.570106490872211,-2.65442541694294,oncogenic_pathway,SanchezVega2018_TableS4,333,43,290,20261156,pooled inner out-of-fold AUROC,pooled inner out-of-fold balanced-accuracy optimum,outer out-of-fold AUROC,AUROC >= 0.60 after inner-AUROC component tuning,TRUE,0.0454691259021655,0.0028869286287086,FALSE,FALSE,FALSE,TRUE
TITAN,oncogenic_pathway,LIHC,HIPPO,0.496230954290297,0.511146752205293,0.139585936387494,13,0.493183640737771,0.1289557583713,0.467522052927025,0.348837209302326,0.586206896551724,0.111111111111111,0.858585858585859,0.129129129129129,0.129129129129129,0.50252606255012,0.13953488372093,0.86551724137931,0.133333333333333,0.871527777777778,0.473616680032077,0.209302325581395,0.737931034482759,0.105882352941176,0.862903225806452,12,1,20,1,0.53473630831643,-4.28239749728783,oncogenic_pathway,SanchezVega2018_TableS4,333,43,290,20261156,pooled inner out-of-fold AUROC,pooled inner out-of-fold balanced-accuracy optimum,outer out-of-fold AUROC,AUROC >= 0.60 after inner-AUROC component tuning,TRUE,-0.00304731355252635,-0.0436246992782682,FALSE,FALSE,FALSE,TRUE
GigaSSL,oncogenic_pathway,LIHC,MYC,0.57002442002442,0.533241758241758,0.217981040849258,16,0.578449328449329,0.223761103577529,0.597710622710623,0.616666666666667,0.578754578754579,0.243421052631579,0.87292817679558,0.18018018018018,0.18018018018018,0.497527472527473,0.05,0.945054945054945,0.166666666666667,0.819047619047619,0.591666666666667,0.516666666666667,0.666666666666667,0.254098360655738,0.862559241706161,1,1,20,1,0.593272171253823,-1.67476541662908,oncogenic_pathway,SanchezVega2018_TableS4,333,60,273,20261157,pooled inner out-of-fold AUROC,pooled inner out-of-fold balanced-accuracy optimum,outer out-of-fold AUROC,AUROC >= 0.60 after inner-AUROC component tuning,TRUE,0.00842490842490851,0.0644688644688648,FALSE,FALSE,FALSE,TRUE
ProvGigaPath,oncogenic_pathway,LIHC,MYC,0.580830280830281,0.538919413919414,0.230204094814975,16,0.608302808302808,0.242535465372929,0.548260073260073,0.616666666666667,0.47985347985348,0.206703910614525,0.850649350649351,0.18018018018018,0.18018018018018,0.53470695970696,0.15,0.919413919413919,0.290322580645161,0.83112582781457,0.581318681318681,0.466666666666667,0.695970695970696,0.252252252252252,0.855855855855856,1,1,15,0,0.611238532110092,-2.00331256201189,oncogenic_pathway,SanchezVega2018_TableS4,333,60,273,20261157,pooled inner out-of-fold AUROC,pooled inner out-of-fold balanced-accuracy optimum,outer out-of-fold AUROC,AUROC >= 0.60 after inner-AUROC component tuning,TRUE,0.0274725274725273,0.00934065934065931,FALSE,FALSE,TRUE,TRUE
TITAN,oncogenic_pathway,LIHC,MYC,0.562454212454212,0.513369963369963,0.219457624936854,3,0.573076923076923,0.221269419607705,0.538278388278388,0.633333333333333,0.443223443223443,0.2,0.846153846153846,0.18018018018018,0.18018018018018,0.508699633699634,0.0833333333333333,0.934065934065934,0.217391304347826,0.82258064516129,0.562179487179487,0.483333333333333,0.641025641025641,0.228346456692913,0.849514563106796,2,1,5,0,0.609518348623853,-2.18589341184159,oncogenic_pathway,SanchezVega2018_TableS4,333,60,273,20261157,pooled inner out-of-fold AUROC,pooled inner out-of-fold balanced-accuracy optimum,outer out-of-fold AUROC,AUROC >= 0.60 after inner-AUROC component tuning,TRUE,0.010622710622711,0.0249084249084253,FALSE,FALSE,FALSE,TRUE
GigaSSL,oncogenic_pathway,LIHC,NOTCH,0.505131343564636,0.500423688918181,0.265879235209718,5,0.490443461067696,0.269292447903021,0.510568684681292,0.616279069767442,0.404858299595142,0.265,0.75187969924812,0.258258258258258,0.258258258258258,0.492373599472743,0.0697674418604651,0.91497975708502,0.222222222222222,0.738562091503268,0.512640052725732,0.523255813953488,0.502024291497976,0.267857142857143,0.751515151515152,2,1,5,0,0.596998455087177,-1.28882351116863,oncogenic_pathway,SanchezVega2018_TableS4,333,86,247,20261158,pooled inner out-of-fold AUROC,pooled inner out-of-fold balanced-accuracy optimum,outer out-of-fold AUROC,AUROC >= 0.60 after inner-AUROC component tuning,TRUE,-0.0146878824969399,0.0101449957631108,FALSE,FALSE,FALSE,TRUE
ProvGigaPath,oncogenic_pathway,LIHC,NOTCH,0.494774503342435,0.504684116373223,0.260559901142721,9,0.538084926089822,0.273836098980905,0.554844176631202,0.627906976744186,0.481781376518219,0.296703296703297,0.788079470198676,0.258258258258258,0.258258258258258,0.49689294793334,0.13953488372093,0.854251012145749,0.25,0.740350877192982,0.539214763204971,0.511627906976744,0.566801619433198,0.291390728476821,0.769230769230769,1,1,11,0,0.602957404546458,-1.32926109376418,oncogenic_pathway,SanchezVega2018_TableS4,333,86,247,20261158,pooled inner out-of-fold AUROC,pooled inner out-of-fold balanced-accuracy optimum,outer out-of-fold AUROC,AUROC >= 0.60 after inner-AUROC component tuning,TRUE,0.0433104227473871,0.0501600602579794,FALSE,FALSE,FALSE,TRUE
TITAN,oncogenic_pathway,LIHC,NOTCH,0.478815554090952,0.473331136427832,0.255385885286757,7,0.505319649750494,0.269674292988231,0.467375953300066,0.465116279069768,0.469635627530364,0.233918128654971,0.716049382716049,0.258258258258258,0.258258258258258,0.496422182468694,0.0697674418604651,0.923076923076923,0.24,0.74025974025974,0.513157894736842,0.5,0.526315789473684,0.26875,0.751445086705202,1,1,16,0,0.58915239350022,-1.05289453831456,oncogenic_pathway,SanchezVega2018_TableS4,333,86,247,20261158,pooled inner out-of-fold AUROC,pooled inner out-of-fold balanced-accuracy optimum,outer out-of-fold AUROC,AUROC >= 0.60 after inner-AUROC component tuning,TRUE,0.0265040956595423,-0.00595518312776611,FALSE,FALSE,FALSE,TRUE
GigaSSL,oncogenic_pathway,LIHC,NRF2,0.400946275946276,0.488782051282051,0.0506613028502457,1,0.348137973137973,0.0467906852602319,0.438644688644689,0.428571428571429,0.448717948717949,0.0497237569060774,0.921052631578947,0.0630630630630631,0.0630630630630631,0.483974358974359,0,0.967948717948718,0,0.934984520123839,0.36996336996337,0.0476190476190476,0.692307692307692,0.0103092783505155,0.915254237288136,2,1,10,0,0.468941176470588,-4.75137820913049,oncogenic_pathway,SanchezVega2018_TableS4,333,21,312,20261159,pooled inner out-of-fold AUROC,pooled inner out-of-fold balanced-accuracy optimum,outer out-of-fold AUROC,AUROC >= 0.60 after inner-AUROC component tuning,TRUE,-0.0528083028083029,-0.0501373626373623,FALSE,FALSE,FALSE,TRUE
ProvGigaPath,oncogenic_pathway,LIHC,NRF2,0.36492673992674,0.490384615384615,0.0480472652455633,1,0.431166056166056,0.0553315921482971,0.416437728937729,0.380952380952381,0.451923076923077,0.0446927374301676,0.915584415584416,0.0630630630630631,0.0630630630630631,0.485576923076923,0,0.971153846153846,0,0.935185185185185,0.461309523809524,0.0476190476190476,0.875,0.025,0.931740614334471,3,2,19,0,0.466117647058824,-6.1734468096823,oncogenic_pathway,SanchezVega2018_TableS4,333,21,312,20261159,pooled inner out-of-fold AUROC,pooled inner out-of-fold balanced-accuracy optimum,outer out-of-fold AUROC,AUROC >= 0.60 after inner-AUROC component tuning,TRUE,0.0662393162393162,-0.0739468864468861,FALSE,FALSE,FALSE,TRUE
TITAN,oncogenic_pathway,LIHC,NRF2,0.496336996336996,0.5,0.0746091093408065,2,0.499236874236874,0.0840746485502612,0.527014652014652,0.714285714285714,0.33974358974359,0.0678733031674208,0.946428571428571,0.0630630630630631,0.0630630630630631,0.5,0,1,,0.936936936936937,0.525641025641026,0.333333333333333,0.717948717948718,0.0736842105263158,0.941176470588235,2,1,3,0,0.544235294117647,-4.04170828704783,oncogenic_pathway,SanchezVega2018_TableS4,333,21,312,20261159,pooled inner out-of-fold AUROC,pooled inner out-of-fold balanced-accuracy optimum,outer out-of-fold AUROC,AUROC >= 0.60 after inner-AUROC component tuning,TRUE,0.00289987789987822,0.027014652014652,FALSE,FALSE,FALSE,FALSE
GigaSSL,oncogenic_pathway,LIHC,PI3K,0.491824440619621,0.483290304073437,0.243348532707812,4,0.487712755785045,0.259118658238388,0.485513482501434,0.404761904761905,0.566265060240964,0.23943661971831,0.738219895287958,0.252252252252252,0.252252252252252,0.503012048192771,0.166666666666667,0.839357429718876,0.259259259259259,0.74910394265233,0.505808950086059,0.369047619047619,0.642570281124498,0.258333333333333,0.751173708920188,4,2,17,0,0.588164704117603,-1.20509497082578,oncogenic_pathway,SanchezVega2018_TableS4,333,84,249,20261160,pooled inner out-of-fold AUROC,pooled inner out-of-fold balanced-accuracy optimum,outer out-of-fold AUROC,AUROC >= 0.60 after inner-AUROC component tuning,TRUE,-0.00411168483457608,0.00222317842799735,FALSE,FALSE,FALSE,FALSE
ProvGigaPath,oncogenic_pathway,LIHC,PI3K,0.550009562057755,0.550272518646013,0.301696724156017,14,0.536861732644865,0.284441878640799,0.529905335628227,0.702380952380952,0.357429718875502,0.269406392694064,0.780701754385965,0.252252252252252,0.252252252252252,0.519148020654045,0.154761904761905,0.883534136546185,0.30952380952381,0.756013745704467,0.53951520367183,0.440476190476191,0.63855421686747,0.291338582677165,0.771844660194175,1,1,15,0,0.587794117647059,-1.66191255146576,oncogenic_pathway,SanchezVega2018_TableS4,333,84,249,20261160,pooled inner out-of-fold AUROC,pooled inner out-of-fold balanced-accuracy optimum,outer out-of-fold AUROC,AUROC >= 0.60 after inner-AUROC component tuning,TRUE,-0.0131478294128898,-0.0203671830177858,FALSE,FALSE,FALSE,TRUE
TITAN,oncogenic_pathway,LIHC,PI3K,0.59887167718493,0.560527825588067,0.325732326793912,4,0.538869764773379,0.288996840554864,0.521514629948365,0.428571428571429,0.614457831325301,0.272727272727273,0.761194029850746,0.252252252252252,0.252252252252252,0.544893861158921,0.214285714285714,0.875502008032129,0.36734693877551,0.767605633802817,0.519936890418818,0.357142857142857,0.682730923694779,0.275229357798165,0.758928571428571,3,1,16,0,0.63481587039676,-1.20949012154499,oncogenic_pathway,SanchezVega2018_TableS4,333,84,249,20261160,pooled inner out-of-fold AUROC,pooled inner out-of-fold balanced-accuracy optimum,outer out-of-fold AUROC,AUROC >= 0.60 after inner-AUROC component tuning,TRUE,-0.0600019124115507,-0.0390131956397022,FALSE,FALSE,FALSE,TRUE
GigaSSL,oncogenic_pathway,LIHC,RTK RAS,0.527183554210581,0.515444015444015,0.255513747218894,18,0.53793175414797,0.24809657836791,0.573359073359073,0.621621621621622,0.525096525096525,0.272189349112426,0.829268292682927,0.222222222222222,0.222222222222222,0.5,0.0810810810810811,0.918918918918919,0.222222222222222,0.777777777777778,0.532818532818533,0.432432432432432,0.633204633204633,0.251968503937008,0.796116504854369,1,1,20,1,0.60394661426349,-1.3826350017497,oncogenic_pathway,SanchezVega2018_TableS4,333,74,259,20261161,pooled inner out-of-fold AUROC,pooled inner out-of-fold balanced-accuracy optimum,outer out-of-fold AUROC,AUROC >= 0.60 after inner-AUROC component tuning,TRUE,0.0107481999373893,0.0579150579150584,FALSE,FALSE,FALSE,TRUE
ProvGigaPath,oncogenic_pathway,LIHC,RTK RAS,0.488677867056245,0.513513513513514,0.248983352924958,3,0.544766774496504,0.27404718445286,0.499034749034749,0.364864864864865,0.633204633204633,0.221311475409836,0.777251184834123,0.222222222222222,0.222222222222222,0.510617760617761,0.0945945945945946,0.926640926640927,0.269230769230769,0.781758957654723,0.537644787644788,0.391891891891892,0.683397683397683,0.261261261261261,0.797297297297297,1,1,3,0,0.592074019487431,-1.2437337650152,oncogenic_pathway,SanchezVega2018_TableS4,333,74,259,20261161,pooled inner out-of-fold AUROC,pooled inner out-of-fold balanced-accuracy optimum,outer out-of-fold AUROC,AUROC >= 0.60 after inner-AUROC component tuning,TRUE,0.0560889074402592,-0.0144787644787651,FALSE,FALSE,FALSE,TRUE
TITAN,oncogenic_pathway,LIHC,RTK RAS,0.577533131587186,0.569498069498069,0.311702478503887,13,0.609777731399353,0.36219040647015,0.565637065637066,0.513513513513514,0.617760617760618,0.277372262773723,0.816326530612245,0.222222222222222,0.222222222222222,0.548262548262548,0.135135135135135,0.961389961389961,0.5,0.795527156549521,0.594594594594595,0.486486486486487,0.702702702702703,0.31858407079646,0.827272727272727,1,1,1,0,0.596659297469909,-1.30202487376606,oncogenic_pathway,SanchezVega2018_TableS4,333,74,259,20261161,pooled inner out-of-fold AUROC,pooled inner out-of-fold balanced-accuracy optimum,outer out-of-fold AUROC,AUROC >= 0.60 after inner-AUROC component tuning,TRUE,0.032244599812167,-0.00386100386100341,FALSE,FALSE,TRUE,TRUE
GigaSSL,oncogenic_pathway,LIHC,TGF-Beta,0.462243797195254,0.475728155339806,0.0677665694740552,8,0.514967637540453,0.0744875239928497,0.516181229773463,0.666666666666667,0.365695792880259,0.0754716981132076,0.933884297520661,0.0720720720720721,0.0720720720720721,0.498179611650485,0.0416666666666667,0.954692556634304,0.0666666666666667,0.927672955974843,0.449231391585761,0.125,0.773462783171521,0.0410958904109589,0.919230769230769,4,1,19,0,0.623694864692095,-6.446451353026,oncogenic_pathway,SanchezVega2018_TableS4,333,24,309,20261162,pooled inner out-of-fold AUROC,pooled inner out-of-fold balanced-accuracy optimum,outer out-of-fold AUROC,AUROC >= 0.60 after inner-AUROC component tuning,TRUE,0.0527238403451991,0.0404530744336567,FALSE,FALSE,FALSE,TRUE
ProvGigaPath,oncogenic_pathway,LIHC,TGF-Beta,0.53222761596548,0.496561488673139,0.0812450688445586,10,0.573894282632147,0.0904815211349827,0.541868932038835,0.708333333333333,0.375404530744337,0.080952380952381,0.943089430894309,0.0720720720720721,0.0720720720720721,0.496561488673139,0.0416666666666667,0.951456310679612,0.0625,0.927444794952681,0.485234627831715,0.0416666666666667,0.928802588996764,0.0434782608695652,0.925806451612903,10,9,19,0,0.611762199019817,-25.2482608434604,oncogenic_pathway,SanchezVega2018_TableS4,333,24,309,20261162,pooled inner out-of-fold AUROC,pooled inner out-of-fold balanced-accuracy optimum,outer out-of-fold AUROC,AUROC >= 0.60 after inner-AUROC component tuning,TRUE,0.0416666666666667,0.045307443365696,FALSE,FALSE,FALSE,FALSE
TITAN,oncogenic_pathway,LIHC,TGF-Beta,0.49366235167206,0.483818770226537,0.0749113171037286,4,0.541666666666667,0.0868016740337435,0.565736245954693,0.458333333333333,0.673139158576052,0.0982142857142857,0.941176470588235,0.0720720720720721,0.0720720720720721,0.501415857605178,0.0416666666666667,0.961165048543689,0.0769230769230769,0.928125,0.521440129449838,0.25,0.792880258899676,0.0857142857142857,0.931558935361217,2,2,16,0,0.567338709677419,-2.4260221739358,oncogenic_pathway,SanchezVega2018_TableS4,333,24,309,20261162,pooled inner out-of-fold AUROC,pooled inner out-of-fold balanced-accuracy optimum,outer out-of-fold AUROC,AUROC >= 0.60 after inner-AUROC component tuning,TRUE,0.0480043149946066,0.0819174757281555,FALSE,FALSE,FALSE,TRUE
GigaSSL,oncogenic_pathway,LIHC,TP53,0.65424430641822,0.602139406487233,0.497925111110873,5,0.670615750325895,0.539083273641035,0.631987577639752,0.674603174603175,0.589371980676329,0.5,0.748466257668712,0.378378378378378,0.378378378378378,0.623706004140787,0.484126984126984,0.763285024154589,0.554545454545455,0.708520179372197,0.634748102139406,0.626984126984127,0.642512077294686,0.516339869281046,0.738888888888889,4,4,4,0,0.649454545454546,-0.719779066925565,oncogenic_pathway,SanchezVega2018_TableS4,333,126,207,20261163,pooled inner out-of-fold AUROC,pooled inner out-of-fold balanced-accuracy optimum,outer out-of-fold AUROC,AUROC >= 0.60 after inner-AUROC component tuning,TRUE,0.0163714439076753,0.0298481711525186,TRUE,TRUE,TRUE,TRUE
ProvGigaPath,oncogenic_pathway,LIHC,TP53,0.61559696342305,0.545893719806763,0.477864671430393,7,0.664021164021164,0.498081596041433,0.625086266390614,0.738095238095238,0.51207729468599,0.479381443298969,0.762589928057554,0.378378378378378,0.378378378378378,0.634748102139407,0.515873015873016,0.753623188405797,0.560344827586207,0.71889400921659,0.642167011732229,0.603174603174603,0.681159420289855,0.535211267605634,0.738219895287958,3,2,8,0,0.671477991172611,-1.00184947393499,oncogenic_pathway,SanchezVega2018_TableS4,333,126,207,20261163,pooled inner out-of-fold AUROC,pooled inner out-of-fold balanced-accuracy optimum,outer out-of-fold AUROC,AUROC >= 0.60 after inner-AUROC component tuning,TRUE,0.048424200598114,0.0791925465838512,FALSE,TRUE,TRUE,TRUE
TITAN,oncogenic_pathway,LIHC,TP53,0.621884824783376,0.597308488612837,0.483970749962346,3,0.671229200214707,0.537343242790805,0.620945479641132,0.531746031746032,0.710144927536232,0.52755905511811,0.713592233009709,0.378378378378378,0.378378378378378,0.642339544513458,0.468253968253968,0.816425120772947,0.608247422680412,0.716101694915254,0.631815044858523,0.587301587301587,0.676328502415459,0.524822695035461,0.729166666666667,3,1,7,0,0.683333333333333,-0.383076962910731,oncogenic_pathway,SanchezVega2018_TableS4,333,126,207,20261163,pooled inner out-of-fold AUROC,pooled inner out-of-fold balanced-accuracy optimum,outer out-of-fold AUROC,AUROC >= 0.60 after inner-AUROC component tuning,TRUE,0.0493443754313314,0.0236369910282948,FALSE,TRUE,TRUE,FALSE
GigaSSL,oncogenic_pathway,LIHC,WNT,0.576485693323551,0.545652971386647,0.501554498256792,8,0.559501100513573,0.48906240600878,0.55482391782832,0.572413793103448,0.537234042553192,0.488235294117647,0.619631901840491,0.435435435435435,0.435435435435435,0.536096845194424,0.455172413793104,0.617021276595745,0.478260869565217,0.594871794871795,0.539453411592076,0.531034482758621,0.547872340425532,0.475308641975309,0.60233918128655,17,2,18,0,0.576786937656999,-0.576653217773627,oncogenic_pathway,SanchezVega2018_TableS4,333,145,188,20261164,pooled inner out-of-fold AUROC,pooled inner out-of-fold balanced-accuracy optimum,outer out-of-fold AUROC,AUROC >= 0.60 after inner-AUROC component tuning,TRUE,-0.016984592809978,0.00917094644167282,FALSE,FALSE,FALSE,TRUE
ProvGigaPath,oncogenic_pathway,LIHC,WNT,0.541379310344828,0.52998899486427,0.47309461848473,4,0.572120322817315,0.526205651513835,0.550183418928834,0.462068965517241,0.638297872340426,0.496296296296296,0.606060606060606,0.435435435435435,0.435435435435435,0.532355099046222,0.468965517241379,0.595744680851064,0.472222222222222,0.592592592592593,0.524578136463683,0.517241379310345,0.531914893617021,0.460122699386503,0.588235294117647,4,2,4,0,0.60224937200274,-0.0287465096324404,oncogenic_pathway,SanchezVega2018_TableS4,333,145,188,20261164,pooled inner out-of-fold AUROC,pooled inner out-of-fold balanced-accuracy optimum,outer out-of-fold AUROC,AUROC >= 0.60 after inner-AUROC component tuning,TRUE,0.0307410124724867,0.0201944240645635,FALSE,FALSE,FALSE,FALSE
TITAN,oncogenic_pathway,LIHC,WNT,0.653301540719002,0.608308877476156,0.586837418907796,3,0.653558327219369,0.571250550559189,0.628998532648569,0.593103448275862,0.664893617021277,0.577181208053691,0.679347826086957,0.435435435435435,0.435435435435435,0.629787234042553,0.6,0.659574468085106,0.576158940397351,0.681318681318681,0.65520909757887,0.682758620689655,0.627659574468085,0.585798816568047,0.719512195121951,4,3,15,0,0.645695364238411,-0.0752968615659946,oncogenic_pathway,SanchezVega2018_TableS4,333,145,188,20261164,pooled inner out-of-fold AUROC,pooled inner out-of-fold balanced-accuracy optimum,outer out-of-fold AUROC,AUROC >= 0.60 after inner-AUROC component tuning,TRUE,0.000256786500366979,0.0206896551724133,TRUE,TRUE,TRUE,TRUE
GigaSSL,oncogenic_pathway,LUAD,Cell Cycle,0.593185550082102,0.543924466338259,0.662363476189831,6,0.607348111658457,0.686234480084805,0.562260536398467,0.555555555555556,0.568965517241379,0.651162790697675,0.469194312796209,0.591549295774648,0.591549295774648,0.5626026272578,0.797619047619048,0.327586206896552,0.632075471698113,0.527777777777778,0.58032293377121,0.603174603174603,0.557471264367816,0.663755458515284,0.49238578680203,1,1,7,0,0.597620913170454,0.514586091797614,oncogenic_pathway,SanchezVega2018_TableS4,426,252,174,20261165,pooled inner out-of-fold AUROC,pooled inner out-of-fold balanced-accuracy optimum,outer out-of-fold AUROC,AUROC >= 0.60 after inner-AUROC component tuning,TRUE,0.0141625615763544,0.0183360700602084,FALSE,FALSE,TRUE,TRUE
ProvGigaPath,oncogenic_pathway,LUAD,Cell Cycle,0.550446998722861,0.540914066776136,0.636433892955427,8,0.582649151614669,0.662953121301377,0.558702791461412,0.571428571428571,0.545977011494253,0.645739910313901,0.467980295566503,0.591549295774648,0.591549295774648,0.547687465790914,0.71031746031746,0.385057471264368,0.625874125874126,0.478571428571429,0.576970443349754,0.630952380952381,0.522988505747127,0.65702479338843,0.494565217391304,3,2,16,0,0.60657145925051,0.648718317827499,oncogenic_pathway,SanchezVega2018_TableS4,426,252,174,20261165,pooled inner out-of-fold AUROC,pooled inner out-of-fold balanced-accuracy optimum,outer out-of-fold AUROC,AUROC >= 0.60 after inner-AUROC component tuning,TRUE,0.0322021528918079,0.0177887246852763,FALSE,FALSE,FALSE,TRUE
TITAN,oncogenic_pathway,LUAD,Cell Cycle,0.569056741470535,0.53448275862069,0.645088608633046,12,0.617565225323846,0.680599889600114,0.591064586754242,0.503968253968254,0.67816091954023,0.693989071038251,0.48559670781893,0.591549295774648,0.591549295774648,0.55931855500821,0.773809523809524,0.344827586206897,0.631067961165049,0.512820512820513,0.596743295019157,0.555555555555556,0.637931034482759,0.689655172413793,0.497757847533632,1,1,1,0,0.619707219299188,0.475437850936154,oncogenic_pathway,SanchezVega2018_TableS4,426,252,174,20261165,pooled inner out-of-fold AUROC,pooled inner out-of-fold balanced-accuracy optimum,outer out-of-fold AUROC,AUROC >= 0.60 after inner-AUROC component tuning,TRUE,0.0485084838533111,0.056581828133552,FALSE,FALSE,TRUE,TRUE
GigaSSL,oncogenic_pathway,LUAD,HIPPO,0.559151343705799,0.567185289957567,0.268359079662081,9,0.562574257425743,0.267634624348294,0.525869872701556,0.683168316831683,0.368571428571429,0.237931034482759,0.801242236024845,0.223946784922395,0.223946784922395,0.543097595473833,0.237623762376238,0.848571428571429,0.311688311688312,0.794117647058824,0.543069306930693,0.386138613861386,0.7,0.270833333333333,0.798045602605863,9,4,20,1,0.605669642857143,-3.14583115706354,oncogenic_pathway,SanchezVega2018_TableS4,451,101,350,20261166,pooled inner out-of-fold AUROC,pooled inner out-of-fold balanced-accuracy optimum,outer out-of-fold AUROC,AUROC >= 0.60 after inner-AUROC component tuning,TRUE,0.00342291371994352,-0.0413154172560112,FALSE,FALSE,FALSE,FALSE
ProvGigaPath,oncogenic_pathway,LUAD,HIPPO,0.552248939179632,0.519207920792079,0.251646984440622,3,0.559009900990099,0.26053865557697,0.527029702970297,0.594059405940594,0.46,0.240963855421687,0.797029702970297,0.223946784922395,0.223946784922395,0.520834512022631,0.118811881188119,0.922857142857143,0.307692307692308,0.783980582524272,0.555431400282885,0.485148514851485,0.625714285714286,0.272222222222222,0.808118081180812,2,2,3,0,0.57879188712522,-2.25946686124353,oncogenic_pathway,SanchezVega2018_TableS4,451,101,350,20261166,pooled inner out-of-fold AUROC,pooled inner out-of-fold balanced-accuracy optimum,outer out-of-fold AUROC,AUROC >= 0.60 after inner-AUROC component tuning,TRUE,0.00676096181046704,0.00782178217821805,FALSE,FALSE,FALSE,TRUE
TITAN,oncogenic_pathway,LUAD,HIPPO,0.574596888260255,0.561570014144272,0.285152761631246,11,0.569080622347949,0.289364925973496,0.532008486562942,0.455445544554456,0.608571428571429,0.251366120218579,0.794776119402985,0.223946784922395,0.223946784922395,0.564526166902405,0.237623762376238,0.891428571428572,0.387096774193548,0.802056555269923,0.544299858557284,0.425742574257426,0.662857142857143,0.267080745341615,0.8,6,5,10,0,0.6081569664903,-1.51106795367528,oncogenic_pathway,SanchezVega2018_TableS4,451,101,350,20261166,pooled inner out-of-fold AUROC,pooled inner out-of-fold balanced-accuracy optimum,outer out-of-fold AUROC,AUROC >= 0.60 after inner-AUROC component tuning,TRUE,-0.00551626591230592,-0.02956152758133,FALSE,FALSE,FALSE,TRUE
GigaSSL,oncogenic_pathway,LUAD,MYC,0.566873116839639,0.536937841758732,0.269884547678735,9,0.56505970315813,0.260081138430184,0.535166276085258,0.601941747572815,0.468390804597701,0.251012145748988,0.799019607843137,0.228381374722838,0.228381374722838,0.511577948889633,0.155339805825243,0.867816091954023,0.258064516129032,0.776349614395887,0.526224751701819,0.339805825242718,0.71264367816092,0.259259259259259,0.784810126582278,10,4,10,0,0.591507281979295,-2.11471064813507,oncogenic_pathway,SanchezVega2018_TableS4,451,103,348,20261167,pooled inner out-of-fold AUROC,pooled inner out-of-fold balanced-accuracy optimum,outer out-of-fold AUROC,AUROC >= 0.60 after inner-AUROC component tuning,TRUE,-0.00181341368150934,-0.0017715656734737,FALSE,FALSE,FALSE,TRUE
ProvGigaPath,oncogenic_pathway,LUAD,MYC,0.58877357437786,0.554025778372949,0.288758492710086,6,0.588243499609419,0.296176888149085,0.550970873786408,0.601941747572815,0.5,0.26271186440678,0.809302325581395,0.228381374722838,0.228381374722838,0.551152215154559,0.271844660194175,0.830459770114943,0.32183908045977,0.793956043956044,0.559507867425511,0.446601941747573,0.672413793103448,0.2875,0.804123711340206,5,4,7,0,0.578485986958587,-2.82192015671995,oncogenic_pathway,SanchezVega2018_TableS4,451,103,348,20261167,pooled inner out-of-fold AUROC,pooled inner out-of-fold balanced-accuracy optimum,outer out-of-fold AUROC,AUROC >= 0.60 after inner-AUROC component tuning,TRUE,-0.000530074768441469,-0.00305490458654123,FALSE,FALSE,FALSE,TRUE
TITAN,oncogenic_pathway,LUAD,MYC,0.5526447941078,0.51989175315255,0.261622445933126,14,0.525666778261355,0.252681022966457,0.527633634638991,0.621359223300971,0.433908045977011,0.245210727969349,0.794736842105263,0.228381374722838,0.228381374722838,0.493945988170963,0.0970873786407767,0.890804597701149,0.208333333333333,0.769230769230769,0.515665104341033,0.407766990291262,0.623563218390805,0.242774566473988,0.780575539568345,3,1,18,0,0.583347955781716,-1.61797407915076,oncogenic_pathway,SanchezVega2018_TableS4,451,103,348,20261167,pooled inner out-of-fold AUROC,pooled inner out-of-fold balanced-accuracy optimum,outer out-of-fold AUROC,AUROC >= 0.60 after inner-AUROC component tuning,TRUE,-0.0269780158464452,0.00774188148644117,FALSE,FALSE,FALSE,TRUE
GigaSSL,oncogenic_pathway,LUAD,NOTCH,0.533607082532471,0.508460015143573,0.242069657981581,11,0.501164890209098,0.229431991239122,0.504834294367756,0.54639175257732,0.463276836158192,0.218106995884774,0.788461538461538,0.215077605321508,0.215077605321508,0.482264546566486,0.134020618556701,0.830508474576271,0.178082191780822,0.777777777777778,0.482322791076941,0.309278350515464,0.655367231638418,0.197368421052632,0.775919732441472,10,3,19,0,0.548337410528223,-2.87157519304926,oncogenic_pathway,SanchezVega2018_TableS4,451,97,354,20261168,pooled inner out-of-fold AUROC,pooled inner out-of-fold balanced-accuracy optimum,outer out-of-fold AUROC,AUROC >= 0.60 after inner-AUROC component tuning,TRUE,-0.0324421923233732,-0.00362572077581713,FALSE,FALSE,FALSE,TRUE
ProvGigaPath,oncogenic_pathway,LUAD,NOTCH,0.566398741918574,0.528932960568467,0.254256138553277,18,0.55938027840876,0.249008662423985,0.561957597996389,0.680412371134021,0.443502824858757,0.250950570342205,0.835106382978723,0.215077605321508,0.215077605321508,0.490666317199604,0.164948453608247,0.81638418079096,0.197530864197531,0.781081081081081,0.523137631778205,0.371134020618557,0.675141242937853,0.23841059602649,0.796666666666667,5,2,20,1,0.581663055254605,-2.43357552805572,oncogenic_pathway,SanchezVega2018_TableS4,451,97,354,20261168,pooled inner out-of-fold AUROC,pooled inner out-of-fold balanced-accuracy optimum,outer out-of-fold AUROC,AUROC >= 0.60 after inner-AUROC component tuning,TRUE,-0.00701846350981406,0.0330246374279219,FALSE,FALSE,FALSE,TRUE
TITAN,oncogenic_pathway,LUAD,NOTCH,0.555827363271012,0.51834702079329,0.280361700873793,10,0.560050090278991,0.271444706779558,0.536402819034306,0.536082474226804,0.536723163841808,0.240740740740741,0.808510638297872,0.215077605321508,0.215077605321508,0.539111188770458,0.185567010309278,0.892655367231638,0.321428571428571,0.8,0.531393791135186,0.463917525773196,0.598870056497175,0.240641711229947,0.803030303030303,6,1,19,0,0.568904593639576,-1.33682070886246,oncogenic_pathway,SanchezVega2018_TableS4,451,97,354,20261168,pooled inner out-of-fold AUROC,pooled inner out-of-fold balanced-accuracy optimum,outer out-of-fold AUROC,AUROC >= 0.60 after inner-AUROC component tuning,TRUE,0.00422272700797921,0.018055798241016,FALSE,FALSE,FALSE,TRUE
GigaSSL,oncogenic_pathway,LUAD,NRF2,0.622974963181149,0.563635247913599,0.212545068496843,19,0.693298969072165,0.238484589182028,0.654148257241041,0.761904761904762,0.54639175257732,0.214285714285714,0.933920704845815,0.139689578713969,0.139689578713969,0.536634756995582,0.142857142857143,0.930412371134021,0.25,0.869879518072289,0.639482081492391,0.523809523809524,0.755154639175258,0.2578125,0.907120743034056,6,3,6,0,0.686516129032258,-2.7320907485346,oncogenic_pathway,SanchezVega2018_TableS4,451,63,388,20261169,pooled inner out-of-fold AUROC,pooled inner out-of-fold balanced-accuracy optimum,outer out-of-fold AUROC,AUROC >= 0.60 after inner-AUROC component tuning,TRUE,0.070324005891016,0.0905130093274417,FALSE,TRUE,TRUE,TRUE
ProvGigaPath,oncogenic_pathway,LUAD,NRF2,0.582310587465227,0.560178366879398,0.186592099018576,17,0.650548191785305,0.208967192729969,0.617861233840615,0.746031746031746,0.489690721649485,0.191836734693878,0.922330097087379,0.139689578713969,0.139689578713969,0.534261986581574,0.158730158730159,0.90979381443299,0.222222222222222,0.869458128078818,0.591863033873343,0.428571428571429,0.755154639175258,0.221311475409836,0.890577507598784,4,3,6,0,0.703290322580645,-3.39774777076194,oncogenic_pathway,SanchezVega2018_TableS4,451,63,388,20261169,pooled inner out-of-fold AUROC,pooled inner out-of-fold balanced-accuracy optimum,outer out-of-fold AUROC,AUROC >= 0.60 after inner-AUROC component tuning,TRUE,0.0682376043200782,0.0576828669612173,FALSE,TRUE,TRUE,TRUE
TITAN,oncogenic_pathway,LUAD,NRF2,0.586115202094584,0.530805105547374,0.199668082839104,17,0.599574537718868,0.203488663144952,0.577830960562919,0.53968253968254,0.615979381443299,0.185792349726776,0.891791044776119,0.139689578713969,0.139689578713969,0.509634266077565,0.0476190476190476,0.971649484536082,0.214285714285714,0.862700228832952,0.583865161184749,0.507936507936508,0.65979381443299,0.195121951219512,0.89198606271777,2,2,7,0,0.660322580645161,-1.90017830455317,oncogenic_pathway,SanchezVega2018_TableS4,451,63,388,20261169,pooled inner out-of-fold AUROC,pooled inner out-of-fold balanced-accuracy optimum,outer out-of-fold AUROC,AUROC >= 0.60 after inner-AUROC component tuning,TRUE,0.0134593356242836,0.0470258550155452,FALSE,FALSE,FALSE,TRUE
GigaSSL,oncogenic_pathway,LUAD,PI3K,0.47020623262376,0.506162081414167,0.377064098812467,9,0.466056682849911,0.359870301806307,0.502780198348479,0.471264367816092,0.534296028880867,0.388625592417062,0.616666666666667,0.385809312638581,0.385809312638581,0.491130337358397,0.224137931034483,0.758122743682311,0.367924528301887,0.608695652173913,0.465091912527491,0.385057471264368,0.545126353790614,0.347150259067358,0.585271317829457,3,1,19,0,0.532439207005436,-0.470842827878991,oncogenic_pathway,SanchezVega2018_TableS4,451,174,277,20261170,pooled inner out-of-fold AUROC,pooled inner out-of-fold balanced-accuracy optimum,outer out-of-fold AUROC,AUROC >= 0.60 after inner-AUROC component tuning,TRUE,-0.00414954977384918,-0.00338188306568776,FALSE,FALSE,FALSE,TRUE
ProvGigaPath,oncogenic_pathway,LUAD,PI3K,0.478339350180506,0.482146562098012,0.372367652006619,5,0.489065936345907,0.367792784424213,0.494159508693307,0.454022988505747,0.534296028880867,0.379807692307692,0.609053497942387,0.385809312638581,0.385809312638581,0.49378604921366,0.316091954022989,0.671480144404332,0.376712328767123,0.609836065573771,0.489221544462426,0.408045977011494,0.570397111913357,0.373684210526316,0.60536398467433,4,1,7,0,0.550035647157949,-0.518088014803082,oncogenic_pathway,SanchezVega2018_TableS4,451,174,277,20261170,pooled inner out-of-fold AUROC,pooled inner out-of-fold balanced-accuracy optimum,outer out-of-fold AUROC,AUROC >= 0.60 after inner-AUROC component tuning,TRUE,0.0107265861654005,0.0120129465952948,FALSE,FALSE,FALSE,TRUE
TITAN,oncogenic_pathway,LUAD,PI3K,0.571185526370389,0.532947425204365,0.470587046968507,12,0.524337109423628,0.415632374007691,0.522376447155484,0.431034482758621,0.613718411552347,0.412087912087912,0.631970260223048,0.385809312638581,0.385809312638581,0.519129424457446,0.28735632183908,0.750902527075812,0.420168067226891,0.626506024096386,0.512210050209552,0.454022988505747,0.570397111913357,0.398989898989899,0.624505928853755,4,2,16,0,0.586132561132561,-0.360363281013794,oncogenic_pathway,SanchezVega2018_TableS4,451,174,277,20261170,pooled inner out-of-fold AUROC,pooled inner out-of-fold balanced-accuracy optimum,outer out-of-fold AUROC,AUROC >= 0.60 after inner-AUROC component tuning,TRUE,-0.0468484169467615,-0.0105709780488814,FALSE,FALSE,FALSE,TRUE
GigaSSL,oncogenic_pathway,LUAD,RTK RAS,0.580955123841441,0.548397654081793,0.792692992138275,16,0.601062994187569,0.803078107460859,0.582028590878148,0.615384615384615,0.548672566371681,0.803088803088803,0.322916666666667,0.749445676274945,0.749445676274945,0.536628789862282,0.834319526627219,0.238938053097345,0.766304347826087,0.325301204819277,0.554105356862334,0.683431952662722,0.424778761061947,0.780405405405405,0.309677419354839,17,1,18,0,0.587283950617284,1.91587159326136,oncogenic_pathway,SanchezVega2018_TableS4,451,338,113,20261171,pooled inner out-of-fold AUROC,pooled inner out-of-fold balanced-accuracy optimum,outer out-of-fold AUROC,AUROC >= 0.60 after inner-AUROC component tuning,TRUE,0.0201078703461277,0.0336309367963554,FALSE,FALSE,TRUE,TRUE
ProvGigaPath,oncogenic_pathway,LUAD,RTK RAS,0.451301251505472,0.467298528564696,0.717458617888892,4,0.470388019060585,0.726201231841777,0.460635178300257,0.310650887573964,0.610619469026549,0.704697986577181,0.228476821192053,0.749445676274945,0.749445676274945,0.492394093313086,0.843195266272189,0.141592920353982,0.746073298429319,0.231884057971015,0.487668220139289,0.63905325443787,0.336283185840708,0.742268041237113,0.2375,3,2,4,0,0.511152263374486,2.73236082973585,oncogenic_pathway,SanchezVega2018_TableS4,451,338,113,20261171,pooled inner out-of-fold AUROC,pooled inner out-of-fold balanced-accuracy optimum,outer out-of-fold AUROC,AUROC >= 0.60 after inner-AUROC component tuning,TRUE,0.0190867675551134,-0.00666335026443943,FALSE,FALSE,FALSE,TRUE
TITAN,oncogenic_pathway,LUAD,RTK RAS,0.506362255851705,0.51606273236634,0.750661919258343,3,0.549012933968686,0.775975513761715,0.533198931769388,0.50887573964497,0.557522123893805,0.774774774774775,0.275109170305677,0.749445676274945,0.749445676274945,0.533840393779128,0.943786982248521,0.123893805309735,0.763157894736842,0.424242424242424,0.508247368696654,0.591715976331361,0.424778761061947,0.754716981132076,0.258064516129032,2,1,3,0,0.540246913580247,0.989901713345573,oncogenic_pathway,SanchezVega2018_TableS4,451,338,113,20261171,pooled inner out-of-fold AUROC,pooled inner out-of-fold balanced-accuracy optimum,outer out-of-fold AUROC,AUROC >= 0.60 after inner-AUROC component tuning,TRUE,0.0426506781169812,0.0171361994030479,FALSE,FALSE,FALSE,TRUE
GigaSSL,oncogenic_pathway,LUAD,TGF-Beta,0.482977558839628,0.511138478379858,0.10863167213222,3,0.557635467980296,0.12510948049295,0.528981937602627,0.533333333333333,0.524630541871921,0.110599078341014,0.91025641025641,0.0997782705099778,0.0997782705099778,0.5,0,1,,0.900221729490022,0.514066776135742,0.422222222222222,0.605911330049261,0.106145251396648,0.904411764705882,1,1,1,0,0.591820987654321,-2.45578632426303,oncogenic_pathway,SanchezVega2018_TableS4,451,45,406,20261172,pooled inner out-of-fold AUROC,pooled inner out-of-fold balanced-accuracy optimum,outer out-of-fold AUROC,AUROC >= 0.60 after inner-AUROC component tuning,TRUE,0.0746579091406676,0.0178434592227692,FALSE,FALSE,FALSE,TRUE
ProvGigaPath,oncogenic_pathway,LUAD,TGF-Beta,0.539408866995074,0.49392446633826,0.10771767132772,12,0.508812260536399,0.111786031782185,0.519239189928845,0.622222222222222,0.416256157635468,0.105660377358491,0.908602150537634,0.0997782705099778,0.0997782705099778,0.498795840175151,0.0222222222222222,0.975369458128079,0.0909090909090909,0.9,0.50407772304324,0.311111111111111,0.697044334975369,0.102189781021898,0.901273885350319,1,1,20,1,0.593675213675214,-3.14737429347833,oncogenic_pathway,SanchezVega2018_TableS4,451,45,406,20261172,pooled inner out-of-fold AUROC,pooled inner out-of-fold balanced-accuracy optimum,outer out-of-fold AUROC,AUROC >= 0.60 after inner-AUROC component tuning,TRUE,-0.0305966064586755,0.0253147235905851,FALSE,FALSE,FALSE,TRUE
TITAN,oncogenic_pathway,LUAD,TGF-Beta,0.432840722495895,0.470498084291188,0.0862486029122368,17,0.615435139573071,0.136398553797189,0.619102353585112,0.711111111111111,0.527093596059113,0.142857142857143,0.94273127753304,0.0997782705099778,0.0997782705099778,0.5,0,1,,0.900221729490022,0.623946360153257,0.644444444444445,0.603448275862069,0.152631578947368,0.938697318007663,1,1,1,0,0.624786324786325,-2.37570324170403,oncogenic_pathway,SanchezVega2018_TableS4,451,45,406,20261172,pooled inner out-of-fold AUROC,pooled inner out-of-fold balanced-accuracy optimum,outer out-of-fold AUROC,AUROC >= 0.60 after inner-AUROC component tuning,TRUE,0.182594417077176,0.148604269293924,FALSE,TRUE,TRUE,TRUE
GigaSSL,oncogenic_pathway,LUAD,TP53,0.697430821889562,0.631799249453586,0.748960177856229,8,0.679326982555982,0.733774986763783,0.648026722751454,0.635036496350365,0.661016949152542,0.743589743589744,0.539170506912442,0.607538802660754,0.607538802660754,0.614324302033074,0.799270072992701,0.429378531073446,0.684375,0.580152671755725,0.656800280423935,0.675182481751825,0.638418079096045,0.742971887550201,0.55940594059406,1,1,8,0,0.702775348942647,0.505415995827938,oncogenic_pathway,SanchezVega2018_TableS4,451,274,177,20261173,pooled inner out-of-fold AUROC,pooled inner out-of-fold balanced-accuracy optimum,outer out-of-fold AUROC,AUROC >= 0.60 after inner-AUROC component tuning,TRUE,-0.0181038393335803,0.0162274732978677,TRUE,TRUE,TRUE,TRUE
ProvGigaPath,oncogenic_pathway,LUAD,TP53,0.721493669842055,0.667470823539115,0.750468032404531,2,0.714812981978638,0.749916606444946,0.676646459647821,0.788321167883212,0.564971751412429,0.737201365187713,0.632911392405063,0.607538802660754,0.607538802660754,0.666821312219061,0.813868613138686,0.519774011299435,0.724025974025974,0.643356643356643,0.678997072044208,0.759124087591241,0.598870056497175,0.745519713261649,0.616279069767442,2,2,4,0,0.708086401761715,0.213845986652714,oncogenic_pathway,SanchezVega2018_TableS4,451,274,177,20261173,pooled inner out-of-fold AUROC,pooled inner out-of-fold balanced-accuracy optimum,outer out-of-fold AUROC,AUROC >= 0.60 after inner-AUROC component tuning,TRUE,-0.00668068786341669,0.00917563610870553,TRUE,TRUE,TRUE,FALSE
TITAN,oncogenic_pathway,LUAD,TP53,0.717266691409955,0.683770464761433,0.756866907613973,1,0.729370283310652,0.763374990883096,0.680997154521836,0.751824817518248,0.610169491525424,0.749090909090909,0.613636363636364,0.607538802660754,0.607538802660754,0.668646129737309,0.817518248175183,0.519774011299435,0.724919093851133,0.647887323943662,0.671223555610541,0.715328467153285,0.627118644067797,0.748091603053435,0.587301587301587,3,2,4,0,0.729435976590134,0.256353499926435,oncogenic_pathway,SanchezVega2018_TableS4,451,274,177,20261173,pooled inner out-of-fold AUROC,pooled inner out-of-fold balanced-accuracy optimum,outer out-of-fold AUROC,AUROC >= 0.60 after inner-AUROC component tuning,TRUE,0.012103591900697,-0.00277331023959704,TRUE,TRUE,TRUE,TRUE
GigaSSL,oncogenic_pathway,LUAD,WNT,0.520348635321897,0.498472116119175,0.19522920913602,6,0.549482602958539,0.19138186665127,0.517761650114591,0.61038961038961,0.425133689839572,0.179389312977099,0.841269841269841,0.170731707317073,0.170731707317073,0.502864782276547,0.0779220779220779,0.927807486631016,0.181818181818182,0.830143540669856,0.553475935828877,0.454545454545455,0.6524064171123,0.212121212121212,0.853146853146853,5,1,7,0,0.595591863589013,-2.83437915162003,oncogenic_pathway,SanchezVega2018_TableS4,451,77,374,20261174,pooled inner out-of-fold AUROC,pooled inner out-of-fold balanced-accuracy optimum,outer out-of-fold AUROC,AUROC >= 0.60 after inner-AUROC component tuning,TRUE,0.0291339676366418,0.0192895339954163,FALSE,FALSE,FALSE,TRUE
ProvGigaPath,oncogenic_pathway,LUAD,WNT,0.527918605458712,0.500763941940413,0.181917051965959,7,0.550871588304743,0.204276415288774,0.530366692131398,0.662337662337662,0.398395721925134,0.184782608695652,0.851428571428571,0.170731707317073,0.170731707317073,0.523109243697479,0.155844155844156,0.890374331550802,0.226415094339623,0.836683417085427,0.561115355233002,0.38961038961039,0.732620320855615,0.230769230769231,0.853582554517134,4,2,20,1,0.58298152310982,-2.85255422963517,oncogenic_pathway,SanchezVega2018_TableS4,451,77,374,20261174,pooled inner out-of-fold AUROC,pooled inner out-of-fold balanced-accuracy optimum,outer out-of-fold AUROC,AUROC >= 0.60 after inner-AUROC component tuning,TRUE,0.0229529828460313,0.029602750190985,FALSE,FALSE,FALSE,TRUE
TITAN,oncogenic_pathway,LUAD,WNT,0.539273560663935,0.526737967914439,0.204800274251108,8,0.531252170289604,0.199251311512867,0.524637127578304,0.506493506493507,0.542780748663102,0.185714285714286,0.842323651452282,0.170731707317073,0.170731707317073,0.488540870893812,0.051948051948052,0.925133689839572,0.125,0.825775656324582,0.540106951871658,0.454545454545455,0.625668449197861,0.2,0.847826086956522,1,1,12,0,0.574373595043588,-1.58535218305271,oncogenic_pathway,SanchezVega2018_TableS4,451,77,374,20261174,pooled inner out-of-fold AUROC,pooled inner out-of-fold balanced-accuracy optimum,outer out-of-fold AUROC,AUROC >= 0.60 after inner-AUROC component tuning,TRUE,-0.00802139037433147,-0.00210084033613511,FALSE,FALSE,FALSE,TRUE
GigaSSL,oncogenic_pathway,LUSC,Cell Cycle,0.553301780482308,0.547751859364436,0.884409139620824,16,0.586826684696867,0.897636232252247,0.524256254225828,0.479885057471264,0.568627450980392,0.883597883597884,0.138095238095238,0.87218045112782,0.87218045112782,0.570233265720081,0.905172413793103,0.235294117647059,0.889830508474576,0.266666666666667,0.539046653144016,0.764367816091954,0.313725490196078,0.883720930232558,0.163265306122449,20,1,20,3,0.59010352693455,7.07870941294751,oncogenic_pathway,SanchezVega2018_TableS4,399,348,51,20261175,pooled inner out-of-fold AUROC,pooled inner out-of-fold balanced-accuracy optimum,outer out-of-fold AUROC,AUROC >= 0.60 after inner-AUROC component tuning,TRUE,0.0335249042145592,-0.0234956051386078,FALSE,FALSE,FALSE,TRUE
ProvGigaPath,oncogenic_pathway,LUSC,Cell Cycle,0.506310570205094,0.512846517917512,0.882827610032045,14,0.524678837052062,0.884903956305977,0.513015551048006,0.477011494252874,0.549019607843137,0.878306878306878,0.133333333333333,0.87218045112782,0.87218045112782,0.508113590263692,0.977011494252874,0.0392156862745098,0.874035989717224,0.2,0.51605814739689,0.718390804597701,0.313725490196078,0.87719298245614,0.140350877192982,1,1,16,0,0.557553956834532,2.83819983794984,oncogenic_pathway,SanchezVega2018_TableS4,399,348,51,20261175,pooled inner out-of-fold AUROC,pooled inner out-of-fold balanced-accuracy optimum,outer out-of-fold AUROC,AUROC >= 0.60 after inner-AUROC component tuning,TRUE,0.0183682668469682,0.000169033130493435,FALSE,FALSE,FALSE,TRUE
TITAN,oncogenic_pathway,LUSC,Cell Cycle,0.508113590263692,0.486561866125761,0.877349762796086,5,0.560570205093532,0.900329550567268,0.538116970926302,0.468390804597701,0.607843137254902,0.890710382513661,0.143518518518519,0.87218045112782,0.87218045112782,0.494929006085193,0.931034482758621,0.0588235294117647,0.870967741935484,0.111111111111111,0.544033130493577,0.71551724137931,0.372549019607843,0.886120996441281,0.161016949152542,5,5,6,0,0.548111510791367,3.34393645193721,oncogenic_pathway,SanchezVega2018_TableS4,399,348,51,20261175,pooled inner out-of-fold AUROC,pooled inner out-of-fold balanced-accuracy optimum,outer out-of-fold AUROC,AUROC >= 0.60 after inner-AUROC component tuning,TRUE,0.0524566148298397,0.0515551048005405,FALSE,FALSE,FALSE,FALSE
GigaSSL,oncogenic_pathway,LUSC,HIPPO,0.545906288211879,0.525431225121628,0.299344360928588,4,0.519863673023389,0.290177158828624,0.514816452896948,0.394957983193277,0.634674922600619,0.284848484848485,0.740072202166065,0.269230769230769,0.269230769230769,0.521450685537373,0.151260504201681,0.891640866873065,0.339622641509434,0.740359897172237,0.50265369305617,0.420168067226891,0.585139318885449,0.271739130434783,0.732558139534884,4,1,4,0,0.572755791505792,-1.03778185195313,oncogenic_pathway,SanchezVega2018_TableS4,442,119,323,20261176,pooled inner out-of-fold AUROC,pooled inner out-of-fold balanced-accuracy optimum,outer out-of-fold AUROC,AUROC >= 0.60 after inner-AUROC component tuning,TRUE,-0.0260426151884902,-0.0106147722246798,FALSE,FALSE,FALSE,FALSE
ProvGigaPath,oncogenic_pathway,LUSC,HIPPO,0.530192262663579,0.506191950464396,0.311551341354346,4,0.522543382678149,0.298115439827589,0.504201680672269,0.478991596638655,0.529411764705882,0.272727272727273,0.733905579399142,0.269230769230769,0.269230769230769,0.511057054400708,0.142857142857143,0.879256965944273,0.303571428571429,0.735751295336788,0.511941618752764,0.420168067226891,0.603715170278638,0.280898876404494,0.738636363636364,2,1,5,0,0.594655242758058,-1.225948290304,oncogenic_pathway,SanchezVega2018_TableS4,442,119,323,20261176,pooled inner out-of-fold AUROC,pooled inner out-of-fold balanced-accuracy optimum,outer out-of-fold AUROC,AUROC >= 0.60 after inner-AUROC component tuning,TRUE,-0.00764887998543029,-0.00199026979212713,FALSE,FALSE,FALSE,TRUE
TITAN,oncogenic_pathway,LUSC,HIPPO,0.524650727163931,0.507297655904467,0.281336785690141,9,0.549288446028566,0.314740094570167,0.525873507297656,0.478991596638655,0.572755417956656,0.292307692307692,0.748987854251012,0.269230769230769,0.269230769230769,0.52078726227333,0.134453781512605,0.907120743034056,0.347826086956522,0.73989898989899,0.516585581601062,0.420168067226891,0.613003095975232,0.285714285714286,0.741573033707865,2,1,4,0,0.621259652509653,-1.2883530663435,oncogenic_pathway,SanchezVega2018_TableS4,442,119,323,20261176,pooled inner out-of-fold AUROC,pooled inner out-of-fold balanced-accuracy optimum,outer out-of-fold AUROC,AUROC >= 0.60 after inner-AUROC component tuning,TRUE,0.0246377188646352,0.018575851393189,FALSE,FALSE,FALSE,TRUE
GigaSSL,oncogenic_pathway,LUSC,MYC,0.475820924479798,0.537347819760392,0.126131647226968,13,0.467914827569482,0.131829565079803,0.460324004462337,0.39622641509434,0.524421593830334,0.101941747572816,0.864406779661017,0.119909502262443,0.119909502262443,0.527065043410778,0.169811320754717,0.884318766066838,0.166666666666667,0.88659793814433,0.511252849590144,0.264150943396226,0.758354755784062,0.12962962962963,0.883233532934132,18,4,20,2,0.554968611238708,-4.37093539464781,oncogenic_pathway,SanchezVega2018_TableS4,442,53,389,20261177,pooled inner out-of-fold AUROC,pooled inner out-of-fold balanced-accuracy optimum,outer out-of-fold AUROC,AUROC >= 0.60 after inner-AUROC component tuning,TRUE,-0.00790609691031652,-0.0770238152980551,FALSE,FALSE,FALSE,TRUE
ProvGigaPath,oncogenic_pathway,LUSC,MYC,0.538148130183829,0.484600087306592,0.15295512612877,10,0.512683707619925,0.134712354538935,0.49379153126061,0.509433962264151,0.478149100257069,0.117391304347826,0.877358490566038,0.119909502262443,0.119909502262443,0.497477809574623,0.113207547169811,0.881748071979435,0.115384615384615,0.87948717948718,0.530945336372896,0.226415094339623,0.83547557840617,0.157894736842105,0.887978142076503,14,11,20,1,0.577706323687031,-11.2163637874313,oncogenic_pathway,SanchezVega2018_TableS4,442,53,389,20261177,pooled inner out-of-fold AUROC,pooled inner out-of-fold balanced-accuracy optimum,outer out-of-fold AUROC,AUROC >= 0.60 after inner-AUROC component tuning,TRUE,-0.0254644225639037,0.00919144395401816,FALSE,FALSE,FALSE,TRUE
TITAN,oncogenic_pathway,LUSC,MYC,0.521220352136586,0.52020177523403,0.14148600188708,16,0.576902556142989,0.162717886226512,0.550322549352476,0.452830188679245,0.647814910025707,0.149068322981366,0.896797153024911,0.119909502262443,0.119909502262443,0.496143958868895,0,0.992287917737789,0,0.879271070615034,0.579036717272154,0.471698113207547,0.686375321336761,0.170068027210884,0.905084745762712,1,1,1,0,0.61384167815036,-2.0706731837968,oncogenic_pathway,SanchezVega2018_TableS4,442,53,389,20261177,pooled inner out-of-fold AUROC,pooled inner out-of-fold balanced-accuracy optimum,outer out-of-fold AUROC,AUROC >= 0.60 after inner-AUROC component tuning,TRUE,0.0556822040064028,0.0301207741184462,FALSE,FALSE,FALSE,TRUE
GigaSSL,oncogenic_pathway,LUSC,NOTCH,0.54153404331698,0.512241234892904,0.338994768828925,8,0.540122053368434,0.336359406233553,0.532368074667943,0.54014598540146,0.524590163934426,0.337899543378995,0.717488789237668,0.309954751131222,0.309954751131222,0.518212277132943,0.197080291970803,0.839344262295082,0.355263157894737,0.699453551912568,0.532619361014718,0.416058394160584,0.649180327868853,0.347560975609756,0.712230215827338,4,3,6,0,0.547563543389984,-1.15909089874779,oncogenic_pathway,SanchezVega2018_TableS4,442,137,305,20261178,pooled inner out-of-fold AUROC,pooled inner out-of-fold balanced-accuracy optimum,outer out-of-fold AUROC,AUROC >= 0.60 after inner-AUROC component tuning,TRUE,-0.0014119899485463,0.0201268397750392,FALSE,FALSE,FALSE,TRUE
ProvGigaPath,oncogenic_pathway,LUSC,NOTCH,0.548043556300108,0.504355630010769,0.334426435659,3,0.542084480076583,0.329343523674498,0.508579633839895,0.62043795620438,0.39672131147541,0.315985130111524,0.699421965317919,0.309954751131222,0.309954751131222,0.495883690319493,0.0802919708029197,0.911475409836066,0.289473684210526,0.688118811881188,0.533792030633002,0.503649635036496,0.563934426229508,0.341584158415842,0.716666666666667,1,1,2,0,0.553993081666416,-0.984645490083547,oncogenic_pathway,SanchezVega2018_TableS4,442,137,305,20261178,pooled inner out-of-fold AUROC,pooled inner out-of-fold balanced-accuracy optimum,outer out-of-fold AUROC,AUROC >= 0.60 after inner-AUROC component tuning,TRUE,-0.00595907622352554,0.00422400382912569,FALSE,FALSE,FALSE,TRUE
TITAN,oncogenic_pathway,LUSC,NOTCH,0.527270551633361,0.530333851860716,0.343298051880154,10,0.528897929879143,0.339673882713679,0.529460332655259,0.547445255474453,0.511475409836066,0.334821428571429,0.715596330275229,0.309954751131222,0.309954751131222,0.500705994974273,0.175182481751825,0.826229508196721,0.311688311688312,0.69041095890411,0.517709704439392,0.445255474452555,0.59016393442623,0.327956989247312,0.703125,2,2,9,0,0.594970193740686,-0.863771295524123,oncogenic_pathway,SanchezVega2018_TableS4,442,137,305,20261178,pooled inner out-of-fold AUROC,pooled inner out-of-fold balanced-accuracy optimum,outer out-of-fold AUROC,AUROC >= 0.60 after inner-AUROC component tuning,TRUE,0.00162737824578219,-0.000873519205456974,FALSE,FALSE,FALSE,TRUE
GigaSSL,oncogenic_pathway,LUSC,NRF2,0.61255751164008,0.587224839518418,0.351426139969135,9,0.604512769650384,0.329518968498648,0.591123233325068,0.614678899082569,0.567567567567568,0.317535545023697,0.818181818181818,0.246606334841629,0.246606334841629,0.571631264291815,0.284403669724771,0.858858858858859,0.397435897435897,0.785714285714286,0.59638537620189,0.532110091743119,0.660660660660661,0.339181286549708,0.811808118081181,7,2,8,0,0.642208970702619,-1.50073332436377,oncogenic_pathway,SanchezVega2018_TableS4,442,109,333,20261179,pooled inner out-of-fold AUROC,pooled inner out-of-fold balanced-accuracy optimum,outer out-of-fold AUROC,AUROC >= 0.60 after inner-AUROC component tuning,TRUE,-0.00804474198969563,0.00389839380665025,FALSE,FALSE,TRUE,TRUE
ProvGigaPath,oncogenic_pathway,LUSC,NRF2,0.606882111469267,0.557952447860705,0.31401035744628,5,0.642036531944789,0.339653334336325,0.593285946496956,0.688073394495413,0.498498498498499,0.309917355371901,0.83,0.246606334841629,0.246606334841629,0.553282640438604,0.247706422018349,0.858858858858859,0.364864864864865,0.777173913043478,0.617819654516902,0.577981651376147,0.657657657657658,0.355932203389831,0.826415094339623,3,3,4,0,0.631365964957596,-1.96777769589266,oncogenic_pathway,SanchezVega2018_TableS4,442,109,333,20261179,pooled inner out-of-fold AUROC,pooled inner out-of-fold balanced-accuracy optimum,outer out-of-fold AUROC,AUROC >= 0.60 after inner-AUROC component tuning,TRUE,0.0351544204755219,0.0353334986362507,FALSE,FALSE,TRUE,TRUE
TITAN,oncogenic_pathway,LUSC,NRF2,0.654764856599719,0.579552029093314,0.376717041679568,8,0.65848417224564,0.3630564536472,0.617984957434499,0.596330275229358,0.63963963963964,0.351351351351351,0.828793774319066,0.246606334841629,0.246606334841629,0.537689065212001,0.18348623853211,0.891891891891892,0.357142857142857,0.769430051813472,0.619734413312395,0.623853211009174,0.615615615615616,0.346938775510204,0.833333333333333,2,2,9,0,0.674531155474894,-1.01192706192793,oncogenic_pathway,SanchezVega2018_TableS4,442,109,333,20261179,pooled inner out-of-fold AUROC,pooled inner out-of-fold balanced-accuracy optimum,outer out-of-fold AUROC,AUROC >= 0.60 after inner-AUROC component tuning,TRUE,0.00371931564592121,0.0384329283411846,FALSE,TRUE,TRUE,TRUE
GigaSSL,oncogenic_pathway,LUSC,PI3K,0.547062342946033,0.538686131386861,0.726681664639612,12,0.546990546846955,0.735249684309821,0.527174823501257,0.616393442622951,0.437956204379562,0.709433962264151,0.338983050847458,0.690045248868778,0.690045248868778,0.526097882015077,0.79672131147541,0.255474452554745,0.704347826086957,0.360824742268041,0.544992222089267,0.688524590163934,0.401459854014599,0.719178082191781,0.366666666666667,8,5,20,1,0.610692995529061,1.24863358776461,oncogenic_pathway,SanchezVega2018_TableS4,442,305,137,20261180,pooled inner out-of-fold AUROC,pooled inner out-of-fold balanced-accuracy optimum,outer out-of-fold AUROC,AUROC >= 0.60 after inner-AUROC component tuning,TRUE,-7.17960990782585e-05,-0.0115113078856045,FALSE,FALSE,FALSE,TRUE
ProvGigaPath,oncogenic_pathway,LUSC,PI3K,0.579777432092856,0.544561445494795,0.751904258819589,5,0.557377049180328,0.734501191648378,0.545231542419529,0.426229508196721,0.664233576642336,0.738636363636364,0.342105263157895,0.690045248868778,0.690045248868778,0.546571736268996,0.757377049180328,0.335766423357664,0.717391304347826,0.383333333333333,0.537537393801603,0.659016393442623,0.416058394160584,0.715302491103203,0.354037267080745,5,4,20,1,0.595938897168405,2.57394191464255,oncogenic_pathway,SanchezVega2018_TableS4,442,305,137,20261180,pooled inner out-of-fold AUROC,pooled inner out-of-fold balanced-accuracy optimum,outer out-of-fold AUROC,AUROC >= 0.60 after inner-AUROC component tuning,TRUE,-0.0224003829125282,0.000670096924733521,FALSE,FALSE,FALSE,FALSE
TITAN,oncogenic_pathway,LUSC,PI3K,0.577288500658131,0.550843604164174,0.7447072587409,2,0.608256551394041,0.734716182023837,0.596398229029556,0.747540983606557,0.445255474452555,0.75,0.442028985507246,0.690045248868778,0.690045248868778,0.550783774081608,0.940983606557377,0.160583941605839,0.713930348258707,0.55,0.600263252363288,0.711475409836066,0.489051094890511,0.75609756097561,0.432258064516129,1,1,1,0,0.610618479880775,0.68553897017286,oncogenic_pathway,SanchezVega2018_TableS4,442,305,137,20261180,pooled inner out-of-fold AUROC,pooled inner out-of-fold balanced-accuracy optimum,outer out-of-fold AUROC,AUROC >= 0.60 after inner-AUROC component tuning,TRUE,0.0309680507359099,0.0455546248653821,FALSE,FALSE,TRUE,TRUE
GigaSSL,oncogenic_pathway,LUSC,RTK RAS,0.501718637439539,0.507749305341155,0.526547505825698,15,0.50186271482968,0.531049403105831,0.514006380570135,0.476793248945148,0.551219512195122,0.551219512195122,0.476793248945148,0.536199095022624,0.536199095022624,0.508078625090048,0.552742616033755,0.463414634146342,0.54356846473029,0.472636815920398,0.496408356488628,0.514767932489452,0.478048780487805,0.532751091703057,0.460093896713615,15,8,19,0,0.541973157826816,0.684293677637843,oncogenic_pathway,SanchezVega2018_TableS4,442,237,205,20261181,pooled inner out-of-fold AUROC,pooled inner out-of-fold balanced-accuracy optimum,outer out-of-fold AUROC,AUROC >= 0.60 after inner-AUROC component tuning,TRUE,0.000144077390140884,0.00625707522897978,FALSE,FALSE,FALSE,FALSE
ProvGigaPath,oncogenic_pathway,LUSC,RTK RAS,0.56235463620459,0.555346300298446,0.587336795422367,9,0.541463414634146,0.562485506883163,0.533456828239169,0.540084388185654,0.526829268292683,0.568888888888889,0.497695852534562,0.536199095022624,0.536199095022624,0.550005145621077,0.578059071729958,0.521951219512195,0.582978723404255,0.516908212560387,0.5407739014099,0.540084388185654,0.541463414634146,0.576576576576577,0.504545454545455,7,4,16,0,0.58191379532843,-0.578627873428013,oncogenic_pathway,SanchezVega2018_TableS4,442,237,205,20261181,pooled inner out-of-fold AUROC,pooled inner out-of-fold balanced-accuracy optimum,outer out-of-fold AUROC,AUROC >= 0.60 after inner-AUROC component tuning,TRUE,-0.0208912215704437,-0.0218894720592775,FALSE,FALSE,FALSE,TRUE
TITAN,oncogenic_pathway,LUSC,RTK RAS,0.572234228671401,0.535834105176495,0.614738190366048,5,0.576391890501184,0.595054801964608,0.557651538540702,0.573839662447257,0.541463414634146,0.591304347826087,0.523584905660377,0.536199095022624,0.536199095022624,0.545919522486364,0.59915611814346,0.492682926829268,0.577235772357724,0.51530612244898,0.533786147988062,0.535864978902954,0.531707317073171,0.569506726457399,0.497716894977169,4,2,16,0,0.568976642147374,0.211710322749529,oncogenic_pathway,SanchezVega2018_TableS4,442,237,205,20261181,pooled inner out-of-fold AUROC,pooled inner out-of-fold balanced-accuracy optimum,outer out-of-fold AUROC,AUROC >= 0.60 after inner-AUROC component tuning,TRUE,0.0041576618297825,0.0218174333642069,FALSE,FALSE,FALSE,TRUE
GigaSSL,oncogenic_pathway,LUSC,TGF-Beta,0.496471855642338,0.500781039590628,0.149689157101468,13,0.53843253433881,0.135304442333229,0.476784271478589,0.297872340425532,0.655696202531646,0.0933333333333333,0.886986301369863,0.106334841628959,0.106334841628959,0.509130083490439,0.0638297872340426,0.954430379746835,0.142857142857143,0.895486935866983,0.554026393751683,0.404255319148936,0.70379746835443,0.139705882352941,0.908496732026144,2,1,20,1,0.544303797468355,-1.46446382694117,oncogenic_pathway,SanchezVega2018_TableS4,442,47,395,20261182,pooled inner out-of-fold AUROC,pooled inner out-of-fold balanced-accuracy optimum,outer out-of-fold AUROC,AUROC >= 0.60 after inner-AUROC component tuning,TRUE,0.0419606786964716,-0.0239967681120393,FALSE,FALSE,FALSE,TRUE
ProvGigaPath,oncogenic_pathway,LUSC,TGF-Beta,0.508914624293024,0.510907621869109,0.113870869187268,4,0.497387557231349,0.111330924352282,0.497603016428764,0.531914893617021,0.463291139240506,0.105485232067511,0.892682926829268,0.106334841628959,0.106334841628959,0.509641799084298,0.0851063829787234,0.934177215189873,0.133333333333333,0.895631067961165,0.502073794775115,0.191489361702128,0.812658227848101,0.108433734939759,0.894150417827298,3,3,19,0,0.547639411563462,-4.52538701599667,oncogenic_pathway,SanchezVega2018_TableS4,442,47,395,20261182,pooled inner out-of-fold AUROC,pooled inner out-of-fold balanced-accuracy optimum,outer out-of-fold AUROC,AUROC >= 0.60 after inner-AUROC component tuning,TRUE,-0.0115270670616747,-0.0133046054403452,FALSE,FALSE,FALSE,TRUE
TITAN,oncogenic_pathway,LUSC,TGF-Beta,0.506275249124697,0.478992728252087,0.111034485878646,11,0.577592243468893,0.147668451101194,0.567007810395906,0.680851063829787,0.453164556962025,0.129032258064516,0.922680412371134,0.106334841628959,0.106334841628959,0.495448424454619,0.0212765957446809,0.969620253164557,0.0769230769230769,0.892773892773893,0.542876380285484,0.361702127659575,0.724050632911392,0.134920634920635,0.905063291139241,5,1,5,0,0.545586725966473,-2.93917275708,oncogenic_pathway,SanchezVega2018_TableS4,442,47,395,20261182,pooled inner out-of-fold AUROC,pooled inner out-of-fold balanced-accuracy optimum,outer out-of-fold AUROC,AUROC >= 0.60 after inner-AUROC component tuning,TRUE,0.071316994344196,0.0880150821438192,FALSE,FALSE,FALSE,TRUE
GigaSSL,oncogenic_pathway,LUSC,TP53,0.522301796708129,0.494827658416049,0.873450100220337,9,0.486200108891402,0.871902465847023,0.471583532269548,0.482849604221636,0.46031746031746,0.84331797235023,0.128888888888889,0.857466063348416,0.857466063348416,0.489466850944424,0.963060686015831,0.0158730158730159,0.85480093676815,0.0666666666666667,0.475248146752105,0.712401055408971,0.238095238095238,0.849056603773585,0.120967741935484,3,2,6,0,0.548778877887789,2.38043667673811,oncogenic_pathway,SanchezVega2018_TableS4,442,379,63,20261183,pooled inner out-of-fold AUROC,pooled inner out-of-fold balanced-accuracy optimum,outer out-of-fold AUROC,AUROC >= 0.60 after inner-AUROC component tuning,TRUE,-0.0361016878167273,-0.0232441261465009,FALSE,FALSE,FALSE,TRUE
ProvGigaPath,oncogenic_pathway,LUSC,TP53,0.531892616325334,0.529254093897893,0.858949665320922,8,0.583280981697868,0.887060832520802,0.543137747623236,0.387862796833773,0.698412698412698,0.885542168674699,0.159420289855072,0.857466063348416,0.857466063348416,0.56361770741718,0.905013192612137,0.222222222222222,0.875,0.28,0.541253088746493,0.812664907651715,0.26984126984127,0.870056497175141,0.193181818181818,7,4,9,0,0.595709570957096,6.00830802164721,oncogenic_pathway,SanchezVega2018_TableS4,442,379,63,20261183,pooled inner out-of-fold AUROC,pooled inner out-of-fold balanced-accuracy optimum,outer out-of-fold AUROC,AUROC >= 0.60 after inner-AUROC component tuning,TRUE,0.0513883653725342,0.0138836537253427,FALSE,FALSE,FALSE,TRUE
TITAN,oncogenic_pathway,LUSC,TP53,0.5445407714537,0.541085563513004,0.856614640331925,6,0.563261716296017,0.863160774367032,0.540059471457888,0.715039577836412,0.365079365079365,0.871382636655948,0.175572519083969,0.857466063348416,0.857466063348416,0.515914897181388,0.968337730870712,0.0634920634920635,0.86150234741784,0.25,0.583699794781589,0.722955145118734,0.444444444444444,0.886731391585761,0.210526315789474,1,1,5,0,0.562706270627063,1.94833524408623,oncogenic_pathway,SanchezVega2018_TableS4,442,379,63,20261183,pooled inner out-of-fold AUROC,pooled inner out-of-fold balanced-accuracy optimum,outer out-of-fold AUROC,AUROC >= 0.60 after inner-AUROC component tuning,TRUE,0.0187209448423171,-0.00102609205511561,FALSE,FALSE,FALSE,TRUE
GigaSSL,oncogenic_pathway,LUSC,WNT,0.514175301802264,0.480609418282549,0.179998553890054,1,0.493758763380185,0.184533287492489,0.482319346123594,0.790123456790123,0.174515235457064,0.176795580110497,0.7875,0.183257918552036,0.183257918552036,0.492202729044834,0.037037037037037,0.947368421052632,0.136363636363636,0.814285714285714,0.503385657125269,0.444444444444444,0.562326869806094,0.185567010309278,0.818548387096774,1,1,20,1,0.518552036199095,-2.17008915101378,oncogenic_pathway,SanchezVega2018_TableS4,442,81,361,20261184,pooled inner out-of-fold AUROC,pooled inner out-of-fold balanced-accuracy optimum,outer out-of-fold AUROC,AUROC >= 0.60 after inner-AUROC component tuning,TRUE,-0.0204165384220786,0.00170992784104457,FALSE,FALSE,FALSE,FALSE
ProvGigaPath,oncogenic_pathway,LUSC,WNT,0.556307923805615,0.51249957251804,0.217791991704695,6,0.594131527649533,0.248894153576671,0.550391573475599,0.604938271604938,0.49584487534626,0.212121212121212,0.848341232227488,0.183257918552036,0.183257918552036,0.5,0,1,,0.816742081447964,0.560086864334325,0.604938271604938,0.515235457063712,0.21875,0.853211009174312,1,1,1,0,0.581163194444445,-1.63929307229289,oncogenic_pathway,SanchezVega2018_TableS4,442,81,361,20261184,pooled inner out-of-fold AUROC,pooled inner out-of-fold balanced-accuracy optimum,outer out-of-fold AUROC,AUROC >= 0.60 after inner-AUROC component tuning,TRUE,0.0378236038439181,0.0378920009575593,FALSE,FALSE,FALSE,TRUE
TITAN,oncogenic_pathway,LUSC,WNT,0.524879450087206,0.526110598132759,0.212816124368354,9,0.47877979549263,0.179752767675258,0.473393522793338,0.345679012345679,0.601108033240997,0.162790697674419,0.803703703703704,0.183257918552036,0.183257918552036,0.498255873602134,0.0740740740740741,0.922437673130194,0.176470588235294,0.816176470588235,0.490766389658356,0.333333333333333,0.64819944598338,0.175324675324675,0.8125,6,1,7,0,0.569763108863455,-1.77647835507232,oncogenic_pathway,SanchezVega2018_TableS4,442,81,361,20261184,pooled inner out-of-fold AUROC,pooled inner out-of-fold balanced-accuracy optimum,outer out-of-fold AUROC,AUROC >= 0.60 after inner-AUROC component tuning,TRUE,-0.0460996545945758,-0.0527170753394208,FALSE,FALSE,FALSE,TRUE
GigaSSL,oncogenic_pathway,MESO,Cell Cycle,0.591503267973856,0.52859477124183,0.67077308381174,10,0.600490196078431,0.600140931770986,0.443627450980392,0.416666666666667,0.470588235294118,0.454545454545455,0.432432432432432,0.514285714285714,0.514285714285714,0.515522875816993,0.472222222222222,0.558823529411765,0.53125,0.5,0.515522875816993,0.472222222222222,0.558823529411765,0.53125,0.5,11,2,19,0,0.567733990147783,0.152210830467166,oncogenic_pathway,SanchezVega2018_TableS4,70,36,34,20261185,pooled inner out-of-fold AUROC,pooled inner out-of-fold balanced-accuracy optimum,outer out-of-fold AUROC,AUROC >= 0.60 after inner-AUROC component tuning,TRUE,0.00898692810457535,-0.0849673202614378,FALSE,FALSE,TRUE,TRUE
ProvGigaPath,oncogenic_pathway,MESO,Cell Cycle,0.607843137254902,0.542483660130719,0.628282431366856,5,0.663398692810458,0.666367830952263,0.488562091503268,0.388888888888889,0.588235294117647,0.5,0.476190476190476,0.514285714285714,0.514285714285714,0.626633986928105,0.694444444444445,0.558823529411765,0.625,0.633333333333333,0.626633986928105,0.694444444444445,0.558823529411765,0.625,0.633333333333333,6,1,17,0,0.634920634920635,1.12311744863409,oncogenic_pathway,SanchezVega2018_TableS4,70,36,34,20261185,pooled inner out-of-fold AUROC,pooled inner out-of-fold balanced-accuracy optimum,outer out-of-fold AUROC,AUROC >= 0.60 after inner-AUROC component tuning,TRUE,0.0555555555555555,-0.053921568627451,FALSE,FALSE,TRUE,TRUE
TITAN,oncogenic_pathway,MESO,Cell Cycle,0.448529411764706,0.441993464052288,0.525783800258965,6,0.470588235294118,0.554444354632885,0.467320261437909,0.611111111111111,0.323529411764706,0.488888888888889,0.44,0.514285714285714,0.514285714285714,0.427287581699346,0.472222222222222,0.382352941176471,0.447368421052632,0.40625,0.427287581699346,0.472222222222222,0.382352941176471,0.447368421052632,0.40625,6,1,19,0,0.579821200510856,-0.00273077175064007,oncogenic_pathway,SanchezVega2018_TableS4,70,36,34,20261185,pooled inner out-of-fold AUROC,pooled inner out-of-fold balanced-accuracy optimum,outer out-of-fold AUROC,AUROC >= 0.60 after inner-AUROC component tuning,TRUE,0.0220588235294116,0.0253267973856205,FALSE,FALSE,FALSE,FALSE
GigaSSL,oncogenic_pathway,MESO,HIPPO,0.493540051679587,0.506029285099053,0.419138607962989,5,0.430663221360896,0.353587300579255,0.501291989664083,0.444444444444444,0.558139534883721,0.387096774193548,0.615384615384615,0.385714285714286,0.385714285714286,0.427217915590009,0.296296296296296,0.558139534883721,0.296296296296296,0.558139534883721,0.415590008613264,0.296296296296296,0.534883720930233,0.285714285714286,0.547619047619048,4,2,8,0,0.582633053221289,1.28167050776621,oncogenic_pathway,SanchezVega2018_TableS4,70,27,43,20261186,pooled inner out-of-fold AUROC,pooled inner out-of-fold balanced-accuracy optimum,outer out-of-fold AUROC,AUROC >= 0.60 after inner-AUROC component tuning,TRUE,-0.0628768303186912,-0.00473729543497037,FALSE,FALSE,FALSE,TRUE
ProvGigaPath,oncogenic_pathway,MESO,HIPPO,0.516795865633075,0.462101636520241,0.46425104928504,3,0.533161068044789,0.439528621686026,0.515503875968992,0.333333333333333,0.697674418604651,0.409090909090909,0.625,0.385714285714286,0.385714285714286,0.48062015503876,0.333333333333333,0.627906976744186,0.36,0.6,0.468992248062015,0.333333333333333,0.604651162790698,0.346153846153846,0.590909090909091,13,2,18,0,0.546791443850267,4.09946281999911,oncogenic_pathway,SanchezVega2018_TableS4,70,27,43,20261186,pooled inner out-of-fold AUROC,pooled inner out-of-fold balanced-accuracy optimum,outer out-of-fold AUROC,AUROC >= 0.60 after inner-AUROC component tuning,TRUE,0.016365202411714,0.0534022394487513,FALSE,FALSE,FALSE,TRUE
TITAN,oncogenic_pathway,MESO,HIPPO,0.49526270456503,0.459517657192076,0.407716534155767,14,0.533161068044789,0.44533731331593,0.47114556416882,0.407407407407407,0.534883720930233,0.354838709677419,0.58974358974359,0.385714285714286,0.385714285714286,0.489664082687339,0.444444444444444,0.534883720930233,0.375,0.605263157894737,0.496554694229113,0.481481481481482,0.511627906976744,0.382352941176471,0.611111111111111,18,1,20,1,0.54025974025974,-0.738194051078748,oncogenic_pathway,SanchezVega2018_TableS4,70,27,43,20261186,pooled inner out-of-fold AUROC,pooled inner out-of-fold balanced-accuracy optimum,outer out-of-fold AUROC,AUROC >= 0.60 after inner-AUROC component tuning,TRUE,0.037898363479759,0.0116279069767439,FALSE,FALSE,FALSE,TRUE
GigaSSL,oncogenic_pathway,PAAD,Cell Cycle,0.548783068783069,0.511111111111111,0.745412199397954,11,0.510476190476191,0.719883074616746,0.520634920634921,0.352380952380952,0.688888888888889,0.725490196078431,0.313131313131313,0.7,0.7,0.503174603174603,0.695238095238095,0.311111111111111,0.701923076923077,0.304347826086957,0.468253968253968,0.580952380952381,0.355555555555556,0.677777777777778,0.266666666666667,6,5,19,0,0.613095238095238,3.05441351487914,oncogenic_pathway,SanchezVega2018_TableS4,150,105,45,20261187,pooled inner out-of-fold AUROC,pooled inner out-of-fold balanced-accuracy optimum,outer out-of-fold AUROC,AUROC >= 0.60 after inner-AUROC component tuning,TRUE,-0.0383068783068785,0.00952380952380971,FALSE,FALSE,FALSE,TRUE
ProvGigaPath,oncogenic_pathway,PAAD,Cell Cycle,0.524232804232804,0.473015873015873,0.734046629466094,6,0.454179894179894,0.670788384065029,0.490476190476191,0.647619047619048,0.333333333333333,0.693877551020408,0.288461538461538,0.7,0.7,0.498412698412698,0.752380952380952,0.244444444444444,0.699115044247788,0.297297297297297,0.501587301587302,0.647619047619048,0.355555555555556,0.701030927835052,0.30188679245283,6,2,14,0,0.542328042328042,1.37660211014084,oncogenic_pathway,SanchezVega2018_TableS4,150,105,45,20261187,pooled inner out-of-fold AUROC,pooled inner out-of-fold balanced-accuracy optimum,outer out-of-fold AUROC,AUROC >= 0.60 after inner-AUROC component tuning,TRUE,-0.0700529100529099,0.0174603174603175,FALSE,FALSE,FALSE,FALSE
TITAN,oncogenic_pathway,PAAD,Cell Cycle,0.557248677248677,0.498412698412698,0.761325373498678,13,0.527407407407408,0.741093736772257,0.5,0.333333333333333,0.666666666666667,0.7,0.3,0.7,0.7,0.515873015873016,0.676190476190476,0.355555555555556,0.71,0.32,0.541269841269841,0.638095238095238,0.444444444444444,0.728260869565217,0.344827586206897,19,3,20,2,0.546296296296296,8.77433709179351,oncogenic_pathway,SanchezVega2018_TableS4,150,105,45,20261187,pooled inner out-of-fold AUROC,pooled inner out-of-fold balanced-accuracy optimum,outer out-of-fold AUROC,AUROC >= 0.60 after inner-AUROC component tuning,TRUE,-0.0298412698412696,0.00158730158730203,FALSE,FALSE,FALSE,TRUE
GigaSSL,oncogenic_pathway,PAAD,MYC,0.560723514211886,0.500553709856035,0.215883233777318,2,0.581026208933186,0.185496228916262,0.526578073089701,0.285714285714286,0.767441860465116,0.166666666666667,0.868421052631579,0.14,0.14,0.516611295681063,0.0952380952380952,0.937984496124031,0.2,0.864285714285714,0.569767441860465,0.333333333333333,0.806201550387597,0.21875,0.88135593220339,1,1,9,0,0.612257281553398,-1.66522658403992,oncogenic_pathway,SanchezVega2018_TableS4,150,21,129,20261188,pooled inner out-of-fold AUROC,pooled inner out-of-fold balanced-accuracy optimum,outer out-of-fold AUROC,AUROC >= 0.60 after inner-AUROC component tuning,TRUE,0.0203026947212996,0.026024363233666,FALSE,FALSE,FALSE,TRUE
ProvGigaPath,oncogenic_pathway,PAAD,MYC,0.619785898855666,0.485049833887043,0.216188986059307,4,0.509782207456626,0.171130527159839,0.528792912513843,0.476190476190476,0.581395348837209,0.15625,0.872093023255814,0.14,0.14,0.488925802879291,0.0476190476190476,0.930232558139535,0.1,0.857142857142857,0.501661129568106,0.142857142857143,0.86046511627907,0.142857142857143,0.86046511627907,2,1,9,0,0.718891402714932,-2.99520038383506,oncogenic_pathway,SanchezVega2018_TableS4,150,21,129,20261188,pooled inner out-of-fold AUROC,pooled inner out-of-fold balanced-accuracy optimum,outer out-of-fold AUROC,AUROC >= 0.60 after inner-AUROC component tuning,TRUE,-0.11000369139904,0.0437430786267998,FALSE,FALSE,FALSE,TRUE
TITAN,oncogenic_pathway,PAAD,MYC,0.550018456995201,0.532668881506091,0.247310543962503,5,0.51531930601698,0.215527669358242,0.473421926910299,0.380952380952381,0.565891472868217,0.125,0.848837209302326,0.14,0.14,0.536544850498339,0.142857142857143,0.930232558139535,0.25,0.869565217391304,0.549833887043189,0.285714285714286,0.813953488372093,0.2,0.875,5,2,6,0,0.650485436893204,-3.47118136662455,oncogenic_pathway,SanchezVega2018_TableS4,150,21,129,20261188,pooled inner out-of-fold AUROC,pooled inner out-of-fold balanced-accuracy optimum,outer out-of-fold AUROC,AUROC >= 0.60 after inner-AUROC component tuning,TRUE,-0.0346991509782206,-0.0592469545957921,FALSE,FALSE,FALSE,FALSE
GigaSSL,oncogenic_pathway,PAAD,NOTCH,0.501291989664083,0.473421926910299,0.145562780120704,1,0.524547803617571,0.154700186713899,0.545957918050941,0.619047619047619,0.472868217054264,0.160493827160494,0.884057971014493,0.14,0.14,0.461240310077519,0,0.922480620155039,0,0.85,0.482834994462901,0.19047619047619,0.775193798449612,0.121212121212121,0.854700854700855,1,1,4,0,0.646487721302113,-2.70072775966635,oncogenic_pathway,SanchezVega2018_TableS4,150,21,129,20261189,pooled inner out-of-fold AUROC,pooled inner out-of-fold balanced-accuracy optimum,outer out-of-fold AUROC,AUROC >= 0.60 after inner-AUROC component tuning,TRUE,0.0232558139534881,0.0725359911406423,FALSE,FALSE,FALSE,FALSE
ProvGigaPath,oncogenic_pathway,PAAD,NOTCH,0.422665190107051,0.449612403100775,0.119830398846017,7,0.455518641565153,0.129865124643197,0.497231450719823,0.428571428571429,0.565891472868217,0.138461538461538,0.858823529411765,0.14,0.14,0.465116279069768,0,0.930232558139535,0,0.851063829787234,0.48671096345515,0.19047619047619,0.782945736434109,0.125,0.855932203389831,2,1,4,0,0.662478583666476,-3.17671542832073,oncogenic_pathway,SanchezVega2018_TableS4,150,21,129,20261189,pooled inner out-of-fold AUROC,pooled inner out-of-fold balanced-accuracy optimum,outer out-of-fold AUROC,AUROC >= 0.60 after inner-AUROC component tuning,TRUE,0.0328534514581022,0.0476190476190478,FALSE,FALSE,FALSE,TRUE
TITAN,oncogenic_pathway,PAAD,NOTCH,0.518272425249169,0.469545957918051,0.152279268007196,4,0.490586932447398,0.145708289443624,0.459025470653378,0.476190476190476,0.441860465116279,0.121951219512195,0.838235294117647,0.14,0.14,0.501107419712071,0.0952380952380952,0.906976744186047,0.142857142857143,0.860294117647059,0.490586932447398,0.19047619047619,0.790697674418605,0.129032258064516,0.857142857142857,2,1,12,0,0.613363792118789,-4.33340308460923,oncogenic_pathway,SanchezVega2018_TableS4,150,21,129,20261189,pooled inner out-of-fold AUROC,pooled inner out-of-fold balanced-accuracy optimum,outer out-of-fold AUROC,AUROC >= 0.60 after inner-AUROC component tuning,TRUE,-0.0276854928017715,-0.0105204872646734,FALSE,FALSE,FALSE,TRUE
GigaSSL,oncogenic_pathway,PAAD,PI3K,0.46135831381733,0.471604215456675,0.206841826933091,8,0.482435597189696,0.209738599482118,0.484777517564403,0.428571428571429,0.540983606557377,0.176470588235294,0.804878048780488,0.186666666666667,0.186666666666667,0.482435597189696,0.0714285714285714,0.89344262295082,0.133333333333333,0.807407407407407,0.473360655737705,0.25,0.69672131147541,0.159090909090909,0.80188679245283,7,1,8,0,0.501330967169476,-2.68837549611985,oncogenic_pathway,SanchezVega2018_TableS4,150,28,122,20261190,pooled inner out-of-fold AUROC,pooled inner out-of-fold balanced-accuracy optimum,outer out-of-fold AUROC,AUROC >= 0.60 after inner-AUROC component tuning,TRUE,0.0210772833723655,0.0131733021077278,FALSE,FALSE,FALSE,TRUE
ProvGigaPath,oncogenic_pathway,PAAD,PI3K,0.507903981264637,0.47980093676815,0.22101878734792,15,0.521370023419204,0.219511719545126,0.500585480093677,0.714285714285714,0.286885245901639,0.186915887850467,0.813953488372093,0.186666666666667,0.186666666666667,0.515515222482436,0.178571428571429,0.852459016393443,0.217391304347826,0.818897637795276,0.536299765807963,0.285714285714286,0.786885245901639,0.235294117647059,0.827586206896552,9,1,20,1,0.555194805194805,-12.0459789977182,oncogenic_pathway,SanchezVega2018_TableS4,150,28,122,20261190,pooled inner out-of-fold AUROC,pooled inner out-of-fold balanced-accuracy optimum,outer out-of-fold AUROC,AUROC >= 0.60 after inner-AUROC component tuning,TRUE,0.0134660421545668,0.0207845433255269,FALSE,FALSE,FALSE,TRUE
TITAN,oncogenic_pathway,PAAD,PI3K,0.565573770491803,0.549765807962529,0.275914415488543,1,0.532201405152225,0.265927442712187,0.437060889929742,0.464285714285714,0.409836065573771,0.152941176470588,0.769230769230769,0.186666666666667,0.186666666666667,0.545667447306792,0.214285714285714,0.877049180327869,0.285714285714286,0.829457364341085,0.504976580796253,0.321428571428571,0.688524590163934,0.191489361702128,0.815533980582524,5,1,19,0,0.61756876663709,-3.21716393843512,oncogenic_pathway,SanchezVega2018_TableS4,150,28,122,20261190,pooled inner out-of-fold AUROC,pooled inner out-of-fold balanced-accuracy optimum,outer out-of-fold AUROC,AUROC >= 0.60 after inner-AUROC component tuning,TRUE,-0.0333723653395782,-0.112704918032787,FALSE,FALSE,FALSE,TRUE
GigaSSL,oncogenic_pathway,PAAD,RTK RAS,0.625744625744626,0.564102564102564,0.852092359135594,16,0.546749546749547,0.824449706656593,0.550505050505051,0.555555555555556,0.545454545454545,0.8125,0.257142857142857,0.78,0.78,0.507770007770008,0.803418803418803,0.212121212121212,0.783333333333333,0.233333333333333,0.488733488733489,0.735042735042735,0.242424242424242,0.774774774774775,0.205128205128205,18,1,20,1,0.665839536807279,10.7050279396786,oncogenic_pathway,SanchezVega2018_TableS4,150,117,33,20261191,pooled inner out-of-fold AUROC,pooled inner out-of-fold balanced-accuracy optimum,outer out-of-fold AUROC,AUROC >= 0.60 after inner-AUROC component tuning,TRUE,-0.0789950789950792,-0.0135975135975135,FALSE,FALSE,FALSE,TRUE
ProvGigaPath,oncogenic_pathway,PAAD,RTK RAS,0.558663558663559,0.548562548562549,0.811784099641692,5,0.554519554519555,0.819944214662995,0.56993006993007,0.564102564102564,0.575757575757576,0.825,0.271428571428571,0.78,0.78,0.524864024864025,0.837606837606838,0.212121212121212,0.790322580645161,0.269230769230769,0.482517482517483,0.692307692307692,0.272727272727273,0.771428571428571,0.2,3,1,9,0,0.688172043010753,2.33952283631831,oncogenic_pathway,SanchezVega2018_TableS4,150,117,33,20261191,pooled inner out-of-fold AUROC,pooled inner out-of-fold balanced-accuracy optimum,outer out-of-fold AUROC,AUROC >= 0.60 after inner-AUROC component tuning,TRUE,-0.00414400414400451,0.021367521367521,FALSE,FALSE,FALSE,TRUE
TITAN,oncogenic_pathway,PAAD,RTK RAS,0.511784511784512,0.51010101010101,0.775841072873403,11,0.498057498057498,0.776227059235827,0.531080031080031,0.547008547008547,0.515151515151515,0.8,0.242857142857143,0.78,0.78,0.44949494949495,0.777777777777778,0.121212121212121,0.758333333333333,0.133333333333333,0.489121989121989,0.675213675213675,0.303030303030303,0.774509803921569,0.208333333333333,9,2,17,0,0.614157119476268,1.53418560343326,oncogenic_pathway,SanchezVega2018_TableS4,150,117,33,20261191,pooled inner out-of-fold AUROC,pooled inner out-of-fold balanced-accuracy optimum,outer out-of-fold AUROC,AUROC >= 0.60 after inner-AUROC component tuning,TRUE,-0.013727013727014,0.020979020979021,FALSE,FALSE,FALSE,TRUE
GigaSSL,oncogenic_pathway,PAAD,TGF-Beta,0.455278592375367,0.464809384164223,0.408524586426122,2,0.487903225806452,0.435911277668907,0.524926686217009,0.32258064516129,0.727272727272727,0.454545454545455,0.60377358490566,0.413333333333333,0.413333333333333,0.492302052785924,0.370967741935484,0.613636363636364,0.403508771929825,0.580645161290323,0.460593841642229,0.387096774193548,0.534090909090909,0.369230769230769,0.552941176470588,13,2,15,0,0.565014577259475,1.21148241584743,oncogenic_pathway,SanchezVega2018_TableS4,150,62,88,20261192,pooled inner out-of-fold AUROC,pooled inner out-of-fold balanced-accuracy optimum,outer out-of-fold AUROC,AUROC >= 0.60 after inner-AUROC component tuning,TRUE,0.0326246334310846,0.0601173020527858,FALSE,FALSE,FALSE,TRUE
ProvGigaPath,oncogenic_pathway,PAAD,TGF-Beta,0.507514662756598,0.484237536656892,0.421431352885977,3,0.496884164222874,0.417587480610577,0.50274926686217,0.403225806451613,0.602272727272727,0.416666666666667,0.588888888888889,0.413333333333333,0.413333333333333,0.470491202346041,0.338709677419355,0.602272727272727,0.375,0.563829787234043,0.498533724340176,0.451612903225806,0.545454545454545,0.411764705882353,0.585365853658537,3,2,18,0,0.535492957746479,0.0861609134503441,oncogenic_pathway,SanchezVega2018_TableS4,150,62,88,20261192,pooled inner out-of-fold AUROC,pooled inner out-of-fold balanced-accuracy optimum,outer out-of-fold AUROC,AUROC >= 0.60 after inner-AUROC component tuning,TRUE,-0.0106304985337241,0.018511730205278,FALSE,FALSE,FALSE,FALSE
TITAN,oncogenic_pathway,PAAD,TGF-Beta,0.518878299120235,0.508431085043988,0.420658258384739,3,0.469941348973607,0.391648176274047,0.481121700879765,0.564516129032258,0.397727272727273,0.397727272727273,0.564516129032258,0.413333333333333,0.413333333333333,0.463892961876833,0.370967741935484,0.556818181818182,0.370967741935484,0.556818181818182,0.483870967741936,0.467741935483871,0.5,0.397260273972603,0.571428571428571,5,2,16,0,0.59830985915493,-0.762873095271566,oncogenic_pathway,SanchezVega2018_TableS4,150,62,88,20261192,pooled inner out-of-fold AUROC,pooled inner out-of-fold balanced-accuracy optimum,outer out-of-fold AUROC,AUROC >= 0.60 after inner-AUROC component tuning,TRUE,-0.0489369501466279,-0.0273093841642226,FALSE,FALSE,FALSE,TRUE
GigaSSL,oncogenic_pathway,PAAD,TP53,0.536252840322248,0.516009089031192,0.713817458746482,2,0.527163809130345,0.715427112856082,0.51838463127453,0.504854368932039,0.531914893617021,0.702702702702703,0.328947368421053,0.686666666666667,0.686666666666667,0.496591613303037,0.737864077669903,0.25531914893617,0.684684684684685,0.307692307692308,0.518591200165255,0.611650485436893,0.425531914893617,0.7,0.333333333333333,3,2,18,0,0.54204107830552,1.78840141878614,oncogenic_pathway,SanchezVega2018_TableS4,150,103,47,20261193,pooled inner out-of-fold AUROC,pooled inner out-of-fold balanced-accuracy optimum,outer out-of-fold AUROC,AUROC >= 0.60 after inner-AUROC component tuning,TRUE,-0.00908903119190296,0.00237554224333802,FALSE,FALSE,FALSE,TRUE
ProvGigaPath,oncogenic_pathway,PAAD,TP53,0.545135302623425,0.509295600082628,0.718045460231388,3,0.584796529642636,0.743713342620616,0.512600702334229,0.514563106796117,0.51063829787234,0.697368421052632,0.324324324324324,0.686666666666667,0.686666666666667,0.534497004751084,0.83495145631068,0.234042553191489,0.704918032786885,0.392857142857143,0.611340632100806,0.563106796116505,0.659574468085106,0.783783783783784,0.407894736842105,1,1,5,0,0.598287888395688,1.18423717312196,oncogenic_pathway,SanchezVega2018_TableS4,150,103,47,20261193,pooled inner out-of-fold AUROC,pooled inner out-of-fold balanced-accuracy optimum,outer out-of-fold AUROC,AUROC >= 0.60 after inner-AUROC component tuning,TRUE,0.0396612270192108,0.00330510225160052,FALSE,FALSE,FALSE,TRUE
TITAN,oncogenic_pathway,PAAD,TP53,0.561247676099979,0.519727329064243,0.756342967611511,10,0.590167320801487,0.762500074337023,0.545651724850238,0.601941747572815,0.48936170212766,0.72093023255814,0.359375,0.686666666666667,0.686666666666667,0.560421400537079,0.737864077669903,0.382978723404255,0.723809523809524,0.4,0.568994009502169,0.669902912621359,0.468085106382979,0.734042553191489,0.392857142857143,14,2,19,0,0.606867779204108,1.93001016892278,oncogenic_pathway,SanchezVega2018_TableS4,150,103,47,20261193,pooled inner out-of-fold AUROC,pooled inner out-of-fold balanced-accuracy optimum,outer out-of-fold AUROC,AUROC >= 0.60 after inner-AUROC component tuning,TRUE,0.0289196447015082,0.0259243957859945,FALSE,FALSE,FALSE,TRUE
GigaSSL,oncogenic_pathway,PCPG,Cell Cycle,0.517457180500659,0.511198945981555,0.169669342675426,12,0.603096179183136,0.199350329367676,0.512845849802372,0.434782608695652,0.590909090909091,0.15625,0.857142857142857,0.148387096774194,0.148387096774194,0.509387351778656,0.0869565217391304,0.931818181818182,0.181818181818182,0.854166666666667,0.577239789196311,0.434782608695652,0.71969696969697,0.212765957446809,0.87962962962963,2,1,5,0,0.668763102725367,-2.09026656372399,oncogenic_pathway,SanchezVega2018_TableS4,155,23,132,20261194,pooled inner out-of-fold AUROC,pooled inner out-of-fold balanced-accuracy optimum,outer out-of-fold AUROC,AUROC >= 0.60 after inner-AUROC component tuning,TRUE,0.0856389986824767,0.00164690382081656,FALSE,FALSE,TRUE,TRUE
ProvGigaPath,oncogenic_pathway,PCPG,Cell Cycle,0.730895915678524,0.595355731225296,0.329124169765529,9,0.694993412384717,0.258488884325423,0.633728590250329,0.782608695652174,0.484848484848485,0.209302325581395,0.927536231884058,0.148387096774194,0.148387096774194,0.573616600790514,0.260869565217391,0.886363636363636,0.285714285714286,0.873134328358209,0.594367588932806,0.347826086956522,0.840909090909091,0.275862068965517,0.880952380952381,6,4,12,0,0.776719576719577,-9.99988460608541,oncogenic_pathway,SanchezVega2018_TableS4,155,23,132,20261194,pooled inner out-of-fold AUROC,pooled inner out-of-fold balanced-accuracy optimum,outer out-of-fold AUROC,AUROC >= 0.60 after inner-AUROC component tuning,TRUE,-0.0359025032938073,0.0383728590250334,FALSE,TRUE,TRUE,TRUE
TITAN,oncogenic_pathway,PCPG,Cell Cycle,0.636034255599473,0.602931488801054,0.283666888835465,8,0.652832674571805,0.298942121286966,0.620718050065876,0.521739130434783,0.71969696969697,0.244897959183673,0.89622641509434,0.148387096774194,0.148387096774194,0.624670619235837,0.347826086956522,0.901515151515152,0.380952380952381,0.888059701492537,0.626482213438735,0.434782608695652,0.818181818181818,0.294117647058824,0.892561983471074,5,3,12,0,0.776067527308838,-2.51911404128108,oncogenic_pathway,SanchezVega2018_TableS4,155,23,132,20261194,pooled inner out-of-fold AUROC,pooled inner out-of-fold balanced-accuracy optimum,outer out-of-fold AUROC,AUROC >= 0.60 after inner-AUROC component tuning,TRUE,0.016798418972332,0.0177865612648223,TRUE,TRUE,TRUE,TRUE
GigaSSL,oncogenic_pathway,PCPG,RTK RAS,0.675979680696662,0.61756168359942,0.495759819299107,3,0.777576197387518,0.593198108176685,0.716074020319303,0.903846153846154,0.528301886792453,0.484536082474227,0.918032786885246,0.329113924050633,0.329113924050633,0.655478955007257,0.480769230769231,0.830188679245283,0.581395348837209,0.765217391304348,0.675798258345428,0.634615384615385,0.716981132075472,0.523809523809524,0.8,1,1,2,0,0.769187675070028,-1.64130001246792,oncogenic_pathway,SanchezVega2018_TableS4,158,52,106,20261195,pooled inner out-of-fold AUROC,pooled inner out-of-fold balanced-accuracy optimum,outer out-of-fold AUROC,AUROC >= 0.60 after inner-AUROC component tuning,TRUE,0.101596516690856,0.0985123367198834,TRUE,TRUE,TRUE,TRUE
ProvGigaPath,oncogenic_pathway,PCPG,RTK RAS,0.695210449927431,0.62699564586357,0.47191276447505,2,0.712808417997097,0.52403975150925,0.67688679245283,0.75,0.60377358490566,0.481481481481482,0.831168831168831,0.329113924050633,0.329113924050633,0.650761973875181,0.480769230769231,0.820754716981132,0.568181818181818,0.763157894736842,0.704281567489115,0.653846153846154,0.754716981132076,0.566666666666667,0.816326530612245,2,1,16,0,0.767507002801121,-1.44352952743211,oncogenic_pathway,SanchezVega2018_TableS4,158,52,106,20261195,pooled inner out-of-fold AUROC,pooled inner out-of-fold balanced-accuracy optimum,outer out-of-fold AUROC,AUROC >= 0.60 after inner-AUROC component tuning,TRUE,0.0175979680696663,0.0498911465892601,TRUE,TRUE,TRUE,FALSE
TITAN,oncogenic_pathway,PCPG,RTK RAS,0.645682148040639,0.665094339622642,0.490781618583975,5,0.753084179970973,0.559077977686343,0.676161103047896,0.673076923076923,0.679245283018868,0.507246376811594,0.808988764044944,0.329113924050633,0.329113924050633,0.660195936139332,0.480769230769231,0.839622641509434,0.595238095238095,0.767241379310345,0.709361393323658,0.692307692307692,0.726415094339623,0.553846153846154,0.827956989247312,2,2,3,0,0.74274099883856,-0.685356586133565,oncogenic_pathway,SanchezVega2018_TableS4,158,52,106,20261195,pooled inner out-of-fold AUROC,pooled inner out-of-fold balanced-accuracy optimum,outer out-of-fold AUROC,AUROC >= 0.60 after inner-AUROC component tuning,TRUE,0.107402031930333,0.0110667634252536,TRUE,TRUE,TRUE,TRUE
GigaSSL,oncogenic_pathway,PRAD,Cell Cycle,0.493629343629344,0.483474903474904,0.29538525258209,6,0.486023166023166,0.281226044205581,0.48027027027027,0.42,0.540540540540541,0.260869565217391,0.707070707070707,0.278551532033426,0.278551532033426,0.488030888030888,0.2,0.776061776061776,0.256410256410256,0.715302491103203,0.470810810810811,0.32,0.621621621621622,0.246153846153846,0.703056768558952,9,2,11,0,0.545833333333333,-1.06340564395008,oncogenic_pathway,SanchezVega2018_TableS4,359,100,259,20261196,pooled inner out-of-fold AUROC,pooled inner out-of-fold balanced-accuracy optimum,outer out-of-fold AUROC,AUROC >= 0.60 after inner-AUROC component tuning,TRUE,-0.00760617760617799,-0.00320463320463377,FALSE,FALSE,FALSE,TRUE
ProvGigaPath,oncogenic_pathway,PRAD,Cell Cycle,0.478648648648649,0.464266409266409,0.26089901632571,4,0.483822393822394,0.265087446185411,0.486911196911197,0.58,0.393822393822394,0.269767441860465,0.708333333333333,0.278551532033426,0.278551532033426,0.492683397683398,0.19,0.795366795366795,0.263888888888889,0.717770034843206,0.506158301158301,0.41,0.602316602316602,0.284722222222222,0.725581395348837,9,3,9,0,0.490519323671498,-3.69153716849352,oncogenic_pathway,SanchezVega2018_TableS4,359,100,259,20261196,pooled inner out-of-fold AUROC,pooled inner out-of-fold balanced-accuracy optimum,outer out-of-fold AUROC,AUROC >= 0.60 after inner-AUROC component tuning,TRUE,0.00517374517374486,0.0226447876447879,FALSE,FALSE,FALSE,TRUE
TITAN,oncogenic_pathway,PRAD,Cell Cycle,0.496216216216216,0.495656370656371,0.282830930643941,11,0.49988416988417,0.286838436310309,0.518783783783784,0.47,0.567567567567568,0.29559748427673,0.735,0.278551532033426,0.278551532033426,0.493822393822394,0.2,0.787644787644788,0.266666666666667,0.71830985915493,0.538532818532819,0.44,0.637065637065637,0.318840579710145,0.746606334841629,7,5,15,0,0.583333333333333,-1.16304943860886,oncogenic_pathway,SanchezVega2018_TableS4,359,100,259,20261196,pooled inner out-of-fold AUROC,pooled inner out-of-fold balanced-accuracy optimum,outer out-of-fold AUROC,AUROC >= 0.60 after inner-AUROC component tuning,TRUE,0.00366795366795392,0.0231274131274127,FALSE,FALSE,FALSE,TRUE
GigaSSL,oncogenic_pathway,PRAD,MYC,0.645207319120363,0.53651166694645,0.184572196749083,7,0.585109954675172,0.133006951975672,0.566392479435958,0.567567567567568,0.565217391304348,0.130434782608696,0.919191919191919,0.103064066852368,0.103064066852368,0.513681383246601,0.108108108108108,0.919254658385093,0.133333333333333,0.899696048632219,0.530468356555313,0.216216216216216,0.84472049689441,0.137931034482759,0.903654485049834,6,3,20,2,0.67140748691802,-5.01312786763442,oncogenic_pathway,SanchezVega2018_TableS4,359,37,322,20261197,pooled inner out-of-fold AUROC,pooled inner out-of-fold balanced-accuracy optimum,outer out-of-fold AUROC,AUROC >= 0.60 after inner-AUROC component tuning,TRUE,-0.060097364445191,0.0298808124895076,FALSE,FALSE,FALSE,TRUE
ProvGigaPath,oncogenic_pathway,PRAD,MYC,0.606177606177606,0.534958871915394,0.149061993033869,8,0.564461977505456,0.133390574724307,0.587334228638577,0.432432432432432,0.742236024844721,0.161616161616162,0.919230769230769,0.103064066852368,0.103064066852368,0.530300486822226,0.135135135135135,0.925465838509317,0.172413793103448,0.903030303030303,0.543520228302837,0.27027027027027,0.816770186335404,0.144927536231884,0.906896551724138,8,1,20,1,0.642425868777673,-5.95464856170237,oncogenic_pathway,SanchezVega2018_TableS4,359,37,322,20261197,pooled inner out-of-fold AUROC,pooled inner out-of-fold balanced-accuracy optimum,outer out-of-fold AUROC,AUROC >= 0.60 after inner-AUROC component tuning,TRUE,-0.0417156286721502,0.0523753567231825,FALSE,FALSE,FALSE,FALSE
TITAN,oncogenic_pathway,PRAD,MYC,0.540204801074366,0.524089306698002,0.136319144031626,14,0.656370656370656,0.196563150086379,0.637988920597616,0.648648648648649,0.627329192546584,0.166666666666667,0.93953488372093,0.103064066852368,0.103064066852368,0.504196743327178,0.027027027027027,0.981366459627329,0.142857142857143,0.897727272727273,0.624769179117005,0.513513513513514,0.736024844720497,0.182692307692308,0.929411764705882,1,1,1,0,0.642291694619616,-2.45882141193893,oncogenic_pathway,SanchezVega2018_TableS4,359,37,322,20261197,pooled inner out-of-fold AUROC,pooled inner out-of-fold balanced-accuracy optimum,outer out-of-fold AUROC,AUROC >= 0.60 after inner-AUROC component tuning,TRUE,0.11616585529629,0.113899613899614,FALSE,TRUE,TRUE,TRUE
GigaSSL,oncogenic_pathway,PRAD,NOTCH,0.535286372613562,0.53110599078341,0.156116644501153,7,0.539499670836077,0.161715504674342,0.532455562870309,0.63265306122449,0.432258064516129,0.14975845410628,0.881578947368421,0.136490250696379,0.136490250696379,0.512837393021725,0.122448979591837,0.903225806451613,0.166666666666667,0.86687306501548,0.527781435154707,0.326530612244898,0.729032258064516,0.16,0.872586872586873,6,5,15,0,0.591087675765095,-4.10998599553785,oncogenic_pathway,SanchezVega2018_TableS4,359,49,310,20261198,pooled inner out-of-fold AUROC,pooled inner out-of-fold balanced-accuracy optimum,outer out-of-fold AUROC,AUROC >= 0.60 after inner-AUROC component tuning,TRUE,0.00421329822251437,0.00134957208689934,FALSE,FALSE,FALSE,TRUE
ProvGigaPath,oncogenic_pathway,PRAD,NOTCH,0.509677419354839,0.50154707044108,0.156331841122041,8,0.497366688610928,0.152259187648425,0.521263989466755,0.448979591836735,0.593548387096774,0.148648648648649,0.872037914691943,0.136490250696379,0.136490250696379,0.516063199473338,0.122448979591837,0.909677419354839,0.176470588235294,0.867692307692308,0.503127057274523,0.183673469387755,0.82258064516129,0.140625,0.864406779661017,7,4,12,0,0.552109181141439,-3.33533111292413,oncogenic_pathway,SanchezVega2018_TableS4,359,49,310,20261198,pooled inner out-of-fold AUROC,pooled inner out-of-fold balanced-accuracy optimum,outer out-of-fold AUROC,AUROC >= 0.60 after inner-AUROC component tuning,TRUE,-0.0123107307439108,0.0197169190256744,FALSE,FALSE,FALSE,TRUE
TITAN,oncogenic_pathway,PRAD,NOTCH,0.516392363396972,0.53594470046083,0.168687650289305,3,0.629098090849243,0.241664754505652,0.614779460171165,0.510204081632653,0.719354838709677,0.223214285714286,0.902834008097166,0.136490250696379,0.136490250696379,0.534364713627386,0.0816326530612245,0.987096774193548,0.5,0.871794871794872,0.630381830151416,0.489795918367347,0.770967741935484,0.252631578947368,0.90530303030303,1,1,2,0,0.608974358974359,-2.05078701373373,oncogenic_pathway,SanchezVega2018_TableS4,359,49,310,20261198,pooled inner out-of-fold AUROC,pooled inner out-of-fold balanced-accuracy optimum,outer out-of-fold AUROC,AUROC >= 0.60 after inner-AUROC component tuning,TRUE,0.112705727452271,0.0788347597103353,FALSE,TRUE,TRUE,TRUE
GigaSSL,oncogenic_pathway,PRAD,PI3K,0.549864573928745,0.546947704701715,0.363907995429154,18,0.573164803111327,0.409723964040109,0.544221820959789,0.487603305785124,0.600840336134454,0.383116883116883,0.697560975609756,0.337047353760446,0.337047353760446,0.56795610806306,0.413223140495868,0.722689075630252,0.431034482758621,0.707818930041152,0.548562400166678,0.471074380165289,0.626050420168067,0.39041095890411,0.699530516431925,10,7,11,0,0.570120614035088,-1.02422375217547,oncogenic_pathway,SanchezVega2018_TableS4,359,121,238,20261199,pooled inner out-of-fold AUROC,pooled inner out-of-fold balanced-accuracy optimum,outer out-of-fold AUROC,AUROC >= 0.60 after inner-AUROC component tuning,TRUE,0.0233002291825822,-0.00272588374192617,FALSE,FALSE,FALSE,TRUE
ProvGigaPath,oncogenic_pathway,PRAD,PI3K,0.555212167511633,0.549395791374401,0.382184074557201,6,0.533092575873325,0.363752279298985,0.529863184943399,0.446280991735537,0.613445378151261,0.36986301369863,0.685446009389671,0.337047353760446,0.337047353760446,0.516546287936662,0.28099173553719,0.752100840336134,0.365591397849462,0.672932330827068,0.541843183554414,0.520661157024794,0.563025210084034,0.377245508982036,0.697916666666667,5,2,16,0,0.610910087719298,-0.519458450927648,oncogenic_pathway,SanchezVega2018_TableS4,359,121,238,20261199,pooled inner out-of-fold AUROC,pooled inner out-of-fold balanced-accuracy optimum,outer out-of-fold AUROC,AUROC >= 0.60 after inner-AUROC component tuning,TRUE,-0.0221195916383086,-0.0195326064310021,FALSE,FALSE,FALSE,TRUE
TITAN,oncogenic_pathway,PRAD,PI3K,0.627856101118133,0.617959580526426,0.495589493585983,11,0.609243697478992,0.471469122685014,0.554864921175082,0.471074380165289,0.638655462184874,0.398601398601399,0.703703703703704,0.337047353760446,0.337047353760446,0.564171122994653,0.363636363636364,0.764705882352941,0.44,0.702702702702703,0.569362455726092,0.495867768595041,0.642857142857143,0.413793103448276,0.714953271028037,8,1,14,0,0.640857297883885,-0.707916812755644,oncogenic_pathway,SanchezVega2018_TableS4,359,121,238,20261199,pooled inner out-of-fold AUROC,pooled inner out-of-fold balanced-accuracy optimum,outer out-of-fold AUROC,AUROC >= 0.60 after inner-AUROC component tuning,TRUE,-0.0186124036391414,-0.0630946593513444,TRUE,FALSE,TRUE,TRUE
GigaSSL,oncogenic_pathway,PRAD,RTK RAS,0.567215273206057,0.50154707044108,0.16905264671936,20,0.534233048057933,0.146833098149439,0.50348913759052,0.510204081632653,0.496774193548387,0.138121546961326,0.865168539325843,0.136490250696379,0.136490250696379,0.502106649111257,0.0816326530612245,0.92258064516129,0.142857142857143,0.86404833836858,0.49825543120474,0.244897959183673,0.751612903225806,0.134831460674157,0.862962962962963,5,1,17,0,0.568031430934657,-4.38714717928097,oncogenic_pathway,SanchezVega2018_TableS4,359,49,310,20261200,pooled inner out-of-fold AUROC,pooled inner out-of-fold balanced-accuracy optimum,outer out-of-fold AUROC,AUROC >= 0.60 after inner-AUROC component tuning,TRUE,-0.0329822251481242,0.00194206714944001,FALSE,FALSE,FALSE,TRUE
ProvGigaPath,oncogenic_pathway,PRAD,RTK RAS,0.532521395655036,0.488117182356814,0.146538753741518,17,0.502633311389072,0.135542422957727,0.439038841342989,0.387755102040816,0.490322580645161,0.107344632768362,0.835164835164835,0.136490250696379,0.136490250696379,0.478472679394338,0.0408163265306122,0.916129032258065,0.0714285714285714,0.858006042296072,0.501481237656353,0.244897959183673,0.758064516129032,0.137931034482759,0.863970588235294,5,1,16,0,0.580241935483871,-2.30963309067215,oncogenic_pathway,SanchezVega2018_TableS4,359,49,310,20261200,pooled inner out-of-fold AUROC,pooled inner out-of-fold balanced-accuracy optimum,outer out-of-fold AUROC,AUROC >= 0.60 after inner-AUROC component tuning,TRUE,-0.0298880842659642,-0.0490783410138253,FALSE,FALSE,FALSE,TRUE
TITAN,oncogenic_pathway,PRAD,RTK RAS,0.584858459512837,0.553653719552337,0.189090969340287,19,0.586767610269915,0.209431978158662,0.587919684002633,0.469387755102041,0.706451612903226,0.201754385964912,0.893877551020408,0.136490250696379,0.136490250696379,0.54990125082291,0.183673469387755,0.916129032258065,0.257142857142857,0.876543209876543,0.578834759710336,0.36734693877551,0.790322580645161,0.216867469879518,0.88768115942029,10,1,20,1,0.593465674110835,-2.99373508853136,oncogenic_pathway,SanchezVega2018_TableS4,359,49,310,20261200,pooled inner out-of-fold AUROC,pooled inner out-of-fold balanced-accuracy optimum,outer out-of-fold AUROC,AUROC >= 0.60 after inner-AUROC component tuning,TRUE,0.00190915075707743,0.0342659644502963,FALSE,FALSE,FALSE,TRUE
GigaSSL,oncogenic_pathway,PRAD,TGF-Beta,0.531120943952802,0.501401179941003,0.0902292531329467,11,0.519321533923304,0.110079612661921,0.44358407079646,0.25,0.63716814159292,0.0390625,0.935064935064935,0.0557103064066852,0.0557103064066852,0.50877581120944,0.05,0.967551622418879,0.0833333333333333,0.945244956772334,0.496902654867257,0.1,0.893805309734513,0.0526315789473684,0.94392523364486,9,6,13,0,0.520064575645757,-3.74783136458872,oncogenic_pathway,SanchezVega2018_TableS4,359,20,339,20261201,pooled inner out-of-fold AUROC,pooled inner out-of-fold balanced-accuracy optimum,outer out-of-fold AUROC,AUROC >= 0.60 after inner-AUROC component tuning,TRUE,-0.0117994100294981,-0.0578171091445428,FALSE,FALSE,FALSE,TRUE
ProvGigaPath,oncogenic_pathway,PRAD,TGF-Beta,0.406637168141593,0.489675516224189,0.0461885547026576,1,0.412094395280236,0.0493916386413303,0.406342182890855,0.5,0.312684365781711,0.0411522633744856,0.913793103448276,0.0557103064066852,0.0557103064066852,0.482300884955752,0,0.964601769911504,0,0.942363112391931,0.455678466076696,0.05,0.861356932153392,0.0208333333333333,0.938906752411576,13,1,20,2,0.497924354243542,-11.0113216974443,oncogenic_pathway,SanchezVega2018_TableS4,359,20,339,20261201,pooled inner out-of-fold AUROC,pooled inner out-of-fold balanced-accuracy optimum,outer out-of-fold AUROC,AUROC >= 0.60 after inner-AUROC component tuning,TRUE,0.005457227138643,-0.0833333333333335,FALSE,FALSE,FALSE,TRUE
TITAN,oncogenic_pathway,PRAD,TGF-Beta,0.337315634218289,0.469026548672566,0.0405521723503173,11,0.356637168141593,0.042091208021382,0.408259587020649,0.2,0.616519174041298,0.0298507462686567,0.928888888888889,0.0557103064066852,0.0557103064066852,0.470501474926254,0,0.941002949852507,0,0.941002949852507,0.420353982300885,0,0.84070796460177,0,0.934426229508197,16,1,20,1,0.472555350553506,-12.8081720645944,oncogenic_pathway,SanchezVega2018_TableS4,359,20,339,20261201,pooled inner out-of-fold AUROC,pooled inner out-of-fold balanced-accuracy optimum,outer out-of-fold AUROC,AUROC >= 0.60 after inner-AUROC component tuning,TRUE,0.0193215339233039,-0.060766961651917,FALSE,FALSE,FALSE,TRUE
GigaSSL,oncogenic_pathway,PRAD,TP53,0.533052651955091,0.506605691056911,0.216222429977536,11,0.567218350754936,0.254493618687932,0.570484901277584,0.541666666666667,0.599303135888502,0.253246753246753,0.839024390243903,0.200557103064067,0.200557103064067,0.513695315524584,0.138888888888889,0.888501742160279,0.238095238095238,0.804416403785489,0.55848335269067,0.430555555555556,0.686411149825784,0.256198347107438,0.827731092436975,3,2,10,0,0.637401363671187,-1.73113543468658,oncogenic_pathway,SanchezVega2018_TableS4,359,72,287,20261202,pooled inner out-of-fold AUROC,pooled inner out-of-fold balanced-accuracy optimum,outer out-of-fold AUROC,AUROC >= 0.60 after inner-AUROC component tuning,TRUE,0.0341656987998451,0.0638792102206731,FALSE,FALSE,FALSE,TRUE
ProvGigaPath,oncogenic_pathway,PRAD,TP53,0.594415408439799,0.555289392179636,0.264822973182393,12,0.590543941153697,0.265875282532406,0.59647212543554,0.625,0.56794425087108,0.266272189349112,0.857894736842105,0.200557103064067,0.200557103064067,0.543191056910569,0.208333333333333,0.878048780487805,0.3,0.815533980582524,0.565524583817267,0.388888888888889,0.742160278745645,0.274509803921569,0.828793774319066,5,3,10,0,0.652698650674663,-2.45440592285038,oncogenic_pathway,SanchezVega2018_TableS4,359,72,287,20261202,pooled inner out-of-fold AUROC,pooled inner out-of-fold balanced-accuracy optimum,outer out-of-fold AUROC,AUROC >= 0.60 after inner-AUROC component tuning,TRUE,-0.00387146728610177,0.041182733255904,FALSE,FALSE,FALSE,TRUE
TITAN,oncogenic_pathway,PRAD,TP53,0.615853658536585,0.558725319396051,0.278806870253228,18,0.572831978319783,0.23508125305421,0.601601819589624,0.680555555555556,0.522648083623693,0.263440860215054,0.867052023121387,0.200557103064067,0.200557103064067,0.510162601626016,0.166666666666667,0.853658536585366,0.222222222222222,0.80327868852459,0.577574525745257,0.472222222222222,0.682926829268293,0.272,0.837606837606838,1,1,18,0,0.685666130391481,-1.97991565665803,oncogenic_pathway,SanchezVega2018_TableS4,359,72,287,20261202,pooled inner out-of-fold AUROC,pooled inner out-of-fold balanced-accuracy optimum,outer out-of-fold AUROC,AUROC >= 0.60 after inner-AUROC component tuning,TRUE,-0.0430216802168019,0.0428765001935735,FALSE,TRUE,FALSE,TRUE
GigaSSL,oncogenic_pathway,PRAD,WNT,0.555409504550051,0.531884057971015,0.420400271800097,4,0.550960566228514,0.418716741167838,0.53237276710482,0.503875968992248,0.560869565217391,0.391566265060241,0.66839378238342,0.35933147632312,0.35933147632312,0.527435119649478,0.263565891472868,0.791304347826087,0.414634146341463,0.657039711191336,0.536147623862487,0.441860465116279,0.630434782608696,0.401408450704225,0.668202764976959,3,1,13,0,0.634392148585901,-0.743512140748456,oncogenic_pathway,SanchezVega2018_TableS4,359,129,230,20261203,pooled inner out-of-fold AUROC,pooled inner out-of-fold balanced-accuracy optimum,outer out-of-fold AUROC,AUROC >= 0.60 after inner-AUROC component tuning,TRUE,-0.00444893832153737,0.000488709133804721,FALSE,FALSE,FALSE,TRUE
ProvGigaPath,oncogenic_pathway,PRAD,WNT,0.61937984496124,0.550690933602966,0.478816427397755,4,0.617256488035052,0.483009849771991,0.60185372430064,0.612403100775194,0.591304347826087,0.456647398843931,0.731182795698925,0.35933147632312,0.35933147632312,0.563549039433771,0.348837209302326,0.778260869565217,0.46875,0.680608365019011,0.598062015503876,0.496124031007752,0.7,0.481203007518797,0.712389380530973,8,2,13,0,0.645420008442381,-0.955400224929469,oncogenic_pathway,SanchezVega2018_TableS4,359,129,230,20261203,pooled inner out-of-fold AUROC,pooled inner out-of-fold balanced-accuracy optimum,outer out-of-fold AUROC,AUROC >= 0.60 after inner-AUROC component tuning,TRUE,-0.0021233569261877,0.0511627906976744,FALSE,TRUE,TRUE,TRUE
TITAN,oncogenic_pathway,PRAD,WNT,0.589855072463768,0.559386585776879,0.447883152621102,2,0.637141894169194,0.480348512091016,0.608459723626559,0.503875968992248,0.71304347826087,0.49618320610687,0.719298245614035,0.35933147632312,0.35933147632312,0.567037411526795,0.255813953488372,0.878260869565217,0.540983606557377,0.677852348993289,0.609976407145265,0.550387596899225,0.669565217391304,0.482993197278912,0.726415094339623,1,1,1,0,0.633178556352892,-0.508391493523695,oncogenic_pathway,SanchezVega2018_TableS4,359,129,230,20261203,pooled inner out-of-fold AUROC,pooled inner out-of-fold balanced-accuracy optimum,outer out-of-fold AUROC,AUROC >= 0.60 after inner-AUROC component tuning,TRUE,0.0472868217054264,0.0490731378496797,FALSE,TRUE,TRUE,TRUE
GigaSSL,oncogenic_pathway,READ,Cell Cycle,0.645140664961637,0.589514066496164,0.602714892454589,2,0.658567774936061,0.597714753026092,0.542838874680307,0.411764705882353,0.673913043478261,0.482758620689655,0.607843137254902,0.425,0.425,0.619565217391304,0.5,0.739130434782609,0.586206896551724,0.666666666666667,0.652813299232737,0.588235294117647,0.717391304347826,0.606060606060606,0.702127659574468,4,2,20,1,0.638638638638639,-0.0931713801645797,oncogenic_pathway,SanchezVega2018_TableS4,80,34,46,20261204,pooled inner out-of-fold AUROC,pooled inner out-of-fold balanced-accuracy optimum,outer out-of-fold AUROC,AUROC >= 0.60 after inner-AUROC component tuning,TRUE,0.0134271099744243,-0.0466751918158571,FALSE,FALSE,TRUE,TRUE
ProvGigaPath,oncogenic_pathway,READ,Cell Cycle,0.603580562659847,0.56074168797954,0.54461505685997,6,0.602941176470588,0.549942188484935,0.562020460358056,0.558823529411765,0.565217391304348,0.487179487179487,0.634146341463415,0.425,0.425,0.575447570332481,0.411764705882353,0.739130434782609,0.538461538461538,0.62962962962963,0.579283887468031,0.441176470588235,0.717391304347826,0.535714285714286,0.634615384615385,5,1,20,1,0.703703703703704,-2.43765738755642,oncogenic_pathway,SanchezVega2018_TableS4,80,34,46,20261204,pooled inner out-of-fold AUROC,pooled inner out-of-fold balanced-accuracy optimum,outer out-of-fold AUROC,AUROC >= 0.60 after inner-AUROC component tuning,TRUE,-0.00063938618925885,0.00127877237851626,FALSE,FALSE,TRUE,TRUE
TITAN,oncogenic_pathway,READ,Cell Cycle,0.657289002557545,0.677749360613811,0.625478800943995,2,0.547953964194373,0.53837012274721,0.569053708439898,0.529411764705882,0.608695652173913,0.5,0.636363636363636,0.425,0.425,0.615728900255754,0.470588235294118,0.760869565217391,0.592592592592593,0.660377358490566,0.561381074168798,0.470588235294118,0.652173913043478,0.5,0.625,1,1,6,0,0.723938223938224,-0.334548801797488,oncogenic_pathway,SanchezVega2018_TableS4,80,34,46,20261204,pooled inner out-of-fold AUROC,pooled inner out-of-fold balanced-accuracy optimum,outer out-of-fold AUROC,AUROC >= 0.60 after inner-AUROC component tuning,TRUE,-0.109335038363172,-0.108695652173913,TRUE,FALSE,FALSE,TRUE
GigaSSL,oncogenic_pathway,READ,NOTCH,0.619047619047619,0.65521978021978,0.42874998752349,3,0.602106227106227,0.402683786024605,0.611263736263736,0.607142857142857,0.615384615384615,0.361702127659575,0.813559322033898,0.264150943396226,0.264150943396226,0.600274725274725,0.392857142857143,0.807692307692308,0.423076923076923,0.7875,0.57051282051282,0.5,0.641025641025641,0.333333333333333,0.78125,3,1,6,0,0.685483870967742,-0.819776618875743,oncogenic_pathway,SanchezVega2018_TableS4,106,28,78,20261205,pooled inner out-of-fold AUROC,pooled inner out-of-fold balanced-accuracy optimum,outer out-of-fold AUROC,AUROC >= 0.60 after inner-AUROC component tuning,TRUE,-0.0169413919413919,-0.0439560439560437,TRUE,TRUE,TRUE,FALSE
ProvGigaPath,oncogenic_pathway,READ,NOTCH,0.671245421245421,0.65521978021978,0.406637741218123,3,0.638736263736264,0.444805453023396,0.554945054945055,0.571428571428571,0.538461538461538,0.307692307692308,0.777777777777778,0.264150943396226,0.264150943396226,0.54945054945055,0.214285714285714,0.884615384615385,0.4,0.758241758241758,0.563186813186813,0.357142857142857,0.769230769230769,0.357142857142857,0.769230769230769,3,1,4,0,0.657694962042788,-1.6797996398599,oncogenic_pathway,SanchezVega2018_TableS4,106,28,78,20261205,pooled inner out-of-fold AUROC,pooled inner out-of-fold balanced-accuracy optimum,outer out-of-fold AUROC,AUROC >= 0.60 after inner-AUROC component tuning,TRUE,-0.0325091575091573,-0.100274725274725,TRUE,FALSE,TRUE,FALSE
TITAN,oncogenic_pathway,READ,NOTCH,0.667124542124542,0.632326007326007,0.421969589173099,7,0.684981684981685,0.446843482966085,0.592032967032967,0.607142857142857,0.576923076923077,0.34,0.803571428571429,0.264150943396226,0.264150943396226,0.614468864468865,0.357142857142857,0.871794871794872,0.5,0.790697674418605,0.643315018315018,0.607142857142857,0.67948717948718,0.404761904761905,0.828125,1,1,11,0,0.674948240165632,-1.34586962360775,oncogenic_pathway,SanchezVega2018_TableS4,106,28,78,20261205,pooled inner out-of-fold AUROC,pooled inner out-of-fold balanced-accuracy optimum,outer out-of-fold AUROC,AUROC >= 0.60 after inner-AUROC component tuning,TRUE,0.017857142857143,-0.04029304029304,TRUE,FALSE,TRUE,TRUE
GigaSSL,oncogenic_pathway,READ,PI3K,0.50962962962963,0.487407407407407,0.28196441666689,4,0.499753086419753,0.245048427971727,0.494814814814815,0.36,0.62962962962963,0.230769230769231,0.761194029850746,0.235849056603774,0.235849056603774,0.499753086419753,0.16,0.839506172839506,0.235294117647059,0.764044943820225,0.464197530864198,0.2,0.728395061728395,0.185185185185185,0.746835443037975,4,1,8,0,0.553846153846154,-2.69594697952967,oncogenic_pathway,SanchezVega2018_TableS4,106,25,81,20261206,pooled inner out-of-fold AUROC,pooled inner out-of-fold balanced-accuracy optimum,outer out-of-fold AUROC,AUROC >= 0.60 after inner-AUROC component tuning,TRUE,-0.00987654320987691,0.00740740740740781,FALSE,FALSE,FALSE,FALSE
ProvGigaPath,oncogenic_pathway,READ,PI3K,0.551604938271605,0.545925925925926,0.343485738746372,3,0.572345679012346,0.299111759450345,0.537530864197531,0.68,0.395061728395062,0.257575757575758,0.8,0.235849056603774,0.235849056603774,0.539753086419753,0.24,0.839506172839506,0.315789473684211,0.781609195402299,0.633333333333333,0.6,0.666666666666667,0.357142857142857,0.84375,1,1,5,0,0.625,-2.15528009123967,oncogenic_pathway,SanchezVega2018_TableS4,106,25,81,20261206,pooled inner out-of-fold AUROC,pooled inner out-of-fold balanced-accuracy optimum,outer out-of-fold AUROC,AUROC >= 0.60 after inner-AUROC component tuning,TRUE,0.0207407407407407,-0.0083950617283951,FALSE,FALSE,FALSE,TRUE
TITAN,oncogenic_pathway,READ,PI3K,0.551604938271605,0.579753086419753,0.32106632411606,4,0.505185185185185,0.253315523822787,0.545679012345679,0.4,0.691358024691358,0.285714285714286,0.788732394366197,0.235849056603774,0.235849056603774,0.49358024691358,0.16,0.82716049382716,0.222222222222222,0.761363636363636,0.538024691358025,0.36,0.716049382716049,0.28125,0.783783783783784,4,1,13,0,0.686153846153846,-0.954682521591408,oncogenic_pathway,SanchezVega2018_TableS4,106,25,81,20261206,pooled inner out-of-fold AUROC,pooled inner out-of-fold balanced-accuracy optimum,outer out-of-fold AUROC,AUROC >= 0.60 after inner-AUROC component tuning,TRUE,-0.0464197530864198,-0.034074074074074,FALSE,FALSE,FALSE,FALSE
GigaSSL,oncogenic_pathway,READ,RTK RAS,0.681720430107527,0.601935483870968,0.844169070565058,10,0.725161290322581,0.869384735442897,0.627096774193548,0.48,0.774193548387097,0.837209302325582,0.380952380952381,0.707547169811321,0.707547169811321,0.651397849462366,0.786666666666667,0.516129032258065,0.797297297297297,0.5,0.66752688172043,0.786666666666667,0.548387096774194,0.808219178082192,0.515151515151515,13,10,16,0,0.664666666666667,12.4860914092129,oncogenic_pathway,SanchezVega2018_TableS4,106,75,31,20261207,pooled inner out-of-fold AUROC,pooled inner out-of-fold balanced-accuracy optimum,outer out-of-fold AUROC,AUROC >= 0.60 after inner-AUROC component tuning,TRUE,0.0434408602150537,0.0251612903225804,TRUE,TRUE,TRUE,TRUE
ProvGigaPath,oncogenic_pathway,READ,RTK RAS,0.551827956989247,0.50236559139785,0.783105956104249,10,0.503655913978495,0.753733816193629,0.53247311827957,0.613333333333333,0.451612903225806,0.73015873015873,0.325581395348837,0.707547169811321,0.707547169811321,0.487311827956989,0.813333333333333,0.161290322580645,0.701149425287356,0.263157894736842,0.471827956989247,0.653333333333333,0.290322580645161,0.690140845070423,0.257142857142857,8,1,12,0,0.688666666666667,2.06431485178914,oncogenic_pathway,SanchezVega2018_TableS4,106,75,31,20261207,pooled inner out-of-fold AUROC,pooled inner out-of-fold balanced-accuracy optimum,outer out-of-fold AUROC,AUROC >= 0.60 after inner-AUROC component tuning,TRUE,-0.0481720430107524,0.0301075268817199,FALSE,FALSE,FALSE,TRUE
TITAN,oncogenic_pathway,READ,RTK RAS,0.578924731182796,0.471827956989247,0.79426096579521,6,0.502365591397849,0.73404403140093,0.486881720430108,0.586666666666667,0.387096774193548,0.698412698412698,0.27906976744186,0.707547169811321,0.707547169811321,0.490107526881721,0.786666666666667,0.193548387096774,0.702380952380952,0.272727272727273,0.480215053763441,0.573333333333333,0.387096774193548,0.693548387096774,0.272727272727273,5,1,6,0,0.603333333333333,0.680166048552024,oncogenic_pathway,SanchezVega2018_TableS4,106,75,31,20261207,pooled inner out-of-fold AUROC,pooled inner out-of-fold balanced-accuracy optimum,outer out-of-fold AUROC,AUROC >= 0.60 after inner-AUROC component tuning,TRUE,-0.0765591397849466,0.0150537634408605,FALSE,FALSE,FALSE,TRUE
GigaSSL,oncogenic_pathway,READ,TGF-Beta,0.575714955461791,0.583919362400375,0.405619535650765,9,0.638068448195031,0.382775458745236,0.576183778715424,0.481481481481482,0.670886075949367,0.333333333333333,0.791044776119403,0.254716981132076,0.254716981132076,0.548288795124238,0.185185185185185,0.911392405063291,0.416666666666667,0.765957446808511,0.60056258790436,0.555555555555556,0.645569620253165,0.348837209302326,0.80952380952381,1,1,1,0,0.619047619047619,-0.525282260811788,oncogenic_pathway,SanchezVega2018_TableS4,106,27,79,20261208,pooled inner out-of-fold AUROC,pooled inner out-of-fold balanced-accuracy optimum,outer out-of-fold AUROC,AUROC >= 0.60 after inner-AUROC component tuning,TRUE,0.0623534927332395,-0.00773558368495075,FALSE,FALSE,TRUE,TRUE
ProvGigaPath,oncogenic_pathway,READ,TGF-Beta,0.550398499765588,0.559540553211439,0.331590462611622,3,0.677918424753868,0.399783759708082,0.593295827473043,0.62962962962963,0.556962025316456,0.326923076923077,0.814814814814815,0.254716981132076,0.254716981132076,0.634083450539147,0.407407407407407,0.860759493670886,0.5,0.80952380952381,0.607360525082044,0.518518518518519,0.69620253164557,0.368421052631579,0.808823529411765,1,1,1,0,0.659451659451659,-1.84762177237966,oncogenic_pathway,SanchezVega2018_TableS4,106,27,79,20261208,pooled inner out-of-fold AUROC,pooled inner out-of-fold balanced-accuracy optimum,outer out-of-fold AUROC,AUROC >= 0.60 after inner-AUROC component tuning,TRUE,0.12751992498828,0.0337552742616036,FALSE,FALSE,TRUE,TRUE
TITAN,oncogenic_pathway,READ,TGF-Beta,0.612751992498828,0.541490857946554,0.340926534081706,3,0.644163150492265,0.35883754212128,0.598687294889827,0.703703703703704,0.493670886075949,0.322033898305085,0.829787234042553,0.254716981132076,0.254716981132076,0.590717299578059,0.333333333333333,0.848101265822785,0.428571428571429,0.788235294117647,0.637599624941397,0.62962962962963,0.645569620253165,0.377777777777778,0.836065573770492,1,1,2,0,0.684051398337113,-1.51545947183104,oncogenic_pathway,SanchezVega2018_TableS4,106,27,79,20261208,pooled inner out-of-fold AUROC,pooled inner out-of-fold balanced-accuracy optimum,outer out-of-fold AUROC,AUROC >= 0.60 after inner-AUROC component tuning,TRUE,0.0314111579934365,0.0571964369432725,FALSE,FALSE,TRUE,TRUE
GigaSSL,oncogenic_pathway,SARC,Cell Cycle,0.5756381549485,0.563770712046574,0.690320580361724,6,0.592386923421406,0.7315404286715,0.597492163009404,0.558620689655172,0.636363636363636,0.743119266055046,0.433628318584071,0.653153153153153,0.653153153153153,0.539408866995074,0.793103448275862,0.285714285714286,0.676470588235294,0.423076923076923,0.554455888938648,0.641379310344828,0.467532467532468,0.694029850746269,0.409090909090909,1,1,4,0,0.655033370411568,0.802884683485314,oncogenic_pathway,SanchezVega2018_TableS4,222,145,77,20261209,pooled inner out-of-fold AUROC,pooled inner out-of-fold balanced-accuracy optimum,outer out-of-fold AUROC,AUROC >= 0.60 after inner-AUROC component tuning,TRUE,0.0167487684729062,0.0337214509628303,FALSE,FALSE,FALSE,TRUE
ProvGigaPath,oncogenic_pathway,SARC,Cell Cycle,0.560680698611733,0.543484102104792,0.696442315847867,2,0.645588893864756,0.768179323768665,0.598925212718316,0.496551724137931,0.701298701298701,0.757894736842105,0.425196850393701,0.653153153153153,0.653153153153153,0.526421854008061,0.793103448275862,0.25974025974026,0.668604651162791,0.4,0.631974921630094,0.627586206896552,0.636363636363636,0.764705882352941,0.475728155339806,1,1,1,0,0.634115319389486,0.952298556324384,oncogenic_pathway,SanchezVega2018_TableS4,222,145,77,20261209,pooled inner out-of-fold AUROC,pooled inner out-of-fold balanced-accuracy optimum,outer out-of-fold AUROC,AUROC >= 0.60 after inner-AUROC component tuning,TRUE,0.084908195253023,0.0554411106135242,FALSE,FALSE,TRUE,TRUE
TITAN,oncogenic_pathway,SARC,Cell Cycle,0.688580385132109,0.613479623824451,0.768981411323066,3,0.686609941782356,0.783776865469007,0.636229287953426,0.662068965517241,0.61038961038961,0.761904761904762,0.489583333333333,0.653153153153153,0.653153153153153,0.598253470667264,0.806896551724138,0.38961038961039,0.713414634146341,0.517241379310345,0.659964173757277,0.696551724137931,0.623376623376623,0.776923076923077,0.521739130434783,1,1,7,0,0.674499443826474,0.743385608788587,oncogenic_pathway,SanchezVega2018_TableS4,222,145,77,20261209,pooled inner out-of-fold AUROC,pooled inner out-of-fold balanced-accuracy optimum,outer out-of-fold AUROC,AUROC >= 0.60 after inner-AUROC component tuning,TRUE,-0.00197044334975338,0.0227496641289749,TRUE,TRUE,TRUE,TRUE
GigaSSL,oncogenic_pathway,SARC,HIPPO,0.562030456852792,0.484467005076142,0.139281624228914,6,0.597766497461929,0.135824779192915,0.61248730964467,0.56,0.66497461928934,0.175,0.922535211267606,0.112612612612613,0.112612612612613,0.479695431472081,0,0.959390862944162,0,0.883177570093458,0.557868020304569,0.4,0.715736040609137,0.151515151515152,0.903846153846154,1,1,4,0,0.674522292993631,-2.51001789336819,oncogenic_pathway,SanchezVega2018_TableS4,222,25,197,20261210,pooled inner out-of-fold AUROC,pooled inner out-of-fold balanced-accuracy optimum,outer out-of-fold AUROC,AUROC >= 0.60 after inner-AUROC component tuning,TRUE,0.0357360406091369,0.128020304568528,FALSE,TRUE,FALSE,TRUE
ProvGigaPath,oncogenic_pathway,SARC,HIPPO,0.535837563451777,0.489543147208122,0.131191027153873,9,0.632081218274112,0.159163392398494,0.591269035532995,0.68,0.50253807106599,0.147826086956522,0.925233644859813,0.112612612612613,0.112612612612613,0.49492385786802,0,0.989847715736041,0,0.886363636363636,0.60010152284264,0.52,0.680203045685279,0.171052631578947,0.917808219178082,1,1,1,0,0.635126582278481,-2.55992503490202,oncogenic_pathway,SanchezVega2018_TableS4,222,25,197,20261210,pooled inner out-of-fold AUROC,pooled inner out-of-fold balanced-accuracy optimum,outer out-of-fold AUROC,AUROC >= 0.60 after inner-AUROC component tuning,TRUE,0.0962436548223346,0.101725888324873,FALSE,FALSE,TRUE,TRUE
TITAN,oncogenic_pathway,SARC,HIPPO,0.582131979695432,0.526700507614213,0.140236377280645,14,0.616852791878173,0.157834534826094,0.663959390862944,0.8,0.527918781725888,0.176991150442478,0.954128440366972,0.112612612612613,0.112612612612613,0.507309644670051,0.04,0.974619289340102,0.166666666666667,0.888888888888889,0.604873096446701,0.56,0.649746192893401,0.168674698795181,0.920863309352518,1,1,19,0,0.670886075949367,-2.32901185276268,oncogenic_pathway,SanchezVega2018_TableS4,222,25,197,20261210,pooled inner out-of-fold AUROC,pooled inner out-of-fold balanced-accuracy optimum,outer out-of-fold AUROC,AUROC >= 0.60 after inner-AUROC component tuning,TRUE,0.0347208121827406,0.137258883248731,FALSE,TRUE,TRUE,TRUE
GigaSSL,oncogenic_pathway,SARC,NOTCH,0.514846743295019,0.455818965517241,0.21783682492868,2,0.537715517241379,0.233692632088927,0.527658045977011,0.6875,0.367816091954023,0.230769230769231,0.810126582278481,0.216216216216216,0.216216216216216,0.477729885057471,0.0416666666666667,0.913793103448276,0.117647058823529,0.775609756097561,0.552801724137931,0.479166666666667,0.626436781609195,0.261363636363636,0.813432835820896,1,1,14,0,0.577811435062476,-2.1753724184164,oncogenic_pathway,SanchezVega2018_TableS4,222,48,174,20261211,pooled inner out-of-fold AUROC,pooled inner out-of-fold balanced-accuracy optimum,outer out-of-fold AUROC,AUROC >= 0.60 after inner-AUROC component tuning,TRUE,0.0228687739463603,0.0718390804597705,FALSE,FALSE,FALSE,TRUE
ProvGigaPath,oncogenic_pathway,SARC,NOTCH,0.419899425287356,0.47808908045977,0.1950408045937,4,0.533524904214559,0.247994826309715,0.517241379310345,0.5,0.53448275862069,0.228571428571429,0.794871794871795,0.216216216216216,0.216216216216216,0.514727011494253,0.104166666666667,0.925287356321839,0.277777777777778,0.78921568627451,0.525502873563218,0.395833333333333,0.655172413793103,0.240506329113924,0.797202797202797,1,1,2,0,0.577937649880096,-1.68434644049594,oncogenic_pathway,SanchezVega2018_TableS4,222,48,174,20261211,pooled inner out-of-fold AUROC,pooled inner out-of-fold balanced-accuracy optimum,outer out-of-fold AUROC,AUROC >= 0.60 after inner-AUROC component tuning,TRUE,0.113625478927203,0.0391522988505748,FALSE,FALSE,FALSE,TRUE
TITAN,oncogenic_pathway,SARC,NOTCH,0.489104406130268,0.478807471264368,0.221638554186389,14,0.547174329501916,0.251971000067267,0.573275862068966,0.583333333333333,0.563218390804598,0.269230769230769,0.830508474576271,0.216216216216216,0.216216216216216,0.501436781609195,0.0833333333333333,0.919540229885057,0.222222222222222,0.784313725490196,0.548850574712644,0.5,0.597701149425287,0.25531914893617,0.8125,1,1,15,0,0.599015524422567,-1.50501709977727,oncogenic_pathway,SanchezVega2018_TableS4,222,48,174,20261211,pooled inner out-of-fold AUROC,pooled inner out-of-fold balanced-accuracy optimum,outer out-of-fold AUROC,AUROC >= 0.60 after inner-AUROC component tuning,TRUE,0.0580699233716477,0.0944683908045975,FALSE,FALSE,FALSE,TRUE
GigaSSL,oncogenic_pathway,SARC,PI3K,0.50383064516129,0.504838709677419,0.29512255912793,13,0.50070564516129,0.288105292534259,0.498588709677419,0.209677419354839,0.7875,0.276595744680851,0.72,0.279279279279279,0.279279279279279,0.503528225806452,0.225806451612903,0.78125,0.285714285714286,0.722543352601156,0.517540322580645,0.32258064516129,0.7125,0.303030303030303,0.730769230769231,13,2,20,1,0.57875,0.904867120849285,oncogenic_pathway,SanchezVega2018_TableS4,222,62,160,20261212,pooled inner out-of-fold AUROC,pooled inner out-of-fold balanced-accuracy optimum,outer out-of-fold AUROC,AUROC >= 0.60 after inner-AUROC component tuning,TRUE,-0.0031249999999996,-0.00624999999999965,FALSE,FALSE,FALSE,FALSE
ProvGigaPath,oncogenic_pathway,SARC,PI3K,0.465524193548387,0.480342741935484,0.266321079487256,4,0.457459677419355,0.260051040159818,0.474495967741936,0.467741935483871,0.48125,0.258928571428571,0.7,0.279279279279279,0.279279279279279,0.474092741935484,0.241935483870968,0.70625,0.241935483870968,0.70625,0.484173387096774,0.387096774193548,0.58125,0.263736263736264,0.709923664122137,2,2,19,0,0.512436224489796,-1.94786578723312,oncogenic_pathway,SanchezVega2018_TableS4,222,62,160,20261212,pooled inner out-of-fold AUROC,pooled inner out-of-fold balanced-accuracy optimum,outer out-of-fold AUROC,AUROC >= 0.60 after inner-AUROC component tuning,TRUE,-0.00806451612903214,-0.00584677419354851,FALSE,FALSE,FALSE,TRUE
TITAN,oncogenic_pathway,SARC,PI3K,0.501411290322581,0.455141129032258,0.299576598535155,5,0.488709677419355,0.302006250383522,0.467741935483871,0.435483870967742,0.5,0.252336448598131,0.695652173913044,0.279279279279279,0.279279279279279,0.460887096774194,0.0967741935483871,0.825,0.176470588235294,0.702127659574468,0.500302419354839,0.419354838709677,0.58125,0.279569892473118,0.72093023255814,2,1,20,1,0.5521875,-1.09106347823791,oncogenic_pathway,SanchezVega2018_TableS4,222,62,160,20261212,pooled inner out-of-fold AUROC,pooled inner out-of-fold balanced-accuracy optimum,outer out-of-fold AUROC,AUROC >= 0.60 after inner-AUROC component tuning,TRUE,-0.0127016129032262,0.012600806451613,FALSE,FALSE,FALSE,TRUE
GigaSSL,oncogenic_pathway,SARC,RTK RAS,0.589175786593707,0.605078659370725,0.443141140924745,5,0.600205198358413,0.456779931660595,0.544972640218878,0.604651162790698,0.485294117647059,0.426229508196721,0.66,0.387387387387387,0.387387387387387,0.600205198358413,0.465116279069768,0.735294117647059,0.526315789473684,0.684931506849315,0.586012311901505,0.627906976744186,0.544117647058824,0.46551724137931,0.69811320754717,2,1,5,0,0.585648148148148,-0.38526755407905,oncogenic_pathway,SanchezVega2018_TableS4,222,86,136,20261213,pooled inner out-of-fold AUROC,pooled inner out-of-fold balanced-accuracy optimum,outer out-of-fold AUROC,AUROC >= 0.60 after inner-AUROC component tuning,TRUE,0.0110294117647062,-0.0601060191518468,TRUE,FALSE,TRUE,TRUE
ProvGigaPath,oncogenic_pathway,SARC,RTK RAS,0.587722298221614,0.594049247606019,0.463526151423707,4,0.602171682626539,0.503606750181053,0.589090287277702,0.604651162790698,0.573529411764706,0.472727272727273,0.696428571428571,0.387387387387387,0.387387387387387,0.606019151846785,0.476744186046512,0.735294117647059,0.532467532467532,0.689655172413793,0.574384404924761,0.604651162790698,0.544117647058824,0.456140350877193,0.685185185185185,1,1,4,0,0.604042015689403,-0.458201828336427,oncogenic_pathway,SanchezVega2018_TableS4,222,86,136,20261213,pooled inner out-of-fold AUROC,pooled inner out-of-fold balanced-accuracy optimum,outer out-of-fold AUROC,AUROC >= 0.60 after inner-AUROC component tuning,TRUE,0.0144493844049249,-0.00495896032831722,FALSE,FALSE,TRUE,TRUE
TITAN,oncogenic_pathway,SARC,RTK RAS,0.668946648426813,0.620126538987688,0.521968111077416,1,0.668946648426813,0.521968111077416,0.6531292749658,0.593023255813954,0.713235294117647,0.566666666666667,0.734848484848485,0.387387387387387,0.387387387387387,0.620126538987688,0.453488372093023,0.786764705882353,0.573529411764706,0.694805194805195,0.65124829001368,0.662790697674419,0.639705882352941,0.537735849056604,0.75,1,1,1,0,0.6635348583878,-0.230168857375607,oncogenic_pathway,SanchezVega2018_TableS4,222,86,136,20261213,pooled inner out-of-fold AUROC,pooled inner out-of-fold balanced-accuracy optimum,outer out-of-fold AUROC,AUROC >= 0.60 after inner-AUROC component tuning,TRUE,-3.33066907387547e-16,0.0330027359781123,TRUE,TRUE,TRUE,FALSE
GigaSSL,oncogenic_pathway,SARC,TP53,0.648431867339582,0.602289113193944,0.75182071025709,2,0.664744051910598,0.763802478364559,0.64554794520548,0.541095890410959,0.75,0.806122448979592,0.459677419354839,0.657657657657658,0.657657657657658,0.583093006488825,0.876712328767123,0.289473684210526,0.703296703296703,0.55,0.605082912761356,0.657534246575342,0.552631578947369,0.738461538461539,0.456521739130435,1,1,1,0,0.643827938909906,1.01992193074178,oncogenic_pathway,SanchezVega2018_TableS4,222,146,76,20261214,pooled inner out-of-fold AUROC,pooled inner out-of-fold balanced-accuracy optimum,outer out-of-fold AUROC,AUROC >= 0.60 after inner-AUROC component tuning,TRUE,0.0163121845710164,0.0432588320115356,TRUE,TRUE,TRUE,TRUE
ProvGigaPath,oncogenic_pathway,SARC,TP53,0.60697548666186,0.565428983417448,0.748386729493177,2,0.574080749819755,0.721772734171013,0.541366258111031,0.595890410958904,0.486842105263158,0.690476190476191,0.385416666666667,0.657657657657658,0.657657657657658,0.581741167988464,0.808219178082192,0.355263157894737,0.706586826347305,0.490909090909091,0.565068493150685,0.63013698630137,0.5,0.707692307692308,0.41304347826087,2,1,8,0,0.632758620689655,0.88219179637033,oncogenic_pathway,SanchezVega2018_TableS4,222,146,76,20261214,pooled inner out-of-fold AUROC,pooled inner out-of-fold balanced-accuracy optimum,outer out-of-fold AUROC,AUROC >= 0.60 after inner-AUROC component tuning,TRUE,-0.0328947368421051,-0.024062725306417,FALSE,FALSE,FALSE,FALSE
TITAN,oncogenic_pathway,SARC,TP53,0.569304253785148,0.591744772891132,0.680153170341634,1,0.641041816870945,0.720932705796857,0.622206200432588,0.691780821917808,0.552631578947369,0.748148148148148,0.482758620689655,0.657657657657658,0.657657657657658,0.63914924297044,0.883561643835616,0.394736842105263,0.737142857142857,0.638297872340426,0.616167988464311,0.719178082191781,0.513157894736842,0.73943661971831,0.4875,2,2,4,0,0.706739526411658,0.660448113897807,oncogenic_pathway,SanchezVega2018_TableS4,222,146,76,20261214,pooled inner out-of-fold AUROC,pooled inner out-of-fold balanced-accuracy optimum,outer out-of-fold AUROC,AUROC >= 0.60 after inner-AUROC component tuning,TRUE,0.0717375630857965,0.0304614275414563,FALSE,TRUE,TRUE,TRUE
GigaSSL,oncogenic_pathway,SARC,WNT,0.399013157894737,0.471052631578947,0.117367436912269,4,0.378618421052632,0.113015623180149,0.392269736842105,0.46875,0.315789473684211,0.103448275862069,0.779220779220779,0.144144144144144,0.144144144144144,0.45,0,0.9,0,0.842364532019704,0.388651315789474,0.15625,0.621052631578947,0.0649350649350649,0.813793103448276,1,1,20,2,0.527368421052632,-2.61550994472329,oncogenic_pathway,SanchezVega2018_TableS4,222,32,190,20261215,pooled inner out-of-fold AUROC,pooled inner out-of-fold balanced-accuracy optimum,outer out-of-fold AUROC,AUROC >= 0.60 after inner-AUROC component tuning,TRUE,-0.0203947368421054,-0.0787828947368418,FALSE,FALSE,FALSE,TRUE
ProvGigaPath,oncogenic_pathway,SARC,WNT,0.417927631578947,0.442105263157895,0.119338273413194,3,0.445065789473684,0.135482002450377,0.394901315789474,0.46875,0.321052631578947,0.104166666666667,0.782051282051282,0.144144144144144,0.144144144144144,0.481414473684211,0.03125,0.931578947368421,0.0714285714285714,0.850961538461539,0.466776315789474,0.3125,0.621052631578947,0.121951219512195,0.842857142857143,1,1,20,1,0.519473684210526,-3.06280542458397,oncogenic_pathway,SanchezVega2018_TableS4,222,32,190,20261215,pooled inner out-of-fold AUROC,pooled inner out-of-fold balanced-accuracy optimum,outer out-of-fold AUROC,AUROC >= 0.60 after inner-AUROC component tuning,TRUE,0.0271381578947372,-0.0472039473684213,FALSE,FALSE,FALSE,TRUE
TITAN,oncogenic_pathway,SARC,WNT,0.479440789473684,0.468256578947368,0.145417274744999,3,0.521217105263158,0.185581549656006,0.469078947368421,0.375,0.563157894736842,0.126315789473684,0.84251968503937,0.144144144144144,0.144144144144144,0.497203947368421,0.03125,0.963157894736842,0.125,0.855140186915888,0.503453947368421,0.34375,0.663157894736842,0.146666666666667,0.857142857142857,1,1,3,0,0.606275303643725,-2.24529769518427,oncogenic_pathway,SanchezVega2018_TableS4,222,32,190,20261215,pooled inner out-of-fold AUROC,pooled inner out-of-fold balanced-accuracy optimum,outer out-of-fold AUROC,AUROC >= 0.60 after inner-AUROC component tuning,TRUE,0.0417763157894739,0.000822368421053044,FALSE,FALSE,FALSE,TRUE
GigaSSL,oncogenic_pathway,STAD,Cell Cycle,0.614943636188458,0.547981501108007,0.744063086787577,1,0.639319780325658,0.755822548382815,0.614172849022064,0.785046728971963,0.443298969072165,0.756756756756757,0.48314606741573,0.688102893890675,0.688102893890675,0.576500626264573,0.91588785046729,0.237113402061856,0.725925925925926,0.560975609756098,0.611571442335485,0.635514018691589,0.587628865979382,0.772727272727273,0.422222222222222,1,1,1,0,0.638101664417454,0.442051096091283,oncogenic_pathway,SanchezVega2018_TableS4,311,214,97,20261216,pooled inner out-of-fold AUROC,pooled inner out-of-fold balanced-accuracy optimum,outer out-of-fold AUROC,AUROC >= 0.60 after inner-AUROC component tuning,TRUE,0.0243761441371996,0.0661913479140567,FALSE,TRUE,TRUE,FALSE
ProvGigaPath,oncogenic_pathway,STAD,Cell Cycle,0.568118315830041,0.543115907120146,0.750697434947266,16,0.60487522882744,0.750160162991064,0.581607091241931,0.616822429906542,0.54639175257732,0.75,0.392592592592593,0.688102893890675,0.688102893890675,0.561590712014645,0.855140186915888,0.268041237113402,0.720472440944882,0.456140350877193,0.587171211099335,0.658878504672897,0.515463917525773,0.75,0.40650406504065,1,1,10,0,0.65892002734108,0.874999348278925,oncogenic_pathway,SanchezVega2018_TableS4,311,214,97,20261216,pooled inner out-of-fold AUROC,pooled inner out-of-fold balanced-accuracy optimum,outer out-of-fold AUROC,AUROC >= 0.60 after inner-AUROC component tuning,TRUE,0.036756912997399,0.0384911841217848,FALSE,FALSE,TRUE,TRUE
TITAN,oncogenic_pathway,STAD,Cell Cycle,0.608247422680412,0.600419115521727,0.726489889647539,1,0.553762404855959,0.697464236072372,0.581390307351383,0.771028037383178,0.391752577319588,0.736607142857143,0.436781609195402,0.688102893890675,0.688102893890675,0.577054629540418,0.855140186915888,0.298969072164948,0.729083665338646,0.483333333333333,0.583871278543212,0.672897196261682,0.494845360824742,0.746113989637306,0.406779661016949,3,1,6,0,0.637726795621532,0.447375154724505,oncogenic_pathway,SanchezVega2018_TableS4,311,214,97,20261216,pooled inner out-of-fold AUROC,pooled inner out-of-fold balanced-accuracy optimum,outer out-of-fold AUROC,AUROC >= 0.60 after inner-AUROC component tuning,TRUE,-0.0544850178244528,-0.0190288081703444,TRUE,FALSE,FALSE,TRUE
GigaSSL,oncogenic_pathway,STAD,HIPPO,0.664884135472371,0.622727272727273,0.347967270780104,6,0.70992275698158,0.381647365604427,0.652673796791444,0.681818181818182,0.623529411764706,0.319148936170213,0.883333333333333,0.205607476635514,0.205607476635514,0.623529411764706,0.333333333333333,0.913725490196078,0.5,0.84115523465704,0.666310160427807,0.575757575757576,0.756862745098039,0.38,0.873303167420815,4,3,4,0,0.734276729559749,-1.97649963685506,oncogenic_pathway,SanchezVega2018_TableS4,321,66,255,20261217,pooled inner out-of-fold AUROC,pooled inner out-of-fold balanced-accuracy optimum,outer out-of-fold AUROC,AUROC >= 0.60 after inner-AUROC component tuning,TRUE,0.0450386215092095,0.0299465240641708,TRUE,TRUE,TRUE,TRUE
ProvGigaPath,oncogenic_pathway,STAD,HIPPO,0.614676173499703,0.588235294117647,0.296416321247073,8,0.635531788472965,0.333222510721256,0.645900178253119,0.621212121212121,0.670588235294118,0.328,0.872448979591837,0.205607476635514,0.205607476635514,0.628877005347594,0.363636363636364,0.894117647058824,0.470588235294118,0.844444444444445,0.623083778966132,0.46969696969697,0.776470588235294,0.352272727272727,0.849785407725322,3,3,7,0,0.725305216426193,-2.19370056378236,oncogenic_pathway,SanchezVega2018_TableS4,321,66,255,20261217,pooled inner out-of-fold AUROC,pooled inner out-of-fold balanced-accuracy optimum,outer out-of-fold AUROC,AUROC >= 0.60 after inner-AUROC component tuning,TRUE,0.0208556149732619,0.0576648841354724,FALSE,TRUE,TRUE,TRUE
TITAN,oncogenic_pathway,STAD,HIPPO,0.638799762329174,0.582887700534759,0.330754987000826,8,0.661794414735591,0.386729403619841,0.645632798573975,0.636363636363636,0.654901960784314,0.323076923076923,0.87434554973822,0.205607476635514,0.205607476635514,0.587878787878788,0.242424242424242,0.933333333333333,0.484848484848485,0.826388888888889,0.642780748663102,0.575757575757576,0.709803921568628,0.339285714285714,0.866028708133971,3,1,6,0,0.716241213466519,-1.38421673179024,oncogenic_pathway,SanchezVega2018_TableS4,321,66,255,20261217,pooled inner out-of-fold AUROC,pooled inner out-of-fold balanced-accuracy optimum,outer out-of-fold AUROC,AUROC >= 0.60 after inner-AUROC component tuning,TRUE,0.0229946524064172,0.062745098039216,FALSE,TRUE,TRUE,TRUE
GigaSSL,oncogenic_pathway,STAD,MYC,0.458246636149258,0.505097794423637,0.196304024358077,4,0.545776113191844,0.19850596235329,0.526425301706201,0.62962962962963,0.423220973782772,0.180851063829787,0.849624060150376,0.168224299065421,0.168224299065421,0.49812734082397,0,0.99625468164794,0,0.83125,0.545880149812734,0.5,0.591760299625468,0.198529411764706,0.854054054054054,1,1,2,0,0.570093457943925,-1.95123143944849,oncogenic_pathway,SanchezVega2018_TableS4,321,54,267,20261218,pooled inner out-of-fold AUROC,pooled inner out-of-fold balanced-accuracy optimum,outer out-of-fold AUROC,AUROC >= 0.60 after inner-AUROC component tuning,TRUE,0.0875294770425855,0.0213275072825636,FALSE,FALSE,FALSE,TRUE
ProvGigaPath,oncogenic_pathway,STAD,MYC,0.503121098626717,0.486267166042447,0.188969224612607,11,0.587113330559023,0.241425248271549,0.485642946317104,0.555555555555556,0.415730337078652,0.161290322580645,0.822222222222222,0.168224299065421,0.168224299065421,0.513836870578444,0.203703703703704,0.823970037453184,0.189655172413793,0.836501901140684,0.546816479400749,0.333333333333333,0.760299625468165,0.219512195121951,0.849372384937239,19,2,20,2,0.547381004129537,-35.3131024027114,oncogenic_pathway,SanchezVega2018_TableS4,321,54,267,20261218,pooled inner out-of-fold AUROC,pooled inner out-of-fold balanced-accuracy optimum,outer out-of-fold AUROC,AUROC >= 0.60 after inner-AUROC component tuning,TRUE,0.0839922319323065,-0.000624219725343378,FALSE,FALSE,FALSE,TRUE
TITAN,oncogenic_pathway,STAD,MYC,0.524691358024691,0.495630461922597,0.195302955294421,6,0.537799972256901,0.202694055961358,0.508426966292135,0.5,0.51685393258427,0.173076923076923,0.836363636363636,0.168224299065421,0.168224299065421,0.518102372034956,0.111111111111111,0.925093632958801,0.230769230769231,0.83728813559322,0.5,0.333333333333333,0.666666666666667,0.168224299065421,0.831775700934579,7,1,10,0,0.578010699858063,-2.02978198322287,oncogenic_pathway,SanchezVega2018_TableS4,321,54,267,20261218,pooled inner out-of-fold AUROC,pooled inner out-of-fold balanced-accuracy optimum,outer out-of-fold AUROC,AUROC >= 0.60 after inner-AUROC component tuning,TRUE,0.0131086142322101,0.0127965043695378,FALSE,FALSE,FALSE,TRUE
GigaSSL,oncogenic_pathway,STAD,NOTCH,0.619282253428595,0.61850209411185,0.492487173266543,2,0.633530426213353,0.502599869392748,0.616777531411678,0.536585365853659,0.696969696969697,0.523809523809524,0.707692307692308,0.383177570093458,0.383177570093458,0.609817689085982,0.40650406504065,0.813131313131313,0.574712643678161,0.688034188034188,0.626016260162602,0.585365853658537,0.666666666666667,0.521739130434783,0.721311475409836,2,1,3,0,0.64376130198915,-0.218864271685222,oncogenic_pathway,SanchezVega2018_TableS4,321,123,198,20261219,pooled inner out-of-fold AUROC,pooled inner out-of-fold balanced-accuracy optimum,outer out-of-fold AUROC,AUROC >= 0.60 after inner-AUROC component tuning,TRUE,0.0142481727847581,-0.00172456270017218,TRUE,TRUE,TRUE,FALSE
ProvGigaPath,oncogenic_pathway,STAD,NOTCH,0.679929375051326,0.643446661739345,0.574314638635195,4,0.687730968218773,0.601038040232671,0.642707563439271,0.59349593495935,0.691919191919192,0.544776119402985,0.732620320855615,0.383177570093458,0.383177570093458,0.646526237989653,0.520325203252033,0.772727272727273,0.587155963302752,0.721698113207547,0.63919684651392,0.601626016260163,0.676767676767677,0.536231884057971,0.73224043715847,3,3,7,0,0.690325497287523,-0.51805329510438,oncogenic_pathway,SanchezVega2018_TableS4,321,123,198,20261219,pooled inner out-of-fold AUROC,pooled inner out-of-fold balanced-accuracy optimum,outer out-of-fold AUROC,AUROC >= 0.60 after inner-AUROC component tuning,TRUE,0.00780159316744711,-0.000739098300074237,TRUE,TRUE,TRUE,TRUE
TITAN,oncogenic_pathway,STAD,NOTCH,0.683173195368317,0.646526237989653,0.550870640689928,2,0.708959513837563,0.614887251159185,0.652808573540281,0.59349593495935,0.712121212121212,0.561538461538462,0.738219895287958,0.383177570093458,0.383177570093458,0.675843803892584,0.528455284552846,0.823232323232323,0.65,0.737556561085973,0.641722099039172,0.601626016260163,0.681818181818182,0.54014598540146,0.733695652173913,2,2,3,0,0.68813925417699,-0.1926469138435,oncogenic_pathway,SanchezVega2018_TableS4,321,123,198,20261219,pooled inner out-of-fold AUROC,pooled inner out-of-fold balanced-accuracy optimum,outer out-of-fold AUROC,AUROC >= 0.60 after inner-AUROC component tuning,TRUE,0.0257863184692456,0.00628233555062785,TRUE,TRUE,TRUE,FALSE
GigaSSL,oncogenic_pathway,STAD,PI3K,0.518727345952477,0.499073701167942,0.417766725555194,5,0.55606121627064,0.439382796614368,0.552637937978252,0.723076923076923,0.382198952879581,0.443396226415094,0.669724770642202,0.404984423676012,0.404984423676012,0.514458316552557,0.369230769230769,0.659685863874346,0.424778761061947,0.605769230769231,0.509806685461136,0.438461538461539,0.581151832460733,0.416058394160584,0.603260869565217,5,2,8,0,0.621040723981901,-1.2591916326746,oncogenic_pathway,SanchezVega2018_TableS4,321,130,191,20261220,pooled inner out-of-fold AUROC,pooled inner out-of-fold balanced-accuracy optimum,outer out-of-fold AUROC,AUROC >= 0.60 after inner-AUROC component tuning,TRUE,0.0373338703181633,0.0535642368103101,FALSE,FALSE,FALSE,FALSE
ProvGigaPath,oncogenic_pathway,STAD,PI3K,0.583890455094644,0.562162706403544,0.476237975485956,3,0.608860249697946,0.515957571943637,0.583145388642771,0.684615384615385,0.481675392670157,0.473404255319149,0.691729323308271,0.404984423676012,0.404984423676012,0.572633910592026,0.438461538461539,0.706806282722513,0.504424778761062,0.649038461538462,0.572573499798631,0.569230769230769,0.575916230366492,0.47741935483871,0.662650602409639,2,1,3,0,0.646002024291498,-0.94118027171947,oncogenic_pathway,SanchezVega2018_TableS4,321,130,191,20261220,pooled inner out-of-fold AUROC,pooled inner out-of-fold balanced-accuracy optimum,outer out-of-fold AUROC,AUROC >= 0.60 after inner-AUROC component tuning,TRUE,0.0249697946033021,0.0209826822392268,FALSE,FALSE,TRUE,TRUE
TITAN,oncogenic_pathway,STAD,PI3K,0.578413209826822,0.557994361659283,0.49039521029194,6,0.67933950865888,0.543248761827641,0.650080547724527,0.792307692307692,0.507853403141361,0.522842639593909,0.782258064516129,0.404984423676012,0.404984423676012,0.608960934353604,0.469230769230769,0.74869109947644,0.559633027522936,0.674528301886793,0.637213048731374,0.646153846153846,0.628272251308901,0.541935483870968,0.72289156626506,2,2,2,0,0.65560583207642,-0.752591324199904,oncogenic_pathway,SanchezVega2018_TableS4,321,130,191,20261220,pooled inner out-of-fold AUROC,pooled inner out-of-fold balanced-accuracy optimum,outer out-of-fold AUROC,AUROC >= 0.60 after inner-AUROC component tuning,TRUE,0.100926298832058,0.0920861860652439,FALSE,TRUE,TRUE,TRUE
GigaSSL,oncogenic_pathway,STAD,RTK RAS,0.599647266313933,0.575396825396825,0.677996956060907,7,0.594436427769761,0.676927436555691,0.549723424723425,0.576719576719577,0.522727272727273,0.633720930232558,0.463087248322148,0.588785046728972,0.588785046728972,0.573893698893699,0.64021164021164,0.507575757575758,0.650537634408602,0.496296296296296,0.600108225108225,0.571428571428571,0.628787878787879,0.687898089171975,0.50609756097561,3,2,10,0,0.62090367428004,0.229814518405058,oncogenic_pathway,SanchezVega2018_TableS4,321,189,132,20261221,pooled inner out-of-fold AUROC,pooled inner out-of-fold balanced-accuracy optimum,outer out-of-fold AUROC,AUROC >= 0.60 after inner-AUROC component tuning,TRUE,-0.00521083854417181,-0.0256734006734003,FALSE,FALSE,FALSE,TRUE
ProvGigaPath,oncogenic_pathway,STAD,RTK RAS,0.614357864357864,0.583333333333333,0.661866268655036,7,0.636764470097804,0.680722373514472,0.567159692159692,0.566137566137566,0.568181818181818,0.652439024390244,0.477707006369427,0.588785046728972,0.588785046728972,0.612073112073112,0.708994708994709,0.515151515151515,0.676767676767677,0.552845528455285,0.599266474266474,0.645502645502646,0.553030303030303,0.674033149171271,0.521428571428571,5,3,8,0,0.656512141280353,0.80005230414725,oncogenic_pathway,SanchezVega2018_TableS4,321,189,132,20261221,pooled inner out-of-fold AUROC,pooled inner out-of-fold balanced-accuracy optimum,outer out-of-fold AUROC,AUROC >= 0.60 after inner-AUROC component tuning,TRUE,0.0224066057399395,-0.0161736411736408,FALSE,FALSE,TRUE,TRUE
TITAN,oncogenic_pathway,STAD,RTK RAS,0.613796697130031,0.571188071188071,0.676671511990423,3,0.66029341029341,0.722485894173522,0.630411255411255,0.571428571428571,0.689393939393939,0.724832214765101,0.529069767441861,0.588785046728972,0.588785046728972,0.596560846560847,0.693121693121693,0.5,0.66497461928934,0.532258064516129,0.628487253487253,0.597883597883598,0.659090909090909,0.715189873417722,0.533742331288344,3,3,4,0,0.669063386944182,0.690384434815548,oncogenic_pathway,SanchezVega2018_TableS4,321,189,132,20261221,pooled inner out-of-fold AUROC,pooled inner out-of-fold balanced-accuracy optimum,outer out-of-fold AUROC,AUROC >= 0.60 after inner-AUROC component tuning,TRUE,0.0464967131633792,0.0592231842231844,FALSE,TRUE,TRUE,FALSE
GigaSSL,oncogenic_pathway,STAD,TGF-Beta,0.593180937621077,0.530075552111585,0.325932093735231,5,0.662776055792329,0.391210777501696,0.637955249903138,0.685393258426966,0.59051724137931,0.391025641025641,0.83030303030303,0.277258566978193,0.277258566978193,0.555937621077102,0.258426966292135,0.853448275862069,0.403508771929825,0.75,0.628341728012398,0.584269662921348,0.672413793103448,0.40625,0.808290155440415,3,3,4,0,0.672640382317802,-1.2728482908177,oncogenic_pathway,SanchezVega2018_TableS4,321,89,232,20261222,pooled inner out-of-fold AUROC,pooled inner out-of-fold balanced-accuracy optimum,outer out-of-fold AUROC,AUROC >= 0.60 after inner-AUROC component tuning,TRUE,0.0695951181712515,0.107879697791553,FALSE,TRUE,TRUE,TRUE
ProvGigaPath,oncogenic_pathway,STAD,TGF-Beta,0.566350251840372,0.559012979465324,0.32926107463697,5,0.605482371173964,0.358250245754888,0.584778186749322,0.561797752808989,0.607758620689655,0.354609929078014,0.783333333333333,0.277258566978193,0.277258566978193,0.564170864006199,0.292134831460674,0.836206896551724,0.40625,0.754863813229572,0.573009492444789,0.460674157303371,0.685344827586207,0.359649122807018,0.768115942028986,3,3,4,0,0.651956391875747,-1.56771310903302,oncogenic_pathway,SanchezVega2018_TableS4,321,89,232,20261222,pooled inner out-of-fold AUROC,pooled inner out-of-fold balanced-accuracy optimum,outer out-of-fold AUROC,AUROC >= 0.60 after inner-AUROC component tuning,TRUE,0.0391321193335915,0.025765207283998,FALSE,FALSE,TRUE,TRUE
TITAN,oncogenic_pathway,STAD,TGF-Beta,0.635703215807826,0.571944013948082,0.4031871647818,4,0.685247965904688,0.423721752848554,0.626864587369237,0.775280898876405,0.478448275862069,0.363157894736842,0.847328244274809,0.277258566978193,0.277258566978193,0.579644517628826,0.258426966292135,0.900862068965517,0.5,0.76,0.630496900426191,0.584269662921348,0.676724137931035,0.409448818897638,0.809278350515464,2,1,2,0,0.701180053292729,-1.57243899500652,oncogenic_pathway,SanchezVega2018_TableS4,321,89,232,20261222,pooled inner out-of-fold AUROC,pooled inner out-of-fold balanced-accuracy optimum,outer out-of-fold AUROC,AUROC >= 0.60 after inner-AUROC component tuning,TRUE,0.0495447500968621,0.0549205734211546,FALSE,TRUE,TRUE,TRUE
GigaSSL,oncogenic_pathway,STAD,TP53,0.604176516942474,0.587706855791962,0.634070727829976,4,0.609810874704492,0.638785721246514,0.575177304964539,0.533333333333333,0.617021276595745,0.64,0.508771929824562,0.560747663551402,0.560747663551402,0.585106382978723,0.666666666666667,0.50354609929078,0.631578947368421,0.541984732824428,0.571808510638298,0.583333333333333,0.560283687943262,0.62874251497006,0.512987012987013,3,3,14,0,0.666851032448378,0.461097395339106,oncogenic_pathway,SanchezVega2018_TableS4,321,180,141,20261223,pooled inner out-of-fold AUROC,pooled inner out-of-fold balanced-accuracy optimum,outer out-of-fold AUROC,AUROC >= 0.60 after inner-AUROC component tuning,TRUE,0.00563435776201771,-0.012529550827423,FALSE,FALSE,TRUE,TRUE
ProvGigaPath,oncogenic_pathway,STAD,TP53,0.683845547675335,0.647872340425532,0.726880023812687,4,0.676595744680851,0.712531678906177,0.637293144208038,0.494444444444445,0.780141843971631,0.741666666666667,0.54726368159204,0.560747663551402,0.560747663551402,0.648345153664303,0.722222222222222,0.574468085106383,0.68421052631579,0.618320610687023,0.66081560283688,0.683333333333333,0.638297872340426,0.706896551724138,0.612244897959184,4,3,4,0,0.667035398230089,0.821361582928897,oncogenic_pathway,SanchezVega2018_TableS4,321,180,141,20261223,pooled inner out-of-fold AUROC,pooled inner out-of-fold balanced-accuracy optimum,outer out-of-fold AUROC,AUROC >= 0.60 after inner-AUROC component tuning,TRUE,-0.00724980299448397,-0.0105791962174941,TRUE,TRUE,TRUE,FALSE
TITAN,oncogenic_pathway,STAD,TP53,0.647675334909378,0.599763593380615,0.682606526980592,3,0.632190701339638,0.667542386358557,0.597695035460993,0.55,0.645390070921986,0.664429530201342,0.529069767441861,0.560747663551402,0.560747663551402,0.579550827423168,0.655555555555556,0.50354609929078,0.627659574468085,0.533834586466166,0.592789598108747,0.611111111111111,0.574468085106383,0.647058823529412,0.536423841059603,3,1,6,0,0.688667649950836,0.42562973136365,oncogenic_pathway,SanchezVega2018_TableS4,321,180,141,20261223,pooled inner out-of-fold AUROC,pooled inner out-of-fold balanced-accuracy optimum,outer out-of-fold AUROC,AUROC >= 0.60 after inner-AUROC component tuning,TRUE,-0.0154846335697405,-0.00206855791962213,FALSE,FALSE,TRUE,FALSE
GigaSSL,oncogenic_pathway,STAD,WNT,0.590423311346748,0.552350338148117,0.473998319115921,7,0.605118143107623,0.468661005253839,0.567650496785506,0.652542372881356,0.482758620689655,0.423076923076923,0.705035971223022,0.367601246105919,0.367601246105919,0.554709025632462,0.296610169491525,0.812807881773399,0.479452054794521,0.665322580645161,0.581134674793354,0.516949152542373,0.645320197044335,0.458646616541353,0.696808510638298,2,1,7,0,0.654320987654321,-1.03223569514938,oncogenic_pathway,SanchezVega2018_TableS4,321,118,203,20261224,pooled inner out-of-fold AUROC,pooled inner out-of-fold balanced-accuracy optimum,outer out-of-fold AUROC,AUROC >= 0.60 after inner-AUROC component tuning,TRUE,0.0146948317608749,0.0153001586373887,FALSE,FALSE,TRUE,TRUE
ProvGigaPath,oncogenic_pathway,STAD,WNT,0.648492944810888,0.631481172246806,0.502967872471587,5,0.648576438173165,0.510981591326517,0.604888536361359,0.61864406779661,0.591133004926109,0.467948717948718,0.727272727272727,0.367601246105919,0.367601246105919,0.600734741588044,0.457627118644068,0.74384236453202,0.509433962264151,0.702325581395349,0.609021457794105,0.567796610169492,0.650246305418719,0.485507246376812,0.721311475409836,3,3,5,0,0.680981595092025,-0.790377460118231,oncogenic_pathway,SanchezVega2018_TableS4,321,118,203,20261224,pooled inner out-of-fold AUROC,pooled inner out-of-fold balanced-accuracy optimum,outer out-of-fold AUROC,AUROC >= 0.60 after inner-AUROC component tuning,TRUE,8.34933622771983e-05,-0.0265926358854467,TRUE,TRUE,TRUE,TRUE
TITAN,oncogenic_pathway,STAD,WNT,0.633046672789513,0.577774066961677,0.481397205879419,3,0.698421975452952,0.525562475890664,0.639475661684896,0.677966101694915,0.600985221674877,0.496894409937888,0.7625,0.367601246105919,0.367601246105919,0.623194456040745,0.423728813559322,0.822660098522167,0.581395348837209,0.710638297872341,0.638390247975286,0.661016949152542,0.61576354679803,0.5,0.757575757575758,1,1,2,0,0.709331611236681,-0.708601616938676,oncogenic_pathway,SanchezVega2018_TableS4,321,118,203,20261224,pooled inner out-of-fold AUROC,pooled inner out-of-fold balanced-accuracy optimum,outer out-of-fold AUROC,AUROC >= 0.60 after inner-AUROC component tuning,TRUE,0.0653753026634385,0.061701594723219,FALSE,TRUE,TRUE,TRUE
GigaSSL,oncogenic_pathway,TGCT,RTK RAS,0.606949646275489,0.637952559300874,0.496600021889379,1,0.609654598418643,0.497785730423801,0.641281731169372,0.518518518518519,0.764044943820225,0.571428571428571,0.723404255319149,0.377622377622378,0.377622377622378,0.647211818560133,0.462962962962963,0.831460674157303,0.625,0.718446601941748,0.635663753641282,0.518518518518519,0.752808988764045,0.56,0.720430107526882,1,1,17,0,0.712414018997707,-0.459422640222413,oncogenic_pathway,SanchezVega2018_TableS4,143,54,89,20261225,pooled inner out-of-fold AUROC,pooled inner out-of-fold balanced-accuracy optimum,outer out-of-fold AUROC,AUROC >= 0.60 after inner-AUROC component tuning,TRUE,0.00270495214315436,0.00332917186849757,TRUE,TRUE,TRUE,FALSE
ProvGigaPath,oncogenic_pathway,TGCT,RTK RAS,0.702871410736579,0.639617145235123,0.53528908184649,2,0.673949230129005,0.563781928034004,0.648252184769039,0.611111111111111,0.685393258426966,0.540983606557377,0.74390243902439,0.377622377622378,0.377622377622378,0.632022471910112,0.5,0.764044943820225,0.5625,0.715789473684211,0.65220557636288,0.574074074074074,0.730337078651685,0.563636363636364,0.738636363636364,4,2,6,0,0.729773992793973,-0.884811688062159,oncogenic_pathway,SanchezVega2018_TableS4,143,54,89,20261225,pooled inner out-of-fold AUROC,pooled inner out-of-fold balanced-accuracy optimum,outer out-of-fold AUROC,AUROC >= 0.60 after inner-AUROC component tuning,TRUE,-0.0289221806075736,0.00863503953391576,TRUE,TRUE,TRUE,TRUE
TITAN,oncogenic_pathway,TGCT,RTK RAS,0.657511444028298,0.637640449438202,0.510677066111948,2,0.679359134415314,0.522439461357063,0.63899292550978,0.592592592592593,0.685393258426966,0.533333333333333,0.734939759036145,0.377622377622378,0.377622377622378,0.646899708697462,0.518518518518519,0.775280898876405,0.583333333333333,0.726315789473684,0.642946317103621,0.555555555555556,0.730337078651685,0.555555555555556,0.730337078651685,3,1,6,0,0.773010153946937,-0.343142299963511,oncogenic_pathway,SanchezVega2018_TableS4,143,54,89,20261225,pooled inner out-of-fold AUROC,pooled inner out-of-fold balanced-accuracy optimum,outer out-of-fold AUROC,AUROC >= 0.60 after inner-AUROC component tuning,TRUE,0.0218476903870162,0.00135247607157751,TRUE,TRUE,TRUE,TRUE
GigaSSL,oncogenic_pathway,THCA,Cell Cycle,0.498268261964736,0.505824937027708,0.143005350966671,14,0.510469143576826,0.148965084599671,0.494844143576826,0.53125,0.458438287153652,0.136546184738956,0.858490566037736,0.13882863340564,0.13882863340564,0.50228274559194,0.0625,0.942065491183879,0.148148148148148,0.861751152073733,0.513696473551637,0.375,0.652392947103275,0.148148148148148,0.866220735785953,3,1,19,0,0.576297395929981,-2.35396453034927,oncogenic_pathway,SanchezVega2018_TableS4,461,64,397,20261226,pooled inner out-of-fold AUROC,pooled inner out-of-fold balanced-accuracy optimum,outer out-of-fold AUROC,AUROC >= 0.60 after inner-AUROC component tuning,TRUE,0.0122008816120902,-0.0109807934508819,FALSE,FALSE,FALSE,TRUE
ProvGigaPath,oncogenic_pathway,THCA,Cell Cycle,0.56139798488665,0.510606895465995,0.169346309937496,8,0.589735516372796,0.18500337610419,0.558603589420655,0.65625,0.46095717884131,0.1640625,0.892682926829268,0.13882863340564,0.13882863340564,0.535048016372796,0.140625,0.929471032745592,0.243243243243243,0.870283018867925,0.54793765743073,0.3125,0.783375314861461,0.188679245283019,0.876056338028169,6,4,8,0,0.640646195585152,-3.58469279390557,oncogenic_pathway,SanchezVega2018_TableS4,461,64,397,20261226,pooled inner out-of-fold AUROC,pooled inner out-of-fold balanced-accuracy optimum,outer out-of-fold AUROC,AUROC >= 0.60 after inner-AUROC component tuning,TRUE,0.0283375314861459,0.0479966939546599,FALSE,FALSE,FALSE,TRUE
TITAN,oncogenic_pathway,THCA,Cell Cycle,0.581667191435768,0.51111854534005,0.173262758714639,15,0.574346662468514,0.179462491775352,0.531368073047859,0.53125,0.531486146095718,0.154545454545455,0.87551867219917,0.13882863340564,0.13882863340564,0.527235516372796,0.125,0.929471032745592,0.222222222222222,0.868235294117647,0.525011807304786,0.296875,0.753148614609572,0.162393162393162,0.869186046511628,6,5,20,1,0.640965166908563,-2.68322693205541,oncogenic_pathway,SanchezVega2018_TableS4,461,64,397,20261226,pooled inner out-of-fold AUROC,pooled inner out-of-fold balanced-accuracy optimum,outer out-of-fold AUROC,AUROC >= 0.60 after inner-AUROC component tuning,TRUE,-0.0073205289672541,0.020249527707809,FALSE,FALSE,FALSE,TRUE
GigaSSL,oncogenic_pathway,THCA,PI3K,0.54873761585171,0.502556727388942,0.0627488472394975,15,0.454032172152978,0.0449674014477806,0.456695429849792,0.380952380952381,0.532438478747204,0.0368663594470046,0.948207171314741,0.0448717948717949,0.0448717948717949,0.487695749440716,0,0.975391498881432,0,0.954048140043764,0.515020773410035,0.238095238095238,0.791946308724832,0.0510204081632653,0.956756756756757,1,1,20,1,0.58018402891883,-4.01399970435525,oncogenic_pathway,SanchezVega2018_TableS4,468,21,447,20261227,pooled inner out-of-fold AUROC,pooled inner out-of-fold balanced-accuracy optimum,outer out-of-fold AUROC,AUROC >= 0.60 after inner-AUROC component tuning,TRUE,-0.0947054436987325,-0.0458612975391497,FALSE,FALSE,FALSE,TRUE
ProvGigaPath,oncogenic_pathway,THCA,PI3K,0.505379780547566,0.503675295621604,0.0983292195600217,13,0.449770959838074,0.0400587544729486,0.500798977309044,0.619047619047619,0.38255033557047,0.0449826989619377,0.955307262569832,0.0448717948717949,0.0448717948717949,0.485458612975392,0,0.970917225950783,0,0.953846153846154,0.459571748162352,0.142857142857143,0.776286353467562,0.029126213592233,0.950684931506849,2,1,16,0,0.606638186000657,-5.21907276715603,oncogenic_pathway,SanchezVega2018_TableS4,468,21,447,20261227,pooled inner out-of-fold AUROC,pooled inner out-of-fold balanced-accuracy optimum,outer out-of-fold AUROC,AUROC >= 0.60 after inner-AUROC component tuning,TRUE,-0.0556088207094921,-0.00287631831255952,FALSE,FALSE,FALSE,TRUE
TITAN,oncogenic_pathway,THCA,PI3K,0.564930222648344,0.510386705017578,0.0582647764177842,16,0.579844465750506,0.0612053273032205,0.550015979546181,0.619047619047619,0.480984340044743,0.0530612244897959,0.964125560538117,0.0448717948717949,0.0448717948717949,0.513742409715564,0.0476190476190476,0.979865771812081,0.1,0.956331877729258,0.520294023649728,0.19047619047619,0.850111856823266,0.0563380281690141,0.957178841309824,18,1,20,2,0.575455182072829,-14.7265352681647,oncogenic_pathway,SanchezVega2018_TableS4,468,21,447,20261227,pooled inner out-of-fold AUROC,pooled inner out-of-fold balanced-accuracy optimum,outer out-of-fold AUROC,AUROC >= 0.60 after inner-AUROC component tuning,TRUE,0.0149142431021619,0.0396292745286029,FALSE,FALSE,FALSE,TRUE
GigaSSL,oncogenic_pathway,THCA,RTK RAS,0.729868125701459,0.644570707070707,0.923914063242933,10,0.746843434343434,0.933296000782941,0.671717171717172,0.732323232323232,0.611111111111111,0.911949685534591,0.293333333333333,0.846153846153846,0.846153846153846,0.624368686868687,0.957070707070707,0.291666666666667,0.881395348837209,0.552631578947369,0.683080808080808,0.838383838383838,0.527777777777778,0.907103825136612,0.372549019607843,2,2,3,0,0.768791471772,2.08597380829808,oncogenic_pathway,SanchezVega2018_TableS4,468,396,72,20261228,pooled inner out-of-fold AUROC,pooled inner out-of-fold balanced-accuracy optimum,outer out-of-fold AUROC,AUROC >= 0.60 after inner-AUROC component tuning,TRUE,0.0169753086419754,0.0271464646464648,TRUE,TRUE,TRUE,TRUE
ProvGigaPath,oncogenic_pathway,THCA,RTK RAS,0.687184343434343,0.635732323232323,0.905669864650485,8,0.813622334455668,0.958022611253883,0.696338383838384,0.767676767676768,0.625,0.918429003021148,0.328467153284672,0.846153846153846,0.846153846153846,0.647727272727273,0.962121212121212,0.333333333333333,0.888111888111888,0.615384615384615,0.713383838383838,0.843434343434343,0.583333333333333,0.917582417582418,0.403846153846154,2,2,3,0,0.796857650455252,1.51894615518477,oncogenic_pathway,SanchezVega2018_TableS4,468,396,72,20261228,pooled inner out-of-fold AUROC,pooled inner out-of-fold balanced-accuracy optimum,outer out-of-fold AUROC,AUROC >= 0.60 after inner-AUROC component tuning,TRUE,0.126437991021325,0.0606060606060609,TRUE,TRUE,TRUE,TRUE
TITAN,oncogenic_pathway,THCA,RTK RAS,0.785353535353535,0.676136363636364,0.938141741491447,4,0.794051627384961,0.947667923233039,0.729166666666667,0.777777777777778,0.680555555555556,0.930513595166163,0.357664233576642,0.846153846153846,0.846153846153846,0.695707070707071,0.919191919191919,0.472222222222222,0.90547263681592,0.515151515151515,0.736742424242424,0.820707070707071,0.652777777777778,0.928571428571429,0.398305084745763,2,1,6,0,0.836669204829762,1.98550771703483,oncogenic_pathway,SanchezVega2018_TableS4,468,396,72,20261228,pooled inner out-of-fold AUROC,pooled inner out-of-fold balanced-accuracy optimum,outer out-of-fold AUROC,AUROC >= 0.60 after inner-AUROC component tuning,TRUE,0.00869809203142569,0.0530303030303028,TRUE,TRUE,TRUE,TRUE
GigaSSL,oncogenic_pathway,THCA,WNT,0.681372549019608,0.581127450980392,0.259124918043164,5,0.768831699346405,0.3364968402932,0.702205882352941,0.666666666666667,0.737745098039216,0.272108843537415,0.937694704049844,0.128205128205128,0.128205128205128,0.537745098039216,0.1,0.975490196078431,0.375,0.880530973451327,0.718872549019608,0.7,0.737745098039216,0.281879194630873,0.943573667711599,1,1,1,0,0.767829754601227,-1.77171149869411,oncogenic_pathway,SanchezVega2018_TableS4,468,60,408,20261229,pooled inner out-of-fold AUROC,pooled inner out-of-fold balanced-accuracy optimum,outer out-of-fold AUROC,AUROC >= 0.60 after inner-AUROC component tuning,TRUE,0.0874591503267973,0.121078431372549,FALSE,TRUE,TRUE,TRUE
ProvGigaPath,oncogenic_pathway,THCA,WNT,0.757352941176471,0.6,0.330444989380294,9,0.739624183006536,0.3308984024706,0.689950980392157,0.583333333333333,0.79656862745098,0.296610169491525,0.928571428571429,0.128205128205128,0.128205128205128,0.59093137254902,0.233333333333333,0.948529411764706,0.4,0.893764434180139,0.670343137254902,0.5,0.840686274509804,0.315789473684211,0.919571045576408,2,2,9,0,0.785212167689162,-2.27726776228393,oncogenic_pathway,SanchezVega2018_TableS4,468,60,408,20261229,pooled inner out-of-fold AUROC,pooled inner out-of-fold balanced-accuracy optimum,outer out-of-fold AUROC,AUROC >= 0.60 after inner-AUROC component tuning,TRUE,-0.017728758169935,0.0899509803921569,TRUE,TRUE,TRUE,TRUE
TITAN,oncogenic_pathway,THCA,WNT,0.765482026143791,0.688235294117647,0.445856062663251,6,0.821854575163399,0.482477865305146,0.772794117647059,0.7,0.845588235294118,0.4,0.950413223140496,0.128205128205128,0.128205128205128,0.720343137254902,0.516666666666667,0.924019607843137,0.5,0.928571428571429,0.773529411764706,0.733333333333333,0.813725490196078,0.366666666666667,0.954022988505747,1,1,1,0,0.823875255623722,-1.18647616615587,oncogenic_pathway,SanchezVega2018_TableS4,468,60,408,20261229,pooled inner out-of-fold AUROC,pooled inner out-of-fold balanced-accuracy optimum,outer out-of-fold AUROC,AUROC >= 0.60 after inner-AUROC component tuning,TRUE,0.0563725490196076,0.0845588235294118,TRUE,TRUE,TRUE,TRUE
GigaSSL,oncogenic_pathway,UCEC,Cell Cycle,0.615640734123762,0.610280980997239,0.683175934524653,6,0.63155757674192,0.689918020710202,0.557536137729414,0.572519083969466,0.542553191489362,0.635593220338983,0.476635514018692,0.582222222222222,0.582222222222222,0.62774078284879,0.702290076335878,0.553191489361702,0.686567164179104,0.571428571428571,0.599399057982784,0.603053435114504,0.595744680851064,0.675213675213675,0.518518518518519,4,1,13,0,0.601396825396825,0.443387253104814,oncogenic_pathway,SanchezVega2018_TableS4,225,131,94,20261230,pooled inner out-of-fold AUROC,pooled inner out-of-fold balanced-accuracy optimum,outer out-of-fold AUROC,AUROC >= 0.60 after inner-AUROC component tuning,TRUE,0.0159168426181578,-0.0527448432678254,TRUE,FALSE,TRUE,TRUE
ProvGigaPath,oncogenic_pathway,UCEC,Cell Cycle,0.55132369660549,0.534188728276758,0.61330892128596,5,0.585999675166477,0.6610689906411,0.565291538086731,0.641221374045801,0.48936170212766,0.636363636363636,0.494623655913979,0.582222222222222,0.582222222222222,0.541010232255969,0.656488549618321,0.425531914893617,0.614285714285714,0.470588235294118,0.559850576579503,0.587786259541985,0.531914893617021,0.636363636363636,0.480769230769231,5,1,6,0,0.591238095238095,0.488517916098211,oncogenic_pathway,SanchezVega2018_TableS4,225,131,94,20261230,pooled inner out-of-fold AUROC,pooled inner out-of-fold balanced-accuracy optimum,outer out-of-fold AUROC,AUROC >= 0.60 after inner-AUROC component tuning,TRUE,0.0346759785609873,0.0311028098099725,FALSE,FALSE,FALSE,FALSE
TITAN,oncogenic_pathway,UCEC,Cell Cycle,0.538817605976937,0.539507877212928,0.612598557646046,7,0.532402143901251,0.610881419244619,0.520870553841156,0.488549618320611,0.553191489361702,0.60377358490566,0.436974789915966,0.582222222222222,0.582222222222222,0.525052785447458,0.656488549618321,0.393617021276596,0.601398601398601,0.451219512195122,0.548522007471171,0.618320610687023,0.478723404255319,0.623076923076923,0.473684210526316,6,3,18,0,0.621968253968254,1.07160662923574,oncogenic_pathway,SanchezVega2018_TableS4,225,131,94,20261230,pooled inner out-of-fold AUROC,pooled inner out-of-fold balanced-accuracy optimum,outer out-of-fold AUROC,AUROC >= 0.60 after inner-AUROC component tuning,TRUE,-0.00641546207568633,-0.0186373233717716,FALSE,FALSE,FALSE,TRUE
GigaSSL,oncogenic_pathway,UCEC,HIPPO,0.605156037991859,0.576424694708277,0.390035766190423,14,0.619742198100407,0.39729788663224,0.595341474445952,0.575757575757576,0.614925373134328,0.370731707317073,0.786259541984733,0.282655246252677,0.282655246252677,0.578493894165536,0.318181818181818,0.838805970149254,0.4375,0.757412398921833,0.588116236996834,0.507575757575758,0.66865671641791,0.376404494382022,0.775086505190311,10,2,13,0,0.628855721393035,-1.24701733214623,oncogenic_pathway,SanchezVega2018_TableS4,467,132,335,20261231,pooled inner out-of-fold AUROC,pooled inner out-of-fold balanced-accuracy optimum,outer out-of-fold AUROC,AUROC >= 0.60 after inner-AUROC component tuning,TRUE,0.0145861601085481,0.0189167797376751,FALSE,FALSE,TRUE,TRUE
ProvGigaPath,oncogenic_pathway,UCEC,HIPPO,0.657960199004975,0.590309814563546,0.427936084313419,10,0.668000904568069,0.443999886404321,0.616802351876979,0.651515151515152,0.582089552238806,0.380530973451327,0.809128630705394,0.282655246252677,0.282655246252677,0.612008141112619,0.409090909090909,0.814925373134328,0.46551724137931,0.777777777777778,0.632428765264586,0.545454545454545,0.719402985074627,0.433734939759036,0.800664451827243,9,6,10,0,0.646719234018586,-1.65812828669244,oncogenic_pathway,SanchezVega2018_TableS4,467,132,335,20261231,pooled inner out-of-fold AUROC,pooled inner out-of-fold balanced-accuracy optimum,outer out-of-fold AUROC,AUROC >= 0.60 after inner-AUROC component tuning,TRUE,0.0100407055630937,0.0264925373134327,FALSE,TRUE,TRUE,TRUE
TITAN,oncogenic_pathway,UCEC,HIPPO,0.602329262777024,0.576074174581637,0.357551022082614,11,0.624332881049299,0.365961864067582,0.603493894165536,0.568181818181818,0.638805970149254,0.38265306122449,0.789667896678967,0.282655246252677,0.282655246252677,0.574016282225237,0.318181818181818,0.829850746268657,0.424242424242424,0.755434782608696,0.602928539122569,0.492424242424242,0.713432835820896,0.403726708074534,0.781045751633987,9,2,10,0,0.658194874683188,-1.07133894608801,oncogenic_pathway,SanchezVega2018_TableS4,467,132,335,20261231,pooled inner out-of-fold AUROC,pooled inner out-of-fold balanced-accuracy optimum,outer out-of-fold AUROC,AUROC >= 0.60 after inner-AUROC component tuning,TRUE,0.0220036182722749,0.027419719583899,FALSE,TRUE,TRUE,TRUE
GigaSSL,oncogenic_pathway,UCEC,MYC,0.526785714285714,0.493246981891348,0.256037561781443,6,0.527565392354125,0.260686639472508,0.536707746478873,0.6875,0.385915492957746,0.261016949152542,0.796511627906977,0.23982869379015,0.23982869379015,0.515090543259557,0.142857142857143,0.887323943661972,0.285714285714286,0.766423357664234,0.524861670020121,0.455357142857143,0.594366197183099,0.261538461538462,0.775735294117647,5,2,13,0,0.552935591074537,-1.76760944329785,oncogenic_pathway,SanchezVega2018_TableS4,467,112,355,20261232,pooled inner out-of-fold AUROC,pooled inner out-of-fold balanced-accuracy optimum,outer out-of-fold AUROC,AUROC >= 0.60 after inner-AUROC component tuning,TRUE,0.000779678068410727,0.0434607645875252,FALSE,FALSE,FALSE,TRUE
ProvGigaPath,oncogenic_pathway,UCEC,MYC,0.512173038229376,0.513493460764588,0.254491593488329,11,0.528948692152918,0.260167811175853,0.524006539235413,0.633928571428571,0.414084507042254,0.254480286738351,0.781914893617021,0.23982869379015,0.23982869379015,0.526861167002012,0.214285714285714,0.83943661971831,0.296296296296296,0.772020725388601,0.493825452716298,0.348214285714286,0.63943661971831,0.233532934131737,0.756666666666667,8,2,12,0,0.573073271087197,-2.59469739181309,oncogenic_pathway,SanchezVega2018_TableS4,467,112,355,20261232,pooled inner out-of-fold AUROC,pooled inner out-of-fold balanced-accuracy optimum,outer out-of-fold AUROC,AUROC >= 0.60 after inner-AUROC component tuning,TRUE,0.0167756539235415,0.0105130784708245,FALSE,FALSE,FALSE,TRUE
TITAN,oncogenic_pathway,UCEC,MYC,0.528672032193159,0.526408450704225,0.251443039289242,15,0.552313883299799,0.263193628877509,0.5516976861167,0.616071428571429,0.487323943661972,0.274900398406375,0.800925925925926,0.23982869379015,0.23982869379015,0.498616700201207,0.0535714285714286,0.943661971830986,0.230769230769231,0.759637188208617,0.529564889336016,0.473214285714286,0.585915492957747,0.265,0.779026217228465,1,1,18,0,0.584269662921348,-1.35259288962231,oncogenic_pathway,SanchezVega2018_TableS4,467,112,355,20261232,pooled inner out-of-fold AUROC,pooled inner out-of-fold balanced-accuracy optimum,outer out-of-fold AUROC,AUROC >= 0.60 after inner-AUROC component tuning,TRUE,0.0236418511066399,0.0252892354124752,FALSE,FALSE,FALSE,TRUE
GigaSSL,oncogenic_pathway,UCEC,NOTCH,0.604048582995952,0.5555330634278,0.481342110465345,3,0.614902641218431,0.48189099446241,0.567177559282822,0.565934065934066,0.568421052631579,0.455752212389381,0.672199170124481,0.389721627408994,0.389721627408994,0.545373048004627,0.28021978021978,0.810526315789474,0.485714285714286,0.638121546961326,0.581212647002121,0.565934065934066,0.596491228070175,0.472477064220184,0.682730923694779,2,2,2,0,0.610072595281307,-0.452778973700256,oncogenic_pathway,SanchezVega2018_TableS4,467,182,285,20261233,pooled inner out-of-fold AUROC,pooled inner out-of-fold balanced-accuracy optimum,outer out-of-fold AUROC,AUROC >= 0.60 after inner-AUROC component tuning,TRUE,0.0108540582224788,0.0116444958550225,FALSE,FALSE,TRUE,TRUE
ProvGigaPath,oncogenic_pathway,UCEC,NOTCH,0.596818970503181,0.564401388085599,0.481667593896489,4,0.619047619047619,0.494902591128783,0.614709851551957,0.615384615384615,0.614035087719298,0.504504504504505,0.714285714285714,0.389721627408994,0.389721627408994,0.581482552535184,0.412087912087912,0.750877192982456,0.513698630136986,0.666666666666667,0.595546558704454,0.538461538461538,0.652631578947369,0.49746192893401,0.688888888888889,4,3,6,0,0.646719538572459,-0.472602001461699,oncogenic_pathway,SanchezVega2018_TableS4,467,182,285,20261233,pooled inner out-of-fold AUROC,pooled inner out-of-fold balanced-accuracy optimum,outer out-of-fold AUROC,AUROC >= 0.60 after inner-AUROC component tuning,TRUE,0.0222286485444381,0.0503084634663579,FALSE,TRUE,TRUE,FALSE
TITAN,oncogenic_pathway,UCEC,NOTCH,0.633911702332755,0.595286292654714,0.517540596597894,5,0.619664545980336,0.505966837905483,0.586244457297089,0.554945054945055,0.617543859649123,0.480952380952381,0.684824902723736,0.389721627408994,0.389721627408994,0.569799498746867,0.357142857142857,0.782456140350877,0.511811023622047,0.655882352941176,0.584788895315211,0.527472527472528,0.642105263157895,0.484848484848485,0.680297397769517,4,1,13,0,0.637587118481134,-0.594508446646892,oncogenic_pathway,SanchezVega2018_TableS4,467,182,285,20261233,pooled inner out-of-fold AUROC,pooled inner out-of-fold balanced-accuracy optimum,outer out-of-fold AUROC,AUROC >= 0.60 after inner-AUROC component tuning,TRUE,-0.0142471563524195,-0.00904183535762515,FALSE,FALSE,TRUE,TRUE
GigaSSL,oncogenic_pathway,UCEC,NRF2,0.542085733815057,0.500146470071282,0.122888719877249,17,0.524362855189923,0.1244725446486,0.491455912508544,0.571428571428571,0.411483253588517,0.102189781021898,0.89119170984456,0.104925053533191,0.104925053533191,0.488111512547603,0.0408163265306122,0.935406698564593,0.0689655172413793,0.892694063926941,0.499804706571624,0.224489795918367,0.77511961722488,0.104761904761905,0.895027624309392,13,2,20,1,0.576716417910448,-6.25475752549314,oncogenic_pathway,SanchezVega2018_TableS4,467,49,418,20261234,pooled inner out-of-fold AUROC,pooled inner out-of-fold balanced-accuracy optimum,outer out-of-fold AUROC,AUROC >= 0.60 after inner-AUROC component tuning,TRUE,-0.0177228786251341,-0.00869055756273795,FALSE,FALSE,FALSE,TRUE
ProvGigaPath,oncogenic_pathway,UCEC,NRF2,0.578605604921394,0.552363050483351,0.160152394732312,17,0.589346743482082,0.185615399792745,0.514329655307099,0.653061224489796,0.375598086124402,0.109215017064846,0.902298850574713,0.104925053533191,0.104925053533191,0.542158968850698,0.163265306122449,0.921052631578947,0.195121951219512,0.903755868544601,0.547724831559418,0.26530612244898,0.830143540669856,0.154761904761905,0.906005221932115,10,4,20,1,0.555597014925373,-7.9296837961147,oncogenic_pathway,SanchezVega2018_TableS4,467,49,418,20261234,pooled inner out-of-fold AUROC,pooled inner out-of-fold balanced-accuracy optimum,outer out-of-fold AUROC,AUROC >= 0.60 after inner-AUROC component tuning,TRUE,0.0107411385606878,-0.0380333951762522,FALSE,FALSE,FALSE,TRUE
TITAN,oncogenic_pathway,UCEC,NRF2,0.55712332780002,0.520481398300947,0.156274539717979,4,0.523191094619666,0.133895810701098,0.490113270188458,0.489795918367347,0.490430622009569,0.10126582278481,0.891304347826087,0.104925053533191,0.104925053533191,0.499438531393419,0.0204081632653061,0.978468899521531,0.1,0.894967177242888,0.53232106239625,0.346938775510204,0.717703349282297,0.125925925925926,0.903614457831325,3,1,5,0,0.563718716413327,-2.97154616442721,oncogenic_pathway,SanchezVega2018_TableS4,467,49,418,20261234,pooled inner out-of-fold AUROC,pooled inner out-of-fold balanced-accuracy optimum,outer out-of-fold AUROC,AUROC >= 0.60 after inner-AUROC component tuning,TRUE,-0.033932233180354,-0.0303681281124888,FALSE,FALSE,FALSE,TRUE
GigaSSL,oncogenic_pathway,UCEC,PI3K,0.503551346552234,0.501220775377331,0.940421266250845,6,0.472329091447174,0.928160928480851,0.455312222551051,0.394495412844037,0.516129032258065,0.919786096256684,0.0571428571428571,0.933618843683084,0.933618843683084,0.503514353358982,0.974770642201835,0.032258064516129,0.934065934065934,0.0833333333333333,0.459159514649305,0.724770642201835,0.193548387096774,0.926686217008798,0.0476190476190476,4,1,7,0,0.598624641833811,4.07270448523237,oncogenic_pathway,SanchezVega2018_TableS4,467,436,31,20261235,pooled inner out-of-fold AUROC,pooled inner out-of-fold balanced-accuracy optimum,outer out-of-fold AUROC,AUROC >= 0.60 after inner-AUROC component tuning,TRUE,-0.0312222551050603,-0.0459085528262804,FALSE,FALSE,FALSE,TRUE
ProvGigaPath,oncogenic_pathway,UCEC,PI3K,0.54772121929565,0.498927197395679,0.933895420926072,4,0.556525599289731,0.936639372426369,0.487052382361646,0.619266055045872,0.354838709677419,0.931034482758621,0.0621468926553672,0.933618843683084,0.933618843683084,0.501220775377331,0.970183486238532,0.032258064516129,0.933774834437086,0.0714285714285714,0.533848771825984,0.809633027522936,0.258064516129032,0.938829787234043,0.0879120879120879,3,1,11,0,0.562521489971347,2.96323103149485,oncogenic_pathway,SanchezVega2018_TableS4,467,436,31,20261235,pooled inner out-of-fold AUROC,pooled inner out-of-fold balanced-accuracy optimum,outer out-of-fold AUROC,AUROC >= 0.60 after inner-AUROC component tuning,TRUE,0.00880437999408068,-0.0118748150340335,FALSE,FALSE,FALSE,TRUE
TITAN,oncogenic_pathway,UCEC,PI3K,0.557191476768275,0.52545131695768,0.94289054283267,9,0.618008286475289,0.951247685352341,0.594221663213969,0.607798165137615,0.580645161290323,0.953237410071942,0.0952380952380952,0.933618843683084,0.933618843683084,0.520790174607872,0.977064220183486,0.0645161290322581,0.936263736263736,0.166666666666667,0.615788694880142,0.747706422018349,0.483870967741936,0.953216374269006,0.12,4,1,7,0,0.682063037249284,4.24482702512764,oncogenic_pathway,SanchezVega2018_TableS4,467,436,31,20261235,pooled inner out-of-fold AUROC,pooled inner out-of-fold balanced-accuracy optimum,outer out-of-fold AUROC,AUROC >= 0.60 after inner-AUROC component tuning,TRUE,0.0608168097070135,0.0687703462562886,FALSE,FALSE,TRUE,TRUE
GigaSSL,oncogenic_pathway,UCEC,RTK RAS,0.594547782212516,0.567616160855486,0.66107815058714,16,0.574026658633933,0.64324608839316,0.540326831839747,0.509225092250923,0.571428571428571,0.621621621621622,0.457142857142857,0.580299785867238,0.580299785867238,0.551378115821975,0.70479704797048,0.397959183673469,0.618122977346278,0.493670886075949,0.570986143534905,0.575645756457565,0.566326530612245,0.647302904564315,0.491150442477876,2,1,17,0,0.596055064721594,0.704578426355795,oncogenic_pathway,SanchezVega2018_TableS4,467,271,196,20261236,pooled inner out-of-fold AUROC,pooled inner out-of-fold balanced-accuracy optimum,outer out-of-fold AUROC,AUROC >= 0.60 after inner-AUROC component tuning,TRUE,-0.0205211235785827,-0.0272893290157391,FALSE,FALSE,FALSE,TRUE
ProvGigaPath,oncogenic_pathway,UCEC,RTK RAS,0.54554183296935,0.536843888847052,0.63105926886563,11,0.575513969425409,0.646463631209236,0.551396942540854,0.531365313653137,0.571428571428571,0.631578947368421,0.468619246861925,0.580299785867238,0.580299785867238,0.556160102417351,0.653136531365314,0.459183673469388,0.625441696113074,0.489130434782609,0.539394909255215,0.59409594095941,0.48469387755102,0.614503816793893,0.463414634146342,10,3,20,1,0.587014588041915,0.936807191592826,oncogenic_pathway,SanchezVega2018_TableS4,467,271,196,20261236,pooled inner out-of-fold AUROC,pooled inner out-of-fold balanced-accuracy optimum,outer out-of-fold AUROC,AUROC >= 0.60 after inner-AUROC component tuning,TRUE,0.0299721364560586,0.014553053693802,FALSE,FALSE,FALSE,TRUE
TITAN,oncogenic_pathway,UCEC,RTK RAS,0.586904134347466,0.574450259808721,0.639498171220572,6,0.593794713457339,0.644834529520259,0.597569470592665,0.690036900369004,0.505102040816326,0.658450704225352,0.540983606557377,0.580299785867238,0.580299785867238,0.578187363506288,0.738007380073801,0.418367346938776,0.636942675159236,0.535947712418301,0.5844472475337,0.571955719557196,0.596938775510204,0.662393162393162,0.502145922746781,2,1,2,0,0.63113094015087,0.173712461476815,oncogenic_pathway,SanchezVega2018_TableS4,467,271,196,20261236,pooled inner out-of-fold AUROC,pooled inner out-of-fold balanced-accuracy optimum,outer out-of-fold AUROC,AUROC >= 0.60 after inner-AUROC component tuning,TRUE,0.00689057910987267,0.0231192107839441,FALSE,FALSE,FALSE,TRUE
GigaSSL,oncogenic_pathway,UCEC,TGF-Beta,0.546636806537797,0.5251257268584,0.165249676722429,13,0.579090051862329,0.176324839072719,0.568619361936194,0.555555555555556,0.581683168316832,0.17156862745098,0.893536121673004,0.134903640256959,0.134903640256959,0.501532296086752,0.0476190476190476,0.955445544554455,0.142857142857143,0.865470852017937,0.556596731101682,0.412698412698413,0.700495049504951,0.17687074829932,0.884375,1,1,15,0,0.609411764705882,-2.04901287635722,oncogenic_pathway,SanchezVega2018_TableS4,467,63,404,20261237,pooled inner out-of-fold AUROC,pooled inner out-of-fold balanced-accuracy optimum,outer out-of-fold AUROC,AUROC >= 0.60 after inner-AUROC component tuning,TRUE,0.0324532453245321,0.0434936350777937,FALSE,FALSE,FALSE,TRUE
ProvGigaPath,oncogenic_pathway,UCEC,TGF-Beta,0.517326732673267,0.490904447587616,0.156292493238679,3,0.577950652208078,0.194854404381916,0.571467861071822,0.682539682539683,0.46039603960396,0.164750957854406,0.902912621359223,0.134903640256959,0.134903640256959,0.506482791136257,0.0476190476190476,0.965346534653465,0.176470588235294,0.866666666666667,0.568972968725444,0.412698412698413,0.725247524752475,0.18978102189781,0.887878787878788,2,1,3,0,0.63077399380805,-3.00562910712798,oncogenic_pathway,SanchezVega2018_TableS4,467,63,404,20261237,pooled inner out-of-fold AUROC,pooled inner out-of-fold balanced-accuracy optimum,outer out-of-fold AUROC,AUROC >= 0.60 after inner-AUROC component tuning,TRUE,0.060623919534811,0.0805634134842055,FALSE,FALSE,FALSE,TRUE
TITAN,oncogenic_pathway,UCEC,TGF-Beta,0.601092252082351,0.56531903190319,0.207139523503991,12,0.565928021373566,0.206225774006711,0.562136570799937,0.507936507936508,0.616336633663366,0.171122994652406,0.889285714285714,0.134903640256959,0.134903640256959,0.536264340719786,0.126984126984127,0.945544554455445,0.266666666666667,0.874141876430206,0.572175074650322,0.396825396825397,0.747524752475248,0.196850393700787,0.888235294117647,4,1,9,0,0.697585139318885,-2.3206798708567,oncogenic_pathway,SanchezVega2018_TableS4,467,63,404,20261237,pooled inner out-of-fold AUROC,pooled inner out-of-fold balanced-accuracy optimum,outer out-of-fold AUROC,AUROC >= 0.60 after inner-AUROC component tuning,TRUE,-0.0351642307087851,-0.00318246110325293,FALSE,FALSE,FALSE,TRUE
GigaSSL,oncogenic_pathway,UCEC,TP53,0.71415938985299,0.656451494049593,0.678049683255537,3,0.712059246158948,0.670224137247318,0.628615378946981,0.646788990825688,0.610441767068273,0.592436974789916,0.663755458515284,0.466809421841542,0.466809421841542,0.656165948196456,0.605504587155963,0.706827309236948,0.64390243902439,0.67175572519084,0.649847094801223,0.63302752293578,0.666666666666667,0.624434389140272,0.67479674796748,2,2,3,0,0.728742857142857,-0.318057057763438,oncogenic_pathway,SanchezVega2018_TableS4,467,218,249,20261238,pooled inner out-of-fold AUROC,pooled inner out-of-fold balanced-accuracy optimum,outer out-of-fold AUROC,AUROC >= 0.60 after inner-AUROC component tuning,TRUE,-0.00210014369404232,-0.0278361151026124,TRUE,TRUE,TRUE,TRUE
ProvGigaPath,oncogenic_pathway,UCEC,TP53,0.711690799896835,0.665625805976198,0.664830481274634,4,0.727589256106997,0.681822480075636,0.667044324085332,0.68348623853211,0.650602409638554,0.63135593220339,0.701298701298701,0.466809421841542,0.466809421841542,0.654157916067942,0.605504587155963,0.70281124497992,0.640776699029126,0.670498084291188,0.65787922331528,0.63302752293578,0.682730923694779,0.63594470046083,0.68,4,3,5,0,0.729769537341882,-0.477393921612726,oncogenic_pathway,SanchezVega2018_TableS4,467,218,249,20261238,pooled inner out-of-fold AUROC,pooled inner out-of-fold balanced-accuracy optimum,outer out-of-fold AUROC,AUROC >= 0.60 after inner-AUROC component tuning,TRUE,0.0158984562101617,0.00141851810913407,TRUE,TRUE,TRUE,FALSE
TITAN,oncogenic_pathway,UCEC,TP53,0.820621937290446,0.765152352529384,0.794851253246103,2,0.814008326885524,0.798773243538783,0.742207361556317,0.665137614678899,0.819277108433735,0.763157894736842,0.736462093862816,0.466809421841542,0.466809421841542,0.754531889023986,0.701834862385321,0.807228915662651,0.761194029850746,0.755639097744361,0.753094948601746,0.711009174311927,0.795180722891566,0.752427184466019,0.758620689655172,3,2,4,0,0.814903086862886,0.148861773307214,oncogenic_pathway,SanchezVega2018_TableS4,467,218,249,20261238,pooled inner out-of-fold AUROC,pooled inner out-of-fold balanced-accuracy optimum,outer out-of-fold AUROC,AUROC >= 0.60 after inner-AUROC component tuning,TRUE,-0.00661361040492225,-0.022944990973067,TRUE,TRUE,TRUE,TRUE
GigaSSL,oncogenic_pathway,UCEC,WNT,0.583428131077759,0.552337528898022,0.561974833058504,2,0.551704524604602,0.520729575390292,0.545539613225203,0.519650655021834,0.571428571428571,0.538461538461538,0.552845528455285,0.490364025695931,0.490364025695931,0.542163590326961,0.563318777292576,0.521008403361345,0.530864197530864,0.553571428571429,0.540640710432645,0.593886462882096,0.487394957983193,0.527131782945737,0.555023923444976,2,1,6,0,0.595081967213115,0.0184203986098541,oncogenic_pathway,SanchezVega2018_TableS4,467,229,238,20261239,pooled inner out-of-fold AUROC,pooled inner out-of-fold balanced-accuracy optimum,outer out-of-fold AUROC,AUROC >= 0.60 after inner-AUROC component tuning,TRUE,-0.0317236064731574,-0.00679791567281929,FALSE,FALSE,FALSE,FALSE
ProvGigaPath,oncogenic_pathway,UCEC,WNT,0.607849253238413,0.563171993688305,0.574206425325679,3,0.609133609775788,0.574245825980813,0.567905764926058,0.480349344978166,0.65546218487395,0.572916666666667,0.567272727272727,0.490364025695931,0.490364025695931,0.578786099592676,0.611353711790393,0.546218487394958,0.564516129032258,0.593607305936073,0.579116362702286,0.62882096069869,0.529411764705882,0.5625,0.597156398104265,2,2,3,0,0.587331559522788,0.197504967146501,oncogenic_pathway,SanchezVega2018_TableS4,467,229,238,20261239,pooled inner out-of-fold AUROC,pooled inner out-of-fold balanced-accuracy optimum,outer out-of-fold AUROC,AUROC >= 0.60 after inner-AUROC component tuning,TRUE,0.00128435653737502,0.00473377123775276,FALSE,FALSE,TRUE,TRUE
TITAN,oncogenic_pathway,UCEC,WNT,0.673094565337052,0.614748082639169,0.659382103129182,6,0.655553924626619,0.640738344051487,0.595510256504348,0.606986899563319,0.584033613445378,0.584033613445378,0.606986899563319,0.490364025695931,0.490364025695931,0.595675388059154,0.615720524017467,0.57563025210084,0.582644628099174,0.608888888888889,0.593987376610033,0.637554585152838,0.550420168067227,0.577075098814229,0.61214953271028,4,4,5,0,0.663704342824274,-0.068221878791486,oncogenic_pathway,SanchezVega2018_TableS4,467,229,238,20261239,pooled inner out-of-fold AUROC,pooled inner out-of-fold balanced-accuracy optimum,outer out-of-fold AUROC,AUROC >= 0.60 after inner-AUROC component tuning,TRUE,-0.0175406407104328,-0.0192378261348206,TRUE,FALSE,TRUE,TRUE
GigaSSL,oncogenic_pathway,UCS,NOTCH,0.577380952380952,0.565476190476191,0.637352467145457,3,0.584821428571429,0.67788656293621,0.446428571428571,0.642857142857143,0.25,0.5,0.375,0.538461538461538,0.538461538461538,0.544642857142857,0.714285714285714,0.375,0.571428571428571,0.529411764705882,0.544642857142857,0.714285714285714,0.375,0.571428571428571,0.529411764705882,1,1,20,1,0.623913043478261,0.0186157823072465,oncogenic_pathway,SanchezVega2018_TableS4,52,28,24,20261240,pooled inner out-of-fold AUROC,pooled inner out-of-fold balanced-accuracy optimum,outer out-of-fold AUROC,AUROC >= 0.60 after inner-AUROC component tuning,TRUE,0.00744047619047661,-0.11904761904762,FALSE,FALSE,FALSE,TRUE
ProvGigaPath,oncogenic_pathway,UCS,NOTCH,0.543154761904762,0.508928571428571,0.649156029075119,2,0.474702380952381,0.570951268546524,0.511904761904762,0.357142857142857,0.666666666666667,0.555555555555556,0.470588235294118,0.538461538461538,0.538461538461538,0.413690476190476,0.535714285714286,0.291666666666667,0.46875,0.35,0.4375,0.5,0.375,0.482758620689655,0.391304347826087,4,1,14,0,0.662679425837321,9.34691459283456,oncogenic_pathway,SanchezVega2018_TableS4,52,28,24,20261240,pooled inner out-of-fold AUROC,pooled inner out-of-fold balanced-accuracy optimum,outer out-of-fold AUROC,AUROC >= 0.60 after inner-AUROC component tuning,TRUE,-0.068452380952381,0.00297619047619091,FALSE,FALSE,FALSE,TRUE
TITAN,oncogenic_pathway,UCS,NOTCH,0.657738095238095,0.648809523809524,0.687454756988937,4,0.580357142857143,0.634010833319858,0.529761904761905,0.392857142857143,0.666666666666667,0.578947368421053,0.484848484848485,0.538461538461538,0.538461538461538,0.550595238095238,0.642857142857143,0.458333333333333,0.580645161290323,0.523809523809524,0.553571428571429,0.607142857142857,0.5,0.586206896551724,0.521739130434783,4,1,6,0,0.681818181818182,3.18115626123867,oncogenic_pathway,SanchezVega2018_TableS4,52,28,24,20261240,pooled inner out-of-fold AUROC,pooled inner out-of-fold balanced-accuracy optimum,outer out-of-fold AUROC,AUROC >= 0.60 after inner-AUROC component tuning,TRUE,-0.0773809523809521,-0.119047619047619,TRUE,FALSE,FALSE,FALSE
GigaSSL,oncogenic_pathway,UCS,RTK RAS,0.6921875,0.64375,0.770432965252281,9,0.75625,0.830556228812921,0.715625,0.53125,0.9,0.894736842105263,0.545454545454545,0.615384615384615,0.615384615384615,0.70625,0.8125,0.6,0.764705882352941,0.666666666666667,0.70625,0.8125,0.6,0.764705882352941,0.666666666666667,8,4,18,0,0.6225,38.1001741651247,oncogenic_pathway,SanchezVega2018_TableS4,52,32,20,20261241,pooled inner out-of-fold AUROC,pooled inner out-of-fold balanced-accuracy optimum,outer out-of-fold AUROC,AUROC >= 0.60 after inner-AUROC component tuning,TRUE,0.0640625,0.0718749999999999,TRUE,TRUE,TRUE,TRUE
ProvGigaPath,oncogenic_pathway,UCS,RTK RAS,0.703125,0.703125,0.764264863486599,5,0.6515625,0.735281845041429,0.678125,0.65625,0.7,0.777777777777778,0.56,0.615384615384615,0.615384615384615,0.640625,0.78125,0.5,0.714285714285714,0.588235294117647,0.665625,0.78125,0.55,0.735294117647059,0.611111111111111,3,3,10,0,0.5875,6.06696590670719,oncogenic_pathway,SanchezVega2018_TableS4,52,32,20,20261241,pooled inner out-of-fold AUROC,pooled inner out-of-fold balanced-accuracy optimum,outer out-of-fold AUROC,AUROC >= 0.60 after inner-AUROC component tuning,TRUE,-0.0515625,-0.025,TRUE,TRUE,TRUE,TRUE
TITAN,oncogenic_pathway,UCS,RTK RAS,0.6625,0.665625,0.757528175619575,2,0.628125,0.740828917603128,0.578125,0.40625,0.75,0.722222222222222,0.441176470588235,0.615384615384615,0.615384615384615,0.640625,0.78125,0.5,0.714285714285714,0.588235294117647,0.609375,0.71875,0.5,0.696969696969697,0.526315789473684,3,2,4,0,0.646634615384615,2.65556408135496,oncogenic_pathway,SanchezVega2018_TableS4,52,32,20,20261241,pooled inner out-of-fold AUROC,pooled inner out-of-fold balanced-accuracy optimum,outer out-of-fold AUROC,AUROC >= 0.60 after inner-AUROC component tuning,TRUE,-0.0343749999999999,-0.0875,TRUE,FALSE,TRUE,TRUE
