stability_job_id,stability_repeat,seed,fold_assignment_sha256,outer_fold_n,outer_fold_positive,outer_fold_negative,identical_across_representations
1,1,20770816,6ec7719710175f77ef7340e2e3ebd722ece434f5aa3923b93e7ee23f6c5f7f55,11;11;10;10;10,6;6;5;5;5,5;5;5;5;5,TRUE
1,2,20780816,6df2dc71d88cbfc83fca672bc1e04b3fa68fb0b910c082de4d14148f10549cd8,11;11;10;10;10,6;6;5;5;5,5;5;5;5;5,TRUE
1,3,20790816,a2bcac6a9766df32577ec76a15553423b8693d5dee53fa9031be2491671c07ff,11;11;10;10;10,6;6;5;5;5,5;5;5;5;5,TRUE
1,4,20800816,16f39ce9db5799b443bb2eeff9ddcb7fd0546aaa742e63af06f9848e20e6cc86,11;11;10;10;10,6;6;5;5;5,5;5;5;5;5,TRUE
1,5,20810816,8f9097960cc55aae9d26548708394b0d134c66b0bb47c8774f526ca1ab442eec,11;11;10;10;10,6;6;5;5;5,5;5;5;5;5,TRUE
2,1,20770817,000ceba8e0e6247a1af1882014fbdd649213c54106c431400a91dcd740782955,76;76;76;74;74,46;46;46;45;45,30;30;30;29;29,TRUE
2,2,20780817,41392f7d53327707d3dae96502819e7dbcd5c415701fef249e64d7e578433c4f,76;76;76;74;74,46;46;46;45;45,30;30;30;29;29,TRUE
2,3,20790817,3827faacba84aea085ee2762864d316bd47536de603f4a07d8c4ac27779030a3,76;76;76;74;74,46;46;46;45;45,30;30;30;29;29,TRUE
2,4,20800817,15225ff2709422d1be1b416b19aeca472adc42cb3f55c807df6adb35cd57b261,76;76;76;74;74,46;46;46;45;45,30;30;30;29;29,TRUE
2,5,20810817,a2347a9a6f1999bab471aa6fb78e123f0d3487e3af30998bf23f9bd199259c23,76;76;76;74;74,46;46;46;45;45,30;30;30;29;29,TRUE
3,1,20770818,5b5f2b52f9588fa9f5851a390253b66b2fd1a4501242293a240aab91f107c4a7,52;52;52;52;50,17;17;17;17;16,35;35;35;35;34,TRUE
3,2,20780818,47baa7917a5a76f102191d18f2528ad413c0a5a181f27542b1b25dc7e7afe78f,52;52;52;52;50,17;17;17;17;16,35;35;35;35;34,TRUE
3,3,20790818,97695a50914ea1214f0b8d63639d87c44ca84a9f3bc71af4c4aae513386e41cc,52;52;52;52;50,17;17;17;17;16,35;35;35;35;34,TRUE
3,4,20800818,942dcb3a8b764a55b4a8059c3759ac72f8579aea185216a5ba1758b6bc3e24fa,52;52;52;52;50,17;17;17;17;16,35;35;35;35;34,TRUE
3,5,20810818,f2d39ff734e6e1f9b18f95fceb8297e8284b4ab4b8832ecfd3e4ba5294e5d945,52;52;52;52;50,17;17;17;17;16,35;35;35;35;34,TRUE
4,1,20770819,6df0729afafd7f7ba668d3c29b15f76b1d44ebec09e32de665bb32798077c1ef,82;82;81;81;81,33;33;33;33;33,49;49;48;48;48,TRUE
4,2,20780819,1bb34635ec533ba531d79a562fafd1eaf0898e04c0036a7cdda4b71870820766,82;82;81;81;81,33;33;33;33;33,49;49;48;48;48,TRUE
4,3,20790819,801dda7a9ee881074e7e9f74c5cb4457fb3202a357aac2b639c92d7e9204593f,82;82;81;81;81,33;33;33;33;33,49;49;48;48;48,TRUE
4,4,20800819,3e4cab99f777156e3758aa59c9a86c4e62a556b949383b1c56d6f1c357c78bd8,82;82;81;81;81,33;33;33;33;33,49;49;48;48;48,TRUE
4,5,20810819,745dee9cba04e6f199dd88de420e353ceb5929103338b7481cafcca3235a80a0,82;82;81;81;81,33;33;33;33;33,49;49;48;48;48,TRUE
5,1,20770820,b7c0178f6e0494823ea3cff3ed4b9b3567a20e301ffcf80756638ab2d1db4a0a,28;26;26;26;26,16;15;15;15;15,12;11;11;11;11,TRUE
5,2,20780820,8bc1c5527640573512abdd4568ef535af2efd0736c4efe48d670cda5c87f65c6,28;26;26;26;26,16;15;15;15;15,12;11;11;11;11,TRUE
5,3,20790820,1ca7a78c936437ccc28e49dc1d177260158d9b86835b41e4438bfb45e571b5a7,28;26;26;26;26,16;15;15;15;15,12;11;11;11;11,TRUE
5,4,20800820,2ddebff12b17e780a423a3ab596403e265117be459ea5856cb7f8931c706d145,28;26;26;26;26,16;15;15;15;15,12;11;11;11;11,TRUE
5,5,20810820,5e5e2919258791a28ca47f24923f4de442ea11b61d26f69c36d7f52c37f071b8,28;26;26;26;26,16;15;15;15;15,12;11;11;11;11,TRUE
6,1,20770821,3c5ada3baa08b17f8915d30b5aca69729395d4817b81878c65f49678c2c74296,73;72;72;72;72,10;9;9;9;9,63;63;63;63;63,TRUE
6,2,20780821,39f0685d3e469cab9be792d08eedd04d6cb840d211c30a0e3a95df40e3fb40a3,73;72;72;72;72,10;9;9;9;9,63;63;63;63;63,TRUE
6,3,20790821,2efadcc3e2c7199246954b8b754e858411e960a31176aac10c4e0319517d9801,73;72;72;72;72,10;9;9;9;9,63;63;63;63;63,TRUE
6,4,20800821,45f35ccfffd83a4993c11023c679069ea40a41e2e9ae43ecce8c1877394b0613,73;72;72;72;72,10;9;9;9;9,63;63;63;63;63,TRUE
6,5,20810821,391d45cbf8ad2516152ed347252cbc6c1e1776f860c0f6e58fad43d4c53c81ec,73;72;72;72;72,10;9;9;9;9,63;63;63;63;63,TRUE
7,1,20770822,a1a0759c8fc2a318fa381a51e30e44251e6028ef686562a70843b199f05c9925,88;87;87;87;86,36;35;35;35;35,52;52;52;52;51,TRUE
7,2,20780822,5d6f40116435aabfdda0cfd63a2a6716de38d1fba42a0d76a018733c6c0d07f7,88;87;87;87;86,36;35;35;35;35,52;52;52;52;51,TRUE
7,3,20790822,cb154071415b077e18a69b6d431d0c35bd154b420c3a22ccbe40f6aaebf1bb76,88;87;87;87;86,36;35;35;35;35,52;52;52;52;51,TRUE
7,4,20800822,3f2741c99ba6824fe4cd875f8b66a77c3f3c2af2ac44020be6df55390f3e2fc9,88;87;87;87;86,36;35;35;35;35,52;52;52;52;51,TRUE
7,5,20810822,8e7b4d3c8b2d935ea884c9b8b9b3ae7980e3044909f87ad3a6c25cbb844c23c0,88;87;87;87;86,36;35;35;35;35,52;52;52;52;51,TRUE
8,1,20770823,e3475b6e0e6b7a055fb1f1862a4c692ad475f3b0b33d926d15be19752b6b6938,93;93;92;92;91,18;18;18;18;17,75;75;74;74;74,TRUE
8,2,20780823,f685027d5284926d5422a0c35060e3c9858ca652c533e5e01173c100da850328,93;93;92;92;91,18;18;18;18;17,75;75;74;74;74,TRUE
8,3,20790823,b258d95cd2c9ac334b8bc0d994f8f7cd562de47d200a71756d9c959ad5570c8b,93;93;92;92;91,18;18;18;18;17,75;75;74;74;74,TRUE
8,4,20800823,89fcbe61138a5097a5c0a8bd9240a66f9271281be8d03b6814df536817fe985c,93;93;92;92;91,18;18;18;18;17,75;75;74;74;74,TRUE
8,5,20810823,6faee0ff923ea9e2a4ffe3e6ba576c920ee5a21cdda0d3a08a2bb8c320626a4e,93;93;92;92;91,18;18;18;18;17,75;75;74;74;74,TRUE
9,1,20770824,dc54a651f88c2c86baeac897ade66f57f448f484a75cba68d615cd5e46d93a74,97;97;96;96;95,32;32;31;31;31,65;65;65;65;64,TRUE
9,2,20780824,017c3790eee146954f33e0645ee45700734905556622fe7124f6a2af3f2593e4,97;97;96;96;95,32;32;31;31;31,65;65;65;65;64,TRUE
9,3,20790824,025c49a5dd5761e22a929a18f58b8deadc45b20163015e472f5a18a87cb54132,97;97;96;96;95,32;32;31;31;31,65;65;65;65;64,TRUE
9,4,20800824,cedd8424a713e9411c3043e24ec661021c54477cb821cf016bd15d6e24346b2b,97;97;96;96;95,32;32;31;31;31,65;65;65;65;64,TRUE
9,5,20810824,f1f460cdb80cf5bf0c70b74e26cbb2de904d02712caed7d16acb9675c316cece,97;97;96;96;95,32;32;31;31;31,65;65;65;65;64,TRUE
10,1,20770825,09764f93ac42b05c50e36f8cb6cabab25df1a0aa3e096070c95d483c5b205491,70;69;69;69;69,23;23;23;23;23,47;46;46;46;46,TRUE
10,2,20780825,2fe13750d5985e92dc061156740a1228fc7ca3ef7217a6eb6da6a28adabc9b9a,70;69;69;69;69,23;23;23;23;23,47;46;46;46;46,TRUE
10,3,20790825,3600c1275fd4c259fbe18ef4b110f4542014c072aac52da4f022beccf8aafd98,70;69;69;69;69,23;23;23;23;23,47;46;46;46;46,TRUE
10,4,20800825,6e975385ed37bef06e5b28e282ac921a95f59a510a93968e673090ae6a63c550,70;69;69;69;69,23;23;23;23;23,47;46;46;46;46,TRUE
10,5,20810825,b33540f3c73c7dbf144cd950034a51caceee91e17f8d0dcd5ee6516b9cd27186,70;69;69;69;69,23;23;23;23;23,47;46;46;46;46,TRUE
11,1,20770826,1f365e64440e4ba48f803ce0441fe933af06e926af9e042e35cbd00842fafdcf,90;90;90;90;89,53;53;53;53;52,37;37;37;37;37,TRUE
11,2,20780826,11efa8853fb86d3f03f0eced597468e5d48a9066bc5a87e5696d37c24dd5df79,90;90;90;90;89,53;53;53;53;52,37;37;37;37;37,TRUE
11,3,20790826,08ab35bd9fb65acd95891c19a103d79d6fb3cdaa7d770a45205092402923280f,90;90;90;90;89,53;53;53;53;52,37;37;37;37;37,TRUE
11,4,20800826,89a5b633f1890237de9e976932b7cc06a75f32db437f248ac88bcf0254c3edda,90;90;90;90;89,53;53;53;53;52,37;37;37;37;37,TRUE
11,5,20810826,cbf0feadd5f92b91fa2a4f96f7e5d392e2087142f993402d33bb816ce46d1b51,90;90;90;90;89,53;53;53;53;52,37;37;37;37;37,TRUE
12,1,20770827,e129b905a4775efd17320ecdb10be7bc794623582e9ab6a71a97849b449580a5,92;92;92;91;91,50;50;50;49;49,42;42;42;42;42,TRUE
12,2,20780827,6171f18fcf2b63fffb1c39900c7c6265bea8a52d269031ab1dff176482bfa52b,92;92;92;91;91,50;50;50;49;49,42;42;42;42;42,TRUE
12,3,20790827,61a796978fb257f5f879558de6e282640d7c331df360126aafeeb5183ddb032c,92;92;92;91;91,50;50;50;49;49,42;42;42;42;42,TRUE
12,4,20800827,d9126c9a528f863816580a9a287e3aa23040ca93f0c26047a1fe2ab105f0badd,92;92;92;91;91,50;50;50;49;49,42;42;42;42;42,TRUE
12,5,20810827,5028ae7e821b83c86c735dc3bb2fbac4678bea1b3b0dd3f77e89aed34db08036,92;92;92;91;91,50;50;50;49;49,42;42;42;42;42,TRUE
13,1,20770828,4e1dd5d63ec8883e7c842741aab5dfc735d7d355fb9fea106a681f9ee7cc4454,19;19;19;19;18,13;13;13;13;13,6;6;6;6;5,TRUE
13,2,20780828,54dd0f5bbd83f3e0fa1c0cd0d8be32182de8abe22c556e5b1589ca14f4499d0d,19;19;19;19;18,13;13;13;13;13,6;6;6;6;5,TRUE
13,3,20790828,1366d2b90402e0be1dc8ed826847dc410ebbb6787fd368deb7d1ed8a1e62ab44,19;19;19;19;18,13;13;13;13;13,6;6;6;6;5,TRUE
13,4,20800828,e8ad977a8876ca338e2eaf057b46d406502d2d08c851e896cd5b586de7a2de8b,19;19;19;19;18,13;13;13;13;13,6;6;6;6;5,TRUE
13,5,20810828,00f938a341aa32e828738c2286245b1bf7e1ce1c763b9a0ae55bce735544731b,19;19;19;19;18,13;13;13;13;13,6;6;6;6;5,TRUE
14,1,20770829,88ad1a1b751b12c11137ad485ab6b7d6338fd4e9e74095f65ec4edf9b6dd8596,33;33;33;32;32,8;8;8;8;8,25;25;25;24;24,TRUE
14,2,20780829,ea7aef09f21af225c7ed552eee5da91ed1d80a1cbe7df2567e0fda7c97812229,33;33;33;32;32,8;8;8;8;8,25;25;25;24;24,TRUE
14,3,20790829,9eedf23c9fdd7fdd4428b6c7b3397aad4e786a725a5fab3bfceeae8b117fcd64,33;33;33;32;32,8;8;8;8;8,25;25;25;24;24,TRUE
14,4,20800829,34fe684de2717bd8be265474e2e6dfc5eb5b208295810f5bcb52c41668305875,33;33;33;32;32,8;8;8;8;8,25;25;25;24;24,TRUE
14,5,20810829,02fa2d359b0244fee4424fa37a2d0c203672e1da7d62f71b10b9b6dd6eb532f4,33;33;33;32;32,8;8;8;8;8,25;25;25;24;24,TRUE
15,1,20770830,2198abce8e36422913f0dc0f912f73e80404f4f1e716c900b34ff4bbe0c1cd88,32;32;32;31;30,5;5;5;5;4,27;27;27;26;26,TRUE
15,2,20780830,a6c381bb3071e776312888ab44c6695eec65a4b5365b79687509ec24d15db566,32;32;32;31;30,5;5;5;5;4,27;27;27;26;26,TRUE
15,3,20790830,f69279ba1ce98584860af190d144bbc205f1c2821edf98b475dc16b71eebc0e3,32;32;32;31;30,5;5;5;5;4,27;27;27;26;26,TRUE
15,4,20800830,f28d996d24f69712ae0b960cf5c6656129c1bfa2829fc734ded77615c6d7d771,32;32;32;31;30,5;5;5;5;4,27;27;27;26;26,TRUE
15,5,20810830,7cc4dd6e3958c1ead86c5b6c472f67f8adc243e67f737947c83ca347b6c51555,32;32;32;31;30,5;5;5;5;4,27;27;27;26;26,TRUE
16,1,20770831,6853689ee4cb943898a4f15f68c63bd0901ab00456cadbe242a415e3febd9ea1,71;71;71;70;69,6;6;6;5;5,65;65;65;65;64,TRUE
16,2,20780831,95c9289679302375247bc86863ae04113dffbf95ad284e0331300fe0cef10ea4,71;71;71;70;69,6;6;6;5;5,65;65;65;65;64,TRUE
16,3,20790831,50f9344fc49b14046c1584ca5615ddd9f5634dc4d5dbaf5c1a96b9ee4c84cdc2,71;71;71;70;69,6;6;6;5;5,65;65;65;65;64,TRUE
16,4,20800831,38a0102d4fcfd09313f1f75f279e8041a8fc58983abdfc985cba2e2266fd854a,71;71;71;70;69,6;6;6;5;5,65;65;65;65;64,TRUE
16,5,20810831,a719fc000c183ba2e781873cd8f36adb3cc3dc68c7a5dd6f0a4c88e2db120316,71;71;71;70;69,6;6;6;5;5,65;65;65;65;64,TRUE
17,1,20770832,e43d29b4d0939af8d30c9c9c43155920744d2a75d2d6d66dcacd73dab8ba17aa,29;29;28;28;28,15;15;14;14;14,14;14;14;14;14,TRUE
17,2,20780832,e1adcab82ee7231f016d72d5c982a22de956b1e0f1d13ebf59b159932ef7c951,29;29;28;28;28,15;15;14;14;14,14;14;14;14;14,TRUE
17,3,20790832,16512416390d3fa5880a91d865eba3bbf02568ad207e2df417157125db459127,29;29;28;28;28,15;15;14;14;14,14;14;14;14;14,TRUE
17,4,20800832,62ee4334ca3946bf251ec0eddc3732259ae377f450c0a8847e5e7aa302b0d20b,29;29;28;28;28,15;15;14;14;14,14;14;14;14;14,TRUE
17,5,20810832,3df531ac75d27f3dd868732a672df34f6afb5c70c0a2505c54ee8dff6e29740d,29;29;28;28;28,15;15;14;14;14,14;14;14;14;14,TRUE
18,1,20770833,bd01593016bb2296f09dc0ee47365c40aab6648a5c537d062c83c858b860a1cf,49;48;47;47;47,23;23;22;22;22,26;25;25;25;25,TRUE
18,2,20780833,8713ec19d8155435262fa99228fb04cea8c7d59b9b550beb2ab5c1c04a5997d7,49;48;47;47;47,23;23;22;22;22,26;25;25;25;25,TRUE
18,3,20790833,226fd5ec4f5761674a8b9944876b1e34976d15b43825f1e09ecc67ba7abd7547,49;48;47;47;47,23;23;22;22;22,26;25;25;25;25,TRUE
18,4,20800833,acd8d061512f9e489e6af3d83ea4bebc53438d2953f385ada85ee34a14f1cd55,49;48;47;47;47,23;23;22;22;22,26;25;25;25;25,TRUE
18,5,20810833,daf6af1182253db74f4c16399730d6f04bf5efc24d7ebed80e9b0de2ef4a8121,49;48;47;47;47,23;23;22;22;22,26;25;25;25;25,TRUE
19,1,20770834,4fbdb0ce8c35e69882de595997abae307ab1b480c47dd3d99dca2a3dfee22d62,20;20;20;19;19,7;7;7;7;7,13;13;13;12;12,TRUE
19,2,20780834,390c0dd186b850279390e901c3b2a316275baefe6f5a1c6e785a750aae4bfe45,20;20;20;19;19,7;7;7;7;7,13;13;13;12;12,TRUE
19,3,20790834,cf03764d692d6ab30c12a1d8be8a62bf5df9a55adfda76e7a9df637c19c00fd4,20;20;20;19;19,7;7;7;7;7,13;13;13;12;12,TRUE
19,4,20800834,9ed479df5e39a68efdcac6d323ade387dd7e112cb1ae70be46c659c91b6a08e2,20;20;20;19;19,7;7;7;7;7,13;13;13;12;12,TRUE
19,5,20810834,c85d2f2b5d9049595ceeef4f2400bc62c2ef35968f49c885eef88352ed1ac61c,20;20;20;19;19,7;7;7;7;7,13;13;13;12;12,TRUE
20,1,20770835,4f88afd5da337d8b32ec311ac8248b29cee7a90947f9c3a9d0d0442b6b4f00f7,72;72;70;70;70,31;31;30;30;30,41;41;40;40;40,TRUE
20,2,20780835,4f89bb06ae69ff5f8e22ed7fed2f209f41bb5dc4b6ec67bf772ce1939ff38e21,72;72;70;70;70,31;31;30;30;30,41;41;40;40;40,TRUE
20,3,20790835,33ab413bce793b75872b318dc2a3beb89ae34af24d83181bea9e0a88252e86d7,72;72;70;70;70,31;31;30;30;30,41;41;40;40;40,TRUE
20,4,20800835,62eadd438b702109a49f336f9f1639d236a8fb8853d7e7c1e7c7cb1a60a79f6c,72;72;70;70;70,31;31;30;30;30,41;41;40;40;40,TRUE
20,5,20810835,9a426004201a3c25cd2f4e06bbbf9230f68909a6f7df52f9d625e33633af9570,72;72;70;70;70,31;31;30;30;30,41;41;40;40;40,TRUE
21,1,20770836,e297f6d178219e2297eff23bdf668d631c3d4040cd2bbecc8a2fc27f08b86a94,96;96;95;95;94,20;20;19;19;19,76;76;76;76;75,TRUE
21,2,20780836,afe52e1ebdc853043bd3a1b6f275bd907c4c0687cce338c7947103678bb6b021,96;96;95;95;94,20;20;19;19;19,76;76;76;76;75,TRUE
21,3,20790836,2bf589445824ecd2349ec8d67f28c84c6ad86382a83a3f5ffacb85252697f91d,96;96;95;95;94,20;20;19;19;19,76;76;76;76;75,TRUE
21,4,20800836,4502c526c4844dd5ec58a4faf5057c6ea59db12d43f3097ee895736f324bf31a,96;96;95;95;94,20;20;19;19;19,76;76;76;76;75,TRUE
21,5,20810836,1110a64fb57857cd16f22baa70c322ac895730347e77782ec5245e33165a6c8e,96;96;95;95;94,20;20;19;19;19,76;76;76;76;75,TRUE
22,1,20770837,8e3295ecebe668c9e25403eabe385f7c91e01aa0fade1815a8c6e4e05961778d,78;77;77;76;76,20;20;20;19;19,58;57;57;57;57,TRUE
22,2,20780837,f6fa70a43c7499ad730a44e6055efac0edcb3083c369c36cd32cd1d70bc2e1be,78;77;77;76;76,20;20;20;19;19,58;57;57;57;57,TRUE
22,3,20790837,e1a0c313e267bfe8173be6114662e065c1fb5f7f7ac1a1adaf81a9c4b632d178,78;77;77;76;76,20;20;20;19;19,58;57;57;57;57,TRUE
22,4,20800837,7fdb28cadf12cacff5cdea2f9a7a998b4e64c8b9c819e24b90d6969f623cfb0c,78;77;77;76;76,20;20;20;19;19,58;57;57;57;57,TRUE
22,5,20810837,f7c9245b01d9b9b6e1218d16124bf5479a9b8e0f28c846d8fcf16692676ffe07,78;77;77;76;76,20;20;20;19;19,58;57;57;57;57,TRUE
23,1,20770838,1104692825e532327e2267a6b3a7a8f9f2233a0a18f1853044aeb5bbdb0805ed,78;77;77;76;76,11;11;11;10;10,67;66;66;66;66,TRUE
23,2,20780838,2d1f4f867f7a31bd94b59fae0c07377b6366519d4af2fa139c9dabd347e8387a,78;77;77;76;76,11;11;11;10;10,67;66;66;66;66,TRUE
23,3,20790838,a3f5492703dc08332274653566e9cb76e51d54819a6a9c2b7bcb670c160944ed,78;77;77;76;76,11;11;11;10;10,67;66;66;66;66,TRUE
23,4,20800838,b2b5f8e6fc7a4da97b5d303c8acdb779e512248c378854cab2f70995e551b915,78;77;77;76;76,11;11;11;10;10,67;66;66;66;66,TRUE
23,5,20810838,945cfa4251eae1fdc53cbef6f0c1ea304df36b12ea02f3e572ab3cac7fdb3c28,78;77;77;76;76,11;11;11;10;10,67;66;66;66;66,TRUE
24,1,20770839,6ad413cdd581ae583cc827cbaa2bcb24d9bc5be6f7f0e883471605d901536f81,77;77;77;77;76,5;5;5;5;4,72;72;72;72;72,TRUE
24,2,20780839,a9f998c71d50c105712555b2af4e6e57f3b03a1c2c903fa93cce908eff4dd6fb,77;77;77;77;76,5;5;5;5;4,72;72;72;72;72,TRUE
24,3,20790839,5285f254b26579057826bd210af8a43e110fb0c87dd6ed256cb391e393cd1bab,77;77;77;77;76,5;5;5;5;4,72;72;72;72;72,TRUE
24,4,20800839,c57e373340d789101d40d34eef4302227c5de7e1fb3631d86aa14dff34eb4d53,77;77;77;77;76,5;5;5;5;4,72;72;72;72;72,TRUE
24,5,20810839,f485ad927c4c717e388d18391bd7b265f1ec6cc668258bf96af209417f7f2bd8,77;77;77;77;76,5;5;5;5;4,72;72;72;72;72,TRUE
25,1,20770840,b91140d913e2f0ff3abc43f662d71caba6e1186434d5eb493f1750a227753fbe,78;77;77;76;76,10;10;10;9;9,68;67;67;67;67,TRUE
25,2,20780840,fb2806937f47998185d782a71e38c4c838dd4e238679fd89c8d6d99fceb10fa9,78;77;77;76;76,10;10;10;9;9,68;67;67;67;67,TRUE
25,3,20790840,2faf1d22e45573c1d5ac5c5ff4754b2933c5c39f80ba75ebd132646eb6d30e23,78;77;77;76;76,10;10;10;9;9,68;67;67;67;67,TRUE
25,4,20800840,2a53d970121404d933229d3751696e56541e63bd4015fa486968f6688924c49c,78;77;77;76;76,10;10;10;9;9,68;67;67;67;67,TRUE
25,5,20810840,eec45661539abab3335533107f6fe235a14bcd57adfabc7315c251f5c9395412,78;77;77;76;76,10;10;10;9;9,68;67;67;67;67,TRUE
26,1,20770841,95551c3f196369a812f1c3dafdf1f24e265a36986ad6c6e7f0e12c987f0d370c,78;77;77;76;76,10;9;9;9;9,68;68;68;67;67,TRUE
26,2,20780841,1d9578d0cd54b1f1df30f20e254165f8d4e9872523eb451725dfdeceaaa3328f,78;77;77;76;76,10;9;9;9;9,68;68;68;67;67,TRUE
26,3,20790841,c16c758656b786024ce4bb0215397e44401e8b14963e96f97c451ca0d101401e,78;77;77;76;76,10;9;9;9;9,68;68;68;67;67,TRUE
26,4,20800841,39db72e8b71084962a6b3bf26f3b3d9ca279d7f189fd4040f3e5fc1c5b0ebb70,78;77;77;76;76,10;9;9;9;9,68;68;68;67;67,TRUE
26,5,20810841,b52fa70a87a5c37dbc66915253083fba1bf19cc0b590d911241dc3e6815c93db,78;77;77;76;76,10;9;9;9;9,68;68;68;67;67,TRUE
27,1,20770842,6805b9cd24c27a5aa7bc9fd1875fc5bcdd0f1637b855092149addbac63ff2929,77;77;77;77;76,8;8;8;8;8,69;69;69;69;68,TRUE
27,2,20780842,4181d0a42aef030e858b78f705237ee6e03e8cafdb06dd52e8eca8adea00c2da,77;77;77;77;76,8;8;8;8;8,69;69;69;69;68,TRUE
27,3,20790842,7b1bbb9bedc319cbda11a8b14ae56c5ceb6218acfe0c20a73dc65c411d8e1ce7,77;77;77;77;76,8;8;8;8;8,69;69;69;69;68,TRUE
27,4,20800842,89c5c506396b6f6de6398b4426cc0d646590f9f369eb7cfff5e4f67e1d2f1c8c,77;77;77;77;76,8;8;8;8;8,69;69;69;69;68,TRUE
27,5,20810842,1e00533fc4bc5e9d4f91758a2ae9019393815a807cfd1c29f24a8c7b17ec0617,77;77;77;77;76,8;8;8;8;8,69;69;69;69;68,TRUE
28,1,20770843,845f0e8f7b044f362ea7390fb9ad4bbae0916a16b0533ba868eeb3bbb2f746d9,77;77;77;77;76,7;7;7;7;7,70;70;70;70;69,TRUE
28,2,20780843,433916298433fbc2f2e4740b12785df25d3de02961ea6130c154ade511b328a6,77;77;77;77;76,7;7;7;7;7,70;70;70;70;69,TRUE
28,3,20790843,8edfeea829a8f1a9cf1eeb699b4eec283fe92aee372151a2cb62e56934ce1ae1,77;77;77;77;76,7;7;7;7;7,70;70;70;70;69,TRUE
28,4,20800843,60096306c3b010bf202ebfc2e7b25411fb03ab00b0da5b3ad3c267a255c40888,77;77;77;77;76,7;7;7;7;7,70;70;70;70;69,TRUE
28,5,20810843,8e201f7a4564099f4d4f2be64c70f5020802e9ff9c71f1337d90ab3995cdc0cb,77;77;77;77;76,7;7;7;7;7,70;70;70;70;69,TRUE
29,1,20770844,10cbc63e78bf943e682a5f5c6b89cbfe6300ac3ba48c648b1a779a3fb7fd1507,78;77;77;76;76,10;9;9;9;9,68;68;68;67;67,TRUE
29,2,20780844,7c52157196c1ec30ff2af06e23eeeb10ddadf8233195c4b1caaf52b09c345e6e,78;77;77;76;76,10;9;9;9;9,68;68;68;67;67,TRUE
29,3,20790844,48be241c019e0c41dfbe7eea9dda33e34174dc8075d4e0dd11bfa99776923ab5,78;77;77;76;76,10;9;9;9;9,68;68;68;67;67,TRUE
29,4,20800844,9c917b0364d35b3b8d6ffcae09c4714d04c1affdfedd530ffb43396dbe072faf,78;77;77;76;76,10;9;9;9;9,68;68;68;67;67,TRUE
29,5,20810844,3b4920bbefe36f33d1606d59818c5a99e044a293f58e57a7665b54ed958d66ac,78;77;77;76;76,10;9;9;9;9,68;68;68;67;67,TRUE
30,1,20770845,da8389bd273398e1844f8de99eb610df6d48cad4246eb830daaa453267d00111,77;77;77;77;76,6;6;6;6;6,71;71;71;71;70,TRUE
30,2,20780845,12b1f530dfedffe5786e835d79058eaefe292488911b6a877b5b1d97f631a5b6,77;77;77;77;76,6;6;6;6;6,71;71;71;71;70,TRUE
30,3,20790845,fa7a864d0f89a261a0476816a6d738a499d09d08b056864807448886c4fcdb33,77;77;77;77;76,6;6;6;6;6,71;71;71;71;70,TRUE
30,4,20800845,45e6c13eb07d14878208d49a544a3cbfc13fc0e238bda3061d9a0f7d70c58788,77;77;77;77;76,6;6;6;6;6,71;71;71;71;70,TRUE
30,5,20810845,f82cf086bb8e1c199da1969836a3c3ca48a7b7c042f618b4118ed398a35b853e,77;77;77;77;76,6;6;6;6;6,71;71;71;71;70,TRUE
31,1,20770846,f61ac78f12755ee96e004a814274f69ce83ea5165282fe753335b7dbec2bf072,77;77;77;77;76,11;11;11;11;10,66;66;66;66;66,TRUE
31,2,20780846,fd0cc63ce5db9fb439a67a41d526715df9bf363114c0378de6c177e3316f46e5,77;77;77;77;76,11;11;11;11;10,66;66;66;66;66,TRUE
31,3,20790846,1969609bb93f43959c31bdf03021f73ee6a21a4f7e4a5b938db759d17185a86c,77;77;77;77;76,11;11;11;11;10,66;66;66;66;66,TRUE
31,4,20800846,e4c66b7ec092df9446a71c9698066577a79ccc40cab66f84682e91d7574ae6d8,77;77;77;77;76,11;11;11;11;10,66;66;66;66;66,TRUE
31,5,20810846,b1ec582ce0c1aca6567eca30f26a167fe769b3c35cf7f3ca541919966377bb14,77;77;77;77;76,11;11;11;11;10,66;66;66;66;66,TRUE
32,1,20770847,5800995caa9ea13ab800655c9d466dddd4d357999c7d213746ec0d41a8a45c2d,77;77;77;77;76,5;5;5;5;4,72;72;72;72;72,TRUE
32,2,20780847,ab063d82d2e4300a65ebdd7ea4fd2332ac9584bbcb9c16c5d22be46eef2fbaa9,77;77;77;77;76,5;5;5;5;4,72;72;72;72;72,TRUE
32,3,20790847,785dc055dc83b8b0bc47b2b1cac67e50e0ff87c27200919a3d01a5015ac26e47,77;77;77;77;76,5;5;5;5;4,72;72;72;72;72,TRUE
32,4,20800847,1274ffe87e5811c4f9168de7e481538e7d69e57637f23a600a6a574d23843b14,77;77;77;77;76,5;5;5;5;4,72;72;72;72;72,TRUE
32,5,20810847,add0f27f867f25c4da024396aa2f7d7ebb78b2f84ec65da413590fc1e21eadd4,77;77;77;77;76,5;5;5;5;4,72;72;72;72;72,TRUE
33,1,20770848,5ccdd546a5251190b5aeeaa04d6ab165a4b9f6d10810a5c05efe1bcc5a20103a,77;77;77;77;76,5;5;5;5;4,72;72;72;72;72,TRUE
33,2,20780848,a6fd5b4eea8d8448e4d510fc6fa9fbf409243bc4a6aef16c2cd33d616d3849fc,77;77;77;77;76,5;5;5;5;4,72;72;72;72;72,TRUE
33,3,20790848,11db1d4e2dbc71780a51662c5e4cb9afb44330cbe58bb88bb216eca0e74cc23c,77;77;77;77;76,5;5;5;5;4,72;72;72;72;72,TRUE
33,4,20800848,b9fa38c2b9aa9453ba245624f18ffbe15efcba0ec5f5ac571b068f8b8243f317,77;77;77;77;76,5;5;5;5;4,72;72;72;72;72,TRUE
33,5,20810848,a701261de55c83294bb592ac987ff9076e43ef01fa6974ccfdbe229e7a3eede7,77;77;77;77;76,5;5;5;5;4,72;72;72;72;72,TRUE
34,1,20770849,f1396f3bd1fe343b906d244494d48376835a8d52a3aec7a71d354d3b7c0e42f1,78;78;76;76;76,17;17;16;16;16,61;61;60;60;60,TRUE
34,2,20780849,24df1154f928a95d8591330e3ab29d2e25b4ee162fa7d71fc19074d49b5c0157,78;78;76;76;76,17;17;16;16;16,61;61;60;60;60,TRUE
34,3,20790849,07c114d98f73b49a89c37cb14207e2d940c6a8f8ec0b988fbaecfb1a40d5e896,78;78;76;76;76,17;17;16;16;16,61;61;60;60;60,TRUE
34,4,20800849,8b1252df1f5093ba18fc575ca7d3409e66ed4d4502a75b9bf6f7c43c91c3bb96,78;78;76;76;76,17;17;16;16;16,61;61;60;60;60,TRUE
34,5,20810849,ae23c7700a0820efb1afb22a88f8de9c5e221efa001b6ed4341709cde9a29062,78;78;76;76;76,17;17;16;16;16,61;61;60;60;60,TRUE
35,1,20770850,2ba1db7a33859bcefaf4a090cf5e55359cfad6d0259af79ff94dadded9f908f3,78;77;77;76;76,15;15;15;14;14,63;62;62;62;62,TRUE
35,2,20780850,dbfa974898563d6f54a1dbc6d34b831fd610339cbdd9816523a42c80f658f304,78;77;77;76;76,15;15;15;14;14,63;62;62;62;62,TRUE
35,3,20790850,db5b87c23307667818754164934ad6d31ccb8e8ab4aa4242c8e2a959ae170f16,78;77;77;76;76,15;15;15;14;14,63;62;62;62;62,TRUE
35,4,20800850,d71ac6a5353e02c8b79dd54167be49968d281ea26e87a65620a3ce2ae727995d,78;77;77;76;76,15;15;15;14;14,63;62;62;62;62,TRUE
35,5,20810850,6cb2f2224c7d9bc7114c41c063637d27b5731d5ff2a69fa2d9d0d5a28654ba09,78;77;77;76;76,15;15;15;14;14,63;62;62;62;62,TRUE
36,1,20770851,b20e3a6b0cf99f776cf3ab42a2e1499702e707fed447d4e95da86c871c6450f8,77;77;77;77;76,5;5;5;5;4,72;72;72;72;72,TRUE
36,2,20780851,a8fddf70cf9c3a5f9d318b8bcfa3066fb18b9532a08b458803561dca8f7e1b0c,77;77;77;77;76,5;5;5;5;4,72;72;72;72;72,TRUE
36,3,20790851,71500099b6190f90ca8e066c2f9fb7035f1098bd3196040b373e310c911ad16e,77;77;77;77;76,5;5;5;5;4,72;72;72;72;72,TRUE
36,4,20800851,bbb5084689152425b6409e781bef8ff4d61296cab9a6db6efced273472be1c31,77;77;77;77;76,5;5;5;5;4,72;72;72;72;72,TRUE
36,5,20810851,527a7d5ca36dc5d88f8ee9a3286f11d58ca51f75987f2d582c56aa277ec114a1,77;77;77;77;76,5;5;5;5;4,72;72;72;72;72,TRUE
37,1,20770852,f52f3564dba76df40389a1bf22bbe9ce19ca542b621a3063f5cc94aaee73b7ca,78;77;77;76;76,5;4;4;4;4,73;73;73;72;72,TRUE
37,2,20780852,c1ec77fbd2e92f3d9abb60f86cd84482b8cfbc7723c49509c82c1db2fb8ff353,78;77;77;76;76,5;4;4;4;4,73;73;73;72;72,TRUE
37,3,20790852,e19ee5b02c026ceb70641e1575d383ddb3208256227e84645538a0c8144730b5,78;77;77;76;76,5;4;4;4;4,73;73;73;72;72,TRUE
37,4,20800852,97a994c728d40ec26fec943faecca31c3145d4cd14f2872943f7e6a44df719bb,78;77;77;76;76,5;4;4;4;4,73;73;73;72;72,TRUE
37,5,20810852,fdd93d7d72ba742b5b088ba9dfa787997e7c398b6effeaa0183bfb51987222c7,78;77;77;76;76,5;4;4;4;4,73;73;73;72;72,TRUE
38,1,20770853,b1cb5c8bc87ec4acd3eb6010af63c2499d0cc9a8dc7d895181075dd6df28fdbe,78;78;76;76;76,5;5;4;4;4,73;73;72;72;72,TRUE
38,2,20780853,8ba4343a4ecfb83b86eba19925f09a4e6cee73b82c2b3734aca9dff92296b7c2,78;78;76;76;76,5;5;4;4;4,73;73;72;72;72,TRUE
38,3,20790853,9a4c544db904fb86b8194b36acf758edd60132c91d078747a4ae583573bb457e,78;78;76;76;76,5;5;4;4;4,73;73;72;72;72,TRUE
38,4,20800853,a6e6a1759a04f1baef06a646c843e5d501e047ec986e05277fc5dbdec903a3d2,78;78;76;76;76,5;5;4;4;4,73;73;72;72;72,TRUE
38,5,20810853,ad177f0dcfcc9e161cc258c1afaa0e3fe0789624691c38c5b77b4a4e50fe09c2,78;78;76;76;76,5;5;4;4;4,73;73;72;72;72,TRUE
39,1,20770854,942f73fbab7ca8e898950ca42bdbd029189b1b27a84b39e57e49d5d717417839,77;77;77;77;76,9;9;9;9;9,68;68;68;68;67,TRUE
39,2,20780854,fead5edc60e4fe3b6f2defda6aa120b89f319cb9bcff30292ad5e9f28c3f9c4d,77;77;77;77;76,9;9;9;9;9,68;68;68;68;67,TRUE
39,3,20790854,476748dbb315af549f21c390a92e711c89a77088cbca221cefafe2d18e8651dc,77;77;77;77;76,9;9;9;9;9,68;68;68;68;67,TRUE
39,4,20800854,69623b244ae2623215c7409ace24d687f169fa987d413b464400e733dbe1a591,77;77;77;77;76,9;9;9;9;9,68;68;68;68;67,TRUE
39,5,20810854,1208c787e9fa1ad56b960b7a341a00923a40987e7d6b417dd94cda8380d21263,77;77;77;77;76,9;9;9;9;9,68;68;68;68;67,TRUE
40,1,20770855,fa84edc15b50d40b69d615c4ef7e9170136a8f33e6c12ac4595585b6a84fd0f1,78;77;77;76;76,11;11;11;10;10,67;66;66;66;66,TRUE
40,2,20780855,c9ccff7d86a33edf0254fbec67ca5cc6fd078560a9c2847239f164312953a11a,78;77;77;76;76,11;11;11;10;10,67;66;66;66;66,TRUE
40,3,20790855,748f05c539d6af94f79a32854bd203df082c980fd0d1987325b81b93a7c0da55,78;77;77;76;76,11;11;11;10;10,67;66;66;66;66,TRUE
40,4,20800855,7b7344ef94f8bd3dd3fa77271e17d933be141201f68def5ef8c221e083680db6,78;77;77;76;76,11;11;11;10;10,67;66;66;66;66,TRUE
40,5,20810855,14df9bbd4a111af0d902c1d42a1f7eed5c1f5584a6fc570955bc22e63d4b6a01,78;77;77;76;76,11;11;11;10;10,67;66;66;66;66,TRUE
41,1,20770856,c66e2fb2c562b3cc02a2a59e18f208a385c4ed448cfe3f41b3abc7f1c1d7c2e3,77;77;77;77;76,37;37;37;37;37,40;40;40;40;39,TRUE
41,2,20780856,ab1c5dfcefa39150dc10f75a5e54c802ce5980fba9862a1a60ea3d74b2ebb6a8,77;77;77;77;76,37;37;37;37;37,40;40;40;40;39,TRUE
41,3,20790856,720ad03730e69c0b45ceddc75cba0ec81b364e1f73ef043484ee08a0b841ccac,77;77;77;77;76,37;37;37;37;37,40;40;40;40;39,TRUE
41,4,20800856,f0e3eeec37403f88b21514006ff99e355da7519cbe8dfc88835de52fa64e4671,77;77;77;77;76,37;37;37;37;37,40;40;40;40;39,TRUE
41,5,20810856,fb64d3baec6bbec7b89f68b32d60c2d07eaac19e2f7f8bc1aae18aac2bf65416,77;77;77;77;76,37;37;37;37;37,40;40;40;40;39,TRUE
42,1,20770857,80bdce1c04f5b87a15103c2f61f50f2b0b0c81a005ef4141e5a571ff2e948fc8,77;77;77;77;76,5;5;5;5;5,72;72;72;72;71,TRUE
42,2,20780857,62434900c2d5fb940c872710cffef611084a5a6b142d08a475d23451455da35b,77;77;77;77;76,5;5;5;5;5,72;72;72;72;71,TRUE
42,3,20790857,7ba0dc20b99e7eb6c8172c24894d005fd9fe0a07fbe8ceae4a5d095e90f07ccf,77;77;77;77;76,5;5;5;5;5,72;72;72;72;71,TRUE
42,4,20800857,fc01e24eeb40958fe69ac62ef933e1afd3cf30f8f9249aff57ab482b7ee008f6,77;77;77;77;76,5;5;5;5;5,72;72;72;72;71,TRUE
42,5,20810857,b388f298228d52169bd7ad510a145ef6bc04938d63ab98751f3d861e01d9c020,77;77;77;77;76,5;5;5;5;5,72;72;72;72;71,TRUE
43,1,20770858,6c666e559fec582f857ecd1864dd1aeb0d561df5bb3d66e5a573e967444939cc,51;50;50;50;50,6;6;6;6;6,45;44;44;44;44,TRUE
43,2,20780858,59dbd0d88f002e25240e068348a89fdd9c510e0e054c8461119d3583753a4ab1,51;50;50;50;50,6;6;6;6;6,45;44;44;44;44,TRUE
43,3,20790858,b6082a292bf9a467caaebce1d931571bfa3cca744d88e1c130ea6f374e866a7e,51;50;50;50;50,6;6;6;6;6,45;44;44;44;44,TRUE
43,4,20800858,9974ea6b975fe3008657ca8eaa7453bd2b04f659e4fc94771c3ee255b56a0fe3,51;50;50;50;50,6;6;6;6;6,45;44;44;44;44,TRUE
43,5,20810858,0d66c941028ee5c4eed23412d564d534b188b3df9ca7e2589a15a556daae6d8e,51;50;50;50;50,6;6;6;6;6,45;44;44;44;44,TRUE
44,1,20770859,1eaac3009462f40836658ee89adcfec7ce7da67e565253c948cb0b1fb9f0a609,51;51;50;50;49,10;10;9;9;9,41;41;41;41;40,TRUE
44,2,20780859,1d9135f18efcefe9efee1a8dba69f0e2178b6ba4772376e5f6b48626360644c7,51;51;50;50;49,10;10;9;9;9,41;41;41;41;40,TRUE
44,3,20790859,3d0265c100b9d20dae1eaa0130c46701ee385115efcf42f8a7ca62c24f3c871a,51;51;50;50;49,10;10;9;9;9,41;41;41;41;40,TRUE
44,4,20800859,968683918aace3578e02bf1b0dd587c5222ca8e0ecd0be63910b7261022c915f,51;51;50;50;49,10;10;9;9;9,41;41;41;41;40,TRUE
44,5,20810859,d7e662b1cc94fa700c4d9806533af44c324741de5c986413113ff2b8c6fbe58d,51;51;50;50;49,10;10;9;9;9,41;41;41;41;40,TRUE
45,1,20770860,89a057f3f605c79f3202034173d43b8c25205473e6e7da1498f9b7647a8edb11,51;51;51;49;49,8;8;8;7;7,43;43;43;42;42,TRUE
45,2,20780860,eef8c1fb4460cf08049769dcc10074a7d1fdc2f7a425423d498a543fed8a9625,51;51;51;49;49,8;8;8;7;7,43;43;43;42;42,TRUE
45,3,20790860,15e168f8ebe714de401a8f6f0d6808cf6cc6e5e7160a2162d7c79ef110ece332,51;51;51;49;49,8;8;8;7;7,43;43;43;42;42,TRUE
45,4,20800860,2191ad531683b94417246f6609d79a777e5c5c2d53983957d0f1ea3b62d743ad,51;51;51;49;49,8;8;8;7;7,43;43;43;42;42,TRUE
45,5,20810860,17088d6ddc66e59a139d906ae4ffd5f8df41387360ddbfd8d10e1cceeff5f148,51;51;51;49;49,8;8;8;7;7,43;43;43;42;42,TRUE
46,1,20770861,ee6b65f7b5a4bd2a70ebd15c86a5aa40623dbaad2f6fab02c0047e50013acc98,51;50;50;50;50,14;14;14;14;14,37;36;36;36;36,TRUE
46,2,20780861,f0a2dc9877ff8675b085b643e782fe574376df02f7b40bc64c46cd48efc0d98c,51;50;50;50;50,14;14;14;14;14,37;36;36;36;36,TRUE
46,3,20790861,ca63e73e8e69a43cb60d2ce27340078d45f9dc27511b15b2a4904e5f9295dc84,51;50;50;50;50,14;14;14;14;14,37;36;36;36;36,TRUE
46,4,20800861,cb699950a2ad6d96360ab2559640e84a9941f13d98bb1c9489617b54628b371a,51;50;50;50;50,14;14;14;14;14,37;36;36;36;36,TRUE
46,5,20810861,3491683054fd95e14ed56b97fd9122c81c6c718ee3559760edc9c0c80e09fa28,51;50;50;50;50,14;14;14;14;14,37;36;36;36;36,TRUE
47,1,20770862,79f9a301772b1c93ddbde864897faef5377fbbeb03b7c721f2e4a0f70e2de581,51;50;50;50;50,5;4;4;4;4,46;46;46;46;46,TRUE
47,2,20780862,76d5d70b338557d99408d70b97c1c5891f8a5ad7b853f858e6ed907502ba772b,51;50;50;50;50,5;4;4;4;4,46;46;46;46;46,TRUE
47,3,20790862,052747b89ed4b0edc13cc86e5fb113a4adddd2be7ced372191e5243c3a698040,51;50;50;50;50,5;4;4;4;4,46;46;46;46;46,TRUE
47,4,20800862,f19bea52a777237899b870a48a8ee1c5486453aeaab1251040d2fefcd4a6c1e4,51;50;50;50;50,5;4;4;4;4,46;46;46;46;46,TRUE
47,5,20810862,3db75b95827a55f01c07d0f1d4b8131cc64ea4c94cbb6e2d82817870f1912335,51;50;50;50;50,5;4;4;4;4,46;46;46;46;46,TRUE
48,1,20770863,014361bac2fee195e5d1fffdcf0904a62a0b314ffe40c90809f70542be117963,78;76;76;76;76,5;4;4;4;4,73;72;72;72;72,TRUE
48,2,20780863,4039a57df5240ae47cc94f5d7ad2a9d3be1586f808a82e0fa66d9ea6c5940ebf,78;76;76;76;76,5;4;4;4;4,73;72;72;72;72,TRUE
48,3,20790863,3ff794137c4eba8d3dbbf456aefb2904e64504258f8d4ee5b4344b2bf4c5ec9c,78;76;76;76;76,5;4;4;4;4,73;72;72;72;72,TRUE
48,4,20800863,bab250c3bdf6a62f1e27dd2fdd76d11cfd6f6f136868c8d675865ab51af2acad,78;76;76;76;76,5;4;4;4;4,73;72;72;72;72,TRUE
48,5,20810863,fd796618fc598082fe9acba9774c18f68a35ebd4f7967ab24c3ac5844fe23af3,78;76;76;76;76,5;4;4;4;4,73;72;72;72;72,TRUE
49,1,20770864,8647d37d96339c9df7315ad06a1c9f139729e76e372b88d66663ece8715ebfc4,77;77;76;76;76,8;8;7;7;7,69;69;69;69;69,TRUE
49,2,20780864,2b6f07fdf0b1b1f4c3ab7fab1caccf5c0fbbe7f95a5f0f6ccafd342cdcdaa011,77;77;76;76;76,8;8;7;7;7,69;69;69;69;69,TRUE
49,3,20790864,34d028dc93cc268d2133031e255830963f4f8423ff4fdd1e1754c830d6f3802f,77;77;76;76;76,8;8;7;7;7,69;69;69;69;69,TRUE
49,4,20800864,f10a285989b94bc8d267dd9b2e7aab2fa5e8736ad8d16abcfdb7f51317141fe3,77;77;76;76;76,8;8;7;7;7,69;69;69;69;69,TRUE
49,5,20810864,053ffbb6ec1335bf8cbb388458ecd23f6eaccb0e4093740aec934aa79359f67b,77;77;76;76;76,8;8;7;7;7,69;69;69;69;69,TRUE
50,1,20770865,63caf3b44c5d0439cafcb05dcdeb8c958a235eb8fe6f2fe8e862836715a6472e,78;76;76;76;76,40;39;39;39;39,38;37;37;37;37,TRUE
50,2,20780865,4c93152854b308b87f5a7f45f3cad7c0f324bdad5000b0676305e8ef4c754614,78;76;76;76;76,40;39;39;39;39,38;37;37;37;37,TRUE
50,3,20790865,00c67e86a4fc775bdbf7db597e5d600ac26ecafdd54fc5daa32454c41dd95dbf,78;76;76;76;76,40;39;39;39;39,38;37;37;37;37,TRUE
50,4,20800865,bae13f7696dcf1f6e260def6ddd1c868fd2fdc860280076c699093e404a1940b,78;76;76;76;76,40;39;39;39;39,38;37;37;37;37,TRUE
50,5,20810865,6983eefb38447b24651e894c1475711c1e26ebc0f36618f01116b90aee2d1fce,78;76;76;76;76,40;39;39;39;39,38;37;37;37;37,TRUE
51,1,20770866,899ce5ff5c026ce68d4f5f3dec95f337f614cf7bf086d17a6b3ff39b754ccade,77;77;77;76;75,7;7;7;7;6,70;70;70;69;69,TRUE
51,2,20780866,c40a3fd2807a431f4b660cae0a38ae33c9131b71e74b4f0039c4e929dbaaa0e8,77;77;77;76;75,7;7;7;7;6,70;70;70;69;69,TRUE
51,3,20790866,6705114110e4efe4edd2b42b28d57646b022850b7c9da93192b0433e1c5f185d,77;77;77;76;75,7;7;7;7;6,70;70;70;69;69,TRUE
51,4,20800866,bbd088e9060b96ffba2bc2be079a43829130632e2b027faef927b96a8bf6a494,77;77;77;76;75,7;7;7;7;6,70;70;70;69;69,TRUE
51,5,20810866,6a3d78728b7f09385af7ce7675f22d89f819d81b525fd16419e9b6443641ba2e,77;77;77;76;75,7;7;7;7;6,70;70;70;69;69,TRUE
52,1,20770867,a4cd52c67d346fbf7b2062c26ad7abeb1886ee433d46efea370249e8e6fee156,77;77;77;76;75,9;9;9;9;8,68;68;68;67;67,TRUE
52,2,20780867,7a975c8050bef0562943fa026a8b009471231c5a06ef9243bf481982d79109d4,77;77;77;76;75,9;9;9;9;8,68;68;68;67;67,TRUE
52,3,20790867,46fb50b2b21960ea53957ee0dab3fd857eb05d158563fb2b86eecd8d71e46175,77;77;77;76;75,9;9;9;9;8,68;68;68;67;67,TRUE
52,4,20800867,60902e79985cd2b3abd646ceff284e05adb04d27c57790be61c12a58e1a44ee4,77;77;77;76;75,9;9;9;9;8,68;68;68;67;67,TRUE
52,5,20810867,41da6629fa1ae559f4e805ac7ed48d1936cc51d273d18c777bbe60e2488a2fac,77;77;77;76;75,9;9;9;9;8,68;68;68;67;67,TRUE
53,1,20770868,8b3e30ba372e9fa27133608ca4a841d6e9d174aaab6198d2e2f0376833545887,78;76;76;76;76,5;4;4;4;4,73;72;72;72;72,TRUE
53,2,20780868,d9033b8a940842672cba383792b4c2281bf67afc724abda6f7167c30cca9a3a2,78;76;76;76;76,5;4;4;4;4,73;72;72;72;72,TRUE
53,3,20790868,e69270d5408b5ac17eba3b20aa5fd8cd87b4d6da32ffa220231e32d3d10980e4,78;76;76;76;76,5;4;4;4;4,73;72;72;72;72,TRUE
53,4,20800868,3f5a7df4544ddf618762ddf24830308f48796631ea2aab5e2f0dcc49f04e84b2,78;76;76;76;76,5;4;4;4;4,73;72;72;72;72,TRUE
53,5,20810868,7c206f76b8108563ecb053de64463559c923e6c987887c57ec5cd5169bcbb57c,78;76;76;76;76,5;4;4;4;4,73;72;72;72;72,TRUE
54,1,20770869,035805e629d183ba469f6f93659c47bc87b5176ce3182e10c1292eb221fa35f8,77;77;77;76;75,9;9;9;8;8,68;68;68;68;67,TRUE
54,2,20780869,8cddaffb7116ac8b5384c44614897928ac5fd14390c40d3fb26e6aaad76a9c16,77;77;77;76;75,9;9;9;8;8,68;68;68;68;67,TRUE
54,3,20790869,94937bdc847c7411506ea46de8b3433da4be22e3c01a53e14506d80c19d88b5f,77;77;77;76;75,9;9;9;8;8,68;68;68;68;67,TRUE
54,4,20800869,e87a5b762b0d8ebad106a516be56f9a871a4d170933bb99d6e0d364904becbf2,77;77;77;76;75,9;9;9;8;8,68;68;68;68;67,TRUE
54,5,20810869,115452d4014c2dbb5b1e98f8770f5512783bda43393b5c281fb7bfd7392ffbdd,77;77;77;76;75,9;9;9;8;8,68;68;68;68;67,TRUE
55,1,20770870,67058fefbc628a6242bae8a972a08dd18edb5eb150fac1c1cc6bf4ff3b599013,78;76;76;76;76,26;25;25;25;25,52;51;51;51;51,TRUE
55,2,20780870,99d006efca0c8e1a18ba56953fb3b076e3604bb6d303ab272fe17379828d14a8,78;76;76;76;76,26;25;25;25;25,52;51;51;51;51,TRUE
55,3,20790870,68ea886f4eaa0db96942d9a7a2bc22a4f2b67e672fd6ba137310c01a833315a7,78;76;76;76;76,26;25;25;25;25,52;51;51;51;51,TRUE
55,4,20800870,522ebe5cfa5ee07f0b507196ea02ebd5fd13e47b59c3b44239f6f59172849483,78;76;76;76;76,26;25;25;25;25,52;51;51;51;51,TRUE
55,5,20810870,29a5a15af2e55095987191239a432c3c284658da96131b9f70d778bc004be364,78;76;76;76;76,26;25;25;25;25,52;51;51;51;51,TRUE
56,1,20770871,4a69149667a4a57396ad6c21cfb2dfc1cbd7589db5e4986d12e890cb8e4b9edf,77;77;77;76;75,17;17;17;16;16,60;60;60;60;59,TRUE
56,2,20780871,17e8bff7a55ad9836c9346a711a3f1e7aaa94097bbb4ccf2a911a2266d30fa6d,77;77;77;76;75,17;17;17;16;16,60;60;60;60;59,TRUE
56,3,20790871,64b95245faaf1dd6b01e2d31c93743b979b773e22d8c8a23151e6b3d9517724e,77;77;77;76;75,17;17;17;16;16,60;60;60;60;59,TRUE
56,4,20800871,7951f5a5a280c4b8dace6e600645586be049fde02534e578c5bc8b8f08adcd45,77;77;77;76;75,17;17;17;16;16,60;60;60;60;59,TRUE
56,5,20810871,b1a457482458301e0dad03aa6ec6df4f671e3b88ce8554fc1ecec617429534e3,77;77;77;76;75,17;17;17;16;16,60;60;60;60;59,TRUE
57,1,20770872,7cf8a8bd50eb4ad5a2ecea86553522818cd9b1311ef0b51c9c809590d21e4f4e,78;76;76;76;76,8;7;7;7;7,70;69;69;69;69,TRUE
57,2,20780872,e04f4416675b0d115a0554f1f2219d012fcb23706b1db10148aba2d2f1ebf0f7,78;76;76;76;76,8;7;7;7;7,70;69;69;69;69,TRUE
57,3,20790872,99e19aff42b1276cbbebfb643af8fe4340654123ab1a180b7eb62f702d8c6a59,78;76;76;76;76,8;7;7;7;7,70;69;69;69;69,TRUE
57,4,20800872,b87b4b3d32841550fa1d9cc63bd28ad84f12dd089c5fe7f4a4ae389e12721720,78;76;76;76;76,8;7;7;7;7,70;69;69;69;69,TRUE
57,5,20810872,8159821e472832d67d48631aba571c002996a109acf8a2490f569e03f116d94a,78;76;76;76;76,8;7;7;7;7,70;69;69;69;69,TRUE
58,1,20770873,e2ed6edbc432a2a677d3f6e86dc5fd5ae691720cc6ffdedf9c345668774c98fb,77;77;76;76;76,9;9;8;8;8,68;68;68;68;68,TRUE
58,2,20780873,36316a03ba7abc07464e93065c93e540784b84ef0e0a3354cf663f518745d048,77;77;76;76;76,9;9;8;8;8,68;68;68;68;68,TRUE
58,3,20790873,986c63992032b36ff3ba82be1a3beff6a7d2ac6f3eb9a75c3603f6fab7e24449,77;77;76;76;76,9;9;8;8;8,68;68;68;68;68,TRUE
58,4,20800873,ef7d1823e61d0981c6217a42f1ddec728648f24527dcf2a09015c71156e6d4f0,77;77;76;76;76,9;9;8;8;8,68;68;68;68;68,TRUE
58,5,20810873,40924e49e24f7269be1cee0d9cb1f78622e80c3f2031a0ba05614904d0aebc19,77;77;76;76;76,9;9;8;8;8,68;68;68;68;68,TRUE
59,1,20770874,43ae6d0acffa0675f5eb3103211d7283105ca3bf326686c02888b4f98b87fbd0,77;77;76;76;76,7;7;6;6;6,70;70;70;70;70,TRUE
59,2,20780874,e72ff49b2441ede3bfa496d58694089429e3a9da09b1c02883eb0cb9519ad907,77;77;76;76;76,7;7;6;6;6,70;70;70;70;70,TRUE
59,3,20790874,b7cef286feaf708a60f9a1ad0ad5b638a2e5fd03b17161da94c58f014f9f1080,77;77;76;76;76,7;7;6;6;6,70;70;70;70;70,TRUE
59,4,20800874,8984ad01228c7f851334bffd495932f53d6f41537be15cf0c61bbc82d8986e9a,77;77;76;76;76,7;7;6;6;6,70;70;70;70;70,TRUE
59,5,20810874,7b3a42b26ed110e90d6e56db9abbaaf8ab02d14f8112d6d16eebf5c8686adf54,77;77;76;76;76,7;7;6;6;6,70;70;70;70;70,TRUE
60,1,20770875,554f3ff8058362900e38afb34f1f9dd714a4d7cd8fc83b0ff0b890546ea115bc,78;76;76;76;76,33;32;32;32;32,45;44;44;44;44,TRUE
60,2,20780875,d253838f6ff9db275c8cd381c255e1eabb982f02a5cf61fe0f4806e3aa6c75f9,78;76;76;76;76,33;32;32;32;32,45;44;44;44;44,TRUE
60,3,20790875,1b0612a722802083da764e7629b52f95f89a92eec0a4d625fcfe93b076b748fa,78;76;76;76;76,33;32;32;32;32,45;44;44;44;44,TRUE
60,4,20800875,2df154b831546a26446332e8218c41f0ac9e3bde74f0c1f1346ec384d5ba287f,78;76;76;76;76,33;32;32;32;32,45;44;44;44;44,TRUE
60,5,20810875,6be3b4977e67f300e6687d451ee93844db11ff3a7eb912ecac0d22df76d4f56e,78;76;76;76;76,33;32;32;32;32,45;44;44;44;44,TRUE
61,1,20770876,609ae516d2f92e2329c4730f14a1ccf738f3862f028dd338c39e24714b6b7644,48;48;48;48;48,8;8;8;8;8,40;40;40;40;40,TRUE
61,2,20780876,3e7fe4998bff067ed0181747695cb90d96912c114166c3d5c870489cab6ef83c,48;48;48;48;48,8;8;8;8;8,40;40;40;40;40,TRUE
61,3,20790876,72203bf4106741e8e64825c712073be189eaba7938df7443c7fad0a57065f1d9,48;48;48;48;48,8;8;8;8;8,40;40;40;40;40,TRUE
61,4,20800876,24fe19931bbd0d7659464bf6272f2b54b56be9d5460f602d52acc938befd3167,48;48;48;48;48,8;8;8;8;8,40;40;40;40;40,TRUE
61,5,20810876,2aea67e97a9f8987d4345403f264dbc44de158c6233ac58026f8417a7b81ff84,48;48;48;48;48,8;8;8;8;8,40;40;40;40;40,TRUE
62,1,20770877,d6224036e300cbf6b877cff5d552b8b2a8a25a2160e24a54eb48550c9c165205,49;49;48;47;47,5;5;4;4;4,44;44;44;43;43,TRUE
62,2,20780877,2d790e0caf58561f798cbfaece6de0ec139cb6b02ffe6cf771c9a8f210886797,49;49;48;47;47,5;5;4;4;4,44;44;44;43;43,TRUE
62,3,20790877,0a3dd8592519fd83b3c9a564b8f26cfcb662b6f3541b42abc46bf7696793dafc,49;49;48;47;47,5;5;4;4;4,44;44;44;43;43,TRUE
62,4,20800877,5bce253b0940f7a8bfbda43968860085c2ee94fb366c9f9ea4e2a825b49ff517,49;49;48;47;47,5;5;4;4;4,44;44;44;43;43,TRUE
62,5,20810877,060cc9364ccc7e5a087c21f9318a638e7118d5479b83f9fdebccc0d319cee796,49;49;48;47;47,5;5;4;4;4,44;44;44;43;43,TRUE
63,1,20770878,9a442649cba1990920881c62ffb574febfa622017a04a33d509238de6098dbdd,49;49;48;47;47,11;11;11;10;10,38;38;37;37;37,TRUE
63,2,20780878,65ccd9e65209101cba5fbb68040468690f26c3b715cbb1d552e1c7259debbe5e,49;49;48;47;47,11;11;11;10;10,38;38;37;37;37,TRUE
63,3,20790878,fd723dad66f478929fd00b78f974adc842b0968c4ecff1387621f1428899d5d0,49;49;48;47;47,11;11;11;10;10,38;38;37;37;37,TRUE
63,4,20800878,81d3f700aa7aa04bb998ce39636c696e3ad991cf4faf379da2b0328e0ce53804,49;49;48;47;47,11;11;11;10;10,38;38;37;37;37,TRUE
63,5,20810878,ff0e32b8105d530f0ccb02f8937721561df1f40e5ac999e1f64222c6a22c61f4,49;49;48;47;47,11;11;11;10;10,38;38;37;37;37,TRUE
64,1,20770879,e0800a12b71954e64a131393bab81e4b06939f547ae7b467885f98f715f3fda8,49;49;48;47;47,11;11;10;10;10,38;38;38;37;37,TRUE
64,2,20780879,442491aae5545bd3c20691d1de7fbc8cd916b78d45aca750fd054f1c15a61543,49;49;48;47;47,11;11;10;10;10,38;38;38;37;37,TRUE
64,3,20790879,d06976198f4cf463aa48a4a483c16a295cd769803535d9b6a078b0bf80af3e8b,49;49;48;47;47,11;11;10;10;10,38;38;38;37;37,TRUE
64,4,20800879,e0ac7854070d92569a218879d7a132855b6b9424435e532882ce03c777c2c458,49;49;48;47;47,11;11;10;10;10,38;38;38;37;37,TRUE
64,5,20810879,8e3bc756b648954b918a6480b32bdda88ea910a9dccd9d363b0dd9112579078e,49;49;48;47;47,11;11;10;10;10,38;38;38;37;37,TRUE
65,1,20770880,5f49e86f5bbfa94685004bb00c05ae22f72905da3f71d8b48d7ef681da48ecbc,87;87;87;85;85,6;6;6;5;5,81;81;81;80;80,TRUE
65,2,20780880,ef34dd3ef816c4ef5b1c04210091611ad024163302ca3c18fc6ad4e59536846c,87;87;87;85;85,6;6;6;5;5,81;81;81;80;80,TRUE
65,3,20790880,fdbf8b11396728b8e08c6ad08787137922260ca1e1c208208e77c1ff5e5f9204,87;87;87;85;85,6;6;6;5;5,81;81;81;80;80,TRUE
65,4,20800880,1c528001eba757e5ccc0f360a784e64312064cc52daf17a0ee28d00763457918,87;87;87;85;85,6;6;6;5;5,81;81;81;80;80,TRUE
65,5,20810880,e747c525fb06c5905b015d2accaad9311db365c743dfdf8fbaae14b78b1971c4,87;87;87;85;85,6;6;6;5;5,81;81;81;80;80,TRUE
66,1,20770881,9bc5e336c664da484d08779314eb2ed20f5762c4d9087d216f6807f04a3819c9,87;87;86;86;85,10;10;9;9;9,77;77;77;77;76,TRUE
66,2,20780881,ac1d8715077a61d80594cc7fc1a42df82f350a69e27d9c052df5f647c687d50d,87;87;86;86;85,10;10;9;9;9,77;77;77;77;76,TRUE
66,3,20790881,5c4c833c4312d75d6a4e7593175602321478ad5e9123987b719de9defabd3962,87;87;86;86;85,10;10;9;9;9,77;77;77;77;76,TRUE
66,4,20800881,e6ac2d14a950d190f800d48ff5afafcdcf9d240f2d6f4cc5d13ecb7c937c4ee8,87;87;86;86;85,10;10;9;9;9,77;77;77;77;76,TRUE
66,5,20810881,8a33bdb605d085ccabc620d6b88d5d32f6b5a21eb66cb4a375e2c2ae8fc5f20f,87;87;86;86;85,10;10;9;9;9,77;77;77;77;76,TRUE
67,1,20770882,5441f04d5c2ccd9438905ed7d329ef62bc44ea405e744472528b41241d952497,87;87;86;86;85,19;19;18;18;18,68;68;68;68;67,TRUE
67,2,20780882,16f5fedcb92b9b5a821d8e61db73c567841aa4ff77cd81839b136459195d5556,87;87;86;86;85,19;19;18;18;18,68;68;68;68;67,TRUE
67,3,20790882,88ca7efa1f4eb39c9e3f686c9fd88aa06b2dd9bcd4463b695d9d51b65d61601d,87;87;86;86;85,19;19;18;18;18,68;68;68;68;67,TRUE
67,4,20800882,041e76d6e8b8720e5cacdad44b7108753f2cb2385e770935be173fe09b7eb745,87;87;86;86;85,19;19;18;18;18,68;68;68;68;67,TRUE
67,5,20810882,994dda6e02675eb94d6941147c0c36e0f41d12f4bea0fade4b460081f637da93,87;87;86;86;85,19;19;18;18;18,68;68;68;68;67,TRUE
68,1,20770883,7f9f93f1fcc68b8b8c7984c1645e73117b4e08b940c886319946d9d7379c78ed,87;86;86;86;86,6;6;6;6;6,81;80;80;80;80,TRUE
68,2,20780883,f5e8fb8e507bee6a26479e2efbaa2ef58c5abbfcb41f65e3c7d86f6a088e4f24,87;86;86;86;86,6;6;6;6;6,81;80;80;80;80,TRUE
68,3,20790883,d4b332c3dd383feb0495ba8af4fdfb5ac76ecc6efb6efb80c24bd8611a6c5928,87;86;86;86;86,6;6;6;6;6,81;80;80;80;80,TRUE
68,4,20800883,a0ceace94e40076371e78d0b0259fbd26570e09aff89965ffecd0aaee36cdc85,87;86;86;86;86,6;6;6;6;6,81;80;80;80;80,TRUE
68,5,20810883,68fec70c6f19e526becbe2add4772fb55c68e733ec053a51de20e8a39a269d19,87;86;86;86;86,6;6;6;6;6,81;80;80;80;80,TRUE
69,1,20770884,de97a033b9505dff69997443c256a3fc0e902d6c7c96126aa9e42473bb9fae97,87;86;86;86;86,20;19;19;19;19,67;67;67;67;67,TRUE
69,2,20780884,d176644e409228367ec8db994651a8b0b96f01531b959046374c35fe25825538,87;86;86;86;86,20;19;19;19;19,67;67;67;67;67,TRUE
69,3,20790884,7d04482100ab833f8efa690f3f9bc26603d3eb679469b4857993ef1720bcf544,87;86;86;86;86,20;19;19;19;19,67;67;67;67;67,TRUE
69,4,20800884,b169d2cf30806172c605b5383d4f003264f1eef41135ea1e70f18c3197c4ca96,87;86;86;86;86,20;19;19;19;19,67;67;67;67;67,TRUE
69,5,20810884,82eef4baaee11108a826ac1bd549e781830c0f9f053e11653f54ea13f85b673d,87;86;86;86;86,20;19;19;19;19,67;67;67;67;67,TRUE
70,1,20770885,985d0147ad8ffbf8e038b583a7a0c4069bd800a32aad902107ae04a297251cf0,87;87;87;85;85,6;6;6;5;5,81;81;81;80;80,TRUE
70,2,20780885,be29bddd6b1ae699194f8406308ffe520f05fda1f1244cd9db1414ffdb0c0a18,87;87;87;85;85,6;6;6;5;5,81;81;81;80;80,TRUE
70,3,20790885,6ab1c9f203c68df09340291f6e6260a0df43b60e9aab20135125329efb4a784e,87;87;87;85;85,6;6;6;5;5,81;81;81;80;80,TRUE
70,4,20800885,390b7ab0a754bb6b2f6630be0db573d70425b0c170b9e0efdf1dbcfa53892e6d,87;87;87;85;85,6;6;6;5;5,81;81;81;80;80,TRUE
70,5,20810885,39ed851a2e41d9818d4794e7df1522b271b81bac9438aff1e00f8c7974ac7745,87;87;87;85;85,6;6;6;5;5,81;81;81;80;80,TRUE
71,1,20770886,162d3f4612409adaead0e0bc57432051b5bae081a30b2c0d43afbca9733d7292,87;86;86;86;86,4;4;4;4;4,83;82;82;82;82,TRUE
71,2,20780886,289661ce9d0817496e0af841d9b3b9fd79d8306b6f8987e54797a7c68bbfdb90,87;86;86;86;86,4;4;4;4;4,83;82;82;82;82,TRUE
71,3,20790886,e5d644cc303e48b6710463259b0eb16b2018d2414e57caa6c520bd58d6725cdb,87;86;86;86;86,4;4;4;4;4,83;82;82;82;82,TRUE
71,4,20800886,c75794b1b238a3da435678af48a63c6eafad970fc72693861d7adcb7e3822e64,87;86;86;86;86,4;4;4;4;4,83;82;82;82;82,TRUE
71,5,20810886,6996621e5eec90e92237850c6303c381b0571040934aa9065996172748df1138,87;86;86;86;86,4;4;4;4;4,83;82;82;82;82,TRUE
72,1,20770887,22e7d290db6040af6c3b75b0720a9428587eabffd58f70d3d6402706c1d3559b,87;87;86;86;85,6;6;5;5;5,81;81;81;81;80,TRUE
72,2,20780887,46f973d4f479018c42c554a3b639c718dd0d127dcd3a7584cd550ef7c8b6ed04,87;87;86;86;85,6;6;5;5;5,81;81;81;81;80,TRUE
72,3,20790887,4a2bc3f3878099a2d1c8415e3c12bfa028e267675fa79d69a7adae23546b4e97,87;87;86;86;85,6;6;5;5;5,81;81;81;81;80,TRUE
72,4,20800887,23b9cc29b5fdfa86c14c8dcddb8bb74da878d9b2c8ae28ee756cf98d12b0cd6d,87;87;86;86;85,6;6;5;5;5,81;81;81;81;80,TRUE
72,5,20810887,2cb3a70a9cd31373772c94c23ad9a5476882e7bb95aba06737a4bb121a610325,87;87;86;86;85,6;6;5;5;5,81;81;81;81;80,TRUE
73,1,20770888,71b9060a5dae3fd15f9934fe4219c1d5629b72d057585520c1d6d024b6dfe8cc,87;86;86;86;86,8;8;8;8;8,79;78;78;78;78,TRUE
73,2,20780888,ef6cf13df913478c79f684de78deefe2e4501f39c674513f77a9fecd913952e1,87;86;86;86;86,8;8;8;8;8,79;78;78;78;78,TRUE
73,3,20790888,289587f1b6acb7644527affcc959dba41132fc9420719114dfc39f854815ba21,87;86;86;86;86,8;8;8;8;8,79;78;78;78;78,TRUE
73,4,20800888,3a9a04547ccbb3604245c67b24fa517dfbd72ac52a9b36bb49dd625f00478eae,87;86;86;86;86,8;8;8;8;8,79;78;78;78;78,TRUE
73,5,20810888,c71712bb01d125d8e4f7f95af760fa5b46326e2bceeff5af299ec383eeb32da1,87;86;86;86;86,8;8;8;8;8,79;78;78;78;78,TRUE
74,1,20770889,16c14ce7e55cf98c02625a6f953746527de064d657dbefd1bbef1437c7a3d918,87;86;86;86;86,4;4;4;4;4,83;82;82;82;82,TRUE
74,2,20780889,cf75ac9d9f5b2c7ec5aeaaac3b1d7e575287c4b9012f4590346a3406326e83d9,87;86;86;86;86,4;4;4;4;4,83;82;82;82;82,TRUE
74,3,20790889,8dce7f7eeeff48a0f510cc561d3eb4c6cdc99251558822ccf1b852b5ed38312d,87;86;86;86;86,4;4;4;4;4,83;82;82;82;82,TRUE
74,4,20800889,9da02298726c4c1086aabf3492e2e80d1bcc336d75bde2a008df78882f4d30e5,87;86;86;86;86,4;4;4;4;4,83;82;82;82;82,TRUE
74,5,20810889,f41d12a9502dcca0068a07a2e63a4e18beac84796720f302ad791b0fe194a2fd,87;86;86;86;86,4;4;4;4;4,83;82;82;82;82,TRUE
75,1,20770890,0e8f7118d72d27779164af97c4f5c4605e4493c77503141396821c1b6ba9e40d,87;86;86;86;86,14;13;13;13;13,73;73;73;73;73,TRUE
75,2,20780890,366676ca960298b79e486f5fd8ca0c63224a7e07f846a00e82593e8ec2d5d9ae,87;86;86;86;86,14;13;13;13;13,73;73;73;73;73,TRUE
75,3,20790890,d684cf76c614ec7d196e9fb97f0ec9c5eb323f0b2d69fae298e470cffe444439,87;86;86;86;86,14;13;13;13;13,73;73;73;73;73,TRUE
75,4,20800890,012349c0e4eadb19f9a2883cffeb260ced57ff1eff9a0e5166340e7cd2a3f02f,87;86;86;86;86,14;13;13;13;13,73;73;73;73;73,TRUE
75,5,20810890,2b9088d6631cb316490d93a04d4a3fa2e6e94795194e4b963a4ba6559449509a,87;86;86;86;86,14;13;13;13;13,73;73;73;73;73,TRUE
76,1,20770891,8fbc6e7f315fc99b68adfbc80c317648bd5975c8a144bc6f75cbcfc91d642dbf,87;86;86;86;86,11;10;10;10;10,76;76;76;76;76,TRUE
76,2,20780891,9db4f701f30dee95d6f19941d1e7292e559726856f3e5d5aae8de2575fd862e8,87;86;86;86;86,11;10;10;10;10,76;76;76;76;76,TRUE
76,3,20790891,decc2f833b93decf9f865d1ff87630dd64ac37a1b443f58cdb90bb1e1abae6cf,87;86;86;86;86,11;10;10;10;10,76;76;76;76;76,TRUE
76,4,20800891,4521bc232903d02df7cbb81dd72ba3e9a3c5862661a5c802e08f6fb7d69f1928,87;86;86;86;86,11;10;10;10;10,76;76;76;76;76,TRUE
76,5,20810891,6158cbe2804e0658254caca69b2913b13f3615b3dbd3dae3cc3bb2d6544b550f,87;86;86;86;86,11;10;10;10;10,76;76;76;76;76,TRUE
77,1,20770892,bd31c2b6361a6ebf14a7979723953771b3e03142f82cdb66d856830c176ce9b8,87;87;86;86;85,15;15;15;15;14,72;72;71;71;71,TRUE
77,2,20780892,c71ec4fe9e8e0aadf8ec6c8689ff7220d78a6bc0d6e68f6572c29208bd63258e,87;87;86;86;85,15;15;15;15;14,72;72;71;71;71,TRUE
77,3,20790892,94567c41940fdccbc33c574dbf9c901f0de123b5633c8d6f6f94e160c75fa8d1,87;87;86;86;85,15;15;15;15;14,72;72;71;71;71,TRUE
77,4,20800892,ef21ba7e7894994d36e71582c12d09cc0d09e3ac0dd46ec83238cbcc24b50420,87;87;86;86;85,15;15;15;15;14,72;72;71;71;71,TRUE
77,5,20810892,b8433859a8cf200dfe2031cbc59149ea3b2a0721a77589a09027cb03245af10b,87;87;86;86;85,15;15;15;15;14,72;72;71;71;71,TRUE
78,1,20770893,34434803beccd9ff63f4071f9872d39580a103612b559751b858375c1b71fb76,87;86;86;86;86,5;4;4;4;4,82;82;82;82;82,TRUE
78,2,20780893,ba19baa923313e01b00b9f500c0b6d30efa81454be8effad6135081f48be3c44,87;86;86;86;86,5;4;4;4;4,82;82;82;82;82,TRUE
78,3,20790893,4ee93fbce18c95415b43028b9928a2ab6502c91a6b8f604071c1a55a8266d07e,87;86;86;86;86,5;4;4;4;4,82;82;82;82;82,TRUE
78,4,20800893,437178d87fe75ff4099d2c23644b529b9f860ffcbe9aa8f73243d4b93919b9ca,87;86;86;86;86,5;4;4;4;4,82;82;82;82;82,TRUE
78,5,20810893,ed619f46228301967801b8c0314239b0e6397d1ee1d8c460bce1dfae0d5e5511,87;86;86;86;86,5;4;4;4;4,82;82;82;82;82,TRUE
79,1,20770894,2b725a01fc525cbf64be470904e50477389b8457f2a7799bd4f641596fd1a622,87;86;86;86;86,64;64;64;64;64,23;22;22;22;22,TRUE
79,2,20780894,27561312ecea896aa0e493a1c33b3e819320c5cdb220ea84ef53a5892c304e6b,87;86;86;86;86,64;64;64;64;64,23;22;22;22;22,TRUE
79,3,20790894,40d291aec76288361dfb7eacaa564f8b88ecb31d952e2d3bfb57e009b2a32cff,87;86;86;86;86,64;64;64;64;64,23;22;22;22;22,TRUE
79,4,20800894,1ef6415ad4e1d2191746ab01ee5f369183c76a8d244ded3939d9f7cd6d3a78b2,87;86;86;86;86,64;64;64;64;64,23;22;22;22;22,TRUE
79,5,20810894,a2f955d2304b99bf2c6e81a07583e944f6995c2936c13b11b999cae5d0e4e158,87;86;86;86;86,64;64;64;64;64,23;22;22;22;22,TRUE
80,1,20770895,cc5b412a0cd2bc7cae7a4b40e7a6c28c5c6dac31a6888a0c96544f10375463ab,14;13;13;13;12,5;4;4;4;4,9;9;9;9;8,TRUE
80,2,20780895,635905d6bc62cd5bae91b562010551a7c60e1584c901d6865fecc186c76f4a81,14;13;13;13;12,5;4;4;4;4,9;9;9;9;8,TRUE
80,3,20790895,3fbb01bd756a2c785cd476a0560bc88eb09695189fdcc7a46e24dfb428ea8a74,14;13;13;13;12,5;4;4;4;4,9;9;9;9;8,TRUE
80,4,20800895,0504c52758b38bead4f930ea788c24ea2fd28e1feb4159895aa39bf5785efe47,14;13;13;13;12,5;4;4;4;4,9;9;9;9;8,TRUE
80,5,20810895,1fa6b2069685fbef8ca30978b877e843df263d7e959e8347b35ec022ad04840e,14;13;13;13;12,5;4;4;4;4,9;9;9;9;8,TRUE
81,1,20770896,8b448079a71114038301352b0fb817ae2c88b2a92340df7598213adf9983743f,71;70;70;70;70,7;7;7;7;7,64;63;63;63;63,TRUE
81,2,20780896,0edacfe9b1a03d8161a96e771c72970784f50f715e814a1b0b9ca5504a654fd7,71;70;70;70;70,7;7;7;7;7,64;63;63;63;63,TRUE
81,3,20790896,099068a66f5c70143112f7ca1396641273780fe8940f25074e4918f66ea7a154,71;70;70;70;70,7;7;7;7;7,64;63;63;63;63,TRUE
81,4,20800896,750e33b396149b2615871ca9c79d98cc23c5f20f7cda346b308b1bbf1544cc54,71;70;70;70;70,7;7;7;7;7,64;63;63;63;63,TRUE
81,5,20810896,0c027152247d7449ec80200a98a5a0b7332ab61a92c29fb76648445986cf9941,71;70;70;70;70,7;7;7;7;7,64;63;63;63;63,TRUE
82,1,20770897,040e1ad4ee7618da362434afe914a48efc61fa03784da59117212da3f09e59ff,71;71;70;70;69,29;29;28;28;28,42;42;42;42;41,TRUE
82,2,20780897,4b4e41f841e7287e564f7c4b6bc75d41de5f8ccbf446932b0a1302b2ce5d8b71,71;71;70;70;69,29;29;28;28;28,42;42;42;42;41,TRUE
82,3,20790897,8e1ffb48b27ea513f45c5bd9445cb87051488228d18d853b93233ddf3ef2136a,71;71;70;70;69,29;29;28;28;28,42;42;42;42;41,TRUE
82,4,20800897,a5140ad0b3dee70c97cb06cb09cdf21e8236fcb7e79fe2df22a6a842b81210e8,71;71;70;70;69,29;29;28;28;28,42;42;42;42;41,TRUE
82,5,20810897,212b93634ed898fae955a3e6a6d4396f8c999f239814461667cd937525ffdf90,71;71;70;70;69,29;29;28;28;28,42;42;42;42;41,TRUE
83,1,20770898,73a3af90e1d1a6c5990301e4de2467400ab093e7defd999abdc3b337b42ca775,71;71;70;70;69,10;10;9;9;9,61;61;61;61;60,TRUE
83,2,20780898,8736d2591b91800d27351c38a77e92e39d2a7e4f1497fcf4e6bea61b0808d35a,71;71;70;70;69,10;10;9;9;9,61;61;61;61;60,TRUE
83,3,20790898,e2072a49ee8a49de19f90f46eda5e9bda3df90ad08efe9f7e482406ae7d7f75f,71;71;70;70;69,10;10;9;9;9,61;61;61;61;60,TRUE
83,4,20800898,d9ae8b0ad8ca86386144c7cc51f421540ebd8daec554e20183adbee348238e62,71;71;70;70;69,10;10;9;9;9,61;61;61;61;60,TRUE
83,5,20810898,dd9eb7adceb5078d037866a7a1b5e3f6aef140eb64c3b0f41915b5ce732594c7,71;71;70;70;69,10;10;9;9;9,61;61;61;61;60,TRUE
84,1,20770899,518f5534282eb2d0cf5b7eb0b8446559c358ce2b58eb2595d0696a984f0997b5,71;70;70;70;70,32;32;32;32;32,39;38;38;38;38,TRUE
84,2,20780899,a1bf29fb737a17a9bb8e581060e8d32c6e6ee836156cc6bfb6f3ede5e2fdeefa,71;70;70;70;70,32;32;32;32;32,39;38;38;38;38,TRUE
84,3,20790899,3a2247c045cbef46de3d02f5b298293dc394c951bf59ef74b2941dd9f32d2487,71;70;70;70;70,32;32;32;32;32,39;38;38;38;38,TRUE
84,4,20800899,a0864ca4049c42c945d34428ca42c674a040ff744b5e9ed8e768c62cd597843d,71;70;70;70;70,32;32;32;32;32,39;38;38;38;38,TRUE
84,5,20810899,2dd1763fe79ec6299ef1ec2c6f7dd75cc892a32fb8762ad5952abf77aba9b9a4,71;70;70;70;70,32;32;32;32;32,39;38;38;38;38,TRUE
85,1,20770900,cdf67d0d54cce8c60269fa30ae626be97c3ec85ddf904587ba6c018554d54a47,98;97;97;97;96,37;36;36;36;36,61;61;61;61;60,TRUE
85,2,20780900,ca43391e53f19ef5d4c0fa0e0af37d820b654a774a1687927c714c882d8040f3,98;97;97;97;96,37;36;36;36;36,61;61;61;61;60,TRUE
85,3,20790900,1c97b3c0259065266775a7baa6d41889d0c33dc914a4a4acc1c1e19f8ed83d36,98;97;97;97;96,37;36;36;36;36,61;61;61;61;60,TRUE
85,4,20800900,cb068c0f204cdea672d50a2e9e04a889c24489088b56a215e65c2022a941da69,98;97;97;97;96,37;36;36;36;36,61;61;61;61;60,TRUE
85,5,20810900,a51dbe90ff29d0d6d48adfb286568499896bc6a01dbdff551426d775f2e35ad0,98;97;97;97;96,37;36;36;36;36,61;61;61;61;60,TRUE
86,1,20770901,f8b1b91bd821de9dd244b19fa94ab3ca0ac3488ad13f31a5ba0f21d0b2f66ff1,97;97;97;97;97,21;21;21;21;21,76;76;76;76;76,TRUE
86,2,20780901,5869e1805626481577701e02bef8aba98b9f919764080cb2ed719ecfc2af1253,97;97;97;97;97,21;21;21;21;21,76;76;76;76;76,TRUE
86,3,20790901,5ca41021e865577f96509d57cf3f45d8336fb4952c81ceb5fcf44e35170c6835,97;97;97;97;97,21;21;21;21;21,76;76;76;76;76,TRUE
86,4,20800901,7cc6aa58b1ab3d3e7f7a59a74d2302fc6bcd5483a89b6b896f04bffef0cbdee7,97;97;97;97;97,21;21;21;21;21,76;76;76;76;76,TRUE
86,5,20810901,5afbacaa3346ed2a960e6cc2b3e97448aad5396821b2653d6f5ab5a0f3af3935,97;97;97;97;97,21;21;21;21;21,76;76;76;76;76,TRUE
87,1,20770902,5e2c6b835d72ea92b48224e0257d85a72a261a19571e30b1be53dafdf6c80f48,98;97;97;97;96,7;7;7;7;6,91;90;90;90;90,TRUE
87,2,20780902,a7297c105b093c81bcf289f2b1c36f5ae5692617e7337e5f48a458c6e3cdd27a,98;97;97;97;96,7;7;7;7;6,91;90;90;90;90,TRUE
87,3,20790902,58d8684cad34a81268fdcacf6c5292f1f2886e8e77c2ce31c6df31117fccbb7f,98;97;97;97;96,7;7;7;7;6,91;90;90;90;90,TRUE
87,4,20800902,b92caf6ab40cc3ce2aee1054f22fdd7b4abfa91d969cd82173ed99ff3e56f616,98;97;97;97;96,7;7;7;7;6,91;90;90;90;90,TRUE
87,5,20810902,31d508c1f4927ab5cc71349f59945817ae0d58bd8ef67d8b71574a4a218e3ef5,98;97;97;97;96,7;7;7;7;6,91;90;90;90;90,TRUE
88,1,20770903,a5b5ec7ae524a0ade3590bf1fcfe735744bf4f85ea8a74bb2aadd7509ea08de2,98;97;97;97;96,9;9;9;9;8,89;88;88;88;88,TRUE
88,2,20780903,f32b82ceef8d0edf2b61b832b415e4ca0a71cba5eca23ffc1b37b0713a5a9e27,98;97;97;97;96,9;9;9;9;8,89;88;88;88;88,TRUE
88,3,20790903,b99e23a852aeb3c90aab7df77cd9a991a31644088ea2c3f37af560050e4c231d,98;97;97;97;96,9;9;9;9;8,89;88;88;88;88,TRUE
88,4,20800903,3e9f2487d795e9a2c588bc0f17ab4e7a91b16d41dab1c0776815de77197d19dd,98;97;97;97;96,9;9;9;9;8,89;88;88;88;88,TRUE
88,5,20810903,5bdd1cc7cc58a3ea14e00c982ecbc76c80e59283ee62cc4428e0b47c436f6d9d,98;97;97;97;96,9;9;9;9;8,89;88;88;88;88,TRUE
89,1,20770904,60f19bbb7828dfe6491a75dceaa5287904cdba1411581eb60efa2b3130ad985c,97;97;97;97;97,75;75;75;75;75,22;22;22;22;22,TRUE
89,2,20780904,13555198f32bdfdccf12514adcb3e8c77ff82d4f3a69d3b2e72d6bcaeddd183a,97;97;97;97;97,75;75;75;75;75,22;22;22;22;22,TRUE
89,3,20790904,6eb6d3ebb1fe069f96faff3b8e60572ace57c92b3444815411c974cf17cb0888,97;97;97;97;97,75;75;75;75;75,22;22;22;22;22,TRUE
89,4,20800904,4efd0134b43e59376eb8813cd2a52e0fc810e249f04962bff57da6424130a645,97;97;97;97;97,75;75;75;75;75,22;22;22;22;22,TRUE
89,5,20810904,fb1f9eabd7db7f54617355be37f29335b4fae2b7204735714993af367e23851c,97;97;97;97;97,75;75;75;75;75,22;22;22;22;22,TRUE
90,1,20770905,e301ad90c5f348cd3c9f9f82c0e05081ef403a4b2d4e7b7b18e8961d25b13a67,97;97;97;97;97,4;4;4;4;4,93;93;93;93;93,TRUE
90,2,20780905,0f61c870951d745487462678bd13163ef05f926dd46a3906807ec1f57d5ec1ee,97;97;97;97;97,4;4;4;4;4,93;93;93;93;93,TRUE
90,3,20790905,bdeab18ce9643939a30a6e66bc556703690d36099f0f9413aed8b401e16b47cb,97;97;97;97;97,4;4;4;4;4,93;93;93;93;93,TRUE
90,4,20800905,5ec9f695404352130d7c4a17c2bfea6271a0b203fe8005efce938f88efae17d9,97;97;97;97;97,4;4;4;4;4,93;93;93;93;93,TRUE
90,5,20810905,c5c76580ae36a0e20784d765831c63c54c1821ae837538833cff23964fe4ce6f,97;97;97;97;97,4;4;4;4;4,93;93;93;93;93,TRUE
91,1,20770906,d8fbe3e4e72b2cfcc8ac19c60088b55228fff125494cbe17cecb6feff80c88b8,98;97;97;97;96,7;6;6;6;6,91;91;91;91;90,TRUE
91,2,20780906,51fdf2108518a2b72ee162227457db7a542f5f0053c82bc13cd766bc1758f08d,98;97;97;97;96,7;6;6;6;6,91;91;91;91;90,TRUE
91,3,20790906,854ef42fb8a3b16b475435ef6c22ba79dce7849196bcaed6e525e5cdb2c4e6da,98;97;97;97;96,7;6;6;6;6,91;91;91;91;90,TRUE
91,4,20800906,16235ab8e2884d7f08346877997bd276062eb4fc43a727826dc15f7e1b41fdb7,98;97;97;97;96,7;6;6;6;6,91;91;91;91;90,TRUE
91,5,20810906,58d1c17028f61683710ce0f7f6dfdfe0b901c32f9f4a92286f893f91fb8a6402,98;97;97;97;96,7;6;6;6;6,91;91;91;91;90,TRUE
92,1,20770907,0fe36bf8c744f65292bcce0c68b5535927acc623d248df0b7327bbaa0debde4c,98;98;97;96;96,7;7;6;6;6,91;91;91;90;90,TRUE
92,2,20780907,2ab39761d0e21c65ae35c6ef59d8d2096461409ba04fde8a382310710ddb44fa,98;98;97;96;96,7;7;6;6;6,91;91;91;90;90,TRUE
92,3,20790907,f367f552d43d8f44c6d861bb3acbaf176a3a8adeed4cd3ad3e504737768bfb57,98;98;97;96;96,7;7;6;6;6,91;91;91;90;90,TRUE
92,4,20800907,92a14fd0052781ad2b8c7b4235a6e74f4a949fb2eea457b6efd3913b1dcc15e1,98;98;97;96;96,7;7;6;6;6,91;91;91;90;90,TRUE
92,5,20810907,40cd78c5dba65d876a11c3f9963a2e19d5b8f937f372ba409e5c3f137e647247,98;98;97;96;96,7;7;6;6;6,91;91;91;90;90,TRUE
93,1,20770908,77bff6a49a29c50556ab539cd9350c86121527825e447b89ce2095d826412876,97;97;97;97;97,8;8;8;8;8,89;89;89;89;89,TRUE
93,2,20780908,9610ccaf3504b372c6644ee68b44bb1f57780d3f8eda43a23cf758b5e78836c3,97;97;97;97;97,8;8;8;8;8,89;89;89;89;89,TRUE
93,3,20790908,f3a859f44906aa8f7c6495e26b963ce9960d6bd8d9cd0896170f0ce595ec374f,97;97;97;97;97,8;8;8;8;8,89;89;89;89;89,TRUE
93,4,20800908,7f5a99192fc77caba7f1c5479ab588689be4362e13d4458836715e5d1489b8c0,97;97;97;97;97,8;8;8;8;8,89;89;89;89;89,TRUE
93,5,20810908,d7a80381e649e74e18ce54fa27a30e2367b49103e0ccf550d4e17d3fe31a7630,97;97;97;97;97,8;8;8;8;8,89;89;89;89;89,TRUE
94,1,20770909,067e0836bd4047e4856182235999f1d2d48fa88cc21d333ccb67e923dabc0168,98;98;97;96;96,5;5;5;4;4,93;93;92;92;92,TRUE
94,2,20780909,acea4075dfc44c95057e21eb162ed42c115fa53fb9e5d1fc42c485f26f1f642c,98;98;97;96;96,5;5;5;4;4,93;93;92;92;92,TRUE
94,3,20790909,624b264c43c8d8950019210aa70e0bbcc4f0619a828edb88725c785a670ce454,98;98;97;96;96,5;5;5;4;4,93;93;92;92;92,TRUE
94,4,20800909,25f3385fc98389c67778cd577650274fd1842ea4fe4c71be68b90e8c242c86ee,98;98;97;96;96,5;5;5;4;4,93;93;92;92;92,TRUE
94,5,20810909,36eb3ae9499d8005685c3550158372cf67be43bde03963bc02dc409e6a4e87fc,98;98;97;96;96,5;5;5;4;4,93;93;92;92;92,TRUE
95,1,20770910,4d61d01a687a269bf5c437afe53a817bb6bf99c7ba2750834011b2139c105659,98;98;97;96;96,47;47;46;46;46,51;51;51;50;50,TRUE
95,2,20780910,f1ad746e62f644c27d22e98e3d1e01171f60642ff3f66973fbf700f2f3675bed,98;98;97;96;96,47;47;46;46;46,51;51;51;50;50,TRUE
95,3,20790910,32fc26461e4a63b51488770843447404073d6e474df7c01cf76a453a3dc1d12c,98;98;97;96;96,47;47;46;46;46,51;51;51;50;50,TRUE
95,4,20800910,0de998afe551ecedc60a39b4b10c314e7ab3b37c2843978e9924a5da618cd187,98;98;97;96;96,47;47;46;46;46,51;51;51;50;50,TRUE
95,5,20810910,996b5f9b8673ee5c7d61b89e8c8726ff225f1f1a568ad4521fb6712557a18ec3,98;98;97;96;96,47;47;46;46;46,51;51;51;50;50,TRUE
96,1,20770911,ba1e086a1b7cdc6f0aa5785bb886c3639f02e5d828f1cd8692edafa169c31f85,70;69;69;69;69,6;5;5;5;5,64;64;64;64;64,TRUE
96,2,20780911,0558cac7fee30ba4476f0b4ba6323d0e13c4f958bb75d351b610d5b12b727b60,70;69;69;69;69,6;5;5;5;5,64;64;64;64;64,TRUE
96,3,20790911,341ad751208ea11f00698d65d49f2839b4d4dc6e96fa007ae2e5132398f11ea0,70;69;69;69;69,6;5;5;5;5,64;64;64;64;64,TRUE
96,4,20800911,e6e5de63ab315b95c0fca83d020eb2e6e54d56b2d611ad474b9497e997ca55ee,70;69;69;69;69,6;5;5;5;5,64;64;64;64;64,TRUE
96,5,20810911,1ff0c786ca1f2ea928daf664985745d3a3cc7f2fb4e5f6da2f5753a8664f2e73,70;69;69;69;69,6;5;5;5;5,64;64;64;64;64,TRUE
97,1,20770912,5be4350337399e4a08a4f4462e3c6d4698de738812c464f04580e79c3f806377,70;69;69;69;69,5;5;5;5;5,65;64;64;64;64,TRUE
97,2,20780912,82cea89e7bb641a021a8ead7481ce64850b72c2f165c44960b7f0220c9403159,70;69;69;69;69,5;5;5;5;5,65;64;64;64;64,TRUE
97,3,20790912,92ecd7e1f5acc43049a568cc77347931044fc8784d4226b10da9b558e7424709,70;69;69;69;69,5;5;5;5;5,65;64;64;64;64,TRUE
97,4,20800912,7d1b2193e971e1192561cb249907d8e442e0c8a2560129ca7b61ffa054d0d3a6,70;69;69;69;69,5;5;5;5;5,65;64;64;64;64,TRUE
97,5,20810912,2c3c955b1d954b3a22c231a0c7368e312b3badfa47bab86ce2f15165e2d28634,70;69;69;69;69,5;5;5;5;5,65;64;64;64;64,TRUE
98,1,20770913,cfade76b7168dbe1a59b8b0545dde2ef6d53becc8b20fbeeb45854f9e1696523,70;69;69;69;69,4;4;4;4;4,66;65;65;65;65,TRUE
98,2,20780913,a19c60732e3f8373d10ab679145dca5132d91499cbc39fa2830ff232909d8058,70;69;69;69;69,4;4;4;4;4,66;65;65;65;65,TRUE
98,3,20790913,d23699e59e98dc682f74b41480f12367346dbe1d432c1d404279a3a177eedcc3,70;69;69;69;69,4;4;4;4;4,66;65;65;65;65,TRUE
98,4,20800913,a9fdedd25639b20e62127b593b45ddce2097680e6676e0f0c699564e9e44d073,70;69;69;69;69,4;4;4;4;4,66;65;65;65;65,TRUE
98,5,20810913,e78809a98f42ec02d42eb0de74684ad8e8077c0a317eb0a861058f6fcce1e5a9,70;69;69;69;69,4;4;4;4;4,66;65;65;65;65,TRUE
99,1,20770914,2b6b478c990bf33262219fd10ea4c51663a84e4fa02ec788d5b96b7193ce4b90,70;70;69;69;68,19;19;18;18;18,51;51;51;51;50,TRUE
99,2,20780914,252dfbc71e39857527fa7ce936df5d5362481d3f5f9479be5e788f316ca445c3,70;70;69;69;68,19;19;18;18;18,51;51;51;51;50,TRUE
99,3,20790914,ac6f747541bb1953bf60fd771abbf208172396e811921345129e0cca914741c4,70;70;69;69;68,19;19;18;18;18,51;51;51;51;50,TRUE
99,4,20800914,1b22d5d22c5bc53a4da91619c0454b5f98ffdaafd08159a6b7b569a89e49baf0,70;70;69;69;68,19;19;18;18;18,51;51;51;51;50,TRUE
99,5,20810914,db2ba8e25d534fae867f38d217be8d79d0fff01a5a50f0bee676765082358e30,70;70;69;69;68,19;19;18;18;18,51;51;51;51;50,TRUE
100,1,20770915,645fed6cc7f9cc6b4d904d4ee30fff366340f4a84517a96787f5da892c961061,70;69;69;69;69,22;21;21;21;21,48;48;48;48;48,TRUE
100,2,20780915,89200607f0f4dbe1c6e3917195f0f062b27262d0293fec4dec5229def645a6c8,70;69;69;69;69,22;21;21;21;21,48;48;48;48;48,TRUE
100,3,20790915,5bb740af581ee98b644e63bd37c40a5fcaa86306506565e3e5bcb60e898b8849,70;69;69;69;69,22;21;21;21;21,48;48;48;48;48,TRUE
100,4,20800915,810388017702f7be67febf13170658ca931ded42af1110fed535a6f70c16e41c,70;69;69;69;69,22;21;21;21;21,48;48;48;48;48,TRUE
100,5,20810915,2c00e89c0f67dadbfb668f52c7dc5460cc6434f1a074ef65b30f880968a3ac8a,70;69;69;69;69,22;21;21;21;21,48;48;48;48;48,TRUE
101,1,20770916,a2d2c403b53399ea834e5bae2c85dcecc7ea7007f3763cfc44f5782068ea5db6,94;93;92;92;92,8;8;7;7;7,86;85;85;85;85,TRUE
101,2,20780916,33bdf46ab1d8852a3c1dc6b43f7c32cc6681460a68116f22e283576ffb1451c7,94;93;92;92;92,8;8;7;7;7,86;85;85;85;85,TRUE
101,3,20790916,4ce8af2502ee6213bf2afe29910acd8fac55fdac534addcf1304700564169d71,94;93;92;92;92,8;8;7;7;7,86;85;85;85;85,TRUE
101,4,20800916,9c0d179764f40882e637d9c80fd54efd5488a57bd0579d22989467e8c49b7eae,94;93;92;92;92,8;8;7;7;7,86;85;85;85;85,TRUE
101,5,20810916,5256966a281e6fc7f64f8ae7bdeb02e1e34084b4c0eb54240b9c6ab7678ac9b3,94;93;92;92;92,8;8;7;7;7,86;85;85;85;85,TRUE
102,1,20770917,5c8b7b3486532adf2bdd4bd72b03ecf17a32e95277c5db6f18e50f2485ba920e,93;93;93;93;91,12;12;12;12;11,81;81;81;81;80,TRUE
102,2,20780917,716fab7f17165e9bf67863fa0f791dc5777ae3a3498666c525c9a38f5ae4f2a0,93;93;93;93;91,12;12;12;12;11,81;81;81;81;80,TRUE
102,3,20790917,9440fdfafa8387e870ebb340caa3ce8d002b0292a5ff82677a7a537ff0748f57,93;93;93;93;91,12;12;12;12;11,81;81;81;81;80,TRUE
102,4,20800917,3a5c40f4422d744b71be48c9fe4be7fb00c012842177f522f54d0912d492dfa5,93;93;93;93;91,12;12;12;12;11,81;81;81;81;80,TRUE
102,5,20810917,22876811c8af85cec741e1906da6e95dec9bb36eec5d2d09d31bb65e25d8b438,93;93;93;93;91,12;12;12;12;11,81;81;81;81;80,TRUE
103,1,20770918,441dcb6a8e84c7c58ef0401a9724cdeadafa07ea9ee74555adcbb44bbb6982cb,93;93;93;92;92,17;17;17;16;16,76;76;76;76;76,TRUE
103,2,20780918,a6d11c65b5a4c61cf8ff85e49b73d4fa1f376f9f40e72a2946a938d839b3dbd0,93;93;93;92;92,17;17;17;16;16,76;76;76;76;76,TRUE
103,3,20790918,da003e9fad60367c86ca08278da0776ffc00a939159d6db3c3a487cb9eacccc4,93;93;93;92;92,17;17;17;16;16,76;76;76;76;76,TRUE
103,4,20800918,14f2a6d1f7e12fd504284b58ac6661a95d7495091e664116745790bb0d780164,93;93;93;92;92,17;17;17;16;16,76;76;76;76;76,TRUE
103,5,20810918,fedd7f57eaf17fd6e67f37e2e5f4129c41a5ed1b1360ef740eefddfc55a30fb5,93;93;93;92;92,17;17;17;16;16,76;76;76;76;76,TRUE
104,1,20770919,a89b8a03228dcf11d754e9e5910a48cc28f2177942454c2ab4165c747c22a7ee,93;93;93;92;92,28;28;28;28;28,65;65;65;64;64,TRUE
104,2,20780919,d78cb22367ec8ec444fa977b7cb4cf0f311e37ae6a61b21f3c6051ac03f0a6be,93;93;93;92;92,28;28;28;28;28,65;65;65;64;64,TRUE
104,3,20790919,50de820243e49b28f7fe33a7d73755b8b7d2aa0efac26e3a9e8ed122b8231636,93;93;93;92;92,28;28;28;28;28,65;65;65;64;64,TRUE
104,4,20800919,137a0874d4e26420c8a442c99e3c5a474aaae1d3300b7c9489267cff541ffc23,93;93;93;92;92,28;28;28;28;28,65;65;65;64;64,TRUE
104,5,20810919,300a4121d23609cb461738379a7abb62e797004ffd0095ecedf94d4ae0049848,93;93;93;92;92,28;28;28;28;28,65;65;65;64;64,TRUE
105,1,20770920,fc786365065630e3f3497ec8d4505c5c8e18d64a42c0cf526777bb92603478a3,94;93;92;92;92,12;12;11;11;11,82;81;81;81;81,TRUE
105,2,20780920,dbcde5ceb40913b30c12be2cb06122737207d4b8daa0789be773dab39ee132b2,94;93;92;92;92,12;12;11;11;11,82;81;81;81;81,TRUE
105,3,20790920,3ba783734ca89894d69e42e05b2b5589a8a3f9114345ecc0051deef9ef1aed25,94;93;92;92;92,12;12;11;11;11,82;81;81;81;81,TRUE
105,4,20800920,4934c06ec910b941388ad8835542223f4eb9986de92282dc959af5f93c1a070c,94;93;92;92;92,12;12;11;11;11,82;81;81;81;81,TRUE
105,5,20810920,efe51001475373be8ea0e9ff57cac3e997ea3b69e909899fb07cbe4aa552e5cf,94;93;92;92;92,12;12;11;11;11,82;81;81;81;81,TRUE
106,1,20770921,856dd561763a42cfd579d8a6c099b3a1a3f1cc14657812f530e96e7f0c16e188,94;93;92;92;92,6;5;5;5;5,88;88;87;87;87,TRUE
106,2,20780921,13165b94d5772ca00fe6c056f7a7b7097986b9e7fb985b3319733a6045d3752b,94;93;92;92;92,6;5;5;5;5,88;88;87;87;87,TRUE
106,3,20790921,d5124c750167b30d1b6fe8611fbcd470440a768d02cc7900d492f8dacf29b918,94;93;92;92;92,6;5;5;5;5,88;88;87;87;87,TRUE
106,4,20800921,46157ade653ee534c160f3359c19d5289f2823ca6e7c1fced22423b3d558412f,94;93;92;92;92,6;5;5;5;5,88;88;87;87;87,TRUE
106,5,20810921,5ed555ca67a2e5c6101067887b31f04eec3c661bc10c5ac55478ce17a72e340d,94;93;92;92;92,6;5;5;5;5,88;88;87;87;87,TRUE
107,1,20770922,87806e58c59c122ed673ee58140d662169156a8f9e11ff3ef6456fdab7ee801c,93;93;93;92;92,5;5;5;5;5,88;88;88;87;87,TRUE
107,2,20780922,fd1b32951826a3eaa5b807ab886e12a71f8b1a6c99a77637e409db067dcd31e3,93;93;93;92;92,5;5;5;5;5,88;88;88;87;87,TRUE
107,3,20790922,447e0a98ea9a2334acce1019bcf1c4d4282dd6a771e74ae84c483921d674db26,93;93;93;92;92,5;5;5;5;5,88;88;88;87;87,TRUE
107,4,20800922,55f36078dfb23e90c787c5193b81dfcff9079f1212dd701c48ee0153be55272e,93;93;93;92;92,5;5;5;5;5,88;88;88;87;87,TRUE
107,5,20810922,2efef7436b22d918a9f13c410b5dcc812a4a663cf30a92c6e0fd594ec086d4a7,93;93;93;92;92,5;5;5;5;5,88;88;88;87;87,TRUE
108,1,20770923,d1f989d6abffd93417aaa5035921f4c985974e3f96ec4fa03f38e3e6ae89242b,93;93;93;92;92,6;6;6;6;6,87;87;87;86;86,TRUE
108,2,20780923,e4124e6d5405fa55e4b54949ee13d98950582b35a4e90f9aa82b2b64ed790939,93;93;93;92;92,6;6;6;6;6,87;87;87;86;86,TRUE
108,3,20790923,87a3fd1da855540297a1cbe2904f65c9b50805a5d0faab64bbb37b760b3c0aa7,93;93;93;92;92,6;6;6;6;6,87;87;87;86;86,TRUE
108,4,20800923,551d682f1f420abad33f3c3a98ceca8960cbb23a1df1598480b2dbc00a7ee0c2,93;93;93;92;92,6;6;6;6;6,87;87;87;86;86,TRUE
108,5,20810923,f3cb92a71fec18a52a3464aee79e595ced6f16889732d49ba9ac299902675584,93;93;93;92;92,6;6;6;6;6,87;87;87;86;86,TRUE
109,1,20770924,fa077d4c0ba551c21336a08d304aa900bb3a72549092d2037e73011d9857614f,94;93;92;92;92,8;7;7;7;7,86;86;85;85;85,TRUE
109,2,20780924,6c8d5633d722cd108eedab6bb98d163a5d18cdf8d976081ce6f28647f78afe04,94;93;92;92;92,8;7;7;7;7,86;86;85;85;85,TRUE
109,3,20790924,3c4e50d8a8cb1555c90b9f293d9179b68883fdd60cd3e6abd7d206cdce0a0787,94;93;92;92;92,8;7;7;7;7,86;86;85;85;85,TRUE
109,4,20800924,fa9fc57455ef6a98e1b30b971692e777dc324df7775fc1546725ba057ba67e05,94;93;92;92;92,8;7;7;7;7,86;86;85;85;85,TRUE
109,5,20810924,345902755d931f1717cc6585274e918ac1d0ff62d92ebca2eccec8189eaa8c50,94;93;92;92;92,8;7;7;7;7,86;86;85;85;85,TRUE
110,1,20770925,f13fc850f566f555144660c315667ea1f5a6fc4afffae197cf5c20d08c7a3266,94;93;92;92;92,14;14;13;13;13,80;79;79;79;79,TRUE
110,2,20780925,f78bda3b8426d815cdf99f8a1c70e5d5fec8c378eacc0b9f6efd5bcae33faf7f,94;93;92;92;92,14;14;13;13;13,80;79;79;79;79,TRUE
110,3,20790925,f132ce40a6bc277804f18330a830262e6f1fe1af3e5c38dc18c597ed10992325,94;93;92;92;92,14;14;13;13;13,80;79;79;79;79,TRUE
110,4,20800925,4c9fcd801a62069b9b9b57f50240dc29b2af131c9b0654b7988d76c4567489dc,94;93;92;92;92,14;14;13;13;13,80;79;79;79;79,TRUE
110,5,20810925,a3808c46326a4d0696faeb4205fbad8f38ca07ae8be7d4d2137b00ae6e5c9dae,94;93;92;92;92,14;14;13;13;13,80;79;79;79;79,TRUE
111,1,20770926,1439bcbe762f2fe4f912ef754659bf22df653ac12cb77af8083d8bd3028e9c85,93;93;93;93;91,47;47;47;47;46,46;46;46;46;45,TRUE
111,2,20780926,f0b6964cb4d4957f2d12ae7c80972d7404bf5081a7babc8c1f7a7a7be132a8fe,93;93;93;93;91,47;47;47;47;46,46;46;46;46;45,TRUE
111,3,20790926,922f8ee8db5e23f11a2034e0fdd390e32dd6755916afd051d76231181c28d836,93;93;93;93;91,47;47;47;47;46,46;46;46;46;45,TRUE
111,4,20800926,ff0d576f16eab92367187f17a7275fa0249efd9e33a72fa76362bb1e2d386f06,93;93;93;93;91,47;47;47;47;46,46;46;46;46;45,TRUE
111,5,20810926,7a1a038107e8422b932b67f71fe97edbf529200990597e6baf4dbe699b687593,93;93;93;93;91,47;47;47;47;46,46;46;46;46;45,TRUE
112,1,20770927,910e4c02ab9a6a4d32aaaca8baca57f4a9795f954d27b524818c3295030fcf96,93;92;92;92;91,6;5;5;5;5,87;87;87;87;86,TRUE
112,2,20780927,612073d73d416a918310dec9dbdccc008c5d435195965f6f51fa07090aca1a99,93;92;92;92;91,6;5;5;5;5,87;87;87;87;86,TRUE
112,3,20790927,f236f5fa676731e91107f47e2b2732f5a64191cbcc677c8d221944cd94cf64b8,93;92;92;92;91,6;5;5;5;5,87;87;87;87;86,TRUE
112,4,20800927,299b1d15e7d92d31cc61a67ae2f544362355c0c4496246a98d9bbc645b1ce32b,93;92;92;92;91,6;5;5;5;5,87;87;87;87;86,TRUE
112,5,20810927,3edc1b092931774568ce8a0631a9dbfeb7dedd19b56070bee4a7d3cfbec61a98,93;92;92;92;91,6;5;5;5;5,87;87;87;87;86,TRUE
113,1,20770928,7e80175080524310f70ddcff0bde42bb689db1ebf2ac386e729f48112dec1e95,93;92;92;92;91,7;6;6;6;6,86;86;86;86;85,TRUE
113,2,20780928,d906f780a8043738594b6c05d4b28de5f1cf9eff99fc544ecd5bd29693c9ffc9,93;92;92;92;91,7;6;6;6;6,86;86;86;86;85,TRUE
113,3,20790928,a164fd63e3a9090cb1a964d1e582819994eb16fe53bdcef1ceab50a9b15a7b9a,93;92;92;92;91,7;6;6;6;6,86;86;86;86;85,TRUE
113,4,20800928,897f272bccc0d0b78b391b52c3d45543ecbe883ed604d6d37bf29b1af785ee84,93;92;92;92;91,7;6;6;6;6,86;86;86;86;85,TRUE
113,5,20810928,d4dab09b4189faa3e305003afe298fa875701585123a7d63796a27f9c9d30654,93;92;92;92;91,7;6;6;6;6,86;86;86;86;85,TRUE
114,1,20770929,56ffdae470494cbe135092499bdb07deb396294f7045a65fa9bdc6f67b4b2bd5,93;93;92;91;91,14;14;14;13;13,79;79;78;78;78,TRUE
114,2,20780929,f29d4259baa638ed2a3dfff0c9b017a6a896b2ad3e9add6226575051e6dd97f1,93;93;92;91;91,14;14;14;13;13,79;79;78;78;78,TRUE
114,3,20790929,4ed1ac81e63618b35bfbceebac50febea7c1044a6164509f262795693a0d01e4,93;93;92;91;91,14;14;14;13;13,79;79;78;78;78,TRUE
114,4,20800929,45442d1acc35d89f8f9a6060290a26b7c7c35058a2cb3b36d3de723b2c64c0a9,93;93;92;91;91,14;14;14;13;13,79;79;78;78;78,TRUE
114,5,20810929,e4d0f0bf6eca6546ea4e5acf8bfc97f80acc836915efc4963364eb28c1c0bc03,93;93;92;91;91,14;14;14;13;13,79;79;78;78;78,TRUE
115,1,20770930,5ae8bc9d8da67604e8f56b816222b72a881042ae775dbbea91c54f2d0ed83593,92;92;92;92;92,5;5;5;5;5,87;87;87;87;87,TRUE
115,2,20780930,77bd8ba48aa5b83f3a203ab1da3b2f65f979007c03333140afa6f8cf68da922c,92;92;92;92;92,5;5;5;5;5,87;87;87;87;87,TRUE
115,3,20790930,14ee455ea22c8fb868a3c1926d1a10ca6324e8dfca62f776ff2486107193324d,92;92;92;92;92,5;5;5;5;5,87;87;87;87;87,TRUE
115,4,20800930,5dbcec45070b41897d5262a4291269f133e62e9710539917086a3a8aa9b8f757,92;92;92;92;92,5;5;5;5;5,87;87;87;87;87,TRUE
115,5,20810930,c0a307d784783a0101a2942c7d8a21dbd148a438d157af78038a96b21c5c65d0,92;92;92;92;92,5;5;5;5;5,87;87;87;87;87,TRUE
116,1,20770931,94d3674ab53b8e2562e83339da54d3489cc264f901273cae28cee3c403b71ddb,93;92;92;92;91,5;4;4;4;4,88;88;88;88;87,TRUE
116,2,20780931,e0424fe647ad71ab170e63595705e82267f38735373f66a5241ecff5ce6399ea,93;92;92;92;91,5;4;4;4;4,88;88;88;88;87,TRUE
116,3,20790931,c924692f9fd4ae8e5a07d9c807f6c1eb187c668a4c311d944c042e60f9bc7f75,93;92;92;92;91,5;4;4;4;4,88;88;88;88;87,TRUE
116,4,20800931,7472c013f200d0c919864604f32a728ba08685ee0ca40c81b72114eb64a81a44,93;92;92;92;91,5;4;4;4;4,88;88;88;88;87,TRUE
116,5,20810931,71be5878c5552a7e1f22739a697b3a16064282b6e9fb6d3cb0b8df4f144252c0,93;92;92;92;91,5;4;4;4;4,88;88;88;88;87,TRUE
117,1,20770932,5b80c0a1528267ce74539e5e106e6e8c65329f0da4ce034aa09b26bf15d0a46d,93;92;92;92;91,11;10;10;10;10,82;82;82;82;81,TRUE
117,2,20780932,ba39771e98d5895414e8f5b9cd7b1770c61de5a0f9bc6d7d5e0f198a36503f2d,93;92;92;92;91,11;10;10;10;10,82;82;82;82;81,TRUE
117,3,20790932,c5c96920766faf8b2ee48036ba552ba98a708b479d3da22d614bbf463b2fb606,93;92;92;92;91,11;10;10;10;10,82;82;82;82;81,TRUE
117,4,20800932,8c05f997275f1683ea9161d6115b1e78eb99d0af01ca1ffbc462db9af25090ff,93;92;92;92;91,11;10;10;10;10,82;82;82;82;81,TRUE
117,5,20810932,3ec59b57f0535bd2f6f3a3a7e0e0d7e9c45e28eb4cb45ea3a942d788bc843bca,93;92;92;92;91,11;10;10;10;10,82;82;82;82;81,TRUE
118,1,20770933,0216b5f6406ea0f948d2733737e0af705b0759cb265b681e291292827a7729f1,93;93;92;91;91,21;21;21;20;20,72;72;71;71;71,TRUE
118,2,20780933,37e1fce98d817f6728c7603ef5b0e84cfe0cb23851a8f7dfdcc71f0e9b72fa43,93;93;92;91;91,21;21;21;20;20,72;72;71;71;71,TRUE
118,3,20790933,dcd627bcdb7478c538929a070e4352802a6c6e929f6b0eb33eead4eae61111f6,93;93;92;91;91,21;21;21;20;20,72;72;71;71;71,TRUE
118,4,20800933,e80ebb3f0dd3fde6967cbe3fa37e34d5fd43f7fcb2c43e52ae3ede05e7dadcb6,93;93;92;91;91,21;21;21;20;20,72;72;71;71;71,TRUE
118,5,20810933,5025dea40408073d64638cf9edbed5dc4bd945b661855aee1c7a9d3b2910d3f8,93;93;92;91;91,21;21;21;20;20,72;72;71;71;71,TRUE
119,1,20770934,ccd2508d10f68589bfcc8d681fe51d57630343e06891c45c8a86dc38e01f0f16,93;92;92;92;91,10;10;10;10;9,83;82;82;82;82,TRUE
119,2,20780934,6a1feea8ee29f3a9c8f386fc49ad62a04d6535d5217e354ac3ceec45cbf05b53,93;92;92;92;91,10;10;10;10;9,83;82;82;82;82,TRUE
119,3,20790934,4c02c8005c512748946db58b9e6a81274d92c1c41aa1ca8fcb9afe19c155bbeb,93;92;92;92;91,10;10;10;10;9,83;82;82;82;82,TRUE
119,4,20800934,622b4ab74c9ba0f9b17d82890bc35b5e771bd7bc842f8f1ea2773f6a0790305e,93;92;92;92;91,10;10;10;10;9,83;82;82;82;82,TRUE
119,5,20810934,3eefbec29f50402ea0d930e239af99cc2ffc64b5007041e466007f1e7f3d1325,93;92;92;92;91,10;10;10;10;9,83;82;82;82;82,TRUE
120,1,20770935,ac1818f97bffe9be8454dc13f7dbcaf05013537a69588d8ff74bd240dde174f5,93;92;92;92;91,14;13;13;13;13,79;79;79;79;78,TRUE
120,2,20780935,0d47471e5f3f8c39f81dcf642e3eaf05e3ac3eda3b6d3d0e337267e650919829,93;92;92;92;91,14;13;13;13;13,79;79;79;79;78,TRUE
120,3,20790935,352f7aea956c8a9d19e03448da1c6f1302d15d7e97c2e9eb69a4197cb07cd966,93;92;92;92;91,14;13;13;13;13,79;79;79;79;78,TRUE
120,4,20800935,b873628979911d3fb3a5a44402dfc386c378eabf646db39f7e567d9431d91879,93;92;92;92;91,14;13;13;13;13,79;79;79;79;78,TRUE
120,5,20810935,c05ed74edd891ef7c66d9c3edd9dc8ba4db100bdadfc798a3b5ad5124954eb23,93;92;92;92;91,14;13;13;13;13,79;79;79;79;78,TRUE
121,1,20770936,941d6bf77327d734b3f2a5915a5e59bf31b1422d6abf69904094747b72d29645,93;92;92;92;91,11;10;10;10;10,82;82;82;82;81,TRUE
121,2,20780936,59c189d331b3f65e0a0b7877c0fc8bbcb29b2605df58eb3c4f6eabcc1f861791,93;92;92;92;91,11;10;10;10;10,82;82;82;82;81,TRUE
121,3,20790936,64c797ef5f6a9d9e333b4d45d457071372591799883f0bffcf442e171c018afe,93;92;92;92;91,11;10;10;10;10,82;82;82;82;81,TRUE
121,4,20800936,7a8c78963ad02ea6ff69dde8d85b4bca99830e08c5f3f6727b66c366f6fa2fdd,93;92;92;92;91,11;10;10;10;10,82;82;82;82;81,TRUE
121,5,20810936,4ce237beb19a73a667e57062d0b604036b330614e38da85d5f3fe2880c536288,93;92;92;92;91,11;10;10;10;10,82;82;82;82;81,TRUE
122,1,20770937,f2d450ce545c3bf534db6bf5955bf5f4c8dafa22e6b10eb169ca1b9030eb625d,93;92;92;92;91,6;6;6;6;5,87;86;86;86;86,TRUE
122,2,20780937,9ec708b90d49803ed0afe458507634b71b56c67f9703cc253e8273007d702809,93;92;92;92;91,6;6;6;6;5,87;86;86;86;86,TRUE
122,3,20790937,969853cc4b8bbd1e7ae8a901c4b9adab71394ada50eab367837bd64b624704d3,93;92;92;92;91,6;6;6;6;5,87;86;86;86;86,TRUE
122,4,20800937,78a1ce68f4ba2c9e2eb399104881d76a0b1050481c4d2feeb949c4b034573476,93;92;92;92;91,6;6;6;6;5,87;86;86;86;86,TRUE
122,5,20810937,9dfa784710666ddbb6d73e611fb69902a9990667a62e42afd2dfed5313626dc6,93;92;92;92;91,6;6;6;6;5,87;86;86;86;86,TRUE
123,1,20770938,a3963f76bf8536966963ff32f16c5474490a218735005a3ed61fc2b8f18100db,93;92;92;92;91,7;6;6;6;6,86;86;86;86;85,TRUE
123,2,20780938,8a682b0f9f77d9f483071a32e284ce77d62877b5640f06e14a6f6dafdb26cb4c,93;92;92;92;91,7;6;6;6;6,86;86;86;86;85,TRUE
123,3,20790938,58b1b7eb1d8a80cfc4ed9f0dcf1a9b47db460dfba7b4f32caff2c55717b33672,93;92;92;92;91,7;6;6;6;6,86;86;86;86;85,TRUE
123,4,20800938,23a0e51d5c2100c4bf32786817657c04c6c40cdba9da3c4f8e8d922cadc8cff8,93;92;92;92;91,7;6;6;6;6,86;86;86;86;85,TRUE
123,5,20810938,c075783e6c7522c37c9dddfd6882b862c5276bae8d7f719a68e839ecbdeb31e0,93;92;92;92;91,7;6;6;6;6,86;86;86;86;85,TRUE
124,1,20770939,15fe195010746059dd387ae0a4c532734a7e6c0a38f909f085d8a3a86f9c08fc,93;92;92;92;91,77;76;76;76;76,16;16;16;16;15,TRUE
124,2,20780939,77cf8f28b5261dd16650cf18818d2b58a0cb48d6958ac06fd1493763d76c9c68,93;92;92;92;91,77;76;76;76;76,16;16;16;16;15,TRUE
124,3,20790939,31c88ca6e5f665dc9cfcda6f09b54422006fc00b5523e9cf06ee646681cbe3ce,93;92;92;92;91,77;76;76;76;76,16;16;16;16;15,TRUE
124,4,20800939,c98418649c996f7b155666a60dd99ab35b1ba436739369b86c38efdf9eb79658,93;92;92;92;91,77;76;76;76;76,16;16;16;16;15,TRUE
124,5,20810939,d96e2cba9d72ca84c7ef49fe401385a3d4d8c5f28449de896a032e71ec01f9f9,93;92;92;92;91,77;76;76;76;76,16;16;16;16;15,TRUE
125,1,20770940,dbaf5bcae22c48a12e68d550548be6b23ac553b744990548a1d9d4f9e86710a8,15;14;14;14;13,5;4;4;4;4,10;10;10;10;9,TRUE
125,2,20780940,e904f527aa484efd9923fcf8e204171cc979a8c63bed547cc39eb31ebb867c82,15;14;14;14;13,5;4;4;4;4,10;10;10;10;9,TRUE
125,3,20790940,e6a5082a408e6a70e90daf72911ee637f8f9037599c88184d74214436302a578,15;14;14;14;13,5;4;4;4;4,10;10;10;10;9,TRUE
125,4,20800940,5932c81cc9a5864cfd284f38342d6673c8c36f206138d3acb1c14a4c6bf59bcc,15;14;14;14;13,5;4;4;4;4,10;10;10;10;9,TRUE
125,5,20810940,9e56722b13333e38c80e352c16b635ced834d4d3fbdd39747fd04fbf8d5ae9c4,15;14;14;14;13,5;4;4;4;4,10;10;10;10;9,TRUE
126,1,20770941,bc2fafca3c0958b893c9d841f117b2342fda95640a43fd68b77a30e6604e42bc,36;35;35;35;34,7;7;7;7;6,29;28;28;28;28,TRUE
126,2,20780941,a33d34c0d7b216c3476cc6a9f2060879111fcd0a79030763b866ac4f98b60a5e,36;35;35;35;34,7;7;7;7;6,29;28;28;28;28,TRUE
126,3,20790941,d28f5b8357123985fd84da2f962b5b50ca6da58a2e1c20a51cd1e3db3b6cad51,36;35;35;35;34,7;7;7;7;6,29;28;28;28;28,TRUE
126,4,20800941,4a446a0c7bf051385ebaff3f3c5e752eafacdff6c8ea876048915a59be9e0aba,36;35;35;35;34,7;7;7;7;6,29;28;28;28;28,TRUE
126,5,20810941,3d81891540f42cd7873dd349c95fa330d2bc693fd9a921f130307c9288534540,36;35;35;35;34,7;7;7;7;6,29;28;28;28;28,TRUE
127,1,20770942,d9923de9d8ef6f78fa7dd4cbadef5a0047c524edbbe853c4537c3f47301c145d,36;35;35;35;34,24;23;23;23;23,12;12;12;12;11,TRUE
127,2,20780942,b187a2023c27d06a7e11913e629698f8ff22f16aa4258ae0e087f7d107d177f0,36;35;35;35;34,24;23;23;23;23,12;12;12;12;11,TRUE
127,3,20790942,1f460f5757a5176ba3560c22ed17753e5b74b26eb586713137eedc82a58481e6,36;35;35;35;34,24;23;23;23;23,12;12;12;12;11,TRUE
127,4,20800942,4d2a5f6a4d567466c5bbb18a9138148822df22a559db470f643b09e304fab47e,36;35;35;35;34,24;23;23;23;23,12;12;12;12;11,TRUE
127,5,20810942,48766502163c54d3b3652080be7b9bb0261b67d1d61e99ede0a442fb163a8c84,36;35;35;35;34,24;23;23;23;23,12;12;12;12;11,TRUE
128,1,20770943,05d6f0a5e0c300b569d92102400245f06355fedc656c1f272d3f1495d74688b3,36;35;35;35;34,22;21;21;21;21,14;14;14;14;13,TRUE
128,2,20780943,750fb220a45f6ca1d70686943394f2babc96a89c3200847677db5aba5b28bd67,36;35;35;35;34,22;21;21;21;21,14;14;14;14;13,TRUE
128,3,20790943,54fa365920eb3e819eca2b57cb4f11e96be0c945a120b2b383dacea58285d69b,36;35;35;35;34,22;21;21;21;21,14;14;14;14;13,TRUE
128,4,20800943,3ab110e86be80728ed3d969da60c74e0262d9b76a55a78854fc7ade358a673b9,36;35;35;35;34,22;21;21;21;21,14;14;14;14;13,TRUE
128,5,20810943,5fd265f8f56c474c2c02deb95aefd513b412a1adc82716e0848ad31ac3ae6429,36;35;35;35;34,22;21;21;21;21,14;14;14;14;13,TRUE
129,1,20770944,39e395ef37a088b472091d29a2e10190e38238e410a854f77474651dea9233f8,74;74;74;73;73,5;5;5;4;4,69;69;69;69;69,TRUE
129,2,20780944,8483a2834bbf9489871df054d37c95543fecf3908509db23bfd3406e10aa5f78,74;74;74;73;73,5;5;5;4;4,69;69;69;69;69,TRUE
129,3,20790944,720cdc2050d703c5a7d7603668011e802d6af50e839bb7280ca560044e3c8614,74;74;74;73;73,5;5;5;4;4,69;69;69;69;69,TRUE
129,4,20800944,8f51aab13d1567f6d8e3174ff1e8362352d6bb040747f67b9f626295768cf6fe,74;74;74;73;73,5;5;5;4;4,69;69;69;69;69,TRUE
129,5,20810944,8bbd702f276a49265d7dcf560b92027345726577720ea36671295a148a3a66f0,74;74;74;73;73,5;5;5;4;4,69;69;69;69;69,TRUE
130,1,20770945,51e4d4968e0aaf3fa0515bdaaaa27f623bc7c4db1d3eac42878f3b43dab88c62,74;74;74;74;72,8;8;8;8;7,66;66;66;66;65,TRUE
130,2,20780945,b1fbd0e59c584a51d0a8b796315ed11546a3a12511088e6f28b24ea3d6e0d4f1,74;74;74;74;72,8;8;8;8;7,66;66;66;66;65,TRUE
130,3,20790945,0dac0c97a4a9f8e9c2ed930ee21392d778a4d4a79b4920c62d9feb4fc9b9d5bf,74;74;74;74;72,8;8;8;8;7,66;66;66;66;65,TRUE
130,4,20800945,be34ac55360a9bafd28830cc703b02a96e490f17ef659bf1698527c2eabfb2dc,74;74;74;74;72,8;8;8;8;7,66;66;66;66;65,TRUE
130,5,20810945,ec7d5ba6b70b4ebda45fd5e30d0ef72ef619c2d692ce685e895463758ca7d5d4,74;74;74;74;72,8;8;8;8;7,66;66;66;66;65,TRUE
131,1,20770946,add00246ee4a98401e3fb6ae6f9d34889bc0c12a0e9ae5bcb8e6bb703ec4a9dc,75;74;73;73;73,9;9;8;8;8,66;65;65;65;65,TRUE
131,2,20780946,cbba07a31ac26ee1e9ff32c616d375d8863dcd85a63feda496b61c1b2dd4f1eb,75;74;73;73;73,9;9;8;8;8,66;65;65;65;65,TRUE
131,3,20790946,73b99ad0324575f975d62cbd54132e92b259a836c179f12e4d6eafecf26f0b45,75;74;73;73;73,9;9;8;8;8,66;65;65;65;65,TRUE
131,4,20800946,846c832ae608b895141e402d61ceeb9e5d16a90e1a806d90d38c115653cb321e,75;74;73;73;73,9;9;8;8;8,66;65;65;65;65,TRUE
131,5,20810946,30cd75b39696f6222d5a49fe1f10d01796170c7465b3fe38d999f496398bea9e,75;74;73;73;73,9;9;8;8;8,66;65;65;65;65,TRUE
132,1,20770947,c8aa3202dacc8da58550f38ddcf28f7737c4b1715f5192469e4a36da956b7620,27;27;27;27;26,13;13;13;13;12,14;14;14;14;14,TRUE
132,2,20780947,79799ec8cb940d1123d0b210d0f0605374863e979c2aff03efea7a1c1e00b3f2,27;27;27;27;26,13;13;13;13;12,14;14;14;14;14,TRUE
132,3,20790947,ed00c376405f4d940bfe1a08b5b19910f90ad673e8048f8e663ea6230234564b,27;27;27;27;26,13;13;13;13;12,14;14;14;14;14,TRUE
132,4,20800947,cb71fd513b9496fb0adddf10b7fba11d5f1a30116a983544176bd91d57e9d970,27;27;27;27;26,13;13;13;13;12,14;14;14;14;14,TRUE
132,5,20810947,73cdc8b41ecf43f1d422c64aa1b8a82fb3aafaa2d5bf993f893288c985c29c24,27;27;27;27;26,13;13;13;13;12,14;14;14;14;14,TRUE
133,1,20770948,db95b6876f66a3274d576e03ab9cb93cd4283cdbe8031ac97e2c07386adf238e,27;27;27;27;26,6;6;6;6;5,21;21;21;21;21,TRUE
133,2,20780948,c5c9f6ec1cc2628effc26d8b9f1231957f5ac17f87c5ad695a8150ff29cd9ba3,27;27;27;27;26,6;6;6;6;5,21;21;21;21;21,TRUE
133,3,20790948,9599e1c8c9804d7d53bfe16bca47e8790e8cfc9b229d6e8cef2b02b177fd13b8,27;27;27;27;26,6;6;6;6;5,21;21;21;21;21,TRUE
133,4,20800948,528f927dccce71bbc4685c58b6c42260ee45c51048e13b0d30744a0d9805a0e0,27;27;27;27;26,6;6;6;6;5,21;21;21;21;21,TRUE
133,5,20810948,5dc2aa77e08e0259c0a03d6762901c644f026bde3b3139f8b690845af3684a87,27;27;27;27;26,6;6;6;6;5,21;21;21;21;21,TRUE
134,1,20770949,5a77096f61c29af1c124c57076aa5a55e78d77971ade76dcf1c41fd1d7e2caec,28;27;27;26;26,14;13;13;13;13,14;14;14;13;13,TRUE
134,2,20780949,b880ab44a8b7b012f2fd0099fad16baddf926f27c138014fb16fdc99cc0d3719,28;27;27;26;26,14;13;13;13;13,14;14;14;13;13,TRUE
134,3,20790949,6fedf9a1b2ef827c3994a30aed2e687e6160ea6b46caa91e9ef19e705f2e0961,28;27;27;26;26,14;13;13;13;13,14;14;14;13;13,TRUE
134,4,20800949,7af93e30ac760d31ff7c711f941d4ca7445b0eabbf07cba6bda9f45f94121fc8,28;27;27;26;26,14;13;13;13;13,14;14;14;13;13,TRUE
134,5,20810949,3616f4bc5f498e524043a8bc489c5eb5a1e6900416839355a11be4ecd0c47ce4,28;27;27;26;26,14;13;13;13;13,14;14;14;13;13,TRUE
135,1,20770950,a3fc84920b99fdfbdf5be53c274b0883c05c14a37380d42e151ac4ddc09c08a4,46;46;46;46;45,7;7;7;7;7,39;39;39;39;38,TRUE
135,2,20780950,3f237b93d9a7101836f0e6f344aa56611c6aeabf783a820f0686e67058800f85,46;46;46;46;45,7;7;7;7;7,39;39;39;39;38,TRUE
135,3,20790950,9e03a6d9a49f5ae4338c930a6ce9114f0cb1debf5e68b55c9bdc36eae7208620,46;46;46;46;45,7;7;7;7;7,39;39;39;39;38,TRUE
135,4,20800950,8852cff4d28f2fecf167befdf39bf5d282a80742e8cf5755804dc1f22104f0b6,46;46;46;46;45,7;7;7;7;7,39;39;39;39;38,TRUE
135,5,20810950,8355fc522f36ee9a185213ab74f74dac108b3f1d154cd76d2d4dbbb283d8fbc6,46;46;46;46;45,7;7;7;7;7,39;39;39;39;38,TRUE
136,1,20770951,5ba1e192df76779d517f9cb8563153d0f4c3f4cfc6cff0d5db8665684fee7cdd,46;46;46;46;45,5;5;5;5;4,41;41;41;41;41,TRUE
136,2,20780951,24b91c707fd3bc3ad7664bc43bf0ffd40b4ef02a413a0d0b76c8d772a4eb61f2,46;46;46;46;45,5;5;5;5;4,41;41;41;41;41,TRUE
136,3,20790951,1ce477f438dc7fe5f211be0c61c765bc6b2baa08a4655b83c78dc72be5fc0395,46;46;46;46;45,5;5;5;5;4,41;41;41;41;41,TRUE
136,4,20800951,31ba5bcc7ce2c003535fc304ceca0077dff36da3e82d5934ce46fcf373b3c5a4,46;46;46;46;45,5;5;5;5;4,41;41;41;41;41,TRUE
136,5,20810951,3c4af6678bc420a843a73cde1ac0e287d0497734f9cb38d53e943c783c06a605,46;46;46;46;45,5;5;5;5;4,41;41;41;41;41,TRUE
137,1,20770952,c0faa7c2a32faeb34238a446e44befeec759f29b0461c23698a0f101f4b9c5e2,47;46;46;45;45,17;16;16;16;16,30;30;30;29;29,TRUE
137,2,20780952,fef95cf6fbe54394b1f6596ec102ed1c4b98f097c2adfd9801f769b9b6b8c3b2,47;46;46;45;45,17;16;16;16;16,30;30;30;29;29,TRUE
137,3,20790952,3b29c368be7b66603fa8f1f09017462b44f91f6b681d7cf938f08f581c6183e4,47;46;46;45;45,17;16;16;16;16,30;30;30;29;29,TRUE
137,4,20800952,352c352e882ad7cb5a179292ae002ed938d449d537fe6d994efc14e20ab75e6f,47;46;46;45;45,17;16;16;16;16,30;30;30;29;29,TRUE
137,5,20810952,395d5cb3ecc30fd5eee2202e81ce985bfac92b274f7778cfd1bfc54ca354fc42,47;46;46;45;45,17;16;16;16;16,30;30;30;29;29,TRUE
138,1,20770953,c7984fb75ec51c02d7b4cb1e366a3ccfa0dcb72c57cb80d214e0ab123eaf62a3,21;20;19;19;19,11;11;10;10;10,10;9;9;9;9,TRUE
138,2,20780953,e23a2a61a0284247fe39f70c877950f5859529d262b0993987c152ef48b096c5,21;20;19;19;19,11;11;10;10;10,10;9;9;9;9,TRUE
138,3,20790953,a28e22c1077215294d07a6a6fec4cd4fc249b3a58a88d7d5ea938e0c32eb566a,21;20;19;19;19,11;11;10;10;10,10;9;9;9;9,TRUE
138,4,20800953,0a227706da94a56ac4e147787234e4196b96dd3a410aa1e5dd82a83bfba097d0,21;20;19;19;19,11;11;10;10;10,10;9;9;9;9,TRUE
138,5,20810953,00cee3741e15b87dfb800dc089090b2aada603a7d2b735119525461335446a33,21;20;19;19;19,11;11;10;10;10,10;9;9;9;9,TRUE
139,1,20770954,0a6824a70b69d8454c8648b5992a7ebd74a38355122fd50bbe57c24bb4e34d9d,74;73;73;73;72,8;7;7;7;7,66;66;66;66;65,TRUE
139,2,20780954,0a3ed92b0eae533bd5a6cd9e3d1342723de61916cecdf18e51e5a76ae1298479,74;73;73;73;72,8;7;7;7;7,66;66;66;66;65,TRUE
139,3,20790954,ca25a846771514d9962f81aae33eddc2667bfb9b1b2a896e56f0320b8a24108e,74;73;73;73;72,8;7;7;7;7,66;66;66;66;65,TRUE
139,4,20800954,05ae3266320eec419bebf2a7c3024751d9df5724ec4844e5da75584fed0ed712,74;73;73;73;72,8;7;7;7;7,66;66;66;66;65,TRUE
139,5,20810954,576545675f0acc358779a0c7151e40ff923c01ea76fd752bb85efa9751e13010,74;73;73;73;72,8;7;7;7;7,66;66;66;66;65,TRUE
140,1,20770955,58f625f50c5faa89df2d94e1aca403b36be8128cd7058833969faefd9099f875,74;73;73;73;72,18;18;18;18;17,56;55;55;55;55,TRUE
140,2,20780955,d2a62bbe2ba2c23dc98a10187be0de198cf8e8a4d3400ec434d6b63e5c47e75d,74;73;73;73;72,18;18;18;18;17,56;55;55;55;55,TRUE
140,3,20790955,960488eec6260b36aac1c3cb241e7d0c759cf992be692c7dc74574a6bc8174f1,74;73;73;73;72,18;18;18;18;17,56;55;55;55;55,TRUE
140,4,20800955,f82bebce41d8db4fb9d60229e5f711fda683ccf4beae717eb1528808cc5ab38a,74;73;73;73;72,18;18;18;18;17,56;55;55;55;55,TRUE
140,5,20810955,cc6e8322efe5c11ffb878e832ffbf13e26e0767ed4c39a9546a574bc1c1910c0,74;73;73;73;72,18;18;18;18;17,56;55;55;55;55,TRUE
141,1,20770956,10a586ddf15ed41566748444a08cff2472ec4ef2f8fe9b44eeaaf5cbbdd6f678,74;74;73;72;72,5;5;4;4;4,69;69;69;68;68,TRUE
141,2,20780956,bad8dc2be6b5f5853c38ff6a1a303c8388d37fbc5e454a4ae0a2e171a5bb6059,74;74;73;72;72,5;5;4;4;4,69;69;69;68;68,TRUE
141,3,20790956,ca26c106851817278686e6e498b4626708338dc85c6e9407e1bfd3ec745cda18,74;74;73;72;72,5;5;4;4;4,69;69;69;68;68,TRUE
141,4,20800956,759b5366cd920700878361e4d844317a4cd8aa85834171a9d149c0fd9238ef99,74;74;73;72;72,5;5;4;4;4,69;69;69;68;68,TRUE
141,5,20810956,e61f97da5864e75de6585accb7c83d835ffb4e174bc0a8110a6b0e00bee61f88,74;74;73;72;72,5;5;4;4;4,69;69;69;68;68,TRUE
142,1,20770957,bb4aab20cdd78ab49371291b70821c402044a7f973a28d0e26604ab04fa973d5,74;73;73;73;72,6;6;6;6;5,68;67;67;67;67,TRUE
142,2,20780957,37fd132578931f0b1710a501e431725f14fe9249145bf9509cbe4262791e650b,74;73;73;73;72,6;6;6;6;5,68;67;67;67;67,TRUE
142,3,20790957,5a0e94c5af123679804a81a69e7505df6c010313d76748ccaf1d0f58007dc68a,74;73;73;73;72,6;6;6;6;5,68;67;67;67;67,TRUE
142,4,20800957,c3dc0e469209e4fade6ce9eae12bf468e6fa50cd7150662d90af09c874aa7101,74;73;73;73;72,6;6;6;6;5,68;67;67;67;67,TRUE
142,5,20810957,129ba21437d7ad2ecc10405bdb124bcb17b1a94a7fd037d64a7d21cb91e7d2e1,74;73;73;73;72,6;6;6;6;5,68;67;67;67;67,TRUE
143,1,20770958,55064ff271138403694904bd79fe7a9e9b5591ad12ab69d4aee86035a9fd6541,73;73;73;73;73,7;7;7;7;7,66;66;66;66;66,TRUE
143,2,20780958,ce1d952dca5eefc45e768bd3afbf5fa25fe771adba5c56965b2cbd1f90464892,73;73;73;73;73,7;7;7;7;7,66;66;66;66;66,TRUE
143,3,20790958,3fb460845e2e8b56e6b17cd1220d0a1148d5a016b3e12cc0799b89eda0274bce,73;73;73;73;73,7;7;7;7;7,66;66;66;66;66,TRUE
143,4,20800958,a0c74875e17e30bdf5b749d061e3a72f79622b2024856d118cf43d92fbaa3700,73;73;73;73;73,7;7;7;7;7,66;66;66;66;66,TRUE
143,5,20810958,32b23c9c28d2fb77c3ccbab1c071defab7a2a26807ade9cddebd629d97c4e4c6,73;73;73;73;73,7;7;7;7;7,66;66;66;66;66,TRUE
144,1,20770959,b9239339ee52961219570b14a647a310330f5c3e23374ef442c9f26e26fdff4e,74;73;73;73;72,5;4;4;4;4,69;69;69;69;68,TRUE
144,2,20780959,5159ff45a3abe64f5958e3e8f0017dfa9bc0754f7e4d5cd8f90675a475aa9899,74;73;73;73;72,5;4;4;4;4,69;69;69;69;68,TRUE
144,3,20790959,6c38ee8802bc45b917c61871ab146fcc8e706400e93eb2fecaca11fae87f12ae,74;73;73;73;72,5;4;4;4;4,69;69;69;69;68,TRUE
144,4,20800959,54e0eda455d00e32811321c1689c3c56c1fa16ed1b9a7ac13a44fbf3f2164872,74;73;73;73;72,5;4;4;4;4,69;69;69;69;68,TRUE
144,5,20810959,2fcedea12aa3a5cbb0b473790b450d92904db128a1305428d8b6a11553e6ada4,74;73;73;73;72,5;4;4;4;4,69;69;69;69;68,TRUE
145,1,20770960,627cb9951278669840f3ffdc4e1eb1a3f53b10b6a2bcd3cbef4dd4752f3ceaad,74;74;73;72;72,10;10;9;9;9,64;64;64;63;63,TRUE
145,2,20780960,fc6122cbab773203984a33698bdf287ac1a3271333ab498f7d44726a87aee209,74;74;73;72;72,10;10;9;9;9,64;64;64;63;63,TRUE
145,3,20790960,e95d808d8e3c2855b2285c50bcbe8834f0b31d73aba67733398ec069378b2e3c,74;74;73;72;72,10;10;9;9;9,64;64;64;63;63,TRUE
145,4,20800960,77cc404c1105c3180199ad73590214e1c8f29d82882cb75dd659f695c35bbfd5,74;74;73;72;72,10;10;9;9;9,64;64;64;63;63,TRUE
145,5,20810960,c8d427903f5fb798b1b87f42e6d3fc101bf28653e9409924fb3c85e0278d7dcd,74;74;73;72;72,10;10;9;9;9,64;64;64;63;63,TRUE
146,1,20770961,1e010dcccb9c6dc58239c37cca3e3f7f72d01b3b458092ab0a6ac410aca6d147,74;73;73;73;72,6;6;6;6;5,68;67;67;67;67,TRUE
146,2,20780961,b332de3dac91dd5542e836395b13b297c01b48d3297ec70a0d96895eb397c834,74;73;73;73;72,6;6;6;6;5,68;67;67;67;67,TRUE
146,3,20790961,8ab93a8fcffa70880b5d9cc1d104637eb18e0367b3c3aebd81f1bcd17f775f78,74;73;73;73;72,6;6;6;6;5,68;67;67;67;67,TRUE
146,4,20800961,f1e6089f19cb21e964c93bc78fa5b8a6addc494ace0d7658026e029714b06864,74;73;73;73;72,6;6;6;6;5,68;67;67;67;67,TRUE
146,5,20810961,d5b79b1be58cd7a17eaf673ff970c4fbad90e28740ca9861aea6ab981d1bb803,74;73;73;73;72,6;6;6;6;5,68;67;67;67;67,TRUE
147,1,20770962,c4c982fa65da740cafdf9e7d965335b92d87816cb849442495b194ba558a4149,73;73;73;73;73,6;6;6;6;6,67;67;67;67;67,TRUE
147,2,20780962,26021cee787d7b9f411c8fa22b0737845cface439d24943a1e6f916b105e1f51,73;73;73;73;73,6;6;6;6;6,67;67;67;67;67,TRUE
147,3,20790962,fccfea889b46ec91a27d78f0bd1397048061bb9692634cbb941647e39dda676b,73;73;73;73;73,6;6;6;6;6,67;67;67;67;67,TRUE
147,4,20800962,42748a2737f939691b6d5cbb01368f397a5373aa3d180f6d36713009c6f059c7,73;73;73;73;73,6;6;6;6;6,67;67;67;67;67,TRUE
147,5,20810962,c681ffd51abb2542612afaff14ccb2dfb0d54f3f8563c71beb3b82eba132496b,73;73;73;73;73,6;6;6;6;6,67;67;67;67;67,TRUE
148,1,20770963,2f43126971bc077075dce77331b1f6112930d7ab587ec4d6aa185f30a6b64404,73;73;73;73;73,11;11;11;11;11,62;62;62;62;62,TRUE
148,2,20780963,274e11891a37222c4c5c6480735f106361424193134a381408e8512cd0e4e1aa,73;73;73;73;73,11;11;11;11;11,62;62;62;62;62,TRUE
148,3,20790963,0a3315330a7e7734b48a6a4af9f7c5f1bd7675f63ce3507f0cdaa91e87dc1682,73;73;73;73;73,11;11;11;11;11,62;62;62;62;62,TRUE
148,4,20800963,d16d941c650948893550a8a390c8e539ca41e82ea2213f1d9e5ae32c410530af,73;73;73;73;73,11;11;11;11;11,62;62;62;62;62,TRUE
148,5,20810963,a6639eaea5622e3c281b3ade5ec1d01284604afe73fe8a596f71f08157e627c0,73;73;73;73;73,11;11;11;11;11,62;62;62;62;62,TRUE
149,1,20770964,09019ea1a3a0b83352569568d98daa264c6f2e6624407600f8c6012ce8d7049e,74;74;73;72;72,5;5;5;4;4,69;69;68;68;68,TRUE
149,2,20780964,9088390bd8e88674d2906c1ae39c6957d91e7d706a7b9ae8c63d012232457110,74;74;73;72;72,5;5;5;4;4,69;69;68;68;68,TRUE
149,3,20790964,70e7432e8b271418eb8bf6362629e00dd56e3911666144609321f70d27793292,74;74;73;72;72,5;5;5;4;4,69;69;68;68;68,TRUE
149,4,20800964,eb7811e8e0e0e0ec0ebb805f618daaa0f5c5ad1d3f0c10ca67486daeaf9ac514,74;74;73;72;72,5;5;5;4;4,69;69;68;68;68,TRUE
149,5,20810964,345761f148038c61c116bae35d5224b94b61e6103de749f0e548f62fbdc15594,74;74;73;72;72,5;5;5;4;4,69;69;68;68;68,TRUE
150,1,20770965,19bdc536d7063278371eeede453c6b9b011e8def62bd8abb74e6f29918a53dfb,74;73;73;73;72,5;4;4;4;4,69;69;69;69;68,TRUE
150,2,20780965,b521e196748d10d27c38d20931fc62125ff2f9cee5b9c4ca87c3ae7da6169381,74;73;73;73;72,5;4;4;4;4,69;69;69;69;68,TRUE
150,3,20790965,7ebce6a3eb9f812c67030f2cc95f9acaac6b19d044eba89583074b56dbc27ff1,74;73;73;73;72,5;4;4;4;4,69;69;69;69;68,TRUE
150,4,20800965,069dd61553aa7cd4d5852677ec16d456dfba605025c162d7d4d8564cd7ca4811,74;73;73;73;72,5;4;4;4;4,69;69;69;69;68,TRUE
150,5,20810965,5466c2f918f633465a391ba5fbd1027b15f8cb11fe78698f9f8d3de3c3b5dcfa,74;73;73;73;72,5;4;4;4;4,69;69;69;69;68,TRUE
151,1,20770966,ca8243961b6b558bac374334cc51bfb0a00a0b57653f11bd50c6305c50f65ebc,73;73;73;73;73,4;4;4;4;4,69;69;69;69;69,TRUE
151,2,20780966,9abaeba1b88c7b7aac5e3cd861f1a12d12217799941df4d27cad3072c2b8b196,73;73;73;73;73,4;4;4;4;4,69;69;69;69;69,TRUE
151,3,20790966,eedea6ae04dfa8c3a24d7fd2925fc3d1bd5753ccbdd7b068d35a9bfa24f537c2,73;73;73;73;73,4;4;4;4;4,69;69;69;69;69,TRUE
151,4,20800966,d97538a19826ae42b504da75512244db52a9772eeb1435500d456a4fb0eb54ba,73;73;73;73;73,4;4;4;4;4,69;69;69;69;69,TRUE
151,5,20810966,c2aedc23b999d0a40fe9a7f307c0595848c05a16ae13230b4fb82c825e7dd3fd,73;73;73;73;73,4;4;4;4;4,69;69;69;69;69,TRUE
152,1,20770967,de5eda638ba3c1c74a7779fee3d01992f1da8bb401d57d3a35b43b8f63d1f32d,74;73;73;73;72,6;6;6;6;5,68;67;67;67;67,TRUE
152,2,20780967,d5bd1678241541b66af4581a348ae8a6c7e2d82512b690422bbbb48329d64024,74;73;73;73;72,6;6;6;6;5,68;67;67;67;67,TRUE
152,3,20790967,489c3e498bf3b1e73069ee69e8060b24f5d0c979bb91641b53bbf599c2e1b2c2,74;73;73;73;72,6;6;6;6;5,68;67;67;67;67,TRUE
152,4,20800967,cb1d13e5119c225e704f9e1d3ae928c6bda7f86a005fafc6ca11ecd11733edd1,74;73;73;73;72,6;6;6;6;5,68;67;67;67;67,TRUE
152,5,20810967,5d821e4680f202eb5e13adbc8559fbb8d1c5dac2884df674aa1c51d5cfa26b6f,74;73;73;73;72,6;6;6;6;5,68;67;67;67;67,TRUE
153,1,20770968,b528cca8abebf904926ff8a46fa88b3e97bcc7e28a09c9970e316d08ac769a60,74;73;73;73;72,6;5;5;5;5,68;68;68;68;67,TRUE
153,2,20780968,81b1067b2afbdcb214331d6a01ce13c073edb1d48db0b1e3fcaba395d3c32ee3,74;73;73;73;72,6;5;5;5;5,68;68;68;68;67,TRUE
153,3,20790968,8e19668a9ed2209a8b3981178ea79d05f5d2a47f3e881dca8d88f53067048641,74;73;73;73;72,6;5;5;5;5,68;68;68;68;67,TRUE
153,4,20800968,2c6c4d035f070cad4936c2039a1daf5d7a4bc604d0105b0673f81409d6959cdd,74;73;73;73;72,6;5;5;5;5,68;68;68;68;67,TRUE
153,5,20810968,af27d96d9bf47fab8bfad97061333e89ee9ff1f40654c3adde0ea89c1d1b5594,74;73;73;73;72,6;5;5;5;5,68;68;68;68;67,TRUE
154,1,20770969,0d6f4796aa6df9db3bb5eec5b865fd5cb335814545fa3f8864d4d0d948c2d35c,74;74;73;72;72,36;36;35;35;35,38;38;38;37;37,TRUE
154,2,20780969,705bb46edaa4be7b13c2719a8c283d601f18b3a94235896488801737f430dc7a,74;74;73;72;72,36;36;35;35;35,38;38;38;37;37,TRUE
154,3,20790969,3bd3d31909b2d6eefdf3e8909edbe260661df04c032a91631c16645742e4b3ed,74;74;73;72;72,36;36;35;35;35,38;38;38;37;37,TRUE
154,4,20800969,557f8b690aab3fe8e61d51c5cefd2af66df9dc458438c9bc41aaf88e4dd1d483,74;74;73;72;72,36;36;35;35;35,38;38;38;37;37,TRUE
154,5,20810969,d269822d0d85350a7df093aad12b9f0b1e1cdc075c48b23101594e06393af791,74;74;73;72;72,36;36;35;35;35,38;38;38;37;37,TRUE
155,1,20770970,3ff894a7e8a8562a46c68e716d2901ce2011651ad0dfd51ef134a12a2d526a3c,26;26;26;25;25,4;4;4;4;4,22;22;22;21;21,TRUE
155,2,20780970,7a6612744c7d5e5a0bcde3616e55e246d9900b0db052c323a26e6e0cb14e6479,26;26;26;25;25,4;4;4;4;4,22;22;22;21;21,TRUE
155,3,20790970,5efa8955a4bff7325c6ecda44697329a4afdd702f569e862d13b522430b87e3a,26;26;26;25;25,4;4;4;4;4,22;22;22;21;21,TRUE
155,4,20800970,f4ca9d34cd7debbf1db9c43ae2fffcf2e6eac0187f12a19dcb0bfe0d5d19afa9,26;26;26;25;25,4;4;4;4;4,22;22;22;21;21,TRUE
155,5,20810970,2655afc70a639c3cfd7de1a1c5167a44a620dcdf4a346a80ce277ed3739a6954,26;26;26;25;25,4;4;4;4;4,22;22;22;21;21,TRUE
156,1,20770971,deee0148956f61e642cddcb6a997c3f71aa5fef2f6c0cc5f89f9161443c60d18,97;96;96;96;95,58;57;57;57;57,39;39;39;39;38,TRUE
156,2,20780971,6a651916c96294592ccc2535490cd8ef7146744c4481fc34db23c3720db93bf5,97;96;96;96;95,58;57;57;57;57,39;39;39;39;38,TRUE
156,3,20790971,a810383db7b3a62c3d17d0baa29a8d1de90279cd6646dd5ecdb73448414770f2,97;96;96;96;95,58;57;57;57;57,39;39;39;39;38,TRUE
156,4,20800971,6a064b93fd98c9aed90c655c8d0c1f35e3e46a2bc08785b2814027821d0c8297,97;96;96;96;95,58;57;57;57;57,39;39;39;39;38,TRUE
156,5,20810971,5519b1b53d2a8d84a094a6793538d0408d6d873a34c378d6af7bfd1cfcfc2ffa,97;96;96;96;95,58;57;57;57;57,39;39;39;39;38,TRUE
157,1,20770972,abd22d02abf5644cb0ed00d448b10824a76c1a077f08743df2a1b592ac68bdbf,97;97;96;95;95,8;8;8;7;7,89;89;88;88;88,TRUE
157,2,20780972,efed1e99c0db617c212eeae08cbc6c17216d2173f21f5899eee385c0ebe9344f,97;97;96;95;95,8;8;8;7;7,89;89;88;88;88,TRUE
157,3,20790972,5286726e7e9f6c3b05fbfa68f1f42c3a8981d1fdd05cad530365f6fa72ba3d5a,97;97;96;95;95,8;8;8;7;7,89;89;88;88;88,TRUE
157,4,20800972,8858526a67dc5a25604cfee862ed044da74df3f31b7e6de1051c4a1854e7fb92,97;97;96;95;95,8;8;8;7;7,89;89;88;88;88,TRUE
157,5,20810972,509d1acc20b14294734b132131a0a70c108f6e12efbe76d4fd5371ce1d78be49,97;97;96;95;95,8;8;8;7;7,89;89;88;88;88,TRUE
158,1,20770973,7ffd2ccd3c5dbd7c7eb0a22947b2b168d73841fc05a16e10b8dee90de7110402,24;24;23;23;22,12;12;11;11;11,12;12;12;12;11,TRUE
158,2,20780973,90881e8768e326615978c3c44f641c4eb458df48b34ee87c0a632b52b9293151,24;24;23;23;22,12;12;11;11;11,12;12;12;12;11,TRUE
158,3,20790973,0c32e0e23c8254c737bb3f56c546c484050b5a38837a693d098aaddc27919354,24;24;23;23;22,12;12;11;11;11,12;12;12;12;11,TRUE
158,4,20800973,be8064134edc3a31ef00e76f46b75e443de5f83436cec1a4c2209a11abc34076,24;24;23;23;22,12;12;11;11;11,12;12;12;12;11,TRUE
158,5,20810973,2fbc7f231968191554a58680e0caa75a12cb2d48c6031b60ef33299bd84ad330,24;24;23;23;22,12;12;11;11;11,12;12;12;12;11,TRUE
159,1,20770974,e68c98abd9083950b5d4ea2f0462661bfd38598cac3d014281cca46a7c9d2ed5,98;97;97;97;97,6;5;5;5;5,92;92;92;92;92,TRUE
159,2,20780974,1974b2294aceeb9a3599df8241add5250a26af1cbde25bacd26d7e9e7e2ce741,98;97;97;97;97,6;5;5;5;5,92;92;92;92;92,TRUE
159,3,20790974,6541177f887361192b19dce5ade85a0b763e93569b66dcafe475bbed75405dc5,98;97;97;97;97,6;5;5;5;5,92;92;92;92;92,TRUE
159,4,20800974,bcd12c4ef926b7b18c18024067afd7368e020fbacb1f897c7ad87b83495c84da,98;97;97;97;97,6;5;5;5;5,92;92;92;92;92,TRUE
159,5,20810974,b9b49b6731f63e3fc73f9b3cb9222db74ec39f5d2f9e6dc4789bee282c475887,98;97;97;97;97,6;5;5;5;5,92;92;92;92;92,TRUE
160,1,20770975,4a539758fecfe83850d78f67fac93aaac95f210f3f5e6fd180829dec399f0387,98;98;97;97;96,17;17;16;16;16,81;81;81;81;80,TRUE
160,2,20780975,ac641144815d539da4c8a170ab261098c3c3fa2be755ee21cd3ff166a6510dd9,98;98;97;97;96,17;17;16;16;16,81;81;81;81;80,TRUE
160,3,20790975,121b17e4bbac0755c737eabd1a833bd6e2ba80b9ad84b6c8cd3ae44863372ea5,98;98;97;97;96,17;17;16;16;16,81;81;81;81;80,TRUE
160,4,20800975,8fd821b565110c087e8adcb1cf7a59a11ce6412549e39394fb77c330cedaa60e,98;98;97;97;96,17;17;16;16;16,81;81;81;81;80,TRUE
160,5,20810975,58e1c1e5bf630b01738d3152510baa2636a4225da8fd494b694a117119b899ca,98;98;97;97;96,17;17;16;16;16,81;81;81;81;80,TRUE
161,1,20770976,5d93b0a6b9dc39a754802da7224fdbd41b4b91f4969fa03b74d7071d75af8c88,98;97;97;97;97,35;35;35;35;35,63;62;62;62;62,TRUE
161,2,20780976,b332c4134c14ecf4afe086da90a938129f9881d784821ccbf1cfc2705d073303,98;97;97;97;97,35;35;35;35;35,63;62;62;62;62,TRUE
161,3,20790976,b4a6291c3bc1b659e30f2643e6b8a0ced117d32e78c90e6bd7696f2beb52c46d,98;97;97;97;97,35;35;35;35;35,63;62;62;62;62,TRUE
161,4,20800976,3085be3cf49ccaade7e747abae143935537052b7b78aacd622b669b1f92b1ff1,98;97;97;97;97,35;35;35;35;35,63;62;62;62;62,TRUE
161,5,20810976,f65089d6134738c4959b7854b8536fb5e71e6628594cd5a1828664091b28eec2,98;97;97;97;97,35;35;35;35;35,63;62;62;62;62,TRUE
162,1,20770977,c071824de4f88b508c538a0aa0e772f9475c860b2b7450e023df5ab4c4a8b489,98;98;97;97;96,11;11;10;10;10,87;87;87;87;86,TRUE
162,2,20780977,6e8d53ae540b893fe96792b145efc47168df15b99fdaf5512a1ea3e5ecdd18dd,98;98;97;97;96,11;11;10;10;10,87;87;87;87;86,TRUE
162,3,20790977,b3bbda5cf0ee97b5134a59dd43c3e5260e47aca81437926c156d4cc4ec4b0a85,98;98;97;97;96,11;11;10;10;10,87;87;87;87;86,TRUE
162,4,20800977,bfbb62ba9daf1cb34fa151c9933811e03f4bf49fc9160c383ad9a3d6a0f7d73a,98;98;97;97;96,11;11;10;10;10,87;87;87;87;86,TRUE
162,5,20810977,cd0da8a449d9d1ee317086bbc84007ceb612b06191c59b80512bdda2c6cb5c59,98;98;97;97;96,11;11;10;10;10,87;87;87;87;86,TRUE
163,1,20770978,671291e941be705458aece03300ef050cc102240d7b4e72277d45eaaf0e2d474,98;97;97;97;97,7;7;7;7;7,91;90;90;90;90,TRUE
163,2,20780978,daa2449c7d8fef8895a29b80092d5d06d42b7c43ffcd0c2b1d80504914d823b4,98;97;97;97;97,7;7;7;7;7,91;90;90;90;90,TRUE
163,3,20790978,93e394651f20f45348616b0810d303eae6780917bf0058706bbf03bd33399f8e,98;97;97;97;97,7;7;7;7;7,91;90;90;90;90,TRUE
163,4,20800978,a9f44a27a1781dea5977169c1d42475fe1b9aba61b85f91e2659638cc52b19b1,98;97;97;97;97,7;7;7;7;7,91;90;90;90;90,TRUE
163,5,20810978,69ac11b4bf7f4f872ef8dcdef9e48e40aab3f5fb83d6b9bb5ea641e5b173ed8d,98;97;97;97;97,7;7;7;7;7,91;90;90;90;90,TRUE
164,1,20770979,950dd0819e9f1d052a57d4a37e1e96e2da3a505aabbf133597efbfebfff767fa,98;98;97;97;96,15;15;15;15;14,83;83;82;82;82,TRUE
164,2,20780979,4117049c6483c7f12b99e15f531bf5b278ab2323d76e90b76b4bea2913c053d6,98;98;97;97;96,15;15;15;15;14,83;83;82;82;82,TRUE
164,3,20790979,ba00a2baf357be58688151542d33da65b09253c0ef08af9873a2b74fc74769fd,98;98;97;97;96,15;15;15;15;14,83;83;82;82;82,TRUE
164,4,20800979,d8abd8eddb8caf16be0df16c2571fd2ecd7afea16d3bc19f6a79b3851eba3f15,98;98;97;97;96,15;15;15;15;14,83;83;82;82;82,TRUE
164,5,20810979,5f708ea87289828cecd30f4c35aa79961115c99bd3dcad7105cfb02feff14df8,98;98;97;97;96,15;15;15;15;14,83;83;82;82;82,TRUE
165,1,20770980,1953f6910a74acad43c225cd43c8fc5fdf7f2068f0ce9cd3d4197f4fb65ad036,98;97;97;97;97,11;10;10;10;10,87;87;87;87;87,TRUE
165,2,20780980,0bacc9a2c7d5bc81d936fab8cd4606768f9594c5aa83877deb42ac382fc930b5,98;97;97;97;97,11;10;10;10;10,87;87;87;87;87,TRUE
165,3,20790980,f9f15566a9a287d7bf07e1cce3bb5cfe0af3aa914c053fdd09d1954c68845681,98;97;97;97;97,11;10;10;10;10,87;87;87;87;87,TRUE
165,4,20800980,34aa306305a89d5d31b0b791ad49f5143d060e89c64f8f84755d7ed47954aa23,98;97;97;97;97,11;10;10;10;10,87;87;87;87;87,TRUE
165,5,20810980,906a74a1eab058ccd454d84edb044cb5d0826cac6258736eec9188cb91a153d0,98;97;97;97;97,11;10;10;10;10,87;87;87;87;87,TRUE
166,1,20770981,651185c75715e24c989ebc59ed0745fb1aa912d9d747b61db3ab0feebf5eac58,98;97;97;97;97,14;14;14;14;14,84;83;83;83;83,TRUE
166,2,20780981,52e021e7f4ff7c0dec5e9b4934ef7cba86393299c1891c266268f966a8e64973,98;97;97;97;97,14;14;14;14;14,84;83;83;83;83,TRUE
166,3,20790981,c060de7e395ff418bd026845cda1fa86c65ea2f5c76175889b21d7869fe163b6,98;97;97;97;97,14;14;14;14;14,84;83;83;83;83,TRUE
166,4,20800981,350780a19eb1ce67e6b5db951bafe7d3f1529c7da6f3db5d2131d7c9a4c9a391,98;97;97;97;97,14;14;14;14;14,84;83;83;83;83,TRUE
166,5,20810981,73ccb859ca67f760c346e8860ffc0994be2e98f7ce095cdf080a533e45ab3df4,98;97;97;97;97,14;14;14;14;14,84;83;83;83;83,TRUE
167,1,20770982,607d1b3699d8f97fa31d4e249558e9ff40a101e044e86af20d0ec6f49400066a,98;97;97;97;97,15;14;14;14;14,83;83;83;83;83,TRUE
167,2,20780982,fed7930bfbc52d506215f189aa084c1095e42312fc231b883269f1fc26aa216a,98;97;97;97;97,15;14;14;14;14,83;83;83;83;83,TRUE
167,3,20790982,174889aaf352fa7c363288e4e688efdd04e5b1f51f98559383ae0c66ae5798b1,98;97;97;97;97,15;14;14;14;14,83;83;83;83;83,TRUE
167,4,20800982,54894f22bde8ac8db35a9d467e19b916e85e412347f986f5305db7ff41235c55,98;97;97;97;97,15;14;14;14;14,83;83;83;83;83,TRUE
167,5,20810982,ddd41a56a49e092b628ee648510cf8f9b87087c64d01adc512d49b9b59be9747,98;97;97;97;97,15;14;14;14;14,83;83;83;83;83,TRUE
168,1,20770983,ce02076b3896e98e9e87848c5c8e9dae354bf806c6d6ce1af723f6cc82823351,98;98;97;97;96,19;19;19;19;18,79;79;78;78;78,TRUE
168,2,20780983,37c70859ed0b56f36904a11b0d1d2a68c105ba2b9ee599d71f2b31ff4b604de4,98;98;97;97;96,19;19;19;19;18,79;79;78;78;78,TRUE
168,3,20790983,4c3bdc99c48a2ff4328388c065c1b20856753e17ae5c756d5b4ceb1561b63405,98;98;97;97;96,19;19;19;19;18,79;79;78;78;78,TRUE
168,4,20800983,33de675d3fc474d635d52a09e489457ad6671433133dca444e3bb0b9429e984f,98;98;97;97;96,19;19;19;19;18,79;79;78;78;78,TRUE
168,5,20810983,ce09da2a81e6d0aa39033a455c42947cae956323e51ad6feb7a8ffaf9b61206f,98;98;97;97;96,19;19;19;19;18,79;79;78;78;78,TRUE
169,1,20770984,3e3320c6a40878288cf795c57f0a312b2a1740f86cb4c4fd67b41544850c6696,98;97;97;97;97,20;19;19;19;19,78;78;78;78;78,TRUE
169,2,20780984,f2d09cb0fa2dcc720d92aa6a4ce3a20d54351d205f72ed78848e1b62303890ec,98;97;97;97;97,20;19;19;19;19,78;78;78;78;78,TRUE
169,3,20790984,693d55f24db89455d03d0044eceaf0ca621af82c3e46d55b24e1e8a9237163e3,98;97;97;97;97,20;19;19;19;19,78;78;78;78;78,TRUE
169,4,20800984,1debcf3f48eb3becee789b0ab9c4f854a93699890d641941d367541226f758e2,98;97;97;97;97,20;19;19;19;19,78;78;78;78;78,TRUE
169,5,20810984,300740fbed6e8230003ce98965a3cfb55988ee3c6e286efd85b23cec15b9c9bc,98;97;97;97;97,20;19;19;19;19,78;78;78;78;78,TRUE
170,1,20770985,fa88f7214d607913916781d56e5b457017dcce76af41d5ae7aaaaa0fc4c00b57,98;97;97;97;97,20;19;19;19;19,78;78;78;78;78,TRUE
170,2,20780985,42dd966e7b705048ae5152f4874d208c92fa1075498e2edaf5a5f39cbabb5ea6,98;97;97;97;97,20;19;19;19;19,78;78;78;78;78,TRUE
170,3,20790985,22cfc0a93379fef5f848b52ae55014c07e4005118ffa68f250e35b1248788ebb,98;97;97;97;97,20;19;19;19;19,78;78;78;78;78,TRUE
170,4,20800985,ff7d716a94ced60c4c429598bd1bb5ccbeeadbaf61a3907b32d5387fdb34b4c3,98;97;97;97;97,20;19;19;19;19,78;78;78;78;78,TRUE
170,5,20810985,22f50b52168ca0a17bb24a81396a8289e0fed7ac1225f27c7051c21d546cf6f0,98;97;97;97;97,20;19;19;19;19,78;78;78;78;78,TRUE
171,1,20770986,48a9c735443276ef61d2d7e53f8037db48c9d4d8e2b556bb1188eb10fb790c88,98;97;97;97;97,9;8;8;8;8,89;89;89;89;89,TRUE
171,2,20780986,cbb72a18c0812e6379e502c6cc9d47269d19eff0753e48ead2e89b080ba41f87,98;97;97;97;97,9;8;8;8;8,89;89;89;89;89,TRUE
171,3,20790986,58022d05aac905527df64cd0bd1dd7c5f62a75ce8362063452082c57793fb4cc,98;97;97;97;97,9;8;8;8;8,89;89;89;89;89,TRUE
171,4,20800986,17da4a1b59a628296686c1fe3ea3ab8f44173687350599470abed107015955ac,98;97;97;97;97,9;8;8;8;8,89;89;89;89;89,TRUE
171,5,20810986,a7b7de60f47deab15e476de9a6e09f4da69812e0c30810c9982f6e82a3e2bf5c,98;97;97;97;97,9;8;8;8;8,89;89;89;89;89,TRUE
172,1,20770987,c6e1903a8f6a50cfd153b1fc5e01dd384e6b74b026ef9679900243e20bb413f5,98;97;97;97;97,11;10;10;10;10,87;87;87;87;87,TRUE
172,2,20780987,312e52e73e6905d3453f66336fe0976da98b0323a14c1f82e2906884b8148d7e,98;97;97;97;97,11;10;10;10;10,87;87;87;87;87,TRUE
172,3,20790987,96ea0097454941d312de49f62604626cb5242d5e8cc9108871e190e5849f30ad,98;97;97;97;97,11;10;10;10;10,87;87;87;87;87,TRUE
172,4,20800987,9ba7bd8e2b0d7abea205ffa3068b9c72d888f282882191366a1a748e062db710,98;97;97;97;97,11;10;10;10;10,87;87;87;87;87,TRUE
172,5,20810987,3141ecb255ec1ba9d5a80588d24447c996c1888a9970393f6cc0a6c0f1bbf836,98;97;97;97;97,11;10;10;10;10,87;87;87;87;87,TRUE
173,1,20770988,253faeba5c0aaad2eed17fbc1a8a98ca32af51280e374c05e751c87db7c86bd9,98;97;97;97;97,12;11;11;11;11,86;86;86;86;86,TRUE
173,2,20780988,b24356be8f4677e1ed9c916fa4a898c53c60fee7c34aefa0e095c243ce2f2abb,98;97;97;97;97,12;11;11;11;11,86;86;86;86;86,TRUE
173,3,20790988,65dd3457fb3a3b1619dc02deff5c83f8061591026df50988dd6809f1a9c53410,98;97;97;97;97,12;11;11;11;11,86;86;86;86;86,TRUE
173,4,20800988,959d71ca30674063ae2aa761f4e2e222284618f9f034d79de60942441ccb753d,98;97;97;97;97,12;11;11;11;11,86;86;86;86;86,TRUE
173,5,20810988,63ab076f0c47e34e9477c2387a553e5c2bd0293e51ef04c3a334df85a6a871b3,98;97;97;97;97,12;11;11;11;11,86;86;86;86;86,TRUE
174,1,20770989,d6249112d1a6e51392525f8e334acc927887eb038d998bf3399af04e45ec7612,98;97;97;97;97,5;5;5;5;5,93;92;92;92;92,TRUE
174,2,20780989,0edf34e69ddad78c9cc459b9e149ac489388d3b1b6dc889e1b0cee0f21a31af5,98;97;97;97;97,5;5;5;5;5,93;92;92;92;92,TRUE
174,3,20790989,a5be9452d84177ebf4a52a1e00be1939ae0395992c9e5db5d23bcc764dcc88ba,98;97;97;97;97,5;5;5;5;5,93;92;92;92;92,TRUE
174,4,20800989,270a2f088a821cb083dc55a2a8a3ba5f3e27cb274c8f71773ba6e8625dd5a5a5,98;97;97;97;97,5;5;5;5;5,93;92;92;92;92,TRUE
174,5,20810989,da4b3a2ba82e6d1e9d841a391232d9314d80897be3ed236afe3eaaa4112a6110,98;97;97;97;97,5;5;5;5;5,93;92;92;92;92,TRUE
175,1,20770990,9bdb4059b84ad2c0a1054244b0a5c14c74bc29deee70b23cbc358a85c0b5612d,98;97;97;97;97,10;9;9;9;9,88;88;88;88;88,TRUE
175,2,20780990,a98f6d4aa7098c5997584a3a114322acc0feb7693b7e31dcfb40fdf451469a76,98;97;97;97;97,10;9;9;9;9,88;88;88;88;88,TRUE
175,3,20790990,0d563b0af950d7d830950172848dcfc40923a9d3f0cbb30fab1dedbbcf9b7b17,98;97;97;97;97,10;9;9;9;9,88;88;88;88;88,TRUE
175,4,20800990,2da586076e1a66563a5a15fd3025e4d81aa6211f840dcd91e59ba76765302cfa,98;97;97;97;97,10;9;9;9;9,88;88;88;88;88,TRUE
175,5,20810990,4968830a356407c69a8d8b25aae2dcc21d4c3ffc152d2f371c1d65224477e83a,98;97;97;97;97,10;9;9;9;9,88;88;88;88;88,TRUE
176,1,20770991,6387d834f3ebfe6948189c3d23499917ced43b3e10e8bfc19fffac212803daa8,98;98;97;97;96,17;17;16;16;16,81;81;81;81;80,TRUE
176,2,20780991,03c3a37945795cc7c9049ccbbc9ab79a774355f3591c882b7a8abb45b6e22e4b,98;98;97;97;96,17;17;16;16;16,81;81;81;81;80,TRUE
176,3,20790991,72b3c97b13ba1d8e6e0673735e0b8dfaccd009e6d7b332fcefb2234cd0c20274,98;98;97;97;96,17;17;16;16;16,81;81;81;81;80,TRUE
176,4,20800991,0df63ee8b29cc4fcc0d1784ad95a7271ac629826bcbef9b58ee705c9aff8a93c,98;98;97;97;96,17;17;16;16;16,81;81;81;81;80,TRUE
176,5,20810991,bdbe94338e1ee73b6c2aafbe8162e25f25dd5ba88c75334ab092a0ea94f735fb,98;98;97;97;96,17;17;16;16;16,81;81;81;81;80,TRUE
177,1,20770992,1644cbde0cfb5fe75f8965cbcb4b4c2541bb563e8e2b21e31f9ebf725dfa8b00,98;97;97;97;97,16;16;16;16;16,82;81;81;81;81,TRUE
177,2,20780992,6a72a003b38523dff9f2867bb9016a67003cee1944d4b8ad1284ad3c42cd3098,98;97;97;97;97,16;16;16;16;16,82;81;81;81;81,TRUE
177,3,20790992,d1077ce790620d08b04b99e023cfea0c4b101724d40c4f1176ec669f1b3c5644,98;97;97;97;97,16;16;16;16;16,82;81;81;81;81,TRUE
177,4,20800992,6f38dbb330b522b464c7bd85f6dbc17ad0c60171f6f0a4836d3c1008b306c470,98;97;97;97;97,16;16;16;16;16,82;81;81;81;81,TRUE
177,5,20810992,e594dda18ea2fa309d4ce54f8b816e958d0858b45ebbba33530b4385b810c24e,98;97;97;97;97,16;16;16;16;16,82;81;81;81;81,TRUE
178,1,20770993,d131c09521f57e0cf2e304b577221c11e41154b0deca6df19d09a4b12777c8f1,98;98;97;97;96,12;12;12;12;11,86;86;85;85;85,TRUE
178,2,20780993,0cf9ac92ad045843ebf5f46ce785345adfb4d8024b19531268b2e4228ce6518f,98;98;97;97;96,12;12;12;12;11,86;86;85;85;85,TRUE
178,3,20790993,d89937dd35ffc44c23b4098e97096fdd203780f2fd34df391b7ce8228ed93876,98;98;97;97;96,12;12;12;12;11,86;86;85;85;85,TRUE
178,4,20800993,63bbd244127e5c94f3b1a5febeb710efe9adfcec88b76f15e1b9a80f6c7dcaef,98;98;97;97;96,12;12;12;12;11,86;86;85;85;85,TRUE
178,5,20810993,ed4c431eb53abead09b2c3ca2b6683eac372e6739eed0c11f6db0a1bec70a47e,98;98;97;97;96,12;12;12;12;11,86;86;85;85;85,TRUE
179,1,20770994,c04582e1f4aecbcb7fd7e9c4aa2218a3d2771a2b35932a7341dab1166d1e8600,98;97;97;97;97,6;6;6;6;6,92;91;91;91;91,TRUE
179,2,20780994,0e6107129b102f7a21a1c00c0e9dea652ccb8d6fa7c3bd156539d5e5e106b533,98;97;97;97;97,6;6;6;6;6,92;91;91;91;91,TRUE
179,3,20790994,8b5c8adb0db86822e97e0b14fce7c2569b2eb4400671778c9f744652026469ad,98;97;97;97;97,6;6;6;6;6,92;91;91;91;91,TRUE
179,4,20800994,b989ec07f4e3b7a1c959d5c77e90c430ad09462baab85207561b236750912920,98;97;97;97;97,6;6;6;6;6,92;91;91;91;91,TRUE
179,5,20810994,f4fe7962e8a75f68dc08db64ea4da06856ad4527e7be520fb09f1a185a87bd9e,98;97;97;97;97,6;6;6;6;6,92;91;91;91;91,TRUE
180,1,20770995,56fb3fb25c68dfd00bba75a01dda4602f2bf20306c01830eae5cf9ec640cb647,98;97;97;97;97,12;11;11;11;11,86;86;86;86;86,TRUE
180,2,20780995,a99f8dae4665fdb274997328ec6f7408f3dd17751e6691bdc0fe67a0863b5f65,98;97;97;97;97,12;11;11;11;11,86;86;86;86;86,TRUE
180,3,20790995,b123e63573e8be46d45e2ced233a6c03c07fcf7c70b24caf83d0e0186916fc1f,98;97;97;97;97,12;11;11;11;11,86;86;86;86;86,TRUE
180,4,20800995,270da25e17e50bdb2d1d09079d24588911efea832dd576c6d92b4355728ce000,98;97;97;97;97,12;11;11;11;11,86;86;86;86;86,TRUE
180,5,20810995,c35acba643a846a2a4976c60c46d6f30e767e3da155ed3bb88887d9bfe39f260,98;97;97;97;97,12;11;11;11;11,86;86;86;86;86,TRUE
181,1,20770996,2837e451df67ed91ec8e268e26480d1f2ef4460c910b3526771b3d813085c863,98;97;97;97;97,11;11;11;11;11,87;86;86;86;86,TRUE
181,2,20780996,6f30059cff40441c1ff549758a3fac3d7f068a0520e54ef0e2e6e16b523d57f5,98;97;97;97;97,11;11;11;11;11,87;86;86;86;86,TRUE
181,3,20790996,fcbcdbd2d7d105dd176e570478fb7fd25c069975ffa7c1c3d43305bdee67aa02,98;97;97;97;97,11;11;11;11;11,87;86;86;86;86,TRUE
181,4,20800996,9b3c0e2c73d9fa20dd1181c306a6565b93f2d3fbbf670290e630039c749fb027,98;97;97;97;97,11;11;11;11;11,87;86;86;86;86,TRUE
181,5,20810996,25f6e8f135c978b8ff7336a2d7bac23ade97a7d8ac7dbe325240579b58ec6f2c,98;97;97;97;97,11;11;11;11;11,87;86;86;86;86,TRUE
182,1,20770997,712cb4716134c1f013c427b3ad64088d30853886f8c978c50ffddbf0f2c4451e,98;97;97;97;97,20;19;19;19;19,78;78;78;78;78,TRUE
182,2,20780997,e39b1d9e26408d44064fea124f499bf25e75e4ffc355111a98644ba186947ddf,98;97;97;97;97,20;19;19;19;19,78;78;78;78;78,TRUE
182,3,20790997,1b36302d249dab36c45846e5c362056e29068d882ebd464534125f7bd5a899bb,98;97;97;97;97,20;19;19;19;19,78;78;78;78;78,TRUE
182,4,20800997,5fed9c0cfcda42f1367658d4335f34c4563c9749abfeca23e68c77545bf2718a,98;97;97;97;97,20;19;19;19;19,78;78;78;78;78,TRUE
182,5,20810997,db44e228340cba6cca82cebf46b1a70eb40a9d29626d4406c40946cdff77a728,98;97;97;97;97,20;19;19;19;19,78;78;78;78;78,TRUE
183,1,20770998,d34fc40f263429706ee755d7cb12be74434e493c0218377e3cdd395295d2335e,98;98;97;97;96,16;16;16;16;15,82;82;81;81;81,TRUE
183,2,20780998,b251dafb23a3a12fd25adfc534d521b6b0644b440787692e1a7b7a4b98130639,98;98;97;97;96,16;16;16;16;15,82;82;81;81;81,TRUE
183,3,20790998,17d6c0161d0d56248bb890806a3252b2ac00c7137372158a7cc07254af47ec9e,98;98;97;97;96,16;16;16;16;15,82;82;81;81;81,TRUE
183,4,20800998,e65e7442b13521eac594be64abe69ace217e0299d1abe6d590b27d70f9520be4,98;98;97;97;96,16;16;16;16;15,82;82;81;81;81,TRUE
183,5,20810998,5bfa3cdaa027ec17f81732d0ebd6a13506dd85f9713c2c5e7de9722946a331de,98;98;97;97;96,16;16;16;16;15,82;82;81;81;81,TRUE
184,1,20770999,6fff3e7c19be7c41334958cc1a2f10516b7f98f2c7d15c70db0abebf2b0247c6,98;97;97;97;97,17;16;16;16;16,81;81;81;81;81,TRUE
184,2,20780999,f1c1857297fdc60301c56dd819e82631406c5010302adbe91f9ad5c285b0e2bf,98;97;97;97;97,17;16;16;16;16,81;81;81;81;81,TRUE
184,3,20790999,df528a3e396a0ddb494c5b17324985c22dfbea6a5616676c9f5345ec3b00a819,98;97;97;97;97,17;16;16;16;16,81;81;81;81;81,TRUE
184,4,20800999,3a8c59b27e55a0836b7487c00e2bb728d90abf918dda3892065b4e1a0a57e622,98;97;97;97;97,17;16;16;16;16,81;81;81;81;81,TRUE
184,5,20810999,84ebd7f56ff68218b316eba036f4400adf1697ff5e416ec9f1875248074b4715,98;97;97;97;97,17;16;16;16;16,81;81;81;81;81,TRUE
185,1,20771000,8db8d53db786c82a5eb23f9bef01c6b993b4564d339d6a2fac3f6435865683d4,98;97;97;97;97,10;10;10;10;10,88;87;87;87;87,TRUE
185,2,20781000,f9606937d0e48c40546ea28caafa7bf21cf353bc4c73d724baa49fc887a21259,98;97;97;97;97,10;10;10;10;10,88;87;87;87;87,TRUE
185,3,20791000,acf6c4a54862f6d7bcd239dd78e772b5a9810ed2b7147eece8c1c5f789355460,98;97;97;97;97,10;10;10;10;10,88;87;87;87;87,TRUE
185,4,20801000,0f480ba7c1f90ded8961d98731d4b5036d57c773cfd99db8126ab6606acc8c95,98;97;97;97;97,10;10;10;10;10,88;87;87;87;87,TRUE
185,5,20811000,101d99ff1b7cbcd4ba82d8150cf7660b91abb19a4f288302013d68ca2659697b,98;97;97;97;97,10;10;10;10;10,88;87;87;87;87,TRUE
186,1,20771001,3571fbf22fe37f156933412abd7e91c4536b3bbdec8263faacd1e06e26af6e52,98;97;97;97;97,10;10;10;10;10,88;87;87;87;87,TRUE
186,2,20781001,41dc1dbf3578329866ce9bd2f71d008138aca871d47cae0b24720849695c0373,98;97;97;97;97,10;10;10;10;10,88;87;87;87;87,TRUE
186,3,20791001,f9a401bd7a1354624bd9ab5d7610e7628943da876b748958fb1c59630e02348f,98;97;97;97;97,10;10;10;10;10,88;87;87;87;87,TRUE
186,4,20801001,8395e6dc869761d037e26fdaf4690b7b02a37c26d9f3ba0d4ceff0b4233ffc4a,98;97;97;97;97,10;10;10;10;10,88;87;87;87;87,TRUE
186,5,20811001,986d03bef09d03c7f3a76abca507c85a343767084b217b7aab708a776f3e266d,98;97;97;97;97,10;10;10;10;10,88;87;87;87;87,TRUE
187,1,20771002,cb9ec9e02a51d810a9c7e9b7047378a95b71355aecf39827253b478f495bc090,98;98;98;96;96,9;9;9;8;8,89;89;89;88;88,TRUE
187,2,20781002,e1e9527fa51509633557df99f3ead3a58e6214b69ac8f00d2d60494489b43824,98;98;98;96;96,9;9;9;8;8,89;89;89;88;88,TRUE
187,3,20791002,c715ab878031ce248bc86cae522db812856de2dbd07e3ce1e12b18c3e7eda766,98;98;98;96;96,9;9;9;8;8,89;89;89;88;88,TRUE
187,4,20801002,877f31d53e2bb46056bd70387b9db702d790a8b3476b6d02e40d63097161c6a6,98;98;98;96;96,9;9;9;8;8,89;89;89;88;88,TRUE
187,5,20811002,d110a3a0404946ba4d70999bb385469a8b994c7b28926a1cdcc407fd2713c859,98;98;98;96;96,9;9;9;8;8,89;89;89;88;88,TRUE
188,1,20771003,0b264b0f123db4cece0b13d84f2e50ad1368855e02d267abf4f077b0022d0971,98;98;97;97;96,9;9;8;8;8,89;89;89;89;88,TRUE
188,2,20781003,ca2eaa3392bdf9ce06c873c80bc4dbac42502d0f31a965e0f545228f9a11eef2,98;98;97;97;96,9;9;8;8;8,89;89;89;89;88,TRUE
188,3,20791003,2ff28d3fd1e6c6e77a009608f0689579b839cbc7d8ab89edd51458e025977ab0,98;98;97;97;96,9;9;8;8;8,89;89;89;89;88,TRUE
188,4,20801003,9880ea149fec7b60941d7e34df71bbe4c3f16d1ad65872d0841e42c5f095e6c0,98;98;97;97;96,9;9;8;8;8,89;89;89;89;88,TRUE
188,5,20811003,7271ef1d2644543f2b0406f4b74327d2ceb5773b9af2941a2922a6d7248f6c92,98;98;97;97;96,9;9;8;8;8,89;89;89;89;88,TRUE
189,1,20771004,7d3e8fdb334588c644f8031e78500db7a5cb6fe21ed35a639d31afb4249e9ed7,98;97;97;97;97,25;25;25;25;25,73;72;72;72;72,TRUE
189,2,20781004,7577897d66ae1ad97eaa674c1b19c252ee2e539a6d803b36c90b151ca0a377ef,98;97;97;97;97,25;25;25;25;25,73;72;72;72;72,TRUE
189,3,20791004,09b0a51dda4bbbeae8a771744249652f4dfab0a9dce422f7fcc9b71e64d8ae7c,98;97;97;97;97,25;25;25;25;25,73;72;72;72;72,TRUE
189,4,20801004,0edc1468553ec33d8ccc8f551fefd97c75dc674abe67011f05f8f3d2027970b0,98;97;97;97;97,25;25;25;25;25,73;72;72;72;72,TRUE
189,5,20811004,a4a105a5a781f1a351e3a1a7f36ed200294c254aae02d0163f590a6aa731e9a6,98;97;97;97;97,25;25;25;25;25,73;72;72;72;72,TRUE
190,1,20771005,2418ef3b830c492e2162aa002e8d0b1f4ddc0d4615dc83351ec1ea2e456e92db,98;97;97;97;97,13;13;13;13;13,85;84;84;84;84,TRUE
190,2,20781005,fe2d61d1d5a50ca7c0e55ed5ad7b366f088ce5e958557832bb7d3b06bc69ba47,98;97;97;97;97,13;13;13;13;13,85;84;84;84;84,TRUE
190,3,20791005,b57436bd0994da8118adaff05fea00b5d53bb2740e0ae7e80681e667cd1f484d,98;97;97;97;97,13;13;13;13;13,85;84;84;84;84,TRUE
190,4,20801005,8a0e373de0bac2f52fc669df9375635240395a39259df3c774efa3cd92e7fc68,98;97;97;97;97,13;13;13;13;13,85;84;84;84;84,TRUE
190,5,20811005,47116f3724474630518e6f9f3da8b0290ec9245778511c448bec9f86bc2911f8,98;97;97;97;97,13;13;13;13;13,85;84;84;84;84,TRUE
191,1,20771006,37520963d0777147304d926f4bcfcbc70f751d88295d17d5bcd239d38556e0f2,98;97;97;97;97,52;52;52;52;52,46;45;45;45;45,TRUE
191,2,20781006,3297db921e697499c70f34efff958d0eebfb0f60b803916c2ba1ab6f0be2a243,98;97;97;97;97,52;52;52;52;52,46;45;45;45;45,TRUE
191,3,20791006,1ba3fa5fd65b2555acf6de5d23484eaa18d788e3dbc9e9b4d592a6ab686cd89a,98;97;97;97;97,52;52;52;52;52,46;45;45;45;45,TRUE
191,4,20801006,ef6bb2c11f321673c40d3daebb19e965e181e83ec84889f1f9955108b82aaad2,98;97;97;97;97,52;52;52;52;52,46;45;45;45;45,TRUE
191,5,20811006,3508ec6cdc27d9dad3c8be05d8e5de6e597fbcae3678c49ee8b5ece7fcafffe6,98;97;97;97;97,52;52;52;52;52,46;45;45;45;45,TRUE
192,1,20771007,fa560a30c3fad11a82a482a5e9406c3a295c07267f617be06b4212a1f32edb80,98;98;98;96;96,11;11;11;10;10,87;87;87;86;86,TRUE
192,2,20781007,43812a97d73909eaac7e37fa7766e63a8e919bf6e8ade07ae524978d3594e7c7,98;98;98;96;96,11;11;11;10;10,87;87;87;86;86,TRUE
192,3,20791007,03dd1e0f3bc6c9aceff29bdd55582ecdfc9a3c5c0497d5afb28879a00152aaa5,98;98;98;96;96,11;11;11;10;10,87;87;87;86;86,TRUE
192,4,20801007,b580922a5aefa0217c45b3bb1f4fd4da7dfd682e83db4cc01d51eb1f406e276d,98;98;98;96;96,11;11;11;10;10,87;87;87;86;86,TRUE
192,5,20811007,ce9cecf30c18b7110f918782683a2b888118ba90ec128b1099654c509de582f1,98;98;98;96;96,11;11;11;10;10,87;87;87;86;86,TRUE
193,1,20771008,b5492db60d9206a10f8aacbdfd89276ad2a87ee653bae4a10749742c9da16911,98;98;97;97;96,9;9;9;9;8,89;89;88;88;88,TRUE
193,2,20781008,0fd4172baebb102c8305e7dfd714c7b65afd5384902fd955cc51a88c4786a3b2,98;98;97;97;96,9;9;9;9;8,89;89;88;88;88,TRUE
193,3,20791008,868400efc7810ac825dc1d602a2dd8825b504f827c3addab988af0c79db0a945,98;98;97;97;96,9;9;9;9;8,89;89;88;88;88,TRUE
193,4,20801008,9ece3da75afcb0273a9c63c8507610f29257bb5bc1210ba40cb0eba4f9f0f830,98;98;97;97;96,9;9;9;9;8,89;89;88;88;88,TRUE
193,5,20811008,c33f02f1ec9a9de990aa221394bc3105b3d4b2a314641e1e7765acbe92e046bf,98;98;97;97;96,9;9;9;9;8,89;89;88;88;88,TRUE
194,1,20771009,25e78a847aed8edfe84a258cf8e36ddf2825d018f1b987008611b79ee3d303fb,98;97;97;97;97,11;11;11;11;11,87;86;86;86;86,TRUE
194,2,20781009,97e813976d60898a3e3137ad5434ae5baf2171b739e4537f3e56dfbd31decfb5,98;97;97;97;97,11;11;11;11;11,87;86;86;86;86,TRUE
194,3,20791009,e5f3cd8b21e52fdbdc246ef5f1b3726a81e7eb7aa0473abab09fd4c3f87e6a6e,98;97;97;97;97,11;11;11;11;11,87;86;86;86;86,TRUE
194,4,20801009,794d6335c635dc32af16a5494625fa3c218d3eeb1e2c0402b259f0158ffde3d0,98;97;97;97;97,11;11;11;11;11,87;86;86;86;86,TRUE
194,5,20811009,bb92386fc1610f3067334ec34c28f86aed5517e80a08d3de8c9dd58facb70ca3,98;97;97;97;97,11;11;11;11;11,87;86;86;86;86,TRUE
195,1,20771010,c71619777c95e8203ff2fcc845ca5ec9da36427c896f4f796b196de2ffbaaa61,98;98;98;96;96,10;10;10;9;9,88;88;88;87;87,TRUE
195,2,20781010,05904823dde52a53db5487c01a9e889b2707c83b8a466538e30d85913dfc9c43,98;98;98;96;96,10;10;10;9;9,88;88;88;87;87,TRUE
195,3,20791010,b3eab9b372b117583f6a25b8f3c674e47127852c7cd86d9f7723faaa26102772,98;98;98;96;96,10;10;10;9;9,88;88;88;87;87,TRUE
195,4,20801010,94e886a98e288beac543171f87bc2cf26b65642de855032007a796c803fe2370,98;98;98;96;96,10;10;10;9;9,88;88;88;87;87,TRUE
195,5,20811010,937629579d43422213a283c3a8cda03b0bada896246e2d86063771c4a723cb06,98;98;98;96;96,10;10;10;9;9,88;88;88;87;87,TRUE
196,1,20771011,0d06c58e09c382ef5bac4a629391b7e35f4bc9b527426c1f9550270e66dfd7f8,98;98;98;96;96,9;9;9;8;8,89;89;89;88;88,TRUE
196,2,20781011,7df6ac8ab976364a55b80c7f367c95829ad29911823b8b2ff144dc89e7c8d53e,98;98;98;96;96,9;9;9;8;8,89;89;89;88;88,TRUE
196,3,20791011,eebc4534a6f5acf8838bf8ac14d18569f2831b2747c8a0d747e7c5f0969a6c23,98;98;98;96;96,9;9;9;8;8,89;89;89;88;88,TRUE
196,4,20801011,ec3b1e3b36367d9f4d215c997e7e3b3da75e0569b389ede950f782108d382419,98;98;98;96;96,9;9;9;8;8,89;89;89;88;88,TRUE
196,5,20811011,12c6e028b9dd5502b6fc26aa617e7658c8911d35fccc643f73a9f76b998e8c53,98;98;98;96;96,9;9;9;8;8,89;89;89;88;88,TRUE
197,1,20771012,595dd8bd7af97846e211073c7f4b7e65e2b50c309a9a18ec472ba9494f90f99a,98;98;97;97;96,9;9;9;9;8,89;89;88;88;88,TRUE
197,2,20781012,c86141f77ea107c05fea660e847a1b86ffe8aea9ac81c8f1dfb054af9b6f4673,98;98;97;97;96,9;9;9;9;8,89;89;88;88;88,TRUE
197,3,20791012,8a44841533d15fc0261d8ed969d540a28e601d5fc7aa3e02baadc5788eb679f0,98;98;97;97;96,9;9;9;9;8,89;89;88;88;88,TRUE
197,4,20801012,f9ba34ae79354cbaa80657ccdc6b970444452926d2e82e3169bce09b3859fe56,98;98;97;97;96,9;9;9;9;8,89;89;88;88;88,TRUE
197,5,20811012,a82f2a1853d6900dd1afe6364bb3840e6b84a7d598aeaaf068d6ea1add6d62d1,98;98;97;97;96,9;9;9;9;8,89;89;88;88;88,TRUE
198,1,20771013,78e0665512bb97c2f2f602d383528d9f7c6617357d182cd4fdc64298b6be7ec2,98;97;97;97;97,4;4;4;4;4,94;93;93;93;93,TRUE
198,2,20781013,c858db267af64089e02da7ff3c50b4db19d933367cd689ec80053c088134275c,98;97;97;97;97,4;4;4;4;4,94;93;93;93;93,TRUE
198,3,20791013,15d4bdaeea67ea267cbe3d024590097a269266755508cddd21f45a2413b33b8f,98;97;97;97;97,4;4;4;4;4,94;93;93;93;93,TRUE
198,4,20801013,adeb58af124f0518c6e2d39df6d051d33374552c1f4f8df02926d18ffb49c9c1,98;97;97;97;97,4;4;4;4;4,94;93;93;93;93,TRUE
198,5,20811013,a1c404d7b7f88ae99983cc2d768998feecee6f507c273af7a28b13c2739fbd3e,98;97;97;97;97,4;4;4;4;4,94;93;93;93;93,TRUE
199,1,20771014,cf5849858222a40b949c9ba8f4c8d6b0a5f30c2abb3dd2d158cc20d69e4b4286,98;97;97;97;97,16;16;16;16;16,82;81;81;81;81,TRUE
199,2,20781014,f95faf3400239dc8a5678c1466236a9e71f2a2ea29ea034b1c1505815ed71245,98;97;97;97;97,16;16;16;16;16,82;81;81;81;81,TRUE
199,3,20791014,0ab79287243a8e09b84d6e5cd86a51c128d907e3be944e3c151c5acb6fe09af9,98;97;97;97;97,16;16;16;16;16,82;81;81;81;81,TRUE
199,4,20801014,eb7370e5be9c2a6e413f50ecec8e05e087d82e612b1c65c8bac0bf8ab632fa7a,98;97;97;97;97,16;16;16;16;16,82;81;81;81;81,TRUE
199,5,20811014,f5522aa61c7c498aab3c7c2a76a9ee9aeeee891d955384c93b2be93ff7bb155b,98;97;97;97;97,16;16;16;16;16,82;81;81;81;81,TRUE
200,1,20771015,f2378c1d39ab8830e265354b4c2d534d66416947a7566395d0be8e2cb91b8188,98;97;97;97;97,31;31;31;31;31,67;66;66;66;66,TRUE
200,2,20781015,e9fb8cbf13d52d799de6c79ae3f8308b316a3b94c2ddf994d78db77d4a223f67,98;97;97;97;97,31;31;31;31;31,67;66;66;66;66,TRUE
200,3,20791015,1aa650cf25e7cf44da57c8a4432c6dab7e7b79640ece44981a27c72bc443e39e,98;97;97;97;97,31;31;31;31;31,67;66;66;66;66,TRUE
200,4,20801015,4c22199513c255292169656cb052e85466e6f2f2b322b985cbc6b2c71e6e5ca5,98;97;97;97;97,31;31;31;31;31,67;66;66;66;66,TRUE
200,5,20811015,63ffde5e9ec2b97f9ea7ab711dee6c004cee9ba9223affce467b365e5539aa50,98;97;97;97;97,31;31;31;31;31,67;66;66;66;66,TRUE
201,1,20771016,2e0b3d83ba7411ed6c575b720cda617d1ac8611956b52a74efa8253408701732,98;97;97;97;97,20;19;19;19;19,78;78;78;78;78,TRUE
201,2,20781016,b50b5b15a6b6a4d9c1f7d67ef9825f6e763f3f87138086bd5d28a03257698233,98;97;97;97;97,20;19;19;19;19,78;78;78;78;78,TRUE
201,3,20791016,8a81d625dc9cdf52ed8a0ab4f4385b778c94f9a167708cd80e59443ce29baac3,98;97;97;97;97,20;19;19;19;19,78;78;78;78;78,TRUE
201,4,20801016,2c67eea6af32648d8fc4c83ecab2e4855d29e731d06564384ad0ae34bb78cb32,98;97;97;97;97,20;19;19;19;19,78;78;78;78;78,TRUE
201,5,20811016,3fbb371f89a3557deded2fdaa63b6a64675e98a67d7d49c96ff867c0043fa84f,98;97;97;97;97,20;19;19;19;19,78;78;78;78;78,TRUE
202,1,20771017,702ddb6e8eb8309d9194da5bec400e4874df3c2b6cf8e45552e5aca8329311e1,98;98;97;97;96,11;11;10;10;10,87;87;87;87;86,TRUE
202,2,20781017,cb4e8c4007440cc4cf4809990292bcd8d566d6e2e9639e3b988fe828c039ca48,98;98;97;97;96,11;11;10;10;10,87;87;87;87;86,TRUE
202,3,20791017,44c1902ab3bf8bfebf4f0dae0f66e68457a9134de7ab5d16a299301d20c3040f,98;98;97;97;96,11;11;10;10;10,87;87;87;87;86,TRUE
202,4,20801017,454a9f8e80e71be20df590573f50e5944246ec1b39f7e85d3aadc0441a482f59,98;98;97;97;96,11;11;10;10;10,87;87;87;87;86,TRUE
202,5,20811017,4de8c98b0d86d059b618c5e357ab8602a41c355c3a09b21d4c077a73a9a0d740,98;98;97;97;96,11;11;10;10;10,87;87;87;87;86,TRUE
203,1,20771018,ebf8c2dfc51b2d178b9981932a444714471d25aeeb5c5e155e65d90f28dec69b,10;10;9;8;8,5;5;4;4;4,5;5;5;4;4,TRUE
203,2,20781018,7147563153cb889defccec0f73706fcc494dd2e182e64bbd19300bcbbb032a51,10;10;9;8;8,5;5;4;4;4,5;5;5;4;4,TRUE
203,3,20791018,6826611be97966bae578782fde685a5054a388eca9da5683f4467d03e373d4aa,10;10;9;8;8,5;5;4;4;4,5;5;5;4;4,TRUE
203,4,20801018,c75b31fde6b94c90e3ffe2f3da37927c862e5d06d00ffa2d4de729360880b0bf,10;10;9;8;8,5;5;4;4;4,5;5;5;4;4,TRUE
203,5,20811018,7b1f9b689ae25f427bc3e5bbfd1109a707c88905a673cf4c22c862fd17abfba9,10;10;9;8;8,5;5;4;4;4,5;5;5;4;4,TRUE
204,1,20771019,997a940bcac2b934cceb98eb56230d0202b16d7a86db453c9292b9bf7f726fe7,9;9;9;9;9,4;4;4;4;4,5;5;5;5;5,TRUE
204,2,20781019,b0b1fffa4f9f6d0c8a1da2742e3e0069d89ef20aa311c8c580637c44685ea4f7,9;9;9;9;9,4;4;4;4;4,5;5;5;5;5,TRUE
204,3,20791019,b26580724a42bd67fa84a0ead1c8adb0377f416217975c91a218eb5cfd54c223,9;9;9;9;9,4;4;4;4;4,5;5;5;5;5,TRUE
204,4,20801019,12948365631cbb03f892945b385a3bea3c263e6be9c867966938359258b55b2f,9;9;9;9;9,4;4;4;4;4,5;5;5;5;5,TRUE
204,5,20811019,f8c90aa513d246cd940425131525cbde774155142e9349adcbc5031670346feb,9;9;9;9;9,4;4;4;4;4,5;5;5;5;5,TRUE
205,1,20771020,ca701ed91848428276f6663b07b0146274fe98700ca777ba989ec2aa57839206,77;77;77;75;75,58;58;58;57;57,19;19;19;18;18,TRUE
205,2,20781020,5dd1549ed0f31ad98abd7070a046193dc7b47b8a7367fadbd32ec9b56afe1601,77;77;77;75;75,58;58;58;57;57,19;19;19;18;18,TRUE
205,3,20791020,8939e586d5a073e7b87ed6553cacdda2f123c4e4ab27c1951e8375c7c14764b9,77;77;77;75;75,58;58;58;57;57,19;19;19;18;18,TRUE
205,4,20801020,9df7df750ecdb88b330928c91f20f122b1e0f2a8bb3bb54eea6b7503c0c7c350,77;77;77;75;75,58;58;58;57;57,19;19;19;18;18,TRUE
205,5,20811020,1aba99840d1170349c8edd26e695b6a58236537bb7a7e5ccee043e1e63befeb3,77;77;77;75;75,58;58;58;57;57,19;19;19;18;18,TRUE
206,1,20771021,1f0b9f3e8356938a49e6fe62e005f25035f7e93819a203c154dca8626a230f2e,52;52;52;51;50,29;29;29;29;28,23;23;23;22;22,TRUE
206,2,20781021,e244db67b22907a6c979d9d669fccbaba4ee39280529b7ceb42548e8e9da6406,52;52;52;51;50,29;29;29;29;28,23;23;23;22;22,TRUE
206,3,20791021,402194c7d0d47ec79849068b506434e771e739a226d6f3f2f01fc0042c41c48d,52;52;52;51;50,29;29;29;29;28,23;23;23;22;22,TRUE
206,4,20801021,3d1666d87cc0fce247dec1027aa012ea752f8f7abd183de4d96ece8f42a72584,52;52;52;51;50,29;29;29;29;28,23;23;23;22;22,TRUE
206,5,20811021,4b155a7941d1af1859cd25a9c90b720f33504de87a55cea87557d3576e17a2ed,52;52;52;51;50,29;29;29;29;28,23;23;23;22;22,TRUE
207,1,20771022,241018d6dd592fd8e74586a4c67991bbc0c135139da51a141930053ddc4ba80d,10;10;8;8;8,5;5;4;4;4,5;5;4;4;4,TRUE
207,2,20781022,93bcf3b373092c5cb01c9f85820177b9665aa029c14c5c565ffc5da253b8fb63,10;10;8;8;8,5;5;4;4;4,5;5;4;4;4,TRUE
207,3,20791022,92337111bdc3c2e5edafdc51de11fa4f3e902d25d3216e1b7dc71096f8229f6a,10;10;8;8;8,5;5;4;4;4,5;5;4;4;4,TRUE
207,4,20801022,bda9ed42d7b0747b6ee65d38e9285607e4e7200687d77aa927a24f12954636f3,10;10;8;8;8,5;5;4;4;4,5;5;4;4;4,TRUE
207,5,20811022,578289d6cd231386b678dc9ebe31432547b337e7b1e3d4754f0d27e4529ff3f4,10;10;8;8;8,5;5;4;4;4,5;5;4;4;4,TRUE
208,1,20771023,f7832747426957fae18bf77dd27de7b2f2d6e0fb64fae7bb55c8b2f479ef81f5,102;101;101;100;100,31;30;30;30;30,71;71;71;70;70,TRUE
208,2,20781023,45c9f0741457db86fd4edba215fbcb36a4c60a7275d7537d67e8cf4b91111e9a,102;101;101;100;100,31;30;30;30;30,71;71;71;70;70,TRUE
208,3,20791023,cd6a04a04c5061ab6f893953dc657d26d358f4840d5eaffc4267c9127258223b,102;101;101;100;100,31;30;30;30;30,71;71;71;70;70,TRUE
208,4,20801023,f7edf08986d3dcfc7d8c64c35c0cc4f8be31f365feb515bfb72a5dc6247b9fa9,102;101;101;100;100,31;30;30;30;30,71;71;71;70;70,TRUE
208,5,20811023,39513d0a5c28a219e6612883df7e1c5236c74d8f8290cb0ca7443036d06f1b9d,102;101;101;100;100,31;30;30;30;30,71;71;71;70;70,TRUE
209,1,20771024,2e70142a67bf3f05d7db80c0e436cbcd53b122c7322eaa4ed9c71fa2477437e1,54;54;53;52;52,13;13;12;12;12,41;41;41;40;40,TRUE
209,2,20781024,fb3fc1b540574dd94cc006ef0f7102e9ddf4472e24b173fef05ec6c727e10c4e,54;54;53;52;52,13;13;12;12;12,41;41;41;40;40,TRUE
209,3,20791024,9d18f641050735a39f5b62e4e6edd9589589aa194c7e5bada79c15f0236d7de7,54;54;53;52;52,13;13;12;12;12,41;41;41;40;40,TRUE
209,4,20801024,1e3c08493df81b947c375df419182d4cd22df7ad9d84876f3e3d8cfda8907f8c,54;54;53;52;52,13;13;12;12;12,41;41;41;40;40,TRUE
209,5,20811024,70af562679d3fa17bc15b3ced6caffa2676558bbe03afbe1ee1fba39a343c80d,54;54;53;52;52,13;13;12;12;12,41;41;41;40;40,TRUE
210,1,20771025,7adc01cea7755d4c35fe87bd6631e6a293cca5a9acf5d3ed04fb3470792be293,99;97;97;97;97,48;47;47;47;47,51;50;50;50;50,TRUE
210,2,20781025,2a4428dfa05ea46763b6a64594e34dfaa3f958ace8113d2d66175d898ed1668f,99;97;97;97;97,48;47;47;47;47,51;50;50;50;50,TRUE
210,3,20791025,005309c31dbc6cc9c06e264c79d718963b8eb3f7b216e899fbc1cb769baa4755,99;97;97;97;97,48;47;47;47;47,51;50;50;50;50,TRUE
210,4,20801025,0420555fea659aafe1e0acbe64c00bdd977eace73043c21c1a9b49c81f5f8f71,99;97;97;97;97,48;47;47;47;47,51;50;50;50;50,TRUE
210,5,20811025,a10a7dfd55e408d5cb6a9620b7687f63ba3e0f756dc31f2f5d5f4d6c8dfd111a,99;97;97;97;97,48;47;47;47;47,51;50;50;50;50,TRUE
211,1,20771026,e3936ed1f014e11cad97930c02911c2f6766c6a7ed7e8d19f4d9ad8a747e60be,72;71;70;70;70,43;43;42;42;42,29;28;28;28;28,TRUE
211,2,20781026,00d697876d25e68dd856ebd13210297a85f76bd4921e238060665fb3c207865c,72;71;70;70;70,43;43;42;42;42,29;28;28;28;28,TRUE
211,3,20791026,d0919d5f1a5ba594db352a808386b5018d4d5327a847a58f93f2d2124d85a1ed,72;71;70;70;70,43;43;42;42;42,29;28;28;28;28,TRUE
211,4,20801026,39fdfae483f690ce331fcc100d9272ae33f40f27b8c3f29bbbe20c6a0df723cc,72;71;70;70;70,43;43;42;42;42,29;28;28;28;28,TRUE
211,5,20811026,315a460855209e616a435c990a7cd007b5d7246a37ea2cd6b5500cd47fe55f51,72;71;70;70;70,43;43;42;42;42,29;28;28;28;28,TRUE
212,1,20771027,4efd2b63f7192d5ac90460d5805fe78d2cb553886a81243914318a16584e4322,93;93;92;92;91,74;74;73;73;73,19;19;19;19;18,TRUE
212,2,20781027,1f6586e471d07326b303ddb04c02ee5dd211553e366735d00de8be5f1b929a02,93;93;92;92;91,74;74;73;73;73,19;19;19;19;18,TRUE
212,3,20791027,b2ef5d94807b601e081f10f136daf627bbc4fd005976610fd3e870a3944fe0bb,93;93;92;92;91,74;74;73;73;73,19;19;19;19;18,TRUE
212,4,20801027,da18f6c0cd4e0d512c050983b3ae03b23ab6e6169ee77c74bfcdeed7c50e6af1,93;93;92;92;91,74;74;73;73;73,19;19;19;19;18,TRUE
212,5,20811027,9b86162c8a49510dbe552266757148ab6cc8c26d96402a3e22ff903361830b0e,93;93;92;92;91,74;74;73;73;73,19;19;19;19;18,TRUE
213,1,20771028,760dd2556711fc87aff72e4ee81d29415050f4bb1f83ba78c05c73f99a9290c2,96;96;94;94;94,81;81;80;80;80,15;15;14;14;14,TRUE
213,2,20781028,486111efb6c25c33cf61a391bd8a754d69e3d8e2cb9fa7543dc6ed2ab5607d6f,96;96;94;94;94,81;81;80;80;80,15;15;14;14;14,TRUE
213,3,20791028,7d97568261d0fef9169026f8ce28394e285f60b347b2fa63a289d1e4b53fd822,96;96;94;94;94,81;81;80;80;80,15;15;14;14;14,TRUE
213,4,20801028,89ad695aef738cda7a17c399ce21adbd34a6e6e1cc3dd2ec0aab3323dcc1693c,96;96;94;94;94,81;81;80;80;80,15;15;14;14;14,TRUE
213,5,20811028,5061c0406caa2b58a3c050bd45830b0ac8910eeabbe141f75675817251884570,96;96;94;94;94,81;81;80;80;80,15;15;14;14;14,TRUE
214,1,20771029,e516236656ea34b9e8cdb02feefeecdf329789ee29d40ae49e7cef101e766370,15;15;15;15;15,10;10;10;10;10,5;5;5;5;5,TRUE
214,2,20781029,6fc6583d5b93c59318ba982bad3a1d218ceaf8c3ae3cf893e079cdf851353d85,15;15;15;15;15,10;10;10;10;10,5;5;5;5;5,TRUE
214,3,20791029,8f4aaea5137f6d2db3e4378bf06e3e8c2c76d469cec4608eeae49e336c397cdf,15;15;15;15;15,10;10;10;10;10,5;5;5;5;5,TRUE
214,4,20801029,ba96b446dcd5d9ac025be506a817a3e3f685a4cc09fa3ee6420ddc4f65b4ed73,15;15;15;15;15,10;10;10;10;10,5;5;5;5;5,TRUE
214,5,20811029,5680240edfbf52b96dc824cbf4f03c970c20cf275032a7e4217a23bfaa4be295,15;15;15;15;15,10;10;10;10;10,5;5;5;5;5,TRUE
215,1,20771030,c019b1c718e81ddcf8673a1b1c917e4d1c8b98df29312662957b7e2fb7508c38,36;35;35;35;35,18;18;18;18;18,18;17;17;17;17,TRUE
215,2,20781030,056acea48ad30bc613b5e652fa4b6991d68f9b8de9cf6623e03bafccaa619f84,36;35;35;35;35,18;18;18;18;18,18;17;17;17;17,TRUE
215,3,20791030,c19a30725aac2a7594e9b594e550f1f5fd09b77e4e4fffc18bf7425d2826ec0b,36;35;35;35;35,18;18;18;18;18,18;17;17;17;17,TRUE
215,4,20801030,447cd06f5d86b47d74c4afdb1b6c7f0d64cd46edfa22e4f6132d9a4218116934,36;35;35;35;35,18;18;18;18;18,18;17;17;17;17,TRUE
215,5,20811030,2f6e64cc6496637875f65e1756bcf8a8dc61806012266bcff6b02471d6c53a13,36;35;35;35;35,18;18;18;18;18,18;17;17;17;17,TRUE
216,1,20771031,a33819f5208cc51f6ec72164bea3ded9cf768fc27a1f0e853f01a931ccd0f025,36;36;35;35;34,14;14;13;13;13,22;22;22;22;21,TRUE
216,2,20781031,ce1ab12c61044db8055cbcc007373201f752ea64de2faee62013f4d58899a0db,36;36;35;35;34,14;14;13;13;13,22;22;22;22;21,TRUE
216,3,20791031,822ac3e2c83077cf0f638c48e6e116b0bbe6ff32eff778ec2c5842fedf9f1b17,36;36;35;35;34,14;14;13;13;13,22;22;22;22;21,TRUE
216,4,20801031,2d8879c95728deb2753d6f1c7d3c59bfb67f88f28a76f48ed03f6dc41aaaf9bb,36;36;35;35;34,14;14;13;13;13,22;22;22;22;21,TRUE
216,5,20811031,b3086fc1b6f31d6e70b0ef82e02f0c01e81d718504508f8f6eb92bff6e53aae5,36;36;35;35;34,14;14;13;13;13,22;22;22;22;21,TRUE
217,1,20771032,a0572e8c94c8ea9049e52d476a30eaa6587aea4e4da0f50d3e2e10b665e308de,75;74;74;73;73,65;64;64;64;64,10;10;10;9;9,TRUE
217,2,20781032,f58c131ab646515151b0da1fe23bea91c90238a70e95d5a3f3e6e70b157bb947,75;74;74;73;73,65;64;64;64;64,10;10;10;9;9,TRUE
217,3,20791032,84ffd7843551bfdf395d17ab499eaf7e876f1adc03880347cba59799ea5b1900,75;74;74;73;73,65;64;64;64;64,10;10;10;9;9,TRUE
217,4,20801032,026fe72209b456c08f27aab9c2bf7e9e31867743c5649633269ae6b80adf18a5,75;74;74;73;73,65;64;64;64;64,10;10;10;9;9,TRUE
217,5,20811032,67c11e99b0e5a764c4e9834cb3ea9592ec8a996ec285e5cae2afaf4dfb5f6b50,75;74;74;73;73,65;64;64;64;64,10;10;10;9;9,TRUE
218,1,20771033,c5b3b6dd522dfbffb4d9498712109cbc2343a88ad5953cdbb180c15b3a127ea6,74;74;74;74;73,31;31;31;31;30,43;43;43;43;43,TRUE
218,2,20781033,c11368b593b14f63b761946d35f458efd31d740c001705371b15eae67187d80f,74;74;74;74;73,31;31;31;31;30,43;43;43;43;43,TRUE
218,3,20791033,fa3c0116c8ea82bc18b38825f2fc73b6343bf6d20bd6486ee487f01ea5782962,74;74;74;74;73,31;31;31;31;30,43;43;43;43;43,TRUE
218,4,20801033,510c58620e25e1ee399e76526cd94e4be355152671962e01ad4e365c7eb755dd,74;74;74;74;73,31;31;31;31;30,43;43;43;43;43,TRUE
218,5,20811033,8135707403fa6821d6439f3ec5a0e13961d8224fc1527d15ed13b29cfd23d0be,74;74;74;74;73,31;31;31;31;30,43;43;43;43;43,TRUE
219,1,20771034,6ad16865ef0e02e027a752cd1b6e479967dd360817909989c544f14180efbdd1,17;17;16;15;15,12;12;11;11;11,5;5;5;4;4,TRUE
219,2,20781034,cad027baedc94cc8af2118a774a57c86d04b6e949f4f049abad9f09b7db14736,17;17;16;15;15,12;12;11;11;11,5;5;5;4;4,TRUE
219,3,20791034,0afadd3774ea5659fca3db28cb680883ba505a2259b08cc016a8fa3774b743e6,17;17;16;15;15,12;12;11;11;11,5;5;5;4;4,TRUE
219,4,20801034,45c7bd3b047a81fe19db217da20afa1cc63f6f91003e60f575980d824514a6f2,17;17;16;15;15,12;12;11;11;11,5;5;5;4;4,TRUE
219,5,20811034,d928be2fd4a67c4c51ce52c8c155d7ef6dc563f500ebe9e7808e58498f80b243,17;17;16;15;15,12;12;11;11;11,5;5;5;4;4,TRUE
220,1,20771035,e7a6693e43d8f7804900b4eb38a792f1ccf675e555b2ae5d23de2baaac6cf03e,52;50;50;50;50,44;43;43;43;43,8;7;7;7;7,TRUE
220,2,20781035,fd112501e7fefdd9e1395e60b74833020184a3e13d6201eced3bc1ce9d114f55,52;50;50;50;50,44;43;43;43;43,8;7;7;7;7,TRUE
220,3,20791035,4fbe3dae6083b564e0df1e5661daf67a94ab1c48a684a95dbc71aba066596a6f,52;50;50;50;50,44;43;43;43;43,8;7;7;7;7,TRUE
220,4,20801035,9810c3dd74cec4f21a229a747651980383dc60baec75699cc0d8d4a2846d6c51,52;50;50;50;50,44;43;43;43;43,8;7;7;7;7,TRUE
220,5,20811035,8e4b82efe84c0c0ca22474e641248608580a9098de1d628cc1c521d3f9d61bef,52;50;50;50;50,44;43;43;43;43,8;7;7;7;7,TRUE
221,1,20771036,627e7493822910438f9ca655f230aa0823e5682edad18e9ebd74e688698626f0,30;30;30;30;29,12;12;12;12;11,18;18;18;18;18,TRUE
221,2,20781036,c6288acb11ad4463a2806bbf1ceca76fd9474896d335bd0ffbb6486176694f43,30;30;30;30;29,12;12;12;12;11,18;18;18;18;18,TRUE
221,3,20791036,57a56a38015714a7015f343b734019d7cc181e7cddd87b3fc6b8b4b67aedffa3,30;30;30;30;29,12;12;12;12;11,18;18;18;18;18,TRUE
221,4,20801036,00a0787ab094dd99e3ad0f695ad25404a41c20645dc3574eb245af935c5b935f,30;30;30;30;29,12;12;12;12;11,18;18;18;18;18,TRUE
221,5,20811036,8b2553817b5516684486fa94130d3155ab95e1478528497ff479f47a421be094,30;30;30;30;29,12;12;12;12;11,18;18;18;18;18,TRUE
222,1,20771037,f357d55fc38d36aead2e6d78d578b77b79e90e522011a596a07065771f637ee6,99;99;99;98;97,27;27;27;26;26,72;72;72;72;71,TRUE
222,2,20781037,7ccf87ce5f63ec7f27afea483c8de257f511c5696991d5a17496f705b88eec20,99;99;99;98;97,27;27;27;26;26,72;72;72;72;71,TRUE
222,3,20791037,7ceb4d1138f5c239330ba1e434b9ee5d0e76e4e358de5018f39324fae3c90456,99;99;99;98;97,27;27;27;26;26,72;72;72;72;71,TRUE
222,4,20801037,184f4508a147c9bacc4ca5fac2ea6b53b80e6d0b2e42e5695d155825ce041d15,99;99;99;98;97,27;27;27;26;26,72;72;72;72;71,TRUE
222,5,20811037,000b531602f063be31e979d3aef2c228ebcbecc9c13f17a69b15e0c2d5a48451,99;99;99;98;97,27;27;27;26;26,72;72;72;72;71,TRUE
223,1,20771038,4022fa618be7ae422df50d271155a34c38ff97874478e11d736fb9125e2c55ce,99;99;98;98;98,4;4;4;4;4,95;95;94;94;94,TRUE
223,2,20781038,a030aad28d16eb4af4b1c5f372feb687f9b4272bcec41f24d6f107c844c737f7,99;99;98;98;98,4;4;4;4;4,95;95;94;94;94,TRUE
223,3,20791038,984bf66f16599e6ae5ee93ff9ecf42f38558078d226d7a6327693cc7300144a1,99;99;98;98;98,4;4;4;4;4,95;95;94;94;94,TRUE
223,4,20801038,ea9b690aa97a21cc4af77c49203b49b968dd0397da3d513b565f2d1b2b7499bb,99;99;98;98;98,4;4;4;4;4,95;95;94;94;94,TRUE
223,5,20811038,2312b87a3bef691ce8da795c68ce5adf390e8afe07997cf1cb5af521f6c3e971,99;99;98;98;98,4;4;4;4;4,95;95;94;94;94,TRUE
224,1,20771039,1fe67f1af81f88bb01e3e01745f1b987888fb34b0ceb3f1ae459c5b253bcef2b,24;23;22;22;22,6;5;5;5;5,18;18;17;17;17,TRUE
224,2,20781039,6cbe7ad46312ecdf600221ac095fd6079c6b238d05b367fa451339f4ffe780f5,24;23;22;22;22,6;5;5;5;5,18;18;17;17;17,TRUE
224,3,20791039,b98348ac580a053030e23f34628b4996a403fc0ebffa1cd9781bf74fe3f4b27d,24;23;22;22;22,6;5;5;5;5,18;18;17;17;17,TRUE
224,4,20801039,b1a7622364519db28e5c9bae973ce39fb3c75243e4ffc7d3ab4e15f97efbd790,24;23;22;22;22,6;5;5;5;5,18;18;17;17;17,TRUE
224,5,20811039,5a7d5490c4aa156520ff3d283d3d99a7ed418891ef4ad72bc41b178797fc8ceb,24;23;22;22;22,6;5;5;5;5,18;18;17;17;17,TRUE
225,1,20771040,e134cf51e97b116bf90f7d7547dac32c048e81806d20cf05d7bcdbdc740947fe,31;31;30;30;30,16;16;16;16;16,15;15;14;14;14,TRUE
225,2,20781040,cfc58d6e746a12736fa180305d32c93115e0cdf8e9d2967bfba546ec39fbaa27,31;31;30;30;30,16;16;16;16;16,15;15;14;14;14,TRUE
225,3,20791040,df183ac8a21067217da6c7aab2ca23e9c8bd6876050f023f5401a4c5b1cbf75e,31;31;30;30;30,16;16;16;16;16,15;15;14;14;14,TRUE
225,4,20801040,2350f8fcf737b1841a296ca774802d0c8f1e7c0f642de308111e1e372684878a,31;31;30;30;30,16;16;16;16;16,15;15;14;14;14,TRUE
225,5,20811040,a35d56fff879c26925a02f792aee710ce69655684346fc0b0087f8d73cb1dacc,31;31;30;30;30,16;16;16;16;16,15;15;14;14;14,TRUE
226,1,20771041,2904795c8cdf7a3115eda9d2c5b1545a5377cc2d0cb0726feee6319b64405c01,79;79;78;77;77,15;15;15;14;14,64;64;63;63;63,TRUE
226,2,20781041,b7dc8f5477e046c508524a53e2eb9ce7021d132a30f87acce76bea89ea208216,79;79;78;77;77,15;15;15;14;14,64;64;63;63;63,TRUE
226,3,20791041,65908b8d0df4765851dac84f133ebddda0dda1730e12a98e53c7e9a0bb8f765a,79;79;78;77;77,15;15;15;14;14,64;64;63;63;63,TRUE
226,4,20801041,868ec1437fb73a3ccb07c57fe176932ce48ba5314ab5cb00739548f89e9a559d,79;79;78;77;77,15;15;15;14;14,64;64;63;63;63,TRUE
226,5,20811041,990d8890e4849bd68fa8e1f97a9b054117fb9c0522791c0b5e085dec9040ad16,79;79;78;77;77,15;15;15;14;14,64;64;63;63;63,TRUE
227,1,20771042,b5ae5daa1dfb7274dc337548c9516e3559dcfd14a5b7974c4b55f77653b0ec06,74;74;73;72;72,13;13;12;12;12,61;61;61;60;60,TRUE
227,2,20781042,177aaf868e1574d9b60a6472c8ea6579d8fe7bab2213d2e5a8dd2b264819c151,74;74;73;72;72,13;13;12;12;12,61;61;61;60;60,TRUE
227,3,20791042,8f0fce9da13a8ca5635a6cb3e03a224bd79d1e7fb493b1276de48953fa7c104f,74;74;73;72;72,13;13;12;12;12,61;61;61;60;60,TRUE
227,4,20801042,e84bea0943a4f9bd08de3694f2486ddce0022e56ba2edf4b4c394070a49c346e,74;74;73;72;72,13;13;12;12;12,61;61;61;60;60,TRUE
227,5,20811042,ee082a0e92902bd43ae210aa3b21fa10ed9ec72b9f206a7cbd608b155f70d9e0,74;74;73;72;72,13;13;12;12;12,61;61;61;60;60,TRUE
228,1,20771043,a80f6281c8e0ffdc9a3771df44c37a5d7bda0539fd5a27e55c1d1632027ecbbf,98;97;97;97;97,31;31;31;31;31,67;66;66;66;66,TRUE
228,2,20781043,9158b41b665970ce0d122b5ade6dff57b8cfc634e0f52bd11e2423a934e35934,98;97;97;97;97,31;31;31;31;31,67;66;66;66;66,TRUE
228,3,20791043,3b16cab8f2ebcb9ddae42cc6961d453dc3838af9c3eb02ee292d5c3715c2c537,98;97;97;97;97,31;31;31;31;31,67;66;66;66;66,TRUE
228,4,20801043,83b136332018256d597ff01f9a0fd9f7f9083972420ae8a1d26321c578ce0b66,98;97;97;97;97,31;31;31;31;31,67;66;66;66;66,TRUE
228,5,20811043,e8035956bff9788764daee513218fc2059b0e3113e5d399061ef6f22068cd9a4,98;97;97;97;97,31;31;31;31;31,67;66;66;66;66,TRUE
229,1,20771044,f6c7de1c9c7dd2265518f3e2baddc6866a312ce30059f2b17ff2958fc253a7b2,76;75;74;74;74,12;11;11;11;11,64;64;63;63;63,TRUE
229,2,20781044,dbdb61b659b32605cec5277f73b08ec89ba8a4e3129ce0686cd5c07888b0c1fd,76;75;74;74;74,12;11;11;11;11,64;64;63;63;63,TRUE
229,3,20791044,062d998f9139fe76c5b55c80f7f99beec60e5985911f300f06f9b8c5ff1dfc03,76;75;74;74;74,12;11;11;11;11,64;64;63;63;63,TRUE
229,4,20801044,4b77ba0f53b12200db5f38604f2906fd841cabd1ccfefdf70538e6234e152738,76;75;74;74;74,12;11;11;11;11,64;64;63;63;63,TRUE
229,5,20811044,f2ac31d40d5e0983f319db60170c19525fc6d040ac0cbb3f4c4ec07e9bc1a1ed,76;75;74;74;74,12;11;11;11;11,64;64;63;63;63,TRUE
230,1,20771045,66223b35a5ff06d71ed740d4e2c07f56c7b0ae08ee91d0b686ca0413a7b556d8,72;72;72;71;71,11;11;11;11;11,61;61;61;60;60,TRUE
230,2,20781045,60da3cfbc3fdf8d9878f9c2c1fdd332baa7a48edae2a5246b8eb8fd0f409958e,72;72;72;71;71,11;11;11;11;11,61;61;61;60;60,TRUE
230,3,20791045,b9bb0ff913e6859940c612426d53c5d3d27879925bceb26ed72e781b815d79f8,72;72;72;71;71,11;11;11;11;11,61;61;61;60;60,TRUE
230,4,20801045,4f72e5b038bcb1dad58b35ee7016b71263b4eee9119f8ea3f8cca09d1f61483a,72;72;72;71;71,11;11;11;11;11,61;61;61;60;60,TRUE
230,5,20811045,695650bcb456d48ead73bb02789b7416e9cd26f9f72f176161784df33c0ea630,72;72;72;71;71,11;11;11;11;11,61;61;61;60;60,TRUE
231,1,20771046,f4fbe95c00378a0db328b8d0721c3ee3a1c7664296a20284199328d1ae377ef7,89;87;87;87;87,22;21;21;21;21,67;66;66;66;66,TRUE
231,2,20781046,45498a2a321f635f5f0b83195a49a959afa15b78953fe9da3f81f352c626fc06,89;87;87;87;87,22;21;21;21;21,67;66;66;66;66,TRUE
231,3,20791046,9e1df1f90cd7709b9a41448f91914a1f7b15b27e03742be9002f17e1688b4797,89;87;87;87;87,22;21;21;21;21,67;66;66;66;66,TRUE
231,4,20801046,06201d7994598216c87f9968d4441bcea0c4508719f3a1f6417c55d2abaf2626,89;87;87;87;87,22;21;21;21;21,67;66;66;66;66,TRUE
231,5,20811046,cfcce755621e73b9a293b5f589d2c774c5418c8c0cd05f7e4c2127b43ba39ac4,89;87;87;87;87,22;21;21;21;21,67;66;66;66;66,TRUE
232,1,20771047,c4a9a13a2413103483cf9bd13eaba48b86977a9a4d1beb84b54096677f2cfd49,75;75;75;74;74,61;61;61;60;60,14;14;14;14;14,TRUE
232,2,20781047,5fee2ed37ffbc1af4241ee7c0aaefcbcd6df0e26f0d730015c2f40804bae9cc2,75;75;75;74;74,61;61;61;60;60,14;14;14;14;14,TRUE
232,3,20791047,e58b216ce83da5c6f8e41b27ebdff15777258d82374b0ef38bd64971ea08bc5c,75;75;75;74;74,61;61;61;60;60,14;14;14;14;14,TRUE
232,4,20801047,de4c96d171f4a4ecd6ec21117f433b371f888c0fa42caf52410eec2a0cb034d9,75;75;75;74;74,61;61;61;60;60,14;14;14;14;14,TRUE
232,5,20811047,e8e537643c51d04ef95f744619e8fd9a7788fecc3e0d1586de871a304d8beb9b,75;75;75;74;74,61;61;61;60;60,14;14;14;14;14,TRUE
233,1,20771048,cf69c895fab8115c26aba590b5f06bd59ac8db811b7cbf80a1437143640727cd,76;75;74;74;74,20;20;19;19;19,56;55;55;55;55,TRUE
233,2,20781048,5dd518d44fa631c17a83a1f5435280fa4b01a2c5c10936ef11cb5c3ce7271078,76;75;74;74;74,20;20;19;19;19,56;55;55;55;55,TRUE
233,3,20791048,87fd9f44c141e4134a99df6c473faa8c77bc01c82ed7d046198ea87f5be8e6a7,76;75;74;74;74,20;20;19;19;19,56;55;55;55;55,TRUE
233,4,20801048,8219353f4f7acc9659021fd6051eade451af66557c337be5e2c0ed0e990a80e7,76;75;74;74;74,20;20;19;19;19,56;55;55;55;55,TRUE
233,5,20811048,031efb3bf94ebcbe12193bcce8c57bc0b9cf136f9134429bea6b6945c81a6cea,76;75;74;74;74,20;20;19;19;19,56;55;55;55;55,TRUE
234,1,20771049,57b47e122f34049b06cd61ace17622fcb21b97ddf0937e04ffc30eb29400b53b,76;75;74;74;74,14;14;13;13;13,62;61;61;61;61,TRUE
234,2,20781049,da82b762a5593c2dcdb48c18f5c90e3c0c8df8587142c0acdcdae96c637a85ad,76;75;74;74;74,14;14;13;13;13,62;61;61;61;61,TRUE
234,3,20791049,3cd3fac26fe4433d69b355a9d752fe7bc9b51af3c065f6b8b27b5f2f79d3add9,76;75;74;74;74,14;14;13;13;13,62;61;61;61;61,TRUE
234,4,20801049,2450db3200c2342c3b35e2a531a696a851837a63c87f397d0e03458725e30539,76;75;74;74;74,14;14;13;13;13,62;61;61;61;61,TRUE
234,5,20811049,c9d2a10e7dec1f679b94813a6a1d53993a8b175bdacc31881e0116ba831e7ff5,76;75;74;74;74,14;14;13;13;13,62;61;61;61;61,TRUE
235,1,20771050,7c41b7f156de7d4a043a9ca033bfebfa7026e50b92888bb8416603c02619ca33,75;75;75;74;74,31;31;31;31;31,44;44;44;43;43,TRUE
235,2,20781050,a490cddcd3748ad6108870a9f772da7fcce77cd9003d4e13c4d967a93bb98988,75;75;75;74;74,31;31;31;31;31,44;44;44;43;43,TRUE
235,3,20791050,d785727807bef2f08173bac242454bcb2f7aeec1d4459a2bc837bbd66b286637,75;75;75;74;74,31;31;31;31;31,44;44;44;43;43,TRUE
235,4,20801050,0e8fd424baaf41fd467968abf6fc39437538316c2d94a3b19445ef135558097f,75;75;75;74;74,31;31;31;31;31,44;44;44;43;43,TRUE
235,5,20811050,f68e52db7dd39eb14479ef0fafac66682729c0cb957bac0ae8cbaf698b57a1e2,75;75;75;74;74,31;31;31;31;31,44;44;44;43;43,TRUE
236,1,20771051,e701a5bcddc17df100bfea213f594441fbd34fe983f6ae9750c5b1dc0754431a,76;75;74;74;74,7;7;6;6;6,69;68;68;68;68,TRUE
236,2,20781051,4d789c28f42910d370954f511df1da98a353cbe6beca060f683722072b39c1ba,76;75;74;74;74,7;7;6;6;6,69;68;68;68;68,TRUE
236,3,20791051,6be4ac66fff1b7d7ee0b16f0c95c669cf12d41ea4b2a8ef40414448c9d939317,76;75;74;74;74,7;7;6;6;6,69;68;68;68;68,TRUE
236,4,20801051,56fa23db94e16f876240eef23c37bffec5df6079d8421b28c71924308d9c5293,76;75;74;74;74,7;7;6;6;6,69;68;68;68;68,TRUE
236,5,20811051,215f40fc62ca1cc2765ab8bc368d557ef4b996034ddd651ee7298bfe568ccecc,76;75;74;74;74,7;7;6;6;6,69;68;68;68;68,TRUE
237,1,20771052,a8db93f72d97e4064a05dcbbabe10da738fa1877c485631b7ba08eda21730889,75;75;75;74;74,49;49;49;48;48,26;26;26;26;26,TRUE
237,2,20781052,0bb1279b27ed700d8063ca3213ce6dd45dc7626507ce9bc3c2da73404e96643e,75;75;75;74;74,49;49;49;48;48,26;26;26;26;26,TRUE
237,3,20791052,148f3c8efe5ceed822e86ae821ce4d48a0d7d4ba313759d52082b07387f4c355,75;75;75;74;74,49;49;49;48;48,26;26;26;26;26,TRUE
237,4,20801052,4ecb7863eeaeaee8c719ee97a2ab6567f0cf9ef81613b414cd18e59a5fd8fb42,75;75;75;74;74,49;49;49;48;48,26;26;26;26;26,TRUE
237,5,20811052,72def5d4f867cfa96b2fb92d5c231fa7c21ac8e18b4f44bacbc9a8ba6cb97601,75;75;75;74;74,49;49;49;48;48,26;26;26;26;26,TRUE
238,1,20771053,e2bd000d04a632bcbbab0ec7173ed67881d41a83689ebe7583feee023d3cd4bf,76;75;74;74;74,47;47;46;46;46,29;28;28;28;28,TRUE
238,2,20781053,ec3dfb414d9d5683655fc0cc5b9fd318b7784a950914a23f054f1f28131724d7,76;75;74;74;74,47;47;46;46;46,29;28;28;28;28,TRUE
238,3,20791053,e87e9775ae143e74c9f8b3d6fe33f553aa2ecd4dac6268c22da1a193b457986f,76;75;74;74;74,47;47;46;46;46,29;28;28;28;28,TRUE
238,4,20801053,c250f2b7360c2001aa426dc70dae3894f9b5f51cee2ea019749515c7b104a05a,76;75;74;74;74,47;47;46;46;46,29;28;28;28;28,TRUE
238,5,20811053,d70672a01bb3d9c62ea3125741d2a788bad5d70dba22ec5e49b14b20563375fc,76;75;74;74;74,47;47;46;46;46,29;28;28;28;28,TRUE
239,1,20771054,e6b90d008eeb924781a4433020b54b61c713d4f42ac323f7b27551a200aa046f,76;75;74;74;74,15;15;14;14;14,61;60;60;60;60,TRUE
239,2,20781054,395fd5141bb899334275a133f3ee90e734bb680cd15e321563b539080ca0ff40,76;75;74;74;74,15;15;14;14;14,61;60;60;60;60,TRUE
239,3,20791054,29bdd5a94863235bd0a8adbb096a3a45b5b1d4b0d1ebcdf1d5eff58ba7ae6cdb,76;75;74;74;74,15;15;14;14;14,61;60;60;60;60,TRUE
239,4,20801054,57124b6cea09550d4cf6ab7543a80b482ae6cbc3921c03d02827706501a736b8,76;75;74;74;74,15;15;14;14;14,61;60;60;60;60,TRUE
239,5,20811054,ba37b5ccb3438ebbfbabd6e6a06e48f5efeee6fd683ff6ebae062dab244a9aca,76;75;74;74;74,15;15;14;14;14,61;60;60;60;60,TRUE
240,1,20771055,08c7549567d79f98e6593d11866c8ff07d112b4ad30aac208095bbaa1216d78d,48;47;47;47;46,10;9;9;9;9,38;38;38;38;37,TRUE
240,2,20781055,03b9fdeb5e95425c401e2ca06812cc7301d8880a6ba9d005a79269b267c5c5e1,48;47;47;47;46,10;9;9;9;9,38;38;38;38;37,TRUE
240,3,20791055,d5cf5c0fee503c2776dc24a0c4f52de7cbcb3ea97736b6fedb545582a479671a,48;47;47;47;46,10;9;9;9;9,38;38;38;38;37,TRUE
240,4,20801055,8fb9905237483f475ec71da290bc61ac38294fd30e8268e6988c3e6f26e41d14,48;47;47;47;46,10;9;9;9;9,38;38;38;38;37,TRUE
240,5,20811055,38bb31ca83e9e6548d65b6b158dc7e1472f53cfa8fe5ea1278736111f974c18d,48;47;47;47;46,10;9;9;9;9,38;38;38;38;37,TRUE
241,1,20771056,35202769b1f4c81ff9a2f3ca492013d8ddf55e2ced68c99dff2c4b215c922e02,49;47;47;47;47,16;15;15;15;15,33;32;32;32;32,TRUE
241,2,20781056,29bb1f53a0f29bdd417693e8dc1af86c5cd2bd65512c8ceb6d30d804dbab4213,49;47;47;47;47,16;15;15;15;15,33;32;32;32;32,TRUE
241,3,20791056,1975c35c7d779087eba5637b55386971ae80f56b74d28235b820ddfc7688e39c,49;47;47;47;47,16;15;15;15;15,33;32;32;32;32,TRUE
241,4,20801056,62b349f00ede79910594231a92eb1700e9ab611815f22f373c8635efd172e65b,49;47;47;47;47,16;15;15;15;15,33;32;32;32;32,TRUE
241,5,20811056,c92734b24b044d8d0d597111dda0766d8b99c9edb25875f820f2539fc084c78a,49;47;47;47;47,16;15;15;15;15,33;32;32;32;32,TRUE
242,1,20771057,9cfbae9579cd561e2427302bdb907ccefeff84f888b616fe85340129d0cfaeaa,48;48;47;47;47,17;17;16;16;16,31;31;31;31;31,TRUE
242,2,20781057,76eba5a82e6799abdcbc1d65254af3db65719a5e675f176ee93cb57a1b7d6ebf,48;48;47;47;47,17;17;16;16;16,31;31;31;31;31,TRUE
242,3,20791057,8e147882d4d74bb345e88280412000e056604a705abdfd600f9a15440bd9ef04,48;48;47;47;47,17;17;16;16;16,31;31;31;31;31,TRUE
242,4,20801057,8be9c319875000b4bebb26230fa339f1f24ba157284a6fc6af7e8fadfd7a75bf,48;48;47;47;47,17;17;16;16;16,31;31;31;31;31,TRUE
242,5,20811057,fd178fdc19995677b701b7b828f36604d4943d851fa0ed01d3ffca26d47c217a,48;48;47;47;47,17;17;16;16;16,31;31;31;31;31,TRUE
243,1,20771058,a8147ce0b1c193ccb9f81588dac54e98b09b5568458af8fc5c87ec58805fb5fe,48;48;48;47;46,18;18;18;17;17,30;30;30;30;29,TRUE
243,2,20781058,4aae839f7ae90ce735262016038ea7f8a7e58e870635baa7f7e3230ecc77628f,48;48;48;47;46,18;18;18;17;17,30;30;30;30;29,TRUE
243,3,20791058,1fa27944c362179556fed9912021ab621b6c4188147b79f2eb4393e23ed118a9,48;48;48;47;46,18;18;18;17;17,30;30;30;30;29,TRUE
243,4,20801058,e81ca15c82d36a0ea9d3018c4a5ef4ed8ad42f40e50ebfc605755c49b8d001fc,48;48;48;47;46,18;18;18;17;17,30;30;30;30;29,TRUE
243,5,20811058,9a35db7b3b675751f7d2d1b4abadd2d5c3d736822f66003fd34177497eef58f7,48;48;48;47;46,18;18;18;17;17,30;30;30;30;29,TRUE
244,1,20771059,d7ae7b5966933c9a51ad57e37f6401a70915139944f82d7a9e4e6ec902c80fbf,48;48;47;47;47,6;6;6;6;6,42;42;41;41;41,TRUE
244,2,20781059,16a3e908c0bbc68eaf7667edd04194ffce0a9f7cf5a92d1a26428b7129f385e7,48;48;47;47;47,6;6;6;6;6,42;42;41;41;41,TRUE
244,3,20791059,5ae80bcacb1f1a11399eeccc99089bcf6260f48f30535afcb19795ae670c2aec,48;48;47;47;47,6;6;6;6;6,42;42;41;41;41,TRUE
244,4,20801059,a47c08d1df9302227b6785c9318614c26eb99197d3664122e579fbbf1b430a09,48;48;47;47;47,6;6;6;6;6,42;42;41;41;41,TRUE
244,5,20811059,40ecb547177c1fa271ae736481f2a26a0bf2a345565831e719ca22916808a608,48;48;47;47;47,6;6;6;6;6,42;42;41;41;41,TRUE
245,1,20771060,cc46bdd9c4433ce656117a599bb9eba244250865d5702fb6eb3111c23ab75f75,48;48;48;47;46,7;7;7;6;6,41;41;41;41;40,TRUE
245,2,20781060,b4c8d88b2feb39b120aef6e69c5d061fabdae165fdbfa59646016367566d134d,48;48;48;47;46,7;7;7;6;6,41;41;41;41;40,TRUE
245,3,20791060,01b6e3e3964890699ac6c0c20d6e9e80f0da11f3d582dc0ea34bbeac23519916,48;48;48;47;46,7;7;7;6;6,41;41;41;41;40,TRUE
245,4,20801060,32065fb2c83478fabd6d80f82a0b37bb69cecdd73b010f0a6d5d187ca8a94e76,48;48;48;47;46,7;7;7;6;6,41;41;41;41;40,TRUE
245,5,20811060,0f25e393dc40c146878d40cc7d8884b9173eb54e87a5e18348099f0fead67976,48;48;48;47;46,7;7;7;6;6,41;41;41;41;40,TRUE
246,1,20771061,38fcc63b1fe030c088cc017c41c0706544e4dc4ba1c6a04981e8a00e865746ec,48;48;47;47;47,7;7;6;6;6,41;41;41;41;41,TRUE
246,2,20781061,72453e927ec10505af63aeb64fb667a0ccd59e0cb4a35ae0bc256f39fa26edcb,48;48;47;47;47,7;7;6;6;6,41;41;41;41;41,TRUE
246,3,20791061,745b56620b759ebebd88ef4aea7f6fd600a9e686f58c3cd5f2bf7203cd77aeca,48;48;47;47;47,7;7;6;6;6,41;41;41;41;41,TRUE
246,4,20801061,7a574d380be18713ff13a7a2dbea12eec337d8d7eaadb0f9f9eabe5dd065b505,48;48;47;47;47,7;7;6;6;6,41;41;41;41;41,TRUE
246,5,20811061,5d9e5886aa649765549cefe922051bdcaa91ec05f765dfe5789f4f4c65dd2e51,48;48;47;47;47,7;7;6;6;6,41;41;41;41;41,TRUE
247,1,20771062,a4f82d541172594407a78f9c9a5942f235834a1995d2c77c15a2be22ee24dd53,52;51;50;50;50,30;30;29;29;29,22;21;21;21;21,TRUE
247,2,20781062,966e28dd060bfa711aa9750fd901b6a9d840576837625868faa6d39398827181,52;51;50;50;50,30;30;29;29;29,22;21;21;21;21,TRUE
247,3,20791062,6f6f57ed40e5a5c2e7aa3fb8fdd29a6b1985a716d67a33baf58f8f728ac3ab70,52;51;50;50;50,30;30;29;29;29,22;21;21;21;21,TRUE
247,4,20801062,dae2e505965b592cc27a8ee48437f0959fc7b1686c3cff1f9ce5a1cc1d36a6a0,52;51;50;50;50,30;30;29;29;29,22;21;21;21;21,TRUE
247,5,20811062,189364ff4a1eb4c3d7860205d5b693b394ce99d3555f844e2f999e92d14baac5,52;51;50;50;50,30;30;29;29;29,22;21;21;21;21,TRUE
248,1,20771063,53c23b1635292d2195cc756c815d1c1dce0bb95c51a78085af2f53298f6c93d9,65;65;65;64;64,13;13;13;12;12,52;52;52;52;52,TRUE
248,2,20781063,3555b61e998b7c4df782f950d8aead06f1910ba56edffd4ef9dd458398f9bcfa,65;65;65;64;64,13;13;13;12;12,52;52;52;52;52,TRUE
248,3,20791063,5c644af00087aa40525474dfb12a322fd04e47b2b0b37809e52830e28690968a,65;65;65;64;64,13;13;13;12;12,52;52;52;52;52,TRUE
248,4,20801063,8ae618b4e0e79d921a8c7767d0a233f08ff9c08ba33cc12f86053367c06bf7d0,65;65;65;64;64,13;13;13;12;12,52;52;52;52;52,TRUE
248,5,20811063,c88074e76929c5c691b53fddf14139e2906cfd74e91d6542847ddb4b6ad404e2,65;65;65;64;64,13;13;13;12;12,52;52;52;52;52,TRUE
249,1,20771064,acd04fb06086714ae33cf7a21a419b0b1ee75fe5ce17d158d27338485f9edc76,65;65;65;65;63,16;16;16;16;15,49;49;49;49;48,TRUE
249,2,20781064,aeb3f537a89d474fe11acf8af8a034a584e9cf65eb98fb4cca37c6b5d8e5cc8e,65;65;65;65;63,16;16;16;16;15,49;49;49;49;48,TRUE
249,3,20791064,c82652ba1fc7bcd5e5a075f21743e41248821f7ef4ced52fd560635dde86ae7f,65;65;65;65;63,16;16;16;16;15,49;49;49;49;48,TRUE
249,4,20801064,3198d1e7e1675faa175a2d49fdf910b434fa75bdf0806b7739591ad0bf554841,65;65;65;65;63,16;16;16;16;15,49;49;49;49;48,TRUE
249,5,20811064,c05bc2a5649aefb9dda83a111460eb4551f5b5d6a78994bcd485431c02eb711e,65;65;65;65;63,16;16;16;16;15,49;49;49;49;48,TRUE
250,1,20771065,f77b76a8c76dbe27244411ba816cc4f9ea0b2cbcef668580e5c1b4fecabd3ca8,66;65;64;64;64,22;22;21;21;21,44;43;43;43;43,TRUE
250,2,20781065,927757ea2197df21e207bb043fb77bf5cfb0a21397035e4b9f13995db965405e,66;65;64;64;64,22;22;21;21;21,44;43;43;43;43,TRUE
250,3,20791065,25dd23f7c6c2baa40c58f0e48e0db4604ca01456790b76d25dae0c0f182463e1,66;65;64;64;64,22;22;21;21;21,44;43;43;43;43,TRUE
250,4,20801065,a330913651e5667d0983ddbc9d3f17983bb22a9597332a11044ce51689aa0fee,66;65;64;64;64,22;22;21;21;21,44;43;43;43;43,TRUE
250,5,20811065,6c7d802b70e36b5443caa5c6f4767278881a44b15cc7a4c1b276eacfb9bf5732,66;65;64;64;64,22;22;21;21;21,44;43;43;43;43,TRUE
251,1,20771066,29f19735478e37013a45dc0736ae7c41d011fd0323bf0d47e8a0d836582dc0b2,65;65;65;64;64,30;30;30;29;29,35;35;35;35;35,TRUE
251,2,20781066,0c83285a9f12dd49f652f1c17e3a7004750ebd18d86275b8d82f52337502934e,65;65;65;64;64,30;30;30;29;29,35;35;35;35;35,TRUE
251,3,20791066,f1c6a86783826057b60a03a131aee81866f143a7dd23d275ca4f7000037e95c8,65;65;65;64;64,30;30;30;29;29,35;35;35;35;35,TRUE
251,4,20801066,7e6480dce9d0f09f7cefcc02a2a61c961c0db8869945f6f5064d4831b7ec1ff8,65;65;65;64;64,30;30;30;29;29,35;35;35;35;35,TRUE
251,5,20811066,6bdeb9492eb9937ac40c5f7ec13635ac8bc2e17b0c8b15f56e7744f23f8a3ed9,65;65;65;64;64,30;30;30;29;29,35;35;35;35;35,TRUE
252,1,20771067,3733501db4c165525a00ccd82343f58ea3e1ba2bcdc193f30142b19e7aa5bfdb,66;65;64;64;64,49;49;48;48;48,17;16;16;16;16,TRUE
252,2,20781067,b13838308ee7c7db71edb6f844ddf6bac64a6fd2441513957bd1992b6e1ccc53,66;65;64;64;64,49;49;48;48;48,17;16;16;16;16,TRUE
252,3,20791067,89ece5976fd1b80a3d291419c9fd8da57b5df6f225e5571a01e34f58f9a93f37,66;65;64;64;64,49;49;48;48;48,17;16;16;16;16,TRUE
252,4,20801067,0c888831aaf571b16680d92d21b0646705eaa369c22acc8b75c3d64438bfb29a,66;65;64;64;64,49;49;48;48;48,17;16;16;16;16,TRUE
252,5,20811067,8c564f245988aad142298823eff8e98e044fb28148a79292da9348b882a7fb2e,66;65;64;64;64,49;49;48;48;48,17;16;16;16;16,TRUE
253,1,20771068,11d47b16b3da1b2b685917545a1bca57e99c0bd6b1fe0b1fe3fd1b82c6e5d301,65;65;65;64;64,20;20;20;20;20,45;45;45;44;44,TRUE
253,2,20781068,838d20770a1155de0a47deaf6560909e8a5fb4f6632e1e689b2882bda7ecc7c1,65;65;65;64;64,20;20;20;20;20,45;45;45;44;44,TRUE
253,3,20791068,778ee0bb2a1a108e678f7f27a423ef6ed30a09cf8bd99ce00d2eab2fa90ea42d,65;65;65;64;64,20;20;20;20;20,45;45;45;44;44,TRUE
253,4,20801068,341d077505d43f333bcecaab569e5616b5cb71af3c29a6ffe8be6156524295eb,65;65;65;64;64,20;20;20;20;20,45;45;45;44;44,TRUE
253,5,20811068,fa75cdbf8ace5c9e8d76cdfd3422f6e764b1b1e34cf8483362f8fb3a2a533dd2,65;65;65;64;64,20;20;20;20;20,45;45;45;44;44,TRUE
254,1,20771069,83704f49b84fd84a50c21a388c43859f92d96b498c7526a9200a6d5182d4ed7d,65;65;65;64;64,42;42;42;41;41,23;23;23;23;23,TRUE
254,2,20781069,02af4c698241092583955fe8eb7e5e52a9aae0eac6a9edad6853862d0d3f865d,65;65;65;64;64,42;42;42;41;41,23;23;23;23;23,TRUE
254,3,20791069,ccef7dcb5f5f9cf94ea9d835accded7be9c493298e59fb5a78e330aea4239b13,65;65;65;64;64,42;42;42;41;41,23;23;23;23;23,TRUE
254,4,20801069,27a4f25d6f6e4e9ff7491118c22e9aaf724bf11546acb40294f971a90d2d6b2c,65;65;65;64;64,42;42;42;41;41,23;23;23;23;23,TRUE
254,5,20811069,2d6179e45a49d5614428b94417b8d75dead4e59c2ea6d203bacc1b78781d680a,65;65;65;64;64,42;42;42;41;41,23;23;23;23;23,TRUE
255,1,20771070,5ac729d07c778ce20862e6f85b018d346a8c63b54e75042cc7013bf11f1e86c5,65;65;65;64;64,58;58;58;58;58,7;7;7;6;6,TRUE
255,2,20781070,78a9e3deee36cb0245e3df93a58c44e6071c2c28f21702c4d3da2b942f99807f,65;65;65;64;64,58;58;58;58;58,7;7;7;6;6,TRUE
255,3,20791070,b3ea7309ad735c7930cc102b58607465ae8d24fa16348573849a129968b0eb8b,65;65;65;64;64,58;58;58;58;58,7;7;7;6;6,TRUE
255,4,20801070,541e2e7e6030b68a7a27b99ae4eea91082c9c780c76f1c5051272789f875d7d3,65;65;65;64;64,58;58;58;58;58,7;7;7;6;6,TRUE
255,5,20811070,5778a8f1126cf3e005598aa9c97279563b51953a7b1b9ed4a1cd68b2cfa64c01,65;65;65;64;64,58;58;58;58;58,7;7;7;6;6,TRUE
256,1,20771071,22e9bfdd0b1f60c1971c89bf843dedbb179a35d901fc02e3722042a5c4c6dabd,28;28;28;28;27,5;5;5;5;5,23;23;23;23;22,TRUE
256,2,20781071,8861260453576739582004a8c8d33c47e4b1b04d77f5802b221986efbc834ad5,28;28;28;28;27,5;5;5;5;5,23;23;23;23;22,TRUE
256,3,20791071,1d6d583827f62daefa3799a125d77d70b9377f4a6d04b6a130c1bcf5c1d630f4,28;28;28;28;27,5;5;5;5;5,23;23;23;23;22,TRUE
256,4,20801071,ce2dc1b0fde434d3e049e357a0efc6404bdfa2c12bb867c7a13cfda0932baac9,28;28;28;28;27,5;5;5;5;5,23;23;23;23;22,TRUE
256,5,20811071,a4ba63d8b302816869ef60d6c1ddc1c598b5cf158497268e8e3f7a0fa4c90068,28;28;28;28;27,5;5;5;5;5,23;23;23;23;22,TRUE
257,1,20771072,c4e920e1eae8877ed6c43f91524ef941b160539e8e863e21b010e32c3c33bb6c,29;29;27;27;27,7;7;6;6;6,22;22;21;21;21,TRUE
257,2,20781072,65ace4761f5a4cd4a184ed41485a28ce4e36e0b96f3fed60a32c701677dc458b,29;29;27;27;27,7;7;6;6;6,22;22;21;21;21,TRUE
257,3,20791072,c0d9ec2488c11f337125698ff67b411382e6af424b79981c00cd32c5057ea799,29;29;27;27;27,7;7;6;6;6,22;22;21;21;21,TRUE
257,4,20801072,80190e991e84194fe5749af3fcd04051cef686285751fb0c68698ed6e9779c4d,29;29;27;27;27,7;7;6;6;6,22;22;21;21;21,TRUE
257,5,20811072,95a2e9165a595ba32a35df2bd1062764963056b33c5ce5565a37ef3dc648cae4,29;29;27;27;27,7;7;6;6;6,22;22;21;21;21,TRUE
258,1,20771073,c55f6dfd96886fb72c34087939a5599a966a556d1c580a9eb6350caa3bd58f52,28;28;28;28;27,9;9;9;9;8,19;19;19;19;19,TRUE
258,2,20781073,c9c45ed08febbf54d09defdc0fa28f0a9198cd4fff110ff90171c50da54c94a1,28;28;28;28;27,9;9;9;9;8,19;19;19;19;19,TRUE
258,3,20791073,9d6fe46d79c2fc2a7ac06f69771a24c26f4d94277ef947a364aff6ff01ed568c,28;28;28;28;27,9;9;9;9;8,19;19;19;19;19,TRUE
258,4,20801073,22c914b4bf541566486fc384cbcfa537c3092a8270a13827393617035acc3f78,28;28;28;28;27,9;9;9;9;8,19;19;19;19;19,TRUE
258,5,20811073,df2d8ba90a3c2619bce4276363138ae69a908cc596aed56bdf53c7cdff298403,28;28;28;28;27,9;9;9;9;8,19;19;19;19;19,TRUE
259,1,20771074,f117af2fd16bd5632a8fc05f45c5858aaa1ac6177300785dc5f27dc7a952ef2b,29;29;27;27;27,5;5;4;4;4,24;24;23;23;23,TRUE
259,2,20781074,61557e774ff8accbe7707773f57b686a479f75c6861145fdab5bf63ad8df558d,29;29;27;27;27,5;5;4;4;4,24;24;23;23;23,TRUE
259,3,20791074,08a103221440f2009ac038c1e947b4868f8633dabceef265ea1710324d9639c4,29;29;27;27;27,5;5;4;4;4,24;24;23;23;23,TRUE
259,4,20801074,66a626bae3ed362a8a851cd239cd9a32d433a565788bda099d6f9c8648b6bcf6,29;29;27;27;27,5;5;4;4;4,24;24;23;23;23,TRUE
259,5,20811074,eeba2753e0c52bf8279b4e305fc90e35e251dee5d8f9f6648debba9d519df13b,29;29;27;27;27,5;5;4;4;4,24;24;23;23;23,TRUE
260,1,20771075,a8cfb615f4af24c1deaddfa3264d7314c964c54dba7c98405fa9b1e42807a009,28;28;28;28;27,12;12;12;12;11,16;16;16;16;16,TRUE
260,2,20781075,88debadea941b35e2d5490cb0e2796d2b6e97d27bb449e2ce1cfe46b5c81697c,28;28;28;28;27,12;12;12;12;11,16;16;16;16;16,TRUE
260,3,20791075,7e3afcc012f9c389aaf066950dd96cbd99e655a157994bfae374ebebb5e400e5,28;28;28;28;27,12;12;12;12;11,16;16;16;16;16,TRUE
260,4,20801075,7cc8dd8b1d2bed7c75787ac9944a1056cabf1ac39d37a50bde7ca75884035322,28;28;28;28;27,12;12;12;12;11,16;16;16;16;16,TRUE
260,5,20811075,308460f51615f954a90fc20d5e86f74a5166aabceb7f09bb61de1dd6dd30a895,28;28;28;28;27,12;12;12;12;11,16;16;16;16;16,TRUE
261,1,20771076,e7be688971469c28b68516c4d42fab6528259eaa449a67f50ba9817ee33d8be4,29;28;28;27;27,6;5;5;5;5,23;23;23;22;22,TRUE
261,2,20781076,713e6c5b1ff5de4346ce5a0db6f5d806466870af14fa3327450c0b0d19bf0c58,29;28;28;27;27,6;5;5;5;5,23;23;23;22;22,TRUE
261,3,20791076,4af08b6bf51072fd0c5b703f05f2420bf1feb5279a0d436fa1ccdf135fec9804,29;28;28;27;27,6;5;5;5;5,23;23;23;22;22,TRUE
261,4,20801076,4ab5766f7390e9a62265f8b2b6b1e6847bb3398ba350a6ed61847c5c76365305,29;28;28;27;27,6;5;5;5;5,23;23;23;22;22,TRUE
261,5,20811076,57074c924fcc3408377478bcb9ec97273615fcfb0e773a06f643f8c882618bd8,29;28;28;27;27,6;5;5;5;5,23;23;23;22;22,TRUE
262,1,20771077,578b586e4cf9c40c30684dfa7d539ee106cd101ada5bbf75ef101140e3144da2,29;28;28;27;27,6;6;6;5;5,23;22;22;22;22,TRUE
262,2,20781077,1a2f18e97caea041de89d0d78375c1efab225c225dca0b7a486e436f94664063,29;28;28;27;27,6;6;6;5;5,23;22;22;22;22,TRUE
262,3,20791077,13f8a2ee368268372628b93167412905356580e9f426a20fd324a5534ee9fb6e,29;28;28;27;27,6;6;6;5;5,23;22;22;22;22,TRUE
262,4,20801077,9769b5729046f34712fbe0a23cec17517e7c2dab7cebc324b51ccce71fd522c2,29;28;28;27;27,6;6;6;5;5,23;22;22;22;22,TRUE
262,5,20811077,0a6bc56056c4d7e8210320c48400406df5dad93f5d664f5eed6605879d66f925,29;28;28;27;27,6;6;6;5;5,23;22;22;22;22,TRUE
263,1,20771078,078483bf5449dc0cd86ce38b02c65508c9e498e2674551bb201d79c72e86d5b0,15;14;14;14;14,8;8;8;8;8,7;6;6;6;6,TRUE
263,2,20781078,59a1fb8d49687ba0c580e3be16e06bb9b47d1e4d0c448dcc3b2a69daf189cd2e,15;14;14;14;14,8;8;8;8;8,7;6;6;6;6,TRUE
263,3,20791078,24b9b2d493ae4280c29c69f53373b428412d83d54de7d06a3b91fd921127b309,15;14;14;14;14,8;8;8;8;8,7;6;6;6;6,TRUE
263,4,20801078,3933d565e0b96511e31322f8b71c87d8b53a06c6545e7016b12025bd73575f40,15;14;14;14;14,8;8;8;8;8,7;6;6;6;6,TRUE
263,5,20811078,43992a0de5116565e377a0d6efed2da125a54f18ca06ffc240611a17c78935f6,15;14;14;14;14,8;8;8;8;8,7;6;6;6;6,TRUE
264,1,20771079,e214f06fd80f483e7752fc1114507c0a76b8b9b25c4a1a29fca98c78ffa40ea6,15;15;15;13;13,8;8;8;7;7,7;7;7;6;6,TRUE
264,2,20781079,cc3ab78b266e38be5c8722fc575a2d2f811c3ec5fa8c9c14a186cf0adfefeba3,15;15;15;13;13,8;8;8;7;7,7;7;7;6;6,TRUE
264,3,20791079,d80edaa6ad9f430da5dd7ba49f34df20a7b2ac7e4e86863335b5211a0f432c45,15;15;15;13;13,8;8;8;7;7,7;7;7;6;6,TRUE
264,4,20801079,6eacb00928fcb6d6aa6a6be994c017c1dabfaf475ba051fe2d057b4d124696e5,15;15;15;13;13,8;8;8;7;7,7;7;7;6;6,TRUE
264,5,20811079,f3800e91ce315e7a56521474310fd47cf88d6a29362a2c8a7a382777eb5414cc,15;15;15;13;13,8;8;8;7;7,7;7;7;6;6,TRUE
265,1,20771080,8e8c5fc48387d5a4328de67c7c48e05aa1cad253ddb00440466824c072da101f,83;83;82;82;82,67;67;66;66;66,16;16;16;16;16,TRUE
265,2,20781080,9b330ea3f29f26e510d50e887814fff347e52020ae66f2334c00e5954bd4c352,83;83;82;82;82,67;67;66;66;66,16;16;16;16;16,TRUE
265,3,20791080,31043e7a620579d02ab355c80ec347d4593ed77afdfea43075959b86d9708d09,83;83;82;82;82,67;67;66;66;66,16;16;16;16;16,TRUE
265,4,20801080,955f37bb20297d375ce4d5e618f3a375f08de915d6823471afd3a01205b69f5d,83;83;82;82;82,67;67;66;66;66,16;16;16;16;16,TRUE
265,5,20811080,60e93a8ffe566eb2455dd2a62e5d9a2e6576185dc5bb215f5835b026ca1acd17,83;83;82;82;82,67;67;66;66;66,16;16;16;16;16,TRUE
266,1,20771081,1e54b229cb33c45aaf6ed6e298c4df280eecb20ff3793792d0b88319f933a730,84;82;82;82;82,32;31;31;31;31,52;51;51;51;51,TRUE
266,2,20781081,9dfc5fdf0ec3f284a9fc1e91f39a6e60331306a739d9fa8ad97f79cfe3c3e182,84;82;82;82;82,32;31;31;31;31,52;51;51;51;51,TRUE
266,3,20791081,9b7cbd505120ed81f99f089394603cf7e85edb08ce13d4ffc54408b772a15cd2,84;82;82;82;82,32;31;31;31;31,52;51;51;51;51,TRUE
266,4,20801081,798dfa2e16c0db9cf8408d4638f457db6048df8ca2f20b031722b5d67317fc2c,84;82;82;82;82,32;31;31;31;31,52;51;51;51;51,TRUE
266,5,20811081,f6716d51c9f7e965e3b1ce889f2025409575308d462afaeaeba58ffd26e6cb71,84;82;82;82;82,32;31;31;31;31,52;51;51;51;51,TRUE
267,1,20771082,0ca4d26f280b32447fc2a26840e516785b922659c16d8189c2ba9109d39a2a94,83;83;82;82;82,10;10;10;10;10,73;73;72;72;72,TRUE
267,2,20781082,3f9abbeb5fe685ce98f5c9dc0d56e4988b6460a2dc60b3e91ed4bafc46a17aff,83;83;82;82;82,10;10;10;10;10,73;73;72;72;72,TRUE
267,3,20791082,cb9a9355f50b3fd3c13be7cd4772700a6f40d7aa599ea2269026f711a3fb0c39,83;83;82;82;82,10;10;10;10;10,73;73;72;72;72,TRUE
267,4,20801082,cef8eee08ce011c106319fd4be0002d254c5cff1df39f596cafa601765425694,83;83;82;82;82,10;10;10;10;10,73;73;72;72;72,TRUE
267,5,20811082,2a2a3c5218c2c95200b109d9d0d559d513ccffbb4548b8f2c8c65b219c2ca637,83;83;82;82;82,10;10;10;10;10,73;73;72;72;72,TRUE
268,1,20771083,06e2e63d6cdb46a7d861afe061e92e4c032dc30e7cfd65257827cd40402d995b,83;83;82;82;82,34;34;34;34;34,49;49;48;48;48,TRUE
268,2,20781083,d7472fb7b97ee50a79c5a8e50a7047ae77a73b37c0036ef3bcc81d48f2eeefc6,83;83;82;82;82,34;34;34;34;34,49;49;48;48;48,TRUE
268,3,20791083,5f1df59dd53238883a59241129d45fa8df16894bbe3358d062dad8195f627ec6,83;83;82;82;82,34;34;34;34;34,49;49;48;48;48,TRUE
268,4,20801083,8ee00985bfe32840b3ae4ff6dd74f068d97d81db918acf530b861476a563a3df,83;83;82;82;82,34;34;34;34;34,49;49;48;48;48,TRUE
268,5,20811083,348c9efd376acb8938149d7a3943184ecb854179265a5d01c61f89d874d512eb,83;83;82;82;82,34;34;34;34;34,49;49;48;48;48,TRUE
269,1,20771084,2961b08dd1b2a61bf30b8a6ddabe3caff5166df0fa1b90888565b8ae0597af1e,83;83;82;82;82,63;63;62;62;62,20;20;20;20;20,TRUE
269,2,20781084,9aba1debe657c4328f854e4316ff66b7579640a3bc194f53e92348c0e110df33,83;83;82;82;82,63;63;62;62;62,20;20;20;20;20,TRUE
269,3,20791084,5167c1e6cde025b5bd19e1501805c1f2bff8a1a88a30f5aaca01342f33b3444b,83;83;82;82;82,63;63;62;62;62,20;20;20;20;20,TRUE
269,4,20801084,51720f84bdb7631181acc0a34d0da793f88cf5b555854976ed59c58b975cc72b,83;83;82;82;82,63;63;62;62;62,20;20;20;20;20,TRUE
269,5,20811084,6e6ace7ab0ff93af4e7e09830cada9adf8b25cd7da271cc92045298c8ae836c6,83;83;82;82;82,63;63;62;62;62,20;20;20;20;20,TRUE
270,1,20771085,7d61aed47c3dca96766798e974e2efa39411205668682d7de9596469e55e53d8,14;13;13;13;12,5;4;4;4;4,9;9;9;9;8,TRUE
270,2,20781085,de46c24f985952cdfd35af0078b29725f83d564e8302d68909992a8b37b73caf,14;13;13;13;12,5;4;4;4;4,9;9;9;9;8,TRUE
270,3,20791085,8b897c5472d2af8e8ad50c78ea60da32475446b267bdef77d95db3b8802ceb32,14;13;13;13;12,5;4;4;4;4,9;9;9;9;8,TRUE
270,4,20801085,b88f67d0b0612c62fd1df3b0e1499522eaff9574dfcb7e5c1a9279d10b6e9f2c,14;13;13;13;12,5;4;4;4;4,9;9;9;9;8,TRUE
270,5,20811085,bffadcacade2251081ef9dd91c434172f35ae245e1110ad2a3fcead9371262c7,14;13;13;13;12,5;4;4;4;4,9;9;9;9;8,TRUE
271,1,20771086,e9a452cd0450f0b7c553418b610fdbcf09d2974bc4b9f3b70f1369c7b3ce5103,67;67;67;67;66,11;11;11;11;11,56;56;56;56;55,TRUE
271,2,20781086,79a82210185358775522f5b48d8602d5173113c1e57ca6f7be42b8c6b36b82cd,67;67;67;67;66,11;11;11;11;11,56;56;56;56;55,TRUE
271,3,20791086,c68a54b84e36f87c502a0cb4aed92c6f7771fec1aca7d9b799e45255f8571e6a,67;67;67;67;66,11;11;11;11;11,56;56;56;56;55,TRUE
271,4,20801086,9e7d673f26885041c028c6ef414549a958aad97a1d8324f259fb91286bb62f61,67;67;67;67;66,11;11;11;11;11,56;56;56;56;55,TRUE
271,5,20811086,48ad95479d209601b7f17e130f7f91bc124f8614969b99c46c64efa9e7e46ca5,67;67;67;67;66,11;11;11;11;11,56;56;56;56;55,TRUE
272,1,20771087,ab135fcf80197b223355305848da6dbcb0b0633ad5266b64fd8ea5bc18f642cd,68;68;66;66;66,10;10;9;9;9,58;58;57;57;57,TRUE
272,2,20781087,9e20f6d8cacb176fe5ba1988dee517a166b58768be5a0478cca2fb37d5149999,68;68;66;66;66,10;10;9;9;9,58;58;57;57;57,TRUE
272,3,20791087,186881e5b84c7166ddcee69a1cb61f22ac7bccea69005b2dd1b4a9dc6dbf155a,68;68;66;66;66,10;10;9;9;9,58;58;57;57;57,TRUE
272,4,20801087,f57bbe477f60a0b6dce001c834d8586cd14e6820b21bf4210ce6431b744b0a45,68;68;66;66;66,10;10;9;9;9,58;58;57;57;57,TRUE
272,5,20811087,033018e91f640dfa49d54640739af1e31b48ff189ed271741e169705c23ac1cb,68;68;66;66;66,10;10;9;9;9,58;58;57;57;57,TRUE
273,1,20771088,c0f60030ff876c460c7f1693bcf9a2aca5c126fb557c1f733469fc0e3f2349f9,68;68;66;66;66,5;5;4;4;4,63;63;62;62;62,TRUE
273,2,20781088,e99a81ca2d24c7085c5c9fa2c5337e83f8446d828b57f643800a8534ed1b820e,68;68;66;66;66,5;5;4;4;4,63;63;62;62;62,TRUE
273,3,20791088,43b3ffc2d94d9caa430e56c1f3586d6d578dd3a509795bf2b49a1a0a23b74522,68;68;66;66;66,5;5;4;4;4,63;63;62;62;62,TRUE
273,4,20801088,193789968b52cd550a2233e161cef70fe97fcbb7d1a78f52272a8d3f2466a29e,68;68;66;66;66,5;5;4;4;4,63;63;62;62;62,TRUE
273,5,20811088,f1addbc4e94c21b8284d5fec5401cac2462c8696d1f6eb9eae8a3a2359bb4267,68;68;66;66;66,5;5;4;4;4,63;63;62;62;62,TRUE
274,1,20771089,41ff4ba08e61434e6c9415b0c72cd726843cfee466cdd8c6244ec9c3ad0935bb,50;49;48;48;48,7;6;6;6;6,43;43;42;42;42,TRUE
274,2,20781089,5960e545b9136ae0692bb8d984778ccfe4e249214515dec23cf6cd0cafb52395,50;49;48;48;48,7;6;6;6;6,43;43;42;42;42,TRUE
274,3,20791089,0440a4f5dc93bc05487cdaeb9ed77f6d9e1b122632d1f2abff55a8d116969c5d,50;49;48;48;48,7;6;6;6;6,43;43;42;42;42,TRUE
274,4,20801089,b3b7edb0d910d20c8e2d1212d54a6f96484607b606eebfdd631f8fbff7829cc8,50;49;48;48;48,7;6;6;6;6,43;43;42;42;42,TRUE
274,5,20811089,bfebad40cad8b7cc805b20e586e6571d86b784f43a68542cf555d1879a7daf9a,50;49;48;48;48,7;6;6;6;6,43;43;42;42;42,TRUE
275,1,20771090,398677026675fbb6cde513ef6bfac0df05f55b16b1824d0c530ba28bb1d01cba,52;51;51;51;50,6;6;6;6;5,46;45;45;45;45,TRUE
275,2,20781090,ecf4c2168faa4d7fb3fb6bc6a1a52655e80a0ea7fb2d49084f3ce0a473840779,52;51;51;51;50,6;6;6;6;5,46;45;45;45;45,TRUE
275,3,20791090,246ea2fa3040981f6781962a63839c5750d849c95cb6ba3dda6b605483008745,52;51;51;51;50,6;6;6;6;5,46;45;45;45;45,TRUE
275,4,20801090,3bc3a172f0afbc2ce8b65a3034430eaa04abbb814a64c08a18484aef3c618b43,52;51;51;51;50,6;6;6;6;5,46;45;45;45;45,TRUE
275,5,20811090,ec101ff765b9b1e4fe3ff98b17293b025796a5802aec3417ebc1129c3d8331c4,52;51;51;51;50,6;6;6;6;5,46;45;45;45;45,TRUE
276,1,20771091,bccff4a42b0b1ae7745858ea0260a46eae9701b0668ca4c0681368ae2c6f9b5f,52;52;51;50;50,9;9;8;8;8,43;43;43;42;42,TRUE
276,2,20781091,5eaf40e8002c5ad6e88c7e2de044c2989ddcc02ded0a0e5d4103b12ef827e86c,52;52;51;50;50,9;9;8;8;8,43;43;43;42;42,TRUE
276,3,20791091,824a402782e2d85456036a9ee5ba4f59705532d5deff9ef8a62f969c75ec64f8,52;52;51;50;50,9;9;8;8;8,43;43;43;42;42,TRUE
276,4,20801091,460ba9871efe824d3a05fe87761807d3cdb9c8cb89d15d0db18cfa9a2a64e0f3,52;52;51;50;50,9;9;8;8;8,43;43;43;42;42,TRUE
276,5,20811091,e8c65f318bdd16b3560b8aeec4aa67c84be8870ce68a67aa4bd36fca76fa47ae,52;52;51;50;50,9;9;8;8;8,43;43;43;42;42,TRUE
277,1,20771092,0423d724f4442dcd93ea5b72279fa9f3a08d279667776305a74ef49e5553dcf7,52;51;51;51;50,5;5;5;5;4,47;46;46;46;46,TRUE
277,2,20781092,6500d45e0e152b9f9c686cda033a2255dfd1d732968e7fb92cd79d8d58de8fcf,52;51;51;51;50,5;5;5;5;4,47;46;46;46;46,TRUE
277,3,20791092,65aee8ddfff01bea16aa5108a62c10a7290c3211f9e18d1a1b58b2e5ad46a1ff,52;51;51;51;50,5;5;5;5;4,47;46;46;46;46,TRUE
277,4,20801092,d0dd38b4931ce92be158bf40e839be4ed8a1135a8bad618a2dacfbf1fb9b1b8a,52;51;51;51;50,5;5;5;5;4,47;46;46;46;46,TRUE
277,5,20811092,4247ec18488065fc6034585263588d578f131c7524d37a93901b698b92a64b63,52;51;51;51;50,5;5;5;5;4,47;46;46;46;46,TRUE
278,1,20771093,e881972136bcb139cf73ba24525f94e7d7e3f1022914466b7d8e18433dd31db1,96;95;95;95;95,39;39;39;39;39,57;56;56;56;56,TRUE
278,2,20781093,8feee8584e87f04a7fc534d48fd68497af7671c5039d13dd05cff290ac124cb9,96;95;95;95;95,39;39;39;39;39,57;56;56;56;56,TRUE
278,3,20791093,e2d622fabf4de8656529e0c7c4e704c1a98382c5324097c39448a1bacfc9dc5c,96;95;95;95;95,39;39;39;39;39,57;56;56;56;56,TRUE
278,4,20801093,ca78761d374f5adb75f5aa34cfaea2f288be42427923e62a03c391407ac86dd8,96;95;95;95;95,39;39;39;39;39,57;56;56;56;56,TRUE
278,5,20811093,420f021e217abf1a3ea0ff7de2b32f75bdccac9cbb814ad7565021ab39cc1e93,96;95;95;95;95,39;39;39;39;39,57;56;56;56;56,TRUE
279,1,20771094,de2c0d34b10e8a37f85f50c10fe8e99a63e5b2dba846a6ea4f1f1b00c2d924b5,97;97;96;96;95,76;76;76;76;75,21;21;20;20;20,TRUE
279,2,20781094,74025ab26e8053688ff9dbe8c4c34d0cff89911b084729e599aa9f14b149897a,97;97;96;96;95,76;76;76;76;75,21;21;20;20;20,TRUE
279,3,20791094,1f9ba8adee7c6831f1506d6acd4d4b43fcf4bdb4de187a81af2f88b07ea2f297,97;97;96;96;95,76;76;76;76;75,21;21;20;20;20,TRUE
279,4,20801094,b2e57c61d7cee17ae1d5edc5639ad31504e7696f8fe9f08b95e090e55dda8faa,97;97;96;96;95,76;76;76;76;75,21;21;20;20;20,TRUE
279,5,20811094,b1781d368f7826f3ee506c93e537e6966eb1e7a4bc39e932cd15c37971052271,97;97;96;96;95,76;76;76;76;75,21;21;20;20;20,TRUE
280,1,20771095,bde5c7320e4f991a5ceab09ddcf714dad6430e3fa14a10f344d50a18f0081b14,97;97;97;95;95,6;6;6;5;5,91;91;91;90;90,TRUE
280,2,20781095,b478a0d352f6a4da6b217c313d8f949782943a9f7e02e9d8d42d0baa1d74381a,97;97;97;95;95,6;6;6;5;5,91;91;91;90;90,TRUE
280,3,20791095,32c1115ce80f7ec9f20e65a3c8c1991032ad184555674ec6a1dcf3532a458c0e,97;97;97;95;95,6;6;6;5;5,91;91;91;90;90,TRUE
280,4,20801095,6d6cfeb8baa561c44885140c71cd9e4f63c7bc60328c2883bc049bcb063482f8,97;97;97;95;95,6;6;6;5;5,91;91;91;90;90,TRUE
280,5,20811095,9a8c9ae7501c3a60fe8d62276fb633b7cbf84ad4da591c73a07fcbcbec4aa168,97;97;97;95;95,6;6;6;5;5,91;91;91;90;90,TRUE
281,1,20771096,44d4d9876e312511f23a44879b023f56ddf297691996e087aa6ef8130c306e61,97;96;96;96;96,24;24;24;24;24,73;72;72;72;72,TRUE
281,2,20781096,8176f00e5fd6f10bd4e0c322b0d195186aeddeb1a1e2adfc445e7977b133e43b,97;96;96;96;96,24;24;24;24;24,73;72;72;72;72,TRUE
281,3,20791096,fe3ac360cdd2fea000d6da6564bfb65e35424824d43302bfc77d4683b25590ea,97;96;96;96;96,24;24;24;24;24,73;72;72;72;72,TRUE
281,4,20801096,1b9169a03e90e4cf7c951f4bbce57755ebf0b36ba8edfd829a9c0bc2e1b8d1fa,97;96;96;96;96,24;24;24;24;24,73;72;72;72;72,TRUE
281,5,20811096,1a35fdb9986506746d0f53ea00d79195de6995cfbc95e4fb62bb414584f614ab,97;96;96;96;96,24;24;24;24;24,73;72;72;72;72,TRUE
282,1,20771097,8982a7ebb6cb61ba16e4260875b02f71cf31c7a1e43d59f4dab378f04301cb20,97;97;97;95;95,23;23;23;22;22,74;74;74;73;73,TRUE
282,2,20781097,0df3aca973ebc43fbeee325640fce416c19316c14dbf360c8bcf6148bcd49658,97;97;97;95;95,23;23;23;22;22,74;74;74;73;73,TRUE
282,3,20791097,e702843b3da548ff474ebda601c2dd28a7b69128ac72475cf3851bfb79e93ae9,97;97;97;95;95,23;23;23;22;22,74;74;74;73;73,TRUE
282,4,20801097,d5e66fe69d2fcc5f0116532b6b56d7efef4ad65f0c550b9c175e4a5f31ca9222,97;97;97;95;95,23;23;23;22;22,74;74;74;73;73,TRUE
282,5,20811097,59ddc6aa32e4ba55f696b0b33cdb08b2c8bed33c39c819bd7379e8d8d357f864,97;97;97;95;95,23;23;23;22;22,74;74;74;73;73,TRUE
283,1,20771098,7f4b117e0e2d4920ca4070b61172abc64eb55e76a72b8d9db7470064e49ec170,97;96;96;96;96,27;27;27;27;27,70;69;69;69;69,TRUE
283,2,20781098,614ade10d306f2cf6cae5e7e30d5efcc72b3b2745564c8eceb5e6796059fc2ad,97;96;96;96;96,27;27;27;27;27,70;69;69;69;69,TRUE
283,3,20791098,9e47e99bf7d721d357c6648b85da6343b0544a546bfb91e33f78f1a548f11a54,97;96;96;96;96,27;27;27;27;27,70;69;69;69;69,TRUE
283,4,20801098,26c084c81eb66757dbf8a6bc6e2f3375f53e20b19db6880504bdee045a24a65f,97;96;96;96;96,27;27;27;27;27,70;69;69;69;69,TRUE
283,5,20811098,627adaffb9a87ecedbb14c409b25c38e768cffa23d0300a849301581764fa6e7,97;96;96;96;96,27;27;27;27;27,70;69;69;69;69,TRUE
284,1,20771099,39b3f061df261b0aca482f1d3eb498ab4a725a8d916e356a6ac8f99e0553daff,97;96;96;96;96,26;26;26;26;26,71;70;70;70;70,TRUE
284,2,20781099,0d6345aeae6e11fc006f9b9e05dd8ceddfdaa0c55b288eeee9a1fe9cf44cd797,97;96;96;96;96,26;26;26;26;26,71;70;70;70;70,TRUE
284,3,20791099,37a3058b3166530ab0d21e0972c03631dd3720c3c8257d31590dc578a91783b3,97;96;96;96;96,26;26;26;26;26,71;70;70;70;70,TRUE
284,4,20801099,426e80eabaecc641790d8b71f3536bfd2eba8281dabb61d59f26e03da3134fb2,97;96;96;96;96,26;26;26;26;26,71;70;70;70;70,TRUE
284,5,20811099,51357c6b0f4d9eeb4fcec119e275ed6551bcaa697487cfd55f01273edf78f9ee,97;96;96;96;96,26;26;26;26;26,71;70;70;70;70,TRUE
285,1,20771100,87c5a3454b13a43f8fd708384ee2fbbef3154b49d97f7d5ed05ef8ad3e04d07f,97;97;97;95;95,50;50;50;49;49,47;47;47;46;46,TRUE
285,2,20781100,cc3e69c0cf0dd51b62105ca7d55742104725ad4f0e7cb56c8497d58286e2b8ba,97;97;97;95;95,50;50;50;49;49,47;47;47;46;46,TRUE
285,3,20791100,58ae446ccc18a45ee7140538edecbf37144ac049a62beaff90ae78fee004d57f,97;97;97;95;95,50;50;50;49;49,47;47;47;46;46,TRUE
285,4,20801100,972a5f5b492e983bf99f1ee515d7eae15042869741343252e552eae685a4ec60,97;97;97;95;95,50;50;50;49;49,47;47;47;46;46,TRUE
285,5,20811100,32d4e6b4ea6ad588edd38835c3c49b48aa622e705a903c230fc134d0e40aae55,97;97;97;95;95,50;50;50;49;49,47;47;47;46;46,TRUE
286,1,20771101,d980290bceba24decdb860b427db835076ec1ae0d699a5643f5c5902718402e0,97;96;96;96;96,27;26;26;26;26,70;70;70;70;70,TRUE
286,2,20781101,d5c418ddc3fc55dedbd0176448bf5980d7b790dccf6b3d5f2abb887df9d1c56c,97;96;96;96;96,27;26;26;26;26,70;70;70;70;70,TRUE
286,3,20791101,b5d2020dbf3fd92eba8bfb2054394ee58062485bfe40508164e9f5f53eccea2a,97;96;96;96;96,27;26;26;26;26,70;70;70;70;70,TRUE
286,4,20801101,1e29c9c727486bb2d64726c022ec1ccecd58c668b9a413b5adc97e90cdc0181b,97;96;96;96;96,27;26;26;26;26,70;70;70;70;70,TRUE
286,5,20811101,228bdc6ec2779c66ab7554896e0648a43df8f01de3624b2b0b4e5bc733526328,97;96;96;96;96,27;26;26;26;26,70;70;70;70;70,TRUE
287,1,20771102,b8e0a2a1fdbaaeba0b6a6ade028f57a258768e5bdf627ba37ea5a4d2a81bcb66,67;67;67;67;65,46;46;46;46;45,21;21;21;21;20,TRUE
287,2,20781102,5328a1fb458f06f9a871312b1969eb74d4081785896eeab846804546e9ee8dc6,67;67;67;67;65,46;46;46;46;45,21;21;21;21;20,TRUE
287,3,20791102,83a959b94b7637f660e4740beae7ff231985076e31621a5b351c6e2945427279,67;67;67;67;65,46;46;46;46;45,21;21;21;21;20,TRUE
287,4,20801102,6b213530f28c24375967d81131f4f99e70da2ffa061d5d7b7470a8e2004e69ac,67;67;67;67;65,46;46;46;46;45,21;21;21;21;20,TRUE
287,5,20811102,98a610eac3d3e02c4d859a0195ab11b2c56020365695ff81586388adfdc0347b,67;67;67;67;65,46;46;46;46;45,21;21;21;21;20,TRUE
288,1,20771103,2296b2e3a3304d600380b272521345a4081c1e37414a1ad16926a9080340d0f1,67;67;67;66;66,12;12;12;12;12,55;55;55;54;54,TRUE
288,2,20781103,56f4c25b7a9c61c29bc6d79a8afd21bdb159a1aa4e61abb98c808a76b359f5b0,67;67;67;66;66,12;12;12;12;12,55;55;55;54;54,TRUE
288,3,20791103,c902685d048fa7247ffd63c42530189a075152ecaceb9e804c346c5be3c08ac3,67;67;67;66;66,12;12;12;12;12,55;55;55;54;54,TRUE
288,4,20801103,48c87f16ad79c3a781276cb568f65212113d86fbec822ce2a86da1b08ae6766a,67;67;67;66;66,12;12;12;12;12,55;55;55;54;54,TRUE
288,5,20811103,82da92115b664083f97230d4dd1c097eef0a42bef4f928eefe3c558f940049ee,67;67;67;66;66,12;12;12;12;12,55;55;55;54;54,TRUE
289,1,20771104,6cdef731784104d545e523abb381682c10f7307137178607bf6db3d61d3491c3,67;67;67;67;65,15;15;15;15;14,52;52;52;52;51,TRUE
289,2,20781104,2a1218c3ae9f83ff9c1b83950d576e8208a8500e2216ac495c6bf2669174e90f,67;67;67;67;65,15;15;15;15;14,52;52;52;52;51,TRUE
289,3,20791104,8568d507d16e62c417d303df8c483b4e054c9df140bb200e30b64c43916462d8,67;67;67;67;65,15;15;15;15;14,52;52;52;52;51,TRUE
289,4,20801104,c3568f7292f8fe5396338d6db99ccc4d640d256614a9437eb5e5e7d1200144c1,67;67;67;67;65,15;15;15;15;14,52;52;52;52;51,TRUE
289,5,20811104,6489d28d8470cd016b6ae19e84ff9c2628ae719435421769e7d8acf56ed6f0b1,67;67;67;67;65,15;15;15;15;14,52;52;52;52;51,TRUE
290,1,20771105,69996e0ad0ebab7eaed84be4e0424c215eedbd0bc7ff246d9efefa862763d816,67;67;67;67;65,5;5;5;5;4,62;62;62;62;61,TRUE
290,2,20781105,9f0d0808c057c9433ad51143b65f17599b064725b9b0a9a9915b9f9a744c7c07,67;67;67;67;65,5;5;5;5;4,62;62;62;62;61,TRUE
290,3,20791105,bc6fe218bd4c74149f538002a4da1c13fd31cb137d4e562661f140eed91e6288,67;67;67;67;65,5;5;5;5;4,62;62;62;62;61,TRUE
290,4,20801105,2c2d1a58ce99b401dcbf6cfaecbfa53fcf57de0b81b884747052c71967fb46eb,67;67;67;67;65,5;5;5;5;4,62;62;62;62;61,TRUE
290,5,20811105,2adc2e7756638f7e7d89998a8aa4cf33c6da196f0955176dff8019fdf9e6d6b7,67;67;67;67;65,5;5;5;5;4,62;62;62;62;61,TRUE
291,1,20771106,6cb11bd950e9e976d72c8c48c1adbd277062bdcd3dda0e995922d4d2b1dc5c7b,68;67;66;66;66,26;25;25;25;25,42;42;41;41;41,TRUE
291,2,20781106,9c4e66896c70f09ecd3569f0da58a1271972dfb40f40d2596dfbd22cf896d042,68;67;66;66;66,26;25;25;25;25,42;42;41;41;41,TRUE
291,3,20791106,d2924821ea1f76582c0e342817723d885688731439b95a2302364517cd2762b9,68;67;66;66;66,26;25;25;25;25,42;42;41;41;41,TRUE
291,4,20801106,f3f45ca47c1587ed4f200af8ef27098cd87ad54af56f2f9a45ad9a2b4929d4f5,68;67;66;66;66,26;25;25;25;25,42;42;41;41;41,TRUE
291,5,20811106,e870c9efbdb6ed8b6b9814a9c18d8db3ab2c14cb03e2327669ec338a9a8f437d,68;67;66;66;66,26;25;25;25;25,42;42;41;41;41,TRUE
292,1,20771107,95ed8970b6cadf985ad65951c957c191e42fcdf018e197ed54d45738e22f2e85,67;67;67;66;66,29;29;29;29;29,38;38;38;37;37,TRUE
292,2,20781107,69efbf8990b7620435c4dcc050d3fd4503e35c256fbd47bb671bf7946e8a65c7,67;67;67;66;66,29;29;29;29;29,38;38;38;37;37,TRUE
292,3,20791107,25459dc67bdc85dde7df8c51f466302c7ac603dadadf5bbf8f92f05209696479,67;67;67;66;66,29;29;29;29;29,38;38;38;37;37,TRUE
292,4,20801107,b3f1d0cbfd5fc47a81066696b3892fbad95d4f0702b9eacd3d1975d8c6db73af,67;67;67;66;66,29;29;29;29;29,38;38;38;37;37,TRUE
292,5,20811107,01f81fbdabce373ef3ec851dda46adb0c42c32a65751a3011460214764136f30,67;67;67;66;66,29;29;29;29;29,38;38;38;37;37,TRUE
293,1,20771108,050a529e1e8f682a1a4f404fd353e74442d991d39a77bbcc7faf9ec21e952991,86;86;85;85;84,51;51;50;50;50,35;35;35;35;34,TRUE
293,2,20781108,bb88c00af6d327ac91fbcfd2efa406b2e9a84c3b4c82372d8b9783439aed5b95,86;86;85;85;84,51;51;50;50;50,35;35;35;35;34,TRUE
293,3,20791108,fe230dac0fc5d816006f953329f277643227c065ac8e4b71c24646e7a50e2d18,86;86;85;85;84,51;51;50;50;50,35;35;35;35;34,TRUE
293,4,20801108,e3dd5d41967beea17b21937fedce021b56685b70fccd29f931ed0773cb781184,86;86;85;85;84,51;51;50;50;50,35;35;35;35;34,TRUE
293,5,20811108,ba4016def2218caf94125911a7fc085b2874912f350a54cd6922f96588fcf4c4,86;86;85;85;84,51;51;50;50;50,35;35;35;35;34,TRUE
294,1,20771109,5ee406d6c6359a880c3ca621440a22fd5a5f0abe0e76c202d0ca4a0365cdb0f1,91;90;90;90;90,21;20;20;20;20,70;70;70;70;70,TRUE
294,2,20781109,16d9cb0e7adcc311269be3de0f25b10738fb4dbef30aa3d1a65db708cd228ee8,91;90;90;90;90,21;20;20;20;20,70;70;70;70;70,TRUE
294,3,20791109,ec75a6884ee818a4d76cb34625bbe8c3093c01109550871a7c9f27afa6a3b912,91;90;90;90;90,21;20;20;20;20,70;70;70;70;70,TRUE
294,4,20801109,740c6ba4fbc8aa91cea17841995dacdfec114d77730f2b579f5337a469723891,91;90;90;90;90,21;20;20;20;20,70;70;70;70;70,TRUE
294,5,20811109,400052b64150e8f9df672fd71adb6ed05b7d908a6f767639590c8ff97407181a,91;90;90;90;90,21;20;20;20;20,70;70;70;70;70,TRUE
295,1,20771110,90115f8b9514d7d7e3e9789fd38d111231d7a7dac9b2df40d31ab6d154b98921,91;91;91;89;89,21;21;21;20;20,70;70;70;69;69,TRUE
295,2,20781110,013db478d93e093d0deac150fbf73841502d8a8237165dff93892cda4f0c5794,91;91;91;89;89,21;21;21;20;20,70;70;70;69;69,TRUE
295,3,20791110,48bb70018c97563862e79eadd54c07d9dbb013c6c8ee3c27876f2e06378e74d8,91;91;91;89;89,21;21;21;20;20,70;70;70;69;69,TRUE
295,4,20801110,0bb3cacf47902683ffb9606ab5e7c09a192ff41362c476691f52a17c91caa645,91;91;91;89;89,21;21;21;20;20,70;70;70;69;69,TRUE
295,5,20811110,60b098218b41a64461e3e5bbdfa468e10312be2c1dd5f54a867f62bf8a4278ed,91;91;91;89;89,21;21;21;20;20,70;70;70;69;69,TRUE
296,1,20771111,e3d0ee82f9fa7af1504846265629e1853814a53ca53d1e26e22c690052b45400,91;91;90;90;89,20;20;19;19;19,71;71;71;71;70,TRUE
296,2,20781111,b7f4604917f469eb383918964b21111d57ecf8a9c8068d0c24a9d76a9a8f9d1d,91;91;90;90;89,20;20;19;19;19,71;71;71;71;70,TRUE
296,3,20791111,88f287b495b32cf77b3004264995c5bcffa4e09e5d1bed8cd1d2f0b28449cf79,91;91;90;90;89,20;20;19;19;19,71;71;71;71;70,TRUE
296,4,20801111,a0d11cfb7216f90eac40beb666797beaaf78810c9c5c5d9eb4e08f9f61df5d9d,91;91;90;90;89,20;20;19;19;19,71;71;71;71;70,TRUE
296,5,20811111,0a1c87af99428c5505027c06665ed1a0447fe7ec46ad5b1202ed2e453e1f142c,91;91;90;90;89,20;20;19;19;19,71;71;71;71;70,TRUE
297,1,20771112,813c9ee93ae6bf00478e39258c0cca957360ff0d1e7d13a774e562d0cc129fed,91;91;91;89;89,13;13;13;12;12,78;78;78;77;77,TRUE
297,2,20781112,4e1110eabbe707d52f0c1b403af33d25bb32495ba12601fd31b5ddb94196b3c2,91;91;91;89;89,13;13;13;12;12,78;78;78;77;77,TRUE
297,3,20791112,52acf993a5097ec30dbc9a37054548ad40c167a0bfd2c61d918dcf6bf1bdeed1,91;91;91;89;89,13;13;13;12;12,78;78;78;77;77,TRUE
297,4,20801112,fcad0d9f7573aaac7e8f59da840bcc39ba37a3357cb1d33826a2432a5d458fd9,91;91;91;89;89,13;13;13;12;12,78;78;78;77;77,TRUE
297,5,20811112,b6ba11161601bcc0eba0f078082fa81c860448d982a5e633056b520675834a9a,91;91;91;89;89,13;13;13;12;12,78;78;78;77;77,TRUE
298,1,20771113,c49c941c34f3fa994676c0046db96f1ff1608be179c9f9df0a4f68d7f0e71c91,91;91;91;89;89,68;68;68;67;67,23;23;23;22;22,TRUE
298,2,20781113,69dfafe4903421706edf3453fe98e66144b062f18c45965dc5b57b3018912fed,91;91;91;89;89,68;68;68;67;67,23;23;23;22;22,TRUE
298,3,20791113,4db35d98befcf92ec12905d408e56598ac9944b2f652471bcc78f6697c4a50d2,91;91;91;89;89,68;68;68;67;67,23;23;23;22;22,TRUE
298,4,20801113,27ba902cd288a0a8cab3b3da8a508da1bc7103633e1d1979ba30cd4645501d48,91;91;91;89;89,68;68;68;67;67,23;23;23;22;22,TRUE
298,5,20811113,1c0aad25cbe7d9b9d66865a8a1d39f7c76de68690ac3f34f60eb7e5c893060d1,91;91;91;89;89,68;68;68;67;67,23;23;23;22;22,TRUE
299,1,20771114,63b14f66c09d475bdf54f74bb615303f393e30683d8b8aa31053cd5de525d3f0,91;90;90;90;90,9;9;9;9;9,82;81;81;81;81,TRUE
299,2,20781114,2421635101a6e9a7e8f276ccc8d4a00d047f49f4d2f84238ec7985bb1bdfd089,91;90;90;90;90,9;9;9;9;9,82;81;81;81;81,TRUE
299,3,20791114,3a3796fcecedeb1688f2096745c8aa8bfd10835f19960c657c029ab6cbcb39b0,91;90;90;90;90,9;9;9;9;9,82;81;81;81;81,TRUE
299,4,20801114,0d11cdf0ef91c0544720470c509162286332bed7407360ecbedcbaf80959750d,91;90;90;90;90,9;9;9;9;9,82;81;81;81;81,TRUE
299,5,20811114,43c02786e96886c935525728e8d2311fc1f52d9647a4bd402bb31b83bca446a6,91;90;90;90;90,9;9;9;9;9,82;81;81;81;81,TRUE
300,1,20771115,c80c3485bfc65e520949dec10f17324ea0d0c88795987784cecb96f35fb0f22e,91;91;90;90;89,55;55;55;55;54,36;36;35;35;35,TRUE
300,2,20781115,908fb26e4b52ad84737a0d2830c73c778d2410ac249aa37cc732ab528604ff73,91;91;90;90;89,55;55;55;55;54,36;36;35;35;35,TRUE
300,3,20791115,4d1858562d301d26e16a3b4eb77199971ff3767e44026a3349ac69296b18e948,91;91;90;90;89,55;55;55;55;54,36;36;35;35;35,TRUE
300,4,20801115,970f0138282fc78ffbb9ffc8adfd937475a697b38400e4a9cba82a05e62445c4,91;91;90;90;89,55;55;55;55;54,36;36;35;35;35,TRUE
300,5,20811115,461275a4dc893a9045cb382b611cd1e8cc9c9d05bac56680252007ebd6a64390,91;91;90;90;89,55;55;55;55;54,36;36;35;35;35,TRUE
301,1,20771116,1b853fafd2eb6ca21bed106582af0e729d54faa22ab6041d787e1cc4ff28362a,91;91;90;90;89,16;16;15;15;15,75;75;75;75;74,TRUE
301,2,20781116,ec448e599e0073d69f2829d1a120d2195607c0adae637bdf77ff637d85b7ab97,91;91;90;90;89,16;16;15;15;15,75;75;75;75;74,TRUE
301,3,20791116,bba9e575ae72b6fbc244c6bac6d76324ba0389f3839e73046546a51eeb693d58,91;91;90;90;89,16;16;15;15;15,75;75;75;75;74,TRUE
301,4,20801116,15d7c5d1a75566b713e9e13b7babd901cc82b4903843e0f8f7572e0cee5240af,91;91;90;90;89,16;16;15;15;15,75;75;75;75;74,TRUE
301,5,20811116,f2d2edf952fd02817a3a0595aabbb584f6d66e13ac27897366aee946cc4ae638,91;91;90;90;89,16;16;15;15;15,75;75;75;75;74,TRUE
302,1,20771117,35d51923b6780f5a5fa5e16712282e28f692061abd020e5cdd5fd5e5f6f12521,81;80;80;79;79,70;70;70;69;69,11;10;10;10;10,TRUE
302,2,20781117,41cf32d91cc665c1e1dcab8c2c3568f23153ddb72939e7591dc4e3aad17c1a65,81;80;80;79;79,70;70;70;69;69,11;10;10;10;10,TRUE
302,3,20791117,c016613e7cf1db1035d7f0f550b9196ec7a64633c7da4335f8a8c9a6a6042c59,81;80;80;79;79,70;70;70;69;69,11;10;10;10;10,TRUE
302,4,20801117,ec738f66f1853e29df6701b720da5922669da82297c9b8efbb32cbbe1a717a8d,81;80;80;79;79,70;70;70;69;69,11;10;10;10;10,TRUE
302,5,20811117,43dd3dee799e155de80613f6439267aac84aecfccc92ed86106a27b02c352acf,81;80;80;79;79,70;70;70;69;69,11;10;10;10;10,TRUE
303,1,20771118,ce80eb6a9eeee43bde288c93dcc0d3d997222fe5f604d2b184ed15b9375a6ca9,89;89;89;88;87,11;11;11;10;10,78;78;78;78;77,TRUE
303,2,20781118,611ab3891da3896a202db25741a38f16e6776d0b1318ad60c2da1df31f451f30,89;89;89;88;87,11;11;11;10;10,78;78;78;78;77,TRUE
303,3,20791118,be71cd8d88d7b934acd2b856dddf8ac4e98797e32c33a885d30a7b221ed09653,89;89;89;88;87,11;11;11;10;10,78;78;78;78;77,TRUE
303,4,20801118,cc0a8d6d17fd39858a50ff9ab23e075079d1e5affc4a4f2aba427f10ade76e9f,89;89;89;88;87,11;11;11;10;10,78;78;78;78;77,TRUE
303,5,20811118,788d1a837c98a8b9a699e79dc5f5883c22985dd7a6756ca192da5c7652576dac,89;89;89;88;87,11;11;11;10;10,78;78;78;78;77,TRUE
304,1,20771119,69072630e2c9d39b4bcfcfcaf6fbf9433c98eec04eafe0069dd38dac5e781ac5,89;89;89;88;87,22;22;22;22;21,67;67;67;66;66,TRUE
304,2,20781119,571873cb542dd9309a1f8deb1d92ebf633ef6be6489dfd4d93e1c68a35148c00,89;89;89;88;87,22;22;22;22;21,67;67;67;66;66,TRUE
304,3,20791119,14f09499bc435fb174e6e0464ab5a888b304b7983c18392c8f395a6dc60eb337,89;89;89;88;87,22;22;22;22;21,67;67;67;66;66,TRUE
304,4,20801119,b3d5437487424140ecfac12029198a1a45d5a12551ded39ac14cc27f656882af,89;89;89;88;87,22;22;22;22;21,67;67;67;66;66,TRUE
304,5,20811119,fc20a3b89471b964b2778f4d85ccdd6e8858ab5956e90e5c886eb3bd32f269df,89;89;89;88;87,22;22;22;22;21,67;67;67;66;66,TRUE
305,1,20771120,a9c665221afe5a5999d0496a6a3c8b5ee17d361928efe4f8ab0b2a5a93f1f1e6,89;89;88;88;88,61;61;61;61;61,28;28;27;27;27,TRUE
305,2,20781120,52bbc06b870acf390204e9ee25a57d4c5815973856e2ffb336ec3475c5b3e77e,89;89;88;88;88,61;61;61;61;61,28;28;27;27;27,TRUE
305,3,20791120,bc9479f8a669863298cbd49a5ffdbee1e10e3229ff1f53c9e68b46cf062b7724,89;89;88;88;88,61;61;61;61;61,28;28;27;27;27,TRUE
305,4,20801120,864fab6e1823dd7a9e1dc4a3d21fd4f5f5b2d93eea089c1a4c0ba19fb5bb1af0,89;89;88;88;88,61;61;61;61;61,28;28;27;27;27,TRUE
305,5,20811120,3c9d7537da049359bb3a43baf9fbbe8f2f9175b9343ca28a278324f855611eb8,89;89;88;88;88,61;61;61;61;61,28;28;27;27;27,TRUE
306,1,20771121,664677431a0c2ce821efa2ac03ac7a43a2b1ef81305bf3fe4a393daf89e30d40,89;89;88;88;88,48;48;47;47;47,41;41;41;41;41,TRUE
306,2,20781121,40a296b722f7b3a9d76c3c6d5c3a2aaa3cd3c39eb53d68f49ba09e5ee51bc35a,89;89;88;88;88,48;48;47;47;47,41;41;41;41;41,TRUE
306,3,20791121,2a4162df94d940e9cd98dfdc5684d8cd8b993f5fe49a4b00032b24fc70da7369,89;89;88;88;88,48;48;47;47;47,41;41;41;41;41,TRUE
306,4,20801121,c5ac88ba127dd2627ce9277b6ec10ceb560f8e4d00c67ccee2a35900a28383c9,89;89;88;88;88,48;48;47;47;47,41;41;41;41;41,TRUE
306,5,20811121,1a9b63ced5b9177674cbc604ade05b612575bdca29814c15bbb8de7156c4667f,89;89;88;88;88,48;48;47;47;47,41;41;41;41;41,TRUE
307,1,20771122,8da47d385cd8e583d1ff13467644a58e92e62568f4717425f0b201cdaadc8c60,89;89;88;88;88,10;10;9;9;9,79;79;79;79;79,TRUE
307,2,20781122,5308dad4ab4968b3913f2adb6818d5e715ce5ca04855faa5dbe7a5dc6107de52,89;89;88;88;88,10;10;9;9;9,79;79;79;79;79,TRUE
307,3,20791122,5369074dc53d52b771f66b22cdb0aa6ba35f76b9ec1c68ad68053e411023f05e,89;89;88;88;88,10;10;9;9;9,79;79;79;79;79,TRUE
307,4,20801122,11fcf43e520d5bf238ab57663439658b00f6db5d54509e741047c07cde130dc2,89;89;88;88;88,10;10;9;9;9,79;79;79;79;79,TRUE
307,5,20811122,f5f1293e7617360a6a47cbcb45cfd00f4768e62bafd108c12baf6f24eb654d07,89;89;88;88;88,10;10;9;9;9,79;79;79;79;79,TRUE
308,1,20771123,81ebd8c0f277287e98b09d47022f253047d3c34493e7f23d6eb9a2e51f20cd2d,89;89;89;88;87,76;76;76;76;75,13;13;13;12;12,TRUE
308,2,20781123,191a07d991b1d5c659da39fa5917cd06a37dbf73d4e6df343235acb5b7a31793,89;89;89;88;87,76;76;76;76;75,13;13;13;12;12,TRUE
308,3,20791123,055aadef650ae2258a6fe7974646cb8726153e4c3e017f530716796ad4e4c1c9,89;89;89;88;87,76;76;76;76;75,13;13;13;12;12,TRUE
308,4,20801123,ebda2418cd6b8d2f556df157fa48cda41e64f66d50eddbabb2d469228ea0058a,89;89;89;88;87,76;76;76;76;75,13;13;13;12;12,TRUE
308,5,20811123,607e19fa0436532dbc4a1185153f83d2d3bf86dadba91d6b1f57fee49d4cb8dd,89;89;89;88;87,76;76;76;76;75,13;13;13;12;12,TRUE
309,1,20771124,90241aa60b84e00457d8a02ae0e0402fd5c366a5d3f9d587f17b8cdd6e369d5b,90;88;88;88;88,17;16;16;16;16,73;72;72;72;72,TRUE
309,2,20781124,b48614c13bbd8715ff597b6239b42ef87e593f27f767ad5b84f7be9f89300fe3,90;88;88;88;88,17;16;16;16;16,73;72;72;72;72,TRUE
309,3,20791124,756f851f5ae27fe1230b1a214c83d57decb3545e092851ee19fc6b96c9f3533b,90;88;88;88;88,17;16;16;16;16,73;72;72;72;72,TRUE
309,4,20801124,327f648915a1f656a0e3edab923b810f1c48cd08e8bc02fe294191d28af8490e,90;88;88;88;88,17;16;16;16;16,73;72;72;72;72,TRUE
309,5,20811124,203eb5d6b0a2244f86034926b044250bb06c5ed66c907250d571e96626f05c38,90;88;88;88;88,17;16;16;16;16,73;72;72;72;72,TRUE
310,1,20771125,5fd832c8423b14fc2518048a7849abbc3cf4deb0637bb533c12dca27a051a58e,15;14;14;14;13,8;7;7;7;7,7;7;7;7;6,TRUE
310,2,20781125,807d866a04fd07faf077035a56de69e52881bf53ba2d7320fe0aa9ec3ac01659,15;14;14;14;13,8;7;7;7;7,7;7;7;7;6,TRUE
310,3,20791125,2c1262bd2b9615ec1cc68c2f3141cf6acf16427ce85d098636fcbdeef35ef5d6,15;14;14;14;13,8;7;7;7;7,7;7;7;7;6,TRUE
310,4,20801125,f8b9e3944c2545b8f2fd2cca6c1115205e26636699bf78d6625b2d59b89321af,15;14;14;14;13,8;7;7;7;7,7;7;7;7;6,TRUE
310,5,20811125,79c5f506e37e9a3ca0da319d90a24df441c17ba6f6cc678e3e1e0321e8b581e9,15;14;14;14;13,8;7;7;7;7,7;7;7;7;6,TRUE
311,1,20771126,12491bd178f112745fb29d9fb3aaa21df0d0f691822e817b9e8fe4bdede34b98,31;30;30;30;29,5;4;4;4;4,26;26;26;26;25,TRUE
311,2,20781126,29336bb0fd81a82238b50f982738e2f5bc3667140bccc5e824f1b3f97b5dcab5,31;30;30;30;29,5;4;4;4;4,26;26;26;26;25,TRUE
311,3,20791126,bf001a4bb4f71e57a14d81a6e12cdf27b7fa03c450d081e710c44aeea50dfef8,31;30;30;30;29,5;4;4;4;4,26;26;26;26;25,TRUE
311,4,20801126,d738000a9e4de78450ea7dc15029e888e22d5dd0decdf41b728f908637fc2623,31;30;30;30;29,5;4;4;4;4,26;26;26;26;25,TRUE
311,5,20811126,442c2d8f58156fb87593b32ef673e7836df26406ec0db926ccabb2509f439f6e,31;30;30;30;29,5;4;4;4;4,26;26;26;26;25,TRUE
312,1,20771127,cdc91c68024c1ecb963077c2572d4a8e50dcfad82d2b64a5db919092ca7b40d3,31;31;30;29;29,24;24;23;23;23,7;7;7;6;6,TRUE
312,2,20781127,722f6c90e4bae1136c9efdd735e40b325bc9d8a73a68aa2ba27c65790c68fdbb,31;31;30;29;29,24;24;23;23;23,7;7;7;6;6,TRUE
312,3,20791127,923ae803997291da4cbddc52636ed018386b4a1b36e175d865741d3f25365434,31;31;30;29;29,24;24;23;23;23,7;7;7;6;6,TRUE
312,4,20801127,9e28cc8a5f6e307789c7c7fb803e36b66ffca9ed8356b413d449e3fc3afbfb68,31;31;30;29;29,24;24;23;23;23,7;7;7;6;6,TRUE
312,5,20811127,0641d12681914f97194c6b5ed6b0806c5a23b15e4cc402e2b518332cc89f6bdc,31;31;30;29;29,24;24;23;23;23,7;7;7;6;6,TRUE
313,1,20771128,d7b7135e6bf15d370687116f0e36b5748e04cdd9a9a8c773c82d5b3e1683ae80,31;31;30;29;29,21;21;21;20;20,10;10;9;9;9,TRUE
313,2,20781128,0460db66d8e51e799ae2ce1c2eebee05391e066c5dfcc5b989ad4f5ecdee45b4,31;31;30;29;29,21;21;21;20;20,10;10;9;9;9,TRUE
313,3,20791128,693fcdf572b75c67f2f76d8ab3791b3fbd7391c3f7c0c7769087f9a3cf297c73,31;31;30;29;29,21;21;21;20;20,10;10;9;9;9,TRUE
313,4,20801128,e6e20d4c78736a5acca82314da2e66070258627a8f15a90bed0640c24b9d78fa,31;31;30;29;29,21;21;21;20;20,10;10;9;9;9,TRUE
313,5,20811128,b47fda5dab939e423852d7bcf9c8a12e448b551ee5923d653da134aa8df9974d,31;31;30;29;29,21;21;21;20;20,10;10;9;9;9,TRUE
314,1,20771129,8f2cce9a8af4f856deecf94efa4b32269a55dc6ff8839c91491b916697d693cb,32;32;31;30;30,5;5;5;4;4,27;27;26;26;26,TRUE
314,2,20781129,dd6fd7a9c50112e946d909f338ba0995337d5fc2b6692b499548f45c76e53404,32;32;31;30;30,5;5;5;4;4,27;27;26;26;26,TRUE
314,3,20791129,fcb4352d832f482f7bc5929f6a09c51690ef8ed5322e09204198c1ad2da731e6,32;32;31;30;30,5;5;5;4;4,27;27;26;26;26,TRUE
314,4,20801129,21362a7eccf4f356bf4bcfe5664995b17b57959439169f5abdae2fb5af9d66a2,32;32;31;30;30,5;5;5;4;4,27;27;26;26;26,TRUE
314,5,20811129,2a6c7a0e24e6ba0ba1e114c9445ee11c62bccad8af4f6a667168899e965841da,32;32;31;30;30,5;5;5;4;4,27;27;26;26;26,TRUE
315,1,20771130,7337545549a925b9fee597e51f9814c5cece75922396d5f5ebcda22b525cdb3b,33;32;31;31;31,11;11;10;10;10,22;21;21;21;21,TRUE
315,2,20781130,a68aa15a8e71e51d6c148ab68720298d57202fa8cdebc106174293cae94de075,33;32;31;31;31,11;11;10;10;10,22;21;21;21;21,TRUE
315,3,20791130,944b43c480332048df7e231f966d629e24edce37524a3d725f3399d72b04a64e,33;32;31;31;31,11;11;10;10;10,22;21;21;21;21,TRUE
315,4,20801130,45fac35eaf824732bac587973968235c418defe30a3b23d5d528e4090c187b9c,33;32;31;31;31,11;11;10;10;10,22;21;21;21;21,TRUE
315,5,20811130,b0e13e7982be02176a0b0ed39defb3b345f59825c557abc7c67f33677365a539,33;32;31;31;31,11;11;10;10;10,22;21;21;21;21,TRUE
316,1,20771131,192a50976a0e117616987bf759459689575dc6e3c27fd733340ca7db746b9475,73;73;71;71;71,8;8;7;7;7,65;65;64;64;64,TRUE
316,2,20781131,dbe3b81e4ef06f6a0c21deab9ceca5b6d15cbf4a0c286185af205010c0f3723c,73;73;71;71;71,8;8;7;7;7,65;65;64;64;64,TRUE
316,3,20791131,25893271d67fd3fb893a4478e3e519194b94c352699ad5dcc4258c9cdbf83e5c,73;73;71;71;71,8;8;7;7;7,65;65;64;64;64,TRUE
316,4,20801131,29d32a227b239962f1d61ebbc0816cbe5f34d917ed98198f22417f7380cf4b32,73;73;71;71;71,8;8;7;7;7,65;65;64;64;64,TRUE
316,5,20811131,c26a28e6eda1d1598f25fbafc38ddb3757fa8106567f0f22b32d4450e5c94aa8,73;73;71;71;71,8;8;7;7;7,65;65;64;64;64,TRUE
317,1,20771132,d48cb9d4b83a4922999c478c498b5db5adcae90a0bf94023d7ea13a533e22d9d,72;72;72;72;71,10;10;10;10;9,62;62;62;62;62,TRUE
317,2,20781132,6b726ddbc927063097b914cdc74dafd9f03902d984e23f2a7cdd55c884a94742,72;72;72;72;71,10;10;10;10;9,62;62;62;62;62,TRUE
317,3,20791132,9a183508a43e7c939d45a2bad726915b252a971c89f96428d3fea64181ab1d3c,72;72;72;72;71,10;10;10;10;9,62;62;62;62;62,TRUE
317,4,20801132,5e91cda45302e29d8077404044f86f25cc36c16659483f09f225fdc5b22cd570,72;72;72;72;71,10;10;10;10;9,62;62;62;62;62,TRUE
317,5,20811132,b9d07f3504529398839a7a13a31f2d185bfe55e7f73714bef74a4f865138aed7,72;72;72;72;71,10;10;10;10;9,62;62;62;62;62,TRUE
318,1,20771133,1053f6c319d1ae5881e277c5320698136c7ce20b1542a167c08e2ea0d918db84,73;72;72;71;71,25;24;24;24;24,48;48;48;47;47,TRUE
318,2,20781133,ea64ab225fd3b5cac0dae475c21d6fd18551dc242eb19701d7303ae79cb4edae,73;72;72;71;71,25;24;24;24;24,48;48;48;47;47,TRUE
318,3,20791133,64f3e337c30be8c162848efc395575635ab37675361d866e8702a9f962eb1881,73;72;72;71;71,25;24;24;24;24,48;48;48;47;47,TRUE
318,4,20801133,6945fc8e888c831b1a263db363ed470e3006f8a31a0c9627ff8ae34e17a28b10,73;72;72;71;71,25;24;24;24;24,48;48;48;47;47,TRUE
318,5,20811133,c57d0a2ed0edefff1c6bdbfa813ec8f3f8ff0b129450606f0fe719d2aaa51c15,73;72;72;71;71,25;24;24;24;24,48;48;48;47;47,TRUE
319,1,20771134,749571d1592d67040ea4fe6ee404ab402e88ab10b321fb6385b5b78afe06e312,72;72;72;72;71,10;10;10;10;9,62;62;62;62;62,TRUE
319,2,20781134,d02a173756bc8adc8a60e9955298a474cd66a671918a92ea431ce34a7571143e,72;72;72;72;71,10;10;10;10;9,62;62;62;62;62,TRUE
319,3,20791134,7e579104512b3cc351fa3b5b85d82687537672ab152121b4bb0e462741327188,72;72;72;72;71,10;10;10;10;9,62;62;62;62;62,TRUE
319,4,20801134,0f591c8df3c7d7c380f91da37313abfaf6b3baf919cb87e5acfbd5ca9c5ab422,72;72;72;72;71,10;10;10;10;9,62;62;62;62;62,TRUE
319,5,20811134,8cd37ccd60dae8ebeb277f0e37b86b187bc4047cafd209083549aea5ac27933f,72;72;72;72;71,10;10;10;10;9,62;62;62;62;62,TRUE
320,1,20771135,18f917b243ef57d4f707daf8252b5a5c0dbc106fd6c6edb40f9617a8048fb051,73;73;71;71;71,15;15;14;14;14,58;58;57;57;57,TRUE
320,2,20781135,9a1b570e0d6fb4a97cb728ae1823dfdb683d53d4c9f4de84ac333ce63d3a8f39,73;73;71;71;71,15;15;14;14;14,58;58;57;57;57,TRUE
320,3,20791135,d32aae661ff39d07641fe01dd62d1fc1098bb6da3c9adaf98581873cb3a03db2,73;73;71;71;71,15;15;14;14;14,58;58;57;57;57,TRUE
320,4,20801135,73e78f1152b4c5e129e7cb3d281adb80c2c3bd7830fa0622005658ce84d63478,73;73;71;71;71,15;15;14;14;14,58;58;57;57;57,TRUE
320,5,20811135,fac5114ecea9746b579206ce8ff7c1741dddd5ed1c8b2c4ea4231dfff258cb01,73;73;71;71;71,15;15;14;14;14,58;58;57;57;57,TRUE
321,1,20771136,be90ad216103160bbeb286a158cfe5edf4548bd1f31390b4aac04770d70bc8f4,72;72;72;72;71,26;26;26;26;25,46;46;46;46;46,TRUE
321,2,20781136,f9b0e55d2136aa76270d155665144b47bce42e9f20a1e091c189aeac7ac02757,72;72;72;72;71,26;26;26;26;25,46;46;46;46;46,TRUE
321,3,20791136,1484d87728361b922d9336234f43a7af652cf34a22c8eb03d675818e23e663af,72;72;72;72;71,26;26;26;26;25,46;46;46;46;46,TRUE
321,4,20801136,0826ecdc3c54bcc8c8394076eab6c3b4ab758fa6d224a7610f1bb69323db4e73,72;72;72;72;71,26;26;26;26;25,46;46;46;46;46,TRUE
321,5,20811136,157a8423fe672ec162bf79d933c6f43e26818e2d50dfe0d9d2ec393d2fef8e1a,72;72;72;72;71,26;26;26;26;25,46;46;46;46;46,TRUE
322,1,20771137,d5a2763a418ac7a49344364722a0acbb8d3e44b3451d76088753bd243ed632f6,17;16;16;16;15,7;7;7;7;6,10;9;9;9;9,TRUE
322,2,20781137,ff5a0962563726db9b6afc354e49b95e209a64862d58b52fb85dea980afd00a1,17;16;16;16;15,7;7;7;7;6,10;9;9;9;9,TRUE
322,3,20791137,88a97f1c5ba247e1ed94647a63f586c8d34a231643bd189a2c11299b4fc7a518,17;16;16;16;15,7;7;7;7;6,10;9;9;9;9,TRUE
322,4,20801137,a78f329cb742023bbdf2b7101316823a1afb3e743715e87647d8b4aa2c0114a3,17;16;16;16;15,7;7;7;7;6,10;9;9;9;9,TRUE
322,5,20811137,e309cd17c4c369eb19eaf151bd93046767210aed1b2735f05eec8031a53ffc3a,17;16;16;16;15,7;7;7;7;6,10;9;9;9;9,TRUE
323,1,20771138,33fd3ebce1c8e3a2365a885ddaec123947659add8bc91540acd10331a4e6c3c4,22;22;22;20;20,6;6;6;5;5,16;16;16;15;15,TRUE
323,2,20781138,d9e63aca5d83b498bfb4d8521c5c81d3a0e1b80ca63459ff4b4e6cd3d70cb988,22;22;22;20;20,6;6;6;5;5,16;16;16;15;15,TRUE
323,3,20791138,771453efc1b5e5e5b5612429f2ec47d4e4dc1efb725411919ddcb5be72fed03e,22;22;22;20;20,6;6;6;5;5,16;16;16;15;15,TRUE
323,4,20801138,3faff214d3faec914ae882f437d77c0e553329d8feb1d2b18c817f0ec2435f15,22;22;22;20;20,6;6;6;5;5,16;16;16;15;15,TRUE
323,5,20811138,34440fa491f954946c4991ab65cdcfbef3d0b1516caae45d66f90f06d364b469,22;22;22;20;20,6;6;6;5;5,16;16;16;15;15,TRUE
324,1,20771139,4693ee07d3c61a71ec292ddda3bc3cc2394154fca7575017e6da7205e33e880e,22;21;21;21;21,5;5;5;5;5,17;16;16;16;16,TRUE
324,2,20781139,602045dd69bd0460290dcb75a2f97a46c82a9a02abd1b0630a9c12d749f4f1d0,22;21;21;21;21,5;5;5;5;5,17;16;16;16;16,TRUE
324,3,20791139,9baf6e53d0ec853586b6379fe8ef937203934cdd4f34eecd163b87a7c730a4c0,22;21;21;21;21,5;5;5;5;5,17;16;16;16;16,TRUE
324,4,20801139,ae99b8ebb91b019426cbd9b64b46e793109a6828a7fc17eb2f897da8d8f425d9,22;21;21;21;21,5;5;5;5;5,17;16;16;16;16,TRUE
324,5,20811139,524aea9a8c6c51f8da4ecb3a21ac5528bcb0b133986c9459b49cd479e108ffc4,22;21;21;21;21,5;5;5;5;5,17;16;16;16;16,TRUE
325,1,20771140,56ca50a366a90c5edfa5ef7dde704cb6fb8175315b1240e0394ea8a731f6159c,22;21;21;21;21,15;15;15;15;15,7;6;6;6;6,TRUE
325,2,20781140,291dab6ca26a4074a7b0c36788ee065ce2a59812a98dcbfb71dcdc152adf53d8,22;21;21;21;21,15;15;15;15;15,7;6;6;6;6,TRUE
325,3,20791140,5ad4f2ea42460a320257051c8df16d1a48d19d46e1263f68f61ffa12821db286,22;21;21;21;21,15;15;15;15;15,7;6;6;6;6,TRUE
325,4,20801140,e0e55ae354c22b6f5daf1d34f25918c569f2c6c1eb89c155b92bea80f40f7294,22;21;21;21;21,15;15;15;15;15,7;6;6;6;6,TRUE
325,5,20811140,15355e3ab68345d52d0b676897174b9655fa563a3b432303e8e6fc7b72158b1c,22;21;21;21;21,15;15;15;15;15,7;6;6;6;6,TRUE
326,1,20771141,e32d8732c98406489c28f4bc1de35065c87eaab7f89426e78cc150e7da1ddb42,22;22;21;21;20,6;6;5;5;5,16;16;16;16;15,TRUE
326,2,20781141,c402fdf0838a2ebb8a510abc8c00b1b9999cfc3e8c64b468bbac8c1ef810a1db,22;22;21;21;20,6;6;5;5;5,16;16;16;16;15,TRUE
326,3,20791141,b88c40ad08abeca7db4d5bb065c9b3c4dc0ebc4a8d2777da774fdff1cf848796,22;22;21;21;20,6;6;5;5;5,16;16;16;16;15,TRUE
326,4,20801141,fe34f970c4077c096174d45c41eca94deb27cc7bcf5ead88050a1689cb159edd,22;22;21;21;20,6;6;5;5;5,16;16;16;16;15,TRUE
326,5,20811141,2fa6e88ba0fb9eeb8f4cf7b6d67030798fd9c7a9d214d816df8c7e960282a5a4,22;22;21;21;20,6;6;5;5;5,16;16;16;16;15,TRUE
327,1,20771142,249abc2ae99e0940c0996dcfd72cf6bb4a4f5b94e4fbf818424e313d78a0113e,45;45;44;44;44,29;29;29;29;29,16;16;15;15;15,TRUE
327,2,20781142,5a63bc5397fd40621209c89a383b2478c3fdc5f70c15434f687f7e4353182524,45;45;44;44;44,29;29;29;29;29,16;16;15;15;15,TRUE
327,3,20791142,71c4dc2ca8affde11f0554f78432f896f954fc9e7d40ef0e1bef5cdd832af88a,45;45;44;44;44,29;29;29;29;29,16;16;15;15;15,TRUE
327,4,20801142,f37f32bd1dbb662ac9be3a46d9d8c4d58d46e7961a9f03e4b3b149de07f7ed57,45;45;44;44;44,29;29;29;29;29,16;16;15;15;15,TRUE
327,5,20811142,e246e566fe4394ed39b9247def026f36dbda4dee8b65337097c3f9d02493c25b,45;45;44;44;44,29;29;29;29;29,16;16;15;15;15,TRUE
328,1,20771143,ad666b09b8cd256cb416aab50a634ee90006d63f15b2ccd5efc3dcacffc675f8,45;45;44;44;44,5;5;5;5;5,40;40;39;39;39,TRUE
328,2,20781143,46e07e55df70286bb7d7118e97627ce4dab629d01443c0347f912e8b7fad8b51,45;45;44;44;44,5;5;5;5;5,40;40;39;39;39,TRUE
328,3,20791143,ea6c7a3d3edb2d3e3df3603d5d911e0a769d2d03c94dfed42b303d856700fb35,45;45;44;44;44,5;5;5;5;5,40;40;39;39;39,TRUE
328,4,20801143,c7e36217358ba7fb0bb5d92aa0cc89ced1892b9916b24427c7c856ee43a40055,45;45;44;44;44,5;5;5;5;5,40;40;39;39;39,TRUE
328,5,20811143,df5f0d373148978be1c4ed005ce695161c888a72d1bac6e079911193aba33a3b,45;45;44;44;44,5;5;5;5;5,40;40;39;39;39,TRUE
329,1,20771144,314b9b87fd2fff43a520e96fb0662427ab665bc088df786b8c0b2e505a01ea65,46;44;44;44;44,18;17;17;17;17,28;27;27;27;27,TRUE
329,2,20781144,1778f927498ac5ff1e016ef4ba04b552f50daf9246fd4e506f440b04a5356275,46;44;44;44;44,18;17;17;17;17,28;27;27;27;27,TRUE
329,3,20791144,61acd3b875f99ccda2f1e07160b954458014a2983278878612ff5aafe5f21dba,46;44;44;44;44,18;17;17;17;17,28;27;27;27;27,TRUE
329,4,20801144,6574fe2ace480993ffec44f762b2466684e91152e5a90a2691c62628d8a9ca1e,46;44;44;44;44,18;17;17;17;17,28;27;27;27;27,TRUE
329,5,20811144,cd4357aaa13ad8b83b2ac19bb7bbb7b9f5fa677de00c1e292abb2bc16b2ad846,46;44;44;44;44,18;17;17;17;17,28;27;27;27;27,TRUE
330,1,20771145,04131415e09fce9f874fbdb6519ddd98c8259be1543837d744ff65e13dcf77a4,46;44;44;44;44,30;29;29;29;29,16;15;15;15;15,TRUE
330,2,20781145,c514f6be4db9a58c5e98c1bf14a8274b6b37c74afacb8014b6aedc032ce3d296,46;44;44;44;44,30;29;29;29;29,16;15;15;15;15,TRUE
330,3,20791145,36fdc1a9ea9ccf3d4ff8a86056bff61833eda0c3c30b40a54d24d3c976e389bb,46;44;44;44;44,30;29;29;29;29,16;15;15;15;15,TRUE
330,4,20801145,169798bc8eb27207c4d2ed841b0f36938eeeaec13c098e9b9c4102141add984e,46;44;44;44;44,30;29;29;29;29,16;15;15;15;15,TRUE
330,5,20811145,5e1f444ec20574531b092ea1964347e802c27ec19d34bbd2e55fe5f302ff4075,46;44;44;44;44,30;29;29;29;29,16;15;15;15;15,TRUE
331,1,20771146,e9d3efeee3d725dd747873efa50d27d1c7ae72240444cdead5abf7a82d391b30,63;63;62;62;61,43;43;43;43;42,20;20;19;19;19,TRUE
331,2,20781146,082178119b9cdf2e42de3b29075f2731066258b1717b92cb4a04454a9f091fb4,63;63;62;62;61,43;43;43;43;42,20;20;19;19;19,TRUE
331,3,20791146,ff5c57ab3314a8d17e6e067ea5aa1542ec7e522fe16fa9760d01f8735a23e85b,63;63;62;62;61,43;43;43;43;42,20;20;19;19;19,TRUE
331,4,20801146,718787e20bcb55836d3d071132cd30fefe7e607e25f30227f54162e1b25d1ca8,63;63;62;62;61,43;43;43;43;42,20;20;19;19;19,TRUE
331,5,20811146,aa5a2808db03c0dacbca03491771cf0ca69d65fc8d1c84d37dd832e9cf51b1b0,63;63;62;62;61,43;43;43;43;42,20;20;19;19;19,TRUE
332,1,20771147,c00d8880e5d7186d677b34aa8db22ce0f081d8c92cbc1fe964bc7c544c253385,65;64;64;64;64,14;13;13;13;13,51;51;51;51;51,TRUE
332,2,20781147,6818676e8b8b0a2ce0c292a370472f85bea8f0d0d6c1fd0ace2d28130b4a69e1,65;64;64;64;64,14;13;13;13;13,51;51;51;51;51,TRUE
332,3,20791147,0a3d29f35c9f3ab8845e252962d27817903039c5db3284260a0bf2c6eed41737,65;64;64;64;64,14;13;13;13;13,51;51;51;51;51,TRUE
332,4,20801147,e61e9ceb902fca559bf5d733ed1a9ef34a4de0d84c382bb8e783ba2ec32f11f9,65;64;64;64;64,14;13;13;13;13,51;51;51;51;51,TRUE
332,5,20811147,0092424acad481659e1cc2ef78a415fd822a9fa7a57d7c6d3d68207116b7f665,65;64;64;64;64,14;13;13;13;13,51;51;51;51;51,TRUE
333,1,20771148,c57ae1ab494a3c0025407f0ac23765fbadb5d0ec348c9c0ed2268bb911cba3ab,65;65;64;64;63,11;11;11;11;10,54;54;53;53;53,TRUE
333,2,20781148,a52a6b72313f406cb3537b190e832cfd6e43a24f18579f17094f9a531e3b7c0f,65;65;64;64;63,11;11;11;11;10,54;54;53;53;53,TRUE
333,3,20791148,60a0f33c26bb22df713366e2e9c5332d44c29d84dc3aea5654cfd33eb93510ae,65;65;64;64;63,11;11;11;11;10,54;54;53;53;53,TRUE
333,4,20801148,0bef4a458d4d9dd457d41a876b58e4aa29c934edea8d44ebf48201d53b63e491,65;65;64;64;63,11;11;11;11;10,54;54;53;53;53,TRUE
333,5,20811148,042bdb55e4522f86c083c4d9ce596938439c8e18b50801d4d337a5dbf8f14c7d,65;65;64;64;63,11;11;11;11;10,54;54;53;53;53,TRUE
334,1,20771149,54cf0e8737452f5896aa698b608a6054edf6006e4f8bcc3f0bca43038db24d65,65;65;65;63;63,25;25;25;24;24,40;40;40;39;39,TRUE
334,2,20781149,b096987b0e57eede4b0fcff10b6ef93cd08383a1ad55cf6a9eb4d01955075ef0,65;65;65;63;63,25;25;25;24;24,40;40;40;39;39,TRUE
334,3,20791149,96ab8aca5eade959b8d96be3c05e3fbb16181671c0cf95668e504b0f4f7c3b9d,65;65;65;63;63,25;25;25;24;24,40;40;40;39;39,TRUE
334,4,20801149,ce973a59b27ca87d01a7fc94205ee459c16b4a0257ce8c2b70ad1203c4a84c7a,65;65;65;63;63,25;25;25;24;24,40;40;40;39;39,TRUE
334,5,20811149,26ea33a4e70e829ffa873e98b3e204353274e447191d1dd694bc6191260ad6c4,65;65;65;63;63,25;25;25;24;24,40;40;40;39;39,TRUE
335,1,20771150,0d9940dab89ac17f2995b605c407be630e08c4a0f8b0260591b8527af123b9d8,65;64;64;64;64,26;26;26;26;26,39;38;38;38;38,TRUE
335,2,20781150,fa4d54eab5de05e9942fd39f7202d6a7153396b47dd48d04e38ea4a704e01ca8,65;64;64;64;64,26;26;26;26;26,39;38;38;38;38,TRUE
335,3,20791150,ae7b4cf8b219ac5498a28e83e2815b001cae78d363cb637c739f8c97dc670669,65;64;64;64;64,26;26;26;26;26,39;38;38;38;38,TRUE
335,4,20801150,4faed23586041ec8bc61b537dd128291321f368b8fcecd87abcc8976e0c8bc61,65;64;64;64;64,26;26;26;26;26,39;38;38;38;38,TRUE
335,5,20811150,4360e40dcf3a5b870610e4a8dc749d128d842a16211f4fafbb87143ef90d0c8f,65;64;64;64;64,26;26;26;26;26,39;38;38;38;38,TRUE
336,1,20771151,3ef9938655ea496167c1f8fa1888b3a3d3093e56b16dc266e8c9bb665cc6dbbc,65;65;64;64;63,38;38;38;38;37,27;27;26;26;26,TRUE
336,2,20781151,28aab65b3e8987290ed7714fe21a25fe16167a677999b718d06564e5a4e7f172,65;65;64;64;63,38;38;38;38;37,27;27;26;26;26,TRUE
336,3,20791151,01ccb6479d4b5e719fbd3b62a80e795e8d4d68c4586aa7f32bb59a15e7342e73,65;65;64;64;63,38;38;38;38;37,27;27;26;26;26,TRUE
336,4,20801151,8d1f15e56e57738611ff0a7ec3f91e880c4fae922612d343a09f6c3dc9de997f,65;65;64;64;63,38;38;38;38;37,27;27;26;26;26,TRUE
336,5,20811151,138ff38b64f95f9a616e96f4cc9efc48829a26e98f831162a28e56c384440355,65;65;64;64;63,38;38;38;38;37,27;27;26;26;26,TRUE
337,1,20771152,45328d5390062ae0924e6b0d83a8a59f6f8c7918b4247765aabd0d9e04a92dd9,65;65;64;64;63,18;18;18;18;17,47;47;46;46;46,TRUE
337,2,20781152,bb99d1184f141bfe0cd45082d3623d4a764c6c413af63baa8ac49419bce22664,65;65;64;64;63,18;18;18;18;17,47;47;46;46;46,TRUE
337,3,20791152,971ba12cc23d5d5273e2a6b10eb6c121cb6fc2ec499a1eed41372c5485aa5360,65;65;64;64;63,18;18;18;18;17,47;47;46;46;46,TRUE
337,4,20801152,7e5385bd91de37341d369a4e8ba8fe9a9c2685b02aa058eff0facf0dc3cb54a2,65;65;64;64;63,18;18;18;18;17,47;47;46;46;46,TRUE
337,5,20811152,9d880bbde14c118514b480476e7d375e58100b65cd67044a23936fb724d4f70b,65;65;64;64;63,18;18;18;18;17,47;47;46;46;46,TRUE
338,1,20771153,f79d168e3752b78dc6ba3f5719640dcc8f324555ec0928ee90e5410a3a7c2edd,65;64;64;64;64,36;36;36;36;36,29;28;28;28;28,TRUE
338,2,20781153,2202886b0d576eb28a35734d00c9d1c4b418b75985b66bd13fd702f721478346,65;64;64;64;64,36;36;36;36;36,29;28;28;28;28,TRUE
338,3,20791153,8be8c0987d6bc5f86936d4ac1484edceb375a04fd0ec6d706a93fa6a0cf2282f,65;64;64;64;64,36;36;36;36;36,29;28;28;28;28,TRUE
338,4,20801153,41b886d075ff3174e8865d7815e9d21be182439bf7b4b84a334384ea281a730f,65;64;64;64;64,36;36;36;36;36,29;28;28;28;28,TRUE
338,5,20811153,ec46d0288fc4b3399418e33f391a53fc635ebac2f51deeaaf8f58301097d8839,65;64;64;64;64,36;36;36;36;36,29;28;28;28;28,TRUE
339,1,20771154,5573ad9d550319e458842eeb19247e062ff4aa55843481f28dad37858d17e4c0,65;65;65;63;63,24;24;24;23;23,41;41;41;40;40,TRUE
339,2,20781154,c68c46987ba8c33ebd9f8a68e7a100492fa0614bedb2563b8f62cc357ccc23df,65;65;65;63;63,24;24;24;23;23,41;41;41;40;40,TRUE
339,3,20791154,728a266fa77410771258f81a80daf6fb7937c8bce80be718d21f1902b4799d07,65;65;65;63;63,24;24;24;23;23,41;41;41;40;40,TRUE
339,4,20801154,d1e144e658939d525ff9e5da23a4f74a4edeb5784af910fe6ed6c6cc84703a7e,65;65;65;63;63,24;24;24;23;23,41;41;41;40;40,TRUE
339,5,20811154,e1eae15b48861bb7a7565e478ddc78e8eb0d3558a4104b040e7bb501f9b0bf77,65;65;65;63;63,24;24;24;23;23,41;41;41;40;40,TRUE
340,1,20771155,b2c8674fa8a64aa620bdb180f46fb404b14b15d1cfeb6d3a826940095fd55240,29;29;29;29;27,11;11;11;11;10,18;18;18;18;17,TRUE
340,2,20781155,b93322990c9d6e47acfd9bcf65fbe4342392badc481efcc9263fed97dcd9e390,29;29;29;29;27,11;11;11;11;10,18;18;18;18;17,TRUE
340,3,20791155,448cfecbc486e1fb60adb54d9f76f13ca8e45254bdc9543dc77761016eb778e8,29;29;29;29;27,11;11;11;11;10,18;18;18;18;17,TRUE
340,4,20801155,10455e796a49dea872626257f1e3dea670bf6cc7dc36ba5425178cfb1d06a1b5,29;29;29;29;27,11;11;11;11;10,18;18;18;18;17,TRUE
340,5,20811155,0a047be982a8a0cfbf3302d868f6e9420d9fa6fe6e1c395dd34b1d9656a2efe8,29;29;29;29;27,11;11;11;11;10,18;18;18;18;17,TRUE
341,1,20771156,a03f0c8081f66e0fe8a9d503aa95d5184f23782e420feeedfc3ff55d403a7075,93;93;92;92;91,13;13;13;13;12,80;80;79;79;79,TRUE
341,2,20781156,1a4661378b5e926d0afb72db44a2d515fba34a9e2ff679b344f602b6f3b5c05c,93;93;92;92;91,13;13;13;13;12,80;80;79;79;79,TRUE
341,3,20791156,640f909820d6feef6afe41594bd3137e147003c569fbbd92bf84c8355dec0e57,93;93;92;92;91,13;13;13;13;12,80;80;79;79;79,TRUE
341,4,20801156,36d6083af9e26bd84aa96cfee211ed128c85c482dd12ce9fdef91160958b5dac,93;93;92;92;91,13;13;13;13;12,80;80;79;79;79,TRUE
341,5,20811156,d7324be3871cb9dbf38e6282fe74a64da3d1a3471804696c494feb1ced9753db,93;93;92;92;91,13;13;13;13;12,80;80;79;79;79,TRUE
342,1,20771157,9dec98e7e0b47687cd437680e3c42460e4e135fc6f97bce5ad2827df38bca268,95;94;93;93;93,5;4;4;4;4,90;90;89;89;89,TRUE
342,2,20781157,e5b0301408fb5df8d618bab1e0d4055cc2688e52b6694afb0d8d222fe8a30f11,95;94;93;93;93,5;4;4;4;4,90;90;89;89;89,TRUE
342,3,20791157,46071ba031e275b1871db7be85a3509b0bb2a1373ffcf4bf4a60c045457a5612,95;94;93;93;93,5;4;4;4;4,90;90;89;89;89,TRUE
342,4,20801157,f0ba3a69e67341fce293d93f4c887b037bf8ff23d774311c4a42639d9a982dce,95;94;93;93;93,5;4;4;4;4,90;90;89;89;89,TRUE
342,5,20811157,d4f1d7bd03fd404b0ab086d0835986a313fd00cda71a2ee3a9d8d2ffeb4f671e,95;94;93;93;93,5;4;4;4;4,90;90;89;89;89,TRUE
343,1,20771158,0352485b0fee809411e5196c664c8c407ee3abce7111e1ee98e2ef13b7aba928,95;94;93;93;93,80;79;79;79;79,15;15;14;14;14,TRUE
343,2,20781158,b55c1efc17afe47314c2ab7ffcb1feeced3573067d3bbf7fbc8e1495428be491,95;94;93;93;93,80;79;79;79;79,15;15;14;14;14,TRUE
343,3,20791158,74d4650c5e37d55c10468d700338de03a6fcb45462fa79e6c69a51f9b1bb58c9,95;94;93;93;93,80;79;79;79;79,15;15;14;14;14,TRUE
343,4,20801158,67c448c6cf92813b492fe8bda1174cd80fbe7f66b2d840ae611c65925d532e8e,95;94;93;93;93,80;79;79;79;79,15;15;14;14;14,TRUE
343,5,20811158,804bed3554623c36aced3d0a45afe6b92d9064a65586caf5bb53550bd8feffb7,95;94;93;93;93,80;79;79;79;79,15;15;14;14;14,TRUE
344,1,20771159,2c8f31ef5cd2ba0b247cc5ed702eec6c3eba922ef0d37a5c65ccc5fdd8aa71a0,94;94;94;93;93,12;12;12;12;12,82;82;82;81;81,TRUE
344,2,20781159,a75b540c00fa23a91976e3b296ca04ef68e9ab0236c88a83ff11d310b105fee8,94;94;94;93;93,12;12;12;12;12,82;82;82;81;81,TRUE
344,3,20791159,c98581b1f0a1b61eeafd1e7ba99b8d6acc76a1b5d8d654c519e4619a3e962144,94;94;94;93;93,12;12;12;12;12,82;82;82;81;81,TRUE
344,4,20801159,777ae4e602aacd9e0b7f5c90fdd76e102de3c64abd1701614fa0b53a901b09b5,94;94;94;93;93,12;12;12;12;12,82;82;82;81;81,TRUE
344,5,20811159,1ef1f58fe4e0d4e73414702dbcfaad5cf71fe035d85ab6d42df119523726e844,94;94;94;93;93,12;12;12;12;12,82;82;82;81;81,TRUE
345,1,20771160,be4ccf569a6e3675ab9475eb5b4bf239f740a6db1b958154698138922264f85a,46;45;45;45;44,27;26;26;26;26,19;19;19;19;18,TRUE
345,2,20781160,e0b9af05ce94b41d7fb9588a8dfdf88f6bc6960e544472fdc95e26097183f882,46;45;45;45;44,27;26;26;26;26,19;19;19;19;18,TRUE
345,3,20791160,63295e726532edfa66948ce4e48cad894411c6535f8741dcc10bd9410f045dd0,46;45;45;45;44,27;26;26;26;26,19;19;19;19;18,TRUE
345,4,20801160,18200b070054bee3aefb837b12525666c2e5934851791f4184fe444c4e92fb55,46;45;45;45;44,27;26;26;26;26,19;19;19;19;18,TRUE
345,5,20811160,30b1904d855a1fd6a9c89d29e6d2074ce4cd1abe70b8feb74d30f9e474f33dd6,46;45;45;45;44,27;26;26;26;26,19;19;19;19;18,TRUE
346,1,20771161,69e5ed013d6aa6fc89538c8a125864d25ea6b407cc2379566040189fde87cc1e,94;94;93;93;93,27;27;26;26;26,67;67;67;67;67,TRUE
346,2,20781161,d68ab8a7ac03087b9dcaa62449d2146122cac835c09171c500b51c1ed5405877,94;94;93;93;93,27;27;26;26;26,67;67;67;67;67,TRUE
346,3,20791161,c518bc903e13806a93421e2a177836a11f2368faf2659049deb22012b64cb296,94;94;93;93;93,27;27;26;26;26,67;67;67;67;67,TRUE
346,4,20801161,93e09ebd0e634670bac0d77529f9e76fd079b1bd2a41f0d5f51461bfcc4f0d65,94;94;93;93;93,27;27;26;26;26,67;67;67;67;67,TRUE
346,5,20811161,14ce1391cd1ac2724749d08795877951500f9803c3fed357341c69ea4baa1166,94;94;93;93;93,27;27;26;26;26,67;67;67;67;67,TRUE
347,1,20771162,8e3acf22d4b435591ea13a8c2fe8eca6fd31f51248ceb1c76f8501ebcc1d5178,94;94;93;93;93,23;23;22;22;22,71;71;71;71;71,TRUE
347,2,20781162,e79aa1f3b04f058d404c371df163af408f88940dc440b1660f00f3d252630528,94;94;93;93;93,23;23;22;22;22,71;71;71;71;71,TRUE
347,3,20791162,85c9a8fc2a5cc79d5f25d3aeeafe7344845c335e0fc71574e0dcff81e797cd33,94;94;93;93;93,23;23;22;22;22,71;71;71;71;71,TRUE
347,4,20801162,9a110ce15f2dce8df4fa0fee2b7e7fcd198a17343f2d0b33ac2409f8597751fd,94;94;93;93;93,23;23;22;22;22,71;71;71;71;71,TRUE
347,5,20811162,265d82bd9bc84fe411fe4818e14e5bb122614039769c0c3a19e4303bbe2d3632,94;94;93;93;93,23;23;22;22;22,71;71;71;71;71,TRUE
348,1,20771163,384483a1df0c3cee6cb7b04d3110687fbc8a2574e2be708bd9dba448ae25fdaa,94;94;93;93;93,37;37;36;36;36,57;57;57;57;57,TRUE
348,2,20781163,d9c7628b6345bc2204e1442bea7d5a3accbc979687115d774aa18b089044c429,94;94;93;93;93,37;37;36;36;36,57;57;57;57;57,TRUE
348,3,20791163,b0b3dffb65a1057c805f7cdc9f157a62687850fc6b40dc1112cbbe4656ba3d67,94;94;93;93;93,37;37;36;36;36,57;57;57;57;57,TRUE
348,4,20801163,0efa7ee0f93ca1dccc1953b01d1b78e12b5d1bb2853b8a74d16abcc52f097c69,94;94;93;93;93,37;37;36;36;36,57;57;57;57;57,TRUE
348,5,20811163,4c45ec8ae5aec0bae5f5adef56501a579f4ef8bd5fabbfb1f4068c76238b712e,94;94;93;93;93,37;37;36;36;36,57;57;57;57;57,TRUE
349,1,20771164,8d7a13a1db9ac5372d46a64a22ed05ee45fa8afaa81764f6f6f4b7f81aac00cf,94;94;94;93;92,10;10;10;10;9,84;84;84;83;83,TRUE
349,2,20781164,fcc99bc2e57e92ad120c7264d46b55dfbd424380875186089fd03a7d64b305dc,94;94;94;93;92,10;10;10;10;9,84;84;84;83;83,TRUE
349,3,20791164,6d3b31e8dd676b47da11ea639d2dff2403f66813df238f267d5947d3e92bbee2,94;94;94;93;92,10;10;10;10;9,84;84;84;83;83,TRUE
349,4,20801164,69babdf01fdfad0af2b76f1ba1a7eec390a1aa1b2820fb0c3a47007a0c481140,94;94;94;93;92,10;10;10;10;9,84;84;84;83;83,TRUE
349,5,20811164,e21873a087a85ffd1be0ebb78666add6d3d3709e9c07ba29e88937029c7ac70b,94;94;94;93;92,10;10;10;10;9,84;84;84;83;83,TRUE
350,1,20771165,58fed670c32192befcfffd54dff8c9123c0095ec92aee347bf7e48654b3118a3,95;93;93;93;93,88;87;87;87;87,7;6;6;6;6,TRUE
350,2,20781165,d47256c61d65d93d82cb69ac965b057452c7a9da0d0be7a1b4d03abf549df2c5,95;93;93;93;93,88;87;87;87;87,7;6;6;6;6,TRUE
350,3,20791165,36c9890bb96cd955b4098bf79d2f8234c9fa2ce3e01a67c111a4ed78331ed46b,95;93;93;93;93,88;87;87;87;87,7;6;6;6;6,TRUE
350,4,20801165,5d33ae5788f0fe31edd9e9650e341be5a9337c0f1a42860dfe4cbcdd9f88f9f0,95;93;93;93;93,88;87;87;87;87,7;6;6;6;6,TRUE
350,5,20811165,f9effe776f0bc95e30a7b4a60417c5be593ff41e83a0601546e27f3db8e5041d,95;93;93;93;93,88;87;87;87;87,7;6;6;6;6,TRUE
351,1,20771166,a1763e8774bc43e596119880842dd2defb0bf07014f5bad5c344704491e335ec,95;93;93;93;93,55;54;54;54;54,40;39;39;39;39,TRUE
351,2,20781166,6a709a8b454ecbeccf74bbbf34cfc7f8b35486716c230b38c4fe26ad484c6534,95;93;93;93;93,55;54;54;54;54,40;39;39;39;39,TRUE
351,3,20791166,9b271a91d8893442b96014fd427f1193ef528684a60b9bb4a81544ec396ef3b9,95;93;93;93;93,55;54;54;54;54,40;39;39;39;39,TRUE
351,4,20801166,385e3d328f6fbebefda18d2ff968e43939b698cf6fdfcd5af955a4801b44118e,95;93;93;93;93,55;54;54;54;54,40;39;39;39;39,TRUE
351,5,20811166,3088065b3b57947a2ae0ddcfe2ae7d0dcb383d446a8c5cc66a297cdcf4a72d64,95;93;93;93;93,55;54;54;54;54,40;39;39;39;39,TRUE
352,1,20771167,342c141ad280aa857d74eb32dfa6e921d3664dd07ebb6da997f6625d43841e29,94;94;94;93;92,13;13;13;12;12,81;81;81;81;80,TRUE
352,2,20781167,83ab7388587d43eb025ebb53ac5d57384b81adc4aea48f12e5894b4ab715f334,94;94;94;93;92,13;13;13;12;12,81;81;81;81;80,TRUE
352,3,20791167,78db3dea98c83fcb2e86e51601592ecf16b02787b20e0b42e8728025fa4da7a6,94;94;94;93;92,13;13;13;12;12,81;81;81;81;80,TRUE
352,4,20801167,a606134569d7bfb2248de8c85f35c34229c75b6f659fbdf2ea4ec7177d80802e,94;94;94;93;92,13;13;13;12;12,81;81;81;81;80,TRUE
352,5,20811167,e478ec4db2f17a57be22693ce3894fb6e585fede8f767f6311e9dcd0cc5fc036,94;94;94;93;92,13;13;13;12;12,81;81;81;81;80,TRUE
353,1,20771168,8c72416fda0aad497ba3db8047d1d66ff03e974caed574b49d8266ae978914e4,94;94;94;93;92,44;44;44;43;43,50;50;50;50;49,TRUE
353,2,20781168,426ec8acd8f86029f53a53e91e5bf2c5c183e5c7011ebfa48de071056ea09c8b,94;94;94;93;92,44;44;44;43;43,50;50;50;50;49,TRUE
353,3,20791168,355085799ce44800efc2c23c9306d6d81f6f49923a9653a8cf179c8f5dee3f8d,94;94;94;93;92,44;44;44;43;43,50;50;50;50;49,TRUE
353,4,20801168,0edb11d6df32da88ddfbf683825a4431952028102c36492ca19d6881beeefbbe,94;94;94;93;92,44;44;44;43;43,50;50;50;50;49,TRUE
353,5,20811168,b269b3e473e9071c05370d4996bcf7e678d5dc6deeaa4547ed0c910e22290adc,94;94;94;93;92,44;44;44;43;43,50;50;50;50;49,TRUE
354,1,20771169,f0faa5dc5d6491c07b8a5a5b79d115e578ec1b0a20e3e2d046bea0b8d57391f6,94;94;94;93;92,46;46;46;46;45,48;48;48;47;47,TRUE
354,2,20781169,d03d303628ebad29dfcc861cab192b07632da1af9a777e18fc93e745a5624426,94;94;94;93;92,46;46;46;46;45,48;48;48;47;47,TRUE
354,3,20791169,be5e5e6bfc2c265854a70d363fa8aeb5f080af264193174112d35d830c261eb7,94;94;94;93;92,46;46;46;46;45,48;48;48;47;47,TRUE
354,4,20801169,fb482c31f101303b9afd3b9906318893306cff739a637dac1d72b1ae5d5a034f,94;94;94;93;92,46;46;46;46;45,48;48;48;47;47,TRUE
354,5,20811169,ad83e938666f909e39855d11eed00ea6fd57c2a1b41561de5b178a6172b9b7fa,94;94;94;93;92,46;46;46;46;45,48;48;48;47;47,TRUE
355,1,20771170,87a48452ef97df64973980e8955f9034f137513253908a8dc98f558288cad2e9,11;11;11;10;9,6;6;6;5;5,5;5;5;5;4,TRUE
355,2,20781170,58b352f70d4645f0a2941f050edb367b2d850b83ff39ed20e8d29b02817a83a9,11;11;11;10;9,6;6;6;5;5,5;5;5;5;4,TRUE
355,3,20791170,5339b9e5fd6c2527de2827dedcceb8dc4f52405be8e889cf3a761b8ed98dc73b,11;11;11;10;9,6;6;6;5;5,5;5;5;5;4,TRUE
355,4,20801170,297066df0a0e45f8c388fb84b21bfd59befa6da1c88bbeba95bedf2d36966b22,11;11;11;10;9,6;6;6;5;5,5;5;5;5;4,TRUE
355,5,20811170,4afb182cdff6b2789b2e0dd860b0e60d3706f7f9e2f74aa8be4f54b87e4f9b8b,11;11;11;10;9,6;6;6;5;5,5;5;5;5;4,TRUE
356,1,20771171,b5a7b9eb76710141a486fdb73295f8d532d5b7f2a00b664b64f7527f0b9c6c94,11;11;10;10;10,7;7;6;6;6,4;4;4;4;4,TRUE
356,2,20781171,757bcbbc88336532465193041504ef94ef07fb66619ecddfbcdc225f91dca2b6,11;11;10;10;10,7;7;6;6;6,4;4;4;4;4,TRUE
356,3,20791171,ef2f5b8bac3ae1e3d1fa2ced67cc57e25c71fdc7b7fbd0acbc1ff2d828907fd6,11;11;10;10;10,7;7;6;6;6,4;4;4;4;4,TRUE
356,4,20801171,f4e9472635cb474677f0b001d5fb3b90fff6ce9bd92f8f81138e5b78160a0663,11;11;10;10;10,7;7;6;6;6,4;4;4;4;4,TRUE
356,5,20811171,a7eb6bfb5130ae50c131bcebf724fd52087048798af21484577d2083bf806e0e,11;11;10;10;10,7;7;6;6;6,4;4;4;4;4,TRUE
357,1,20771172,b0361b34d2a68537ce59f8ab7d29c15b2fc43d3082e5726feda71bc74e55e9b0,82;82;81;81;81,,,TRUE
357,2,20781172,33a3db8a43726b6871c8a42732462f31dd1b7ab7080d1413e7d0ebc98abceb6d,82;82;81;81;81,,,TRUE
357,3,20791172,79b67f09c234f71e2ed92af8a4a0afe31e00bebed825596c7d721056dd5e6b2a,82;82;81;81;81,,,TRUE
357,4,20801172,178924d16d73d5df1353d325f29b92dc6945afd80f82cd291d7f98e1185fd5c3,82;82;81;81;81,,,TRUE
357,5,20811172,6c4f0a2ea7497a9539d0d2111cdee8def4f2a0dfa1723f4609f1dfb7f07231c5,82;82;81;81;81,,,TRUE
358,1,20771173,a79e1d2ac9068039f7df3ae0bc09e4f7f1e9059dfc80aec3a40eb4f4a14d1f65,82;82;81;81;81,,,TRUE
358,2,20781173,f9c762d679aa9cda1762070238b45fca2e6009b68c08a73b6183900c6ef9e852,82;82;81;81;81,,,TRUE
358,3,20791173,9eddd390c1d880a7f55af62b31affa318df4874bfcbcf979811946f134d95c57,82;82;81;81;81,,,TRUE
358,4,20801173,21e8845ea83895ebf652a6835b234c51932a09caf68920d03313f590dd04fb38,82;82;81;81;81,,,TRUE
358,5,20811173,c7f1ce42ebbfdf3aedd2bef89fd681c7a91309251c639da504c63db7cbe6370b,82;82;81;81;81,,,TRUE
359,1,20771174,46834c534d4a07780438d00bc974dbdb43d3164ffee2735ddeb4c9fce4afa1e3,53;53;53;53;52,,,TRUE
359,2,20781174,b46450d832a370f6568904304fb9c0d5e3cdff4148904cf3dbf352b82efd88da,53;53;53;53;52,,,TRUE
359,3,20791174,588359c20d5dd5f044a35afd5d17e309df389828a314678bf0ecbe043ee567b2,53;53;53;53;52,,,TRUE
359,4,20801174,d1ffb1ade08b50b27a34f68c1008b573fa05b8d2532937b24a6b7a52d79ec1de,53;53;53;53;52,,,TRUE
359,5,20811174,1a78fca569c040f08b7bf217b830e06c06850a092e5d64870412fc2f00250804,53;53;53;53;52,,,TRUE
360,1,20771175,4651f053c1f3a5f16720390406f4cc14ed4aa37e7d729aee204862811f4ea5cb,53;53;53;53;52,,,TRUE
360,2,20781175,ff2a590aa772c37ea8a32002a2d153be61af102e141c8284205b658c0e57c1ed,53;53;53;53;52,,,TRUE
360,3,20791175,2e711d46cb77e236bf7485504a560500e16fa2e4e74c511ea7019d8657d03b94,53;53;53;53;52,,,TRUE
360,4,20801175,349b9554dbfce668bc28f11af405e16c2f98eed085dcd4128fa968facdd7f5fa,53;53;53;53;52,,,TRUE
360,5,20811175,bd3cb417e4aefcbf9bfc13ff3c17ca0aad2190a6619f8eb5fc2da2e4048ac706,53;53;53;53;52,,,TRUE
361,1,20771176,fb21d122f1871ee6a0c34377eab235d79bd9108030569e9a92980c44b466484c,97;96;96;96;96,,,TRUE
361,2,20781176,409da13864f720d142b811e5bb2e15d5be22e0ce6875527fdfe4f967eb0387d2,97;96;96;96;96,,,TRUE
361,3,20791176,77ab6e323337f75f395976b3ea3b5c44dfb96c42a590afb13add8de486034a4d,97;96;96;96;96,,,TRUE
361,4,20801176,3fd1aa5612460b824099c6ee5a300c0591eb31f8a81170d69e758862955179e3,97;96;96;96;96,,,TRUE
361,5,20811176,542e91be9b8e35c885d561974301cb79a8b7f1c35bb4014daff145ab8b564939,97;96;96;96;96,,,TRUE
362,1,20771177,d7473ee39f950d4ebb0d358b5895024f03a95e0e117fe5c5dfb03e140327b7e4,90;90;90;90;89,,,TRUE
362,2,20781177,ad8d00dbfb9aa0228772d6a397e7499fdd071f1d38209dc35a5d341897ac9a44,90;90;90;90;89,,,TRUE
362,3,20791177,f5f703f4e3626042f4b952a7e9644daa6a729977c7b7f523a6d40ee01c67db2f,90;90;90;90;89,,,TRUE
362,4,20801177,a276af83e58756af1c686be0dd0fee476892a51a9452ec724e126755f7f648ef,90;90;90;90;89,,,TRUE
362,5,20811177,753458af828e62fc4d55147c796115f6fd95f78642f9773512231c19635d0f32,90;90;90;90;89,,,TRUE
363,1,20771178,dfb2ead0cf10fac261b2e0970597549c93ce0264e0bb4947b08498e13f7bc1e8,90;90;90;90;89,,,TRUE
363,2,20781178,a42eaff660cb2e00df46489ce3b9e908b8078a1bedc8485800eeb33b9277c4b2,90;90;90;90;89,,,TRUE
363,3,20791178,f262dca961025b0f879238c288c181c9ab6a440896ab88aab73b262a529fc4cf,90;90;90;90;89,,,TRUE
363,4,20801178,9a170fc70669fb3fb1d35d333f8cdb4bd4f1d196b514a5e7dc2b57dd49d7eac2,90;90;90;90;89,,,TRUE
363,5,20811178,7a275b502af9406782bea0c5a06a9ace1f89b59ce4302e5519a5178e866bd606,90;90;90;90;89,,,TRUE
364,1,20771179,aad394e7ccdd54e7e4d44fb6f748c85bc70bc89d9bc29e2385268ca7c669c9a5,19;19;19;19;18,,,TRUE
364,2,20781179,a27d6af3655a18df18e688aa5b44544855b8428de517ab4245ba8b9b0ed1a3cf,19;19;19;19;18,,,TRUE
364,3,20791179,40ef5073e8e0c4b61e1e64d0416d9736019628fe0eb709f615671c1c89bf2850,19;19;19;19;18,,,TRUE
364,4,20801179,dc1bb0d7f17d4fc94dd392176bb666edf88ea53c2573cb9dfcbdc4d5d3da8342,19;19;19;19;18,,,TRUE
364,5,20811179,b37812c499849831fa1ed2b5edebfdeff1f493c73290d543ad7150d7a3a47253,19;19;19;19;18,,,TRUE
365,1,20771180,1af72cd63ba40001e1432ab5e7d47d86cad5cf79ed4b7edd4f24f885e81afee7,48;48;48;47;47,,,TRUE
365,2,20781180,80a2d0987f26d6fb043a1ee65c8313207e0785e46ec7bec56b927bdaad5b6ccd,48;48;48;47;47,,,TRUE
365,3,20791180,85baf6e2b50e5d54356a77174bd6c341be6031f7b695e21b70ce9b1fc5f975d4,48;48;48;47;47,,,TRUE
365,4,20801180,099765fd833032cbd66f95dc432025bdecd6ad66a62ddf5d86dee1868b562707,48;48;48;47;47,,,TRUE
365,5,20811180,265ca5da03e3e83fadb3f50f7be504dd74141c73bf7c9d69889edd3c4d5dfcb8,48;48;48;47;47,,,TRUE
366,1,20771181,f189826a835c2689bb402b8463965a799c74da2223864a3820fd536e3f8457b6,71;71;71;71;70,,,TRUE
366,2,20781181,678d6c5ecb28c82350927971d487e2e864611343e07800147798fa169328c54e,71;71;71;71;70,,,TRUE
366,3,20791181,99b3bef2c135d6da3e7ae5d096eb5d03c1342bc0011bec0067e801446ad4c392,71;71;71;71;70,,,TRUE
366,4,20801181,ffa25066fb81a5177b9b89aa9cc1045dbc716f8d5df975ddfe435e64776eab21,71;71;71;71;70,,,TRUE
366,5,20811181,62c3a085cc1b07342ef048d1ad3812f6161b39e8ebeb9491e16f7c4d93d3bacd,71;71;71;71;70,,,TRUE
367,1,20771182,950c208d98a97f3689450673e7c0906743bdbef3c991e2439d03451acb258624,71;71;71;71;70,,,TRUE
367,2,20781182,7b92da3cf5ead8920686d79ca075498c8445b41ebf6be6de62b5b99701ba13dc,71;71;71;71;70,,,TRUE
367,3,20791182,88849053f143cffa0d8a1b00c7a2981e63058fffb03779a1d556ff4aa95203db,71;71;71;71;70,,,TRUE
367,4,20801182,7cae3639e4a00d117580fc1eace06c7ef057c6c09602d310920433d5fc20ab75,71;71;71;71;70,,,TRUE
367,5,20811182,09452a5a020b8f809f38633dd46bef0ccbd8342866d7adfa2b120291a05add67,71;71;71;71;70,,,TRUE
368,1,20771183,e8f6ae45d37b6e068bc7b6c9e1c632718d7b0d301e9e7ec8dd644555e9f9e414,20;20;20;20;19,,,TRUE
368,2,20781183,1802dbd7c8dfeee3de28c9f319a6538e46f3ceac1d388b7a901be42baa453df6,20;20;20;20;19,,,TRUE
368,3,20791183,b59231f0fb77dd86d2ef11589ffd8882cb352940ed57db2e3502f73c74e9d849,20;20;20;20;19,,,TRUE
368,4,20801183,02add83d19cffd39cafd20692eb4f67a245f33cc3aeb48a9a80978da13458644,20;20;20;20;19,,,TRUE
368,5,20811183,716beb7a7abb459cd805149146416d4f7dd9a484b54c0c516510da6d195054aa,20;20;20;20;19,,,TRUE
369,1,20771184,91d439fa9ed4983a880631990a9a1754b9901cebed9bdf4d4c519a229a7fe2fa,96;95;95;95;95,,,TRUE
369,2,20781184,5465aa30a1dc6f940638cd942adcdc5ea73243fda1212b24909bdaf4b651a19b,96;95;95;95;95,,,TRUE
369,3,20791184,a0e841f343c1b14c3321a28e21e0e9892b5375f224f00c3f491b558b28d49a11,96;95;95;95;95,,,TRUE
369,4,20801184,2a00d2382898fe06b0100a54a440ccf32d0ab34e54ed04bc5124630fb3936bf7,96;95;95;95;95,,,TRUE
369,5,20811184,7da0c1be6f7356aa1b2f355d5da74a31350c2764ea34b0857b797e2c0a6dfe94,96;95;95;95;95,,,TRUE
370,1,20771185,73ba8f93f7ea39293c8d0b7d2e5129288109d7273caba53b1c531e4e047448d6,96;95;95;95;95,,,TRUE
370,2,20781185,408d18856b3137664f19fcacac61c95b7a0b33c93a5df8b4ddc310100f10896d,96;95;95;95;95,,,TRUE
370,3,20791185,462374bbbd9fb6e7d4c6350f07c4da448d497600d167cb9b79c1c5cd64674631,96;95;95;95;95,,,TRUE
370,4,20801185,ed999de916d9559cd18d08acc7dca0fc948bd3f5c183882c78efbf728fce6528,96;95;95;95;95,,,TRUE
370,5,20811185,dda9fbf7f64887cacacd1213cb98c2372a8c9395892e0f2bd57f9c0fb4a825b0,96;95;95;95;95,,,TRUE
371,1,20771186,fb7c822a5be0ce2a05a4d493a72d65cfb8f0606c450152d7b4edb63029d3f5a0,13;13;13;13;13,,,TRUE
371,2,20781186,fb2f95f05ffaa2628dadb14d81c9aec3545bee54ad05b2f8c9c7c19f6ca3954a,13;13;13;13;13,,,TRUE
371,3,20791186,4ab2a2261a0306bac494d945907a7122440a27794ceb77cd6deda203152703ed,13;13;13;13;13,,,TRUE
371,4,20801186,42ebcd4c43cfd7904a36e5989e83a0fdeea7277b29feafc6319c0077e66b785c,13;13;13;13;13,,,TRUE
371,5,20811186,2dae7b5b2c8b43fc12ef3b9ebac68764aa22c7d764f8fb7b553142f6ca60d2bf,13;13;13;13;13,,,TRUE
372,1,20771187,3d890bbf12caf247a482802222ddfab9a8d3de1fab10af31c4fc124e4882cb64,98;98;97;97;97,,,TRUE
372,2,20781187,2a0d0687b5dbc1924e350cd0d0f6f31c875135f3acf44cbc0be09821835c6628,98;98;97;97;97,,,TRUE
372,3,20791187,bf71226b7df6996037fcca9a8b46ec56f66b9ecc515851025b57182824a64750,98;98;97;97;97,,,TRUE
372,4,20801187,bd00a75edef63866b0d014c75d6f972a1196ea942449b0fa3711695e7194267d,98;98;97;97;97,,,TRUE
372,5,20811187,4556e7c4e667b881ffe7891f28aa8a4d4f180dfb9befb63dfd18811b67fdac86,98;98;97;97;97,,,TRUE
373,1,20771188,b33893b4bdf5d2c0cac7f68a385bb9754193baddc56613475a6cd091c160f615,51;51;50;50;50,,,TRUE
373,2,20781188,bb444e9087d49b56ea175cbf4a7ac98a96a1c27064cbce0efb71f52c4998259a,51;51;50;50;50,,,TRUE
373,3,20791188,9a3e7a370bb93372d02320ac3d4db8eafc37001fa2b4c8c332480b264c507d70,51;51;50;50;50,,,TRUE
373,4,20801188,f8e7b7c03cacb8f5ce508416fba1a691b53c290db2315dd9e57c6906f1811860,51;51;50;50;50,,,TRUE
373,5,20811188,5540e2d802c91ff2933f0e24972f524549e33ed714ade96c2a5b15301be231fb,51;51;50;50;50,,,TRUE
374,1,20771189,a2f3d2d512dd9a283b8be96717a2aca84d4a57d229201a1cd104eebf6e018427,31;31;30;30;30,,,TRUE
374,2,20781189,52385682480b483888621bc80f4156ff5d723f55fd41a87a3405c747a3a9c12e,31;31;30;30;30,,,TRUE
374,3,20791189,f4b6e7cfea0439390a91511270a899a42db1ffd147fbef2c53c13929b7a51ff6,31;31;30;30;30,,,TRUE
374,4,20801189,610567dce1cf4e52bfdcb91fe39a1d3782bbe1abbf2678a73b1f7703f836d683,31;31;30;30;30,,,TRUE
374,5,20811189,34f916ee9fb2844371a1a47bf5ec7f1fda54e579a4f38ab93a76c221acc7b5a6,31;31;30;30;30,,,TRUE
375,1,20771190,926018c6beec14c0a23ee28cec638862d1e613ef89922710fa18af8f9a564e78,78;78;78;78;78,,,TRUE
375,2,20781190,a6faef42cf9cba89c086f60f00703bebf78d1f0db9a179656c6221cf03cbeb07,78;78;78;78;78,,,TRUE
375,3,20791190,50256d28a051219d442544b7176518f333a825ae28cf3b4c29c618c0af54ba89,78;78;78;78;78,,,TRUE
375,4,20801190,fc157fcb42d7074abe920cb6459b1539a6b2f8c7756debaffb800f50b992b267,78;78;78;78;78,,,TRUE
375,5,20811190,fa76dd4a462f59ac116729f17a1ef32b8b943ea1919b25de08c3c17a4890f3ae,78;78;78;78;78,,,TRUE
376,1,20771191,1258b5b297f124deb04a8a902ea76ce958027796d309ca2da7b087bbe72f5f62,82;82;82;82;82,,,TRUE
376,2,20781191,f0cb039a2b823339f5fbfc3bea67e4c1ce25757f55ed7297128ba6f445634b45,82;82;82;82;82,,,TRUE
376,3,20791191,83b2edfdc0ac00ce3424ebe4dc9fb19b26ebb303c2d2d1b26df271f63f09b233,82;82;82;82;82,,,TRUE
376,4,20801191,bbd2031e9925a412b557d6a96d05ab35d5246678a1eefb684ee4b29a1f62a9ac,82;82;82;82;82,,,TRUE
376,5,20811191,e5cc0918b82813caa15d188434afc514f9dea139f9c30e6707619db0377cdd49,82;82;82;82;82,,,TRUE
377,1,20771192,ea4cd62a1abfbc3a52f7e43e31024db3ee80541a7cb551c07223bf416639bb75,73;73;73;73;73,,,TRUE
377,2,20781192,1d4625ec69383b527b712a3da333ee48b61b1b020c462dfdd9bfe15e6fc01223,73;73;73;73;73,,,TRUE
377,3,20791192,26f53755a2b7b357e439d4a95f88ad86303db7dff0e673b23ee214863c1439aa,73;73;73;73;73,,,TRUE
377,4,20801192,80cd615ee070df3885d2a7a7d4cc0a572f040bf6656ac4c825759bb8ec3fad5f,73;73;73;73;73,,,TRUE
377,5,20811192,c84d94d725abbc469c9771541844b81b3893195d7de9d95f0ec002b2b544a25b,73;73;73;73;73,,,TRUE
378,1,20771193,5f615dab1ab3baa560faee1d03e00ed7b743ae094705af0b32182e60150f7f94,74;73;73;73;73,,,TRUE
378,2,20781193,e36ac003368604efb641175ab377806252480cc1227040db9de246b4a572a126,74;73;73;73;73,,,TRUE
378,3,20791193,8087debcb9f7968bd331c56f9030ad3f762b6d4b1ab389093df2d80b7352f17f,74;73;73;73;73,,,TRUE
378,4,20801193,1d59cda6eabce19ce4885f4ed6754de8ba71cdfec9106551ec60313c1147568a,74;73;73;73;73,,,TRUE
378,5,20811193,a3ead0391f15862087cc4448802e9e75b3ff636f0ed5421526767d9368712fae,74;73;73;73;73,,,TRUE
379,1,20771194,3692e6e13f28b687b25aeaaeb7f2ce03899394a162ac5e6771e102dcb6b5eb17,30;30;30;29;29,,,TRUE
379,2,20781194,4afc7ab0e8d61687e04e8ae1c1b814fce1f9d004c7989ab0f81d55bef4fa08f2,30;30;30;29;29,,,TRUE
379,3,20791194,7eeb50b671514a3b9d45ee9bbf8485fcf1f555fbb98aedbcc59bcacffd9f126b,30;30;30;29;29,,,TRUE
379,4,20801194,64e5c5963eb62ac40e58a1110c9d965d2edabf76ca301db7dec3b5e239f927cb,30;30;30;29;29,,,TRUE
379,5,20811194,86f039a06d9e0367a309a986f376cf226ca6f0c8fb0a85640554c6256003f1b5,30;30;30;29;29,,,TRUE
380,1,20771195,1eb2028de3f7bbac35bb56d4fac3abf0df9a6106c8e64aacdac58b9f12fc972f,11;11;11;10;10,,,TRUE
380,2,20781195,9e73c472a223d0f47a726eb9c8d1f35dc7532975c90202d24af1c2c0a8ac9618,11;11;11;10;10,,,TRUE
380,3,20791195,95970d1fc4c9b68f7ea1c971fafef9c546b56da8d150019ba1c22a83088a14ca,11;11;11;10;10,,,TRUE
380,4,20801195,dca15080fa5ac4ea6b40faaafd2ec957853982467895e3eadfa9478a6a31a1c9,11;11;11;10;10,,,TRUE
380,5,20811195,9c106bd93bcb3db0d66707a9c8a91bd6dba8380570e7b324c2288a325eafba17,11;11;11;10;10,,,TRUE
381,1,20771196,83bb65cc95621b681977d0e6db7b56f8018a512ffb9f4af21fff6dd9a0932cbc,11;11;11;10;10,,,TRUE
381,2,20781196,0fc55eb594f3ef0dc31a49e6c935e4da3cbfc525dddbe481b380cae87dc909c9,11;11;11;10;10,,,TRUE
381,3,20791196,e47777eaff26db5d33cf9c1b2404ef00c3db4533928bfb05df7ae6df8129293c,11;11;11;10;10,,,TRUE
381,4,20801196,bf47aeac8288174103de95d4774d4a7efca8fd217f436be297fed461415a4b8f,11;11;11;10;10,,,TRUE
381,5,20811196,491bb56e53ee008b86f72cef73afe6387b15bb1adee645782b9624d05038cadf,11;11;11;10;10,,,TRUE
382,1,20771197,7348f21b913da1fb0d04de6a5005b5efa8cefe83db367d4daaad5e565002c531,11;11;11;10;10,,,TRUE
382,2,20781197,73cb092ab6999005688a04a73a0dfeff61cd92aa15f0c2b898a15b14b70ab119,11;11;11;10;10,,,TRUE
382,3,20791197,6557de6353364ef506c6638addaaed8ff10f3b50f8d4fd60c8e277c835ce7fd2,11;11;11;10;10,,,TRUE
382,4,20801197,6e508e293ff920df9756d9c8c4558e235d33a3352c7abd6cc93f3f0cbd13c301,11;11;11;10;10,,,TRUE
382,5,20811197,b2f590f3390c659b7f2ad2e6c6959343a02f9cfe56d2993a4ef32ed22c307a8e,11;11;11;10;10,,,TRUE
383,1,20771198,2739e6cf0a7ac2105d0386ee85eb556af004255036cb81ab812edbd9abbc80c5,11;11;11;10;10,,,TRUE
383,2,20781198,18e017e5cb92ea4b0ec515899f97de6928547355259d510df52fd8bf67003b7b,11;11;11;10;10,,,TRUE
383,3,20791198,c0607efc26660088680548fea0332e684c46a8648995ac9c1208a12378a57feb,11;11;11;10;10,,,TRUE
383,4,20801198,2bc687aa550b8a5a96b33b9545037f1e021272783a2af407d6bb457700bdff6a,11;11;11;10;10,,,TRUE
383,5,20811198,398eeb109f85d4c1066bbaa1d7d3ec2b2ea5785de093be77474ade870a66bf74,11;11;11;10;10,,,TRUE
384,1,20771199,ceff47be9ce63845b1fae7e85fc222a47ac44b468d6055df68ce0b9b6aca7ccc,11;11;11;10;10,,,TRUE
384,2,20781199,784d3e125ef6d872ed4db21f25f268776fcde6f53fd23fe171a68b3430d342db,11;11;11;10;10,,,TRUE
384,3,20791199,bb0cc4448f6d83d0f5bdcdc6d3aa81e48d3fe8ae09d327a32eba09ba3b726ee9,11;11;11;10;10,,,TRUE
384,4,20801199,8eeac2e2984d9bd47fdd1db2e2965cd61f7d7606f3fa72b496e9d701610fe466,11;11;11;10;10,,,TRUE
384,5,20811199,785f2c6109df89ed9e09f391bc1e84bbe794d0b8acfb1b294e84adcb99887d37,11;11;11;10;10,,,TRUE
385,1,20771200,7da06358dee5d0f1e40245460ed6d60d8b9a08213483ced47b772a9e8a1e3bb2,11;11;11;10;10,,,TRUE
385,2,20781200,1a799f3b1c87f2d6277037f13fc25d2f3ec985fc02cd65a434624261679bddb6,11;11;11;10;10,,,TRUE
385,3,20791200,bc4dab14bec30ab57358eb378b8cdb7a6d8724b6cd45c2a50453235fe8ce36da,11;11;11;10;10,,,TRUE
385,4,20801200,8d468432e281d93b1eca6fef72e97cd8ce52eb9f53856bf1f0f21f33d95a07ab,11;11;11;10;10,,,TRUE
385,5,20811200,7250878710384633c2e2ac661f61ec7aa60dc40219dc623753f2176bc73b3e00,11;11;11;10;10,,,TRUE
386,1,20771201,fa4c0b4672ea6ca0cf644a4f03269f6de2fe6da1a6b18b907e0a36ad728b6306,11;11;11;10;10,,,TRUE
386,2,20781201,97b7223e5b6bb52f23e3019a7cd50fedbd5b781c3881063551c01324467c5872,11;11;11;10;10,,,TRUE
386,3,20791201,4a50592dbb1e7aa685a6397a02fa05d9cb28162249744f5f28f4508dd8b8d663,11;11;11;10;10,,,TRUE
386,4,20801201,14c1955fafffe20beae88f1f9a1243c9f6119737c935f03ac8f44e2b171ee96c,11;11;11;10;10,,,TRUE
386,5,20811201,9f95bb890b97dead4669f228c7776b8e318585e9e6b515f619f0324fb61eec8c,11;11;11;10;10,,,TRUE
387,1,20771202,1d66fdd2ae962333c622fe10fa5e7d5199d626863c46b4e86fd8cfa16d8b9284,11;11;11;10;10,,,TRUE
387,2,20781202,4507a851a06964bdf33cac323c8e66d6979ba55a49b51b1922f13fc3739f51be,11;11;11;10;10,,,TRUE
387,3,20791202,b74808574a02490c9f86bf5aac941940ac4cba274604261350dbfbaad4396960,11;11;11;10;10,,,TRUE
387,4,20801202,6cb8ccfbec4202a48b0bd776cfbc0d29811b20763699769e4a099fa6cf870fc8,11;11;11;10;10,,,TRUE
387,5,20811202,f95a9aff3a32bf1ec6401dee96d277a8ae09342d5206c4bba39b37a219df494a,11;11;11;10;10,,,TRUE
388,1,20771203,1747641ae5951f242bcd1d615aaa6c4485a52503418524532c237624294ae5c1,11;11;11;10;10,,,TRUE
388,2,20781203,f4d72bcc88cb2cdc9fdf249bfd50207d9a9dc4c6de6f9115859838b2b58e9976,11;11;11;10;10,,,TRUE
388,3,20791203,66f3deb248c14665111c4f9127836c1a99d25f6ee473f031b241e86060490bb5,11;11;11;10;10,,,TRUE
388,4,20801203,07c5bcb9b807437b073faa83b2d5ecfaa4c1d5e2d99dedfddfe4ce91b4e4718a,11;11;11;10;10,,,TRUE
388,5,20811203,e0e900eb9d1ff499cdf5d1eaf50d17e30dadc3ed1d039bcfffd4621fe515d91c,11;11;11;10;10,,,TRUE
389,1,20771204,f8a43d59727016df382d25371cda78c1218bc423f2539b4ddcc2ba1c5d426c70,11;11;11;10;10,,,TRUE
389,2,20781204,38b5d7dba5ed391627bb53eef8945a142890fff751534f8727dd3c1ac0f6a66f,11;11;11;10;10,,,TRUE
389,3,20791204,bfdb6c36ad897cace796482bcd805369a4a09e61b8a212520bdd9a163530a35c,11;11;11;10;10,,,TRUE
389,4,20801204,a512944aec0f727eda7273813e9689d38253451734e0c4a5a7daac7c9efc6ad6,11;11;11;10;10,,,TRUE
389,5,20811204,ac4e4dd77f26ce07766ea27f8f2870a84e159838c12c5b6715ca5389c0b26698,11;11;11;10;10,,,TRUE
390,1,20771205,8ddb43c66d19538f907d28ec76faaaffdd96d046d72670633ef0a03619512458,11;11;11;10;10,,,TRUE
390,2,20781205,948e84f08e6994474a576d034b7b11613e87ac1cd802e9d44d22c8dd63bf2b81,11;11;11;10;10,,,TRUE
390,3,20791205,fe52da19c67cf344e9e9546af4ab957095e0dec8f9e062c0c74b222278822474,11;11;11;10;10,,,TRUE
390,4,20801205,1109da87da23781b0000204e563e368e5a10115b884f9c5efe1ec69037156764,11;11;11;10;10,,,TRUE
390,5,20811205,90059b3a831c4d848d5b25cf5e460efa9ce9a451a75c16f767b94fad93e300bc,11;11;11;10;10,,,TRUE
391,1,20771206,94b3b77db20e089320ec2af6616c8f0f8b8ea18a940329edf1f4d9b319631f5f,11;11;11;10;10,,,TRUE
391,2,20781206,d65c32b8bb1e10e2a6b467dfb68341af4842f70cff5a73b06e19fd0746717dca,11;11;11;10;10,,,TRUE
391,3,20791206,217fb1a260f5ecaa188b5633237eddc1ec8bc05b8abb7179878d9006256802b6,11;11;11;10;10,,,TRUE
391,4,20801206,a21166cb19e5a5df53562d279a5eaa2756d5f643e97398681d6660635e9bc32b,11;11;11;10;10,,,TRUE
391,5,20811206,b98c77ca2eb4d7375f95083f167e03ab2becd3833aa3cf230065ffca5b5fa00d,11;11;11;10;10,,,TRUE
392,1,20771207,0f36440518400d2b66a12644e8d5aac199cccc58b84ce62d6bbf6af85f68cb0e,11;11;11;10;10,,,TRUE
392,2,20781207,b21cde2737864e833925838473e0169de0295a842c0e9da5682b74f99016609c,11;11;11;10;10,,,TRUE
392,3,20791207,9c9b6d86b0da6a6bd6df9cf7eab6a9ecaeb289de31b40426ebc7fb21793d4064,11;11;11;10;10,,,TRUE
392,4,20801207,9d4bd9281f7c5a98c689f30726052e31e09f587a3f9f3d63495f0294f8ba73cd,11;11;11;10;10,,,TRUE
392,5,20811207,6c30e56aef63813a57e4acab10bf8dd481b2821a85c9aaafb86f5ab3a54411a4,11;11;11;10;10,,,TRUE
393,1,20771208,265d6ce195f4fcd5c742e7094366eed8e77a86a9f7a31c3798c83e180ccd389d,11;11;11;10;10,,,TRUE
393,2,20781208,412bda411a125220d74a0d941ac04447eb61255aa1be1b25f5c627c33c04687f,11;11;11;10;10,,,TRUE
393,3,20791208,27199ecd885372569fbbfbfb6179b2d34a5407fb4eba6ae89e983a5f2e533f12,11;11;11;10;10,,,TRUE
393,4,20801208,1d747cfd55bd1e5cdc386d64758c96e7bc14da9d8ab6068e0f5f3a2ac715e9d6,11;11;11;10;10,,,TRUE
393,5,20811208,16cec4775ebcf9fd23df3991e4268c37e88f97a22f62d115cf9b7bbe4ab158f5,11;11;11;10;10,,,TRUE
394,1,20771209,fdc45e52db1f46c7026b53cda296a4db21659bdc57176923901804f4067c8f7e,11;11;11;10;10,,,TRUE
394,2,20781209,c0d4c7d6f83cbf8ea0700d2668fca7ed9ef294e9180304461236b1f0142256c1,11;11;11;10;10,,,TRUE
394,3,20791209,952902ddac1e06fc736603b39f42d0ed3874465e6cd7ea995bd69db474762013,11;11;11;10;10,,,TRUE
394,4,20801209,b57fa72047e9c1d4ce4498307116df3fce22784a06888d49e2d10b66efd60581,11;11;11;10;10,,,TRUE
394,5,20811209,67de3d4d2c54fbdbbc267a4b42839098389c55241fe12622386c7bf8d789cb1a,11;11;11;10;10,,,TRUE
395,1,20771210,28745dc08d5bca886978c375db6527aa67955df92b644e88fc706998450abd87,11;11;11;10;10,,,TRUE
395,2,20781210,bc20a41f5d157446f3ab0a884d0dd6ff8f95dbddad6db3a422dcdcd4fbf956c4,11;11;11;10;10,,,TRUE
395,3,20791210,a3d90de8e68e79093fdca84dbc599c340680743d2e1e541f43dedcab463f363c,11;11;11;10;10,,,TRUE
395,4,20801210,66d174d34edea524d6b635d35734790d60000135f6f451b5a0c88dbd9111202a,11;11;11;10;10,,,TRUE
395,5,20811210,61e3087458ee1883180db8c585ebaff5068ef11bf63b65a8b4dce5a995203c01,11;11;11;10;10,,,TRUE
396,1,20771211,505682ecbd4e8039e7386ec41bef99cff0df369db5dcf76d92567ec272d3dc8b,11;11;11;10;10,,,TRUE
396,2,20781211,18ddba55ebe34d74fa0c645824701672e50d061c5b64c9f962fb714c2ab5aeb9,11;11;11;10;10,,,TRUE
396,3,20791211,cdfdb7e93be554663ba21bc6dddd77c3e28ead6d188f353aa8664be7473ddfdf,11;11;11;10;10,,,TRUE
396,4,20801211,d2c54dda6291a1494f4edf82f2281060fe0aed67ee17ee8006c220d999fab8f4,11;11;11;10;10,,,TRUE
396,5,20811211,bb95a21332597adfb6cd97b62398f8ae8d4731236919b3e06fa95dee7dbf74bf,11;11;11;10;10,,,TRUE
397,1,20771212,d613ca07c061b12c6134f15ddd2f274383fb9521c496cb7e0e17b6621afac67b,11;11;11;10;10,,,TRUE
397,2,20781212,3a219090193bc0e25ec859ac0afd48db491469e2edb92148b2ada78077130aa4,11;11;11;10;10,,,TRUE
397,3,20791212,16ccc8b597132c4c12995b1c50d3d6f7206a59b21eb537f177dd33677950e35e,11;11;11;10;10,,,TRUE
397,4,20801212,693b5087b6e2d6a96d78e7410c4b3b04ebb0c48acf5570e975fe58723d41f3ff,11;11;11;10;10,,,TRUE
397,5,20811212,f772555b2d48d4f07e70d2e1e02ed784f3f45365e3156057ebd5ec5f14e6fc2c,11;11;11;10;10,,,TRUE
398,1,20771213,9acd9b109065ba61b137ff7a6f315c58362901a56fcce899f297e38a3185e4ce,11;11;11;10;10,,,TRUE
398,2,20781213,563d84323aa5deeaaf286c43f7c1392d4800013ec3e36e7cb570d0dfbc901cc5,11;11;11;10;10,,,TRUE
398,3,20791213,a8ddb8ea79c0ddecc2a998bd552adb7f81ce80d148dd67741607e3312164d37b,11;11;11;10;10,,,TRUE
398,4,20801213,e03436a4441a15f6c305fa45318dd2883427f57d3eb5298666a75219bfd048fe,11;11;11;10;10,,,TRUE
398,5,20811213,af517f93b7515198f1a4959dc2f7900fecd7e68d991aa6f6b17150c078039a80,11;11;11;10;10,,,TRUE
399,1,20771214,8127fc24944f73166303dd5f4197455111773c8632c0d86d71add435d0a38ba9,11;11;11;10;10,,,TRUE
399,2,20781214,9cde57b6ffd21d9401ac343967e5b50a12b3b1418febb2588f7e192f7e7ae60a,11;11;11;10;10,,,TRUE
399,3,20791214,82c7d8219fc5b65bd5348363f40e6d73dc7f099427a9e82670f2ab919bae4955,11;11;11;10;10,,,TRUE
399,4,20801214,8be4a2d95e566dfaf96429a719b2d5539b2feeb01c0d710336295aa6eaa64cc4,11;11;11;10;10,,,TRUE
399,5,20811214,e49d6e89ced875fd70aed98461b675574c1250869dabf84d885ac2e84c754da3,11;11;11;10;10,,,TRUE
400,1,20771215,11ed54eacc9ab5d257352992513205737339aa6ca7fd72642cc39b04f02fbca4,11;11;11;10;10,,,TRUE
400,2,20781215,e73624dd9e2da25e8fa637699a6fa15699e9103d43c21733be705cb7e986f80d,11;11;11;10;10,,,TRUE
400,3,20791215,bf0cb4f4cee67a4c05a1a6f74570b7a5b21208dc541023574fd4b9c4e42413bb,11;11;11;10;10,,,TRUE
400,4,20801215,5e74df0dceccd3d00075870964a217f0456e3f0489a780a48ee290893e00a52f,11;11;11;10;10,,,TRUE
400,5,20811215,c09e43f619b4e1b62ca721a5e32412fb4f8b478e712ba7488650b5b2ab3cafef,11;11;11;10;10,,,TRUE
401,1,20771216,2be220f7b7de3ec1fcbb97bd46c49f247b23fed5ca018d2999f163de010a6585,11;11;11;10;10,,,TRUE
401,2,20781216,755998c3e71fe4d7abdcf94318657add9b03dda6fb76438e33080ba6b03fcdc8,11;11;11;10;10,,,TRUE
401,3,20791216,308886541c39e8ec060cc17f29dd5354b75a486d5b94c0a9deaf9b2f75ace5a1,11;11;11;10;10,,,TRUE
401,4,20801216,f91f65852163a9e6e0a3833dff488128a69c443fc8b5e10facec174d0681ecc3,11;11;11;10;10,,,TRUE
401,5,20811216,8e1dac1c1c6f96e328a66dbb1f3771ee9274677ab06fa4e71e6b7f603462bfef,11;11;11;10;10,,,TRUE
402,1,20771217,52250ce27b9163ee65ac48a7e64f15df771ff801729cecac762d703e494caaca,77;77;76;76;76,,,TRUE
402,2,20781217,7d2347ae01170bfa77c91711639edcbb9fc125b56a406c91953d0ed06d41c701,77;77;76;76;76,,,TRUE
402,3,20791217,9797e5afc29684cf9fcd310dd5b9483e1c3a9d39d12aba38805feba29b9a4b8a,77;77;76;76;76,,,TRUE
402,4,20801217,1d7be8ce211334cba928c7eb3b601bf4d48a217b3e2432528a2fe0b6a1896aa9,77;77;76;76;76,,,TRUE
402,5,20811217,42c39833594d2053d1285a5b44110aa97e73c38f9e57034cb9f9ab53b82d7a2a,77;77;76;76;76,,,TRUE
403,1,20771218,18d63224d223757e319dab49ae33389cd53b0e9525a3b2cf603dd29151c107b9,77;77;76;76;76,,,TRUE
403,2,20781218,464bb0da3f7006e8c09ff887a2a3c9579775d047444135197ee098a54cbc37de,77;77;76;76;76,,,TRUE
403,3,20791218,0db6da1e23a4c9c7cda6b9ee01c43e76dbcd5ba55a60165cc8da10b1a0d4ee6d,77;77;76;76;76,,,TRUE
403,4,20801218,73e8f1e41ccabc70b83a4a8cacb12ed403c56cf2e79a3926acbab6bca92bb1a0,77;77;76;76;76,,,TRUE
403,5,20811218,fd29c79859a1d9ab43fd01b8be953346a1a70a57c1bf83ea711509085bf27c6f,77;77;76;76;76,,,TRUE
404,1,20771219,b1c6ff04558cbd8ff284821814f3659aa05ef251542dee1a9d19e2add3a2a93c,77;77;76;76;76,,,TRUE
404,2,20781219,2a3e8eac7b51c6ab4a70873db310f3caf6a0772b29ba63813f9a6b4deb203433,77;77;76;76;76,,,TRUE
404,3,20791219,da69a76b983e2d63c0bc2ea3fae1ab9a667a963893a69699ffa99345f3e2072f,77;77;76;76;76,,,TRUE
404,4,20801219,4ca5902663f372e5ace3353e3492f3273c84efc48c21e33c69739dea2c243b97,77;77;76;76;76,,,TRUE
404,5,20811219,c00486afae259c423f2b0bec9cbcbc11feb28a2e5668d8d0ca9d37fb5ae60797,77;77;76;76;76,,,TRUE
405,1,20771220,5ac12569fc8bea7bfbb4c15f849dd197cae34846775d892dbbe1103bf6cd7eb2,77;77;76;76;76,,,TRUE
405,2,20781220,98c6f926ba0fa6830bcf571577b67ceacd130dc8e9f0ffb6d7a2ed9e74bb9dfd,77;77;76;76;76,,,TRUE
405,3,20791220,ca5b6ac593730069ed9b3344164607374afc48a5702615caa8a6db4abfe86a4b,77;77;76;76;76,,,TRUE
405,4,20801220,77386818b36c844e51d8fb6e77b8bb234afe192082af836c3a270dbe89bb75f5,77;77;76;76;76,,,TRUE
405,5,20811220,b1e2e551664fbd3beef34b50c6f9d9ccc0044138ac597a83ab7c491b292cf251,77;77;76;76;76,,,TRUE
406,1,20771221,32f24bca5406c14e5473ffcde5e7aa92bda465182b454cf29b94b347ec3f9c8c,77;77;76;76;76,,,TRUE
406,2,20781221,aecfa7e815633e7ab77d7c8b209b0dd21489142c48ed504ce2d83ac57cefec48,77;77;76;76;76,,,TRUE
406,3,20791221,8d49ed0b38baaf22538a98fdd8290aeaac4637ff9d45a377dd2da01eec11b091,77;77;76;76;76,,,TRUE
406,4,20801221,b2062f599c17a09c41d9da276d8287203bf86e32072b14393a8211a297fa8262,77;77;76;76;76,,,TRUE
406,5,20811221,2ed60b8fdb845e1eb3205599f862e2954e97129f91b20ac86375b1fa6d9c3e2c,77;77;76;76;76,,,TRUE
407,1,20771222,13fe18232efcd25f35db619f51d9928b6a161b521611c13cca1da483e48c79df,77;77;76;76;76,,,TRUE
407,2,20781222,5b52065fc2ae867ab9831f8779a1c1a80147971228dc11cff031d9fdd244f053,77;77;76;76;76,,,TRUE
407,3,20791222,5e264d7ca05a6ade95d625fb60f8b319eee75283e858ccc1f537e4efc5cab01c,77;77;76;76;76,,,TRUE
407,4,20801222,eea8e319ea34d75d30539cb26fb44bf921fd9c2406d427cfd24b59547fb55e55,77;77;76;76;76,,,TRUE
407,5,20811222,978802d552e9763ddb48f07aaa45d108cc58ced9a6731807aa4ab92e53dcf66e,77;77;76;76;76,,,TRUE
408,1,20771223,7b59b1e08c0ad84846f740220c34ad729ed55eaf87f3fc68c6de225fbcbdb5e6,77;77;76;76;76,,,TRUE
408,2,20781223,16c63613f94b1889772cea5b1ec16d5edd82c66081902bdcc84e919d41347e9e,77;77;76;76;76,,,TRUE
408,3,20791223,ec6ab698ad972040af14b77a3288b48e4e06ca8b1d0ea2373749e2b157c0e839,77;77;76;76;76,,,TRUE
408,4,20801223,6239090012920302e464918ad56d4905870bd5485393dc13e520853164d04288,77;77;76;76;76,,,TRUE
408,5,20811223,d5c0cc6552a03ea0c71251a1eae82a29c0fb7af1bd99bdb8b46f67151a09d16c,77;77;76;76;76,,,TRUE
409,1,20771224,66b047bc20e818e93debc8933d2145cfb319c1426553054c6a4106d0ff6bac00,77;77;76;76;76,,,TRUE
409,2,20781224,e8510124b9fc223bd98a7d9896817e4c0129d3c2d32b9286900a88dba974a89a,77;77;76;76;76,,,TRUE
409,3,20791224,8db0dc9ae25bb34457279871ecefbd010657f4a9ba79a76c4678eb8019e7c742,77;77;76;76;76,,,TRUE
409,4,20801224,00d7b7ee2e24feef3ed694895ec9015886dbb6d80b7688570a9eacf030ef6486,77;77;76;76;76,,,TRUE
409,5,20811224,5f2a81d6f8092ebec2288ebe8e506bde54045329ba4c709f65612d3de154dc1e,77;77;76;76;76,,,TRUE
410,1,20771225,7a4a7f9ed416f7e30906c623c69d4b056b16175474122e1847705b193c7f732a,77;77;76;76;76,,,TRUE
410,2,20781225,0c3b42665520ba857119b21bd3382a047866f621a6f3df202411b5910c5020b7,77;77;76;76;76,,,TRUE
410,3,20791225,f76cf720512d4c9b6b12dc6245c7864b9b7e00aff31cbb3c389e9ea2ee6e2aeb,77;77;76;76;76,,,TRUE
410,4,20801225,ef689989276eaa76074390313394d8e0f932c4bf7545278d66d5ab68dcbb61c3,77;77;76;76;76,,,TRUE
410,5,20811225,9ae2686f149e268bbff7f3e10057e9322731f8177e44f8583707cab00d784951,77;77;76;76;76,,,TRUE
411,1,20771226,fcc6d84d3f382e5d03b312cbab7fde07624fa52b43c3cc9fad70ac1fd1a97184,77;77;76;76;76,,,TRUE
411,2,20781226,0e9026a61b128f98f8757d87c7a3e0c3761fffb0e0e060bcc0a7cd85a92518f1,77;77;76;76;76,,,TRUE
411,3,20791226,5086403f64ee25b450b15d7fffc6ec478e1fb4eaa2dc9f486437759de5113eba,77;77;76;76;76,,,TRUE
411,4,20801226,920f6856e5677cea692ba96bd255718e788cce251b40b5ac13a0e75c71ec4220,77;77;76;76;76,,,TRUE
411,5,20811226,8d499362e821625c0b908917ef05476001def82b8ca74713566a753a2cd32101,77;77;76;76;76,,,TRUE
412,1,20771227,4addb1194ee41bd56cd35256981eb48e97d3b2800dbf7175dfbb22ccbfc87864,77;77;76;76;76,,,TRUE
412,2,20781227,73617e81e584b0402464598ed2c580990fdac17a6dda8fac52b2029d890de655,77;77;76;76;76,,,TRUE
412,3,20791227,6b67c044a76d9b2bdcc40397e97a05d1f08548e4c2bd396a9d3778781c011373,77;77;76;76;76,,,TRUE
412,4,20801227,de0cdf82809f62979008e604435098c13eff80faf8e7dd96dfdd4fc85f2d4e50,77;77;76;76;76,,,TRUE
412,5,20811227,0b222b4720399609d0a8e84ac0cd5e60f69b8d98200f5f1297a20d813e979bcd,77;77;76;76;76,,,TRUE
413,1,20771228,548997cf50ac296aaec1bc40723634004e4b8ff909cdd05495d1d6250d40758b,77;77;76;76;76,,,TRUE
413,2,20781228,fe97070d2a5ac75307f9ba3769ed9d441a6698789646410174fe79d7921bd59b,77;77;76;76;76,,,TRUE
413,3,20791228,99d04aeefe8a63ebf6b5781dba8fa068df9338ec3ada40119570a61b9deb81aa,77;77;76;76;76,,,TRUE
413,4,20801228,19af069caac11149c8668badbe153608a31b4b7b56b76069dde5fb1896809135,77;77;76;76;76,,,TRUE
413,5,20811228,06b86ad12389db0f8da74830721365529479a34da07ab8e243ab01e2ba225d5e,77;77;76;76;76,,,TRUE
414,1,20771229,313b38b6785f55958b028a8eb5780163da162fa47df8519ad3f5a440eab2f7a1,77;77;76;76;76,,,TRUE
414,2,20781229,a8492c0330c559acafe41e6c573dcdc10e7d57a68b5e34050e47fa57e8d7526c,77;77;76;76;76,,,TRUE
414,3,20791229,a9e8ad99288e85399fdcf86bad0a38f24b690b8db722c1241ef17b899af87f2f,77;77;76;76;76,,,TRUE
414,4,20801229,94ed0c52c0465acb129122ba6c6c3adc9336a2b5b905c9cb9c608cdbdc4905e6,77;77;76;76;76,,,TRUE
414,5,20811229,d940d3fc46dd41368b39f7b078b0d53f2b77e499a86ff5d9f782fe3afca03850,77;77;76;76;76,,,TRUE
415,1,20771230,b6a6d6ef0771c4637db8fbfa43c5be5ee235dc709b35025d4a182acb5fce5587,77;77;76;76;76,,,TRUE
415,2,20781230,ba0773b736a938d26e65d3bfb83c7e3f1c2e0fc40663b3ed86b6ecb4baa6364c,77;77;76;76;76,,,TRUE
415,3,20791230,2cf22a1ea3ebd103f8f33b3b628fae6bbea437b10c38c6b63207686156c2c9b6,77;77;76;76;76,,,TRUE
415,4,20801230,1f7c73f7b6010d2c12f8b4f6cc7326eef3e1d82220113c33fd135ed8b4546a9e,77;77;76;76;76,,,TRUE
415,5,20811230,837720c32fdd24f7b5d89dee9a47973607aa391c68297c8c16736cd4ed5263ca,77;77;76;76;76,,,TRUE
416,1,20771231,807b2288fad2ef9cd074604d51dace685cc5ebcbf10585065627ed4e34027d8f,77;77;76;76;76,,,TRUE
416,2,20781231,3ce0a56667fc8091b87dd184be1974bb6b0a35f2db8998539173447a76b2deda,77;77;76;76;76,,,TRUE
416,3,20791231,edf7c9720bc05da4fdd6feef1b35d0a137ce4a6641ac12f176ab610c2d88a202,77;77;76;76;76,,,TRUE
416,4,20801231,068958b7755dd96021beb50fd648921cbb95a1b95ce2cdb1499ef50ee37d20fb,77;77;76;76;76,,,TRUE
416,5,20811231,488f0e2d25970ddaea119ab5886784a2b406ea15bb8c8a84de94091d7342e07e,77;77;76;76;76,,,TRUE
417,1,20771232,f3e6704136e4676e08fa272fd0d663b4e0cf88dc6d0fe3b3a421e78ef2853d4d,77;77;76;76;76,,,TRUE
417,2,20781232,fe2b5b7e8e85e639df41573e7afcccb19298b12b43fa03cc3bbbdcf77fe3bda2,77;77;76;76;76,,,TRUE
417,3,20791232,d93c41396b8f26f634c9810b7c137f8489105fef2585b3852a783f0f19dc6f64,77;77;76;76;76,,,TRUE
417,4,20801232,2705eb1dc4ef7931ce35f8fd413d51288030a79337d8ad282c8f6519a7d7350c,77;77;76;76;76,,,TRUE
417,5,20811232,9d0281897900d8b813a03c7712d38bd4141b9715ae12acac0f0b38b458dda49f,77;77;76;76;76,,,TRUE
418,1,20771233,5608b4edbd6b275ad2c3935b92a8e61717f0748be287084f240e9d0ae98db864,77;77;76;76;76,,,TRUE
418,2,20781233,02cbcc439d1c3e4220f64a27434201f3f2592fe2b53ad8818508e031e18820b1,77;77;76;76;76,,,TRUE
418,3,20791233,e0d28a38ad2741c0b1de9e7117f02144688cc498a51b61a0242bcec3f696c909,77;77;76;76;76,,,TRUE
418,4,20801233,2bbb910c91e4019dcf0d209cae89cf484333c9dfe794815339c56592ce520e88,77;77;76;76;76,,,TRUE
418,5,20811233,770af068a39fae13c38035a29549c1c616fc21522a44b5c860d6a73171e797e9,77;77;76;76;76,,,TRUE
419,1,20771234,83a0253f5d9b5b4e2892267c1a842917a7b4a79285969000a0ca5090eb1f7f80,77;77;76;76;76,,,TRUE
419,2,20781234,a01d3eca28979918950c8c0f343c10f131eb2367f05a538c052ef75ea7a3cafb,77;77;76;76;76,,,TRUE
419,3,20791234,a4d234fac5f84740bb0ef2e5c4b6441f2ca98f64a76525ad762d2a4ca3a71f2c,77;77;76;76;76,,,TRUE
419,4,20801234,d4ca17790a059f56dd5e392fc937f5fe3d79efff42e7f5a883925cebb588f1c3,77;77;76;76;76,,,TRUE
419,5,20811234,44f9dbe731e320627298bde486858cf6884cd261cca6f295b857ce6813925697,77;77;76;76;76,,,TRUE
420,1,20771235,6d6b9d2dd70a8f09f9b68bcda2054b74cdde798616ce7bcc5d40aef92d2b6b5b,77;77;76;76;76,,,TRUE
420,2,20781235,78585f9123b9cb4a3d8cf509dde62e16894051d07847a7e1ca5d313415435020,77;77;76;76;76,,,TRUE
420,3,20791235,4238956da16eb13d3725bc052e79e04e5e90a386b8511cf1a148e73c8323016b,77;77;76;76;76,,,TRUE
420,4,20801235,171cb11cf978fbec749d8869e4a8c85e2bfd096f2fd63308179a35da69f69d04,77;77;76;76;76,,,TRUE
420,5,20811235,0fd4308969b54317b28db5ece02ddeff215a0955b176bc28ccd2f9f53d7b254f,77;77;76;76;76,,,TRUE
421,1,20771236,a6c27e3301acc0413483ba925641ec4543e9064e04df5a7fa1cb1f73abe23884,77;77;76;76;76,,,TRUE
421,2,20781236,fba51547823eb3cee42f90da4ee19bbb4e4441a7bf8c925f9517e16d4bff3ef7,77;77;76;76;76,,,TRUE
421,3,20791236,1edd181e80dae976a7e4e96d038fdf95012e32534700d52cc92fc64b69e88f06,77;77;76;76;76,,,TRUE
421,4,20801236,e42c3e125c78a5b41caae9a065ac1a485764c2584c7a4cf28ce6f83e2be9f3c2,77;77;76;76;76,,,TRUE
421,5,20811236,929fafc3c635c08554983b73b88c5be7fcf566308bba6630c33c81a915460032,77;77;76;76;76,,,TRUE
422,1,20771237,f05a7b900bf9af61154e10a0557b1e34d73c47f035b102658b869170f9587906,77;77;76;76;76,,,TRUE
422,2,20781237,a79b6b8257d74d17596b62e385d678d5921d6b15db75a1553a4a9e31e0fe9853,77;77;76;76;76,,,TRUE
422,3,20791237,8cb85a990ecf3b6ab82ca3bb33c75844b1c7709e38706efe8dca24c408625aa9,77;77;76;76;76,,,TRUE
422,4,20801237,e8a15f027a3037fd9ea3d9426b8cc537bdbadc80d7f27743fcd88827a4f56a9e,77;77;76;76;76,,,TRUE
422,5,20811237,cd0a5ef82207c2e76e4d68bdc2a613f6c3631b1199ab34f6275946915d959588,77;77;76;76;76,,,TRUE
423,1,20771238,239faef1dfc1693f185da1c8374702411651b6fbc47b035f79b987494364503d,77;77;76;76;76,,,TRUE
423,2,20781238,dd0b17e227c2cf46533d90eb74f616732e7b8fdceac30e7f8817b942b4347f6c,77;77;76;76;76,,,TRUE
423,3,20791238,c234f77dc1b2f860f9b8301f0e64ff22432fa1b3e50b080177f25ad0dc5e778d,77;77;76;76;76,,,TRUE
423,4,20801238,1ffe86929afad7aadad9c2fec9e163ba39c390f4443955922d0287a21249b56f,77;77;76;76;76,,,TRUE
423,5,20811238,f78f782379a2d9211550871fe833e43e8126a75a8ea4bc17732d2a0f51ab12b6,77;77;76;76;76,,,TRUE
424,1,20771239,d34953cd94affe20c41e52ef18ca0973fb7abd258654943e12570548a4351b5d,77;77;76;76;76,,,TRUE
424,2,20781239,46dadb63c973547ca5c17cb4bdb1ae620421169a0a81202aad0c05f8867e93eb,77;77;76;76;76,,,TRUE
424,3,20791239,3cb127039a8ebb33417f309215755bb4822420477ed5d116a205112e2a2a178e,77;77;76;76;76,,,TRUE
424,4,20801239,4c147147fde71cdfaee45bc4944baaf4b39313866c458fddfa34df5473f2dc5e,77;77;76;76;76,,,TRUE
424,5,20811239,e7e7bd6ff7ba89b2e332ccde335bd18dbbe904994c3d51f53c0e6b0cc17cd175,77;77;76;76;76,,,TRUE
425,1,20771240,99d08ba0872e37e31d70c95da541d6e1ca28ea849b3cb9cd5c66ef6a4b013ba3,77;77;76;76;76,,,TRUE
425,2,20781240,3c77ee49396149c50d30c149799b72f440f600bdb8748ce9206f057fd0728d3b,77;77;76;76;76,,,TRUE
425,3,20791240,41cf29dd9954c21b76ca04e94d8f37f69e16496b97dd19b832229423c277c1b6,77;77;76;76;76,,,TRUE
425,4,20801240,a6a9b10c4211fb084f832971e3a6ed20272b6a1c2669c630a7bad21b67475d88,77;77;76;76;76,,,TRUE
425,5,20811240,f861e152b46f4c9a0e84977671ec71ed9da605e882b1d5d26d373a28aafd1ad9,77;77;76;76;76,,,TRUE
426,1,20771241,47fbbdf3bb5d81b29bebe827c92f87d93fb93c49c51bd093ff218869abaff5f2,77;77;76;76;76,,,TRUE
426,2,20781241,dd1f0ce5e376860204eae794620b0dd64b1ba36df9d0498a630b1f18ca52fb98,77;77;76;76;76,,,TRUE
426,3,20791241,3e865d6a326381705f0cba2c44bb16aedb93b44c1e245deda5e24f6548d4bd9d,77;77;76;76;76,,,TRUE
426,4,20801241,9665059f3c995697ef6f766e0cf1e7923e923c5746315f174447bab95cd14d16,77;77;76;76;76,,,TRUE
426,5,20811241,581c0c7a2a66678166fa51dfd0ae15ffb88243dd30b774235cc6cd91c3e05c7b,77;77;76;76;76,,,TRUE
427,1,20771242,839592c4a3622f6a2e23e66e97d88cf92b4a605c27e6d776e0704a208cd272cc,77;77;76;76;76,,,TRUE
427,2,20781242,d083180a192dd667bc2a2cfbadea0eef5cc2e677f0491fa5d8ad9eb9b387ef60,77;77;76;76;76,,,TRUE
427,3,20791242,014e18bcb5617c7b47421ab3ec59206c425c81c1f9e9e1d939766fc64e008454,77;77;76;76;76,,,TRUE
427,4,20801242,e94e48cd71cd391d1bf5ee2ce9cce796d43b1f141ac95f80e62968379ddb0d90,77;77;76;76;76,,,TRUE
427,5,20811242,935726ed10a5418dd812897712f922b354a682382a0cf7d6e8d140d64124bbdc,77;77;76;76;76,,,TRUE
428,1,20771243,3f7c6e739217965ede143aab8c4826f66ad0c8dac372f9182ebf71b3b5459521,77;77;76;76;76,,,TRUE
428,2,20781243,9cb4760ecb6c3e2ef47b5487930266ba356a509403fa7439308d5f38f45a1e95,77;77;76;76;76,,,TRUE
428,3,20791243,fb9ec752841d2efddf42e9cc60f648ade3cdaa3a474b35dce54cb4153b3a137f,77;77;76;76;76,,,TRUE
428,4,20801243,020b15d3c87b3d39ac1bf20c6e0e2419121f24dcbe922ffce2416725dc59d8a3,77;77;76;76;76,,,TRUE
428,5,20811243,74c53fc69e0306a0d4608f7cb3a5ea11b67506d4cc3efbfac358765c4f5b3f36,77;77;76;76;76,,,TRUE
429,1,20771244,701def4f04519be4a6596843e0ab3b7284d39d845364cc0d2aaf566e682b7d81,77;77;76;76;76,,,TRUE
429,2,20781244,8ab1b2ae9b7d34b07df10c91e1afa8cba16466ddb90fe38f4e7fd388afff5779,77;77;76;76;76,,,TRUE
429,3,20791244,6ce67c2fc5be2a64b72b550712758f4c16adf3f5c7c9106e85be67f121efb57e,77;77;76;76;76,,,TRUE
429,4,20801244,44739b05df4e9a25ca0e848c87f363c756377ad768546614159180bf5e846f5d,77;77;76;76;76,,,TRUE
429,5,20811244,ddc9a3f3b0c2272468372d1ce666acc73471d398d6fac8a807886ec0d458d192,77;77;76;76;76,,,TRUE
430,1,20771245,b44363e1bed71176217b40e0de47b8b113516c325cb5e39f3074426a606161a8,77;77;76;76;76,,,TRUE
430,2,20781245,d4492bb73b7ab11d849f32fb36ecb14642b7934b5076a994dda22c47f39c2fe5,77;77;76;76;76,,,TRUE
430,3,20791245,34bdd6281aeaefa1c421c2623ac5f7d986d8060e929b1aaa18d7e3f7dbb512db,77;77;76;76;76,,,TRUE
430,4,20801245,eeb678b814bc1605681e184f204e8da48811c8e0dfa88e146a0543ee88f8516e,77;77;76;76;76,,,TRUE
430,5,20811245,ce55e9ac64a8a637ed4fc3c840089da39005603a0f1efb9caab9b78afa1895fb,77;77;76;76;76,,,TRUE
431,1,20771246,5e21a3be8a03c1242bf32fcee5c1c95837c30ffae60d957fbe0c5e8327ab5877,77;77;76;76;76,,,TRUE
431,2,20781246,ce4223dc5c45be245926df0d2c6e596db446ea51eb74717638d4482e2e1e3183,77;77;76;76;76,,,TRUE
431,3,20791246,1d3dc7baebd6a3a9bf4ca628ee4dbcdeffbed89cbda1e8d901303f7f8828cb5e,77;77;76;76;76,,,TRUE
431,4,20801246,ec9c026125ac63fbf3ab2a3757583fc04de29ccefadfdd52eddee9f0cb3e14a8,77;77;76;76;76,,,TRUE
431,5,20811246,91fdf669556bc829739fb090600948078efd7dfd4ec236c628c0f2325ffcd4d3,77;77;76;76;76,,,TRUE
432,1,20771247,95eb9c94380641f61d27dac9d73152b4887906a3ee1434cdee47dcfb3b65cc5d,77;77;76;76;76,,,TRUE
432,2,20781247,f86f99c19906c30dd2c9db7bd2e1754de823c91ca3c5176ec0f6c280c0ed0cdc,77;77;76;76;76,,,TRUE
432,3,20791247,e03ebea949ffab3e192417d14dc5cc4e76c9b5a911867b85b63fa6ddbe5ffdd7,77;77;76;76;76,,,TRUE
432,4,20801247,6bd72faf4c274bf5fd21348a7b5f6fefc246120d4e6f7dd1c2a0c3d0fed93670,77;77;76;76;76,,,TRUE
432,5,20811247,e56b1e136d1acbe0e8f6f392f5dfbf665487b3c402e8cd60a533e0c934450674,77;77;76;76;76,,,TRUE
433,1,20771248,06dd9999c59756af3e43b3d2fbb933c547a53e333a280e91924cc604b2caf55d,77;77;76;76;76,,,TRUE
433,2,20781248,5e41382cf4102487215143340d07cee6cf82b1730a1ada130e7ec79c69ef407f,77;77;76;76;76,,,TRUE
433,3,20791248,cb3f20f79faa2e3a4c99c97fe77d1113366316c48908f714eded82961f71179b,77;77;76;76;76,,,TRUE
433,4,20801248,152f3d86e75a80933e6df9dc50da47ee03c83213474c16ef6004935a5982653b,77;77;76;76;76,,,TRUE
433,5,20811248,48299fc3cbb5e312e5c2ee215ab9d7ee08c3cef57eeff8475a3847584ce0e60b,77;77;76;76;76,,,TRUE
434,1,20771249,62b98ad4bcb81571eab4ebc46f8a37c401b5ec06f7c51f5fabc5f4e12a77141f,54;53;53;53;53,,,TRUE
434,2,20781249,c8e093ffdd0718e56d98742adfb6dc83dcb41bfe14152136f5a9ad603891dda2,54;53;53;53;53,,,TRUE
434,3,20791249,ebaba64c1976beac8fccf64a708892c02c1e3772918e6d4fbacc36f55def9afa,54;53;53;53;53,,,TRUE
434,4,20801249,85d8382678117243e71f84772101ba50c37bdf89c32fbd8064c7944477de46a6,54;53;53;53;53,,,TRUE
434,5,20811249,94b619157704fc7d6e31870febb1cd7c16c2e7f5844938867ade675e528960e3,54;53;53;53;53,,,TRUE
435,1,20771250,7c1d0f6ace61af51e5e64926e25808879354d1d93561ce03c46231f655188200,54;53;53;53;53,,,TRUE
435,2,20781250,4cd880aa567530a0c84459586e7f54961d14ec0ab442f7aa1fb79aaf7955438c,54;53;53;53;53,,,TRUE
435,3,20791250,d24b8dedb6880044af737d08e8d3c1cee81ddf4105294a0b6af927bd9e327d18,54;53;53;53;53,,,TRUE
435,4,20801250,a2969b0efec5b83a18f0e47159be35d5f71020daf4eaf05b48d9fcca12bf148f,54;53;53;53;53,,,TRUE
435,5,20811250,1d19f0b47d9351b1c4fbbc0253371bd1030aadbaf242b2fed4327079f4139aa5,54;53;53;53;53,,,TRUE
436,1,20771251,e544b4553a9c22de4bf5d931569edce5664d7a4c255d465446bda80bd37d80d0,54;53;53;53;53,,,TRUE
436,2,20781251,85210cced40c2a0b63bec974f6e4631533471a9c1e4c8515e08b532c7a39348e,54;53;53;53;53,,,TRUE
436,3,20791251,00090470eb91339fcf5b2e3128bcfc3602117dd39de948420fd501d55294b8ff,54;53;53;53;53,,,TRUE
436,4,20801251,b2b4d78e43d6d28f9c425fcca0808a6ee7e0ea6702f1c791859beeb362036277,54;53;53;53;53,,,TRUE
436,5,20811251,00bc29f425807f1bfb34c5081d0dda696bdab6b77f370ae8e37f08f4f094bde9,54;53;53;53;53,,,TRUE
437,1,20771252,f4e42c9ec83dd2a8c880843579a6b5654f4fc837ef6994d17a0a685779388082,54;53;53;53;53,,,TRUE
437,2,20781252,1b6c9b8db92bc868bb7cd9465eb05256705397287d37256b0b73714785300a6c,54;53;53;53;53,,,TRUE
437,3,20791252,e015d2112bb9d433ff2cbb0188e60bbe49cb5c59234cb5befe308fca34098817,54;53;53;53;53,,,TRUE
437,4,20801252,8b69eeb6c18c6d971d3d89794d7ca87b181ff6974484844cb00c7ca4e83d3511,54;53;53;53;53,,,TRUE
437,5,20811252,00508118cd3e647545efa7c5ebf87086fac9d4abf4cc4d9aa77ecab521eebfae,54;53;53;53;53,,,TRUE
438,1,20771253,bb0de4b3cb4c4cb34015a04481a0932ac1ca669907d1391f234b5c01f397495f,54;53;53;53;53,,,TRUE
438,2,20781253,becf0b27a762290cacebaecdff0b2d97412acfe0b90390bf77b6171da6d92609,54;53;53;53;53,,,TRUE
438,3,20791253,198081fe1773d08c91434f8da5b2ad35feb7f44d595f41c1ceda9f0b9914ff03,54;53;53;53;53,,,TRUE
438,4,20801253,46a068e89914cd8f476092be583ff5d135bf7c3fd04caa55fa3a523f70a7a039,54;53;53;53;53,,,TRUE
438,5,20811253,0d4dd78c1937895f65f431a80c7fe755fe923a4905a81c4f68795d3565fff29b,54;53;53;53;53,,,TRUE
439,1,20771254,d869276deb040e584a6bcdc3523c755efc1491a3ed7a097d5601a7099540a32c,54;53;53;53;53,,,TRUE
439,2,20781254,b42c6303889cee5dbcd5f463de7ff411daed4e05f6eaaa099f7c724e5c28b851,54;53;53;53;53,,,TRUE
439,3,20791254,7d33f41040ead17a1829b3717820f48b5967c7c8046887423d7288514b5d42ef,54;53;53;53;53,,,TRUE
439,4,20801254,b34b758cb64296daaf1f1f6fd95fffbab4bdc3a8449c85687ce1b5accf117e9c,54;53;53;53;53,,,TRUE
439,5,20811254,565003cc5cd9348e73b14e1d064d95d99322c18f974faba6737387abc63e9abf,54;53;53;53;53,,,TRUE
440,1,20771255,7a1f3e0391b9969140eba2a927f7eeb7ec9177ae0995b6ea7ea00395b0a10136,54;53;53;53;53,,,TRUE
440,2,20781255,9ccccf09e6fe5123903007b87cc68922c7e42732ca099c3e00bbc22182a80684,54;53;53;53;53,,,TRUE
440,3,20791255,68e389e5c8548a64babe19639396a6d8e5c890e4a45deeee55353484626bd827,54;53;53;53;53,,,TRUE
440,4,20801255,4b5dd454c22b19a1eb1931228e0661ac38b7f9a574623f998f6274579c2928ce,54;53;53;53;53,,,TRUE
440,5,20811255,df5f16b88b229cc8d96582355fddcf2e89d94a3c751ac3c3451d06adf59e08dd,54;53;53;53;53,,,TRUE
441,1,20771256,2c5de69651e4b4bf105d2d3c54081c8c37c23b40db896b67a1e2d738897e4130,54;53;53;53;53,,,TRUE
441,2,20781256,b5b6c3ed6d2b623093aa9be7edd6ba0055e27dc9c542463ce338839e478a6081,54;53;53;53;53,,,TRUE
441,3,20791256,7db36bf859f4e0912ea4ee247c0846092193f6b12e1da75ec5698a5bf449948a,54;53;53;53;53,,,TRUE
441,4,20801256,7f7b36de08e50e1d92b3a7eb5677b4f2883fc4cbdce73db9580f62ddd6bdc9ed,54;53;53;53;53,,,TRUE
441,5,20811256,12c87c5b99eca440241424742066fb127571cab0c9db1236d75d69f5d0b042c3,54;53;53;53;53,,,TRUE
442,1,20771257,c64e1d7978ef10fb106808748816ceee69969f17b5ab27180f0415c0456cbef0,54;53;53;53;53,,,TRUE
442,2,20781257,9eb90256c692e37e6e2e2fc010661ac678286ece899b3ecbac72891ade036cf2,54;53;53;53;53,,,TRUE
442,3,20791257,65f1dd51a1438690dbc50c9a8bf4fc7efe57e3793620d4a0bec3e3a6d51bb0f6,54;53;53;53;53,,,TRUE
442,4,20801257,2cd6f9a9ebaf73fd369d6cde0252edbd07a94837514a80939818fe5352e1e100,54;53;53;53;53,,,TRUE
442,5,20811257,a8f336471f9ac80eab83db164cdfb2849ba5a01cccbc0d212a6526c0e639de9d,54;53;53;53;53,,,TRUE
443,1,20771258,cf6aa297a7fbee9f048a638f2cf6eb6fc5e5d49968da4c397b0ecdcbbb0cc67a,54;53;53;53;53,,,TRUE
443,2,20781258,ae4246ae8902d65771bf6679424af659ef053c1bb33e257acd1e9bf0431f686b,54;53;53;53;53,,,TRUE
443,3,20791258,c42727c6570a8e2693826e8b7885a41c77227e8ccefbdf71c427a2c1a62a60b5,54;53;53;53;53,,,TRUE
443,4,20801258,5db09fa7bb37d3d126f622bcc3ad2459eb4bf92051f7e574548c3f22c7f81c99,54;53;53;53;53,,,TRUE
443,5,20811258,9cd6c02d37a462071d07f1e8185ac11e409bf7fb01038910c5a97f4f492a98ad,54;53;53;53;53,,,TRUE
444,1,20771259,f97398f7219bfb3b95fa73f3ac769bf0a5b53f1b0c086cf333ed983a28cf1707,54;53;53;53;53,,,TRUE
444,2,20781259,7909c6b731ff841649b8f90d9a47e90d536214bd380dc6745a333d15afdc4b90,54;53;53;53;53,,,TRUE
444,3,20791259,be278221534f2327681ecac28be0d916af590f4b9ae1c62834a8f54331a0a820,54;53;53;53;53,,,TRUE
444,4,20801259,2b6b2aeffadc485f196aca1af3fbe6d210880043395c436b80484ac3514f37b2,54;53;53;53;53,,,TRUE
444,5,20811259,4b979660d2973b44f736d06778cd29465900e0378b4e3a403e410132720688cb,54;53;53;53;53,,,TRUE
445,1,20771260,ab0edc1e56f0c66f76f165a866c9387e660c4da5e290aeb82e82f3851c2c4814,54;53;53;53;53,,,TRUE
445,2,20781260,e5c089d041b81240dbbad16102314c0c895a3d33730afe2a633228b3021e4a0b,54;53;53;53;53,,,TRUE
445,3,20791260,b2ff4c2a6b7104997275fcb67f4285738b361f0556d8c77fb78b716ff4330494,54;53;53;53;53,,,TRUE
445,4,20801260,ec3e2776a482238d40dd232209160b96f06a43e97f4c615e19be2218ed0f0de1,54;53;53;53;53,,,TRUE
445,5,20811260,9c0d34171208495c93701cc5eba423dece45d09945c86322f940176d944f99cd,54;53;53;53;53,,,TRUE
446,1,20771261,d1ff2458fda9036df3a3e2238796290fa235765cbf691ced4053c7f501cea359,54;53;53;53;53,,,TRUE
446,2,20781261,ea97c83dd6618c77c8f03334abdbaf97b72e0828b7f0972ed4a14180a49c6076,54;53;53;53;53,,,TRUE
446,3,20791261,c69d4cd210507c0ecd4fec44db20d4938c888e39e83f94fa73be48757a48b8fc,54;53;53;53;53,,,TRUE
446,4,20801261,344f86119b0ac6825aa4a0e529983ed42d9b3ad3ea1250daf706855ad6db6a7d,54;53;53;53;53,,,TRUE
446,5,20811261,b587b53c360110fd0cef4ead77aa269e87bf31d65ea0ef9ae87f006a121c0d1e,54;53;53;53;53,,,TRUE
447,1,20771262,f97e5b5af66c17dcb8355d14a865699d614f77e41fb5382989cb7706c1abbb4d,54;53;53;53;53,,,TRUE
447,2,20781262,d6190a62f7740640d059f18a941a4c44c458e6fa73a0e5506b9e50b1eb47bf9e,54;53;53;53;53,,,TRUE
447,3,20791262,f8f11fec4ea3b58af55e3ba41583b02d45854bdd56a8f12fbb02a54a6c36cbc8,54;53;53;53;53,,,TRUE
447,4,20801262,b2642c78df8bc8927662606cabc1b3f59cdb7a6d34b75cf6271fb9f17c8022c9,54;53;53;53;53,,,TRUE
447,5,20811262,348aaea7332ebc3ac452d7c52150f1c93ecb8bd6fe8f73f2813db247d2ae3c58,54;53;53;53;53,,,TRUE
448,1,20771263,40c57a1c0f230ffe93bb51c80069d2ec559214c6190fedfce67f02dc56aaf312,54;53;53;53;53,,,TRUE
448,2,20781263,730cfb8d78db5ecfa11bed149cbd15d75dccbb47d8542cb20a93def480d9d787,54;53;53;53;53,,,TRUE
448,3,20791263,55969ea6a7c772deea70a3e50fbc1817a94ac767ad3c4f4cf512e1784cf20b68,54;53;53;53;53,,,TRUE
448,4,20801263,19aac0b51daf122159a023556e031331b8f9795f6411069074e78593c273553f,54;53;53;53;53,,,TRUE
448,5,20811263,d16acf10ec245f56f071d6181807e7d42496d1d19525d5afbe6c63bc64233457,54;53;53;53;53,,,TRUE
449,1,20771264,01e27517e23de07fdb7971c9963408e5cde87b4d87b77a9645a9127f37902210,54;53;53;53;53,,,TRUE
449,2,20781264,3e662411c11e5ca3b7e554decf418957b082ec1618a528b61423c6aec2d2e30f,54;53;53;53;53,,,TRUE
449,3,20791264,8146effa42694397725930d5dbf9174a5423d29b60158438fd391d2f4200971f,54;53;53;53;53,,,TRUE
449,4,20801264,c395a5984ea47f1dab343add08ad3306e5a4acb6d60ee51c95ac41dda93487b5,54;53;53;53;53,,,TRUE
449,5,20811264,a64b96197d15eac627a0a2081625bfb9a49d74a00bb5db240cceb2c539d43d31,54;53;53;53;53,,,TRUE
450,1,20771265,6f048c61f913e1886af35d1ba2a78ff371e903ea7f5c14757228743dcc7a9836,54;53;53;53;53,,,TRUE
450,2,20781265,b5ce1c1e85fdd94954fd4df9e4327ff2746d95b564d6e4bac82fed59f6ce0e1f,54;53;53;53;53,,,TRUE
450,3,20791265,e1dff1f8f19cd5778cc917885f51dc3a50f47d5773bbc9ad1e63740d99ab24af,54;53;53;53;53,,,TRUE
450,4,20801265,d32a55462c3f900b13cb6277852c6aa89906b53d0cdca77b42ee73f230a57bd7,54;53;53;53;53,,,TRUE
450,5,20811265,2d393cb095e4704887cd26f3b10a7304e40aa6b076fffcb9e753791e4e695225,54;53;53;53;53,,,TRUE
451,1,20771266,990471c9fe08ed31154d38ad6482d9b2bb55c2cf08350ae2204c31e8f614ffd8,85;85;85;84;84,,,TRUE
451,2,20781266,20da91a926cb3f4c2b39cb81e41817ad228615dddbb24af998591a7f73bdc185,85;85;85;84;84,,,TRUE
451,3,20791266,8ce034b21c46bcd68a4aa85634897cc6bc914a50872ad4d8c66de8ce39c0ff90,85;85;85;84;84,,,TRUE
451,4,20801266,0457a08bd8bb7aed27dfc74ece2515a29cd9aff42e9ca9de2bc82f3cbed41593,85;85;85;84;84,,,TRUE
451,5,20811266,2a6632e8aa793a1dd3b9b492f19611f93f74528787abd00d0461641b476bc35f,85;85;85;84;84,,,TRUE
452,1,20771267,c16b33dc8d101a180a97ba47bf38c95bcc032e633fa82585461b00183e399d02,85;85;85;84;84,,,TRUE
452,2,20781267,1175f7ea78bfcf7745117530de5ff880d2955ac1d0fdc0a0ef6594153c8bad27,85;85;85;84;84,,,TRUE
452,3,20791267,5947962623250965d56042b9ebc7951fb03ee87b8e94a737698d7db3198f058d,85;85;85;84;84,,,TRUE
452,4,20801267,0aaba90cce9dbaa9f26ca7ee25c4913fcddd9c146420778a179af0d4161ee43e,85;85;85;84;84,,,TRUE
452,5,20811267,0ab27aca0de69ff51aeed88d1b3876a0e47f59701b2834b9b9e8e7b16ef157e1,85;85;85;84;84,,,TRUE
453,1,20771268,ef990da32a6806edfa2879d9d439e49cf70e0159cddeec84adf00fe703361f79,85;85;85;84;84,,,TRUE
453,2,20781268,9381bfc295a0de39fa85720b4072549d60f8ea9cb7a17c306c9c157dc6528fc3,85;85;85;84;84,,,TRUE
453,3,20791268,2b494b3a320c8c4dc818e306887828e8862aef99c7ef769a327c7413c7580f4a,85;85;85;84;84,,,TRUE
453,4,20801268,9e311c0ad5937b4d5bcd151ceaaaece13ffbee23eb7615fd6358d6493ea08701,85;85;85;84;84,,,TRUE
453,5,20811268,dab1319a5f48c49874f5fe2be18d4d7af533e3c96f712d0a718407b4aa0a6f1b,85;85;85;84;84,,,TRUE
454,1,20771269,5f8e2dc05ecb5e2c05342e617681c9ddc31fbed99d3fff23951fc3373ce33383,85;85;85;84;84,,,TRUE
454,2,20781269,da878bdc63ca8bc1e68e81c25d6496e33e96d6e823957cd5ba19cb4f43f984a8,85;85;85;84;84,,,TRUE
454,3,20791269,c84602c17a805a3e2edabb91fb9e9a42a955b6af0b80cf04151f06cfc5495771,85;85;85;84;84,,,TRUE
454,4,20801269,6473516f9717ff07afb390e9ef6b2cfcbe7be75d153a92372d807d37655b8d6f,85;85;85;84;84,,,TRUE
454,5,20811269,2b48a0cc3289b8a3b351294fb56e5a3c9dfe72a798b86b4b22f6d2abfb06c174,85;85;85;84;84,,,TRUE
455,1,20771270,ac2af7cea40922ef6d3ed36e8712fc8f6cd270471470e000575f39fe9db4d9d6,85;85;85;84;84,,,TRUE
455,2,20781270,88fb9b20a37ed6d64c70d2321678547cf8ff9b0052ce3cab1dceb02a0fc8ad74,85;85;85;84;84,,,TRUE
455,3,20791270,b9eb0b7416c4fdcb1c07f751914c9fd236754eea2900550a635e5689ed27d743,85;85;85;84;84,,,TRUE
455,4,20801270,666d01e488a858cce93e637cfd88e8e45f96332f9ce656075c6b03f1d5800b19,85;85;85;84;84,,,TRUE
455,5,20811270,4fc5b35602f5aea0a17753d5610e0a91e0de79717d0c8fe7d1600687b9dcc118,85;85;85;84;84,,,TRUE
456,1,20771271,4307063b1fbfce08c4102c6f2d1a9b60b70444945b94e1b7855fb9bc0726bef7,85;85;85;84;84,,,TRUE
456,2,20781271,ac3ab0a88ccb6a98cfbe733f073f9adb770288b11d634938f4d7f6e973d275f8,85;85;85;84;84,,,TRUE
456,3,20791271,31076a5c21d9ffefd282737aea5815a2776d84068ca7f2dcd080aae80283962b,85;85;85;84;84,,,TRUE
456,4,20801271,1fb814a954068dde6ad7248971ae7053d9d2238c2c9fe7ea94e227b1cbbb7345,85;85;85;84;84,,,TRUE
456,5,20811271,ab70b0aea8d51f1932fac14746cda479e584f77755bf62f37d498db245076f5a,85;85;85;84;84,,,TRUE
457,1,20771272,44cc8b0686cabb63bfc92572e3e4d94b16e33b2e749f309748ba295f4f281388,85;85;85;84;84,,,TRUE
457,2,20781272,c5ed2862ba93731bd53b7a11d799d9492bc5f23873df65e5b2089cfb29fbfff7,85;85;85;84;84,,,TRUE
457,3,20791272,fc449c2bf8a370bc35fca1bd357b35928748a1dc6ea25b1683fe54126e0fd75f,85;85;85;84;84,,,TRUE
457,4,20801272,0c9821ac3399cd274b40e77849ca4b5a50737cfbf44bed8d97d3ac0d86cecf16,85;85;85;84;84,,,TRUE
457,5,20811272,fa1cf7db46991605e0cea98d9ecfcdf916c1f45655b09d2abc029c0c7efa4bf9,85;85;85;84;84,,,TRUE
458,1,20771273,86372d08c5c70e21fa4fdc37dcf0cc70e70f66da3088b9a0ba6ae2da57e8e224,85;85;85;84;84,,,TRUE
458,2,20781273,a523fa35c7e0a1adcda0f07d0643159a833c3e9658141e23f895ab5f74f45395,85;85;85;84;84,,,TRUE
458,3,20791273,297e7643cf441b51316e2db1cf031c60184b34e3bfbfa3d88b0f086b05b46273,85;85;85;84;84,,,TRUE
458,4,20801273,e672a61c455f1e8b082e7cd010fe64e507683f7941a82a3cc3f59a1af75fbcdb,85;85;85;84;84,,,TRUE
458,5,20811273,266c87cb7200e29308665e9cc993e1a3e41f7ff5d79de7971cb85052928639ec,85;85;85;84;84,,,TRUE
459,1,20771274,cbccf5f4768fe248f5965820ecb50051442eddb2713dc0c446b9e40606293c9e,85;85;85;84;84,,,TRUE
459,2,20781274,2d2bcb6ea2ecb823fa11174fb2c8ce360b058337cadbdd83a597bc9ae0a839a2,85;85;85;84;84,,,TRUE
459,3,20791274,53a8f70f25182904181145fe2a2cb286c27917e56c45027dc6b7b4be4c37106c,85;85;85;84;84,,,TRUE
459,4,20801274,64b9a6e56f24a4d1d9dd06648351b293fca16b6e4253ac3b7bfc213b1ec2716d,85;85;85;84;84,,,TRUE
459,5,20811274,136a21f38ad4d7c762adb4100bd952d961bcb0616152752c6e8b7f2065d89d4d,85;85;85;84;84,,,TRUE
460,1,20771275,e1592bc10753b3510bfe8dfe397056871879a21a7a2623d8b0b04ac868251afa,85;85;85;84;84,,,TRUE
460,2,20781275,48237814bf21f02ccedbd3790f5d41bc6910ac29d6e4e600c63d89fbd9540c36,85;85;85;84;84,,,TRUE
460,3,20791275,54ff11060f9b6037d53f5694e73c6899af9c20c738ea7ce3d2a292f11b01d426,85;85;85;84;84,,,TRUE
460,4,20801275,2df137b0c24786b69073d48faa5a0b9a5a719426f1c378e3ab5c37e654ab7d02,85;85;85;84;84,,,TRUE
460,5,20811275,410ee91018057bd37440ef6e6ad6266862784040ff7c9b5b01a276ad6cb40aca,85;85;85;84;84,,,TRUE
461,1,20771276,489af934b5fb7b2d29b99d12083ce0b33d9a0ee972abb1ce6c8abee741a55123,85;85;85;84;84,,,TRUE
461,2,20781276,bdec0115b4aff871c18fa5cb593dd06a0ef02e9665ed75d766dfccdcded0d756,85;85;85;84;84,,,TRUE
461,3,20791276,7abb0688581a08d4c365cfc2c6b87b572894a39d59634afa787e1464c91ba835,85;85;85;84;84,,,TRUE
461,4,20801276,aa83eec3fdf4156918d3f2921e9204d534bd25da908eb67661100503fe2fdfb6,85;85;85;84;84,,,TRUE
461,5,20811276,fd03539f9f955d90280f4fcefa4367ba35e31f687d06abc9d53423f94f197c4d,85;85;85;84;84,,,TRUE
462,1,20771277,15e06f02e1e6b7542fddb4e3675e34345a5628afe910cca3e0d8a5653b6cd0df,85;85;85;84;84,,,TRUE
462,2,20781277,5650453e43ce13929bdc666f847ca1b0e509736614b6785c24ee394c2f533108,85;85;85;84;84,,,TRUE
462,3,20791277,3683704ac2ac96f0af488a53904fe0564d2f9642b1816e01e07b08db42306e89,85;85;85;84;84,,,TRUE
462,4,20801277,01b1084295d968667e17ae141425a290eb4969e1ca3de9179c502ede1fdcebc5,85;85;85;84;84,,,TRUE
462,5,20811277,e01a67562b1c828737827e8a77a1f5822ee2d72eff4f18c2def56dd5d708c813,85;85;85;84;84,,,TRUE
463,1,20771278,569a7bf96fa7fda9b5284feca705213b632185421b19ebcf2ebe1cd47c604e0a,31;30;30;30;30,,,TRUE
463,2,20781278,bfb2ee1cab4aafae2f8a11345794b4d8de6ec63244666e2ee53dca041889f121,31;30;30;30;30,,,TRUE
463,3,20791278,9f19dfb3ad890c36d37d39287b38bcdc8b687c449b68a181456ecb5b2f3589d5,31;30;30;30;30,,,TRUE
463,4,20801278,3ef92354dce4fd4e4bc8195b92f2a9dc4082050f5f988e59e6516d7b1af9983f,31;30;30;30;30,,,TRUE
463,5,20811278,e3add20038a474aa587419b5e51df4796f93eaf58e86759e6b1cdf48d6c1a40b,31;30;30;30;30,,,TRUE
464,1,20771279,996b25bf2b1cac71c9adc2959d771775ada7f23813656343dc9f72cc56e78942,31;30;30;30;30,,,TRUE
464,2,20781279,dee6b724d9334bfdb958e9d4b94593f5b5eca0de80ae2f0dc8d5abaf5f51f453,31;30;30;30;30,,,TRUE
464,3,20791279,84e7126b5e2416bc449d053aa0a83e1d66e8826a9704b4e87b2b706bc32a5de6,31;30;30;30;30,,,TRUE
464,4,20801279,72798669d6218ca8e449f4afb05bd8d0b055d7ce214481572659a9fb0413c672,31;30;30;30;30,,,TRUE
464,5,20811279,cffa1f0aa183087180affa189e9a058dac953f4078863715f4922ae29fa7def8,31;30;30;30;30,,,TRUE
465,1,20771280,fd3289e91491e9c550c365e81d4a9e1eac517c375e62ad620504498fbf00b20c,31;30;30;30;30,,,TRUE
465,2,20781280,4c85f343fa8dbe20801ff8bcf39b149597b342272a416a8550cd8bba02bff015,31;30;30;30;30,,,TRUE
465,3,20791280,3507d0b0f2ec87df31f22d70ab7b88ef030f54fcf9f40440c9087576da3d5196,31;30;30;30;30,,,TRUE
465,4,20801280,ac63f412e4b9eedf41193246f00ef9d1aeb206cc90f9c1ae628a089851842083,31;30;30;30;30,,,TRUE
465,5,20811280,9204f85154d6e9e6bbe55eb6a61a2771d0d38a1c58fb9f590aec2583c3203472,31;30;30;30;30,,,TRUE
466,1,20771281,29465aca7ea317cddf45933270b71e3c6bfc31a23a2ea78df13dab2f5ca0ee95,31;30;30;30;30,,,TRUE
466,2,20781281,80aa6d303c10ce0b8a5a742cb24a50af1e3634cdd42ea0f2b9b513a14b561779,31;30;30;30;30,,,TRUE
466,3,20791281,13480062685cde5009f0c5ad28535fb49e94960365c4ae5e7273eec9477211d3,31;30;30;30;30,,,TRUE
466,4,20801281,708aa9710033a7ea6070aa29507132f45127c1fb0869867396da6e4fc16f0b66,31;30;30;30;30,,,TRUE
466,5,20811281,1298f122430ebe889e232e5f73396bcfe9dabcd830cf2cbb74df77512c130dfa,31;30;30;30;30,,,TRUE
467,1,20771282,4c09b3c4358c5ab89a075b7185184a11906a8321e5d6edd53ec9482007dc40cc,31;30;30;30;30,,,TRUE
467,2,20781282,81aa5992c3d90460102da74956fa1af7b1a24bc9bc901a2909dd078e6a175f56,31;30;30;30;30,,,TRUE
467,3,20791282,90b54ea983bb6c786dcecbaf4906ee0d0f47e17eca172323c392760473e1569d,31;30;30;30;30,,,TRUE
467,4,20801282,d64622b304daf0f91f5832536816d29e4b5037dcff9de393f6d5d32eae38d0e3,31;30;30;30;30,,,TRUE
467,5,20811282,273044af4fc968abccc90c9590ebc23444507e9317679d15b4fa480794341aef,31;30;30;30;30,,,TRUE
468,1,20771283,3faec2587c6b1a98bacb9c9be0799f76e09e19a8f9513f02842a17c481ae63f3,31;30;30;30;30,,,TRUE
468,2,20781283,b42dee62193812bc919f4a3957c261b2b603e66fcc2e2a9cf8fdbaa90cee3a4e,31;30;30;30;30,,,TRUE
468,3,20791283,4dfc89b96833d76bab24285f3439c2b3eb607e1a270863a5f4007b5b338182b2,31;30;30;30;30,,,TRUE
468,4,20801283,807772dd8724cd8c0316d8e83cbfcdfc2d504101806166292ce409b83932f004,31;30;30;30;30,,,TRUE
468,5,20811283,5f80d1ed8f689f4ed17b17e692eb0dd0e8174c590e59b4821ad8300999556df7,31;30;30;30;30,,,TRUE
469,1,20771284,8e27a869aa95cf0ec6e07c1dde5c398ac7746ae0296db173c653a959b6fbe42f,31;30;30;30;30,,,TRUE
469,2,20781284,8b1f373be7077799a433bd8b6756cb5ccf19c7e5477c0fcf8b0e3820ab5db9d7,31;30;30;30;30,,,TRUE
469,3,20791284,7c654e10a4f009709583fee6aca7be3eb3bca740b244c02d99460b80e987c280,31;30;30;30;30,,,TRUE
469,4,20801284,43808b7a865b8cc338fa966af6bd34ab8a8ed8d2bac3d41e71fcb877d59b181b,31;30;30;30;30,,,TRUE
469,5,20811284,0959b903c4525e4c1b58e2dddd31fadbb548018aea6bc2334c8d36aa0c057d1f,31;30;30;30;30,,,TRUE
470,1,20771285,7148838e1051fe6813c1adcaae20e775d632550a108faf31c70b9d45a842d5ea,31;30;30;30;30,,,TRUE
470,2,20781285,0bc4e55158578141fcefab539ae6f1ba6641a9ab6ba1b90d4d9bfe3024efdf3a,31;30;30;30;30,,,TRUE
470,3,20791285,230cdeb4b16502c6b8b6a17bfa4a267971469362458ac3a82cd09760733421ac,31;30;30;30;30,,,TRUE
470,4,20801285,6d61e8fe9327c0049ed38ea5729c52030774948d9d15f9091cbdcede813a1472,31;30;30;30;30,,,TRUE
470,5,20811285,78b72f269c7bfceabfdf330dc7e1830f8d77494431abbe7c6db9d31dac059209,31;30;30;30;30,,,TRUE
471,1,20771286,e5523ed25e9af8c4ea1c3935518723c1712712e2884c8583a4aafc429050d6be,31;30;30;30;30,,,TRUE
471,2,20781286,40984e7e11918674634b4cbe9d437f79e661efb12f5e9358085249b3c68b3b66,31;30;30;30;30,,,TRUE
471,3,20791286,1d63924466465d1140fbf9ef48aca0e26f38bfdae21afbe489b91d51177a5ff9,31;30;30;30;30,,,TRUE
471,4,20801286,0556d864065b4c9cbda6411de799432518e66ccdca38543891b5231917d37872,31;30;30;30;30,,,TRUE
471,5,20811286,e3ac9a2a61a0586536fb8aa86146e61d008dbfeb1bdeb7c76d5dacd7971334cb,31;30;30;30;30,,,TRUE
472,1,20771287,86819109cd837e8d570a95d2044add8a2d5b76a03a3f51e5ee87673cab9b8214,31;30;30;30;30,,,TRUE
472,2,20781287,1123a203cfcc9a6c134bcbc2d9843e9d744c2f237f6c5b0484d4e0c005411f1f,31;30;30;30;30,,,TRUE
472,3,20791287,5a6e695e8a0a0206a22f61a36d0f944bd407289881784e208d6515db59453b9e,31;30;30;30;30,,,TRUE
472,4,20801287,73c67fdc444745979a0bc3e800f79d895b68ca7c74438e81090c2eb6cd0ea803,31;30;30;30;30,,,TRUE
472,5,20811287,d9f6027839af027420bced834dc9181ed5b3862860d57db1e115577d5106491d,31;30;30;30;30,,,TRUE
473,1,20771288,274d4f8005ff032565021c77d827f6bb958c60fc82891a81ee10071a47583a24,20;19;19;19;19,,,TRUE
473,2,20781288,0842cab94bf602d4040404fe1c83405e4e3b24c6b39bd0191f9112422150f861,20;19;19;19;19,,,TRUE
473,3,20791288,e9a30e2cfa7de94c74375ccb62050ec0e1f81bb5a4f0b5d2d632bc70b74499af,20;19;19;19;19,,,TRUE
473,4,20801288,6f35a845bb9e6ba87901892d0c1734a01d0702c4ec6464dac6b197fb827599fe,20;19;19;19;19,,,TRUE
473,5,20811288,038ebe6a7cff5ca3f5c9b2792fede3990b47f11f1cfa9f22442a10865539f15e,20;19;19;19;19,,,TRUE
474,1,20771289,ddfe980032004756487109a88cdc50dda94e83e39f6855f47d4734e8267136a5,20;19;19;19;19,,,TRUE
474,2,20781289,22f5a823fbc6ef7bcae923d48ae205fffbb4b761316a4f384435b80400f6c007,20;19;19;19;19,,,TRUE
474,3,20791289,c4913a97254fd9f496ddda44b12063125012735f99cafdaba5806d333b67143d,20;19;19;19;19,,,TRUE
474,4,20801289,4766c3d173293642acce30f5a158aea4363bf1904fbdc0932bf35494fb965b47,20;19;19;19;19,,,TRUE
474,5,20811289,e9f16cd069f7508b0a4b391429be619a370f64f2d59e06805604ebaace07e541,20;19;19;19;19,,,TRUE
475,1,20771290,abd6febffc6ed465364dd7170f5404d0f4d09df225dc3a0cef493b2253414de8,20;19;19;19;19,,,TRUE
475,2,20781290,e653c71f29520ead4ca98b476dd33f502538a3d1f3966d22ae1a3555f0279b7d,20;19;19;19;19,,,TRUE
475,3,20791290,5c646d9d4af59d5e5d4a09249f9b07938c249c0e029f6159445a7ddadef4b8bd,20;19;19;19;19,,,TRUE
475,4,20801290,754ee14d12ec721931cdcbf7cf7f71272875c098f922edea56027661d348f41c,20;19;19;19;19,,,TRUE
475,5,20811290,1a280e9cea318dbed219aa6ddfbd0feb3266c24e43d88bd6af6ec2f0f2dfcccf,20;19;19;19;19,,,TRUE
476,1,20771291,676a32ad93b40057a6b869e223b12721f5e9e874b9239ee06660b6a00bb52abe,20;19;19;19;19,,,TRUE
476,2,20781291,98b5b6a289b3f0c3bb253df793604c4ddae9edc187d7b19be14c1c11af018d00,20;19;19;19;19,,,TRUE
476,3,20791291,e7939de9ae3da3b7e548ee0c41996d2a1880ca2ba164d9f260f7d4f334977fa4,20;19;19;19;19,,,TRUE
476,4,20801291,d597a9367752acdc2564787ab7a512f12adabcde673b9c6da66d0ca01a463ce2,20;19;19;19;19,,,TRUE
476,5,20811291,82c21a71ab272faa26e5ac8e4b9f6418864ca7b189beec27e36669348887d3b4,20;19;19;19;19,,,TRUE
477,1,20771292,0e97ef2c22b28dea4063d6be5fc7d66f39a20809d39d1f5f178bfa6c31f739df,20;19;19;19;19,,,TRUE
477,2,20781292,e4be7ab679a1787ace0275f164dd75bc094fa6db4faba48a7a2d8edc95cf9077,20;19;19;19;19,,,TRUE
477,3,20791292,22a91345d970a956fda1d5583373d95b78cad9a088e1ab9bfe1db8e49a8c37d1,20;19;19;19;19,,,TRUE
477,4,20801292,144fe69c7f56328ebcb492fc8f65714ff965020e05288f54e7d3f8e21be88376,20;19;19;19;19,,,TRUE
477,5,20811292,583096607512566aa7a78835bd3004c396e5400341cf7658c19346a70f3a7072,20;19;19;19;19,,,TRUE
478,1,20771293,3fc796b1e233651e5d85bfdfd64780a586d8b27cec48c41085f5caf818e1b570,20;19;19;19;19,,,TRUE
478,2,20781293,2ef962abc6c3234da6bd5677221ad1514e07edffa235bc659e13ef979ecd227a,20;19;19;19;19,,,TRUE
478,3,20791293,17e283b61827e548944ec73463001d91406113ead662b60f34a622a90f1919fb,20;19;19;19;19,,,TRUE
478,4,20801293,b7b813a99a1127aaefe67b68cad414399a4fedcbe532320077a26a09e3953de1,20;19;19;19;19,,,TRUE
478,5,20811293,0c5eb4a5df80a979a5c7b6d6f27c3164356905c03406e60a8a1046df65c2d6ae,20;19;19;19;19,,,TRUE
479,1,20771294,2959d02b913d600c015aff1729c187d34e1f203947c94f2ece691fef196ee859,20;19;19;19;19,,,TRUE
479,2,20781294,07c2f7375c8674f6c7111cafc8d43def4c24e113a730bda43c4418fea4beec52,20;19;19;19;19,,,TRUE
479,3,20791294,f7dd42c7be5df9ec5d502ee68d25800a8a442cb1a32473e350d65b6e8d255377,20;19;19;19;19,,,TRUE
479,4,20801294,04b53d46ef56574c6ed598c2246b43cdbd49e7c0d1f6f48c7eca32ef439a2749,20;19;19;19;19,,,TRUE
479,5,20811294,578004d0bdfa7b36c07d2eb63680796a24b725b52e1331249be36ce53ac9c2f0,20;19;19;19;19,,,TRUE
480,1,20771295,c3f08e3ba8a3ab8d7cb3ff68426e88c4fec9fe4a0eaa39c0e1f678399dc352e1,20;19;19;19;19,,,TRUE
480,2,20781295,87b02a41dac5121b7eba7ddd492e77b31721105ab67d13bee103ec6f53e83d7e,20;19;19;19;19,,,TRUE
480,3,20791295,3c16f9b229264d311ff554df50767c53bf85bc2d6a3d4c9632de3ae3e54fa4cd,20;19;19;19;19,,,TRUE
480,4,20801295,634310500662a44dba309df6c755bab75c0c6f4126f91d909e8954a02ad9429c,20;19;19;19;19,,,TRUE
480,5,20811295,79f430813883eb021dc815d3955776e1f233db608e760aee59a0a85f36d3d399,20;19;19;19;19,,,TRUE
481,1,20771296,a7f4db747af54d7115da335d2e9f8417d581058a7b7dc3463ce874c23de23bec,20;19;19;19;19,,,TRUE
481,2,20781296,61bcefe910b52caf3d2729b9102b2a40cbbe92a46245ef68709a54d3c53e8d18,20;19;19;19;19,,,TRUE
481,3,20791296,05ce103217b74bcfcdaafe993cc8836d0af8b443e096d076e284bd637c69473e,20;19;19;19;19,,,TRUE
481,4,20801296,669591aef3de9aa6fad038c7fdfe1ab7e2bba1767b552706dc3dd7e46fd9fd2b,20;19;19;19;19,,,TRUE
481,5,20811296,13faddf36ae2dedfba2140ce6f82791820fc55c45b1fdaccf63a6a6792876bf2,20;19;19;19;19,,,TRUE
482,1,20771297,b0cf596b410ebcfff26398b49e936d69ad01596776aae847450e5af20ced491e,20;19;19;19;19,,,TRUE
482,2,20781297,6496a6ebe7f58880c0945e3f13856bea0b498c198a7d1baf49f7b07594b3c7f0,20;19;19;19;19,,,TRUE
482,3,20791297,e369c86ede5eb1eb6d0718bb2f343f2f48a7f7ca2e8f3b0038043c5da81556dd,20;19;19;19;19,,,TRUE
482,4,20801297,107e36c578bc949ebeaeaa3016b171fc415920bda8e1ef195dfb0b96d574951b,20;19;19;19;19,,,TRUE
482,5,20811297,628e8188cc9ba6c1cc31f325accd95237052258dc53dfa2511384c6e8ca2e776,20;19;19;19;19,,,TRUE
483,1,20771298,f3a79f8ac871904c047d27c26d75313061f646f2fca71989dc1fa15eae7e28a1,20;19;19;19;19,,,TRUE
483,2,20781298,640565b92aa153bf7e83f1a4b7c627623ee34eb4b8516f67d337c18e7b1aa428,20;19;19;19;19,,,TRUE
483,3,20791298,debb8dcddb90a3b992cbbcac7f1665bcab05be28f9a9fcdcdda898345ffdfd5b,20;19;19;19;19,,,TRUE
483,4,20801298,57e4a21cd66192e39172bac634a5d6a6868d383d6c9e2a4fd408de8078eb4ccd,20;19;19;19;19,,,TRUE
483,5,20811298,e8df5ce0ef9482a0a092dadfaac89b5e8733c4953538744d4d607e9a53d6c7d0,20;19;19;19;19,,,TRUE
484,1,20771299,c72aa6c322850db03dc7353b87b6e3b3b96a5db7c84560c1db1701e41147d0c4,20;19;19;19;19,,,TRUE
484,2,20781299,34ae485b5d2b33cd93e93d06d45782697b208e5882ea80fa695f824a2370042e,20;19;19;19;19,,,TRUE
484,3,20791299,ee20484098ea5e65c23ffa2fd180e3620b28209124490065d6817ce4112091ec,20;19;19;19;19,,,TRUE
484,4,20801299,17c047ca6db9326ab524b0cd67c638aa3ddd762d0d0e9031d0eda1521ca94f23,20;19;19;19;19,,,TRUE
484,5,20811299,f342790f7ccc2703bc15fbfa20887e3f1188b8694c848392a1a9b448209ce6d6,20;19;19;19;19,,,TRUE
485,1,20771300,7d270d73f89f9b7a6b77de29741dd1f9fb9c9939bdf3b0bd36cef632d2930381,20;19;19;19;19,,,TRUE
485,2,20781300,bbba96df3987f0b5f437d898bd04cadcd8bf61191122e6052310f731c5565e16,20;19;19;19;19,,,TRUE
485,3,20791300,46531ecaf99ac54acc359edf514746f2afd3f438b0faa3eab954d01cd4524c86,20;19;19;19;19,,,TRUE
485,4,20801300,e67155875dfa9f46a4f76e87ee9a638f5be59fb8eebfd0a8b7af5a6b3cccb1b8,20;19;19;19;19,,,TRUE
485,5,20811300,64df5075ee365d8908b0ab898a457187056249f8ff30d89fa2dc81b1d7cc8ea1,20;19;19;19;19,,,TRUE
486,1,20771301,63f8b240e504a6b06450f2efbd0bba6e4dcbd309e1b796e8de44bf9d8888ee8c,20;19;19;19;19,,,TRUE
486,2,20781301,d4aa0d88371a6b0c1dfafd48c8d8fd0381c6c87c614363a844f9e3daa47415da,20;19;19;19;19,,,TRUE
486,3,20791301,01187304ff5e3d8c194e6fe1a3e5b0ccb8f71afa594108bdd1fc594cd0701129,20;19;19;19;19,,,TRUE
486,4,20801301,dd118a745ce3cc21a9e3a125f81f674ef8eadf6042d631bf4c2a5b77e3a09970,20;19;19;19;19,,,TRUE
486,5,20811301,1dccc2cb4298a6e609a749200d6cc9053ed8f997eba58be98dfd6a4acf1fd3fe,20;19;19;19;19,,,TRUE
487,1,20771302,df2d226069ccbc9ec5a72c5b83dc55b2f8691c297685204a287298db63d2a86f,20;19;19;19;19,,,TRUE
487,2,20781302,6ad8b756120f06dbe955057f53a1d24ddb9991ed59e1d4a4afcbeca3b22b4a16,20;19;19;19;19,,,TRUE
487,3,20791302,0ee2c6f34afc02bb663b87524d5c68a3e4732e329fd2a8b5ac961011c3378dce,20;19;19;19;19,,,TRUE
487,4,20801302,3a7528740e44a02deaa09faddaad701bbcc7fa3bafed6e9ecf3896da440c5e5a,20;19;19;19;19,,,TRUE
487,5,20811302,658e80f9895d9ff2b942186ddfdd0753699ecf02a23c1f51b0cd263b0248576e,20;19;19;19;19,,,TRUE
488,1,20771303,89cbb750e2f0dfa392846884b74706a8bad997453e7d2724532d71cd36137813,20;19;19;19;19,,,TRUE
488,2,20781303,321696bead90eaec39d13083f72dc784a15b44ca02a7fff67880e680be4fc2b3,20;19;19;19;19,,,TRUE
488,3,20791303,61d5b8e6a4840614cc6fb1d0d94b204f9d66bdb1749044e6bfcabd1cfb28a005,20;19;19;19;19,,,TRUE
488,4,20801303,3245fa61ef5c8525475fdfa28ef192bfaf751873c7a2e60be4d0c8bb1f8a037a,20;19;19;19;19,,,TRUE
488,5,20811303,8848325e4c23d1cc38cec2f54e0b03e97efed26055584e33a15422b5cf7f2c59,20;19;19;19;19,,,TRUE
489,1,20771304,4a9c5fbd7b482a612598fa180582a2c038f60d7d8849df1d3bea2bc7cdcb3112,20;19;19;19;19,,,TRUE
489,2,20781304,3c25659e6a5de6b6b469b41d0544e24c512fc4bc679b4b6ca6018662948b5d84,20;19;19;19;19,,,TRUE
489,3,20791304,6325c69d2c3587e46d13276f100ef4ab85dcc800212434d14f24ebc99f18acd5,20;19;19;19;19,,,TRUE
489,4,20801304,e288e734e18e9c4aa2a052f95a5acf0c8b7d27231cb0a56974de2bc2989ab596,20;19;19;19;19,,,TRUE
489,5,20811304,f6ab4662c14fd854b513ab528bed076c0b999a05134cf305b8fbfe5c247e8729,20;19;19;19;19,,,TRUE
490,1,20771305,0f909f77c24b7fc0843f0072ba15690971e6af5de8df48cec2545131b4a8c1f0,20;19;19;19;19,,,TRUE
490,2,20781305,ca0490ffa81c160162f53a530542b2ff202ebd214d894196c71126dc48776389,20;19;19;19;19,,,TRUE
490,3,20791305,048f46e7074358ba37ba38b8ee329a14222fdeab8acd454cb148ad9c879e9252,20;19;19;19;19,,,TRUE
490,4,20801305,92d4d31fcbc2f1f005b5a1b686fe24dbd87bbe6bfd5f88a202d14cc45dd07a3e,20;19;19;19;19,,,TRUE
490,5,20811305,553cce7c65a8e639d4544bcf4fb6a91c16fcebbfaf4820ab0b8f5949c7c9a90f,20;19;19;19;19,,,TRUE
491,1,20771306,666a7d0ace8c4e8f6b86030d14cb60393ba61f31753d0b464ff0b0533663378a,20;19;19;19;19,,,TRUE
491,2,20781306,8a72fdf497d5cd037be1871809b7a076e046033409c2176667253407e2187e75,20;19;19;19;19,,,TRUE
491,3,20791306,02cb26c2be3c0105b83c66f48064b396c89931e7a5b83620ac741c3dbbf1e0e5,20;19;19;19;19,,,TRUE
491,4,20801306,851f561c56f22148e5fc35f10c8b97156b8e9342681f97ee48b4b38212cb335d,20;19;19;19;19,,,TRUE
491,5,20811306,cb83ff47900eada198826f51926bbc5614562b13c9fc994131f055f880151232,20;19;19;19;19,,,TRUE
492,1,20771307,2ca5480a1cbe5846cc23902933151fe7fa7339f9171abdd15961dddd8d52e653,20;19;19;19;19,,,TRUE
492,2,20781307,5cb545cef7e6559c3123c11dadea896a8e78ae958b95a2d15ae5d9f8648017bc,20;19;19;19;19,,,TRUE
492,3,20791307,f2fa88fd85a4372bd3c8b0f9b0173ff142a00b22800656ad4ad0631961d531ca,20;19;19;19;19,,,TRUE
492,4,20801307,ae5f4e69e25c695ef661487b249cad031f65456f409f9a1e81dafc837b3aa2a1,20;19;19;19;19,,,TRUE
492,5,20811307,16d81adc4a2982e455758b3da56f35ca70c320b7d7175d3f1f6c5ac2526fd565,20;19;19;19;19,,,TRUE
493,1,20771308,48b9ec3ac7f438dc6c94d9d1d929312045a9355571f8025a7965199ccea359d2,89;89;88;88;88,,,TRUE
493,2,20781308,9e3cf03bd525dfdc8ba405b1868b80cb1475a4abe2772db9010b78dd0e110115,89;89;88;88;88,,,TRUE
493,3,20791308,91afa6e19ddba8d5da3c641c498e78700e391503808f04b8cfc3351f72609168,89;89;88;88;88,,,TRUE
493,4,20801308,8e54d5bbd3a2c93c2566a1eac24ba471d0b9465c556121f53709af0a4d9bba53,89;89;88;88;88,,,TRUE
493,5,20811308,4d9306101417475fdb8dff204c4725c99459e39957388163cda5901c406486b2,89;89;88;88;88,,,TRUE
494,1,20771309,92d66dd9641d4503ab79800d58602aa717dc04f612a5243523fae568a172fd19,89;89;88;88;88,,,TRUE
494,2,20781309,7f8e4f6de82143619db0a0f0338a6bf609c14bb2f848895a4e089f3cd2507666,89;89;88;88;88,,,TRUE
494,3,20791309,df5b884faf533eebd1a374740c7ad8e674422d38e0cc7c61a254d72b35024ba1,89;89;88;88;88,,,TRUE
494,4,20801309,fe7b2966b22f6efce87cba2624378565720def9b7e8550a3369360230c70ade4,89;89;88;88;88,,,TRUE
494,5,20811309,1ac023e33db7ee1d348a9c0508a756f04141fece894f405aee1bd77c53ff3feb,89;89;88;88;88,,,TRUE
495,1,20771310,451cda43bc8c65a945fbbbfc470ebe7363542e6936eadcc7da59b65bb02a05dd,89;89;88;88;88,,,TRUE
495,2,20781310,ec9c94dd18989a21519b094e8888a6cfa93b3655be42f72cd4a814358e0263ea,89;89;88;88;88,,,TRUE
495,3,20791310,24e79d054ca75a179c47b89ad198aa2603a83f537820850d8b6a08e60307794f,89;89;88;88;88,,,TRUE
495,4,20801310,5e809fba2ade247c663d4b3fcae8710667cb253151abd5a6ab3ccb6e043115a3,89;89;88;88;88,,,TRUE
495,5,20811310,1c031aca45cd68136cbf9625f0890604b2bb8156e072011bf1767ff4aca37b7f,89;89;88;88;88,,,TRUE
496,1,20771311,c11b7a2ba8beaf0505b2c6b6219e8dffb5037d8548551bed8de152f807c13a13,89;89;88;88;88,,,TRUE
496,2,20781311,495dc938283297ebc74d9dca221e2a68ad0211b65f4d3cc6ece76fd18389fa9e,89;89;88;88;88,,,TRUE
496,3,20791311,c57e12ca6bb399373fc04c111548ffecafccd54eac8921b746476210d586b78b,89;89;88;88;88,,,TRUE
496,4,20801311,2a7cc6de49a9bbb5cbc84001934e929eb7af5f37589a85e1635a3611b378574f,89;89;88;88;88,,,TRUE
496,5,20811311,65e250fb95e65c3203437c170c21ba790ab3c6555b9e6c63dddd8b5ffd118ba0,89;89;88;88;88,,,TRUE
497,1,20771312,e3edabf71677babaf73f63a8e8bf6f8bbaa6d7310db51337a76a1d64e59fd18f,89;89;88;88;88,,,TRUE
497,2,20781312,0dde4760e096677de67cd883203bf8031ecbb66d440ab2c96169e3af3c25b11c,89;89;88;88;88,,,TRUE
497,3,20791312,495c3ba45375287f734f1fe7f316f381cdada33e9b9a4bb888a717f5b75380db,89;89;88;88;88,,,TRUE
497,4,20801312,5995bd61ad678a53d929e66ae2b68a4b40b30ad52ac1757cb3aba7e0f2fa05f4,89;89;88;88;88,,,TRUE
497,5,20811312,94cf2471544ad5d23db09749c66413cc21ec19e407fbe25104d8307c6c4cf630,89;89;88;88;88,,,TRUE
498,1,20771313,121af2f08efb20c86cdf8bb8e5ecc7b20996454175f0c0aff31901aa78f9123b,89;89;88;88;88,,,TRUE
498,2,20781313,6fcc3c8993d6831989a91e667fcee88bd9e160b4e037703e7ba1b3050a49d2c6,89;89;88;88;88,,,TRUE
498,3,20791313,153fb18e0311f7d3b89a45537fa21989e8a14dc4e26d39a76187c34b72262804,89;89;88;88;88,,,TRUE
498,4,20801313,e68102e8b0e3c8203f6f62179e09bf58ee7a1021480f80ea68f303278d2df221,89;89;88;88;88,,,TRUE
498,5,20811313,15635c45543d5d66e2739051e9df58bf58266a44feed23b3c2c5efd1cb0df0b4,89;89;88;88;88,,,TRUE
499,1,20771314,f35cfc105f699fc331ffe451df5fb41e66c3a5cafecdea3752f9f22b1333359b,89;89;88;88;88,,,TRUE
499,2,20781314,5f7fdea499de0af69bf9d30a517fb73175ce858eeae776844edec463f042b1cd,89;89;88;88;88,,,TRUE
499,3,20791314,01bb4e6bff80874552a5b8234d0693cbe59442fe55d2281a8d02b9ef944d6344,89;89;88;88;88,,,TRUE
499,4,20801314,67bffcfadbd3864a7a84d43259e98e13cc0331617e37dd666ff26df6edd119dc,89;89;88;88;88,,,TRUE
499,5,20811314,211ecaa45d5cce3e2757b7a685a1922782d8c309797cc511303da6c7fbd42a69,89;89;88;88;88,,,TRUE
500,1,20771315,6328d8a2330539534719d73a7cc593db92eb4112621b5db5806d185d51cd0515,89;89;88;88;88,,,TRUE
500,2,20781315,8b251dc0cd3f8c3316a6d9ec40028b94c3aaab8cd2aeb97da6de4e4d494167ba,89;89;88;88;88,,,TRUE
500,3,20791315,f5462d93244f1885de101a83c3555ace6e8b755a5519bb18a8506c805e89f062,89;89;88;88;88,,,TRUE
500,4,20801315,2304f40c3ef3b9530035297464ac7bdb5b9c3c7027159e7a9aaf5d2116392530,89;89;88;88;88,,,TRUE
500,5,20811315,dc4045298b43d3be6fa0079c56387a2df4f04b26891c888a76ab783d4701e513,89;89;88;88;88,,,TRUE
501,1,20771316,3d5f7e0793131b85dee78efcc149591ccd71ef90bfabfbe2724b49ba40073d41,89;89;88;88;88,,,TRUE
501,2,20781316,be907cf4299c6dc3ca0bcd60fd639fe65548fb97f73f57cb972ef92fa537b0dd,89;89;88;88;88,,,TRUE
501,3,20791316,43978b86cf9a6275baf63652d8f634898a7ba34b4f8dcd38fea36a936a58de47,89;89;88;88;88,,,TRUE
501,4,20801316,c196408d7477698ea752c574ef5e08854ed8e0c2a0d0b88001cd1381d29b6c4c,89;89;88;88;88,,,TRUE
501,5,20811316,d267732b315d6ef6eae9e1392db7c24a26913ce183f244490d6b9ceb9519afd0,89;89;88;88;88,,,TRUE
502,1,20771317,9c5f2f834e4a293767d79e6cd1c4a00611ecf3b541dfd4d424e7e37aa9d5d19d,89;89;88;88;88,,,TRUE
502,2,20781317,bfd742901eab6484909d5f1c32aa132d9b5f4a77c1e3fd299105b21f2c076fc7,89;89;88;88;88,,,TRUE
502,3,20791317,3ca1232a1ca5e382c1acd1b9d29bcdedf8ac7fe3c0b08faebbb0355332a6e94d,89;89;88;88;88,,,TRUE
502,4,20801317,c47d86233b2ff204003c4d0ed018f2b56ab93dcd1177211714b93bf2e5ede952,89;89;88;88;88,,,TRUE
502,5,20811317,04c88bd1f61f21f63f283a113f577da8af985414686a5a30d5733b470d6aad14,89;89;88;88;88,,,TRUE
503,1,20771318,c5d4eb4fd208fd84cec5b11a6f4b0b2219334320f2b111b32331e80d522bb5e6,89;89;88;88;88,,,TRUE
503,2,20781318,cadf0188e8966a1488d686b507f5c9a35d0ce682c6a70401d924e186409320e7,89;89;88;88;88,,,TRUE
503,3,20791318,2222b9b9750d76fc023a920e4de2db17fe468cb7b4d2937128a168975a42ac38,89;89;88;88;88,,,TRUE
503,4,20801318,db8318238360c1cfae77dc0864092ea1bcee9df86c835c9776bc0cb4ee520223,89;89;88;88;88,,,TRUE
503,5,20811318,9607a549d19e7abd7705bd2e14a2d349989e94c9a392112e289232846761ba9f,89;89;88;88;88,,,TRUE
504,1,20771319,2ed8d7f86c8032415fc0c821322ffac0747e7ea927e59cedde9ac1a360ca0ad0,89;89;88;88;88,,,TRUE
504,2,20781319,aa2788173f2d93132a1d7b3cb4c2134e00c589b1fca5e3d948df6d2038d43e49,89;89;88;88;88,,,TRUE
504,3,20791319,63141fe67b0587163d71fe96d414a95153f84c4a1b6dd65841d5542aecae5ad6,89;89;88;88;88,,,TRUE
504,4,20801319,c9e11b17a040a25b2c41e15b8e6562f8751b23280d11b348dd15bc6052f9e0d9,89;89;88;88;88,,,TRUE
504,5,20811319,cf4acdd38ab7eef078d9b8fecf700cf11ec1285ada1a897e03570af892fdbcf2,89;89;88;88;88,,,TRUE
505,1,20771320,214aea528f94d6cc43f2af562f28328df7b717afb3a73073ca6636b41d509add,89;89;88;88;88,,,TRUE
505,2,20781320,3ebbe4cfb24e12fb5a3ed1074e2decdbbca6402851f0cd83bd20b296019f3858,89;89;88;88;88,,,TRUE
505,3,20791320,f87089b63bdd0343210ca40cd75ce394e45494a6461fca8eeff7ab85a43e066b,89;89;88;88;88,,,TRUE
505,4,20801320,eec45df0abf3576c184c2069021c7b3d5ade72e6fd8ef809fc0988d79860b195,89;89;88;88;88,,,TRUE
505,5,20811320,2673a18f05f6ee0df70cfe82c31de1f8c517fe5537a98fa59eaea4f6c12aef26,89;89;88;88;88,,,TRUE
506,1,20771321,111cc748c9fc6141944e4bb90bcaf9e2006a097c7e899337907d879302ef36a8,13;13;13;13;13,,,TRUE
506,2,20781321,eb84cf66940900b68e36a6069211d530c77f88e27335e1907224585805b08dd5,13;13;13;13;13,,,TRUE
506,3,20791321,1e3b5a5c0484b22f3c16f32068ed4e758928f54ae805f4245f08accdcac23b05,13;13;13;13;13,,,TRUE
506,4,20801321,cab266f16c60efd0e9f53d1d0ab30d8128fc0b4d681a5dd5768184bdbd4be10d,13;13;13;13;13,,,TRUE
506,5,20811321,fd3113df4868d457fb68067b71bd9d9ba8f22a30647c9b17124e2bb8fc765c12,13;13;13;13;13,,,TRUE
507,1,20771322,b0c27eee879b92ad76c086d7d4f1a5fde3cfd2fdb26a6c3cabb366acda0ee36b,13;13;13;13;13,,,TRUE
507,2,20781322,3d802ac29ddba8f81a7866e62c26414056e0a20ff98520abed4bfcfb9559a566,13;13;13;13;13,,,TRUE
507,3,20791322,f18ed061ade8afc1325fb55d5707130ec682627d03f21d37d2d8c9b721ef2cd1,13;13;13;13;13,,,TRUE
507,4,20801322,3baedc27df097d347b8e080d6385488b60d9bb7aa87f2a69988248971351cebb,13;13;13;13;13,,,TRUE
507,5,20811322,1a976fec066157a2bbad420b28c353e8307d3b691b4469a940e7a7080626c1a2,13;13;13;13;13,,,TRUE
508,1,20771323,8ff972066d0051c356f0aff6f5b23595218d94f6b3ae0d0a9584a6d3e6cdb179,13;13;13;13;13,,,TRUE
508,2,20781323,b01d160ff8743843ff6946129a9b6a4d9f8b34c1b02a7c1ba422ca61edf85f82,13;13;13;13;13,,,TRUE
508,3,20791323,7609f489bf1e092e14691bfc3cdd8ee0840c5f1e676cb2173af13538863fe5bb,13;13;13;13;13,,,TRUE
508,4,20801323,9734ac327e36b551ee84bdcfec6a104ef5d0d2748ffca4778033278c07479cbf,13;13;13;13;13,,,TRUE
508,5,20811323,2c955a5c9ae9311c2c1ef96fac765ef1129c119c6235aaf0a8a0247050fb4030,13;13;13;13;13,,,TRUE
509,1,20771324,e3d047e32aae72d9ed581136b4b1ff4b291b8d68fac4d9c77e30a025ee78d9e5,13;13;13;13;13,,,TRUE
509,2,20781324,8356b248513626fe06e22d6c38e3c32f2811fe2c727632daf311ebe0c02fa12c,13;13;13;13;13,,,TRUE
509,3,20791324,bd34ac003f99144a4caf9cd3541de89c360af5ec130892fc78b08843f7aadfa5,13;13;13;13;13,,,TRUE
509,4,20801324,0c931d5a961906a18889983418e3a008cc9b376b8b6b29aa1460f80f9c4414ac,13;13;13;13;13,,,TRUE
509,5,20811324,c115aed042b0ee1da7b860333a34514a972a2ebe59a6a108bf73cc37944c81c9,13;13;13;13;13,,,TRUE
510,1,20771325,5a6271dd157701cf13eb3643f2ef2dded594e38f2bfdab1337a03c0d32f2de3f,13;13;13;13;13,,,TRUE
510,2,20781325,9c91fa9329cf208106a539a1e5ecc628ffa4bba64f284414babe7318e68e2642,13;13;13;13;13,,,TRUE
510,3,20791325,806c2c70323002ec8b4ccaef9741388ec222d77d9cbc458534ecdc98db6db93a,13;13;13;13;13,,,TRUE
510,4,20801325,804fa63e864e265202c07ed7005f86db492e6cb33e785569654af63036cde691,13;13;13;13;13,,,TRUE
510,5,20811325,eadf48c621c73de7c2c82193cba1cab4d3de748160d017f2606f29e8fc700e04,13;13;13;13;13,,,TRUE
511,1,20771326,b1acc20e9c2be8294e9637fd32e10f85f99f7be694ab7173a4d9ba128a116888,13;13;13;13;13,,,TRUE
511,2,20781326,a1957e5a2b41ca575b72cf6981383381a0339bc1bc7176c9786c8083f9186364,13;13;13;13;13,,,TRUE
511,3,20791326,74e6a9c2d0a1515a41f140d40efff8a474bf8cedfb4db35f8cfb4bfef0e8b104,13;13;13;13;13,,,TRUE
511,4,20801326,1abe1a1d95e7c62b9681f4fcbcab9d0268a2d03da954bdd9b90a15c37a158791,13;13;13;13;13,,,TRUE
511,5,20811326,6d40d7f4263910ed1de8d6e574004fc2a888e375fc1b736aa2d56f1e86c0b322,13;13;13;13;13,,,TRUE
512,1,20771327,c4aa40071bebf6972d72b0cb09c6819fe69dc037e7e76892c6d76af0a469493b,102;102;101;101;101,,,TRUE
512,2,20781327,25bf260524acb12e9b4e044ef5e0fed35b8b535f8f28ef2e8ef780ccbbab9d53,102;102;101;101;101,,,TRUE
512,3,20791327,ce7da3f396675ac301fee26ddc663405948b43c1d6eaed516a10d8c99da5d574,102;102;101;101;101,,,TRUE
512,4,20801327,19a0f55bcbf8d2322dc122a3e867697571fbd7e3339948fa81d3158b1a212f21,102;102;101;101;101,,,TRUE
512,5,20811327,b29e7403b13e494e56e2fa987790dbf67ef3d682cc18fbe1a301a05cb4090001,102;102;101;101;101,,,TRUE
513,1,20771328,7ae4704582b8c6699544e4735ac95e6ef794ceb86468b511ff1d2443c69ae989,102;102;101;101;101,,,TRUE
513,2,20781328,1c7cb4347a572c10351fccd7263ea1b56fad26ef0639921513c4ea8c6a515b0a,102;102;101;101;101,,,TRUE
513,3,20791328,0c7c21b6bbe4e16e4d10b695532a165171dfa965805bc8d77a14e0b6b2a1deb2,102;102;101;101;101,,,TRUE
513,4,20801328,a86ded41b5720c64985a65885692604e944816f2014f63e434fb9ce98b1415b9,102;102;101;101;101,,,TRUE
513,5,20811328,058f769f4a1a83af736af29403a03e90a43383a40b23c0851494b0592c26ab49,102;102;101;101;101,,,TRUE
514,1,20771329,0e349f835f08ca596b8f28eb37f37bf05e2df00a33acb59dfd0db087d790e41a,102;102;101;101;101,,,TRUE
514,2,20781329,ef483aa59c171676a6ca79b27efd3892f497eab5445dd92a4d4efa31c93f9109,102;102;101;101;101,,,TRUE
514,3,20791329,4b24c37c7880f67eaadd31418b9b1c6fbb26bdd3c9596039d53d06a4a59362fa,102;102;101;101;101,,,TRUE
514,4,20801329,bbf3f883a85780c38219b0d56efa26899f1bdb506808db2ba57b71c9db158d28,102;102;101;101;101,,,TRUE
514,5,20811329,ab28bdcc16474db84f239b74f29bcf8f7cef2ebd204ff2bd8bcacaf1b59aa158,102;102;101;101;101,,,TRUE
515,1,20771330,0868a4adc7880244bf877cd6008a99848a763f1b5e04be204a64739e1316cc9f,102;102;101;101;101,,,TRUE
515,2,20781330,dadea749ff81efb41b54f9dc551497247f5814a417b96d0cecfa40c0fa05167a,102;102;101;101;101,,,TRUE
515,3,20791330,4a7b5517de0dbe8fd52d5e99eb20110abace1912a875d3f27d2ce2181368f55a,102;102;101;101;101,,,TRUE
515,4,20801330,6aa32fddc9cce0259d69028c131d589dfddea893d50056c640144713f680a09d,102;102;101;101;101,,,TRUE
515,5,20811330,02fa3be05eac51bae122d31047002da753a22fe7f496c20fce381916282dc32b,102;102;101;101;101,,,TRUE
516,1,20771331,02105e82ba9dd3c492733ee15eaa23a27d22a5f65356085f4c1233e08afeea39,102;102;101;101;101,,,TRUE
516,2,20781331,6bee34256c2516dbf7413d1ac468293051511da00d62c85d1eec90ed4e694a92,102;102;101;101;101,,,TRUE
516,3,20791331,3c43218d614aefe997ae48ce48f97de8954fc28df4f3639e3968f8ac130762b1,102;102;101;101;101,,,TRUE
516,4,20801331,c08e0753bb19f53cc1a4742926ebce8be00531e8470bbd1eee2cc2e0723c4820,102;102;101;101;101,,,TRUE
516,5,20811331,89708ae12d39c41e026eff28b7ab38d3fc273858247aa3284ae12cdd25fa5a6d,102;102;101;101;101,,,TRUE
517,1,20771332,07adbb5c452fa7f093dc660d0e20629e3eaf4afd743aab508830b3f6153711d0,102;102;101;101;101,,,TRUE
517,2,20781332,4b355f2e79c7c72492b2a4f58a38b5364e9f204852948a158cc79441250a82a5,102;102;101;101;101,,,TRUE
517,3,20791332,37a1a58c512701be1e21037f50ac3592cc32f23d481b009fea93a5444645cba5,102;102;101;101;101,,,TRUE
517,4,20801332,1dce531e0d179da780ec5173b59df1133b4bd8bf5c746088bf15335d9c3bae8f,102;102;101;101;101,,,TRUE
517,5,20811332,57b3876d71ca01bacb16d51fd84e151c456f7c9b61c9e785769d35fbca3eaa90,102;102;101;101;101,,,TRUE
518,1,20771333,03aeafe2b6ff7fd8fcf0e170845fec933cec05345da651e84b85005b66e5730a,102;102;101;101;101,,,TRUE
518,2,20781333,17290dc6446bad701fbe33b5893ebb49925c5d1218d53307a2402d7ddb51cb0f,102;102;101;101;101,,,TRUE
518,3,20791333,e886c3a4d569e178d1dde17a33e2552213f888627de0220dc58dd50a4c2ea86f,102;102;101;101;101,,,TRUE
518,4,20801333,ad29e894f72a4e72e4bf0a2f08397609fd7f6cdc6a55fb3c4156e513837d61c5,102;102;101;101;101,,,TRUE
518,5,20811333,c8b54a3fd332c7ecf598b5f724f748ec321b506c103f5a8f5d69c1e17946d046,102;102;101;101;101,,,TRUE
519,1,20771334,9a434b0c78ae0439c3fd210a4ee9657952cd9a310631d78ba486a440cc59ba55,102;102;101;101;101,,,TRUE
519,2,20781334,54ae1f14e3ca319d069972d51145ba9580c77263a6573fef80fef3744959b359,102;102;101;101;101,,,TRUE
519,3,20791334,a207fefa975f5034f410371054a136b2b93e9fbe11922678008942259b90df40,102;102;101;101;101,,,TRUE
519,4,20801334,efaf3b694b40a90a82569ce4eb19768335dd208be88c07665dc40afec0b09de2,102;102;101;101;101,,,TRUE
519,5,20811334,4f4362e6aa1f91b3782a1e307b46b1300de7779f9129b77944de9ba5953d8862,102;102;101;101;101,,,TRUE
520,1,20771335,4891d32775f2e06c956520f106afa25843c229dede72b0b71e06ef89a46183a5,102;102;101;101;101,,,TRUE
520,2,20781335,5a48014ea12eeb4fa92b8dfcd97f7697b86dc276bd8087fa6a10329d1b661e1f,102;102;101;101;101,,,TRUE
520,3,20791335,927488d5329fcdddcc5aab7bc877ec4ad049f50e8bf22c9c1a4230a2b92e33be,102;102;101;101;101,,,TRUE
520,4,20801335,2b9d4d875ba539178c7b9a9230940176d02ff5444234f88f15785e34e4eba93d,102;102;101;101;101,,,TRUE
520,5,20811335,285be9fade0b5a3457cd9f52bdf27c0730f73264fd49b8b12b479147b30bed02,102;102;101;101;101,,,TRUE
521,1,20771336,4a4312b9adcdc8e8cb66218d7625011902225c49a6ef30d0aaf8bf39713c90d5,102;102;101;101;101,,,TRUE
521,2,20781336,fa755ce772c094eb9f3151c400ed48b6716f2252cb469cae63376f099e3a184f,102;102;101;101;101,,,TRUE
521,3,20791336,035680c64be4e5d14b25e587531facacc7e4d8debfaf0fee98c3520e34d627a3,102;102;101;101;101,,,TRUE
521,4,20801336,48f81d3174dd47cf85ecd259a7eb34b95c86bde580f547a90ac84bb25f153d0b,102;102;101;101;101,,,TRUE
521,5,20811336,67478aa778be293e7f16109ca6fd49a2c9cb48ce7b101bef51cff515f65417ac,102;102;101;101;101,,,TRUE
522,1,20771337,f4ed7a24bacc104f2da4a1ea4ecaab88ac2a96d475e6fb958f6b8b88dbbe800d,102;102;101;101;101,,,TRUE
522,2,20781337,26ff679ec1ddbf4453c36ab5c91900a6c54cfcca35b86cec451b7b9fb3b88807,102;102;101;101;101,,,TRUE
522,3,20791337,a4b9ddcf479faadf2609557f6b8d169a44858754c3414360d77399798f8701b8,102;102;101;101;101,,,TRUE
522,4,20801337,cddfb6500319f8fa0708df114c87c3624964da27032d80d76dabf0c8a96b211d,102;102;101;101;101,,,TRUE
522,5,20811337,75aeda7a7ac8f00d8bf56663ac1e1ba863024caa0135dfec499ed3d353cc65b9,102;102;101;101;101,,,TRUE
523,1,20771338,4ec8ad3400f157b411be44a2c1bff098a40a7ff0abf876db408089157ae66ecc,102;102;101;101;101,,,TRUE
523,2,20781338,a96d3b7294f8453e32fee2b459531524cb11ac523fedbcc600ee5d460bba3a1f,102;102;101;101;101,,,TRUE
523,3,20791338,6ef9d2e7099dc9b7e3ce181bcf82bba29138b4195deb52dec8edd9ccce91455f,102;102;101;101;101,,,TRUE
523,4,20801338,4ac649acc1126342a0615e441811579de93c37f65fe1d1d63ee4586ace46963d,102;102;101;101;101,,,TRUE
523,5,20811338,ad69f56bbbd328da01c91b6fa4ec9595ac29d152bf27cf311ee7a08b003812b4,102;102;101;101;101,,,TRUE
524,1,20771339,e57e5471049919ae1d22be72cbd2c9f602749eddb3c3da2093fcc4e58544c715,102;102;101;101;101,,,TRUE
524,2,20781339,a4e55b3e3159826f0505a48ccfac608379102261a54a77d3142c264955c9df05,102;102;101;101;101,,,TRUE
524,3,20791339,ef15845e29328597e4ad51c74ac3e259ae2a411c136bfe8babfef71755124062,102;102;101;101;101,,,TRUE
524,4,20801339,48a11cfc6913014429802fd8dfd2f61ccf2d8d644bec7b8d6830f518c08aafcb,102;102;101;101;101,,,TRUE
524,5,20811339,58f5f202156d27732cc7525500e139f275e8148cf88f32dc548d0f02dde7448e,102;102;101;101;101,,,TRUE
525,1,20771340,42fd5c136ecf7712062e0f7f60f7252baee0cd4e3e9cb56fbb8c1cdbf3a7e4b2,102;102;101;101;101,,,TRUE
525,2,20781340,83d0dc04dec9171ec0cd0333c0ddb9724985a2db94714956088df6f854dd5854,102;102;101;101;101,,,TRUE
525,3,20791340,ff0b83a09538130e1c9016903b67608d0d6c076f09b2c1aac4464f4f347be57d,102;102;101;101;101,,,TRUE
525,4,20801340,f236e5e38bf8816155238741a7913b156311c5c13a242851e8f9e05d265964e8,102;102;101;101;101,,,TRUE
525,5,20811340,ce3dbf95ee7141ea253efb4ec170d47db510a3d79641d34058bbd7fdfb126380,102;102;101;101;101,,,TRUE
526,1,20771341,12cfc33324d44e15cf9a737013e609f4ea4ae952767abd15439f0e120ff6bce5,102;102;101;101;101,,,TRUE
526,2,20781341,f453d27bbb4027f34f1152d69529541b7ff1e81a825f9343e1239efebd1ae024,102;102;101;101;101,,,TRUE
526,3,20791341,9f4d7b2697d5ec9f7b79015674cf9931189e79ba5d9f089ad30032c761c28fcb,102;102;101;101;101,,,TRUE
526,4,20801341,bd44afc9593300253c6409448669eca9930ae80bc27525a51385249732d44a86,102;102;101;101;101,,,TRUE
526,5,20811341,a2ea5d59071128bcca2049584fd422330324b82bc80f5d530570e91b67a46b3c,102;102;101;101;101,,,TRUE
527,1,20771342,124a545dbefaa25f7aa4b6a4294f1a17987ef508f83b7ec86ca07cfa57ba9788,102;102;101;101;101,,,TRUE
527,2,20781342,6bfcfc91d7e8b43a5f4b3f313f963d852ba958f5eeeed3fae8429fd044e5d3ba,102;102;101;101;101,,,TRUE
527,3,20791342,b83fd0d6ba2b18224f9bda0965f9e6b710b6f9bb06b632b7b2ac65230da38c6f,102;102;101;101;101,,,TRUE
527,4,20801342,ba326f020f3af8bbd21b58bde989393e565d2a0f9f778ec6f2c65ae56ece5bf5,102;102;101;101;101,,,TRUE
527,5,20811342,240b45c197fecf62adc34f547d8d253da28ed514f8cbe95b2a2552e3c54901f0,102;102;101;101;101,,,TRUE
528,1,20771343,a2900c72f256ebf4f4957baf18b9ce3b4de51a6fd3fd6977471838bfe25cdaea,102;102;101;101;101,,,TRUE
528,2,20781343,7ed9f9d45d9a6f0ae06122f32cd0617bbf01f41ea49ea19078c394216cb7f233,102;102;101;101;101,,,TRUE
528,3,20791343,dcb45a1a74610327ceb107735bcc354d374b847b0a84fdbc04d1d3ac1b227820,102;102;101;101;101,,,TRUE
528,4,20801343,e8a6e15c4283a59ffd95a482133816164f63c7d16ea96786cc8f6ade167f09ea,102;102;101;101;101,,,TRUE
528,5,20811343,08a370ac6ac9bc0fc68cde4a72f5fd3345bd19b5f54a190950a844fa10192355,102;102;101;101;101,,,TRUE
529,1,20771344,207a64580134825476f08b37b16b07cddc1a436da2a91f081479c3fad370ae89,102;102;101;101;101,,,TRUE
529,2,20781344,ba76ee3ed6878b984171476156d131c7bcb8695e1e072a2bd378cd9c43ddedd2,102;102;101;101;101,,,TRUE
529,3,20791344,aba0b3346fb38ff7d2afc05f109691adee14a4c6ebd40241cc48fc775c073bc5,102;102;101;101;101,,,TRUE
529,4,20801344,16ba45f89ec3bdfb0ed38e9c1d77d7ce826526ed89d8ea55004675e44d4e18b8,102;102;101;101;101,,,TRUE
529,5,20811344,ba5e72722cdf4736dd35283a7d4bffab9d3fb5617fda7a59d5aa3c4022b672f4,102;102;101;101;101,,,TRUE
530,1,20771345,0c971e3e168554957e3be9f768a4ecc3cdcc91d9361ac8a8b6149d421fe75405,102;102;101;101;101,,,TRUE
530,2,20781345,4a7a62cd0fa3ee65a776a23e9bceba169cc937cfb0c2f34086e441c144523fb6,102;102;101;101;101,,,TRUE
530,3,20791345,40325c29ab320cd6e8c25b69c4b3dc8172054b5eb78e1a405a723539b95715d6,102;102;101;101;101,,,TRUE
530,4,20801345,1d8917a78c3c20a80263e4a7e76e443b5b1577cc37518e770fa383c18b045aca,102;102;101;101;101,,,TRUE
530,5,20811345,5540b31cb6c9c8f0f7ff1ddbda27900720bd567f8711e0f1d5a5ac249d38eae4,102;102;101;101;101,,,TRUE
531,1,20771346,280ece330970839cfd9db6f4fa0f0bf76c0f439668b59a22148c8bb2733b3ae9,102;102;101;101;101,,,TRUE
531,2,20781346,bbc5b97cfad9e93e3a6aac9296cca038991509fa7ef566a6787c9d66b8d3721a,102;102;101;101;101,,,TRUE
531,3,20791346,eaea6be5c59e06e4f84c03b2019e3581a5580a59059fb86726273dfcd1492dab,102;102;101;101;101,,,TRUE
531,4,20801346,ddb072aaedf75c8e08115d16816cfd299cc23576c87c1e9675c64c623c7ac1ea,102;102;101;101;101,,,TRUE
531,5,20811346,c045ed7148d4530b0f85a8da42483c004d274a20cfe7b871df630c1f6c5b1dba,102;102;101;101;101,,,TRUE
532,1,20771347,c671955d4bb976616e0ffe8f9cb4789a28f65718224392b834ac2fcb9064c897,102;102;101;101;101,,,TRUE
532,2,20781347,526485d10ea8422bac4f35deb42fcc8c3bfbe67dec8c898bb7b5c8cb72ec7a79,102;102;101;101;101,,,TRUE
532,3,20791347,ab4d59659fd951df5cc6483930c9027c4ccc28d2b5bdb2fa0538012a30673526,102;102;101;101;101,,,TRUE
532,4,20801347,0567ac0bc36cd771da7bde03452fdfb83f2e4a727bea26d431acec5ff5d28750,102;102;101;101;101,,,TRUE
532,5,20811347,c0424db4c999435e2ad857a8900d177043ccc7acc7f9cfcd867006d558c05c8d,102;102;101;101;101,,,TRUE
533,1,20771348,0bdc8dd63835441dd1cd2f6292b9e8c21505c99a7ebe6cdc028f3c3483be6f34,102;102;101;101;101,,,TRUE
533,2,20781348,61dfc9370073928ad183dde4d0c2cc485ef60d9760c419c293018fec73f72057,102;102;101;101;101,,,TRUE
533,3,20791348,8e45de8601a9f54ea16bc9d1007630335ce8df7d4af6e653d2259f594be9f185,102;102;101;101;101,,,TRUE
533,4,20801348,995bf64a04387b3aaa143551cded6881d8c33389c0b08d6baa93c0499637ccd1,102;102;101;101;101,,,TRUE
533,5,20811348,cc0f4e2bb608417f40c4e79dde0826b96889f19cf95b2aee52efe125532517d0,102;102;101;101;101,,,TRUE
534,1,20771349,6f0afea37552eaf6cf4acaee7aacd741a65a9906fee448a605bf249059e53bbd,102;102;101;101;101,,,TRUE
534,2,20781349,fff01e174a4dbcfcef509c3a0d2970719127e6013a1017e6901aa58bf26e691b,102;102;101;101;101,,,TRUE
534,3,20791349,9fff3fea93ee2ecfa1257cb125cdd94cdfde286e13b25173f4d46aecbb0a5343,102;102;101;101;101,,,TRUE
534,4,20801349,191651dc77fbe7bd777db16f53055430d220d4198e34d50fc4b9e35117e79b94,102;102;101;101;101,,,TRUE
534,5,20811349,21eb97acacb29c92676c132f2e138977e512a16b54f6757df5819f977119885b,102;102;101;101;101,,,TRUE
535,1,20771350,817fef77d443dbe4be15ad9b4e15548410dd20f0e21f58c335bd9771c45a9594,102;102;101;101;101,,,TRUE
535,2,20781350,99b29df518f82b9311808053fc59e753383c15a62362c41e8d0cf5a971c2a628,102;102;101;101;101,,,TRUE
535,3,20791350,0070e884adf300288ac43d872cec6d31923085db0a568501f3a1cb40007f00f0,102;102;101;101;101,,,TRUE
535,4,20801350,e52c0c55c3e5bcf8abaf900a24f151d64719f6bf812c8a3148ea1b672f350260,102;102;101;101;101,,,TRUE
535,5,20811350,140efcd56be31c6c5ac1f63228e17e4a14f7a096690de131e4ba315aba49c4b9,102;102;101;101;101,,,TRUE
536,1,20771351,ace35624d699b5ce2a8706d66165aa58d1ac56f16ecb73b7906c2d092e42ead2,102;102;101;101;101,,,TRUE
536,2,20781351,95437a47c780fa71c64e9adca7ae73b48cb61f22e4759dba970cfa12d754b8dc,102;102;101;101;101,,,TRUE
536,3,20791351,b8e1b3b5998a3fa1cc9d65b22f24be7c833ac49796d33d464017a76f5eb6c4fa,102;102;101;101;101,,,TRUE
536,4,20801351,65c32216404a29fcd0ed1036285bf40112269f008c0fe74f8b0a70999556641a,102;102;101;101;101,,,TRUE
536,5,20811351,3722d99c66dc86744c05382967f01e0a0bb4a31e57f5e8a519b1493f3d695e28,102;102;101;101;101,,,TRUE
537,1,20771352,6a948c375e6af3315af6e84e57daf73a607a5d3c4bfb6ed1c7971533fa48321c,102;102;101;101;101,,,TRUE
537,2,20781352,cbd84193423660dac573d86dafb428e865b17c1630eb3d3bd4dcb5e1d960c43b,102;102;101;101;101,,,TRUE
537,3,20791352,65fe9660f566d58e54aedb8cbda83587d754e81bc21a7583dd923a81a940d0d8,102;102;101;101;101,,,TRUE
537,4,20801352,9b1ae994338b553e07932f0d2371914fcea6c05f42129c2900c6e170011b3c25,102;102;101;101;101,,,TRUE
537,5,20811352,e8c69355346848a7a659039710ed78bc6da9e035bb3485cd84a63b4207df8162,102;102;101;101;101,,,TRUE
538,1,20771353,0eb943dd42ac86eb61f538144aab0dc89cd12bcdfeadedc4da2c7b54e336f4c1,102;102;101;101;101,,,TRUE
538,2,20781353,61910ddf03fc5dc908d6ea3e027434c7ee5e0a00eb73eced45ad49df7e9bfef2,102;102;101;101;101,,,TRUE
538,3,20791353,b1abaaa5f0f0d4ca4eb82b39b087cfafeb5e185e1d82a0dc364ca89728b40945,102;102;101;101;101,,,TRUE
538,4,20801353,a2470771fdc8d0f6c40b2872715f77911693835cba6a41a20923ede0954421b2,102;102;101;101;101,,,TRUE
538,5,20811353,f1aa38136a0496054426664c24c683c41321dcf3e2b19042115d5179bc0be780,102;102;101;101;101,,,TRUE
539,1,20771354,f0e5d9c6a19dc8b57fdd888c14a8aacdbecc0a9bbd6dff9bd65d0ef2c3b7366d,102;102;101;101;101,,,TRUE
539,2,20781354,04bcd097dc7bdd22d7516b8014f02e06acc11b9a67f215bfc72713c8af11288a,102;102;101;101;101,,,TRUE
539,3,20791354,401412b49e6f732fd36f1c31ab2532d33f6af81ad4c2d83507341a8d2522f08c,102;102;101;101;101,,,TRUE
539,4,20801354,2a69ef1d137e50eac55e4e246965974ba5790e3d7e54135f9625c1170f2e75af,102;102;101;101;101,,,TRUE
539,5,20811354,1d8d7f993ecada13c5f7efa484a0dc8e4311967e792bf7a89d02fdc2ba8c5da8,102;102;101;101;101,,,TRUE
540,1,20771355,48b5042904cc54358383541ec308f5998695d1e2de1f1cc06d0e18f74f4c0a40,102;102;101;101;101,,,TRUE
540,2,20781355,bce9eb744e797dd6aa3f57929876331e15c0704db6fd136792768bbfc6812c96,102;102;101;101;101,,,TRUE
540,3,20791355,a5b27e458c5382b9d18afb9625cc23b7349611d3c2139b2081002c8074888154,102;102;101;101;101,,,TRUE
540,4,20801355,35199f929cebae1cc87d02cc7f9aaa83359d07764f92e26d75d655b6d108d456,102;102;101;101;101,,,TRUE
540,5,20811355,422794ac0b0bea436a728c904bac1e69862b9afaf9395d265fd9e450be7adce3,102;102;101;101;101,,,TRUE
541,1,20771356,0468f1d051e2811588ea448fee01fc2ec9cea8c768db3e3590584bacb1189576,102;102;101;101;101,,,TRUE
541,2,20781356,834cf083b2c23066c9f8bcc5c2f8ce4b91c046f04a19436d838d771c3d043494,102;102;101;101;101,,,TRUE
541,3,20791356,0fd1de9333f35636c4d48f0d24d0cf02361cd10404d27b7a2329a5a8d05000f9,102;102;101;101;101,,,TRUE
541,4,20801356,1a658f01c435a3d558781016421f27182bd9719e7b83c04a9d9c89aaec0adb7a,102;102;101;101;101,,,TRUE
541,5,20811356,6a70e84e9d4a802b044f0064459d7ffdf688925cc094419724a659e27bc7ef68,102;102;101;101;101,,,TRUE
542,1,20771357,e0bebc89f52149bdcc81227b86c5ce644ce4308ec5fa4a7e2ddf92daf9c9d2dd,102;102;101;101;101,,,TRUE
542,2,20781357,85d8afe72221e9d7977188617bd2592c738d60f68cf280c5601dab53e8ce7d00,102;102;101;101;101,,,TRUE
542,3,20791357,17682f9bf3e64ee249783895067a210a598564f00ac9d4d93be35bd11a6116f1,102;102;101;101;101,,,TRUE
542,4,20801357,88fb5626f8106f93428f4ac96f3def39dd04cea904ff891887a0b3c801c76210,102;102;101;101;101,,,TRUE
542,5,20811357,06e6a046b8124dc99787d65a25ae8fcc9a720068241e114435627f913c29795a,102;102;101;101;101,,,TRUE
543,1,20771358,1c012f7954a587aa24bdee73faa4d8f6d57f67b4bf99942e41d9828233691517,55;55;54;54;54,,,TRUE
543,2,20781358,bc4c8b534e97ab4cf6e66816865e448c4ecf47f4b8b1cba5e98438a45b44d009,55;55;54;54;54,,,TRUE
543,3,20791358,019d3bcd484715e8f10145c19c22a9ef7c723a1e3f789d7faf732d03c83a8bbc,55;55;54;54;54,,,TRUE
543,4,20801358,7b689eadd025d41bac0e65155a0e5a5845b9efa7eedb6b1441a550afd41422dd,55;55;54;54;54,,,TRUE
543,5,20811358,cfd96d61f6cc0990179ed4031e9a275ecc7b8aef10fb2585f6dfdfa9f6a35a47,55;55;54;54;54,,,TRUE
544,1,20771359,def8005b163c7e36bfac9b8c942fd9978b86535bbf1c36c0f1a5f1f833b9830d,55;55;54;54;54,,,TRUE
544,2,20781359,c995ec9f3d6efb2b0767a9df8c3eb2eb8c024107e4f829257f88e6d1b6d250b1,55;55;54;54;54,,,TRUE
544,3,20791359,26c02e7894f546c21c84366b358b8c91874836c88e8d63d5a1237d9a74bf85ab,55;55;54;54;54,,,TRUE
544,4,20801359,ead7b4df1dab715a561d3ff3c933c014d804f3fa7a1d5787d41f2a33499370f9,55;55;54;54;54,,,TRUE
544,5,20811359,99a61507fac22d71082049d7183e8b17b324f00f112cff2a4e47426d359d0497,55;55;54;54;54,,,TRUE
545,1,20771360,418648cdc6bfab38efc9cf9c99cf2099da8b0071653dd267a8dc20e5bc2955f9,55;55;54;54;54,,,TRUE
545,2,20781360,ea9301c246859d201d7539b8f37ef0db7a4f44202dfbb60b0824ba797660f6c4,55;55;54;54;54,,,TRUE
545,3,20791360,a95bfeafac560c9d5da8553b2ca1f343f81b8dbabc8caba966df1f036032d108,55;55;54;54;54,,,TRUE
545,4,20801360,5dbbf3bba50c504777a795bae02b54473139d19cf5e7ca29271880bc1b0a8a72,55;55;54;54;54,,,TRUE
545,5,20811360,bb4cfbed04b468ae1fdc460d79d207f5d1b990700d300035679770871156a1c2,55;55;54;54;54,,,TRUE
546,1,20771361,702abf7134bbc3a048d0edb0f3dd8b756a2bf71405fd79c238351f750c5229af,55;55;54;54;54,,,TRUE
546,2,20781361,effec08cd997a6528d468264295f078e09d507a79259c46fd91e449d779352c7,55;55;54;54;54,,,TRUE
546,3,20791361,12bebb3a1b45ba0ccbfcd9386952ea5a187bb911fbc9eca91749876969d50b95,55;55;54;54;54,,,TRUE
546,4,20801361,730fa8815d7f2d99dee16afb8508b63587d2770b3109fb967b44d2a8d16dbe75,55;55;54;54;54,,,TRUE
546,5,20811361,b5c8fb5ad71c02d1a93687438fe1990e867fbc0b7c2714cc23a2c817acde5590,55;55;54;54;54,,,TRUE
547,1,20771362,d41e7b46efe8db98b0868203a46567e9175c43152c41536ff1dfd6e557545ae6,55;55;54;54;54,,,TRUE
547,2,20781362,05431b74ff45e143339332702926956917d8595a24c219baf08f1b219f39ac6d,55;55;54;54;54,,,TRUE
547,3,20791362,4c77b5f98fb9c2dadd7dde5f5d19d06ca6a37105abce05abc2c8f5003693b2e5,55;55;54;54;54,,,TRUE
547,4,20801362,1cf9d1f327fba7ac093e6590eab3ea6d39ffc638c6e13d9fd29d4f45f26369b6,55;55;54;54;54,,,TRUE
547,5,20811362,736d72b6a5474d76140663d78acf966e1035f90410a4ec701c8e3f0f3ba9dbdb,55;55;54;54;54,,,TRUE
548,1,20771363,aa98daa0fa4739db2bd2a533d7ec779ad2f2ea27737a6e870b501a410cb98173,55;55;54;54;54,,,TRUE
548,2,20781363,7cd2b9abc2988fea2064b8a62e839e3be183cf3360edcc66d64f2c151b7ef5d2,55;55;54;54;54,,,TRUE
548,3,20791363,959b4d20b45ba99285c03e6a58c2c5596758dcb17fae4d713ae6f35cea1c38d6,55;55;54;54;54,,,TRUE
548,4,20801363,3d819e510fb89a893fe3eb23fabcf57f744fc6cdca7c3665f9059c5f4f609d66,55;55;54;54;54,,,TRUE
548,5,20811363,8f10a17851de43612777270d33688fd69f513fee7534c75f84ce48017fadb0be,55;55;54;54;54,,,TRUE
549,1,20771364,f030805efe645215288d4b84bc4c0a500ce1bee74f2e3b9072428e9da2e6575f,55;55;54;54;54,,,TRUE
549,2,20781364,c15e667224349d6b432f8c56ad5c61111b22d137734e1d639ca2942b3302b6ff,55;55;54;54;54,,,TRUE
549,3,20791364,82dddeacb7629c8fcf8222d270cc1291d9cbdbedf12d52dbac6445359f6367fc,55;55;54;54;54,,,TRUE
549,4,20801364,8bce25657ac40c0206be32e9aa3451e26f16a8cd60c8fbd89f70521ee7c8dca5,55;55;54;54;54,,,TRUE
549,5,20811364,7be9083d784630b5f60ae802da30052e73d178454cb458666ac514542aff5d8a,55;55;54;54;54,,,TRUE
550,1,20771365,8b5b277f03de2c2d2976c3e6431d6557d4b7e320e200a429075b9c20d9dfe2f4,55;55;54;54;54,,,TRUE
550,2,20781365,5a2ec107aaec91f337bd3d175a322ed0a6a9478b2fe567cc750eaa3c7b6c5d67,55;55;54;54;54,,,TRUE
550,3,20791365,ca457c4afb295091c0cd2f8adefad185a587a55540f3832c4e85d8c9d50e79c5,55;55;54;54;54,,,TRUE
550,4,20801365,236241851c89ddfd73e3c8b0815f3e5705942872df9c1d7168a001946c0296d3,55;55;54;54;54,,,TRUE
550,5,20811365,098906b2269eb1f671036c568b26aebfbce2ae529461a501400e14603b099f42,55;55;54;54;54,,,TRUE
551,1,20771366,67970fd1bef996c16baea4353d35aac7de767db1899ad010ea84022d079ca423,55;55;54;54;54,,,TRUE
551,2,20781366,abb0d8bd160c29cd44af4fa15e797dbe321a951a305bc364ceb43c0cc87617c2,55;55;54;54;54,,,TRUE
551,3,20791366,51900d004dcfab18cdce2da64d8579387beb66a99c46d8d450efad7d28d8a629,55;55;54;54;54,,,TRUE
551,4,20801366,d71a5050db5f74131e080b245283b49f132e1d910a76513c3d68b0174616e80f,55;55;54;54;54,,,TRUE
551,5,20811366,6deed6d1000bee692a469c97eae8e4947a9752e7a47f37b327fea0b9df7d528d,55;55;54;54;54,,,TRUE
552,1,20771367,be61e9e4c12f648344634f824d4061ecc8622077b4c05f19e86897a71f341f7e,55;55;54;54;54,,,TRUE
552,2,20781367,804e134784890be336bfd1fdf5aab6deef5c84f0de195143ff28546e3bd120b6,55;55;54;54;54,,,TRUE
552,3,20791367,46c5ebdebb0419d7f13b2409c7f2021f2184eb7930312d7816fe4a4fae6007f0,55;55;54;54;54,,,TRUE
552,4,20801367,5f3291d931338c2bedbfc797b78df8950785793e358b562ab39eba8cb1429d35,55;55;54;54;54,,,TRUE
552,5,20811367,f37d260add85c97aca2033ae328bed5d5b1d5d0c63182466655d47ca6b81743c,55;55;54;54;54,,,TRUE
553,1,20771368,fe54a0b210766d19c817f5983efcdd7d331f536c162a82dd5039412458db367b,55;55;54;54;54,,,TRUE
553,2,20781368,944fd171b96a22b8aa756bacadf7d801e46442350c0c3db068a4ecf5c7fd7584,55;55;54;54;54,,,TRUE
553,3,20791368,e3536e2dc66ba347fc788977f8f80d72ee8ee182b53fb6f79bebd47c5fe0b13d,55;55;54;54;54,,,TRUE
553,4,20801368,8694b158f68cdad7ec9a0d4a46e3249c7ab3691b8d8ff068d5cc69bb76519c6b,55;55;54;54;54,,,TRUE
553,5,20811368,bf0a09ea64457e45c00e844fb77ab0cb17e5b4480fd2f190cb37f4e7c3597716,55;55;54;54;54,,,TRUE
554,1,20771369,12e06fbfae4b148755f9d2f6fa0a2c4e01b2c5b998a730e84814dd8b378cbd06,55;55;54;54;54,,,TRUE
554,2,20781369,4bda04ceefa979869e75b0bed01e7be1bbe8219aa5abd9c1a8c9d5c0c6eb2dc7,55;55;54;54;54,,,TRUE
554,3,20791369,ef3de3a60350e36df5a2934ef22180e9d126471c6f5bf861c0be2cad7d5b39e9,55;55;54;54;54,,,TRUE
554,4,20801369,88e2fb0ddd40a2cc6a683288722c8231b1f46ad91676be47a702a057fd879fcb,55;55;54;54;54,,,TRUE
554,5,20811369,ec519d3a6b669fa5fad75ccbc3601e182c917b0848a6c9a473e27a0ad4d3965a,55;55;54;54;54,,,TRUE
555,1,20771370,acfd852c25ff0b04e377905751e38a8da00c445b2731dcc525087b09de92b76a,55;55;54;54;54,,,TRUE
555,2,20781370,de505e030c7da3d687979ce6c77b3711d46ff893f468cfbc8d2c485bd1330b73,55;55;54;54;54,,,TRUE
555,3,20791370,720150d9cb756f69ff97dcb37777c56e9f88a107fecca505bfb943aef5ff3516,55;55;54;54;54,,,TRUE
555,4,20801370,159e030ac6d07160fc21a83ad1087b697dddb11f0d67fd5b868611f2623d2a47,55;55;54;54;54,,,TRUE
555,5,20811370,214bd47aa2cdd69b582a7e16310237211791cb8acdbb259e1b2e6fa42b6553fa,55;55;54;54;54,,,TRUE
556,1,20771371,e038094a21af4185da723a54080fadcdd736aace1a8a5e0f40e3f475ccad8572,55;55;54;54;54,,,TRUE
556,2,20781371,b78f25d31b075b91e7a887104c230574e2aeacaaf5ea14ae76719c814ca9d867,55;55;54;54;54,,,TRUE
556,3,20791371,c392a6bc3d651e54918ccbefd31b1b7d9389f511f8277dc7848ccc184123a765,55;55;54;54;54,,,TRUE
556,4,20801371,4e4dadcb19f414d0edc98aecf10a37bc8fd8167e00500261fba1749d924ded85,55;55;54;54;54,,,TRUE
556,5,20811371,2cf410ff48728af5fa1bdc1678a8a5c3efe657db978d8db390e6bf44c1fae417,55;55;54;54;54,,,TRUE
557,1,20771372,92c99deb58122984c03cb1eb2968ddedd275b4d78e9ce68c52f40f5cec58d459,55;55;54;54;54,,,TRUE
557,2,20781372,a944e9bab68bade8868f06c4f4782594ea1930f8a9e510c4afb952624b4d7199,55;55;54;54;54,,,TRUE
557,3,20791372,d0fa69025c1bb085606f579d9658fb057333be1937ec888cb2a06139fdf4325a,55;55;54;54;54,,,TRUE
557,4,20801372,8624358c081ca622dc00da6d675260d1fc9de141c248556c2920f7fa11dc39b8,55;55;54;54;54,,,TRUE
557,5,20811372,a950739739fc4cba6f929f6d44a720354a08c8a0b25bde6862c786c2273d0353,55;55;54;54;54,,,TRUE
558,1,20771373,1793ec9f57a62ea1d83e9b28c57b757fbec1e27091adb319a71fa0208efd6358,55;55;54;54;54,,,TRUE
558,2,20781373,6a413f57d8d2304213460bc16bb5529d75a133dbdc9f73f358ffd6e7bc3f06d6,55;55;54;54;54,,,TRUE
558,3,20791373,37fd71f468459dfd823c4e2ff346098b609253b083a9d721e6381ccbca0b7597,55;55;54;54;54,,,TRUE
558,4,20801373,419d0bde5140a3012265e9909af6ff2740a1d5ba700306d996f61ac1a97f7641,55;55;54;54;54,,,TRUE
558,5,20811373,717ee2e78619202efa84f8696598d0ff33d45b872ac8efea6163b94316f44493,55;55;54;54;54,,,TRUE
559,1,20771374,63f8c7986e9e20a7975d900d07081553946cfaf3ead29114408045d4b2bf7358,55;55;54;54;54,,,TRUE
559,2,20781374,c0988ee4f168fd06935c45664a4e73403fb88cdc883beed922e5a338e9e8fe9f,55;55;54;54;54,,,TRUE
559,3,20791374,dc33b53cbf9cddffbba59a0864f5b7fea2d434f2f00b688895332d1f42a61f77,55;55;54;54;54,,,TRUE
559,4,20801374,91ae195ce12f17aeedbc0681399006ca3823f97f87c53cf556fdd40da6d4c476,55;55;54;54;54,,,TRUE
559,5,20811374,3274c137f102a9ea2b20e653b37fb45805f20507ef3e921b1c4644bfbd07fd4b,55;55;54;54;54,,,TRUE
560,1,20771375,d0ad89ceaa74e6c5b50d1b1c4fb0712596e0c0694931efc57c8dbeb6f81911f3,55;55;54;54;54,,,TRUE
560,2,20781375,76c6718b0de2c1e857b6100651a4c38edbc50ec087c9435ea114300056c91449,55;55;54;54;54,,,TRUE
560,3,20791375,fdae75f39d6af551fc6d2a93a8b3697b27f6835e224513c7d42b7085f984b637,55;55;54;54;54,,,TRUE
560,4,20801375,96c6d98282b7359158935f9f99b7f8f4692298e0f30e768e7178f39e508ca870,55;55;54;54;54,,,TRUE
560,5,20811375,dec1223238581890c370dd187fb35b6655860f602753f8a36c17af0fc3c99dba,55;55;54;54;54,,,TRUE
561,1,20771376,9a80c84db7ca3c6f4c8f5447fa8478413dd86e5edfcbd64fe5734c0c7da868e0,55;55;54;54;54,,,TRUE
561,2,20781376,a57f469f333a3a0fc38b6a76fa969ec8303b0defef2d44c50f795260fd76beeb,55;55;54;54;54,,,TRUE
561,3,20791376,42a846696e183036ef18b14e0c2ee0d6706881b98ea63db0af804ac84378f4f6,55;55;54;54;54,,,TRUE
561,4,20801376,b245bb383360bc37077103e64ee1d4b85df0053a8c5d61cc13c5c53d5ffbd945,55;55;54;54;54,,,TRUE
561,5,20811376,4f965531843c6771a4512bd007dd99135057143bbae917ffdd5e35844311c535,55;55;54;54;54,,,TRUE
562,1,20771377,26ae8c9b70fa53d3cd81a19eb14bb336dbe7d2a8a7096f7fe87a4bf8233dee53,55;55;54;54;54,,,TRUE
562,2,20781377,08974d55fef403942e85b12c381df655da7c73206c0ca99966e0b3efb735075d,55;55;54;54;54,,,TRUE
562,3,20791377,0a82cff5510854430f515e0f68ad708bf6468d3a824139a8eb9bac6d554782ae,55;55;54;54;54,,,TRUE
562,4,20801377,b15c91bb9c18b73db8530c0279c66701d9c9d92d8714aa44a912aa8dd42129c3,55;55;54;54;54,,,TRUE
562,5,20811377,3473a7c658deca78692864fbb15e1c4e4780540f6b18e66dfcb3774588e607b1,55;55;54;54;54,,,TRUE
563,1,20771378,012b4036c59e9e3ca9a43bcc6fc49a2dad9daf5cf140c940040d6fafa84670e7,55;55;54;54;54,,,TRUE
563,2,20781378,202d63636546cdbd1fc1ac88c32bdcbacc7056e8c112d7822f67aa77752cc9ed,55;55;54;54;54,,,TRUE
563,3,20791378,113c604ef2b2b1930aafdff21c67b5fcc09b64974bc094828ac6f60eed3d68a6,55;55;54;54;54,,,TRUE
563,4,20801378,08ec789b8db1ae00dd18abc6604ef9fe2b831fd4a40f1527da7c9e32de3c7a43,55;55;54;54;54,,,TRUE
563,5,20811378,684fbb74161ea4ec15caad4d606b316933aa280bf5b337c631c6a861d84270f8,55;55;54;54;54,,,TRUE
564,1,20771379,5f3e7fc97b1078307877a088a5e89f6c25d107d1b4065e2c9e0eb0c4c64c3ef1,55;55;54;54;54,,,TRUE
564,2,20781379,f935ebd47de38c3c38cb5bc29586fc8eee74622aceb49014a11db1d353ea25fa,55;55;54;54;54,,,TRUE
564,3,20791379,4e39fa32bb68d6df6d6aeaebd25d41b84ac500b224c6c9ff0ede59270f44ccbe,55;55;54;54;54,,,TRUE
564,4,20801379,f721515efbd1cf4f171010ccc480937b1529fe5342171b83d080865e6753ba30,55;55;54;54;54,,,TRUE
564,5,20811379,6d69d7001718a280dd0df9d8dc42987021ff2983b2c0c9f4819d6c6991951d6f,55;55;54;54;54,,,TRUE
565,1,20771380,6697ce0f72154e9e24c9f61467e42ef5005e691a34d556c05e72273594a3e290,55;55;54;54;54,,,TRUE
565,2,20781380,c7a7c4c832a356d90a4c404f169c10e5a579e2f27b0450a2f8a986e392e6aba1,55;55;54;54;54,,,TRUE
565,3,20791380,083b3237cea35a18648353b97dbee206be33472e814cae04dce8ccabcf3c5772,55;55;54;54;54,,,TRUE
565,4,20801380,b45a6710a7ca7d88a98d314387071cd3f69c3c4e4e1a02f2cb3be47eade1631d,55;55;54;54;54,,,TRUE
565,5,20811380,0e2b12485f092d3afefa4f81e8018a91c3c385751c358ac1a5697519803b301b,55;55;54;54;54,,,TRUE
566,1,20771381,0d0771b6bcd3a1bf5768e934369cfef969cf339fcc12b0d6d38c25be5d6d6824,55;55;54;54;54,,,TRUE
566,2,20781381,dec8ecbab804ac5b2e228d1dee2bac26e48ca91249e55e23381e75fbe3e806be,55;55;54;54;54,,,TRUE
566,3,20791381,5654b5c6764b9a8a21bb2b9fe1e09fc8841eb1c93b72513d90d36dfce2b9f3bd,55;55;54;54;54,,,TRUE
566,4,20801381,76248406195af426653ab379f6594e6732c22d085edd1a1c379e8c9c53e7dc8f,55;55;54;54;54,,,TRUE
566,5,20811381,ace6df39e503cdaca6ec89e1f6a09f67c4fd7d0e3b8d427f2bc9d1b13c225376,55;55;54;54;54,,,TRUE
567,1,20771382,99f6e3abeb10a45667ac1995cfa3674be8745e69caeff893c41e5d812d9d292d,55;55;54;54;54,,,TRUE
567,2,20781382,48ee60bf476b0ab4d893c9c8679446fd5963261bafd8a643badd28999d882e0d,55;55;54;54;54,,,TRUE
567,3,20791382,09ce1e0a689d6deef0626a21f526deed43586a741dcbe0a1f138ab1d663aab3d,55;55;54;54;54,,,TRUE
567,4,20801382,7096b8adc60937d8d6e442c0f40c16a442195c6f4f6b5efe03c901a130a1adb0,55;55;54;54;54,,,TRUE
567,5,20811382,329282944b1e102bc71c6674a29a93788ce5549c6df68e7c450105d633d5af95,55;55;54;54;54,,,TRUE
568,1,20771383,d8d99bf4a8eeae38f6ef4f6bb51b321c24aa6e39921bb4bcc8c490869d7e02a6,55;55;54;54;54,,,TRUE
568,2,20781383,fd92db63bdc45abc72e9059b6a92ad74634bb5b075a65074010bc6f7652df6f1,55;55;54;54;54,,,TRUE
568,3,20791383,0ab626b7adef7aba58e24fe8d631d62edd15d81943039ba4b0dc04d9b5cb2011,55;55;54;54;54,,,TRUE
568,4,20801383,7e698a6ef046ef1e7baf65df2a7a19563c785cdeffa2b85afecfe1dc65311d8d,55;55;54;54;54,,,TRUE
568,5,20811383,0f7f81af3dc50555171d92553fd2f254752b2e732fd1a5cf2c9ec980ebd8cd40,55;55;54;54;54,,,TRUE
569,1,20771384,9e205004c143a3a35484d7f9e4b77ab092c0800eef1b2ce01aa24553a64f4475,55;55;54;54;54,,,TRUE
569,2,20781384,f9514e8ba269dbf47d6d500b04e652225027fdd801d335dec5bc25ae1481bf77,55;55;54;54;54,,,TRUE
569,3,20791384,f8a32b2f3642145b0ee1361e9f11cf06010bee78cb0da1914c2e4ec09a07a866,55;55;54;54;54,,,TRUE
569,4,20801384,6dd9e228224743f7d56cdf1017bf5d29abc67582e47925608ad4d32f18246ff0,55;55;54;54;54,,,TRUE
569,5,20811384,a6b277ac833abbe66672e113f710ea28dc6c775ef0a41a5432f4b29e786ff8f4,55;55;54;54;54,,,TRUE
570,1,20771385,1a1324e020ea5dca277d6c2c357f2e08ec894eaf65b3bdc0e3cbe06fbb21c587,55;55;54;54;54,,,TRUE
570,2,20781385,741ff3935a8879adcfacb63ba3f8971936bb56cebe70ca032122d33ac8636c0d,55;55;54;54;54,,,TRUE
570,3,20791385,90cf34638ac7e68f039c345e31661995bb6a6501a24ebf3dc48abf56cbbdb561,55;55;54;54;54,,,TRUE
570,4,20801385,f11bb5781aa2ca82088e917c9856fceb3ae8bff17c5fb0bb2c8c2c21f985fc31,55;55;54;54;54,,,TRUE
570,5,20811385,2a68dd9fe896ac5b797b2111dff42baac5198204565a57faaf9252d747dfbe1e,55;55;54;54;54,,,TRUE
571,1,20771386,03a3a6a1fbf80385f4aa02bf0969603fb452c1198274d974bff59e5779759096,55;55;54;54;54,,,TRUE
571,2,20781386,50da209ff766e1c9dc1c8b0de8161b0874f25234b69a0093865534fe7e7a62cb,55;55;54;54;54,,,TRUE
571,3,20791386,aac50506ba1eedc1584e4695611081355d4f84e4636ebb7d3ec925ad8dfbeb64,55;55;54;54;54,,,TRUE
571,4,20801386,a066af860ae0e7ab6c8d88c9a95649ed76f72c89d7162186f09fb0f7248aea5e,55;55;54;54;54,,,TRUE
571,5,20811386,0bec46a6e833a98c041564cc50eb2fa27e19cc314366f3c73ee9e5bd431608db,55;55;54;54;54,,,TRUE
572,1,20771387,ee053fb299d0bc71c4a9a8435159764fdabf3e049119b7febf311433de478cd1,55;55;54;54;54,,,TRUE
572,2,20781387,5f3e7c1c2ef1a447cd6d979ba1a77df75cb54bc7998e20cff8a295a21f848381,55;55;54;54;54,,,TRUE
572,3,20791387,aa431bdd36e49ac09f74a5c72a4777436ce980cf8492b05df36bf890b9b55651,55;55;54;54;54,,,TRUE
572,4,20801387,a741b1553c7894ebcee024ee1b6b0b1f28daacec7ec8865846fc07a8d51b5cb4,55;55;54;54;54,,,TRUE
572,5,20811387,8a6ce4837ef8955b2b0dbaf9a92da9ac1d573bdf51665861e9aa17cf9acd4708,55;55;54;54;54,,,TRUE
573,1,20771388,8e26092060d8232af585acf3ffb134d0e58948d113f62bee2e0a0455fbcb143d,55;55;54;54;54,,,TRUE
573,2,20781388,a2e912d5331a376288752328e1617c1a4792bcba6ad224152753607f37efd50e,55;55;54;54;54,,,TRUE
573,3,20791388,9f0d281e948ddc3bdda7d3e9eae1fad3aa37a51e9287d3ab918f3165ac5f26bd,55;55;54;54;54,,,TRUE
573,4,20801388,52c52eda13d711dec5241c186f5cbfa5a7dc686732d858ac5488f2089d6d8e7f,55;55;54;54;54,,,TRUE
573,5,20811388,1ecb710942cb24a19f1871d76292604d15b1c7a23295e5ba671c477b00ab2b54,55;55;54;54;54,,,TRUE
574,1,20771389,c56632f08b0af513c2f52b783f0e1f06e58a772bbf54499dcb5e459d329cf7b3,55;55;54;54;54,,,TRUE
574,2,20781389,7d96d626745e15e721c90998518c5f6fd65c67da7728f3faa330fff34619c5f7,55;55;54;54;54,,,TRUE
574,3,20791389,4694ca8f209d035b6225fd4c696f76e1a6cc181115bbb2a0f5eda3885ec3c72b,55;55;54;54;54,,,TRUE
574,4,20801389,27ea53de64fe47d089e8589d833181a8a482200923d7aee0779f60fa774368ab,55;55;54;54;54,,,TRUE
574,5,20811389,e2ab7e65ae211a22d590920210a670a11abf352ba38296d31d8fbdd5384dd40c,55;55;54;54;54,,,TRUE
575,1,20771390,5af221ce1cb5488f7460cd73a7a1ed525af210844511c6b7808c5d1d4d30279b,55;55;54;54;54,,,TRUE
575,2,20781390,90ef4fd2c8adb0914fe37200173ff8c27f812c43836d67b7d837c90bff3b4ac5,55;55;54;54;54,,,TRUE
575,3,20791390,09bfd4d86422ec1a2f2a9b320a57f9c1f98b949cd6efd32f59fba23482ac8943,55;55;54;54;54,,,TRUE
575,4,20801390,dc63bb2bfc809a61fb303526963a08f67d8857d28c8103ab872c496590c797b9,55;55;54;54;54,,,TRUE
575,5,20811390,3d8fce7a8bb3e6e9702464de99ed71b81c869d268bafcfd8c6713a2f01090300,55;55;54;54;54,,,TRUE
576,1,20771391,b20e0856486358b60d6caec863e5260b006906e74a377538e48eb3a47a0f52ef,55;55;54;54;54,,,TRUE
576,2,20781391,37656430c4207f0d9324d37eb31b1937da63a0edc037d7b6ec606dfb56981349,55;55;54;54;54,,,TRUE
576,3,20791391,4c93110bf2e5e749106dd0acfde524aeb38c888c87a2fd8cddc4dad5b0c2b1af,55;55;54;54;54,,,TRUE
576,4,20801391,53d516eed44c1159c1f8dffb29b8217761ffeb454c1ccf567e29a1b558e5f55b,55;55;54;54;54,,,TRUE
576,5,20811391,9586446ba821f3f7c012dbcea1c8288b3acee7aa37f53541c3767cfec5febb1e,55;55;54;54;54,,,TRUE
577,1,20771392,c9590f323f77f7be2e4ef8c594cdfbf5467b8a04763e283398d8fc0d6c0e8b04,55;55;54;54;54,,,TRUE
577,2,20781392,159e62b0929c9cdb99ae9ecad355b4238c9aa731f84901724be8a03da7c4b0ce,55;55;54;54;54,,,TRUE
577,3,20791392,d23d2f3cb5b722ff082319bd674d618ebaf5b7ee78df85b47484168b149abd66,55;55;54;54;54,,,TRUE
577,4,20801392,33faa0e50e4c8bbcd824652d274a5d3bbd0099a8aacb4143751f1c095981cd99,55;55;54;54;54,,,TRUE
577,5,20811392,8a6f61d9f0141c43acc1885f3e15bcb491022c998d8d63dd5603fe674b7d06f7,55;55;54;54;54,,,TRUE
578,1,20771393,77129f6c1fa117351574b8a2d2cfe382e4cf2e2402e4e7cd787a7c6545c2cf31,55;55;54;54;54,,,TRUE
578,2,20781393,095b2b306b1ece3f29f58c15ab8f214b7a169e2e2935c2bb7af26fd3e3483b9e,55;55;54;54;54,,,TRUE
578,3,20791393,7c21f8668ea13aba2ff38d61b7f5916609556144c23fd96150914789fd581b56,55;55;54;54;54,,,TRUE
578,4,20801393,ca9d0f97f96c0ab6a7aaaacfa7c9f0b56b98ada2bcb7f952e8b9db91fb23a1fe,55;55;54;54;54,,,TRUE
578,5,20811393,83bc6405cf059cedf06ed8d3a910ae8d94879ea3c9e4a8058d6f2a247036e30c,55;55;54;54;54,,,TRUE
579,1,20771394,de7cfdced657652f8bd985774f5fb2d8f4b2203c273467605b42e9ed6ec4b6c0,98;98;98;98;98,,,TRUE
579,2,20781394,8a2578b0e37305bf7b1cb5fa9ff7149844903552f91deda8d4210bff1dbe57e8,98;98;98;98;98,,,TRUE
579,3,20791394,04c8b829af424413b1072e200942e51f4eb35069569c615be19952642d73be7a,98;98;98;98;98,,,TRUE
579,4,20801394,eaedbcbf5444c0b3c505367b10e8e021c32f7293793e8a2cec4816fdc78e73d2,98;98;98;98;98,,,TRUE
579,5,20811394,17e99615685cfb2d182aeddbd6e3b1acea0b7df4bd4af9c076a477a8abad4b04,98;98;98;98;98,,,TRUE
580,1,20771395,b923ab203dd87049b935cf6f64424725e675ff82f09882ad9351e8273a5ce4a6,98;98;98;98;98,,,TRUE
580,2,20781395,2ae4ea4c92eb37e6a71d522cd935dacfb3cda8373682f77d8a42f571c35a6e99,98;98;98;98;98,,,TRUE
580,3,20791395,f62d08409727d609af934a65e7d4ff0cfa0362fb42fe0c7bb18b4f500e27c0d8,98;98;98;98;98,,,TRUE
580,4,20801395,62cada7d3189f860060235ab4e65feb497bb1da58dd0fa1bf06853e03ad3ed5c,98;98;98;98;98,,,TRUE
580,5,20811395,7428912e84e626657c0e5e8758ac65b7a0b4e4b410bfd8bdd9a58588ff2cde23,98;98;98;98;98,,,TRUE
581,1,20771396,087f1ccecd5aff8016427d906673e0b89ef212a3d4407d4c6c9e4b86f11b712f,98;98;98;98;98,,,TRUE
581,2,20781396,fc4c9ec93bdfe9955560013681fd5eb098927ea5fadfa3a718273582d157e546,98;98;98;98;98,,,TRUE
581,3,20791396,197c78ae019c6b657fa0931567a0f822e0cef3f3c57cfd4c9fea8a8b217395b8,98;98;98;98;98,,,TRUE
581,4,20801396,c0ac903b99b0144b8c2ba688a06f8fa4241a9daecb931ed5b6e5f51ec71d0f7f,98;98;98;98;98,,,TRUE
581,5,20811396,00359ced7d842a178b21645134dbbc919b01951450b0d5fbc6118072f2c14d0f,98;98;98;98;98,,,TRUE
582,1,20771397,91cc22a3c753335cf87cf89a0b0f3984a50055c87661c1d04854978c00e81801,98;98;98;98;98,,,TRUE
582,2,20781397,a4e1b159bf6d61904855d2a287527cdc76b8b035bd0eb537142cde6e852ed979,98;98;98;98;98,,,TRUE
582,3,20791397,0d018cac4de956c1bf12538caa84c1d1f864b6869c46b26711f37309ec64d753,98;98;98;98;98,,,TRUE
582,4,20801397,2b4dcd04bde0a84de48110514785b774132375feb8ef2b6e8470a1fed52ee0f1,98;98;98;98;98,,,TRUE
582,5,20811397,d4e93dc95229cf5be5d46ca54c9a85d6bbc63824728ddcc6afc9fe9015635286,98;98;98;98;98,,,TRUE
583,1,20771398,2b17250316ba18e58a35e2259e50a71fb01ee2d569a89dd98fd65974af03fd3f,98;98;98;98;98,,,TRUE
583,2,20781398,b0999448e7c44174c78e3e3a1cd1dd41fde496ea048fb5ab69f6bd0989ca6078,98;98;98;98;98,,,TRUE
583,3,20791398,89359b450970eedf407930485904d8b08f3d7abddf0323bd5bae0a8f4c8deee2,98;98;98;98;98,,,TRUE
583,4,20801398,0227e1980d5e67fb4870785f3b6603428cf8d7e8648eab4526c85e0ab149079d,98;98;98;98;98,,,TRUE
583,5,20811398,fb7f0bce148c281bf39c8f006a1e068aee57bd84203d7c4389723a52e2073c40,98;98;98;98;98,,,TRUE
584,1,20771399,5f60027bfe689c324122b02cf5be3a4127f9e8a9c062d2f1040be579978ad003,98;98;98;98;98,,,TRUE
584,2,20781399,8d7cf11bb2e0d02c19eb53563c993734697fd96149625a8e983f322b12a1a432,98;98;98;98;98,,,TRUE
584,3,20791399,e9d80902f31d3bebe7ac8db8e89f6b0c974c6bc722e539169ee6f2039bd0e662,98;98;98;98;98,,,TRUE
584,4,20801399,fa4c62ac4840a6c8984b8fb4277aecaa6c2908c809ebbed116496ddc634787fe,98;98;98;98;98,,,TRUE
584,5,20811399,eb19f2238c776b316a1ba68da6056315b19d5df51c2dab046d8d8e4e275204fb,98;98;98;98;98,,,TRUE
585,1,20771400,20461ce2c1422dcab1b1175a71254e73d0261f5848b8b7897fc17c6979fa3f21,98;98;98;98;98,,,TRUE
585,2,20781400,9dfcca887f442db9ac910fbc6f792853d5b1a464433912f6b692fbe50d3a7048,98;98;98;98;98,,,TRUE
585,3,20791400,9456dd07aab6d1278a6ee8e43d75bca8468c592c8fc10d0a45031d5fc75cde16,98;98;98;98;98,,,TRUE
585,4,20801400,87ad49cf6a9587b21d89d9dbb71b83668e98aced9bc26b8d868e8558adad3420,98;98;98;98;98,,,TRUE
585,5,20811400,6e2497b0f7a13df64f91bd782c239df37080f4f9b436988a59eaf9a496fcd748,98;98;98;98;98,,,TRUE
586,1,20771401,c120f95c4f02771f46485020511f25abdb01268f63430046ddc7b70d1fab1fc6,98;98;98;98;98,,,TRUE
586,2,20781401,3f29a49025a346b06ad9cba58f72a2096f42648ba5fe91007a430f1d281d4c49,98;98;98;98;98,,,TRUE
586,3,20791401,f1c12f3933911873cfa29df5d026deda84d2c81741699e024ca18b342c0e3f65,98;98;98;98;98,,,TRUE
586,4,20801401,ed8ccfc32f6ad1a575103caeca9663910a1b1654c164577aa0654f0a63b365bb,98;98;98;98;98,,,TRUE
586,5,20811401,b0134d5579ac297da7f012299c5e91622ad2a919834cfa73355b1afecb007eeb,98;98;98;98;98,,,TRUE
587,1,20771402,5d05d7a7d1181bbf87c1efacf5f18b8d9e00b480dff6ff98e39112a5a0fec4af,98;98;98;98;98,,,TRUE
587,2,20781402,e83f3ceb80506bc9fb5a04831141e38e982fceda60a0f5771c1f4ebbf4d9faac,98;98;98;98;98,,,TRUE
587,3,20791402,ee1723117d6eda5141d034ada1b655fe0ec2e4f5bfc312e24eca0a94457b9625,98;98;98;98;98,,,TRUE
587,4,20801402,7d960dbbb68c0aa26612522785a6e19e7db71df3420ae41e36e2593c288197cf,98;98;98;98;98,,,TRUE
587,5,20811402,5594b577d8f81cc9e88b70f02a760ccbfe0abacf28d208d473e1ebdd9b16b228,98;98;98;98;98,,,TRUE
588,1,20771403,69831a1771a38b57f96ba942f850069cea7c9404c53ea77f715b8773f60720eb,98;98;98;98;98,,,TRUE
588,2,20781403,035b5b8fb56c69761402737e77768c53546d5a23847879a43de93ca68a61fa90,98;98;98;98;98,,,TRUE
588,3,20791403,32efd9e3dbe8d134491c98df395ff4ca2ccb8e31ca48b101419705e83945f782,98;98;98;98;98,,,TRUE
588,4,20801403,af3ddceba423f3424ffa9440a81b747041bfb8b9fc75dfdfb1b0523fbfda33b9,98;98;98;98;98,,,TRUE
588,5,20811403,89bd499c375b72352240b1b558f138f0422b1d8750c4ded18673e3a9599597d6,98;98;98;98;98,,,TRUE
589,1,20771404,b35a684f7b14ae476fb6496bb86a3f23353c921bf66944bd822f049f9c65cc25,98;98;98;98;98,,,TRUE
589,2,20781404,ea10e542bc87a4d91985a013483d932d0922297c5c84c50adbd9a38ff8dda91f,98;98;98;98;98,,,TRUE
589,3,20791404,d56ccce2b9485fe21049fbc50cdd89aba8e79d1ef78a4eabfde4befde821086d,98;98;98;98;98,,,TRUE
589,4,20801404,bda0ae5cf25d3562b2d0a18a599c3c05dd61c971969b715e00e42a491909d049,98;98;98;98;98,,,TRUE
589,5,20811404,30bd3320b84be2df84dab62962ed20cd43563c3f19a096eac53884721098bdbe,98;98;98;98;98,,,TRUE
590,1,20771405,5a6352819e5818bba8a21161cbdb1e62164e8abaad3498111142c42efbd0e83a,98;98;98;98;98,,,TRUE
590,2,20781405,e0deeb89a7bc28b43ec6471b242a39e475455fe5833de3610f76ee6e736f6b7b,98;98;98;98;98,,,TRUE
590,3,20791405,2dadd9c3c1726d93e9e98f29b4d5fc55d15fae9e917a4896ecaa014f3ed00750,98;98;98;98;98,,,TRUE
590,4,20801405,b84b081a1c3a69f7f858d2aac10bf553766b1fd1e96b13e1ece8fcb0cf56ac9c,98;98;98;98;98,,,TRUE
590,5,20811405,1d8736147fa29e3830421f821d30a7ef0cbf0a15a465a34e4513a518481e3fe9,98;98;98;98;98,,,TRUE
591,1,20771406,29f356c8f6aa8b6238f403db3d3c367c6eef4b74c5ba1a499f8fb367cfcbb05b,98;98;98;98;98,,,TRUE
591,2,20781406,39b234a1e8cbfd00b655eb5bcbfa8de8c2eba2b6ecf40417cf532aed55b5322a,98;98;98;98;98,,,TRUE
591,3,20791406,210c745b4b9ea180283dfe74b30351aa0d5ace9a47c1fc6c86cca459c7984db3,98;98;98;98;98,,,TRUE
591,4,20801406,0c8ec28718d2411f2b3f2e29827418ef3c181b31b5c45765696bf53161adbd7c,98;98;98;98;98,,,TRUE
591,5,20811406,a02cb7d4a052a5b2db6fafa0cac5820deae77fc46cd2e39999d82be91d2d3484,98;98;98;98;98,,,TRUE
592,1,20771407,0d4d4a418e41edd753d5b5552d6dd12192b8b470adf2ff691e3d980e4c6393fa,98;98;98;98;98,,,TRUE
592,2,20781407,58017fccbbac22c2bf4422e2926fa547225f2e24e7fe3e7aea16f79ed6783869,98;98;98;98;98,,,TRUE
592,3,20791407,8562d56c1c2e25e103472e22438565b94596d62b152db3267cf4a9ec932457ed,98;98;98;98;98,,,TRUE
592,4,20801407,c40985b17c0d9b12ecdad6f7505c8775334ca1279074775e318c90410ebd6ae0,98;98;98;98;98,,,TRUE
592,5,20811407,6ffbd098183e0c975286b9a69311f528b4de8c7d879085b87a132275a101d61c,98;98;98;98;98,,,TRUE
593,1,20771408,0c82938294681390116faacb3e0a77184c65d3e3ab62b155b7b0ca2db74cb5ca,98;98;98;98;98,,,TRUE
593,2,20781408,36ecbcc5abd3d046c76ebe9facec4938f1e3595426908fcde6149b373d983897,98;98;98;98;98,,,TRUE
593,3,20791408,056ddb57600cf6f5d25a9b699b48313ea5bd6ccafccb652b36bc2afb9847805d,98;98;98;98;98,,,TRUE
593,4,20801408,7d016b992da4a2912d6307f13de1552fdf6501b606dd0c9463e87fcedf11a6cc,98;98;98;98;98,,,TRUE
593,5,20811408,9835a9aba970017ec4c32ba37c3ea1e6c63083db476f521f14276815e690aec1,98;98;98;98;98,,,TRUE
594,1,20771409,5db6f52c9c497cd38ccca96923c6173d12fce94de37ac1cd08c6cb214aad7372,98;98;98;98;98,,,TRUE
594,2,20781409,93e85cd83c53dd0f1715d9c74b3fc2733f1d50c9059a6a0a683768515048c01f,98;98;98;98;98,,,TRUE
594,3,20791409,edc79c4cc1aa571a1798204ed564bd1b16f811cb06320af5f69ca1bc5c5d77ae,98;98;98;98;98,,,TRUE
594,4,20801409,d7b86d64c5cac97b4f2ef1b3315582edcb2cb06cd32742b7f71d429c0ccfc7c8,98;98;98;98;98,,,TRUE
594,5,20811409,37277e9d492c31a197b256bfa7ddecbcebb164f97b9e1aadfe6d2392b1633e82,98;98;98;98;98,,,TRUE
595,1,20771410,5cb0dafe402877e70f555112656965cb40695f06f31b6029143b2cc0a6a08426,98;98;98;98;98,,,TRUE
595,2,20781410,a2ba177d6de32010b0451f1db4c28e2f2164e866cfd5fd5e36cda25f4d44b6cc,98;98;98;98;98,,,TRUE
595,3,20791410,e1c3639b59941e507de4ba02590144d1796c8e6208c4229a848403cd851f8b61,98;98;98;98;98,,,TRUE
595,4,20801410,44bb1a2b589c5a56c7bb134c064fd8ac163620c0c46498f815758793881f3478,98;98;98;98;98,,,TRUE
595,5,20811410,77fec8b5a399c565d92ee470951c62d9db853828b077df8e12857757adb67eb5,98;98;98;98;98,,,TRUE
596,1,20771411,0f6f2bb8fc6418b108808d92f21c09ab0713c729869298c3bbfc8d4b20c37854,98;98;98;98;98,,,TRUE
596,2,20781411,09b1c9040f9e034d5524127f066790cb31f8baceab2523be0a821f3ec3bdd03e,98;98;98;98;98,,,TRUE
596,3,20791411,098444eb437ca50c923bc49256478d367daaaf831ba8a861042c32429be22e9b,98;98;98;98;98,,,TRUE
596,4,20801411,9518703575a21a6e822a294b643ee558217114af185477753c1fd6391ad70613,98;98;98;98;98,,,TRUE
596,5,20811411,0db0db4b608f18e15a14ba68cba0fc91c63a99962579fc41f102d77824535bd2,98;98;98;98;98,,,TRUE
597,1,20771412,d9ec4689a5e091b6d8c48b8c136be2a6d1242d72c133c2dfdaaedec21870c3da,98;98;98;98;98,,,TRUE
597,2,20781412,7fc5ef8dd05e17be2c601f6a4b99b6819e1a53877666cac351dfb24fb605e8f9,98;98;98;98;98,,,TRUE
597,3,20791412,e394d736a07c5552daf3093cab7a8ca458e5f42c11cc8ba13eefd735c95bbbc4,98;98;98;98;98,,,TRUE
597,4,20801412,2433a88007b8298515c8fae83dd0d773084a82e5aa87db3a84ff503c836fc343,98;98;98;98;98,,,TRUE
597,5,20811412,1a4dbfa84da0c7c0667219ef14dfad9e2f4a5bd8e45b501c6f5a87f4fe4a94b3,98;98;98;98;98,,,TRUE
598,1,20771413,e5b33c46e836e5ad116c82c25c26594f682a7f11ec7d6a02b0454413ef99cf00,98;98;98;98;98,,,TRUE
598,2,20781413,e21b2755500332a3e24f0f2014a4720993b9ee6d099939330e6ab105f10053c6,98;98;98;98;98,,,TRUE
598,3,20791413,519344042157dd6ab54ae489e67b190abc46f7b0639bcc752ae03199c4975e02,98;98;98;98;98,,,TRUE
598,4,20801413,45274c8c3525fd35b6654a8319760e892182057727c1460cebf252d1c2638acb,98;98;98;98;98,,,TRUE
598,5,20811413,fd0aefcf39275510c5b7f2ab422751c5144b14a15359b7123a77e8b2c3ef7d86,98;98;98;98;98,,,TRUE
599,1,20771414,e43760a4e5f6ee363e38a1a2de55df52aedeb017146216864e0946eb0ba6401b,98;98;98;98;98,,,TRUE
599,2,20781414,4cb726db9db81f09bf75d05a1b38f4fc59c64a1155943a57e3a3b7c8f090bb94,98;98;98;98;98,,,TRUE
599,3,20791414,ea972b702fb2c0879525fe8c1c37af24590e881dd2fe2ecf7d8924d85b71cb9e,98;98;98;98;98,,,TRUE
599,4,20801414,38b35fe8f75f998d3b83534131146cafb476cf19182a9395c2822ff83b731bdb,98;98;98;98;98,,,TRUE
599,5,20811414,3b1eaa60ae1b0bcd1c11eb9c783afc0aa484067f530cc79324d8f45fab4ddc78,98;98;98;98;98,,,TRUE
600,1,20771415,b1d507d7bf06b12af55650dcb68ed6ffa8cc7ef189f038f4d172f8b906ff2fc5,98;98;98;98;98,,,TRUE
600,2,20781415,b15441653e110ec8cf6056da45f8e9316f5f4d02622b376d80948b8e3872fcbd,98;98;98;98;98,,,TRUE
600,3,20791415,789efdb10326de17caeb7ef067f2077d4b69c93504c51130164e835dcca71e0e,98;98;98;98;98,,,TRUE
600,4,20801415,35994201217a808666f0b36e96731f57399b7aa04abe12de9ab79f225dac207b,98;98;98;98;98,,,TRUE
600,5,20811415,a3099cd675505d7e8f9b5e29e88869a0ac4efe6336f02fc9a7ec8760aa00aac1,98;98;98;98;98,,,TRUE
601,1,20771416,5cb6d403cac54ba687f03415cb4001f1ba08f42f36f4c4c4a2af7313f46c20d3,98;98;98;98;98,,,TRUE
601,2,20781416,32d76934c9dc2e0d87d24786bd08c32f66e8a4260c795bb43d19bdf51b308893,98;98;98;98;98,,,TRUE
601,3,20791416,651cc57c6c6f247df942c33dd40af747c07c592a0f04f9cdf94bad7219fd52e7,98;98;98;98;98,,,TRUE
601,4,20801416,52ad30bca282b6e35f3a08fc175ed7b32dead59cada776415c57b4003a6f9c2a,98;98;98;98;98,,,TRUE
601,5,20811416,048fffff286d101c8aa2eac93f9fb074bc3c1d8f81082c0cc776e4cb84303e1e,98;98;98;98;98,,,TRUE
602,1,20771417,77e791e2fd141a877220dba409b290c107a0fb5532ff1f5fdf32b7f46305b6f4,98;98;98;98;98,,,TRUE
602,2,20781417,964344391ca978e28a9b68631d6ec9ec155784d981746d0c769d6fd068bf0d44,98;98;98;98;98,,,TRUE
602,3,20791417,8b8a08b81c9b9e19ce3015c5a2666464daaf3d1ad44f59785a389db716af112b,98;98;98;98;98,,,TRUE
602,4,20801417,a0f037e1d97c503d1af50ca9b6ad30d46310e9ee8a1c1b6070f9e0b2691db8b0,98;98;98;98;98,,,TRUE
602,5,20811417,a8e6a9312d146c86558c31cc5f2941f8f3eb3bcbe270c59af4a0d583745842e9,98;98;98;98;98,,,TRUE
603,1,20771418,4e194f069b308bf6b9260a594c4ae8a0b29454850cb3f6bf325a14f130c3082f,98;98;98;98;98,,,TRUE
603,2,20781418,f41d324f4820e7d8f54303ae60857fcd6544e1fdfb5d1fd0d85e9f82561626c0,98;98;98;98;98,,,TRUE
603,3,20791418,dc4f4644fbc9f00b8021e4eff67f06576a55c8f93ead4cfc82f4fb8d78b9a870,98;98;98;98;98,,,TRUE
603,4,20801418,b82d07c895a9e6a6fc40fc08b27ac74011865e7f1eb71868b9a41df751e54841,98;98;98;98;98,,,TRUE
603,5,20811418,8d04ddf80c3f3c4666150c0809a42373454885188b746930d0f359653ca0be88,98;98;98;98;98,,,TRUE
604,1,20771419,38c00115cc45c96da801073510e6ea8994c6ac0c5867727f1fb8afb59a26f094,98;98;98;98;98,,,TRUE
604,2,20781419,7c6e0659c7c17683f13b9e07f7f42efcbdababe8e65671667492da39d2c39dd8,98;98;98;98;98,,,TRUE
604,3,20791419,2a128670d3e9dfa3819201c4415ef30f175edf8d630b76ae21d9b0446cb77d14,98;98;98;98;98,,,TRUE
604,4,20801419,6297b6499a0a108b9c24aaddb7d805b65bfd0940c3796838e96cf82e26396371,98;98;98;98;98,,,TRUE
604,5,20811419,968857c297383e2fc07ab5b7d467dde5a8cd6a160e9f2c92d58afa2d53299b7c,98;98;98;98;98,,,TRUE
605,1,20771420,a684150cfcbd48e524f0c4f4bacac58430994f20d102d98aec339147ed788edd,98;98;98;98;98,,,TRUE
605,2,20781420,1037989cef68ee459fd6eb68b0425661cf8eed5980c264e5ba7cd4f93012b0f0,98;98;98;98;98,,,TRUE
605,3,20791420,4ff4c5b6ae23ae3811a96c4c6fcb8f70626e5567d29a28a282fde7d70ec2e4b2,98;98;98;98;98,,,TRUE
605,4,20801420,ea63fd0323ad56d103c8dc22d17b3fb042705326e5cc12732fcdaba27de57109,98;98;98;98;98,,,TRUE
605,5,20811420,f908ea180454a443be3d23f271a38765b4b9b3866a6962fae41f383e22bd0e3f,98;98;98;98;98,,,TRUE
606,1,20771421,9ed191a58505b18607bfa3f805ed9a1f3ed5832c2926c606392956c5bfdda2da,98;98;98;98;98,,,TRUE
606,2,20781421,48ec6f5c05ed5c319f46f7cd943c0c63cd917c79db03b4f2149cf3ba5d754b06,98;98;98;98;98,,,TRUE
606,3,20791421,0eebb5fd4800b1ea3e4df974cf01194cda30f56ef6168a9ac99b67c9e9f3426a,98;98;98;98;98,,,TRUE
606,4,20801421,2cb1ec65d180e3324acad88ae8a89d0da6d7ecab8720b43d3dada7b70fc7d9b7,98;98;98;98;98,,,TRUE
606,5,20811421,172820ad6246a277f675d77c3d9b4a06d6d9087177bf9352a47c609cf7c4c554,98;98;98;98;98,,,TRUE
607,1,20771422,854d6ea19255319fe4a3a83544db1a804619a17c7dbf2c65b86948be460a52c5,98;98;98;98;98,,,TRUE
607,2,20781422,e2aebea9611bdc1a5d6f4bb8fbd8d8995d3491a2275c04c2c9640f885c304655,98;98;98;98;98,,,TRUE
607,3,20791422,b7cb2fc3b177249fb598caf853a9b5e81e6fc7de6bc694bf09c94d14e02bca0f,98;98;98;98;98,,,TRUE
607,4,20801422,25662ca2bf497f5f04a8e72ad3f94715acc5461e15265950f19d12702b41edcd,98;98;98;98;98,,,TRUE
607,5,20811422,e281095af5ca3bcf54c6f17063891820fc4f9bea7560f448dbc55caf0a1b0e59,98;98;98;98;98,,,TRUE
608,1,20771423,00d91abeb57552928e6892c77b3e64f63647e83250609e1d386df5be52b02b82,98;98;98;98;98,,,TRUE
608,2,20781423,ccc825e282d06044efcfa78dac487d585ec2a334e30387872bf5137b5149783d,98;98;98;98;98,,,TRUE
608,3,20791423,2c91225488b09aa54269a7c7535e7500650e6a2804c34c42e1909e0112cfdda6,98;98;98;98;98,,,TRUE
608,4,20801423,0c43e2ea64ed34cdaf5e7682606a8466d7b76277da91091483b63a6f5f2225ab,98;98;98;98;98,,,TRUE
608,5,20811423,8235b1b0139de3b5b593da0689e2cb6f108ea85dfd08fa651e7e8803047778b9,98;98;98;98;98,,,TRUE
609,1,20771424,5e18eb4db77312df91fa109259a6875690340066d646d485889a3fda5cfd5851,98;98;98;98;98,,,TRUE
609,2,20781424,c6a3c9a99645ebb0a2492cf6dd0b14e06d1970fcbca6e6b86fbe8d1b9c6b6952,98;98;98;98;98,,,TRUE
609,3,20791424,7b88b01ff8e4041f8d89e62a24f191ee8c202a36573aca3d4feb9f6cd6899a1d,98;98;98;98;98,,,TRUE
609,4,20801424,e3086b20d4625cb73349113aea828c4e58c7e5c9ca6f85d5e0a5005df0a78afb,98;98;98;98;98,,,TRUE
609,5,20811424,8b8bc53c251751838de8ff4fc73b26b87e7fbe0283741ad10f284e60f557dbf7,98;98;98;98;98,,,TRUE
610,1,20771425,0e7eeda21348fafc1fafe22da61c92a46cb2388ddfdc524ddc2809fe21186358,98;98;98;98;98,,,TRUE
610,2,20781425,0c2b4e262731894aa76fc3237b118bc121f44322126d47cbcb665454b48fb593,98;98;98;98;98,,,TRUE
610,3,20791425,cd8bbd82b35ebd8a0b72e43b2c0ee30dda98247d6c14da8eba15a42c673c8261,98;98;98;98;98,,,TRUE
610,4,20801425,9879bbf7bd7fc09db8ddb80db3e708ca928c5912063b1b45d5a42f210891e681,98;98;98;98;98,,,TRUE
610,5,20811425,46fc338cb791e2634e4a84689ebbd022fbb702590ab7b19d1d040191640e96d8,98;98;98;98;98,,,TRUE
611,1,20771426,a9141e29a07417eebbe44da1ec8b20af2bfa0a7ed2fdd31b4a1ca5aa8e7dadbf,98;98;98;98;98,,,TRUE
611,2,20781426,cb3465952bfcdae6893ec9d2d2fa0288138b20b162a1e2eba4938456489782fd,98;98;98;98;98,,,TRUE
611,3,20791426,b8eaf74fa0850d9e9f1c7e92359e9d97c4912ee902534f93725e80cf82cca4f9,98;98;98;98;98,,,TRUE
611,4,20801426,9e99b2ebc43003a5a3eaba24cb851ab4580966878b97897354ea4d8094e757a5,98;98;98;98;98,,,TRUE
611,5,20811426,7168f9ea9f9342a33516d45c1e4f396316126d183364f914b03d641b69e75846,98;98;98;98;98,,,TRUE
612,1,20771427,e25809a14d1f283114227e9cd737b4d887babe1ab9d5d61c154b880007bec2b6,98;98;98;98;98,,,TRUE
612,2,20781427,2db84ccaa8f525f975bc073c5b6274b1e47b9e645bf3b5fd845c66d9c32a982d,98;98;98;98;98,,,TRUE
612,3,20791427,913116568b7e1ccecb8cec5906b78778d618e7c083d0f5b5522f20bc59fa06cd,98;98;98;98;98,,,TRUE
612,4,20801427,f3cdba17aacaf456356bd8acfa1d95101899d52fc9feb1924f76adf6e8b9cefb,98;98;98;98;98,,,TRUE
612,5,20811427,24707383283a9406fe9761a27696a1618d4a46b22182b0d07b0056b20028efe0,98;98;98;98;98,,,TRUE
613,1,20771428,21fa0f7f5f7a8381c231c35f8fc123213a87abc8d0c7565f6adcbd9eed2b823b,98;98;98;98;98,,,TRUE
613,2,20781428,b538e6e30a2107a6969686a96bad133d99131dd8884ff6351d255853d8c2c134,98;98;98;98;98,,,TRUE
613,3,20791428,2241f58510cd03c897c44f7ddd4626bcd1146ef724c97fca83f846d4d46ee528,98;98;98;98;98,,,TRUE
613,4,20801428,bff3beb5771fa30a80d09d720a80872efbd2a7da5d294c1a9fd74feecef1110a,98;98;98;98;98,,,TRUE
613,5,20811428,bb66b09644d726ae1c699608541d0f0f09bf6a9ae034091b75e970bd18062773,98;98;98;98;98,,,TRUE
614,1,20771429,2c2fb330650e0f9e3c10a5331538adb0cbcc268243b3ee04384a45af00879211,98;98;98;98;98,,,TRUE
614,2,20781429,48a3cbbe3e2651bdaf9b7bfcbfe639fa685c6e0e78ef297e663a6584f6bdf676,98;98;98;98;98,,,TRUE
614,3,20791429,4dcc08012e35d4cee5b9ea7525bc0137ba0739c00b33b8f3f6bfc122c6fa6ac4,98;98;98;98;98,,,TRUE
614,4,20801429,413e3991a731f7b2453e8d05b85d78f13e094a7ed5766d8fbfb01b95ce39f907,98;98;98;98;98,,,TRUE
614,5,20811429,9c3416554a7937370bf2bb32825de42ccfaa24d7f398901599c1ae4d1c1ba459,98;98;98;98;98,,,TRUE
615,1,20771430,9fd674336779776813e0bd80d27022570f07ebed65bb0ed2b79038348ed9e542,98;98;98;98;98,,,TRUE
615,2,20781430,e99620aa1d946e9d374d6655fbfb461eec5cb586e7d53ddec6b1b9779d54edad,98;98;98;98;98,,,TRUE
615,3,20791430,9cc673f8d21069ba112a19e4e84831df5c9d55ffda03adc608118c57646f2c8c,98;98;98;98;98,,,TRUE
615,4,20801430,28c53b188d04d2e842e4937199a6eb35f7800f473e3c24428a679554056529c4,98;98;98;98;98,,,TRUE
615,5,20811430,f7ef3161eb2de50657b83279b411c868b41cf5702a5e138c3aaaf08cab78f91b,98;98;98;98;98,,,TRUE
616,1,20771431,7b22f3d5228a898ad5e79105f0deb8bdf1a2084e31ece806f3bcf69e1dd9ba59,98;98;98;98;98,,,TRUE
616,2,20781431,7bcdce39959e825f7d15c3c6178bf039c2df0602bd21544002a061536deeafdc,98;98;98;98;98,,,TRUE
616,3,20791431,09a8c3a97da5554f652edf8714a1600ffa1147f9189911a17b4b0c20c5c6ccf6,98;98;98;98;98,,,TRUE
616,4,20801431,2de7eae4ded533a2b7632e1ca03e526919ad7a30ca66cfb96e1c1606121de98f,98;98;98;98;98,,,TRUE
616,5,20811431,2996c97edb1a5d4b2e557746e75f5e15e92f22e62483117918579f9b64f1afb5,98;98;98;98;98,,,TRUE
617,1,20771432,c2d067f47a056cd520a8a69657afc2ba05ef21eff7c9503e1fb766d700744aa0,98;98;98;98;98,,,TRUE
617,2,20781432,26a5ea5e4d8518d491e24618fcf80314a35c9ff17eee4c4d32d768bb744e639d,98;98;98;98;98,,,TRUE
617,3,20791432,61839d5a02756c6ee92b0746f352315c0cf64acb1c9e48fa016ac34a41fe89a7,98;98;98;98;98,,,TRUE
617,4,20801432,385538e31b611a69bc5e7cc9a12ad0e185e71ba0f40bea4edaa905899003bfa2,98;98;98;98;98,,,TRUE
617,5,20811432,12789bbc633c08022b071f486cf0c3b26651d81d8d4e73730586739613ad91de,98;98;98;98;98,,,TRUE
618,1,20771433,6108f0ee61ddf44ad7dc9f64a0336641e564af0e7bdb6335d796758afd7bab09,71;71;71;71;70,,,TRUE
618,2,20781433,f0753cc5d4059216a4b65bc2e3d4afa165413df3578be6ab0b715383c4728540,71;71;71;71;70,,,TRUE
618,3,20791433,50930b94c61ff0b5cb57b02ee7c5b1e2581f5d27daea692602dc7aefef589087,71;71;71;71;70,,,TRUE
618,4,20801433,844d570f1311ba5c69d9d9be4c645291d70bb463035ce5b91283d187f853055b,71;71;71;71;70,,,TRUE
618,5,20811433,89d9df943bb4ddceb559029726ae16265eedce2f8d5885cca4c7fcc9bed02a2a,71;71;71;71;70,,,TRUE
619,1,20771434,ce645dbe6b36db0d98445c8a45a3f86abadd4adb844532911748543f67b92d17,71;71;71;71;70,,,TRUE
619,2,20781434,1a396b8496ffabf84d018ab40e31f44cda1bd859fc8434ca669da95347fb384e,71;71;71;71;70,,,TRUE
619,3,20791434,7089dfc36eba00107d00cff60f1372f43f41fe4d38403a3a1fd99b6b87b229cd,71;71;71;71;70,,,TRUE
619,4,20801434,c163c607d59218f8a87ac368a144a232e84d26f050748437abec3ea2a614211a,71;71;71;71;70,,,TRUE
619,5,20811434,6b0674156d5cbc5b9ac81befdf686670cace6dd680f5331a55e42177d8ed3779,71;71;71;71;70,,,TRUE
620,1,20771435,b19e0ea059272843ce1087193f6586bb3f68c1032d6c14441872aea546d49579,71;71;71;71;70,,,TRUE
620,2,20781435,4e0ce3755f285abaec50dbd9d02974c7b20e46f149f46dc3bfaf58608c61c069,71;71;71;71;70,,,TRUE
620,3,20791435,d4ef5c3c42da0f27c82430649f648861caca15f0b90511a792d833f053f244d5,71;71;71;71;70,,,TRUE
620,4,20801435,e9d7cf4efdacc557309a4d5100f384b92422ddd3bd34a2e2754e0d0a788dfcec,71;71;71;71;70,,,TRUE
620,5,20811435,640513ff454f2a8b84d6b502221c31949ceee581d0c0f56872a18a5b7bbe4afc,71;71;71;71;70,,,TRUE
621,1,20771436,28d015d9f6506e74c2af8c78299795a2d0e80a438337128bff59b36eb452ddfe,71;71;71;71;70,,,TRUE
621,2,20781436,b470628efce859c0a9d638e74a554e2f50a3bd42d0551fca0ab0b78141430068,71;71;71;71;70,,,TRUE
621,3,20791436,747548988a4f18f16e282928c98f1e9232d1a78be9b05d0ea722e52139d83974,71;71;71;71;70,,,TRUE
621,4,20801436,47afec490077400379a6ff4d93ed3d9af480942d80c964150351b8a419c31bf9,71;71;71;71;70,,,TRUE
621,5,20811436,73b0b7d029e099c0504739f1be620364365fd2382ff4e028b95ef0671f3cb1ca,71;71;71;71;70,,,TRUE
622,1,20771437,4ed3c738f15c419800cfbd38484524277a96b5b50ec3588ce381e477026e3ebd,71;71;71;71;70,,,TRUE
622,2,20781437,b8fb6d51b55b24e7c4adfb49d00194ba1036dbaf23b544c0c98237a49fc4f2a7,71;71;71;71;70,,,TRUE
622,3,20791437,eb45b241b4606a6a5a29832ca0e6bc856088b8eb00bcd3374e61facaaf7e1e8c,71;71;71;71;70,,,TRUE
622,4,20801437,d2fe7d27ee15de11406fb24f0aac236e8655df0bca5512913abd0e67c1a1d98f,71;71;71;71;70,,,TRUE
622,5,20811437,536e3cd0a8afb4aee645aef0c54c33fcc6b657339d3ba3f134846a7a5f5d4ed1,71;71;71;71;70,,,TRUE
623,1,20771438,5d66ae3a748d90944f6f728d37a808a2739d3ddf630346d9990a037be9f9c15f,71;71;71;71;70,,,TRUE
623,2,20781438,ce957247541e3c2698c7bde159f66b1ac3f75258fbd1d495784d99b66da8354d,71;71;71;71;70,,,TRUE
623,3,20791438,fc3741bc06c3f0d89217581dee6f7a3ce43f75834ffc7c44a7a03bb471b5d749,71;71;71;71;70,,,TRUE
623,4,20801438,85a5db6502e2989f2cc817f5a5674e6143c3f1966fc876d1c10c99e0b219f8f7,71;71;71;71;70,,,TRUE
623,5,20811438,023e61d1c298d6f79784aa125bc61332172ed8ac2a821819b5f290f752023916,71;71;71;71;70,,,TRUE
624,1,20771439,3fa4f8748ac89a63fa948fecca5c9d0177549825ba6e459120308c64b5ac8889,71;71;71;71;70,,,TRUE
624,2,20781439,d6bdbe23a28fba76aa8c77810406b4e2d5661d99cd5a642f0c70d23fcc204e01,71;71;71;71;70,,,TRUE
624,3,20791439,8b1ea163b2c88006c59bb55f7ba75621521fff9419d9f3f9f76c4ec20486e66b,71;71;71;71;70,,,TRUE
624,4,20801439,5c34fcbd286b70d235c354280c0157ea7d480e13c088d0ebc45bdbe2d12edd3e,71;71;71;71;70,,,TRUE
624,5,20811439,77e808851e45dac0924ed495cfc803844926343b1039549f994975446d1ed66c,71;71;71;71;70,,,TRUE
625,1,20771440,55ab0d6f102559a39f70f27b9c65c0ca3a57e1cfd2956a4a680e4cc7b2effa94,71;71;71;71;70,,,TRUE
625,2,20781440,5489cfbfc5fbbd4a227ffabd7bbd2ec5b04dcb9b75ce45d2cbf869be65e5d57d,71;71;71;71;70,,,TRUE
625,3,20791440,c644d0bfe22be769ec938611b711c1612b42c62d4de7fb41496b75ef878d97e2,71;71;71;71;70,,,TRUE
625,4,20801440,8b3699d0e13a0da945bec49350e21cd79cd7c74c367f916adbd0199e7d63fd8f,71;71;71;71;70,,,TRUE
625,5,20811440,9ea4aa7b94c61ada2bc9b61b4f55b8acef2105d0d41e95858b2801e255fd8686,71;71;71;71;70,,,TRUE
626,1,20771441,1d6526138a4c2dbac52c35fd2a20ea77d1158a0c7e23e2799f6f740094e1cbe3,71;71;71;71;70,,,TRUE
626,2,20781441,e62c11cc67029be0747c09e82f62450e79b507d12fdb992d81139b47a29f463e,71;71;71;71;70,,,TRUE
626,3,20791441,98311a6f40d0b7dbc499447ca95269445fdb69c1067deea37806561f5345f4f4,71;71;71;71;70,,,TRUE
626,4,20801441,5387762a0d7e8c0b3b72c6be746822809611574a898c9f8748f7d024d22d0c02,71;71;71;71;70,,,TRUE
626,5,20811441,a730f8b8c8c1153792b780fafe972cebc2fc9d287e060ea88feb2408e3b487f6,71;71;71;71;70,,,TRUE
627,1,20771442,242b503f00843d3fe7e5b093062f88168e08c869d12d68e75406c113f8c73f67,71;71;71;71;70,,,TRUE
627,2,20781442,bbd923fad69535e150ff4886fac3627d4dfac8232152f060c1e19a7529af87fb,71;71;71;71;70,,,TRUE
627,3,20791442,43f479ec7f932144a51f4a6ac529097b8db414940eb22c5933d8a7031d291d1e,71;71;71;71;70,,,TRUE
627,4,20801442,68f4f1f7fde38d26153198c4385d401ec4c69091ed45d923f36ba10bf1669e7f,71;71;71;71;70,,,TRUE
627,5,20811442,f0c7a29462eb84d3bda3eee753794d076f0adeeea7508ea9791da185a3f21a2b,71;71;71;71;70,,,TRUE
628,1,20771443,8c2157b241caefe16d8c602d0bbae029fd4f376315f9b75d18e0aa34c3828c36,71;71;71;71;70,,,TRUE
628,2,20781443,249d2f08eff950098a0f5f712066dc559397ecf384eadba93027d3fecf7119fe,71;71;71;71;70,,,TRUE
628,3,20791443,63951b3a8f8c2a72d3d64392e6984ccab02bee4c997e4703308f6dd7d4690e72,71;71;71;71;70,,,TRUE
628,4,20801443,0bebbf2e1ef3420274db7ade679f2cc0bc8ecf1b711cc0c9d9d7cac041f0ad3a,71;71;71;71;70,,,TRUE
628,5,20811443,842c1fd6b41f1e36ba69ae191f9a90338adc3782a9d16c662d077352af3465ce,71;71;71;71;70,,,TRUE
629,1,20771444,042256995145d13eb53344d627c3ec870ababc5628b21406e0e89c213b0db678,71;71;71;71;70,,,TRUE
629,2,20781444,d8ef1b41b0259582d6ca116b626fef00fd49b41b82d19f5db2917f6ec91a9fb0,71;71;71;71;70,,,TRUE
629,3,20791444,d0a57d0e74821f96eca70785cc5b15751de507db83bb8042a695bbe8524f05c9,71;71;71;71;70,,,TRUE
629,4,20801444,6770778998385c06f845e4f1cf3219b1aefb2f53481f32ffd07265846e317036,71;71;71;71;70,,,TRUE
629,5,20811444,2c0fc256cbc9d49e697cd05a65c7f743e932db594df09f8e43353e247e08ea13,71;71;71;71;70,,,TRUE
630,1,20771445,714d02c50a254de63e6340936509f5bfbedfc252dbc3def7f9852fc29baecc72,71;71;71;71;70,,,TRUE
630,2,20781445,34aa244bb86ab2aa7717be11e390da205a4f1698781f636e75e5b74c5ee90357,71;71;71;71;70,,,TRUE
630,3,20791445,a4b8f37188080e7784e3f28087c70fe0cbf26284199218b172d1f609e7502f35,71;71;71;71;70,,,TRUE
630,4,20801445,4985abac6ba5bf8d172a30e8d37c948686c3e8d388c01c61ec999cd8ec46cf0e,71;71;71;71;70,,,TRUE
630,5,20811445,b1b7b3d8b4dc20f45ef6ed3c9cd74e489b6b958c0cf17e35b0f5ffdbed2325a1,71;71;71;71;70,,,TRUE
631,1,20771446,38aa124dba5f0adec55bbcd0292d3124570ccd90c87b14d977bb3a96f8c4eaa1,71;71;71;71;70,,,TRUE
631,2,20781446,a34b04be3a80f15f1c58f64b2832480f514cb606d6f302843a13c233f21905dd,71;71;71;71;70,,,TRUE
631,3,20791446,ac94ac12409a140a3e576942f71c8801284572485b47c2b61dbf697a6d7ecb5b,71;71;71;71;70,,,TRUE
631,4,20801446,9a502554eb5f2abf4847604e7b8d9a952acfd61a5e5a6ab237870eb506c4fbb4,71;71;71;71;70,,,TRUE
631,5,20811446,5ea63adf2ee36e35302a00b5e88c6d90d9c6c67f18ebda6ea3674366d6ca3d23,71;71;71;71;70,,,TRUE
632,1,20771447,06199d017c615ddce5b1567f302dffd81e9639f26ab235ec88c86bf4ebe00579,71;71;71;71;70,,,TRUE
632,2,20781447,bd3b5c081b7236d8875fed22390d70a7e4f14cc723b328a65802593d67d81afa,71;71;71;71;70,,,TRUE
632,3,20791447,0dd284817a0e80897af0c3cc9003c0d63d08232f7f556b538c56e06e6f628ef8,71;71;71;71;70,,,TRUE
632,4,20801447,a774699850e3d272ba8bc96849270e74841039562c63c72a7d22cd6959ba847d,71;71;71;71;70,,,TRUE
632,5,20811447,53d56d9802378eb203cc080ae42fd4096d7bb071e2c5be34562c139fd10ef8b9,71;71;71;71;70,,,TRUE
633,1,20771448,1330051fbc16ed403182fa80750babbcc5de08fe5f1fe839912713c6f8cff3f0,71;71;71;71;70,,,TRUE
633,2,20781448,e022b1126257d145a845d5b583c57ed7967dabae906a2d8735c4fefddf161dd5,71;71;71;71;70,,,TRUE
633,3,20791448,194a70d5742a25dd2b85cc34427b2301d8eab85651c8170f6a189d46cd328cf7,71;71;71;71;70,,,TRUE
633,4,20801448,e386984dcd898cdc90f01748c047989a1b0229ac5beb0939c048d74fcc8e460e,71;71;71;71;70,,,TRUE
633,5,20811448,355f6cebdd61d0beef2dc7b0c0dcef08c152ffeb4c52e5175d85776af019f168,71;71;71;71;70,,,TRUE
634,1,20771449,571819315a6bd05488d172876a402aee927d322ea1761d9e0d85f7004d7e6abc,71;71;71;71;70,,,TRUE
634,2,20781449,ea059c96e5306ae46471a2666dae51b3b9925b307292fd3704c362a27ba2616b,71;71;71;71;70,,,TRUE
634,3,20791449,1c83d8d7c40d1187508c26db9875d0eca89b8dfc2b59de6ec6fe21e48f6d36ff,71;71;71;71;70,,,TRUE
634,4,20801449,4254e9678ce9e8a609401f4ca9f2eace57fb92427f1b69adf0e14b4dc0fb1597,71;71;71;71;70,,,TRUE
634,5,20811449,ea2af0a063c4eb6d3b96b0cf61fd806acc5d7b86585b241d87bdb3a36b470a8d,71;71;71;71;70,,,TRUE
635,1,20771450,896785b85d4a63ae53796e426df6a5cdf34308e42ecb40ebefb1820fb2fdba04,71;71;71;71;70,,,TRUE
635,2,20781450,1ba381bbdac327479e32f77c1349d667f09e17cf30c7961a354f9b943c756b7b,71;71;71;71;70,,,TRUE
635,3,20791450,29501deaa23b8eb9c8119c4f4ce6162c463364fb2b26c4a3ba1b61cb41bc1c8a,71;71;71;71;70,,,TRUE
635,4,20801450,a72179e401f012650725535a0c74396265cded72582f3b9b1111167ce46b145c,71;71;71;71;70,,,TRUE
635,5,20811450,0e6e0f7de9dd528aff81db4820b2ff5354cb23b318f10d8818e9e34c229fc4d3,71;71;71;71;70,,,TRUE
636,1,20771451,1c5aa95f2fe9b2c6dea70d689478eb722889ede38ced268c40c88fd442f88a31,71;71;71;71;70,,,TRUE
636,2,20781451,470021e351996ab4e9cdfccd496e468fd796e5951ba36a0e6c8e537f5d121f20,71;71;71;71;70,,,TRUE
636,3,20791451,72a45faede51f193daae5d1a009fe58b9fcf0dcb33a2ff63f927fe766d586444,71;71;71;71;70,,,TRUE
636,4,20801451,711fd5b2fac9bbf1491b3c259f63049f0e2c53eecbb3880ea949014963a25781,71;71;71;71;70,,,TRUE
636,5,20811451,5febeb42b5e8f3821aa7e523eec2a78b7a7303f22be1f73f47c1a118a073a060,71;71;71;71;70,,,TRUE
637,1,20771452,6a310196a23d67a451f4ddfb9b6703023879ea6bc1d04b9dc3821a08c5f22c03,71;71;71;71;70,,,TRUE
637,2,20781452,72d0a6526afc64bd490fa5357180a9d19a126898f2fa7cac837e6101c62e8e93,71;71;71;71;70,,,TRUE
637,3,20791452,ca4509c59ac375a04e850ee3510e215438b9f8f5f01a8409c8007ab3d94cadc8,71;71;71;71;70,,,TRUE
637,4,20801452,f8ab07d941c3e1831df426889c683e2a787f5677e1984afdb6ce24be06fa536c,71;71;71;71;70,,,TRUE
637,5,20811452,bdbb0625bfffd47808b49038c83216d5ea9d00997300e6b4ac07155414c29a92,71;71;71;71;70,,,TRUE
638,1,20771453,3434e65f1cd5580615e76be3756f40195c8056b5f3a998149823e96b37de25fa,71;71;71;71;70,,,TRUE
638,2,20781453,520e390d9bd281d84993ff8644fc3d4098c6a9064e7df946dab09f36c2824027,71;71;71;71;70,,,TRUE
638,3,20791453,3733036a6164d0b0e06c466f1f023ac78626d611a472f355fc4fbd868e83f538,71;71;71;71;70,,,TRUE
638,4,20801453,f194cbab6f9645e2e71772de3a5ec82968f167905cca8a26d519d413df8ac21c,71;71;71;71;70,,,TRUE
638,5,20811453,25b686ceaf56565cc0fcbe77c557c2634dcdeda647fa9702990759c73db1c543,71;71;71;71;70,,,TRUE
639,1,20771454,00ad2e98959f8c9bc265e8e39f10ac23f3cb881b45f5f1a27a739e499ddab54f,71;71;71;71;70,,,TRUE
639,2,20781454,f441ac0f11d8472e581e6dbe289ad6c6ae226c32b52a2547b644ecc56e6b9260,71;71;71;71;70,,,TRUE
639,3,20791454,41523111d01f2ef1154620772edc3547423594c64d0ebca9a9e910c326575331,71;71;71;71;70,,,TRUE
639,4,20801454,df5db4f82c38a39dd402bfa36f7c0b8ee0cab7e186e501909d14e2fb4d813c31,71;71;71;71;70,,,TRUE
639,5,20811454,abf656860d535412466f49bc3e643a9af44e78ec02a15e09afa670e60fdd9802,71;71;71;71;70,,,TRUE
640,1,20771455,82de764f6dc76e16ce0748be6e2045aa8dfda802acd0577235070294b53e2e96,71;71;71;71;70,,,TRUE
640,2,20781455,e84aa6ae7caf0d67caca7ee7b626ad08c3b60208dabab18812fa2bc1b2dca14f,71;71;71;71;70,,,TRUE
640,3,20791455,5aa19edacc706d7cfae4ae10b76efc1b1ff82fb39337991943b584052d66fdf5,71;71;71;71;70,,,TRUE
640,4,20801455,e459c8152ba080e97fff909e3272d41501680ae5cb9b2ed0ca1618f6a26c60e0,71;71;71;71;70,,,TRUE
640,5,20811455,d6c2455818ffb74b75d8356138a1d3aafc833fe3ddbe27a916ae91515fe8b2be,71;71;71;71;70,,,TRUE
641,1,20771456,21da3a556c86bf31dd89c2444824c1139595261d819178f76bff1fcc48e11fec,71;71;71;71;70,,,TRUE
641,2,20781456,f05f90661af2d4defadd0dee53269eb2c3a26e8d0f2c263778dc0c1dd7965e81,71;71;71;71;70,,,TRUE
641,3,20791456,b42b1332735d1c51025540c5301f167c2358bb494d7ebfd6eadaa76ab3e3dff4,71;71;71;71;70,,,TRUE
641,4,20801456,3cd4db8b53f584796e22ae24ad821d09cfe0b796a6d60c63fc6d2a6f29b27338,71;71;71;71;70,,,TRUE
641,5,20811456,e45bd4e238e4e4d5ae968d162038d79090287361adee0412c4abb4b413a6ff89,71;71;71;71;70,,,TRUE
642,1,20771457,3b7e29f1d33c719e2204e395b37d6e3e4b657198b8a0a9bddbdb4dfddb5e0955,71;71;71;71;70,,,TRUE
642,2,20781457,45a25361d77179d7c693a1b6b15bb7c6356791f395bd3d489c23fd8a1e00f85b,71;71;71;71;70,,,TRUE
642,3,20791457,87c1556f455f8eb2440816648f33864ae657cfebd3de73219c93ea1bc44ce183,71;71;71;71;70,,,TRUE
642,4,20801457,6a6c2717b89ea0dc2a8a0ec7c24a11cdea6abe907e62d30173473d763f091dcb,71;71;71;71;70,,,TRUE
642,5,20811457,15f1d727dc8f4a68237e984db264319f709c35038ced859538470c8e50b0c9fa,71;71;71;71;70,,,TRUE
643,1,20771458,b15882bd7c9d238b2840eee90649849a9b9d5eb1d3c85b40db05605852ec4888,71;71;71;71;70,,,TRUE
643,2,20781458,179b3103a7c777ff3ea2d7e1580e9650746c8e16cbd89a2a19e6e8023fa6993a,71;71;71;71;70,,,TRUE
643,3,20791458,20ebfc96d4a1ecd98225f2e2ff16a60a6039e4889cb95e58c1d61f8bde7b4445,71;71;71;71;70,,,TRUE
643,4,20801458,4e2491f56a0aca6c2d737010c3273303907ea287cd8e6a152f1e3a2f90e887e8,71;71;71;71;70,,,TRUE
643,5,20811458,389757b8933bfc7e37ef5b08b202c40644a3561198f3cd08762bff702df98826,71;71;71;71;70,,,TRUE
644,1,20771459,1f3d942b8a8805e428a5dc04d71b32641014da15f5bd7d763af01cea8971b0d4,71;71;71;71;70,,,TRUE
644,2,20781459,ed8fbcf8ea2127bb386b20243afa74a3b9db25a19d59ab043a1eb2653d7b51b4,71;71;71;71;70,,,TRUE
644,3,20791459,60b04cd7b79843ca3381b46dcb5607ab7b79cb78cd7ce1ee78cb3525a14c8fc6,71;71;71;71;70,,,TRUE
644,4,20801459,ef132123dc198614bf853606940d0e104e65d5cfe66daa649acd22b02fcf75cc,71;71;71;71;70,,,TRUE
644,5,20811459,628815913ca1163362fe200e9cbc964033332315874976a5cdaa1b20b6eac58e,71;71;71;71;70,,,TRUE
645,1,20771460,9efdfa3aa6ad537b2044920f0f57126242a0c27466caf757cebce6e7da0ebd2c,71;71;71;71;70,,,TRUE
645,2,20781460,7f5e50811375b7a9fdeda09ba5fb4b9851ac041129e1968a5fd2fcfc95825b98,71;71;71;71;70,,,TRUE
645,3,20791460,4e6c4c1cf422f93ae910d0d23a6c70ba6cfbc6b72611ae6d178994aa567e7fff,71;71;71;71;70,,,TRUE
645,4,20801460,64e1b554b7e12ebc02735acacdf13a2f2f8ab393f4d10247126abff5c60062dc,71;71;71;71;70,,,TRUE
645,5,20811460,463c3264e2d36636b198a7827c34666555049bab76a6e5201b1008a619cebfaf,71;71;71;71;70,,,TRUE
646,1,20771461,c3b7f5dad8e9f4a76289132a9ff15ed9aeb141b165cd5783ebd910cb5815e417,71;71;71;71;70,,,TRUE
646,2,20781461,49cd9234258fd5662df9a2860e69544de2f6e526f2e84bee549125b5251f1b0d,71;71;71;71;70,,,TRUE
646,3,20791461,4ef72ba9f96ce28fed52a7f78e6385ea312c2d238bebfda61a7ed63c4fc3d7b6,71;71;71;71;70,,,TRUE
646,4,20801461,ecc16bb38e2700d821aec4c782960b8b8d8b2346220e49deaec786de34bc4d1b,71;71;71;71;70,,,TRUE
646,5,20811461,8ed012b751d820b781ed650f35ba999d08ff9c2531761663f131a30b02a099ec,71;71;71;71;70,,,TRUE
647,1,20771462,74dee88481a1d32e35b0a641134e9ca14b4f64a3f1b45ab4a81a624283c771fa,71;71;71;71;70,,,TRUE
647,2,20781462,1d0790469801f252580d63ba7aaea509dc408ba535eaacde5da9582e985a2a15,71;71;71;71;70,,,TRUE
647,3,20791462,3bda95f256ea57255e5a8f6481a08c272943e89f0ce8d4f5fcf80a131288ba98,71;71;71;71;70,,,TRUE
647,4,20801462,5e2c479c254723bf86651f6a58fdca18783a51cbd2f0bc7f05065d684aefc18b,71;71;71;71;70,,,TRUE
647,5,20811462,ec83430532c4cb15501b3209f8894876f31eec24f0c2571121162a0506304858,71;71;71;71;70,,,TRUE
648,1,20771463,1ba62b62d476985609374cbfddad92e07a46a84574f1353e397cbf1f84024350,71;71;71;71;70,,,TRUE
648,2,20781463,6a0f67456948e9fdb7bb81afc33bb024682c436c569f21c2af0870d3d9f1fe8e,71;71;71;71;70,,,TRUE
648,3,20791463,0b5d8ae322ed7239111a4dd35d28f4c81043c9fdb807387e078dbf5917e61d58,71;71;71;71;70,,,TRUE
648,4,20801463,2684a7dd4a7909dcd6df268af8ac60744972e28e038572768b26d9198e720277,71;71;71;71;70,,,TRUE
648,5,20811463,904a773d81dbaa943c6c57feeafad019a9fcaa0594a87e361ada4fd4cfd8012d,71;71;71;71;70,,,TRUE
649,1,20771464,cdae03a6d001b8c441d30ef535af8982817804e3bbe55cc7460c11f66f5009d1,71;71;71;71;70,,,TRUE
649,2,20781464,3d78025ddb62f02c8b01a10aebd54e03ed4c1ba8d9476695058eb049bf5b3750,71;71;71;71;70,,,TRUE
649,3,20791464,9fa25ac53dc534038950d4b6ffeb339af55c7a8a1fac5ee3ee32b1294bd99250,71;71;71;71;70,,,TRUE
649,4,20801464,962dd11092c33adf86fbc4e7f1cdc91fe5c29252ce30b6e9aae7855c1ff5ff5c,71;71;71;71;70,,,TRUE
649,5,20811464,8a48b7b04ea5429ef73ec3a7025be9b2b183db8e28c6bd58f625f18ff27ef2f2,71;71;71;71;70,,,TRUE
650,1,20771465,5b8f0ef62910fbb816b48821b85d2c952f94adb20dd82290518356ca712e65b7,71;71;71;71;70,,,TRUE
650,2,20781465,00a5798e413ff862eb99f3a905c002c36a287a68ed865b09cbd0268c27dfe67e,71;71;71;71;70,,,TRUE
650,3,20791465,f96f50cbdf4a9665b627db1d0b7024150e18e798d097f6461c7186912a2b8072,71;71;71;71;70,,,TRUE
650,4,20801465,7781c940aa78df74b222e261838fd3bfc21470d9eaba4abd99332d63b2c35ca4,71;71;71;71;70,,,TRUE
650,5,20811465,1e6075e715c3f6ee8728f0334822930f194e709574ae8642f1491d14db7e23fe,71;71;71;71;70,,,TRUE
651,1,20771466,aa86f81a5180a05845d69007b87be9b122312913faf1cbe1245751478a301bb4,71;71;71;71;70,,,TRUE
651,2,20781466,eed5dd0151a850ae993cf426a212f93531eae0055267f047e94ef5055197f028,71;71;71;71;70,,,TRUE
651,3,20791466,e8a185214c10b5724f2685ce5b29cc117107ed7703d6aca1cd1d28207559350d,71;71;71;71;70,,,TRUE
651,4,20801466,8b04e1fbf3914ef84abf3e00e9003cdaa6ec6e470e3f1be2f90f08cc64a50555,71;71;71;71;70,,,TRUE
651,5,20811466,42ba7fd1a62e06c1f5406e63bc58dd0a123080d1dd7b3b9353977df73dd848ce,71;71;71;71;70,,,TRUE
652,1,20771467,76768cb648dbc4d55940eeb3402d231c24d6dafff7f72e5177b0b07bcdc1a7b8,71;71;71;71;70,,,TRUE
652,2,20781467,ccedf35fa48ac1dede99f58b6380c69fd04c97f7fea3fc0c35aab16a0393d3db,71;71;71;71;70,,,TRUE
652,3,20791467,cbe93f7c87dbd7f984a85f7c4ae884e4ca6aae7c35743b3c05782fb4ed5ef0e8,71;71;71;71;70,,,TRUE
652,4,20801467,102e990cc42d1d0f5c09a93247fc06c67e30a17092b95ca2ae6b3a9b289b45fc,71;71;71;71;70,,,TRUE
652,5,20811467,9f59bd283a6bb01d9859aae2216ac6236e3aba978c2a3372664b993efe6c258c,71;71;71;71;70,,,TRUE
653,1,20771468,fd0dc10b8981db13b6bfb6cce326fd8aea80cb7f272b7c324e835096eebd163e,71;71;71;71;70,,,TRUE
653,2,20781468,867b0010d103192ed9f8a00d644b89b7b2ed38250fa0a3f036f6c0513ac14f4c,71;71;71;71;70,,,TRUE
653,3,20791468,28b6024102cf42151b603a4e16b9be74286883ad065a150cfb521f87708acd53,71;71;71;71;70,,,TRUE
653,4,20801468,850a76ee60f9b042a1ce3c8997ec9b04374cd5aa176ec14e9a983ebefde793ce,71;71;71;71;70,,,TRUE
653,5,20811468,961c016de1d7498d816629bd13ed72f50f8d2db1d8fb87dff15c2b1d1bfe94f4,71;71;71;71;70,,,TRUE
654,1,20771469,41655ed6495fa85956f48111d068dc06a0370330c117ffa658ed71dfba9589cd,71;71;71;71;70,,,TRUE
654,2,20781469,64a38f3b9a289f53f96153f8c73d3ef5daabb41bd815a544d814d4347a6018d6,71;71;71;71;70,,,TRUE
654,3,20791469,82ee615ccda723e929818480ca6015c5557220860edbc6973bfd2783ddc042c3,71;71;71;71;70,,,TRUE
654,4,20801469,9f450afb54a15f733535978db1662d556ee04347783c1f55f80d75fb6853a448,71;71;71;71;70,,,TRUE
654,5,20811469,4a38c68a4bdd6d0da6db65c223aab3c8c62fea10ebd974d9376e7002cddeb484,71;71;71;71;70,,,TRUE
655,1,20771470,c235451890cc47bc2ea45b491541551054a2d0684db2c1634d6375fa270fd1b8,71;71;71;71;70,,,TRUE
655,2,20781470,5128f49afd98ae1365aa8836abd68d5dc1f9cf775ea999a8920df307617dea65,71;71;71;71;70,,,TRUE
655,3,20791470,73fd7005f72e1e99c5e9229930d668b3b58095c937e5e809b850dcb7f9217582,71;71;71;71;70,,,TRUE
655,4,20801470,c985fd04399b097331197d1902f84017bfa71f752b7022dc2b8253c4b0327f16,71;71;71;71;70,,,TRUE
655,5,20811470,87d96b99906ab47371e0c6bde96da5cc603e9f9225f8a5c7a1e91ea7f8402aa0,71;71;71;71;70,,,TRUE
656,1,20771471,27d91a3b7a541536b5489a12c96881d9678fc86c6ffd4b9a311469d5b7276034,71;71;71;71;70,,,TRUE
656,2,20781471,8394a370521fe59761a12b0f3a2c6f99d28d92ba9edef66800223fdf3cd66bfa,71;71;71;71;70,,,TRUE
656,3,20791471,6ca89a56be92e7d664659147b11751d0b1b195cfc3843aab12452b30f0f008f3,71;71;71;71;70,,,TRUE
656,4,20801471,47b84bc240e37009ff4730696636e9fd1ed918932bcc66d3e141202cdb45999d,71;71;71;71;70,,,TRUE
656,5,20811471,d8352c9c4057446c3e2a8dce0cbfd7277406bcc942e14f2387064d9a101235f9,71;71;71;71;70,,,TRUE
657,1,20771472,7c0b51dc2d0040cbf311172dd22a2735cfb3a0e0ca94466c582512025414c8a8,71;71;71;71;70,,,TRUE
657,2,20781472,1db184723d7bba4a44f3df0f08734ae29f2d228365e07bb7074eebcbdc5c32a8,71;71;71;71;70,,,TRUE
657,3,20791472,0172987063ee9eba88a132b7295bd99b0dfab1957ea557744d6dece204f7c3aa,71;71;71;71;70,,,TRUE
657,4,20801472,f8597c108dc9952981a6b0e83cbb5d2af989ea5f65792d356321309f01ee31f6,71;71;71;71;70,,,TRUE
657,5,20811472,8350429895c30bd876bc4557486767f64c072f78b083d1d99a391bc136ea4419,71;71;71;71;70,,,TRUE
658,1,20771473,b776f80e5027efca9480669e267a4e84122822183cc37ef9d4d035a48f9f1b2f,71;71;71;71;70,,,TRUE
658,2,20781473,d0b35259df5f03bc0fd5819bdf810123d1e595d4107829815946c33486d5160a,71;71;71;71;70,,,TRUE
658,3,20791473,0a0852ef4b371a7e79606d5941bf6ecf3cf72faf43465c71cc97ded380c6e9ed,71;71;71;71;70,,,TRUE
658,4,20801473,c0e520f9a903aa65379a786ca0fe10a063f337ba9612f0cadcf0cc45cf2110fb,71;71;71;71;70,,,TRUE
658,5,20811473,7c95109fb57415fcbbb59df2d9f80fd496d1ee5afa35512b5adee9049176ca9c,71;71;71;71;70,,,TRUE
659,1,20771474,9dc07530467449e09de70c293d95d115411bd4652c0d872ff1e495e5f5ee3ea7,71;71;71;71;70,,,TRUE
659,2,20781474,5835074169a19e85b8751b875d6c9881e20eb2811ff9ef7ff4e7fc8cd3507a0f,71;71;71;71;70,,,TRUE
659,3,20791474,614f17e82c76913599d30acb030a73081e13dd9b7e724c48a8c3bb8361278bcf,71;71;71;71;70,,,TRUE
659,4,20801474,c1f1d38c4d8006bcf0282fc32569701b582c0d766157a2c1e2694c57f04391da,71;71;71;71;70,,,TRUE
659,5,20811474,dd6a7c21f3f38f1c5f79843e70a11f6008b6474f5ffe9b34a55dc17757c0f48e,71;71;71;71;70,,,TRUE
660,1,20771475,3702b2e01a5982e3e0cdab6d1047c27053cffc7462b9d55f43138041054f95e6,71;71;71;71;70,,,TRUE
660,2,20781475,a0e4735d918a395d8354fe6cd512b37a6c692e403adcbcf7bf7c480e74c89434,71;71;71;71;70,,,TRUE
660,3,20791475,c7e83713b370c9f35a479c6e71218cbec6d0932071ed92336e5f966c93c5e750,71;71;71;71;70,,,TRUE
660,4,20801475,f87ae1c2a3ee4d830151587fc4196a49904cf19acdae6684690f654b4fdd7102,71;71;71;71;70,,,TRUE
660,5,20811475,af27af5162ce0d9d70704311e8fe7593186717492d1c72cce0a9f29f8eef9012,71;71;71;71;70,,,TRUE
661,1,20771476,5599bc94dca50aae5bc5cce9a187be3f156d2fc3bd072ea4fb157167a1687fba,71;71;71;71;70,,,TRUE
661,2,20781476,daff342e4b091d228de8971e3463842d0bc26e8135ba5ad61561561f77244297,71;71;71;71;70,,,TRUE
661,3,20791476,fa009088671168a03c6436efa1aca4fb545d193a5a85845302180ba62e8c0f63,71;71;71;71;70,,,TRUE
661,4,20801476,ebcde7833777b350e2bcbe8efd18d0987a1c175c06adcd514bd5ac2ff4dbff0f,71;71;71;71;70,,,TRUE
661,5,20811476,c2b0f75ff0ad9410937f3dc7925ce14099e7f956b153bb807c415202cbdfad7b,71;71;71;71;70,,,TRUE
662,1,20771477,fc4d5033c758bc7ff87f765589f9977b8f8c2ee3d1c36579e355b7049d648f48,71;71;71;71;70,,,TRUE
662,2,20781477,8634c88d53c53947deadbc8ecd26f197bacc05e8f9610d0de9fd3d7112492566,71;71;71;71;70,,,TRUE
662,3,20791477,44e23207f7f271d502bd8b969e824a46c8450ac3a322cf5f0a85c215d98a14b0,71;71;71;71;70,,,TRUE
662,4,20801477,aa266cc1a66af19c75b04ee164640c3437463349e5ba32f37fc490e94be80ac1,71;71;71;71;70,,,TRUE
662,5,20811477,a128e35e518077180fb0dc4f29169a584ba3b6ab2b680502792ed9d52f5e3d11,71;71;71;71;70,,,TRUE
663,1,20771478,4695c29ce3776d09a6d3f5b2ab907363b1f22c1ff39f4a8e77746fccd388b5a9,71;71;71;71;70,,,TRUE
663,2,20781478,28346faaaad8cf33cf11517e3a68ab1233800aa814e55477eb8fb956b937438f,71;71;71;71;70,,,TRUE
663,3,20791478,954a69c5826910b6e3fd5e477be4937e93d7a9d71d3d580ae2d835f55b44baa9,71;71;71;71;70,,,TRUE
663,4,20801478,e1af15ee805b64db1af1b77796841acc20139078283ae7d24167cd2ccee2a533,71;71;71;71;70,,,TRUE
663,5,20811478,73c722223d86d904273b8a485d0ef3c0a58fa43f943e3bc52c6da73442e080df,71;71;71;71;70,,,TRUE
664,1,20771479,ab81a179793f2260aeb7e961539bc519f8c755a83855ad8175c5d634619b512e,93;93;92;92;92,,,TRUE
664,2,20781479,6e96e8902561f2b5fe79d7598befc213657390126b025acead93a7a0773a77c2,93;93;92;92;92,,,TRUE
664,3,20791479,1f473869529bf6fe93b1cdf0f6c03c97705e5e58b5ee882f09505a3f913a8ccc,93;93;92;92;92,,,TRUE
664,4,20801479,86884bcafc8d4b7e43a8aade21c9fa06152b2c4189346c184b354a9c86eb61d7,93;93;92;92;92,,,TRUE
664,5,20811479,418cf67c37c713f519eee99db1fd94eec190801b66a4d39b1e4d16d16c3da73c,93;93;92;92;92,,,TRUE
665,1,20771480,3faa5ede168914cafc9d3fa63c18009f23577538b0e8e97a97d849d6a1da7633,93;93;92;92;92,,,TRUE
665,2,20781480,cc4273af84fd409e23d5a0472d35eeaa152ae68493b986faea487c7d01cb5eaf,93;93;92;92;92,,,TRUE
665,3,20791480,5c7fe260474f381742cd21518f3510699e6c1ef9aec6296dbec89907ddbb1f1d,93;93;92;92;92,,,TRUE
665,4,20801480,1538a02f3a66089cd449eab46ac2f9e68f9307783c3d8ef8020522c50ff15398,93;93;92;92;92,,,TRUE
665,5,20811480,61ea8e4afc38afc6088eb2b8bb2d2387ae9d6eb2c9fb9b788b4a2e1296221c5c,93;93;92;92;92,,,TRUE
666,1,20771481,07c46cf6e24f56c971c02a815e6b4e274ae456e5df8cb0f949af6234d2edb517,93;93;92;92;92,,,TRUE
666,2,20781481,c3987fcea990eea935a1c3cd2ce1b624ccabf3d1616a0cbfe017d70caad8f22e,93;93;92;92;92,,,TRUE
666,3,20791481,ebef335344e884bd62c2ff7b7e74508aac2ffa309cc74fafc2e09167300c7c00,93;93;92;92;92,,,TRUE
666,4,20801481,93f14c493407fa34ff79c9871057b7900d35728e175fb3be3b24bab28e741c6c,93;93;92;92;92,,,TRUE
666,5,20811481,9964c536d3fd29585c2b04ed13cffabde11ef941ca10617bcfb53e1ac0fbfde4,93;93;92;92;92,,,TRUE
667,1,20771482,96d93a34c385e1260fa06ded000133f5e61abbcfa93cac404952c9877a92d421,93;93;92;92;92,,,TRUE
667,2,20781482,3df2d7fde16e3720df854b11f3140d056204e5154f7ee1bb9ec9c9ec1e8008be,93;93;92;92;92,,,TRUE
667,3,20791482,57af5f2624e5def3cef03d8e99ece1f2ab88ef554ec512ec68ebbf1b70015dfa,93;93;92;92;92,,,TRUE
667,4,20801482,c2d022a210a9520c81911e2d2d79430170af58953dc5006c7eb029cd7c8ad221,93;93;92;92;92,,,TRUE
667,5,20811482,9bc69c156340a0919d624e7c78644a38c4e437c0f6e92a07b52057c019e50614,93;93;92;92;92,,,TRUE
668,1,20771483,3c0885dea283f9961942c6c6c553aaa71f51ddca44e1019c696a0c87001bc38e,93;93;92;92;92,,,TRUE
668,2,20781483,3c8b34e0a82a94c82b17846232f62a3f14001eb9b9a5afbff25d88d7a79217e6,93;93;92;92;92,,,TRUE
668,3,20791483,52d606b9d75a510a5235b0076b27a983eefae531f30f4cbee38ecdc39d953d47,93;93;92;92;92,,,TRUE
668,4,20801483,28f41b86a692f0158d5b10d939a70d95b0d382e65929e12c871b95e10f8cba9d,93;93;92;92;92,,,TRUE
668,5,20811483,fd52a0311cca06e5c98d410fb4d2225c20807c89e4a2f4dcc834202ddca717d0,93;93;92;92;92,,,TRUE
669,1,20771484,fc5745039ad10eabc80e96fe5a70d64e1b4ff9b95d31bb71615953e255ee658e,93;93;92;92;92,,,TRUE
669,2,20781484,c5ed988ecaab4ad9eda9f6fe2ad763af5b06dfecd3d63ff30ad78c4bb55baf07,93;93;92;92;92,,,TRUE
669,3,20791484,63476cf9ee5706ff8925e0943b06ee1165d7016c013002cf2fe7cd623d8a24be,93;93;92;92;92,,,TRUE
669,4,20801484,683735e77f5f9dd6e2750c5587a589d762849c07928e07238e0946b1c4ebf1e8,93;93;92;92;92,,,TRUE
669,5,20811484,832912117d0ea8c9ffbe19c89175e6d2e8b86934746be8780e9f6b3ed5420049,93;93;92;92;92,,,TRUE
670,1,20771485,9d55b64039b7f14c1b4b403b9c9e721f7faa9ad532c0386a8af88fd24c09ef57,93;93;92;92;92,,,TRUE
670,2,20781485,d0aa6a8ce00db27559712310a2f606a751be4cf09ec15faff5ba67a41b6b2549,93;93;92;92;92,,,TRUE
670,3,20791485,fe577f6493c950a986328bc3018279be735b730c65fbb8e7547ce76bfb1f0703,93;93;92;92;92,,,TRUE
670,4,20801485,3da3c40e0981f94b48630bc6dee195139eef6c5761bd76fdc9dc1ed9833c666b,93;93;92;92;92,,,TRUE
670,5,20811485,e262e7884af14e75bbd48740869e33d0a3c3cdcc91cc7c28bdb5f17a970c7016,93;93;92;92;92,,,TRUE
671,1,20771486,593e8b0a3b081ed9491958ba230516411c15c123c94fdca92af6c02705e8ac57,93;93;92;92;92,,,TRUE
671,2,20781486,b489841d0254fd5e2d056bb103261fde2dcac0bf3c650bc016ac0fda4939edf1,93;93;92;92;92,,,TRUE
671,3,20791486,142599c5dad877d5465cc43596da3acaf443a9ac17c361066e0bf5ffd61b8cf9,93;93;92;92;92,,,TRUE
671,4,20801486,f2c7d039d4e81b13bdbe2d097d913874267b13f2e4481b53336297d2d1d13e02,93;93;92;92;92,,,TRUE
671,5,20811486,23d883cd237011c46bfeb1f200b3054a3eb4b85286137e8b9b742bb869ab325f,93;93;92;92;92,,,TRUE
672,1,20771487,19f2381d09e1c6e3106f350e70d570935fea9722af2bc535b6201c32d01159ee,93;93;92;92;92,,,TRUE
672,2,20781487,89a977e8b07102b28d9fb6517fae08ec254cc1eee30babd8229ac07e45851dbc,93;93;92;92;92,,,TRUE
672,3,20791487,ae155d07b122cd20720d323f4fcc2a54e5cb43b0e771ed6cf0c2251b2900c5be,93;93;92;92;92,,,TRUE
672,4,20801487,37b905be65cc4c8be0b39d5d0380001869c308fd874c5a2b982397e5e1f2b1d1,93;93;92;92;92,,,TRUE
672,5,20811487,e6310361a3a49a4404bca859e459320c1ff014e63c55857bb4e69bf458afb4eb,93;93;92;92;92,,,TRUE
673,1,20771488,c211b4d876af2f6432b75b6822f8766ceafbfb4a2a49ba9f51d1bf88f20163af,93;93;92;92;92,,,TRUE
673,2,20781488,40c6b165bd9e2cbe7a82e9c0ccf4ad82160bdece45ac7311238204a05d93b600,93;93;92;92;92,,,TRUE
673,3,20791488,dd922e613ee6c4cd4ccb2e43d496b878d25577549b7e3e42ca61f5b2ae2e9b98,93;93;92;92;92,,,TRUE
673,4,20801488,b3c8a74aec0bffd533b0d48745f8190c9a93b496391eb59f9159594fcfe7ae9a,93;93;92;92;92,,,TRUE
673,5,20811488,d9432177ebc9e2896de8cd1a3e0f1a6f00aaf0c8760958024b4f5d855146611b,93;93;92;92;92,,,TRUE
674,1,20771489,3e8d17486620b82b974ddb0fd6adcc050fb39aa2ea08db63b2453b3e2ff9de83,93;93;92;92;92,,,TRUE
674,2,20781489,27ef4550b8b374baef3a364c55e9e424f58076c4ded06a800721e22b08a0085e,93;93;92;92;92,,,TRUE
674,3,20791489,7e8ea13a11796ee810479d88fe16c37b8be0aa8ed118c63ff1a64eb9077ea547,93;93;92;92;92,,,TRUE
674,4,20801489,aa3536086b99e58292d5227b06e45bbd0581a7d8b77349cf687a9442191b905d,93;93;92;92;92,,,TRUE
674,5,20811489,809b8b4f156877dcdee39bf635fc41ff96b8ed5c6fd3e6e0bd0cb95b1d32bc60,93;93;92;92;92,,,TRUE
675,1,20771490,c996a4ca8e96ef7e68f04c52ce022d36bc1ff0424606ccee07ed3500025d7ab8,93;93;92;92;92,,,TRUE
675,2,20781490,3ee3d4911788f2e12d1187be3bcc2ca03b3077ca3578dc6eb12aac82896e4fb7,93;93;92;92;92,,,TRUE
675,3,20791490,14946728ece2bdd0123025717d1dc43d1aa7603ae640d7e5dbf2a970fe1978e4,93;93;92;92;92,,,TRUE
675,4,20801490,9afae55c474556999a39e1aade5de73da0009e3d4fc69a9d640a3dab5af0a3c9,93;93;92;92;92,,,TRUE
675,5,20811490,e4a7d1c4766459c57cbe76f36589899ff62b3e8a6ec7721979d32ea0cc91538d,93;93;92;92;92,,,TRUE
676,1,20771491,aeca741932c5b9373685d3002a8d4e7a3e4bfaa616221695ec8b0ac82d99b587,93;93;92;92;92,,,TRUE
676,2,20781491,a26cc37624707e4d6c3425b922811095eee769e06006add2ca8d14dbebd67422,93;93;92;92;92,,,TRUE
676,3,20791491,09a0fe39dd73ec66572cd8f030f306fb8b847471cd255a7f771f529d31c74cb0,93;93;92;92;92,,,TRUE
676,4,20801491,f4a77e3062973629f39940520cdbb6c15a3a8f003737b284eebffdfdeb51a936,93;93;92;92;92,,,TRUE
676,5,20811491,ad432a43bb5b94e33809c37f4f294a8e69769b612e5e47d028fa91d81226488d,93;93;92;92;92,,,TRUE
677,1,20771492,fcd0891ee7f38356b479e2fafa0676df1f79523fa01f0d15be6c54d8e4333166,93;93;92;92;92,,,TRUE
677,2,20781492,cd72024d10b62972ae6bd9a7ddb6a3c53b76753c756e9601c3f7a666febf4b32,93;93;92;92;92,,,TRUE
677,3,20791492,68d37ded01ef3fba2b051d6127154f23b032a57052c56f54efa210abc70805c5,93;93;92;92;92,,,TRUE
677,4,20801492,220f9aaada7ba34fcfd450b1df5e33fb48eff971ff37bb0f4e51f6c40cfae345,93;93;92;92;92,,,TRUE
677,5,20811492,43a88b5632f2c6380ed2464f112bbe139492192441d7ea6224bde750ec61f37a,93;93;92;92;92,,,TRUE
678,1,20771493,0c355818f94794f4930dc93421d17be1f8eae2d4773d90151b9a110ca571a070,93;93;92;92;92,,,TRUE
678,2,20781493,f09d147ffc147b05a45c2452c80a3394da5e7deeff5c1765f747f67843490fa3,93;93;92;92;92,,,TRUE
678,3,20791493,25c3778708e2a5634850ce9878235244a2e11ecbfb016ed1dfd9121e88965e0b,93;93;92;92;92,,,TRUE
678,4,20801493,c4546af9aa5cdf4ea65b6674175589c6c39d3eb916e22c052590fb2736f3fae7,93;93;92;92;92,,,TRUE
678,5,20811493,fd146a77c9e365e5bfd6308567afa5f2108852e2c0bb8ce7bb66397f37a98726,93;93;92;92;92,,,TRUE
679,1,20771494,720222512fb5a452bc97fbb4f91e6931b170b513c2e23f5cdbfabb6b78f795ff,93;93;92;92;92,,,TRUE
679,2,20781494,817fb0e09ed53b47dc05038c5b2600bbe0652e5ec20b4a8feaf7fc1608be0119,93;93;92;92;92,,,TRUE
679,3,20791494,6f6b43a5526c5a25f3dab2fb3c245d0848a4f018b6e33b3cc4456da10208d941,93;93;92;92;92,,,TRUE
679,4,20801494,13e3edb402839259ef9337fa34b0e68575a8c92e88718419e2065b2baca43687,93;93;92;92;92,,,TRUE
679,5,20811494,2012e842ad95ecbd7af2d155be584029ca9c3e3e627ac638781fe8c74729d30d,93;93;92;92;92,,,TRUE
680,1,20771495,5bccc738d99be5052f12775cdf2f57f0f0fd021d9ee0a7f0176809bdad36a85a,93;93;92;92;92,,,TRUE
680,2,20781495,322f14205782ce77d381a56092bbfb7695716942616de021bccc598722663925,93;93;92;92;92,,,TRUE
680,3,20791495,df89e32bc92ee317ce13fc47d997a67cb989b5f803ee0c5b5d85b1fb9d979e24,93;93;92;92;92,,,TRUE
680,4,20801495,1e6313dd37ec8dd718d79c7508880c7291050d88c47a077503ef4663bbc58e02,93;93;92;92;92,,,TRUE
680,5,20811495,d0f32ddfe176e67d4650ecc6d0f202965d5437f53a36237fd2fb87fed6eda09a,93;93;92;92;92,,,TRUE
681,1,20771496,880237a687bda167719030977d73f4c30571e6503a659b586f9fafa9df4fc5fa,93;93;92;92;92,,,TRUE
681,2,20781496,517aff5f136979cceafb7def3b797785c372c8a4219aa4f7e8dad6aa75051e76,93;93;92;92;92,,,TRUE
681,3,20791496,26566d5e495c49177589e8a5f73ffa63e057c6d86e82a932b557be274bfc0702,93;93;92;92;92,,,TRUE
681,4,20801496,86a698bcb950a3a8b63d5b42fa9bbff5293c125a807ecc35f3b25fe0c8e468ef,93;93;92;92;92,,,TRUE
681,5,20811496,85fd011eaff451ebed00b501260d82f322499759d345e3bac506145f48a1c3b4,93;93;92;92;92,,,TRUE
682,1,20771497,cf12a42271441de3fcb27400445aef60474723b8f07d6f358abd7f0fca71b945,93;93;92;92;92,,,TRUE
682,2,20781497,7fc1076995b8f080a0e3866747449092abacd1e733eab2b35416ce9e3401d4d0,93;93;92;92;92,,,TRUE
682,3,20791497,873d6950e66fc624d6247d8c177b9c602df0baefe2468595e7e52bc8b6c17749,93;93;92;92;92,,,TRUE
682,4,20801497,2d40aaba8e6759f8da61f5e0ab0919edce6fa681d2ecd20bf68f284a47ae7ba1,93;93;92;92;92,,,TRUE
682,5,20811497,e8b15af11e62671ccb24329d85bd46c96f75210153fe765ee287d04de65542bf,93;93;92;92;92,,,TRUE
683,1,20771498,507a4dcf722686f23ecccc77c71349c8424743ab9ee6e57fd3c019ec4ab128c5,93;93;92;92;92,,,TRUE
683,2,20781498,f5a1297a578787bdb12b748dbda268fa047363c1da6202f00e7d5b61b64a6405,93;93;92;92;92,,,TRUE
683,3,20791498,e8943e0700443eae11acebcbf2572db5cca66e1d4e5fcf505fdb89f21e092d49,93;93;92;92;92,,,TRUE
683,4,20801498,a761c0e5d73f8c30e5438f0e875cf88477ba358d6f1416684aceb984f40d4ff6,93;93;92;92;92,,,TRUE
683,5,20811498,8cb27581fda614f654127cfed7ea801fa8b067411b5be538190e36e69f0ebe20,93;93;92;92;92,,,TRUE
684,1,20771499,8d0736e342bc76f12afccc5e34fc05436218234cab6d890ce28969761887a16a,93;93;92;92;92,,,TRUE
684,2,20781499,a39a514a693e0a5c2f4f04541f88c2df952532e3b2c55e20c6d2486ecaa4bc17,93;93;92;92;92,,,TRUE
684,3,20791499,65e5f8e76fc71a9253640c46a8399d3ae093bc407e816ab485ac35937e6072e3,93;93;92;92;92,,,TRUE
684,4,20801499,57dbd98eb301de84b272df58bf11c58f4c415f4810fd06e3766cc26adb4adfa9,93;93;92;92;92,,,TRUE
684,5,20811499,b2385a4350471352460fe602d86bbdedd04e0d6748a362324ed8999755d5798d,93;93;92;92;92,,,TRUE
685,1,20771500,aad8ee6b2e476f6e41e7f47fb2713ba99de545194b9e4cd1dea45541e7bdf579,93;93;92;92;92,,,TRUE
685,2,20781500,79acf562af11360e34099c0105ff0354b897faae5f18ab4701b5555e1a9da453,93;93;92;92;92,,,TRUE
685,3,20791500,444f3ef53a7806831aa341947ba3711efbf26136ccad65ed0d99015d275905ad,93;93;92;92;92,,,TRUE
685,4,20801500,bbe24c93d1d3e29d4c76bb0af7da8019e4dc7d7a32bc138cc5c74d1d3dbde9f6,93;93;92;92;92,,,TRUE
685,5,20811500,3052cf4bb68e18d0bb4ac34e2c5f6c713c5c0ffaae760f8dac61e78114f56ad9,93;93;92;92;92,,,TRUE
686,1,20771501,b4bbbe619035e5da206f0d40c281410e49f0a4b3e31f9ab100dc70e53be73c08,93;93;92;92;92,,,TRUE
686,2,20781501,3da41e43d1b8323d4b9eeb4090d9a8b8c501a1dac7a354d6bd390d9406bb4f09,93;93;92;92;92,,,TRUE
686,3,20791501,0d09d2354d08a7ce3f881d0db19ad214cb39220cb8ad752cbe82674179446678,93;93;92;92;92,,,TRUE
686,4,20801501,664f7d3524320122c7acc1b4e9b25111993d6876dffab0225fda0df900b8c342,93;93;92;92;92,,,TRUE
686,5,20811501,07b3d9dc221b605d8be90961543b127dd7fe8e5f74dbef176368c0dc43715347,93;93;92;92;92,,,TRUE
687,1,20771502,7a144e8a7244c43af7ebf683951380f589973c98b3d297a3d4e0b1cce71a22ab,93;93;92;92;92,,,TRUE
687,2,20781502,e995e1c8b8fca9515462ab8c58e34580c201822ca3968bf4ac7b884d5e5f22be,93;93;92;92;92,,,TRUE
687,3,20791502,96eda9a2ae91720187e11f8a12eda07156994108e2f85895d9507877b59eb3b7,93;93;92;92;92,,,TRUE
687,4,20801502,e9494903d5aca2f96ae0075492cec98c74e0e712ece26397c911fd4ca44e515a,93;93;92;92;92,,,TRUE
687,5,20811502,619de36c4339c9299c989af5975aad740a4821a94f18a9ca0fc761f6c875caa6,93;93;92;92;92,,,TRUE
688,1,20771503,26259dcd916dc10ff9be5bea4e619a7ce650563b9802b0cc74bf61510a8ba855,93;93;92;92;92,,,TRUE
688,2,20781503,246b9dd5118faf9528eb3fd11d8294363cc9b7b1aeec121b0724f6aac9a3d329,93;93;92;92;92,,,TRUE
688,3,20791503,9fd996d29f1da7e20eb9398ad9e93f6ecd2c21226f75434db462d15865af5163,93;93;92;92;92,,,TRUE
688,4,20801503,62f1810761cceb7e023121f3cf67993abb732f9fc35527a6a5ba96a0f2843745,93;93;92;92;92,,,TRUE
688,5,20811503,667343dd3aa0789cdc86112bb7c9f4b1b13080dc1c4ce09052233be4d140e33d,93;93;92;92;92,,,TRUE
689,1,20771504,d8202204f49e4f73abdbe2a02da6b1063cd333930ce38fd0e0fce46b468fb6eb,93;93;92;92;92,,,TRUE
689,2,20781504,9f765bd515e2ce76d6637a69ac73d1427bcda7f2becbf54ecada7291aef0be61,93;93;92;92;92,,,TRUE
689,3,20791504,5ad8035bd7ebf643e2f2a72e5a03ae55afbe7e0768569cfc5a1c013e489f2754,93;93;92;92;92,,,TRUE
689,4,20801504,c1ea3503ad90709cfbfea4604673c268148f00775471042bea67668795a090f6,93;93;92;92;92,,,TRUE
689,5,20811504,650846a2479e4b981efabbd51f6a1656edd0499fdd93ce56483ae9cdd862a7ac,93;93;92;92;92,,,TRUE
690,1,20771505,c2fa35695cf72dc0806eb5c2da1d253a0225e5ed73987fb3aa7fb47852348582,93;93;92;92;92,,,TRUE
690,2,20781505,891c1121a1991b65778dbcabad94ff8a638176167fb94bfa8019f902877676f4,93;93;92;92;92,,,TRUE
690,3,20791505,5a3d5eda0e54c4f566d3156958289172824abd2c713c600f961d09e71c91c816,93;93;92;92;92,,,TRUE
690,4,20801505,8c5427dcdd35310c9ba281062087b35833fea048ebf2a34d7b8d6ab00f29a972,93;93;92;92;92,,,TRUE
690,5,20811505,320ae6bbfd7514a679f3fa9a9d383a314a776b15e37126aaf42b8e41cd4c3152,93;93;92;92;92,,,TRUE
691,1,20771506,45f15c666c5fc7d6188efb628b22d4968ada77344872b0c7eaf39a01faeb76e1,93;93;92;92;92,,,TRUE
691,2,20781506,57c09486266f5898c79b90838aacb2cf9fdfc253f3df781525625efbb1543976,93;93;92;92;92,,,TRUE
691,3,20791506,d96c00b1f34ac82c54f054b3c2f2b7ab53c6922ca1ffdbddca9d1a175c11e165,93;93;92;92;92,,,TRUE
691,4,20801506,7f39c63fe1e1da5989f85db9d87e4f08705b032e68e578727efd77350cd7eeef,93;93;92;92;92,,,TRUE
691,5,20811506,9b8d2acec1c233446c22f2ced3f429084466dff895cdb87e1289d7ec5dbec0ef,93;93;92;92;92,,,TRUE
692,1,20771507,2465b0cb6568107910b47995e3e9d44b82c137fef8d8bc1c037ca10529e132d4,93;93;92;92;92,,,TRUE
692,2,20781507,5ded8920efdc1f777a6499a547fe3d24715d42ae7e4c92478d3af14d7d9f6b5f,93;93;92;92;92,,,TRUE
692,3,20791507,52c6b71b33d4bc723095ed2512648f4848c1567bb7cb484375fda19d895542b1,93;93;92;92;92,,,TRUE
692,4,20801507,5b02829355d88dc4e448d7fec6274af4c6a0e797f548380208d6759a5824330d,93;93;92;92;92,,,TRUE
692,5,20811507,f304bbf204e17595dc617f12c5c79fcffb637a241c643a55d2ced9e3da17078d,93;93;92;92;92,,,TRUE
693,1,20771508,4d09dba2845bdf25a085adc9072fd0334e05ae9aecbd2c6366cd23d731adc159,93;93;92;92;92,,,TRUE
693,2,20781508,fe0429e7ca57f054d96dd95c16ac80accbbc135eda4e8d2cf1a06e6862db3abb,93;93;92;92;92,,,TRUE
693,3,20791508,c77fb32a268ad54f566b41782f6ad06ef31d54af997ccb1321c0ea621872c40f,93;93;92;92;92,,,TRUE
693,4,20801508,1793336595f65e9a971e5da6830b4af0c8fdbdd3e763c68f8c6f6294ea98a8a4,93;93;92;92;92,,,TRUE
693,5,20811508,8d7ae5fe1de63c01db026d7625b29f5f18bf63184acd5a167d1f12a7b67b9173,93;93;92;92;92,,,TRUE
694,1,20771509,f5160e332f9862f1941d18474def0f64d24d5774271f80758659ab3ef1dc243b,93;93;92;92;92,,,TRUE
694,2,20781509,e8d7d6e278353d734389e91a9e90cfbeb8541f7d4657d9063817ebb88d36cca8,93;93;92;92;92,,,TRUE
694,3,20791509,5c6aff4acd48a2ade05471ef9412e9a9a7dd5bef6d4b1a0ff4f2da321004050a,93;93;92;92;92,,,TRUE
694,4,20801509,3c16f9f2f7a18635c790ab9e2e26362ac6411dd3cd611933e0ea267f1d4f37af,93;93;92;92;92,,,TRUE
694,5,20811509,195841dfcf893f1a5addaa024d8b8d77812b5298dc1ee293299ab07fb63cffdb,93;93;92;92;92,,,TRUE
695,1,20771510,20a4f3dacebf707e18f004d410a8f32d87e6f54726abbde15b1d2cead03559a1,93;93;92;92;92,,,TRUE
695,2,20781510,c0a8213b46831cde20c2c4dc938fbd6c0c6c2619e16c7b8fc395ce4965cf35ba,93;93;92;92;92,,,TRUE
695,3,20791510,e758e69ca21e953c3e378a76b697a4f1969b3d9dd3ebe016e2f0bf88650f3b23,93;93;92;92;92,,,TRUE
695,4,20801510,d6031d704af304a48ce3de9ab3ff423299bbce4e222d5a152f92ce27b85bafab,93;93;92;92;92,,,TRUE
695,5,20811510,fbd3a20b18419309e27ae19cb23df07ba4f2530bd3f4ed9933f0aa1a87e11c10,93;93;92;92;92,,,TRUE
696,1,20771511,3cb3550cf408bdc33c50dd961efbf01ab182ff9bdc57d9406a50e79f53072b13,93;93;92;92;92,,,TRUE
696,2,20781511,cf5253b6ee72a25c23fefb62e8b5c82ed0229d202a724af684e7eda5e8adcaf9,93;93;92;92;92,,,TRUE
696,3,20791511,da8e297ee3eab7cba910c65b881a2b97f506072510ec20678b3bc7f838b768b7,93;93;92;92;92,,,TRUE
696,4,20801511,05820599db6c131245abe6fa1dd23fccc842266f9ad7a6d819288ecb87f59a29,93;93;92;92;92,,,TRUE
696,5,20811511,0f09cd1ec435d1591a61cb1ea1563160cdff06decc1c4d1dbbab8079b86fbec1,93;93;92;92;92,,,TRUE
697,1,20771512,bcae128f79a3366a9632c5ff34423c5b35c81c5475e204b43992e15ab9290898,95;95;95;95;94,,,TRUE
697,2,20781512,03e7aeedf8463036912171e7fc7ac4b8a90f44b49ae04b91787b3345dca3c559,95;95;95;95;94,,,TRUE
697,3,20791512,9ffb4bda593807bd2a3193a738a04fc27f2d5bf78143a519d9496b54c8e5aed1,95;95;95;95;94,,,TRUE
697,4,20801512,675219735f560ec384d68ac591c1862d3645e8dd92dc46256183ba6b18726ca0,95;95;95;95;94,,,TRUE
697,5,20811512,31b22180e89c77fc01efd8eb7dc875ade591f68069cca9565fc93e67efefe11b,95;95;95;95;94,,,TRUE
698,1,20771513,ad49a540c1a06f9f194275aa6fa06df4f6cdc4faa0d251c5f84664412d0d078a,95;95;95;95;94,,,TRUE
698,2,20781513,a5eb274239e45951fb28771e4f83dfb6131239e79e814a02e3b723462c0bd0e6,95;95;95;95;94,,,TRUE
698,3,20791513,33edcfc11f66f553aac7e28af743118c3f9ab1185fbd2f09d6b3f56ece26592b,95;95;95;95;94,,,TRUE
698,4,20801513,ae4bbbe49cd15752c57cac7a7a9c75cace35f27e80c3f31dc1d9d96a5ed7207b,95;95;95;95;94,,,TRUE
698,5,20811513,5aaf457392c1ca7389f052140236197a24f1377cdca6715e3de2e79dd659dae4,95;95;95;95;94,,,TRUE
699,1,20771514,33d30d4af32e12fa4b7bcf95eb81dff2dfe4574e48c3263248e032097fff5416,95;95;95;95;94,,,TRUE
699,2,20781514,0046b3c0373c397dd24403a7e54d0b8d04f287fd3efbcc36b69a9f319aaafeda,95;95;95;95;94,,,TRUE
699,3,20791514,03c4bab4ec45d86c7939cce89321108c972b2f74e3db778d7a3c81384cb277be,95;95;95;95;94,,,TRUE
699,4,20801514,12f2d9144d6768920c046c34987790ea66a3d5db5e7c74aea90694c20fbde51a,95;95;95;95;94,,,TRUE
699,5,20811514,12ebb0e73a4826bc22d94b5eba89f47f15b30a26c3cd3b6e12401181f001b683,95;95;95;95;94,,,TRUE
700,1,20771515,2c4d6e9594fc95b830541db3b86dce8e7a9d704bed727ce1a66413298fc4ca2e,95;95;95;95;94,,,TRUE
700,2,20781515,4eb56ab086791f6be0cb1650142ac78bfa42e1157fd5c3ac0f5942c6420eaa04,95;95;95;95;94,,,TRUE
700,3,20791515,f0cbc24d3c2ba17799fe72dfea1897a43d4a9aeaaa28f7f9fbb529465f2e3437,95;95;95;95;94,,,TRUE
700,4,20801515,f645f2e4a98790ffba5672211f0e0eb2e534d3379d06abdc603fd6d3fb240c0f,95;95;95;95;94,,,TRUE
700,5,20811515,1efd5e7261c69c15cc6ea1b179310c528e6e6601b2cb6183939336693dbadad8,95;95;95;95;94,,,TRUE
701,1,20771516,1f6967c4dd4f8db10a29eb5b779213545e12a8f1e58a9824f6ecd9b2e7865be1,95;95;95;95;94,,,TRUE
701,2,20781516,4eb3c01f50e311eb612da83830e5b84642d19b85505a2b9d64b28c3f41a38c70,95;95;95;95;94,,,TRUE
701,3,20791516,18c23172cce03e0de41a1505a00831398a2ea264bfb5d28dc33083503dc3f2ac,95;95;95;95;94,,,TRUE
701,4,20801516,6342d86e5ca76a699855de9d6fe7857955450de8302d75cae1972c68a6332ed8,95;95;95;95;94,,,TRUE
701,5,20811516,ff8e580637d7b38b42bd6d1697e6afd3fc916ce8f1b517a4089fccf36feea217,95;95;95;95;94,,,TRUE
702,1,20771517,b0195fa313437ed9b05683bbc9548a6e15715d38b37d2670280eea9d40936c37,95;95;95;95;94,,,TRUE
702,2,20781517,a5f6e703e6445c512865c75c0b0d3d7a093908ce4bec15238d5ff0bf4b191302,95;95;95;95;94,,,TRUE
702,3,20791517,a259363e4528d65a9c3d110c0a02281977617419e459325f3a910b25b54509b7,95;95;95;95;94,,,TRUE
702,4,20801517,27e59769c634d965c9f5749fffcbb53214da6bb958898c29f2a42f9fc0b21790,95;95;95;95;94,,,TRUE
702,5,20811517,75438a1bfaf9a413948553dcc79e6eb6fbdca919bfbffea80c0d48b9a8c9d80b,95;95;95;95;94,,,TRUE
703,1,20771518,7498a830e692cc49952332c8d65cbe7fcfd39f12cabdbd8da45457ed6e3aa065,95;95;95;95;94,,,TRUE
703,2,20781518,77d7b0aa1b400b03bbec340a8f9284dcc766ad1f212197bbf5c17165bcf9d710,95;95;95;95;94,,,TRUE
703,3,20791518,bdfe4346b6962a2efb86b1feee7428ecc252de64a5c7138441aac830ab1af38b,95;95;95;95;94,,,TRUE
703,4,20801518,3b3317952dbf7ca6614421eda39d1847a6f9e03749099979ff018245e3ca6111,95;95;95;95;94,,,TRUE
703,5,20811518,73617be80c924ba2dc11b2717ca73de893a92e8fb46301159afa85d8f1d04739,95;95;95;95;94,,,TRUE
704,1,20771519,c90cd30d36f4dc9006bb54216fb9362455322f908c795e66bdd8a88445fd1bcd,95;95;95;95;94,,,TRUE
704,2,20781519,b6ea7b933f513edf8ea5097645f020f9c63c026300bb5d915b374995dcc7f4b5,95;95;95;95;94,,,TRUE
704,3,20791519,0b6fb4df038b025bd7d642ad9e2d35f7c760f774cb2983468dc765fb344e3c77,95;95;95;95;94,,,TRUE
704,4,20801519,9471c0d021c1d1db6d347108eb6e0a9f8afa3901825cf0799da9654d1df38ede,95;95;95;95;94,,,TRUE
704,5,20811519,dea8f6b319a2cb2e055214d7dc8942e314b6219957afdee6437f1c2b10644edd,95;95;95;95;94,,,TRUE
705,1,20771520,e3e51964e1d154625684f1655be6b38541d219497e04858f9bfe32ac21c60de2,95;95;95;95;94,,,TRUE
705,2,20781520,59e780937e9f647753c9bb4e87ec675d96f4b1a31872ed26f6df31de858043c7,95;95;95;95;94,,,TRUE
705,3,20791520,d82e34d4c7a3159a82c71be520b21d509ece82227f152356688190fed624f7c1,95;95;95;95;94,,,TRUE
705,4,20801520,e5b490f18acd9eda17296c9094bc6a1e1dcf4fc04a38c9802eb5e97c375aa2b4,95;95;95;95;94,,,TRUE
705,5,20811520,c54da507eceeaa43b9e6db57859bfe7dea088a873a052ddc6dbb4514915257fb,95;95;95;95;94,,,TRUE
706,1,20771521,853ae515eaf53d39e82224b3bee8c925c02faa0472c1fd9698fbc938bc3625c0,95;95;95;95;94,,,TRUE
706,2,20781521,610fc377e24635858a496625066abe60dab5cb1cdf100aa0fed549842e3aadb4,95;95;95;95;94,,,TRUE
706,3,20791521,cff672be4eec8f76ec8168b7a7b5449d58c1512e9b773b0953141edbb19bd98b,95;95;95;95;94,,,TRUE
706,4,20801521,8d1c6288fd3f6c485e1c68d72b5bd53bdde54cc1d8030649f6848f340e0262f3,95;95;95;95;94,,,TRUE
706,5,20811521,e334ecdecfdedaea38d4f3f65bd70dabd556dd65d4b2ee68df442aab63c838cf,95;95;95;95;94,,,TRUE
707,1,20771522,51040d24edaf971d11cb186e5685c6aae76a78cf03805008104acdec551114e1,95;95;95;95;94,,,TRUE
707,2,20781522,fe67257a6feafd5cc396a2433800d72a8670b12165aba00e918c1b94d06b8416,95;95;95;95;94,,,TRUE
707,3,20791522,bfbd48ab71f51e0daaadf7c5d5218119717739bf604f894916d4c899df3537fa,95;95;95;95;94,,,TRUE
707,4,20801522,9ee7feb5adaaa2d7a60652b35b47ce79a366c90fee4d0566302842f7f2c7a9a6,95;95;95;95;94,,,TRUE
707,5,20811522,0ef5cc15a73f89b288e545bd8ebcfd69de8a8839779b2e1fa467ddadcbfa70a9,95;95;95;95;94,,,TRUE
708,1,20771523,e8233aa4ba5b9ed10d606c99ab7b5ed0d9eb11ea7c5147f8babfc10a460b49e4,95;95;95;95;94,,,TRUE
708,2,20781523,bf526d2fdb565d4835b144025837829fed0a5522f0f05e8e8fc768621d69a074,95;95;95;95;94,,,TRUE
708,3,20791523,8c3bc6dfb9967266973ff7ee053e3bfa9fee90dfb7f00cf2c43137c26bfba2b0,95;95;95;95;94,,,TRUE
708,4,20801523,18ccaeb8a4450c721efc2d8b5da38befa5eb6b58c4be946585ed9a9eb3cbf145,95;95;95;95;94,,,TRUE
708,5,20811523,55d0afd51e87cd2361fdba240407d0f7799518339c82bee58e4b2d55db3c47e6,95;95;95;95;94,,,TRUE
709,1,20771524,f12345d20ef36b0ded2c15824b96aaac845335e5b0f502312df0ef596a0807f7,95;95;95;95;94,,,TRUE
709,2,20781524,9ddefc2532b23bbefcab2c9f322e75f00d5bfef062cd4678d4a1b86d5f691a93,95;95;95;95;94,,,TRUE
709,3,20791524,ec58f8abf251c6e27e0023753efb2be016599a177108ad2c2e7c702687a52746,95;95;95;95;94,,,TRUE
709,4,20801524,9e9e0dee4c72d9375213142b52ef1099884dd72d66bbf41ae66915dae3915e58,95;95;95;95;94,,,TRUE
709,5,20811524,7fb950d9f89ef76053ac465f112313c84ed59e405988719f668242078e21b8e2,95;95;95;95;94,,,TRUE
710,1,20771525,c945d4dbe25383a7242b474210af9fea60d7613c25541e8a57b3825bae60fc23,95;95;95;95;94,,,TRUE
710,2,20781525,bd00d4baa6f659d34c24bd86ee3d21811a476553ddfaa89de0005e26fdb7ca50,95;95;95;95;94,,,TRUE
710,3,20791525,470e3ac5812acffda31889c361adcef5af51cb4316f4753959f36856857434c0,95;95;95;95;94,,,TRUE
710,4,20801525,e346be824a69394584399598a4f58c0e0ecbaf59b582f88673bfa9d6b84e9197,95;95;95;95;94,,,TRUE
710,5,20811525,9c5aad74018881d92ecacb659d2a3880af766bded371602fb7e3d166fcd76ca9,95;95;95;95;94,,,TRUE
711,1,20771526,1cfee7734c2404b429a4bdc5b6cbf92b517c0c9355a78b0243f1194df4a9c507,95;95;95;95;94,,,TRUE
711,2,20781526,8d20a53d459ecb1638ae44fde69f6d1bd5277e08d3b4cf790e207767ad9cba12,95;95;95;95;94,,,TRUE
711,3,20791526,621cd43103a2fc271cabf8e411eae90df8b991f39e95c66efd17e68b9f1dcbe1,95;95;95;95;94,,,TRUE
711,4,20801526,568788f4a53441f7755205e9cf27a26d9445c087174c0a429f4839891872304c,95;95;95;95;94,,,TRUE
711,5,20811526,b2852309340bcf155afacecc83cda1c99f42a2d7f5f9106e0f922733f18a1aeb,95;95;95;95;94,,,TRUE
712,1,20771527,76bcec831e7ae78c3c1e301be5d509fabff363c9a9a284705d7bded1ab235409,95;95;95;95;94,,,TRUE
712,2,20781527,9286a157feab72d61fe34411dfd76ada562fbc86537319c4fb51d2ebb464a41e,95;95;95;95;94,,,TRUE
712,3,20791527,ec1c0880687f50cfcc301ae36793695d34d31ef8bf8babf3271c0fe18423b9d6,95;95;95;95;94,,,TRUE
712,4,20801527,ddd443149d46f48ecea964e9e5a4c250c2e4abbb3dfe6bac7b66d481129b96e3,95;95;95;95;94,,,TRUE
712,5,20811527,4e10a353eab17d7afbc9d300dca4189d8a478d8ba60412d0fa7d2499a5efbcbf,95;95;95;95;94,,,TRUE
713,1,20771528,6365f93d7af61cf9c7db4f9951789f0fee624968291734fc1e4be4573aa53979,95;95;95;95;94,,,TRUE
713,2,20781528,784c20834a5cafdb4f8fc339aa753aaf856350865035114a01c48139db77c8ba,95;95;95;95;94,,,TRUE
713,3,20791528,75ad4e711e872a5a07c2c8ae91e1dc0cba997cf43442ba616de1163efe539ae0,95;95;95;95;94,,,TRUE
713,4,20801528,7a6bcbc0d0105f8150fbca5dc6b45989603e083246840b9a96d641eb006a0250,95;95;95;95;94,,,TRUE
713,5,20811528,a8066f4eba0a4fccb011bb23b3745b75043e353bbb4a69f1c6cdbbb5d692db9e,95;95;95;95;94,,,TRUE
714,1,20771529,cb9212e577719701eb29acae7ce23e009fa237791cd9d7180824590e603f532d,95;95;95;95;94,,,TRUE
714,2,20781529,13539b982066a0b6cbc2d3123af0924ee28b07ee1a9446379b5f8aa6d268ff2b,95;95;95;95;94,,,TRUE
714,3,20791529,83269ec23b9bbf151ebf888e32d94dfd50c89edb5e59304b03e837799fab058e,95;95;95;95;94,,,TRUE
714,4,20801529,6f6c2f3bcda7b0dd3749327b4c927997e511eb5e8fc6857f528416ca38e0cb94,95;95;95;95;94,,,TRUE
714,5,20811529,23487519933991ffadf47b8a406a053ab68394cc8645b9e544cdd464ff054218,95;95;95;95;94,,,TRUE
715,1,20771530,0928db1d2c2be12e7dce0629e4ba28ffa81090c03422b0636be4b38faee633bd,95;95;95;95;94,,,TRUE
715,2,20781530,7b26dc529e3a16b167ba40a300ca877cccaccb17c74ad90fbba0c46c333c85fd,95;95;95;95;94,,,TRUE
715,3,20791530,7bdfcbd2cf5c27b75ea640799aaf5e368eeaf635749ae39e802dcf8fac2bc0ec,95;95;95;95;94,,,TRUE
715,4,20801530,9250de620f9c24008f21885c892c97cb9bb1cde6086913bbdd6ffdef79fc9215,95;95;95;95;94,,,TRUE
715,5,20811530,be8ec65d18865bd5f3ee860036e42dda088390db179ad663acdc37cd99ae6c5c,95;95;95;95;94,,,TRUE
716,1,20771531,5ed0bb7525a5b9a4f2809104c2a6cd9a578dcd891cce83450bd249783db27ff5,95;95;95;95;94,,,TRUE
716,2,20781531,8f16b591462b8b7d537a7418622a41e6645ea3ad528906a8505619a5cbdb0068,95;95;95;95;94,,,TRUE
716,3,20791531,47b7fdd0aecf860f49f53d38f289e1070f7a983172babbca63fdc1dbe9f27c7c,95;95;95;95;94,,,TRUE
716,4,20801531,0d424b6a6a129441a6e7b3a042f03f68c599ac3fb732e79d0364e16883a61915,95;95;95;95;94,,,TRUE
716,5,20811531,d4fc11dec91ead21f3854e0393de23c0286eadfb8ed8660e67417454c79e6d3f,95;95;95;95;94,,,TRUE
717,1,20771532,8ff5857f819032aa0610f83b36e613ce70ec6d5f91c3fb8144bc29622754d28d,95;95;95;95;94,,,TRUE
717,2,20781532,25fe499bef14440986760de22c7ce4df26dfe67b85d341a0cc253bcf62a526cc,95;95;95;95;94,,,TRUE
717,3,20791532,640201f3ea3f00905632bd13939c8487a09641f7c704c954bcc77268478aab21,95;95;95;95;94,,,TRUE
717,4,20801532,54d8c020045e1b081b5631096d4e42e4b987bd504a52210bd3b7aadd352305ae,95;95;95;95;94,,,TRUE
717,5,20811532,4b78d87ffbc08a3f6263e9ed0156c62088bea5e406da4fd86c4af3aebde37896,95;95;95;95;94,,,TRUE
718,1,20771533,1bb4f876ca5499d4706543aa13ccd63a0cf9a9e5ea887764c0eeab8ca462a5ae,95;95;95;95;94,,,TRUE
718,2,20781533,23cab49c895288ac747fcb42ccc2e788c7c6fbf87c794e4747cc42633cd03d4d,95;95;95;95;94,,,TRUE
718,3,20791533,ae6cb4f093c483278410d65b1cad27fe36745e81f8a2d3faf4acdfcd966fc9dc,95;95;95;95;94,,,TRUE
718,4,20801533,b571cff08577ee27f6e30b2708f3ce845e479b451e50bcbf22d975e2d5df374f,95;95;95;95;94,,,TRUE
718,5,20811533,384a4faecfe9846e2ac380b9aece77004d146460e677ca9a43e9459208c1f138,95;95;95;95;94,,,TRUE
719,1,20771534,4a532d1aebeebdb62ceec29b77e2dc528ee2311b3575c440d5386669ae5db3af,95;95;95;95;94,,,TRUE
719,2,20781534,391e78efff7772557f32b459e23ecc021fbcba2c8c10ddf3260bd1304d117389,95;95;95;95;94,,,TRUE
719,3,20791534,be389232106489e223a99ef8730d31482c4cfa45ade39aca3b51d9036ffb48ed,95;95;95;95;94,,,TRUE
719,4,20801534,00911165a8d837914ef882b473130007685da73eddce6231c50165ef22dbb150,95;95;95;95;94,,,TRUE
719,5,20811534,c995db023af17310f592001401e6535afbad9e3d8667e109629dbf1fcc0aeca4,95;95;95;95;94,,,TRUE
720,1,20771535,4791a65a1bd9e66abf24d0eb09ccfb3a5de9cd096631ad909ebe558e67e0893a,95;95;95;95;94,,,TRUE
720,2,20781535,1e0a540f61bdbf773077187167f4c72afd7789d2c348dbcc1f9fb3ff586a97df,95;95;95;95;94,,,TRUE
720,3,20791535,a342185fe363f7d71835d6a211557fd6773729666d65ab1262c48c1dc5f0e03d,95;95;95;95;94,,,TRUE
720,4,20801535,a9d5ab5f5d6012a544de605ec44479950e5cb3f57e3f0a1c8456795f26879cd0,95;95;95;95;94,,,TRUE
720,5,20811535,c4fa29672bfe4fdc75e41c2792c851ddfa20949b7484d35c9e01ad484ca8699c,95;95;95;95;94,,,TRUE
721,1,20771536,4f8c8eeb5270580bb567dfbe4e3da3f2fd3294762d5df8c476a2b8f3e05727fd,95;95;95;95;94,,,TRUE
721,2,20781536,e8519b7eb12e7a97eb7155090f1fa6b76ec2c18327b90c2458cd56ed499e64b4,95;95;95;95;94,,,TRUE
721,3,20791536,81efbff60bd209e32a05102c5056add426aa768f6b19ae008942153b759da3f3,95;95;95;95;94,,,TRUE
721,4,20801536,62a785ff029980d192b14f29085c0891b9ce9fa5feb5f55d80febac80fcf8754,95;95;95;95;94,,,TRUE
721,5,20811536,e114d01d64c2cd58d7fdccc1525982ad02123cd0d1e5fb67d2df7eb8f99d6fe3,95;95;95;95;94,,,TRUE
722,1,20771537,368c6676d73d3e6dede9efb6e932547d589eb79a6023253b75865d63b00eee7b,95;95;95;95;94,,,TRUE
722,2,20781537,93429ea1f641c5332b4fe352f750d35b94784129dd93cc4c1e2697cb58f521f3,95;95;95;95;94,,,TRUE
722,3,20791537,5f64f16fa96bdd481c5df81d255072d91aece724c88cb1a6b654e43b5dd306ee,95;95;95;95;94,,,TRUE
722,4,20801537,6dad24d7cf9d9ff718c89c612ae9603746aaf0d4fd3671060b6b58b3a741e559,95;95;95;95;94,,,TRUE
722,5,20811537,d07d7c36b8e14718d3e188c7240c0f04033510c7f7b0b0ba4327fd2e1666815e,95;95;95;95;94,,,TRUE
723,1,20771538,e0f135583c1d551b010096a70699ea363f93033b10e36ab57a8ec7fcb0caec82,95;95;95;95;94,,,TRUE
723,2,20781538,6cd4ad2939192141d37a583725799452d950eac37254c57c9e199f2c247f1493,95;95;95;95;94,,,TRUE
723,3,20791538,7d9e3318a9364908949b3eb11655ad154d03b0cfe75d31f341443a25b572a872,95;95;95;95;94,,,TRUE
723,4,20801538,aba073bed88cf02f7800760b2f39b93a4dbe44cef61cbf18f62cfa9baca0ac9a,95;95;95;95;94,,,TRUE
723,5,20811538,dcfc87bd9a67c2773b697cc52ef2a8a014fdedeac6273c8210f2e6ba8fb9b888,95;95;95;95;94,,,TRUE
724,1,20771539,58b5c21cae6c059ccb53c959f032b71ec6ba13af54e994bfa756bb4e0436e3a6,95;95;95;95;94,,,TRUE
724,2,20781539,215121a8cb87ae7c246fa24abc6873fb2041ea8ee97373614bbbc1aa8e35cdac,95;95;95;95;94,,,TRUE
724,3,20791539,0509c9c9262bebbfa6dd84fd396754bf40bd2a0935f79faf7eddc13297e82414,95;95;95;95;94,,,TRUE
724,4,20801539,0f4e732964586376b7461911cdc1fd64fe473ae55721fa9a39c5073a30bbd76d,95;95;95;95;94,,,TRUE
724,5,20811539,aa083d98c03027d1643663675973c5d11fc071571b2e61f3f709b5d7285da158,95;95;95;95;94,,,TRUE
725,1,20771540,cbe70784d88b6d9fc113769310ade721e31a46e62fbf6a83fe17dbaf8b52c8b0,95;95;95;95;94,,,TRUE
725,2,20781540,07909e0611255d5cf599d4f4d56eaa49f596391dbd2bb1ddb44acd62b9b2cd7f,95;95;95;95;94,,,TRUE
725,3,20791540,8d272bd2bdbe154ddb51a734c34edde375e59958e07092d4d838d4c7255091d7,95;95;95;95;94,,,TRUE
725,4,20801540,a2ee9bafc30c61b625081fbbcbe858572579e8298cb8248c93fb12c37c49d31f,95;95;95;95;94,,,TRUE
725,5,20811540,315cf2a2e94191e3935286237f388f5e7d273edf16feb7ec08df1f458fcb557c,95;95;95;95;94,,,TRUE
726,1,20771541,6ec37d3070648c4fc674318a0109295c074a0fd6f6461838926b5782510dc6c1,15;15;15;15;15,,,TRUE
726,2,20781541,36daad7fa95a048788eab2387a915e9e063bdb3b189b7097058a6a49dae690d2,15;15;15;15;15,,,TRUE
726,3,20791541,b517b23aaabb894551e86248c9e77375e16d1d1ee493c036206aeea7443768ed,15;15;15;15;15,,,TRUE
726,4,20801541,bb342520b33535733837a3d30145123cfa505fd496b955bc3fb893856a6a1ba7,15;15;15;15;15,,,TRUE
726,5,20811541,5837a09a9862cf5294895084ffae5f00b694e8092ab7599f4ea17b582d06f6d3,15;15;15;15;15,,,TRUE
727,1,20771542,f54ee6c378409afc41ffd5394ff8a5555f2566fb2f82d55f5205fb954e26db28,15;15;15;15;15,,,TRUE
727,2,20781542,6668306f4acc9a38851f83a6591144ae9ecd7f6c354e6e9d37b97e4e7ef77a52,15;15;15;15;15,,,TRUE
727,3,20791542,ae3579de3db17fb2eb5db279d7f449beda11fef60c9856178d7ee273cc9c4eeb,15;15;15;15;15,,,TRUE
727,4,20801542,2ecbc4b7a669d4a1d26e8edfa9157003ce86d24c3ec328b84dfbb2510aab95de,15;15;15;15;15,,,TRUE
727,5,20811542,ebdae59fe6a11cd814fa3d9b7518404829cd8b1817d287152b0aeb8261110848,15;15;15;15;15,,,TRUE
728,1,20771543,f2f51325bda2ad0126279c105208148eefa485b85dcb989e8f17e9f0b36e0e2c,15;15;15;15;15,,,TRUE
728,2,20781543,33e0de8f8dd5cbafe4522d46cf758fb5adf60ef02103dfd1c4c546c21882dfa9,15;15;15;15;15,,,TRUE
728,3,20791543,e08017e2c9a2c462091b72dc37d0b314c7680d3e6af491241f943602b987c996,15;15;15;15;15,,,TRUE
728,4,20801543,389776c32b06b318ffdc9bab35bb7864537b1a77ba090a73d4aa9f129bcf716d,15;15;15;15;15,,,TRUE
728,5,20811543,27cce5405d8f55f7450511ec59c2fb983b419efe5aca7394463099da6695865c,15;15;15;15;15,,,TRUE
729,1,20771544,a6659160ff7344b905ec86f21ccd2fb509c0fcfdb493a4bf1957cf59a9df048f,15;15;15;15;15,,,TRUE
729,2,20781544,556062db3f69c1c2e3262a5fbe13e169e43dd6c7ffb920f00a32f0afa575f317,15;15;15;15;15,,,TRUE
729,3,20791544,38edb654dbff0669b702d87b8d5104a03ffc403bd1835c63164304640d4a22b7,15;15;15;15;15,,,TRUE
729,4,20801544,034b5738c44005e3db384fcb0ab7b628f936af227741a1e79f265ceb78fe91ca,15;15;15;15;15,,,TRUE
729,5,20811544,709dc9a9c7f2190622a10d15091820c3fec4c7807924bbba708362700f403ff7,15;15;15;15;15,,,TRUE
730,1,20771545,49eb8b7a6188d7a4f608bfcbba6d5cd3917fbc27e11ecc2fd0b4d386d0a85ae6,15;15;15;15;15,,,TRUE
730,2,20781545,654247e06df31ce8f32023fa5504b902674529e924c45785b431fb637541e3cf,15;15;15;15;15,,,TRUE
730,3,20791545,adc5a525de18c392ccd179c1e0a7e913bdf3dc0568e1c8ba0a00aaadad71d2cb,15;15;15;15;15,,,TRUE
730,4,20801545,5c94f469577aad08fd5562ff4b52c16fa24caaa80dd60777d5c63c9abdfa80ae,15;15;15;15;15,,,TRUE
730,5,20811545,8761e42297eb88db39aff866345d9833f2c2abb8e1fc44d740ab12ec032b17ff,15;15;15;15;15,,,TRUE
731,1,20771546,f726be167aa53cb5841f0d203dba5b7e907ebcd4f4f59bf96019b829cd3aadd8,15;15;15;15;15,,,TRUE
731,2,20781546,4b612ba09b85e821627d8a7ec839d79696b3ce8bbd9fb5b56f18c630afa4be39,15;15;15;15;15,,,TRUE
731,3,20791546,4f292d4a388d6aa133a10ca60ddf8b739d44985c0203912c86ab2313d61a3106,15;15;15;15;15,,,TRUE
731,4,20801546,608f54e722c8aac15f8b79fb8df3e41c613d80fab0ba5a612e40b2c4de4a9047,15;15;15;15;15,,,TRUE
731,5,20811546,91cf89515acc00367735dc348683a6745363b20bd8f8116989b137a9eaeceb96,15;15;15;15;15,,,TRUE
732,1,20771547,5b5b6ea3adcc4fc834a4cc6f61e52064ade5f38648db7304cd601fb84290b0ed,15;15;15;15;15,,,TRUE
732,2,20781547,5a6cfb9674d6c66fa07b24ff1c29e75991cff1f51b6ceafddcbaf71769410cdd,15;15;15;15;15,,,TRUE
732,3,20791547,b41c2819a0acb30c752b9460bfa4741ebb8728c1714240d57f4dc5f5be25b0ff,15;15;15;15;15,,,TRUE
732,4,20801547,fb9fc1c2c3959b302e322ac5310e4fb89955037cd4a4787ac5ae09e1b4f5c688,15;15;15;15;15,,,TRUE
732,5,20811547,02a85ef82bed6670a13f4333c85b1ef7eb82d42c1aa77173b6cc4bd9f4744fc9,15;15;15;15;15,,,TRUE
733,1,20771548,ad4ccd6bec99c2899544ff6123b3454a0f23847f70b1e1966d3e00c74a891bc0,15;15;15;15;15,,,TRUE
733,2,20781548,0fa3cd9ab9a5fcd2381861067a9a36bc05aded9b772866b56df2a9ca0d919432,15;15;15;15;15,,,TRUE
733,3,20791548,504d7bf9154628aecf600e58a500d231ad034a514aece4dc6cc13c58863ba68b,15;15;15;15;15,,,TRUE
733,4,20801548,3032a1076e74f08007898daf8640b40cee1af38d4aa4694c28c2fadd8de7dc8b,15;15;15;15;15,,,TRUE
733,5,20811548,bdb3a72352edb0fe041a947c328f1f2655dc930fab0661fb2d74fedcf950b8cb,15;15;15;15;15,,,TRUE
734,1,20771549,54207468e442f48824661dc13d5dfea2cca32f1020df4c66ac445e3d27bb06ac,15;15;15;15;15,,,TRUE
734,2,20781549,6a2d931308fd654d0c1be3d4414540902e71da4cb0e40542d5aa3d19b79fba50,15;15;15;15;15,,,TRUE
734,3,20791549,fc0ba51dfeaa81d88864b795a661afb2836025e46d18eabd870fb8621c025909,15;15;15;15;15,,,TRUE
734,4,20801549,53264a41e4d1366276587d83fad93d56d03f97c33d52e43ffd54a05d2f31a0f3,15;15;15;15;15,,,TRUE
734,5,20811549,7d8e017d764dc4c841acc73ad7565a17ccadf934ba9cfb88fa0b4abaad573a9f,15;15;15;15;15,,,TRUE
735,1,20771550,d0d6c67dba0f3f330be8fa852b3933bd7007729b32bd8ae5e29c8630b28ed0b8,15;15;15;15;15,,,TRUE
735,2,20781550,330139ce97da310a5f2847e8be10dc0b86f4d5e9e46a306e3e305eeecb2d877e,15;15;15;15;15,,,TRUE
735,3,20791550,4e8f21907dbf11f6b53296fab9973a2c60a958c457c7d2414f0593761b250250,15;15;15;15;15,,,TRUE
735,4,20801550,88dfc11080c925a8ebdbe22cb5050864f052a57467438927b8bde337e2ed326e,15;15;15;15;15,,,TRUE
735,5,20811550,8f4a1d4f80424c29576ef964581bd684633236791bb447dd91e8b71385027290,15;15;15;15;15,,,TRUE
736,1,20771551,6cbe8735a38bb33d274c23648febb42cce6d3730699d572c260095a65153122c,15;15;15;15;15,,,TRUE
736,2,20781551,63e175e5d346f58926a6bb57d83271b160ecf71f7b9c8b7c935d2a7e473d856c,15;15;15;15;15,,,TRUE
736,3,20791551,7b8f26cb2fedaad0e2bdfaab256566b389b65bce836afe347f756d3cf3118df5,15;15;15;15;15,,,TRUE
736,4,20801551,072eb6de6fcfbf0605f7e9c9298bb22e3c8d2cba2d6513a8e7222d7c9c769558,15;15;15;15;15,,,TRUE
736,5,20811551,a904c1765fe7075cafcde65d9972438d2c83cc18ae531dfdfc8de0cb2a7655a5,15;15;15;15;15,,,TRUE
737,1,20771552,2f24623bded7e04899445ee7b236e18598f782ae7b903e76e27e630285fbdc1c,14;14;13;13;13,,,TRUE
737,2,20781552,ce63bc4eb67d5bd44ffc28f78db63be7a9e5e75ed3baedc909cfc9406d9c709d,14;14;13;13;13,,,TRUE
737,3,20791552,b691940bd5d02c07270d34ff4de5563da66e778d3877a2923a7210d33520e0a9,14;14;13;13;13,,,TRUE
737,4,20801552,bcdf5df233c869ab797d4f2bf82ae460e6ecf347ae07144df6ed8df8bd5cb8f1,14;14;13;13;13,,,TRUE
737,5,20811552,2b4edf0c36a1df730bd0dc2b1d2b4333320e7f1a247a99c3f46bf72877cdb93e,14;14;13;13;13,,,TRUE
738,1,20771553,db1b8061ae48ac47191b9e8df5a12793c34113352f2434e27f10ca5277c572da,14;14;13;13;13,,,TRUE
738,2,20781553,2a3fa2a973f36d065789a66735bb7fd3aef0a749da37bf4e98d9ecfbab489e0d,14;14;13;13;13,,,TRUE
738,3,20791553,61cdbe9c1169890faa2d7ccaa4fcec586bb2f004b4f01f00cb3c83a91536e047,14;14;13;13;13,,,TRUE
738,4,20801553,6c3547f087910a9ce316d3cb5f5e9a9176aa14dcb383a5fac7af4281a43152b8,14;14;13;13;13,,,TRUE
738,5,20811553,fd1a3553f944fbd0935f9b6fbf6d90120ba390b29659b9f03eb317541758c984,14;14;13;13;13,,,TRUE
739,1,20771554,47817a31286e9ea1730d9f1854014c9c7a7c38944294047ddd2c999755748ad2,14;14;13;13;13,,,TRUE
739,2,20781554,0fd043264964949719902e42af71b5bdf70802e6aecd698774f6a5a71053c067,14;14;13;13;13,,,TRUE
739,3,20791554,e654f6a0738aceee697210286468647e2003345b92668628d28216b7b2275fbc,14;14;13;13;13,,,TRUE
739,4,20801554,cefb335e17866194090a9cb54df28e096582b1eb665e757711db47ab48aa910e,14;14;13;13;13,,,TRUE
739,5,20811554,22adc5c4132ff5060699dbae9df76df61b193cd2d281d5b088d0034bca99a78e,14;14;13;13;13,,,TRUE
740,1,20771555,a5f81a1280c6e1e63f53e01de380baba3b0aff6c87d7b95abc7b4528ccdc2e43,14;14;13;13;13,,,TRUE
740,2,20781555,4faa6913092543709fba1b7cbc84dbb48b94fd35223ba6501c24d29dd5e853dd,14;14;13;13;13,,,TRUE
740,3,20791555,7571609fdfd2e42f9c30450baf47e3459fcde0d5f00d3c365ebe86a9de595384,14;14;13;13;13,,,TRUE
740,4,20801555,b5be6acf02ed1f0319cf8db6819bc172dd2bfad51996b5f1d0cf6fb5a5bad352,14;14;13;13;13,,,TRUE
740,5,20811555,21e01d68fd1d1bddac3ed64643f4a8610fd7f158d4bc34eda60ac2431b87fbde,14;14;13;13;13,,,TRUE
741,1,20771556,b8ef0af9a03395c420a7e76559f372a405fe72a5b4156da1fc00a233f63d0b40,14;14;13;13;13,,,TRUE
741,2,20781556,469e873e82ea5cc008153476195bf0f792e3ea3669601536afdbba6ae5b87ac8,14;14;13;13;13,,,TRUE
741,3,20791556,2a6eb78be44f881cfcc765cef1b87172b6fdbdece3504c067d43de73c51f2542,14;14;13;13;13,,,TRUE
741,4,20801556,83ee7c18c1d2035fdc8a8879ab64a4367ac843d00ee85517008fe1367962c82f,14;14;13;13;13,,,TRUE
741,5,20811556,43e766fc25fb54a3b3dcfb533a2b44e805d369b2f45d9dc11a53e9d18207d167,14;14;13;13;13,,,TRUE
742,1,20771557,9a3d4009099ede124d82e93afcd5fc718e5139c670d1d57d968b91c851cfaee2,14;14;13;13;13,,,TRUE
742,2,20781557,a351b60be6a62e7023b925b0b32102ad27fc0dcaa431e4562d168add2a5e85b7,14;14;13;13;13,,,TRUE
742,3,20791557,195f5b5e2f71bc2cbc38dfd5aca0fc880135562b9803fd7fcab6986103da9259,14;14;13;13;13,,,TRUE
742,4,20801557,2938168fba0fef15cd0387ec21ed7fc11c7b6816cddf6af64204bc5e38778ccd,14;14;13;13;13,,,TRUE
742,5,20811557,4d211d1b1ec682d3d03a8e636c63e8cc4b792d3f3ca308b3b33174b025a6c755,14;14;13;13;13,,,TRUE
743,1,20771558,23589363fcc6e96ef620cf50a051fcf2c6aebb8a5a18344c9e3edb2639a0445a,14;14;13;13;13,,,TRUE
743,2,20781558,8188b81b4d7c7ded70e3995ad21bbaa4f09d7dfcaf843337ea54331c37afe4cb,14;14;13;13;13,,,TRUE
743,3,20791558,564dd40c9e2c4480e2ed6965ccd3e2d0b9cae9e60389156a587bd51387845b49,14;14;13;13;13,,,TRUE
743,4,20801558,1a85c681cf6654581a15b4734e9e049fb084b904551c544bb815f20e04025e9a,14;14;13;13;13,,,TRUE
743,5,20811558,8a66bd1ded066860b96c4397cf033d7e35d7ffb203486b622ffa03fd7e4ec741,14;14;13;13;13,,,TRUE
744,1,20771559,cd9ed38d9219c740aa7d3d61131cd677441c97b6ea38eb5811af4f035d7a2c5e,14;14;13;13;13,,,TRUE
744,2,20781559,17d7df260e1f28a2240af527064dfabfed20a641e03fe4df7d9bf174aed777ae,14;14;13;13;13,,,TRUE
744,3,20791559,2f2c1ace89af1dd42cbbee02b32bef3180e9138f9563c140e4b7c1f0ddad0e44,14;14;13;13;13,,,TRUE
744,4,20801559,f7ee85fad8a34837a199b39480e41b42913155f0c022187b9b5538abeaf51c98,14;14;13;13;13,,,TRUE
744,5,20811559,6cca8e7af11b62f5f3bd61f73fd704ecf5e98e3f687559aa2bc93ca33af0249a,14;14;13;13;13,,,TRUE
745,1,20771560,93313a3de6c747e36a6d1f654477f570f73110367563c64829da9dceeedd2055,14;14;13;13;13,,,TRUE
745,2,20781560,d0a062d86cd6e7fd8bde0fdb2d85011c5747f21bb94920334ec47ff1b51fdc79,14;14;13;13;13,,,TRUE
745,3,20791560,f3ed27a524e9551b88c35e8db587a1e07aacd38758081bf8af9d7433b2116fc5,14;14;13;13;13,,,TRUE
745,4,20801560,0845158c3884b56992cd8cd53ceb5072105de7c4eac5e4edd29aa72cd6a0d4cb,14;14;13;13;13,,,TRUE
745,5,20811560,cf097fd938be20a0accc16c76b4095007cd8319d49026457efddcd09b97f4cee,14;14;13;13;13,,,TRUE
746,1,20771561,ce0613bd01630aa2edad1516dbd3d2c3aceac41490ce22edef5af23e3ec90f35,14;14;13;13;13,,,TRUE
746,2,20781561,b170550d51c948aea4e46f30e413c56f030dceb1765d127473315dfea526d5a9,14;14;13;13;13,,,TRUE
746,3,20791561,69a8130388046bbd2626f4c4f2a68fa9a37f9443f6bd36ef7c7f898181230657,14;14;13;13;13,,,TRUE
746,4,20801561,412f091e7a76f10cdac91c961f7f71a81aac57958a7fb249928a11160f6457ac,14;14;13;13;13,,,TRUE
746,5,20811561,ad0f1839a4779711f21fca06fc0a716b0fd99e6b8340c28e9de8c6ec718063d9,14;14;13;13;13,,,TRUE
747,1,20771562,ab332e3278dd9fdc337f27f982376fba395e01c48da3c85045c8bba68c598be9,14;14;13;13;13,,,TRUE
747,2,20781562,f398e09b211b61cd8bc277905679c2c242dc36365c528d0a137ad8c7d81d02e5,14;14;13;13;13,,,TRUE
747,3,20791562,022e472b48fdb3327b8648622fdf1a57242639e0f72ff8ee6537d08e244ec809,14;14;13;13;13,,,TRUE
747,4,20801562,10b576a50721312058ced40c5d5ad238f8e4e03cdd3f3cbe1d8a58014850e2a5,14;14;13;13;13,,,TRUE
747,5,20811562,c71aa1dda8bb1f8e355b27de0a0b6d70fd64386b19fff4748abc98934e8384ad,14;14;13;13;13,,,TRUE
748,1,20771563,e886e769b206ed83e033952e28a476c5b31bffbd2e51b9585ffe8266a04fdf20,14;14;13;13;13,,,TRUE
748,2,20781563,e191e46df0b4ec5d7994c84b4151522f2041bfb78448d3d1e666344ec26d94cb,14;14;13;13;13,,,TRUE
748,3,20791563,fe6acb70365c0f1f730ecb66a0924a615c3858ed49bc9e80e825294f3458cf1c,14;14;13;13;13,,,TRUE
748,4,20801563,c10229ef763bc7ddb5cd5206b0bafbdd8dd142127576f2c7b4e996ae031e699f,14;14;13;13;13,,,TRUE
748,5,20811563,a034f2601667ed4215042bbd2cd159fd267074f449b83f08642896f2dfec2fdb,14;14;13;13;13,,,TRUE
749,1,20771564,46e66451039f40be83d412ca772a437b29bcf656548ccb2716af0109388f9e21,14;14;13;13;13,,,TRUE
749,2,20781564,28a58253add90434d0032f863c6abde72b52e0a78df542810517605c6c1e826c,14;14;13;13;13,,,TRUE
749,3,20791564,5a8df39a0b0cd06b52a630398d9c314950d7535af90570a2f8a3c2f0f61cfe89,14;14;13;13;13,,,TRUE
749,4,20801564,b398d94b949ff8c1d0afdd044c4eb1b7e1a0a38c0c9292792da7cf6a8376fb1e,14;14;13;13;13,,,TRUE
749,5,20811564,baeaa612a68f95e2565815b04a2da1f57cd56492cfafbf2f51d62598ab1c8e8b,14;14;13;13;13,,,TRUE
750,1,20771565,17855bdcd22a6a2f05dd8fc679990874ebb73efafd0155b645c6b57751a7e249,14;14;13;13;13,,,TRUE
750,2,20781565,faaa02dbc7da65ffea96aad077bca11759aba38919b4e3e35ea2e7be16eeb393,14;14;13;13;13,,,TRUE
750,3,20791565,c3ee7a485f58fa114aa3802b0d6bfa983e390ffaad20b6e3541a74c38d8da763,14;14;13;13;13,,,TRUE
750,4,20801565,d05132b08767930f29f6abffa35c026dc0f98de209e1336a6bb4824dc1ee270c,14;14;13;13;13,,,TRUE
750,5,20811565,9415d8867597be3898dd2769c754d3416d51dab88078e40c659916e72d831e85,14;14;13;13;13,,,TRUE
751,1,20771566,093500fb26f1f9144edea5b31381969be83d9df0c484ab85bacee633d541f993,14;14;13;13;13,,,TRUE
751,2,20781566,356a763b6f5dff6048d68db8cf85def16f055f44f7342bd2c2cd95656a41a855,14;14;13;13;13,,,TRUE
751,3,20791566,e05e84fa7af9005a7007da135643a1c6d5fe5b0b177e83e950e0bca59f234118,14;14;13;13;13,,,TRUE
751,4,20801566,ed9035491423c634baebb69ce7cfe3c2485c3d522703127711b38f205c862f04,14;14;13;13;13,,,TRUE
751,5,20811566,187609b1551cbd55a5a688941025d038c242e5e12d4ff9a51b0d9d2a0e3d7dd1,14;14;13;13;13,,,TRUE
752,1,20771567,54934339cf307b9b98fea7c463b46fdaf7f4e6358eeb6d45ade608b6a5172352,14;14;13;13;13,,,TRUE
752,2,20781567,640a86707e66499d5a421fb85e4d8ff009a0ac60b02e522a62773b7905a1c8ea,14;14;13;13;13,,,TRUE
752,3,20791567,95cb2f04d305f60c928f86c93ea008ee0215a43151421115afd0e81e70cacf3a,14;14;13;13;13,,,TRUE
752,4,20801567,284ef8355c5b555fcc42d3850636db0d8635b497f6dd204d066e35bda68e6ec6,14;14;13;13;13,,,TRUE
752,5,20811567,a47cecee661fa3fbdbc2d814281db85e9b4a05f99f939c1f9f8029e7c8e9c719,14;14;13;13;13,,,TRUE
753,1,20771568,d22e6296478d2d22d6600f873b2942a2cd40be14370f5915025dea3de44d3f65,14;14;13;13;13,,,TRUE
753,2,20781568,f344a9bd19ab07df2dcdc7c963b5d70fe8b4f5c642f31f599a8870e4eada126d,14;14;13;13;13,,,TRUE
753,3,20791568,37c1249f130b952f0f7415d5d2e001cf3169721960a755025e6d38bd360957e5,14;14;13;13;13,,,TRUE
753,4,20801568,9a20d65ae4bfc98b62854af2d00656ace196f6dd163a4ab1c22df32a803ca836,14;14;13;13;13,,,TRUE
753,5,20811568,181d09ff3749102ea462689decf4eca52c57b346ce1baa78de97ff6ba9788b01,14;14;13;13;13,,,TRUE
754,1,20771569,81cf8ecea991192646c041d10430e73ed0b80a3b8c525d4358b30ab912a314df,14;14;13;13;13,,,TRUE
754,2,20781569,ab0404360d54e842d237d063d8b61a6107fd1947aac21a74c0acb1faf3916976,14;14;13;13;13,,,TRUE
754,3,20791569,43e4746cb115356c71c5b481c497da28b3232adbf86c21484fb1dbecb8e13a06,14;14;13;13;13,,,TRUE
754,4,20801569,236ff61fc2e985e5ac35aa713dc0ab6b2a232e663ade6a3473f1bf905e4bc01e,14;14;13;13;13,,,TRUE
754,5,20811569,4a5fa62d84fb6c3c610262340e364d5c4a90d6d633ade9c656ba4db0df7c00f2,14;14;13;13;13,,,TRUE
755,1,20771570,00bf677058a69e88248bfaf5ffff9f765bda8f96c375399d553591db551900e7,14;14;13;13;13,,,TRUE
755,2,20781570,225af9836a59891ad10e6206905ea03547edc1986548d80c2ac3fba1f736f298,14;14;13;13;13,,,TRUE
755,3,20791570,e1fb0772f6a1091e5e784d7d15495d726b815d36a71a29cbccffdbf5b04834ea,14;14;13;13;13,,,TRUE
755,4,20801570,255c220ccfbee91328f737f8ee98e3ddcd69ed7e33bd5301c9fb5ad00ebfc781,14;14;13;13;13,,,TRUE
755,5,20811570,f346ef6c2b1a9bad8dfe246eb3e42ab49038e3d9b3c65b3b8c27fd3cff3a0737,14;14;13;13;13,,,TRUE
756,1,20771571,c0c7b83c17a580e0d014b1da3e6e5c2866e6cb814bb5803e1d9a5710cda060e2,14;14;13;13;13,,,TRUE
756,2,20781571,ec9aedead51fcd17ad918e5e3c66ee858966f4b6c3ff76943f98ddaac059df1c,14;14;13;13;13,,,TRUE
756,3,20791571,6e107950a5a6bf2ec9e0db5f3c5deb0aae4b1cf7c93138cb138aa057762cc4e0,14;14;13;13;13,,,TRUE
756,4,20801571,8b9e3f9d8a302351deb2ea3a4a41a729899cb49a8fae099da47f98ca6380e981,14;14;13;13;13,,,TRUE
756,5,20811571,c9b13722afa28c03c8b295160e60bf6efcb733f46afd06314fbbd78ee3aa8f6a,14;14;13;13;13,,,TRUE
757,1,20771572,fd9dbb1445d490067f867115e5a35537ce5c457d2433a3486a32e659068e4597,14;14;13;13;13,,,TRUE
757,2,20781572,1992b211665dff4d2c08a86d027a27abd928907e60eecc87dc8e0201857d2856,14;14;13;13;13,,,TRUE
757,3,20791572,24a4418bc4e0a9320e48df3a4ce6327cdfad3fdd7ebfc5efb412608e824f3885,14;14;13;13;13,,,TRUE
757,4,20801572,cbdd4de8f7b987a4951b694ed7e863e964ddd0c38acfdff6d4e3fbfe3b306e8e,14;14;13;13;13,,,TRUE
757,5,20811572,1fca8dc29fe8dc321d05ff78a33e9c8e073d257063964304c89c514edd572252,14;14;13;13;13,,,TRUE
758,1,20771573,d0d18f7f7c06c9f3fa174ca77eb1d55f4a235b0c65120e7bc2b01c9fba88b44c,36;35;35;35;35,,,TRUE
758,2,20781573,5db6fc175310306575db0c1e9570285f26df11a5a4cdf7dd127c78735dd85671,36;35;35;35;35,,,TRUE
758,3,20791573,6abacc846b0771833acffc2eef105482be6141430a9371ee2618e31f66ef589a,36;35;35;35;35,,,TRUE
758,4,20801573,a60e5d44a94dcd0d5f88755bb0fec7f550b6608b667d65cefaee96817881906f,36;35;35;35;35,,,TRUE
758,5,20811573,67db122abdc122d07e6513eff8f6159a198d4a751214643829221bb1101d7092,36;35;35;35;35,,,TRUE
759,1,20771574,7a26b97f0f0748f8b61e26c98e559fd168f10dd91ef13dc97ee55fdab9827302,36;35;35;35;35,,,TRUE
759,2,20781574,99b12760fd66e5b21730e7bd5ba9b753bbbd840865285009104e7da3a71a6186,36;35;35;35;35,,,TRUE
759,3,20791574,f5a37acfc87ff78aae7e8de455065747f190407c841546d3a6beb4349a312efb,36;35;35;35;35,,,TRUE
759,4,20801574,cc0f61159cc7c1cf1b4d7d17ec8f66f81e2423e12ef613527ec2b4123b434cc8,36;35;35;35;35,,,TRUE
759,5,20811574,34c87583dbc96cbbbcae9c33261afdf9843de03158bb638e6174f122a6123bed,36;35;35;35;35,,,TRUE
760,1,20771575,40e58d5819f1dca1d9f77aabe0307f4059682312a6c1a385b4ab7e2226c0b226,36;35;35;35;35,,,TRUE
760,2,20781575,e150d24a8828b3690d2f1520d63800783b9728ce639797ad4ffa99290e3d0f65,36;35;35;35;35,,,TRUE
760,3,20791575,b6ab354427d9cfa473acc055789a2751d996a3698cae628aa2a0ab401d8e924a,36;35;35;35;35,,,TRUE
760,4,20801575,dabf17f0a5d893d40f561a3588ee9d2e72c3c57ff714763dde12d4716c14c712,36;35;35;35;35,,,TRUE
760,5,20811575,5687de07e035a72be61dc93ff1eae559da85aa49e9780c3bd9438034a0fce04c,36;35;35;35;35,,,TRUE
761,1,20771576,d7bfa456f66b8b385ca5c480903e64fb887b72f2a6b23ae0fca8c60c0758806f,36;35;35;35;35,,,TRUE
761,2,20781576,5247076dcbbb51f7072ceedfae3465f5cf0cafbd8003c209dd29ec1cde7c58a3,36;35;35;35;35,,,TRUE
761,3,20791576,22dee930f7ea4a4b54e7a3a6784b0af3be876e0d935342e0209e45c50f3c8da8,36;35;35;35;35,,,TRUE
761,4,20801576,4080eb9186357da1245900110c98fd974861d64709d9a520a59d191885bfe260,36;35;35;35;35,,,TRUE
761,5,20811576,3fa1a748882a7c40b4abd1d8c53d32fc5f34286c4cdeb9357a4826880cef7c5f,36;35;35;35;35,,,TRUE
762,1,20771577,5a385d4572963de3aed0d2ab0239e77d7abb9ed48ca1d7d5f47c65a1b5845864,36;35;35;35;35,,,TRUE
762,2,20781577,83d681b230d7a5b109cbad7f5d834d3d4715effa216b3cf6d7cdb6b5c6676c50,36;35;35;35;35,,,TRUE
762,3,20791577,a535f7ae34ff70aa261ed27d83e44a4e2ab321f6ac2ebfb241fbc83421d935bd,36;35;35;35;35,,,TRUE
762,4,20801577,b0204cdad7d9d4bd719c3505cc7d6efe9dfceeea3df46a9d7a3b5e04beafdbc2,36;35;35;35;35,,,TRUE
762,5,20811577,182dd249fc3d8d4aaf50b05d96debdafc25b7e3099a185187bcacbbbc98b0ec5,36;35;35;35;35,,,TRUE
763,1,20771578,08aeb46ee9a0606be2df5a9e3d1db65e2aa85b50e2cde532c9b0e4c7b35d94a3,36;35;35;35;35,,,TRUE
763,2,20781578,7e9b380ffd66b5282f99aac732924e034c13fdbe20324c3149f534a3497676ef,36;35;35;35;35,,,TRUE
763,3,20791578,f4c3c0d07936a33ca9f27439c598c80bbe69d61bf8a694f42fc7fc7987dcc1bb,36;35;35;35;35,,,TRUE
763,4,20801578,71d7507c30684dfa90d6eb44826269fde530f8a59a089cb7f59cc892ce53a582,36;35;35;35;35,,,TRUE
763,5,20811578,69c73106e054fa2ecc1866c556321ae543c611ddc94b82746acf58c4efcc13f2,36;35;35;35;35,,,TRUE
764,1,20771579,0dcbfa4c23c024cc9d25c9f501dd21a3b98fcd8e4984c75ba8d32bd14dbaa5d7,36;35;35;35;35,,,TRUE
764,2,20781579,dee0db63db29ba5d9fb029617967c1e02751085a71f594e5e7c87303c3c9865f,36;35;35;35;35,,,TRUE
764,3,20791579,7086017ac487ac1ebadf281f406f45988043e61aa0a5b808f187013a525a851e,36;35;35;35;35,,,TRUE
764,4,20801579,cf3485b224c6431acc566133878c82a7f1f2528ea87341952fc26e4d0878a953,36;35;35;35;35,,,TRUE
764,5,20811579,1f08d630c3b0255193bfe8d7adbef9d439231ffd1769daa894ffa8b1ecffa00f,36;35;35;35;35,,,TRUE
765,1,20771580,4e5d7ef6cbcf9c05d2c5fe508d988816931e537e971e7b8da285efda32e6663c,36;35;35;35;35,,,TRUE
765,2,20781580,953bf36daa0a8e0ae12504fc8b5f80baf970d163da8bd56cd16d3c87d6d2f469,36;35;35;35;35,,,TRUE
765,3,20791580,938ba0439982c8c86a6e4827441d255e771404ba6e1541280073051b04e5f475,36;35;35;35;35,,,TRUE
765,4,20801580,3607661cdaaf67f03b79e0f517b8fe02530040e2e75b5840b197246a518f5116,36;35;35;35;35,,,TRUE
765,5,20811580,394c31eb58e39f2e44f811c254bafaefacb9daa8a5ec14208f5b2531024b52d4,36;35;35;35;35,,,TRUE
766,1,20771581,2f222f9b7921f50debbae6772928a691ae8bf0f70dd6f3ccfe2f636282103b6a,36;35;35;35;35,,,TRUE
766,2,20781581,a1e19e1bcde2a0c2667502676552144aed7e0ca55fbfce01725ae078bf669d07,36;35;35;35;35,,,TRUE
766,3,20791581,9b7dff3d648f2de183af6c4e1990a54a42d8e0e7f9d739e310af0257925b5d4c,36;35;35;35;35,,,TRUE
766,4,20801581,ad41b06b92dfef5ef431ca896e77fd35c1339d9c21d03deccb7ac2a956b2243c,36;35;35;35;35,,,TRUE
766,5,20811581,80518212f001f676ed78c2fd13f0bb8f89fdbc9cbc38fd74ccd053d5952cad3d,36;35;35;35;35,,,TRUE
767,1,20771582,22c53187115a941c218a00632c568dd611a14bbea9856112d66be64b333b8d34,36;35;35;35;35,,,TRUE
767,2,20781582,53c12039dbb5777ea9eb52cdcc6e36d8d7b901134d7ea01ad6be711339d75f8c,36;35;35;35;35,,,TRUE
767,3,20791582,24b612c7144e414606113eccefbd56b3d826436c61a4198b7f7bf678477c7815,36;35;35;35;35,,,TRUE
767,4,20801582,67e1a857bd9f99aa920334c4b87b35c90fa5f7b9b7b3275827fc08d534858a6f,36;35;35;35;35,,,TRUE
767,5,20811582,4e9903d542a6052594c2a720b47fbc82911034f39bbaa791ec53357fd458170e,36;35;35;35;35,,,TRUE
768,1,20771583,287609568b87c84119fb6cfdf9e090f737a7ed2466e83c571a3717a1ca8e1d6c,36;35;35;35;35,,,TRUE
768,2,20781583,2960556f14b9ebbb5dc53129f00e0e19cd93e9c6c8cf418eef2442cb225c8f4a,36;35;35;35;35,,,TRUE
768,3,20791583,99aab4059b0754e0659dbbcedb7d794dab6ad826e9fdcc81eaec4b2b310725a7,36;35;35;35;35,,,TRUE
768,4,20801583,39777a635c96ac120b57f0b0169786763f9b4afbd8b8c5ae1afebdd758ca2326,36;35;35;35;35,,,TRUE
768,5,20811583,8584ace062e1baec8bcf89aaf81f690f71479c8b0e2fab0a730f310bde33c47e,36;35;35;35;35,,,TRUE
769,1,20771584,ea48acc9566e51a7316cbfd4c760ca8d419fe21d1e8055e968154e82271280c3,36;35;35;35;35,,,TRUE
769,2,20781584,47a5f83da8136b99856e0d8c2100710a67ad7201ba9e4a26c18ba1e39147cd0b,36;35;35;35;35,,,TRUE
769,3,20791584,2a423c198653536ad6f87341f62f1a726a4cf9727ba051e7502594cd56df8509,36;35;35;35;35,,,TRUE
769,4,20801584,254969aa6dbf84abf701aba59c59895330dfb0ad224380bbcc07a33eadb40136,36;35;35;35;35,,,TRUE
769,5,20811584,230e231203bb4d2eb148fe946ff742421584cdedf72efff14d6c2e9df6d2738f,36;35;35;35;35,,,TRUE
770,1,20771585,4e317b904884fab675d39cf259331e26a39bb2f709214baa8c6a91cf3fa031c8,36;35;35;35;35,,,TRUE
770,2,20781585,89ca5003a347d358e7aad40183840465535abf77dd624b276dba2ffe6b5c78a0,36;35;35;35;35,,,TRUE
770,3,20791585,6490517e5666b6e3e693d37cd37c86e256280602aea62a6e894119ceca57edfd,36;35;35;35;35,,,TRUE
770,4,20801585,283d3ac51b98c5646ef0f8350927255411f318d9afdc3f391d4b49de8ed019af,36;35;35;35;35,,,TRUE
770,5,20811585,a0d5a9254f5dc47c51d48f03c078db5a9c895afecd1af0325c272d0fda458ef0,36;35;35;35;35,,,TRUE
771,1,20771586,29bc2ad428aede21aa2adae172575712edad96c889e8ef81e0c2096b2b386c32,36;35;35;35;35,,,TRUE
771,2,20781586,b1fda576445a07ac32844db9ac6dc50f0a9db952d117c2d07778f7d44cfc1f92,36;35;35;35;35,,,TRUE
771,3,20791586,4832d7f6778c5553e9fda227fd27330554d72a9801a9beee269d254b37aff63c,36;35;35;35;35,,,TRUE
771,4,20801586,6513a4be473c909bf2d28280fbc02510c58b48d2a1080c98efe0ee2dbb6d7ffc,36;35;35;35;35,,,TRUE
771,5,20811586,f23e410ad8ae9ca05f029749f579646dc80d72d3ac12eca79f405f5189681b02,36;35;35;35;35,,,TRUE
772,1,20771587,b7ea80c86e29d346248f92fd9accc0b1bc800a0f3c511623e69120a8cffda0d7,36;35;35;35;35,,,TRUE
772,2,20781587,85eb04a945923184aa5ade89bcac9a6894f816ade0702dd0253169df6e59dc7b,36;35;35;35;35,,,TRUE
772,3,20791587,a4f3b768c607d5c6f09178a6248ae59dd71faf6296df17f9b40c2f36f454e0fc,36;35;35;35;35,,,TRUE
772,4,20801587,b9ec3a1dd5b267eb7a5fb1d23e30cc28ebb523204216871f9a8274482aa0c8fc,36;35;35;35;35,,,TRUE
772,5,20811587,21e675899bfd657970d689f363be8ce86d5a4c5e6567229a5bf7679f6e5335ee,36;35;35;35;35,,,TRUE
773,1,20771588,887e243ef1062bcab8f52ed58310b5a30f6d3a9dc38ffb542ef72d6f489b3cbc,36;35;35;35;35,,,TRUE
773,2,20781588,0e83c6dd96a739cdc70cdcbcafba4cc2c39dda79ef092f773c373a6d803c5a9b,36;35;35;35;35,,,TRUE
773,3,20791588,242462c3449ad74b2c5c6e396bdca06f856a71c4c3bb2027481f35b311f6e049,36;35;35;35;35,,,TRUE
773,4,20801588,114be90b7867b41d73851fd4a9ba968c6a63510f7199002003ad76ea5d43f531,36;35;35;35;35,,,TRUE
773,5,20811588,a9c737e6769cb605c38c94059e71264c1e55eee30f3bb89f41c0765d9b050f64,36;35;35;35;35,,,TRUE
774,1,20771589,ff8984921f5c24a523bc3fdf15e0b28fdb3808fa42468094cee0266fecf0c47e,36;35;35;35;35,,,TRUE
774,2,20781589,953b3945e5fe0a272b167433c245ca36adfbf1e6e52817d1889ecd9b2eb81bec,36;35;35;35;35,,,TRUE
774,3,20791589,f72a9389c22536a275c36954b84eba2990d9fecb3ce70a0c1e94d07cafa2ef3d,36;35;35;35;35,,,TRUE
774,4,20801589,a704c10f52ff5a16b588acae7c83b35b54e2f1151c53ede5709308003818c976,36;35;35;35;35,,,TRUE
774,5,20811589,bf99e8e3f720e62291858a74f49fc801d9fe564e81c7db330aa53b739613617f,36;35;35;35;35,,,TRUE
775,1,20771590,4241287bb7e9ac2eeab697de9c9f24cb9ec718f0cae3e4352c2317aaba9be13a,36;35;35;35;35,,,TRUE
775,2,20781590,b9b3596dce6966d3c0bcefe7667dbeb388acded93b750d0d4c9ce7f03476fe1e,36;35;35;35;35,,,TRUE
775,3,20791590,672c8c224ca9d9a3c35bd7f1583836d6fa38c0823a9313a8b5dffdff026753c1,36;35;35;35;35,,,TRUE
775,4,20801590,64cc503a4845cceb58ae65e2276499f915b83b9d09482a9f53ccba1b796244ac,36;35;35;35;35,,,TRUE
775,5,20811590,a086855bf370a73b8a6c197516440a0ed8bc7cb422e0a0d84bf376a8324c715d,36;35;35;35;35,,,TRUE
776,1,20771591,f68c49e5b030200c30317d4fe88cb4bcf7149c152bf3d60211922534aecccb34,36;35;35;35;35,,,TRUE
776,2,20781591,12db291ca74e5da9d8c5aa27f8eb5efd66c8c265fe84ed4d9009413c0c0429fe,36;35;35;35;35,,,TRUE
776,3,20791591,a6cdbbd7432ceb2349d51de134620e7697e44febff6540660160b6ffbf48b9c9,36;35;35;35;35,,,TRUE
776,4,20801591,a3e6364be611f666d1d2fa37df372a6174dd0fe8d4b3fb411263e1d738b9fcef,36;35;35;35;35,,,TRUE
776,5,20811591,bca7342f2b51589a9e68f86d49779013c00246e0810d42860de6c7afa6c57e72,36;35;35;35;35,,,TRUE
777,1,20771592,082c14858ce7f62336f638a9d859fdee8670e816826198c01893585e0878bd4d,36;35;35;35;35,,,TRUE
777,2,20781592,20afff4fe369229d351d5a36252e7778c6a2ef053e2665c2ff08b36aaaacb5b6,36;35;35;35;35,,,TRUE
777,3,20791592,0dc3cc0d2f1da41236bbcf8eebde09ffbe8ca1cb8f7a4293a5e71a1efa6ef6a7,36;35;35;35;35,,,TRUE
777,4,20801592,21eb5fd234e4bdd5f76b0d0a895371bcb2fc5c9e3cb89b05b0c9f8de53e1df20,36;35;35;35;35,,,TRUE
777,5,20811592,aecbbef1422e2fbde64d16fd38c6ce40fb560745cc187ab4142f066335dcd2e5,36;35;35;35;35,,,TRUE
778,1,20771593,5622118285f4cfb9b2d4ebc037f8da9b8c169587f374d1dc9f018339a427def9,36;35;35;35;35,,,TRUE
778,2,20781593,1196731b5a05cb704c31617b3bb33ef6e99468c8c8580166abae40903928144a,36;35;35;35;35,,,TRUE
778,3,20791593,fc30703bae71b80152d950cf9d3cee3784119adae7ab6d427d5d242267a9fa08,36;35;35;35;35,,,TRUE
778,4,20801593,9341dab00e761b424ca00ff842596cbaf66de217f714ba5685ae1a88b6f64504,36;35;35;35;35,,,TRUE
778,5,20811593,3a5cff8ebfaa0ab94b85b47ae34736b9393c3b6e94e4f9ecc7d9e2c167671883,36;35;35;35;35,,,TRUE
779,1,20771594,ecaea4596596fa4aa73d604b18c7ed7668bd528b39e240d66d7b3b4632d7e189,36;35;35;35;35,,,TRUE
779,2,20781594,e8d93553362807217476d26e9bdd3de26b0a23c0fec5a1d8f9887f6c2807dae6,36;35;35;35;35,,,TRUE
779,3,20791594,d2d02daf5fbfeb59ff1d8ce6db325f241dd78589f7f141c3fcbe4312154a696d,36;35;35;35;35,,,TRUE
779,4,20801594,776b97b3317148f49b9518df4a73f742a6d80d21fb13d269ad3dd434c1d03898,36;35;35;35;35,,,TRUE
779,5,20811594,a7f1856998578607a326d54a5cd2a7d64df8e12f614a21d5bd56c23b842a2e12,36;35;35;35;35,,,TRUE
780,1,20771595,05792b4cb9fae50ea740963b5751072bdf14bc320d6bff5346d2be6520efab18,36;35;35;35;35,,,TRUE
780,2,20781595,e880ec3c286a8fdc5f7c144c40ff24e0ab6c96fa2b4e1e13cd694fe731db33e2,36;35;35;35;35,,,TRUE
780,3,20791595,3fdc69807030c3da323df0e34710cc8dd5379a58b652b13325d4616efc1f3415,36;35;35;35;35,,,TRUE
780,4,20801595,a6f5aacea4bd6bd17daabd10ceba4e6a0294e2b219b87de73b824e4077f77d63,36;35;35;35;35,,,TRUE
780,5,20811595,2a9237920e1256c6d527a1032c4faf47e19a72481172665704f1781f65689952,36;35;35;35;35,,,TRUE
781,1,20771596,b9ebfb4fcae467d400d670f536cd1e210636d48105c3e792d97800d889e9604e,36;35;35;35;35,,,TRUE
781,2,20781596,1b29b3e3499366417c78fd4b4fb8b2dfba397ebd23a8d3aae08b272aea235a34,36;35;35;35;35,,,TRUE
781,3,20791596,eca3625177d38091a571721cac89d4a7984b7f5c6d8199bc1f2ee3ef9818b81a,36;35;35;35;35,,,TRUE
781,4,20801596,22c7302410bbfa6c1e4204464635c331d2589bd13debb0d451c33a2e6332332c,36;35;35;35;35,,,TRUE
781,5,20811596,07066640c7d3141d93a8ad90bb877079bac9b992f6be5f20928eb17b8fe6459c,36;35;35;35;35,,,TRUE
782,1,20771597,c002081a8402fb40669d61d9a3b092daec914df3862c7eb85b56cf263fd3dfb1,36;35;35;35;35,,,TRUE
782,2,20781597,234ec428f4921eaba3b62bbc0615cb26a090dd7d4b37dcd2306d3be2b5e89d1b,36;35;35;35;35,,,TRUE
782,3,20791597,857199aa80bed283b7308a3df8f8ee88a15d4d852ced0f8511d950aeacb19087,36;35;35;35;35,,,TRUE
782,4,20801597,6b9ee8eca7b4eeb5cd7fd8929b6465faecd151d9f66e34b53ce8bff2787aec73,36;35;35;35;35,,,TRUE
782,5,20811597,1c90be5179db397e3bb478020af3f8c886ae3d786aea349c944592025d39b083,36;35;35;35;35,,,TRUE
783,1,20771598,fb49df883f8e03efa73d6664ff5aad19735d61b4d79eb2f8cacbead69a848de1,36;35;35;35;35,,,TRUE
783,2,20781598,200e70e7d2ecae38a21e1361fa386418b8f69ca5bcbf347feba85d3855424190,36;35;35;35;35,,,TRUE
783,3,20791598,e6379cce17cec57d6aa512a0c3e125ad2849e995180bd3cbe21ee633da43dce0,36;35;35;35;35,,,TRUE
783,4,20801598,5550b94012a7dbf0ef61c3a00382a2ec4f7cc32dc7fb745be9787ae538edff33,36;35;35;35;35,,,TRUE
783,5,20811598,62e91b0b56c9a82684c85912f953fbad74fbf1b9aa41519ec6a2278d998d7544,36;35;35;35;35,,,TRUE
784,1,20771599,90866a6d7ad18466192bae92cd81313e755420f2dffe046440a0ff8afd062b23,36;35;35;35;35,,,TRUE
784,2,20781599,a69c61076dd9e2a0037931e1e2daf8583b46d943eb221ecfed12d3ea6fe84377,36;35;35;35;35,,,TRUE
784,3,20791599,8179a54431adaa7bb2ae0a20053f12e12ddbe66d38111a5fff7f8f2652510d94,36;35;35;35;35,,,TRUE
784,4,20801599,90c551f7c06aca09ec95af8ed4d3adb108d6f67fac4b05ad527f2e33053ad245,36;35;35;35;35,,,TRUE
784,5,20811599,c25b7186557ced6dc6dad4bccdfaa57bd9af576095f0c8b0fb10a6a3b6e7959a,36;35;35;35;35,,,TRUE
785,1,20771600,f5b07bb589c7aced34a1e82429170dc543b508a23ad3fab997a26d58779f42ab,36;35;35;35;35,,,TRUE
785,2,20781600,ee70708cc4dc0d9a3b63a06ec88e6122b9d310861429964a12c1702dbe564e4e,36;35;35;35;35,,,TRUE
785,3,20791600,6e37ac81f5f7eb6cd49579ab47d277a4059030b76e94161672bcc2d090c27840,36;35;35;35;35,,,TRUE
785,4,20801600,aa3dcb568a090ba1bd49a8ef2368be5fdfc93628dc1f9315e2429647716e6ad5,36;35;35;35;35,,,TRUE
785,5,20811600,62e7dd37e939216242b8c9c252d1f0558d2677c662c58c87523c8e71cb357d92,36;35;35;35;35,,,TRUE
786,1,20771601,c8603e2e83934eba030264b25e4336f24deebd5b7bf93816656817429add656d,36;35;35;35;35,,,TRUE
786,2,20781601,41d50f176a9128b94684efda1636b2b448ae5d6a6a7f4c7f8f32e368cd308310,36;35;35;35;35,,,TRUE
786,3,20791601,2f5df00ec2a1be4b4cb6bd3ee5f5ca76c3e86114bf117eb78071a305e359145b,36;35;35;35;35,,,TRUE
786,4,20801601,387d18fb9fc76a19be04dd4e26dcf204752c2ecf41a13f22506310211ffe4e83,36;35;35;35;35,,,TRUE
786,5,20811601,c6a3726bce44db9e6eb0a7156eef3eb340d4096057f3ff0abfb0eb35b8733bae,36;35;35;35;35,,,TRUE
787,1,20771602,fda9f3693364d6034f209ff5f490cd681923b0b514cd83afa1bc633e971535f0,36;35;35;35;35,,,TRUE
787,2,20781602,1e34d22e23b704f4b3d4e7141697b43a9bd42ea56a0776baab1e09dbb7dee15b,36;35;35;35;35,,,TRUE
787,3,20791602,94f2740e6d4defa6695c02af4f33aeea3a8e4f564f650167b5cbe35a11c84470,36;35;35;35;35,,,TRUE
787,4,20801602,4e8ce7b628a2b982e218d0b7a95c70a4ee292de0121abc34640103e860540bdf,36;35;35;35;35,,,TRUE
787,5,20811602,4e57968c331284f01f5055a497ed8559c1e67e78ed90cb8dce0c88890984f327,36;35;35;35;35,,,TRUE
788,1,20771603,19baa26b832fc5950a0f50ebe7c89a219829e9e92b92c128aeb16b1a6b14a148,36;35;35;35;35,,,TRUE
788,2,20781603,e7f61c8972d312dc26b512022e63b747f4736926a3a35a0c6654941c49b03a50,36;35;35;35;35,,,TRUE
788,3,20791603,faf841013ef180ea7b72ea34b6272470542367dc283f8e9774a174a3f8d7ca67,36;35;35;35;35,,,TRUE
788,4,20801603,a0d35e79a2194414bf2c79cdbdf484a8d7e29e63550a2253e141a82cd61199dd,36;35;35;35;35,,,TRUE
788,5,20811603,7a953138e5b34bbf5498668c74fb2c907ecd445afe39a248e8d90764d9143b1b,36;35;35;35;35,,,TRUE
789,1,20771604,0d263846770f062671fc243894160af0b6e1d41e1bcd467739d706c0bc77ce04,36;35;35;35;35,,,TRUE
789,2,20781604,4634258e11fcb382c2e1913b106fcdd90dffd6e634d2ed0755e29ab7f4dbee66,36;35;35;35;35,,,TRUE
789,3,20791604,805142d696ee4836c091021055cffcc5eea3f1b6313dc7b1ecb78ba4e5d15036,36;35;35;35;35,,,TRUE
789,4,20801604,0d9d1c6bcc4d86d4cb417ea6bdc3eeff51a3d0981a8e0f52e2aab34a91e3d55d,36;35;35;35;35,,,TRUE
789,5,20811604,b17055c0e36330d541aff98fb08072fe5d90388b1432d23e791f79c84f827774,36;35;35;35;35,,,TRUE
790,1,20771605,e6f6eb3c2a7529f58da50ed4c763e45a5967b54d4ba950dc3932471eb6bcc8f5,36;35;35;35;35,,,TRUE
790,2,20781605,a77eb3fd2b7cdff071dc3a783d6ad24b27fbfeb38cf80778c503d8fcca43fbd2,36;35;35;35;35,,,TRUE
790,3,20791605,6677b7b3d3c53f702363b69c15321a7c53c294da7e10992c839f7af3373a90d8,36;35;35;35;35,,,TRUE
790,4,20801605,78ceff991a9f8d64a83ef106caab26365a0ae54e35fa78d9d98ca153ad6d0b6a,36;35;35;35;35,,,TRUE
790,5,20811605,dbba63bb5fda096e6a207ef11eea20d4e3b2fa8f0af885b36cf8920a30d0db7b,36;35;35;35;35,,,TRUE
791,1,20771606,c84c38612b816fd06b72960584d6b9e2c8b2cd44b59f8870864ce9bf88ec1633,36;35;35;35;35,,,TRUE
791,2,20781606,97a6dc2c85f9f32204746c4e69b234363dafe0349e972fab3aad479c28e0cdcf,36;35;35;35;35,,,TRUE
791,3,20791606,ef466438142f988ac8825d47d1cf57a6a898d1fc36e2144f4c52c81a91d2fd54,36;35;35;35;35,,,TRUE
791,4,20801606,875b698bb7b5d834d827000c758f11ce3c2cbe8efc15d0729275ccb9f816ae4b,36;35;35;35;35,,,TRUE
791,5,20811606,03f6da0814caf656a81c542ce156fd4aae8c8d9feaaf66f14770584333977719,36;35;35;35;35,,,TRUE
792,1,20771607,be58b86213beb28ccb1946d2adb84eea0bbad5fdf79fcc8ab35ba8fe9f33cb3d,36;35;35;35;35,,,TRUE
792,2,20781607,e325a87370a165ccad9dd5846e8450383e8dc548b0a75ee65add3b8899581d8c,36;35;35;35;35,,,TRUE
792,3,20791607,527c22309b06dd07cd13357d0f62e6b0d5e802c85e513a6fedb6ad02ef53b2ad,36;35;35;35;35,,,TRUE
792,4,20801607,3e2c4ea806f8d968e2f51ac425ea7e5cd73152a3c2e137282788bac0a3ebfe60,36;35;35;35;35,,,TRUE
792,5,20811607,58d6fd29092e0c6a9865ed6ae42291a79cbd8ad84739cadb056fa017384d5b14,36;35;35;35;35,,,TRUE
793,1,20771608,fedb998182cccf7c6fbbe8657c11441513a7d48ad3ce662328e406e1953024d7,36;35;35;35;35,,,TRUE
793,2,20781608,d56e2561af3fc29d2595c74b7da36357f2a857a15d289ec4b71ebf99bbb9e4bb,36;35;35;35;35,,,TRUE
793,3,20791608,bd79dfaaa248c0e692d7b00b537990ddee8548f9365bd6ca8ee23b283973f782,36;35;35;35;35,,,TRUE
793,4,20801608,7f8d5e3205503477f3ed1f1547a32b8bf83a2931cbe106eca98d7b2ebdbc1f01,36;35;35;35;35,,,TRUE
793,5,20811608,c023bb006ad4c490594157a1a03213c5be1ac9ae3dce3b7a4345c7df97dc889f,36;35;35;35;35,,,TRUE
794,1,20771609,585fcac8cebd90c24709d88b9df72b6f3bcc89a180361f215c2eb9150bd4f0e0,36;35;35;35;35,,,TRUE
794,2,20781609,43a00a96145485ef250c5c62f2ea89581dfe84943193dad352800899843372d4,36;35;35;35;35,,,TRUE
794,3,20791609,80ef5f7b7abd8c517d6439f6580c93e31604111c0bcff90b9b0977e41f53cfbd,36;35;35;35;35,,,TRUE
794,4,20801609,e0a80f7eccfebcf567c704e4403263ef541626ac9e6af4023ba9ac0fcea515f0,36;35;35;35;35,,,TRUE
794,5,20811609,6a94fbc9bd30072859c8f186e28e19b61dcd41d285bcecc0653d2f61ccb688ec,36;35;35;35;35,,,TRUE
795,1,20771610,856b44581ccbdacb26ccc68d1a5c815325dd9a3073637fc60abfc25026d1e150,36;35;35;35;35,,,TRUE
795,2,20781610,07974f5023e6d0e4326b876deb293391cf07f057668f6493548f95a872cd01f4,36;35;35;35;35,,,TRUE
795,3,20791610,13c7de52a8d9de3f67301068c90f8388da34f5fb1d6ec5f11e05190a3c518dab,36;35;35;35;35,,,TRUE
795,4,20801610,fae8ac716e30b5ef0c120eb9bbecef9559af7f30ca335a02342bc28f20aec957,36;35;35;35;35,,,TRUE
795,5,20811610,eae7c55959fbade67a9ca893532042f447b8cffd91d889c23965f03c5398c8d1,36;35;35;35;35,,,TRUE
796,1,20771611,b745b0e44dcda1b967c052877e4d6578c4e7805a3aad76b16eaea75ba48ada56,36;35;35;35;35,,,TRUE
796,2,20781611,4e53764225665edda2272a4fea34ddb372d95d1265fbf05c8f6b559006bd4414,36;35;35;35;35,,,TRUE
796,3,20791611,f0c3a6b31ac9ada4d4b1e87dcc4805c6369248efd71ac3cbe44923dad8e40938,36;35;35;35;35,,,TRUE
796,4,20801611,6599621824bdfb9c10c7a7f2d2024f98469136eaed7648947b7ffb27a9573f88,36;35;35;35;35,,,TRUE
796,5,20811611,cf1f9d14019eb993cd156e36a1cdc5bbd9bbaab4817a196fd26cca885dd689a7,36;35;35;35;35,,,TRUE
797,1,20771612,b1dbfa8302ace4b4020e79514441613395e8bd863d1c468187a9aa08c7db9c38,36;35;35;35;35,,,TRUE
797,2,20781612,f0ccba1ccc81af7491030be098ac5cb22da1b99da7deb1c4500441379a5dba19,36;35;35;35;35,,,TRUE
797,3,20791612,cc2584f5a403ca88be57c4741baf9e08c88f3d3c565ddbf58deb3a01c7e9fcf8,36;35;35;35;35,,,TRUE
797,4,20801612,637758c9c4887f9399af8149d77bc7076450b4cc0d786a776d98e83a65db8823,36;35;35;35;35,,,TRUE
797,5,20811612,3a2b81510a8105ab588237ff032c3173457d13d0680a8b9ee8858ff5e62a027f,36;35;35;35;35,,,TRUE
798,1,20771613,90674e0c9913436e46716b6a47d25135c8b11d361134811e8eca2de244724bcd,36;35;35;35;35,,,TRUE
798,2,20781613,457464a7cd263db154549c0b3a9af6810bf3c2a182ecce3b7896c5b24689ef64,36;35;35;35;35,,,TRUE
798,3,20791613,1f02aa2fa66c8034579405cb07698a178ee44f59cfff56b27215a2b26e9e1dbd,36;35;35;35;35,,,TRUE
798,4,20801613,9dedf8136406711dc5400af178447552406e2e94eed754e74ac763840206d66f,36;35;35;35;35,,,TRUE
798,5,20811613,71a029b4d910b4e090c9342ce3d991a919042397c3c5145c7e7b7f03acae05e9,36;35;35;35;35,,,TRUE
799,1,20771614,b8208063ecc2b4a57044b079dfc13afe1283ff023adbaa6e0f76c58d38e48897,36;35;35;35;35,,,TRUE
799,2,20781614,a4fcf669c6a59398e3b35552d7529180c73357583678c2995ad931243d3a6acc,36;35;35;35;35,,,TRUE
799,3,20791614,4a7ecfe14c557209b4dd93a8a113bbe1d942a4e2a529aed62d4b5f5f731bd993,36;35;35;35;35,,,TRUE
799,4,20801614,6d15182d81d9c629f914301f89256b583e87a702e7970070d2a787db7c3995ad,36;35;35;35;35,,,TRUE
799,5,20811614,01634da50e622d33186cb93556584d481e5dfbef8d033389dff3d6dcb7eda7c2,36;35;35;35;35,,,TRUE
800,1,20771615,8f683ecd37ce5b657288f1a989aee34eb7ff77226a15808cc970c28a6cab3599,36;35;35;35;35,,,TRUE
800,2,20781615,41ee54a0f2f32d7151331c2e25f4c0883b78a7403e5b883d1ed05048a9fb7ab3,36;35;35;35;35,,,TRUE
800,3,20791615,70f1bd953c96ee53e6c29a7e67fbf90930c746d5de69f854c571375aed17c134,36;35;35;35;35,,,TRUE
800,4,20801615,d9bb6b8b184b3e598c1f503c72233e996bee0b9065876734b02ce236b9f2f66b,36;35;35;35;35,,,TRUE
800,5,20811615,abeee0080ddffab119ba51e1dedefb19bca752a627e5c9e0eff578a802a25ad8,36;35;35;35;35,,,TRUE
801,1,20771616,dc36bdd8ead7f76fdebc41841f176f8bab773bfaaddcc7f414bb644d4bacb51f,36;35;35;35;35,,,TRUE
801,2,20781616,bbacee7bf65f95926ea3a3126ab609d7d147aade22e339f1bb1d0d37e3932659,36;35;35;35;35,,,TRUE
801,3,20791616,e56406752c7e638c03183915838562d23ed1d1280c8cadf6c139ad7d1aa8ea4b,36;35;35;35;35,,,TRUE
801,4,20801616,6ee5fd8b096447d7a51d3ab1e78a1e9af76c12a4810c5c8c9536a28ad08caa4c,36;35;35;35;35,,,TRUE
801,5,20811616,b0e7ca9eaf99dbcb4bc4a491ddd244cc280fba6c24f8799cf4430207f26c0dd2,36;35;35;35;35,,,TRUE
802,1,20771617,6d5f51016a29028c8c7e19cb57a4e946d9f3285398702a7650d462bef3b52f4a,36;35;35;35;35,,,TRUE
802,2,20781617,8aa05b658036fc51e22452dc36ab177459320dcb6ca413c7a8178238b9ffb85b,36;35;35;35;35,,,TRUE
802,3,20791617,f4771bc8d3c83d3bbef8f2476f66ddb92681b37c46034ce386de191c7725d05d,36;35;35;35;35,,,TRUE
802,4,20801617,965be509b3437e861c3cb057d3d3f46bae762efa0d58694f8d725e208c7f252b,36;35;35;35;35,,,TRUE
802,5,20811617,00b39e407a9985ca289d8ea70244d0b7250090884afb46779f1c4f87ba77892b,36;35;35;35;35,,,TRUE
803,1,20771618,deac7ef5b537b01fb858f8cb7f47b54cb26ffe2ed18d492bdb5d46b86cb0cd3b,36;35;35;35;35,,,TRUE
803,2,20781618,67b24ed7b6550ac893bfde9c27b0d8747c079e78fd52b8f68413b8b7937422f2,36;35;35;35;35,,,TRUE
803,3,20791618,4e97dca2eeb080cfe5213a2517c13dc81e474057f65e68a71132ac88dad0ca53,36;35;35;35;35,,,TRUE
803,4,20801618,97b4d1ce441f91017ec9c6dd10fac5aab09e34e772c32ebe5245ac4b40af83db,36;35;35;35;35,,,TRUE
803,5,20811618,217f76a2cf9fce35444ea09caaad4bf5f4d1f004680fcc73b7bd6f9004824243,36;35;35;35;35,,,TRUE
804,1,20771619,f045f23c4501bcf0dd79a0b1d79cfedfdbeafee67049638507673c51f65f66f4,36;35;35;35;35,,,TRUE
804,2,20781619,e5d70674afd57d001e593d510274d4c6afd2ac4976499664cf077c217f3a4e2f,36;35;35;35;35,,,TRUE
804,3,20791619,b05007afd971461285d3758f69b51181c53145c9a7f2a92bd58865c6c6f7a491,36;35;35;35;35,,,TRUE
804,4,20801619,fcc4bd43273213007f0f067f0225867abc735ba983567790a566e7b7fbec62dd,36;35;35;35;35,,,TRUE
804,5,20811619,bee98fa68737395b4f7f19d4ecc617cdad2a14771c35a44f3a75c317bdbecfc5,36;35;35;35;35,,,TRUE
805,1,20771620,d3c8311d07ea50208999e630187827cf953016c44c7d085107a464d6c784dd76,36;35;35;35;35,,,TRUE
805,2,20781620,3acb857b3f75842224bd5b16b86dd0f74201679003f312850ed25a261138a306,36;35;35;35;35,,,TRUE
805,3,20791620,1ae53fd2f136a0f6cf70ce5dde4a0778490d34b31937530113df7ddc8749f59d,36;35;35;35;35,,,TRUE
805,4,20801620,73ed7d75287ecd28516143b689eccc82a8936a631dfc4431d5b5a67d61f42388,36;35;35;35;35,,,TRUE
805,5,20811620,89d0b3f0e2b9be7961159947d0d75fa731ba43c5d86164aef0fdb282b6160238,36;35;35;35;35,,,TRUE
806,1,20771621,ebde1ce3116413fc1c61f52f582981f2bef3d73f3b1bd7ea84aca156d11edbd5,36;35;35;35;35,,,TRUE
806,2,20781621,90b896476d5fa567f107ba9cd5c61a56983a18a27d350af2f26da63616dfb6d6,36;35;35;35;35,,,TRUE
806,3,20791621,707719c050e05d23565a29c9818bf801d79e2fb5573c4f8c9331f0bff5b602ca,36;35;35;35;35,,,TRUE
806,4,20801621,07b6c59fc6de82155dd70c8d916f90dc5ab76ee2da7f816bc733d56324f3f94c,36;35;35;35;35,,,TRUE
806,5,20811621,12068d1fc8788c89e78616d543961d725bd61580befbc0dcc2cd7e2519b173a7,36;35;35;35;35,,,TRUE
807,1,20771622,dbdaf805ca8b3618c998ca92d0540a7155fd06f67252adce6286a27d44dac553,36;35;35;35;35,,,TRUE
807,2,20781622,5882d000eb0d676866be7de45f53dc69ed61fc8dff59297728956bd7bddc8492,36;35;35;35;35,,,TRUE
807,3,20791622,359ffa5992cddebba148d7d76b85d5996ba878cb5d7f4e453c19f433ab8dd3c6,36;35;35;35;35,,,TRUE
807,4,20801622,2db75b5b390569c7c9a01b781a5b8883c2fe116fd090c4cd5c050b99cf805282,36;35;35;35;35,,,TRUE
807,5,20811622,eb9fe8a0898894afa87d5c9597a1ae9034ac603b69f7df466dc1e00b2d083299,36;35;35;35;35,,,TRUE
808,1,20771623,a269814e42e4f65a76da7e25abba586ec0a977a5ef29547b8653c36068584c28,74;74;74;74;73,,,TRUE
808,2,20781623,7935a960640a2d03f68a767763446cebda2562b9be10c7464ba716aeaea34133,74;74;74;74;73,,,TRUE
808,3,20791623,8e192f7df74f7c25f9f6bc16e71f397b289255a92d0cb9b1316bb33149429199,74;74;74;74;73,,,TRUE
808,4,20801623,99974d35b8886a38da5f5b7c117e85c6baeac148256c461775536cefc0800829,74;74;74;74;73,,,TRUE
808,5,20811623,fad265b3bfbd5b9ee9f99dae4fa36301f244c9ed3f8d3c9b2c864bc74ae0fb1d,74;74;74;74;73,,,TRUE
809,1,20771624,94af1e07baf71b97923fe67391779b115855dc3c92bed68276fb8d231e636a7c,74;74;74;74;73,,,TRUE
809,2,20781624,155a0694bf4c5dfe1ad71787b8cbbc3782381104492d220b3020d9991397a65d,74;74;74;74;73,,,TRUE
809,3,20791624,af0f0c5421c7767852cd567bb0cb79e8ac6ee4eb38dba956f6428bb5a458913f,74;74;74;74;73,,,TRUE
809,4,20801624,ad3bcaca4fd080267bf3f2ad3da6cbc02065fd7c2fd3aa446ef5307c06677596,74;74;74;74;73,,,TRUE
809,5,20811624,5d06985748f527216d2b2ff357fd13b8a0f9074ced68d0f734d63883b2c19c7c,74;74;74;74;73,,,TRUE
810,1,20771625,27eded92a0684db92f6e9426616c23a6afcfb1054f3b588e56522367ddabe872,74;74;74;74;73,,,TRUE
810,2,20781625,44b081c1ad2bc03e509c9e9ba29b8a25a2429f8126765e26c47b4ac0ab375f36,74;74;74;74;73,,,TRUE
810,3,20791625,51d3257b0f20a674713a41f08446a29621309a8e2a00da1ec68673a47cc3dac5,74;74;74;74;73,,,TRUE
810,4,20801625,380f0915f3f52bf4f7ebd7d67032059f3194e6bda7b4f3c656884154a0de667a,74;74;74;74;73,,,TRUE
810,5,20811625,ba4d98a310ac6166de8a562776ab1ac64cc5f4e95849702ab9222c2d388a8b8d,74;74;74;74;73,,,TRUE
811,1,20771626,1c12dc8517c27e078d85ca2e4cbbb9df6b31a3c51eba66395b9f3e34714d7539,74;74;74;74;73,,,TRUE
811,2,20781626,4ace4cb51c889746aa4f6162f976658ca8efb3c956aa8bfda239aa59fce7cf19,74;74;74;74;73,,,TRUE
811,3,20791626,54dadb39ef8fd0b7de99513debd0acbfa30e78d024cdbde2829ba588086164a7,74;74;74;74;73,,,TRUE
811,4,20801626,9c838845be92b0d703abcac6c23c81a5e7f406097775d096514ad1fbf1b6c21b,74;74;74;74;73,,,TRUE
811,5,20811626,8d1eff4cc2f2df08bb567cb100ed726ace235ac0755987b4cd4f699bfe75cce5,74;74;74;74;73,,,TRUE
812,1,20771627,6e29dad1fae6f2a9d320b792bb73683357b994b6201abf085e7ed13a0c18f7a9,74;74;74;74;73,,,TRUE
812,2,20781627,e3fa3f6dda685ead6e87510d9f4b8e83f94466faab53e52ade85da9714cd82a9,74;74;74;74;73,,,TRUE
812,3,20791627,23c28df67518cef09c9912296be5198ea7af67ce05ac5fe840ff19025c4c0b83,74;74;74;74;73,,,TRUE
812,4,20801627,12d1dba5b51fa3dd0a79c3ded670136fe2e99b6c71bf146428f0d7213efb37c4,74;74;74;74;73,,,TRUE
812,5,20811627,e9b95dac002a74a9d5d122cdca16cfd3c8e52a891d44224a98acdb39b5a71885,74;74;74;74;73,,,TRUE
813,1,20771628,00db22aa52d948da65518a5c025d18cf707f19b3607752601b4be23e5ce6ff62,74;74;74;74;73,,,TRUE
813,2,20781628,a2cb6e6468d2f85b229c6f4c5fca8dbfd6764d64cca05fa517d23d3c57b28e4b,74;74;74;74;73,,,TRUE
813,3,20791628,e5cdcf6886724f94c24289e10726f87232f6da669944b8889037d2e05b5a682a,74;74;74;74;73,,,TRUE
813,4,20801628,dfd1583377f31817fc296e3d1749902bd4920d08dc0614b1f84bc67373ff618d,74;74;74;74;73,,,TRUE
813,5,20811628,db300d2252d026a948dd561ec601256951acb4b72251f1dac0cd36d6c516e273,74;74;74;74;73,,,TRUE
814,1,20771629,591c8c7e261430b0200953dfd31e07ab05e8631e7bfc1ce4d37c4cddd62ec238,74;74;74;74;73,,,TRUE
814,2,20781629,90aa94e697c1352efed73f5ea3ce5b7ca2e1d81b353361dd043dbb84099bba3d,74;74;74;74;73,,,TRUE
814,3,20791629,5dfd72be14e34ed1f2af4a3a2eff08d1a98ab3bcc7525fe67aa113dd691ddf01,74;74;74;74;73,,,TRUE
814,4,20801629,0995093cbf77b32eb824edc5bead7ae4904085e31aff0b8d66f9fb5877e099e3,74;74;74;74;73,,,TRUE
814,5,20811629,0f4ebc13752108621d71d0293b8b6877254ebc1d731f3b0d1ab3fae843e43b19,74;74;74;74;73,,,TRUE
815,1,20771630,81e63f6ab4de514c76b28222344997834f42a73087b83c2ab10f35d623416f99,74;74;74;74;73,,,TRUE
815,2,20781630,e13e6dcf2b77783c26c3f7003e799df8fc95a43cad98172dbaa4216cf87a536e,74;74;74;74;73,,,TRUE
815,3,20791630,27309255995af8ac12aaf56f95d53402295296cf94610a57320c01ae9b148baa,74;74;74;74;73,,,TRUE
815,4,20801630,56986936697cc2727b41beb54260d7ff3c33d8c5518ad2d8f44a1f93f45f64a9,74;74;74;74;73,,,TRUE
815,5,20811630,bcc84eb4b9385ecdb86e6986febe3710fdf04df8a5ff0ee4d6b68d2d5e5d0b92,74;74;74;74;73,,,TRUE
816,1,20771631,456e56e829263c58ed2e1c82190b1124a800b2ca576dee22db5c8f59a81cc1a2,74;74;74;74;73,,,TRUE
816,2,20781631,acf42c4c96b785a2354c533f7efe8e338c1aa48ca7799e8816790de37358d978,74;74;74;74;73,,,TRUE
816,3,20791631,fa07cc77facfd5a13dcd5bed1d0aba7022a415696e017aa4b2d0f63b32950b5d,74;74;74;74;73,,,TRUE
816,4,20801631,9bbb823cd32b6ca8c7849765bc690184f405ab2d5f244502fa32fcad22254f99,74;74;74;74;73,,,TRUE
816,5,20811631,0a1c596f2e70a0020c3687a0db14474374c473ee05821549aa234d5403796ec3,74;74;74;74;73,,,TRUE
817,1,20771632,e7e1bf50d8d40ad788bded39043b72b4d8fc771ddbf9afde44a4416cf463033a,74;74;74;74;73,,,TRUE
817,2,20781632,f68a7d27c59d58593f2a4b2019531726d4eb3cf0be4b83a6a1984c31197f2f7a,74;74;74;74;73,,,TRUE
817,3,20791632,5a66d2394c931477446c81889fcac6c67af8a1d4b2234f7374beb26b6288a959,74;74;74;74;73,,,TRUE
817,4,20801632,40ef8a67c6d046a02f5a2378849e1b79ff2a3d64ce7644ba55bbe6fe76c570e9,74;74;74;74;73,,,TRUE
817,5,20811632,abc133ffa7cb7579131d714c4e4837079160d4aa2ea80b05e39575bcee8a9e78,74;74;74;74;73,,,TRUE
818,1,20771633,ec278c824dfec4395c53b3d0cc646ed8f27c8135fbee5c369ec20190e75c4d83,74;74;74;74;73,,,TRUE
818,2,20781633,dd1424f26cd597437b658f59136d9483287e4a12ebc053aa8c19be0f3fd06a9a,74;74;74;74;73,,,TRUE
818,3,20791633,b9c0b7c8382fb6032a2362c175d1457ef7231b55c862f70863bc0f57bb38f9b4,74;74;74;74;73,,,TRUE
818,4,20801633,0d44a1021e4c5639586ae33949b18267ec42224538d9aaaf5ad3820ae3bf5025,74;74;74;74;73,,,TRUE
818,5,20811633,8623f859fa875288c8ba2a1bb68e1ce0853857d48083b5e725ae0262124782e8,74;74;74;74;73,,,TRUE
819,1,20771634,afa33b5674d531c9b981258ed0be02d09425d4953f143755a787d1854240c327,74;74;74;74;73,,,TRUE
819,2,20781634,31fec007b3eb71712bb815a0ee94e5a1c46418b28e1579c8e17826797c6cd661,74;74;74;74;73,,,TRUE
819,3,20791634,239e58a0207895581c22b9849d9b7dee0f5a776df7816e4738f3c91d0a2b1508,74;74;74;74;73,,,TRUE
819,4,20801634,7cb95140cac8191ffc2490789b08a00b836b51619a6a63439309ecf8774e061c,74;74;74;74;73,,,TRUE
819,5,20811634,46530f1ed9aff65d128498b9f0959b2c437f18e676b11cfc1788649a744ad69c,74;74;74;74;73,,,TRUE
820,1,20771635,48ab5ed82a4ee8bb499cbec342c1a5b3bdfaa6fd6e820014c6eedac3116cd287,74;74;74;74;73,,,TRUE
820,2,20781635,77cbba5dfa907affe133933350b4d3a19ed94c3cbb56222b231ea0980dadd7df,74;74;74;74;73,,,TRUE
820,3,20791635,f64e705ddcc0b6c43a6d9d573a947f440e3d124e3eb84a39cee0acaf07bacd1e,74;74;74;74;73,,,TRUE
820,4,20801635,7c85b224d86c7687bf1050f6506a25720531822ebafe989f477978a1a53c0574,74;74;74;74;73,,,TRUE
820,5,20811635,d07a86190f2ef82c2c2195b24df8142c3b34f2647ccc90fb5b3a60214b381324,74;74;74;74;73,,,TRUE
821,1,20771636,cd3382f43b4a7c8699e94b03b03d8896a229c32096824cf4db4ee3c320e54025,74;74;74;74;73,,,TRUE
821,2,20781636,3d134f866d90d74581e020ef2beb87eab63b69bbeb4a95ab2a862e7c7e923ac9,74;74;74;74;73,,,TRUE
821,3,20791636,8ac4f1d74e48ad61344b1a4e8218e7c245964144efd92191ad69c4227e28e621,74;74;74;74;73,,,TRUE
821,4,20801636,02151aa9bd18b03b51d18df41d164688dbbf5a98c4ec90710726d9bf13f53b90,74;74;74;74;73,,,TRUE
821,5,20811636,7ef723de6d0edd13a4c07bf2e9da75ff50fe0dfc8bb9f460115afb310613d6fb,74;74;74;74;73,,,TRUE
822,1,20771637,ea22b1619048344a623a6a34e49eae08b7aba7376abe260660c1944590bef298,74;74;74;74;73,,,TRUE
822,2,20781637,d0e90b43ea486396c17f2f939148868119c97beb6887340762c00663c0a3ae4f,74;74;74;74;73,,,TRUE
822,3,20791637,419f4a52fb3e9f1bbe184cb6685b9f35b17db3b561ba8af3eb34eae755daac80,74;74;74;74;73,,,TRUE
822,4,20801637,e6e5c6f5ddaf24b2d095bb5d2e3d4e9f0022a36260d42e9e7e86e69288da9bec,74;74;74;74;73,,,TRUE
822,5,20811637,6f3aab8751c15f970ad0cb056cfec124ca6932b13b2f8b39f87a42dca7cb2cd1,74;74;74;74;73,,,TRUE
823,1,20771638,c159ebfa5fac78b024a6b0d21e407dbd7148e7e91f8b6939f46ce7196f1e9d8b,74;74;74;74;73,,,TRUE
823,2,20781638,fd44dac77f3da1ad72fcfdf6b65ba3c9834024855f35aca87ddd84b6dae0b308,74;74;74;74;73,,,TRUE
823,3,20791638,5faa88168e7f542daca9167436521811546f0da5687f8d1ce7fc5e9ddf3a3b70,74;74;74;74;73,,,TRUE
823,4,20801638,11584a7c7de016d58f36ed5a5fda7e440822292451b87bf58def3976b3942ba9,74;74;74;74;73,,,TRUE
823,5,20811638,a3991f25748da302c34a9583db5c1450922531f4601aef5539ab5681161fcb24,74;74;74;74;73,,,TRUE
824,1,20771639,3f885abe0ca12e1fe1584772ce78ae1b1795262e53624864c3b1198beba4e74e,74;74;74;74;73,,,TRUE
824,2,20781639,4e847f211be5800f0d311556e123c7a58191e2c2d5b1ac69358c14aae70dba36,74;74;74;74;73,,,TRUE
824,3,20791639,d05713ab86e62a9e0badba386be35db7e1ab13c32f3323cb876ccec3be6cbfe9,74;74;74;74;73,,,TRUE
824,4,20801639,592eea1a0350d1ff5dc0021afccdd1968d37feee7bbbdef8138c0d5868c1b382,74;74;74;74;73,,,TRUE
824,5,20811639,65c287bfc1f5b7a969dc6e764bee69885cb0c2d3c935e751816d24de2f39c868,74;74;74;74;73,,,TRUE
825,1,20771640,205b7e6c9936c85ce620f99c2668bc41a845c3cd022e0c5f9573d936ee85d49e,74;74;74;74;73,,,TRUE
825,2,20781640,4ab7be0ec7fdebb76efca1b8cf02a9338cc0899f1390ab9a981a5d8f0d45c162,74;74;74;74;73,,,TRUE
825,3,20791640,1cb0285c08798cc3b5d59382b73e805a7ba30f6fe0289a06720bd82cb418f54a,74;74;74;74;73,,,TRUE
825,4,20801640,f268f43c73f8da95feb49045c6daa5fd9c1e0c4301d97e38607d461939bb3447,74;74;74;74;73,,,TRUE
825,5,20811640,246a5245ab1bbe11f6d8e3d702a6ffa5b232fa2d15343a2fec9ae7a7127b1751,74;74;74;74;73,,,TRUE
826,1,20771641,d86b70008eafe66f556f4fa3a51bb3ed23d21fe6bd66bd32e8fbc0ddc0ec8919,74;74;74;74;73,,,TRUE
826,2,20781641,abd4750e87a7dcbd3d34cded0bf9c75c4a47ae413d8bab425550a609a03f5bb5,74;74;74;74;73,,,TRUE
826,3,20791641,b49217f40e84e4da2cac7beceb9ceb7b81ae46e6be4070fd2b31c078b11b2e90,74;74;74;74;73,,,TRUE
826,4,20801641,5db66c79769f93d6508a0449290c84b7aa31ee4209fad2682e4845a6cea06811,74;74;74;74;73,,,TRUE
826,5,20811641,e9312be09643f45bfa30a101f10d93f874ba5ae0cf1298a95d01f981326b0e44,74;74;74;74;73,,,TRUE
827,1,20771642,52f8a36ddb5f393ae04a7d1bea1b475ab7f7690cf10968f0a678e298aa9a6dc8,30;29;29;29;29,,,TRUE
827,2,20781642,bc0ef87972a2d4df097e1691cb365811d8f910ebb25d6d83f8fb9b7e0341f21a,30;29;29;29;29,,,TRUE
827,3,20791642,d2fe3b0db0a8f4213d6822c434bdcede58cdfe21c11ea8cb50fe1713d5915090,30;29;29;29;29,,,TRUE
827,4,20801642,e9a9fbb7e655f900366619cf427a6e6efdef08df5a7f23e28b4bf7ebf9ada8b6,30;29;29;29;29,,,TRUE
827,5,20811642,02f40c5950e2a44a5966d3405109e5e2661ebea5d42f6e2a2705ecc0bdf9cd90,30;29;29;29;29,,,TRUE
828,1,20771643,4b79987bdb923bad525ea7a31c52d29411e539123ef06366b2333745e05ad1fb,30;29;29;29;29,,,TRUE
828,2,20781643,5212f7ceaae6caeaa1cb5c2de660ae4eabdbde39691f260a405f885c447cef56,30;29;29;29;29,,,TRUE
828,3,20791643,437a5353dcdb503cee37352a2aba4659fefc2cbd1911366523d3e74d70e8b4a4,30;29;29;29;29,,,TRUE
828,4,20801643,a2df348fb7ec76f3a02d92cab644016f738238f2978c54088f64e28ef4d851c3,30;29;29;29;29,,,TRUE
828,5,20811643,dc2b8d733394cf0f4f2a0677a41647f9764445ba9d62ea505b96291029cb6fe2,30;29;29;29;29,,,TRUE
829,1,20771644,fd201dcea8109d3ee5392724bad64a1c27b087d6c2b36ca2c0e852e155dfbf0d,30;29;29;29;29,,,TRUE
829,2,20781644,06b6d574f23139726d67501ef8b3b5798456146db418bef2b25444ee6aef1f70,30;29;29;29;29,,,TRUE
829,3,20791644,61afb55fd2ae5b383d616dddbeadbf930d9234bc15daa740c51778b90f614a71,30;29;29;29;29,,,TRUE
829,4,20801644,3bbc07fffda7ef8ab52be015a7d1c639b7f348f556a151d5d80482d001e0bb11,30;29;29;29;29,,,TRUE
829,5,20811644,121c260e217d7e0fd4556078911f40b562e4e316709efccb8d649a2b09f00679,30;29;29;29;29,,,TRUE
830,1,20771645,f2eaada9ce2ee74cce367098b37243335802070b2c18cf9a40228676244d295c,30;29;29;29;29,,,TRUE
830,2,20781645,8c2ade9476fa909cfbd1ab760714cc77fe1207db3aa12446385c9d7ef2e49930,30;29;29;29;29,,,TRUE
830,3,20791645,9d80960b65c1deee2204c1abd38a13e0c53a17ef79a8a0d7700c4db1519cf714,30;29;29;29;29,,,TRUE
830,4,20801645,ee60ebe3ada963eb9a611d540ee12e9c6de66a997f8e81a457a3e3b617242fd4,30;29;29;29;29,,,TRUE
830,5,20811645,4aa745bd9c3ac62bc88b80c75b4d8d27994db3d020666c2e10cd031836979adf,30;29;29;29;29,,,TRUE
831,1,20771646,afa7a4f1b605fb420a28ae6ebd95d3c31bd8d1b0a0b8cccebcc52e398ead5ee5,30;29;29;29;29,,,TRUE
831,2,20781646,86a0fe000d92d18255ce86b61075b47464a969d0608fbd4816aa8c7c3d5858cb,30;29;29;29;29,,,TRUE
831,3,20791646,b3d3112c722203fd7a965218c52903921850d3a37bb0c201edcb69216f8a9104,30;29;29;29;29,,,TRUE
831,4,20801646,32df9a93cb12f1aa50167354f5bbfb00ee3c23435cfc2e613ea23914bfa8637a,30;29;29;29;29,,,TRUE
831,5,20811646,77ad971096026ee1091bb4bec371a1f7a16168c0f490068a8ff02cc2ba458d54,30;29;29;29;29,,,TRUE
832,1,20771647,934c6a6e8ea08e71e48d0379ec2521eb7d9e38fe0ef5961053bb8b32659e4eba,30;29;29;29;29,,,TRUE
832,2,20781647,a2cbc5f98006d7215ad1f9ac940347ed4cf8496de0ad044df3ba94b3b2d2e022,30;29;29;29;29,,,TRUE
832,3,20791647,2d1f56a66fcda5f6b82f2055d0e0f3c073812ced2de0964317b15d42adb9e2da,30;29;29;29;29,,,TRUE
832,4,20801647,3366515fc7f1ce36fbe8ef6d7d9272231c6fecfb79beb099e7e4ff936eff04ed,30;29;29;29;29,,,TRUE
832,5,20811647,c65e04f448d7b4ac0af8ecf7f3f80c2ec41b6929c86263daf29b2e3db2020caf,30;29;29;29;29,,,TRUE
833,1,20771648,8a660e3298a00c1605bb28fc7d5274291cb3ef1304d7823e7e1ef00bfb32deda,30;29;29;29;29,,,TRUE
833,2,20781648,49a969c527c43d339803590b42f7e0de4c7506806de25cfcb7aaded561f4421d,30;29;29;29;29,,,TRUE
833,3,20791648,e8677b414a2ea5410f87365a97c9b6fbb15716754b23e533ce8b7d4e7f6c2e84,30;29;29;29;29,,,TRUE
833,4,20801648,c56b64f4fb8f081d594c1c135b7c1b1d21bb6e6883cb469817fcc9f89c7afccf,30;29;29;29;29,,,TRUE
833,5,20811648,714dfe1694bfe1fdfd0dde44b1d142e6abd6aa4921499c51252c6e7e44a7fbc1,30;29;29;29;29,,,TRUE
834,1,20771649,fe57424da648d498b221976d1deb7b7aa49134c6d6ed3f1002434f236652a06f,30;29;29;29;29,,,TRUE
834,2,20781649,0b6c0a481af65aa02451366b505b39946e4070b1124069a70b4ee1c6360fb223,30;29;29;29;29,,,TRUE
834,3,20791649,b5bd1241f98d2544e98dba2221ca328beb615bd413ae27729cd205a61a623698,30;29;29;29;29,,,TRUE
834,4,20801649,73c2722c6c290d86b2d0014053414a9e07288bec2f8e326827351774bfb7806f,30;29;29;29;29,,,TRUE
834,5,20811649,6b15b23ae6b9e74a54df1a60f3cc2119a5b9b618545f537977c902d153ed5ffa,30;29;29;29;29,,,TRUE
835,1,20771650,0e35d84d5d54b0a965dd83a5add44d1212a59089c24da7e6cec30e77284bdd3e,51;51;50;50;50,,,TRUE
835,2,20781650,bad7e07b482f53a6411cbfd760e377dc4e49b0d8425161b45e3fc556f93c07af,51;51;50;50;50,,,TRUE
835,3,20791650,642c8194e0093ec4cfc61dc9f061034c5e2ded3da6868a620716497fdc6e62ba,51;51;50;50;50,,,TRUE
835,4,20801650,374dabb385b8070af2e35dca2f1754167a8d212304f365ab880c0943bb87016e,51;51;50;50;50,,,TRUE
835,5,20811650,9f8dbbaf8fdc7158a9667a069476d8636f8a8e8118d7ca5ae689067a45435bb9,51;51;50;50;50,,,TRUE
836,1,20771651,bf568bb190023ebbdfc4ad87f43db1b36faefc3604251cd1766a987e9bafc349,51;51;50;50;50,,,TRUE
836,2,20781651,97c9e00526dd112505abcef8120489ca8c1c8a6e5b4c34059f4188153901cea7,51;51;50;50;50,,,TRUE
836,3,20791651,a2be291383f7062e23cd750d39b3ede8ce9aa63fca17fee5de85e0aaba2a852f,51;51;50;50;50,,,TRUE
836,4,20801651,07edd5c3b31e4ac6d7ca9eb99a33e3ddf3e699a1800095f66f58fb653f89c06b,51;51;50;50;50,,,TRUE
836,5,20811651,f17362f6a4546ccd7b6a0985b118e22b120747c0c4e4a41743ceed402eb3e9fc,51;51;50;50;50,,,TRUE
837,1,20771652,53315e1e3bbe2857a3774ffce6c4d197f681d85f84cc86fd3fa3d90844125c31,51;51;50;50;50,,,TRUE
837,2,20781652,0f67acb58134f63810b95ac0f43d6cbc73b652a30f9eb1fa914c073d28d62f06,51;51;50;50;50,,,TRUE
837,3,20791652,0a7eac3dde10e9066c03011a1a4500df49283fadd411465e80cc2d6fe9375f0c,51;51;50;50;50,,,TRUE
837,4,20801652,85374720f91e10309c4014edde49c7e222ab690cbe2b788d15a27a34942a07eb,51;51;50;50;50,,,TRUE
837,5,20811652,5476334b5746000a92bb6aaf9815428ae967e653cd87acd1dd67a3b59d890e7f,51;51;50;50;50,,,TRUE
838,1,20771653,35d0d4acfd5f018e2e81804f5689cff4403eb18c8e3cac5e2a2b1b4594b929b6,51;51;50;50;50,,,TRUE
838,2,20781653,08e18b93f0563600fcd7ae2c9c6ca26ff0b500367d89ecccebec20e0fe37da95,51;51;50;50;50,,,TRUE
838,3,20791653,26383fe7704f0ae3b362a9512f448db72518d85dd481f53c0d0a1bd70de1b1c0,51;51;50;50;50,,,TRUE
838,4,20801653,05cc2944777338927d5bc678849caefc5cfd644ee9d5b5a4a8ad3f43aba8d8b0,51;51;50;50;50,,,TRUE
838,5,20811653,55492c86687add644b13614314abcdd5d81571bb6508881a3cb6602c11f9ae6f,51;51;50;50;50,,,TRUE
839,1,20771654,c33ac34da256237c47190fb5e11e82e2fb6e2c16bd9be1b3f31763c7cd3aac99,51;51;50;50;50,,,TRUE
839,2,20781654,e54f08720715d22b86c50ce5e2ebc40ce3f9e494ef5dfa09c30ee3c8e0e7da90,51;51;50;50;50,,,TRUE
839,3,20791654,5d52f4b5c09ac94ee4d29effebee0ca88abd648adbc5f42e61ec36c5547c01e2,51;51;50;50;50,,,TRUE
839,4,20801654,b16d650b866c0b0ab54e9f8929cd4bcbace05315d1fa3f2db340e35e1080818f,51;51;50;50;50,,,TRUE
839,5,20811654,7865a3ae32d65a9b0b69246959b8997d64d6fd8be1f52a72e7a0a957a97929c4,51;51;50;50;50,,,TRUE
840,1,20771655,2f409ac7d600cca3cb32bcb5b0a8f54f3390004c0b476874ec7394c879745c25,51;51;50;50;50,,,TRUE
840,2,20781655,4f8f57afd8e66143857f7055c6b4b19001b049b92a02280bb4ff8468bf2f3474,51;51;50;50;50,,,TRUE
840,3,20791655,8203a500374bc66dc01cd8f3d53a4d78b832ed33d77269d94dd4f3d9e491c337,51;51;50;50;50,,,TRUE
840,4,20801655,774172d68ac45a9667370b4eeb86e35991863b16570065b7bf71bcb236e55258,51;51;50;50;50,,,TRUE
840,5,20811655,bf5b7eb6bb4bdf5398c9b3c4d2f3081f53f2b3b4e7281bf787aa4d6693ee75b2,51;51;50;50;50,,,TRUE
841,1,20771656,df7fd01ab325672f3b5670c7b418b19bcd18a50e514dc2be8339b18f2259d395,51;51;50;50;50,,,TRUE
841,2,20781656,c71116a797f3d6b174f70f8b7135efd6fcb33477aabcac7ba5e009c224e72474,51;51;50;50;50,,,TRUE
841,3,20791656,dd61fceed82c76756adb7f0cd56388c908c10eeda32cc19be11897402e51ae32,51;51;50;50;50,,,TRUE
841,4,20801656,8348bab22c73c1aed49f406259e8af20eed1e5fde47e62f114365520dd87095b,51;51;50;50;50,,,TRUE
841,5,20811656,ce70264c5aa53af378db1fd64b6132f93612e6813905a58c86dab8d269b27662,51;51;50;50;50,,,TRUE
842,1,20771657,38f1011a49841c3bf1cd2a45c0d9ffc9a08d273f9054edc4e63db905267ad852,51;51;50;50;50,,,TRUE
842,2,20781657,c3bc0f8380555e71dd02e354be2717a5752a01a3b6bcbbce384df94287900176,51;51;50;50;50,,,TRUE
842,3,20791657,e97ec9a4d78f81ad7ae237dd1feeef7e3110a79f36e76e31e9285a9262fd70c4,51;51;50;50;50,,,TRUE
842,4,20801657,f7087f220ee320a7cbae4d0f6eb9475c63903f828f112a9060f7b7127fa23e2c,51;51;50;50;50,,,TRUE
842,5,20811657,0dabd403ecb56eec594aa8bb11aebaee31a54e5172d34c1597ebd250cac22386,51;51;50;50;50,,,TRUE
843,1,20771658,526246bbeb666683a363ebb6395867f922cdc1fde22be94094dca69c1d196bba,51;51;50;50;50,,,TRUE
843,2,20781658,78850557a55ed4c711ee8d83cc11295d9df9a7ab7d9a44a7efa78a08ff3523a8,51;51;50;50;50,,,TRUE
843,3,20791658,4986622805ba27a0dba3056f2e9c2544441ae887a292bead8788eff84589f265,51;51;50;50;50,,,TRUE
843,4,20801658,9723c244abf0176034cd467feeaf7c88d09d06361705962563eab52b999a9698,51;51;50;50;50,,,TRUE
843,5,20811658,b64620ea1a9453218819f04d341753a729591730f106c6b2c0b0b1b20f4777dc,51;51;50;50;50,,,TRUE
844,1,20771659,b3590e02673853267c4e6fe9bcf3cbcdee204ca33ea14edc28918d4b9a7fc1cc,51;51;50;50;50,,,TRUE
844,2,20781659,6d5c3d278091b51ce903742657131bd89757f7ad2f8e4d86a5623a94c8897055,51;51;50;50;50,,,TRUE
844,3,20791659,1326414af6862e7c5606e268b59293c61830474ba695c6817483c7fa77a8d762,51;51;50;50;50,,,TRUE
844,4,20801659,99351459cfc76d6865ee442b0c6db8dfc2b9cf2199bde454ef5f7f823e2283df,51;51;50;50;50,,,TRUE
844,5,20811659,4dc45b3fb92bf567ac722e4168b9776737eab2fcde4d4933f2982eb0590c90f5,51;51;50;50;50,,,TRUE
845,1,20771660,0db624dd930d637718e898fc853f664bd2ffb50ea39c63bf5e3f28dc7af34c5b,51;51;50;50;50,,,TRUE
845,2,20781660,1f66592c82fffafe4abe849feb6968d24405d2efbc64b14631149b786257bba8,51;51;50;50;50,,,TRUE
845,3,20791660,f754aba8d8eb12b76d149462c14a98b5596c1519abe1d029abb87c96e5d042da,51;51;50;50;50,,,TRUE
845,4,20801660,8e64a19e43c25208ebb0d1f2461cb40ac637fa739a8a9147e505f8c6964b7564,51;51;50;50;50,,,TRUE
845,5,20811660,b839f810e92fb3be9cb2d84b042a54e09a444550c9127c53026ea6ad82cc9175,51;51;50;50;50,,,TRUE
846,1,20771661,1f537d4d3e1223a61a52ccf6d4a3bfca793ca8ce7c764eb674241689a69bc667,51;51;50;50;50,,,TRUE
846,2,20781661,b7ca2790d10fa585dbf2740edaf1406c6b2a028fdf631687b68c8fc7bfa0cc1f,51;51;50;50;50,,,TRUE
846,3,20791661,4c123ebbbce26c9f0b10e3d27de2eda84a01f003f7aed360b365da7cb48256dd,51;51;50;50;50,,,TRUE
846,4,20801661,1ac031c0b224894d5814eb9d4e355fb2971f1fdca2fc3dfd8c3196002bf96fa2,51;51;50;50;50,,,TRUE
846,5,20811661,b87d08963cb10167c3c0e4fe5d95d1ea1cad3dc1a373e3385b9cd2472fd83f0d,51;51;50;50;50,,,TRUE
847,1,20771662,ce7360b2deab168ae798d306e2df3fd5924f8aa4c86aa0e674c258576a571325,51;51;50;50;50,,,TRUE
847,2,20781662,ac6d3242c9400b70081452dedd55f594efca2b999e7c8fb98a8eef2ded611fa5,51;51;50;50;50,,,TRUE
847,3,20791662,70e044bb64031ed856e590c284b0375a3cd3602f00135a6cade63ccdf9cb406b,51;51;50;50;50,,,TRUE
847,4,20801662,70a7ba705a9336feaa553b9d6314ebd4c7ff1d0ec2a99fff3491d3322622ba50,51;51;50;50;50,,,TRUE
847,5,20811662,1233e3aced9e6a48e986ead40d36e47519b080f150e67d1b9e4380dbb7d0d500,51;51;50;50;50,,,TRUE
848,1,20771663,4a2be7ba19dabb6f694daa6fbdea82fb8a9b04a8266a7f16cb6bb1b49e52c1d6,51;51;50;50;50,,,TRUE
848,2,20781663,17ae275409357c6958e4643a1d58aabfe0a471cd40633582e495ad460914d259,51;51;50;50;50,,,TRUE
848,3,20791663,6df6c02234c0215a9396184213a29a317b5119f3746d9b27dbda7f7f110c11d4,51;51;50;50;50,,,TRUE
848,4,20801663,be1f25d59afd72c82a238661d3e95d8f53cdcde21c1cc36feb330a0d85700aa4,51;51;50;50;50,,,TRUE
848,5,20811663,3af18087e50c4756ea20bd9e834e7de0366a7bc04f7b5298e0068e7d57a4ab1b,51;51;50;50;50,,,TRUE
849,1,20771664,55da19e2140aadd7f7a6de53aeee942f895229743b7451db8815243d62398bbf,51;51;50;50;50,,,TRUE
849,2,20781664,87c8d31c595451c88e7cf10d2d9f1dcc64966a66ac6852b97ddba6025e9af159,51;51;50;50;50,,,TRUE
849,3,20791664,a87b53c28dd5835afd30f57cf9e6e72465683273425d63c281b51d18c92108ac,51;51;50;50;50,,,TRUE
849,4,20801664,d147ba243845c24620439bdec75429e9a90323fbdbb471bce1c97e3422a98172,51;51;50;50;50,,,TRUE
849,5,20811664,defed9b1059e0f1de22669af8784eed7187e2e1ad28de7e5d603387f18d90792,51;51;50;50;50,,,TRUE
850,1,20771665,394fd19b8346e9ede361f49aaa454610f2c27039b154fe753e0ff539b302ea5e,51;51;50;50;50,,,TRUE
850,2,20781665,0a8c6cd68749763e8ecc18cf62e00e74e5476d014311715594ef7de93885088e,51;51;50;50;50,,,TRUE
850,3,20791665,9700dac7f7a17124a7ad825f2943dec7d6c226518ea6fb44785f1384910b9800,51;51;50;50;50,,,TRUE
850,4,20801665,47094b176e73d1576fc1e35ea58adc17fc4e7ff6564d6ac05afb352b044b43a5,51;51;50;50;50,,,TRUE
850,5,20811665,1d65e043620005d6b8f1febd3915e1de9eeedfa6aea73668d0458bd9385eb74c,51;51;50;50;50,,,TRUE
851,1,20771666,d211daeaf01a0352f6564242e2e7c965779696e934129068d7570ad5110690ad,51;51;50;50;50,,,TRUE
851,2,20781666,b42efd3a067b4cb98126fb1dc6a429018c4dd069789934895b207c9e58c9eed6,51;51;50;50;50,,,TRUE
851,3,20791666,cbd8d1fb09b8d7cc265ca363e22ee5f1670b1dc8cea55ff8fbe3ddaf9b417f57,51;51;50;50;50,,,TRUE
851,4,20801666,c4713b8a271cfdc8fa3b764b7a4792c1c9f6326a41ab2e7402f755b33ac33d7f,51;51;50;50;50,,,TRUE
851,5,20811666,f11ba964cf145f10ffb38d04147afc00b0133d9186fdee079b0cdbe2f029c385,51;51;50;50;50,,,TRUE
852,1,20771667,ea657480732bb3281c63a4d1307c5e621e998c2b2feeab9546a627272c2229aa,51;51;50;50;50,,,TRUE
852,2,20781667,ca664b9aba3a1e37a3a62a514fc8a108b6e2446727abc84683085147ad538323,51;51;50;50;50,,,TRUE
852,3,20791667,c367df264f99d9b1854910beb35ce039b2103e104d15d603b572c770d9f90c16,51;51;50;50;50,,,TRUE
852,4,20801667,d26b0c9feb4deeb2b8bf981fd663d233e84accf9e077c0ff7e925ebd32023eb5,51;51;50;50;50,,,TRUE
852,5,20811667,bfed67dc6efc3642a26c265512f7f54440c0d1b492ac44e1814f7e6af54f52d1,51;51;50;50;50,,,TRUE
853,1,20771668,a6f1b6e5373fab587f7bfe574b5149e2e19abcc28a6bd4a41b595d6cdb19c28c,51;51;50;50;50,,,TRUE
853,2,20781668,213097ecf3f4f051b75e560cd85b54f863535b88a140212af1aab7250a92e35d,51;51;50;50;50,,,TRUE
853,3,20791668,572c1a4366fb5e89e0f2a59b962570925bb962469951b3ecc2a868a4c6c29ae6,51;51;50;50;50,,,TRUE
853,4,20801668,fb81e75cdc72f5cc4f089845e6d3e623e1c71aaaf8c8f9934b9e962dbdcd4509,51;51;50;50;50,,,TRUE
853,5,20811668,1ebe83c11aa00eaa194e10049b52833e0ea4d07bd20120e2b65dd9bc2e4f3ab1,51;51;50;50;50,,,TRUE
854,1,20771669,8fc7987f625e0fa08f9272ae957aa9a378b1f7e003e2d127b4626f7d60f95437,51;51;50;50;50,,,TRUE
854,2,20781669,6ffa94911240f396babce8343b9ec7095c194f21b819b4cc8cb2ee3616b4e22d,51;51;50;50;50,,,TRUE
854,3,20791669,2a2a9d3317457bd207e1149d4ad45332698588a91492eeaf2d1c38db1c2e6bd4,51;51;50;50;50,,,TRUE
854,4,20801669,87e148dfda50745ce84ba637f53925b8bd5ebfb7ea6810ff47ba67ab3883e939,51;51;50;50;50,,,TRUE
854,5,20811669,0a6d55fff2d6a99987435df036b056b96f53734fa1aed7567412f51158215ed6,51;51;50;50;50,,,TRUE
855,1,20771670,89a1ac2e970b11662bcd56ddc78ca6bf1ebd0c515f0edceb0dfe750a257a73e0,51;51;50;50;50,,,TRUE
855,2,20781670,c46279d13298b3a55bd66b4ea5245da437371b5e8f95236546db94018fe53be1,51;51;50;50;50,,,TRUE
855,3,20791670,e4615ba433271a7f1f06f6c6e8c0561836c3a54e0f5111bd0101bb9b719d43a2,51;51;50;50;50,,,TRUE
855,4,20801670,86193782c0c586470fe5416748d90f7ef56087ac9ad5e6aa7742c57cbefae4c8,51;51;50;50;50,,,TRUE
855,5,20811670,b54b7a7474814303698ce6132879924efe999b57dad99eadf656417eb6f145dd,51;51;50;50;50,,,TRUE
856,1,20771671,1195ba3c021e605e5ce6b2fa3a0c08a74ebe066dd5405574ad49f0853fb55735,51;51;50;50;50,,,TRUE
856,2,20781671,c8259571403aedc1cf987a7b141ed19216687ad0215523f72a1782c39b582880,51;51;50;50;50,,,TRUE
856,3,20791671,2525547d3c3073b32796e248ab4e6de818587eac03612fab533abfa2535cafb5,51;51;50;50;50,,,TRUE
856,4,20801671,35ee18042314e740839ce33287a8d9c27c1f4c315f42f77b82b8e917892dfacb,51;51;50;50;50,,,TRUE
856,5,20811671,92040be5369caf23db0b76a89285b5e13b753458fe2ff830988831781a583273,51;51;50;50;50,,,TRUE
857,1,20771672,85b3d6d481ed3cd202928589aae8db879ee5acfb0310b3c87444e037cf90c27e,51;51;50;50;50,,,TRUE
857,2,20781672,bc089e789e94271b47023b4597f5517503cd1d23ca1bffe3b05bb64b09fdfb65,51;51;50;50;50,,,TRUE
857,3,20791672,243664c462fd479ce25c1f6eac1788422f8ce864a203d7d96ad288051508d376,51;51;50;50;50,,,TRUE
857,4,20801672,23f9f830a7aeef7fe466bd8759d68c0785d1a0c2b5053911c245cd5b1a564e9d,51;51;50;50;50,,,TRUE
857,5,20811672,8821412055518b2a62421e1839aa45d9bdfd2848c83399c6b7f28d14dd268bb6,51;51;50;50;50,,,TRUE
858,1,20771673,71f983dfb775d63ea1f61acd29678f68f3eec65af658d8701c463f742574b5a9,51;51;50;50;50,,,TRUE
858,2,20781673,1f650fe193be61cab889589ceb7bd5044a437a8d95908d5e0529dca7f4ab7f1e,51;51;50;50;50,,,TRUE
858,3,20791673,7fad1f4e7746e63abd5079710bea2f37bc2cfd901e97c82c9a753e9e7022b2fd,51;51;50;50;50,,,TRUE
858,4,20801673,a6321d9d0c02df0b291b45c042f9c24cbc01277bd0954269cdc8b70d0f895270,51;51;50;50;50,,,TRUE
858,5,20811673,2ca7728a72d67bda0e5bd384e595bcfa78f37c939e64810b51e5d4fd88dfa0e4,51;51;50;50;50,,,TRUE
859,1,20771674,cedfa74f7645439dbd51510c2e1a706bf215da898dfb37171d1cfbe4dece83f4,51;51;50;50;50,,,TRUE
859,2,20781674,e012d5ab5dbac1b09ea97049d7c77854466fde1c43a0ceb2801715c70767d73c,51;51;50;50;50,,,TRUE
859,3,20791674,91b5545bc14f79abcdae39e931b7532694e95727329c4314fd2fb3bbb8f93acf,51;51;50;50;50,,,TRUE
859,4,20801674,51d082719862d3ea7f8ab27a3da6c93b3a57a3ca27275c89f125a83fb750dff2,51;51;50;50;50,,,TRUE
859,5,20811674,23c3c4ca16f66586eddeefba42a2caa0f56bcb0079af0019ce57a5f5e31eeaaf,51;51;50;50;50,,,TRUE
860,1,20771675,95882584d364a7dd4548fd507760ed15e355fcae5b14b517566a12d0d2e0ebbe,51;51;50;50;50,,,TRUE
860,2,20781675,811386503fce035fe64672b56f4114d56eba864256a3f01f6101a6e4944030fe,51;51;50;50;50,,,TRUE
860,3,20791675,540d4c9a514aef5e86cb35e8a34279060d27e198b6104123b1b877c76dba0c2f,51;51;50;50;50,,,TRUE
860,4,20801675,9bfa3f3d6b4ad3e12b840a7c7bb3556766314a8d25d1ed2b0b21ec8c1ab193a2,51;51;50;50;50,,,TRUE
860,5,20811675,88566cd0fe9febb3fe83f8a1791d0b6705cf69e132462f4370036912578d12d4,51;51;50;50;50,,,TRUE
861,1,20771676,11c7d559e244b60e770a3d55002bea9c8ea8f822db9f0ecd4ac397d3348cc9d0,51;51;50;50;50,,,TRUE
861,2,20781676,1a121d6f5615613445dd61333edabe33bf9337561fed1c2a2e3cfade02e3d5e9,51;51;50;50;50,,,TRUE
861,3,20791676,3fa6b30e6d9465eb825f302aae2f2eae11cf1f19ef58a4aef4b527076701144c,51;51;50;50;50,,,TRUE
861,4,20801676,7450ec19b1ea91fffc63f84e6426ffdeff0ac4f7f23fb0c2fdc022329e80ab88,51;51;50;50;50,,,TRUE
861,5,20811676,db4474320271b4a210f3a5f62d93f6fa1e737374992bd933bcc1c9d96e6c55bb,51;51;50;50;50,,,TRUE
862,1,20771677,997d89f62bea176f7236a29cefb3a74c727d64b4800741a99db8c874b07f82bc,51;51;50;50;50,,,TRUE
862,2,20781677,411ec59874041c154ee790230c244827433e2003f7c204fabad75afbeaecf1d7,51;51;50;50;50,,,TRUE
862,3,20791677,3d6a231946aa13e07fd7d727bcbd3765b29484c636dc3a0140e9a19df8e480aa,51;51;50;50;50,,,TRUE
862,4,20801677,c45e6d379679b06e5717a2dfef8ca387d2c164d72d34ed2a69135119eeaea08a,51;51;50;50;50,,,TRUE
862,5,20811677,96d66b1f21402d4becc9cacde36df2dcdcbe1511af3c8b16ddf4bdc13c300fd3,51;51;50;50;50,,,TRUE
863,1,20771678,e3b2199f53740debc012f6bcb34e2da0812d4a2372ddb2e5e6602d8842877edd,51;51;50;50;50,,,TRUE
863,2,20781678,70bdbacbd03303ab51f991c976da7e86b10d3c7c964a8cd6abd4dd5050cf0b23,51;51;50;50;50,,,TRUE
863,3,20791678,64e08a678b033abe10725c9114d66d4ad92ca43c7215127bc0d6a9dc87561321,51;51;50;50;50,,,TRUE
863,4,20801678,810f4ce9d3c0e157921c42e6a5cea97fbdc9eb2bb112552226381a7f51d73a80,51;51;50;50;50,,,TRUE
863,5,20811678,51bec467094c3a9f498ff00eeba875b583f75bb65b87ae3262d2a1c8c87adbe6,51;51;50;50;50,,,TRUE
864,1,20771679,e23af6104e2e17cb4c37f8b884530cd2dea038509ff14f753ccc0abebb86dcaa,51;51;50;50;50,,,TRUE
864,2,20781679,206a6b951e9aa22e180e428fede289d0005307923e5f33b48a1efd9c9ae33a76,51;51;50;50;50,,,TRUE
864,3,20791679,2a2a84447e4212802de9c2e9b3f55e8b14397d4e265aa01ec18886c82b83d7e1,51;51;50;50;50,,,TRUE
864,4,20801679,c7809ccaf1683c9d547b387624d2a1a73731581f726d48b3a8cd956fc71df104,51;51;50;50;50,,,TRUE
864,5,20811679,665d6cb651e9411c7ad0d157effb45ef5ebbc86d57058749a8ab90df9c1d0952,51;51;50;50;50,,,TRUE
865,1,20771680,d1b94d448789d2156120aaecfa48a7c76271a18a009c7bf2b4072f63d086b42e,51;51;50;50;50,,,TRUE
865,2,20781680,cc74e813d65eff0c7ca199c693976f280a9d8a7fa49069b86cf59203943df22f,51;51;50;50;50,,,TRUE
865,3,20791680,a214f3c2a8c36a5a5556fad74f999477efab2fc44387346ba348eebb105cb840,51;51;50;50;50,,,TRUE
865,4,20801680,fd9025018e656fdf7c85c65e54c8bcc562ade273c0cb67577f3dfc88139a6017,51;51;50;50;50,,,TRUE
865,5,20811680,fc716e60d4afef2736a4774ea3fc24f400a6f735c87a08cdcc02f9e1fc0b6d19,51;51;50;50;50,,,TRUE
866,1,20771681,fbc74dedb81b201bafba16ec8ba8347bb6d01abb9b65e8980a8b877dfded8035,20;20;19;19;19,,,TRUE
866,2,20781681,f15019b95adfb9e891703739e7daedb9e0a3ef5c08aeca68d9af85e128a60509,20;20;19;19;19,,,TRUE
866,3,20791681,7c278517f2d90060e617657758c25c3c022838a35b67958ea3d2d25f2cc95e5a,20;20;19;19;19,,,TRUE
866,4,20801681,344f53bf6554ed9e669dff6067ec3397fce1c382f135953f4dde66e9215f0dfa,20;20;19;19;19,,,TRUE
866,5,20811681,631483a6ccadc0b95e3a237da2f3bccb92719a262d36d3e34d20ffdc847c59a5,20;20;19;19;19,,,TRUE
867,1,20771682,58cb643818601a94ff37d81e869e9579f2fc94b05d1c3d4e121aa33771ddc148,20;20;19;19;19,,,TRUE
867,2,20781682,e61209544c7730177ad501b29a45d97e17b300b71c2d9e054f3940deec4b1966,20;20;19;19;19,,,TRUE
867,3,20791682,adfefe4ab0e297f1dc627d3a46691b8153024200ef22e88a1a5d36abfe7bf7f3,20;20;19;19;19,,,TRUE
867,4,20801682,3cd6e4fb13fb4144ce647e59ff2d9ee9af4b2e5dcce11cdc67af4b4ac65efe18,20;20;19;19;19,,,TRUE
867,5,20811682,3a31ececa45d8573c48cbb410e1a2a025037ea75e4d47b5bd73766ddf3e889b5,20;20;19;19;19,,,TRUE
868,1,20771683,1a3a306862ebe689d4f1f1a54a9a70b61df24a2415a826d8fbddfc03d38a1c16,20;20;19;19;19,,,TRUE
868,2,20781683,348020e166545e0cd856456adf857cd6399610897067e61f2332a209b8a1f638,20;20;19;19;19,,,TRUE
868,3,20791683,fe0ae4409ab2cfa1627de3808b310fd4ea72d8be3a4e390a759fdcb8c9f20200,20;20;19;19;19,,,TRUE
868,4,20801683,103d7766fafb8665709ee9daa9634beba1fb6bf5477aae400ba457d3b172ca2b,20;20;19;19;19,,,TRUE
868,5,20811683,c3706b26dbe8e6a394355d0618b80593a792313140cb554d7fba040663610fb0,20;20;19;19;19,,,TRUE
869,1,20771684,9bd4ec3b658f4e549efee630355d1119bfa29830f5f680cd626f9134bfe75143,20;20;19;19;19,,,TRUE
869,2,20781684,5b0b15369bbaf8da00e5e4396bd914fd340fe5885daeee4fb5813c140088c2e3,20;20;19;19;19,,,TRUE
869,3,20791684,24caec966205a5aa8bf09b849d2b345810c08468d7f989ee0bf49efd15140bd0,20;20;19;19;19,,,TRUE
869,4,20801684,6e7978d8b373348bb1f1ae3955c2c730bad10a8e0cae134755ff12f8a81c0def,20;20;19;19;19,,,TRUE
869,5,20811684,a996f29d60a0e83fd8dc883655931c52453af685ae4a92700f29e7af24926465,20;20;19;19;19,,,TRUE
870,1,20771685,8d521354c6de99ebf9266afa3f739e94080d8cb924068a64ff9498075e9c5120,20;20;19;19;19,,,TRUE
870,2,20781685,cc735bf0d0576663e8dcad136b794cae3e0d4264bae058c2673d80d280b8c6c6,20;20;19;19;19,,,TRUE
870,3,20791685,c3dbdf711accf63b1638cf2ec8d329a3ef7265fb3834cf92f6e5ed98aa493006,20;20;19;19;19,,,TRUE
870,4,20801685,1c5219534c49e1f2c6092fca4b57d4eaf635498fb0ee9d10659c6f6435a599bc,20;20;19;19;19,,,TRUE
870,5,20811685,79a410303abf71353811fbdf0ed7d41864d623798c8e133bc57b0fc448a6b20e,20;20;19;19;19,,,TRUE
871,1,20771686,c846d2ba17125ea48676040bfc146d216c8e6133cdd8a899166e8cca3324fb47,70;70;70;69;69,,,TRUE
871,2,20781686,312040bf61b58e19b040499fa709662bc82f7b26a5ec339fdd0fd075e1c857ef,70;70;70;69;69,,,TRUE
871,3,20791686,1faf51310a2dc4a50da574909dce5a979f2ffa942b679c0a4c4730a959ecf154,70;70;70;69;69,,,TRUE
871,4,20801686,9dbcbbcb27c9bb1ae06b97c7dceeb72274c7d9c10c9e889a2c1e4abc737ef472,70;70;70;69;69,,,TRUE
871,5,20811686,83727702e3732da5e08802c02a1eb3a9daea0cce6ee6174bffd49a435850730e,70;70;70;69;69,,,TRUE
872,1,20771687,d0a8b7754c8416672f76e14a46959a8fb042affef4f611589679716bde315dfe,70;70;70;69;69,,,TRUE
872,2,20781687,de2aa7e17b1b15cfbf7a76b4912f5aa0a68a51564c938502575c14a5786d9e07,70;70;70;69;69,,,TRUE
872,3,20791687,9c025830cf42ef2d965812a622de26e835b6f6c56c2e7554c862ee3903d5c338,70;70;70;69;69,,,TRUE
872,4,20801687,9a5a5b10f34c022457c46ea957f2b1882526eda3ba860cd02a1ae31f128d9389,70;70;70;69;69,,,TRUE
872,5,20811687,416acd02ce28f0bed24350fa0d70f4a87ac6d3ade5f4b387905c630b50d48a42,70;70;70;69;69,,,TRUE
873,1,20771688,26070d1ecb7868e1001c5b12a15e3053c212f49e6c07c7c44a8154fbfe66fef4,70;70;70;69;69,,,TRUE
873,2,20781688,d4645da14bab42f8bc2012ab0a37b9935b5bf3f711173c32df6ffeb5a7e4b901,70;70;70;69;69,,,TRUE
873,3,20791688,05a7c063672b83479ae6fc894a719e0df0983bfb778c6e4790bbcff3acceb762,70;70;70;69;69,,,TRUE
873,4,20801688,824529d432ffbb6f9b4b102512f78863bfb79c588d8ae22d47fe1e1f3f58080b,70;70;70;69;69,,,TRUE
873,5,20811688,28df55847db8b19bbc321a2bbb8c3d664bee924abc146c589a20341d9f52d86f,70;70;70;69;69,,,TRUE
874,1,20771689,571d1c36cabddf558c3aeb06b1f9f2f663b61ccce844e5285710549cfd7e8201,70;70;70;69;69,,,TRUE
874,2,20781689,9dd4cbbbadf346a4c407b7e10a9b7e49f06bb4dcbe7de081506a1b28243684d1,70;70;70;69;69,,,TRUE
874,3,20791689,3c7d20785fb7dd8aff94df8f66c8922eda553a47f0805e26d2ac474ac0695b32,70;70;70;69;69,,,TRUE
874,4,20801689,c3d126526d10b2620feaff698330bfef005fbc766a1252c69ca0b4a5cb07057c,70;70;70;69;69,,,TRUE
874,5,20811689,4820e9229731d5900e6b5f98bbd7a6e3a11f045be2f06dfc2e462e0b28d753a7,70;70;70;69;69,,,TRUE
875,1,20771690,9e3d2480d637f0b0521e94752935f28f5cf9ad145d35b64f1e9a7651b8e1f45b,70;70;70;69;69,,,TRUE
875,2,20781690,364e55c0738a83ea0ddf60c15787081aa88c8535e4ddd6147f5c83620988d079,70;70;70;69;69,,,TRUE
875,3,20791690,21000cb9bc434fc783044d5ac8b9908c0e968793f3a7aea2305ed9842c8bc4c5,70;70;70;69;69,,,TRUE
875,4,20801690,9ce918b63cb7732cbb765a04be594072f60c352a90997723f94eee7ff2a6225b,70;70;70;69;69,,,TRUE
875,5,20811690,e7341e2ff00c10665427caa6efdfd5e8e58bbd45eea1a6a80c27ed82c8724a1d,70;70;70;69;69,,,TRUE
876,1,20771691,db53c51aecc4abf45845101056ab070b867566bc56d13769ce7a52e54c404d12,70;70;70;69;69,,,TRUE
876,2,20781691,5b5337b951d3a5b066bae6800941a61c23b6eebbd9460e93fe84b5dff61c49a9,70;70;70;69;69,,,TRUE
876,3,20791691,4d3012d54c72bf0a542b0428c611915527e2cf8b409efa83ddc4696687dd528c,70;70;70;69;69,,,TRUE
876,4,20801691,b799fd312d36c4c67143d9fdcfd53dd29901079bc959757841b49d88b9a3de1d,70;70;70;69;69,,,TRUE
876,5,20811691,c427818cd04d18c052763f0b0b82f6804880b19b8f86cec22bbde7563da85590,70;70;70;69;69,,,TRUE
877,1,20771692,8a5cdc3dc4daa35d2bee37c1e36d5d9b66ff9a4930a053dd19a075d0f7596178,70;70;70;69;69,,,TRUE
877,2,20781692,ebf80c65f819fddfb2a6cbe4307e40ea2275e493bb5c307c1b0b9d4cafed9151,70;70;70;69;69,,,TRUE
877,3,20791692,32982fa031934948693589066590cb1db7ccff849061228eb7fa44a9df6bdd89,70;70;70;69;69,,,TRUE
877,4,20801692,28c5424ae8370bcf8e3b560e580f4d25e48d4d27c7eba7cb07bc0a49f584357c,70;70;70;69;69,,,TRUE
877,5,20811692,e6c52f8b7fb9175cdf8db16856f3389a7c1009f35cbdf494992a68458a312535,70;70;70;69;69,,,TRUE
878,1,20771693,18bdd3fc5bf631e1214c0cb2092e99f8457af539ce3f16dbadd2eceeb72ae9ac,70;70;70;69;69,,,TRUE
878,2,20781693,d2555b06e98a0fc76f5f422339dc90063045f8e8df7f666fe2c9e17495a709fa,70;70;70;69;69,,,TRUE
878,3,20791693,220c4cbb69de03c7c032736fcbc585545e580bb7c96991191112c67dd9dca77c,70;70;70;69;69,,,TRUE
878,4,20801693,49dc8ffa43f76a096ac5d51b8bd17d2a422b3cd394b2854233444463afb0f363,70;70;70;69;69,,,TRUE
878,5,20811693,7684fdd033714c3ae8c7a0f62a31cdae8f16c29069eb199e67ab6c2b79e12244,70;70;70;69;69,,,TRUE
879,1,20771694,4899a5185809e83e3889c386b4c303b3f541538cd490b12c32435ff93c36c62e,70;70;70;69;69,,,TRUE
879,2,20781694,583892d66d7b4597c03d507795247106a0408371556c86b9d2ee42cefd06aef7,70;70;70;69;69,,,TRUE
879,3,20791694,1998ccac476a338aedb84f68f1ac9a218ff39b5e269ffe69422fad047d107dbf,70;70;70;69;69,,,TRUE
879,4,20801694,f4d23b511ace619208a1246bf41778c0224cc923b1112830b5e78001dfa95711,70;70;70;69;69,,,TRUE
879,5,20811694,955a876e16f21aa93741dc909277171b4f8f7e8c71401d0feb36063325b6d21f,70;70;70;69;69,,,TRUE
880,1,20771695,7187a6911d98cda0309e475f1b4819965a175ddb4e1924aa2758fc72f22da7ed,70;70;70;69;69,,,TRUE
880,2,20781695,258becfbd028d1229ee16de914a182d2d70269e32e6c2c904691a8aadd6222a6,70;70;70;69;69,,,TRUE
880,3,20791695,1bc4eeb392d611659e5be9dfc5c44a7d88f8b0ec332b5e7b9685c632fe3bb9d6,70;70;70;69;69,,,TRUE
880,4,20801695,411d4853ea6322300f4f6effd6d4239bc900dc386e670ea2cceadf9bc4dd6ef1,70;70;70;69;69,,,TRUE
880,5,20811695,0cc36ea5a4937e97f9eed7e0926417246bcdcc4e4b50ed27fa84e41971e57008,70;70;70;69;69,,,TRUE
881,1,20771696,821f4e95d561c7b02d6599dc3d77feb62366afc33c931304f56c0e7194fb3e20,70;70;70;69;69,,,TRUE
881,2,20781696,a5b931b31833dd9ad0dada4f925bfcd1986092584e921ba48437c21fe2aa3318,70;70;70;69;69,,,TRUE
881,3,20791696,bf59c1eed875728fb0daf992c0ac7d39b907711b5379cc2d659c8affa0557068,70;70;70;69;69,,,TRUE
881,4,20801696,5410d4348de253fa930288bf4de90c1e115c2ecf6931cf90e948632c4ec9b94e,70;70;70;69;69,,,TRUE
881,5,20811696,f741254d88716af32509b1c264b8e5d839206e127efa5fb712bd9f298d692aee,70;70;70;69;69,,,TRUE
882,1,20771697,00d7190c4dffda925166f336d2b59eb31763384d842c797b315f27628d0507e8,70;70;70;69;69,,,TRUE
882,2,20781697,581b1c85e1b326f33494a68302ddfeaba28cfdb69c968ae85b6df797baa1263b,70;70;70;69;69,,,TRUE
882,3,20791697,bedb7569ee9fd2420ca60522390bd4f5334cc7a8cbdf7fd208e6f24c288785af,70;70;70;69;69,,,TRUE
882,4,20801697,7114ffd61b0c101ab287cfaf1feacc6f1903b625b5900af5e7e26abb2287488e,70;70;70;69;69,,,TRUE
882,5,20811697,ba5b10f7f40a3f828dedbcc37b163ce57737b19c3bed1d1bc16ed29c9f065686,70;70;70;69;69,,,TRUE
883,1,20771698,71fa8907b19ff4a8a04bc4aa2c173331fe6381e54e3878eb4f0a5f41c85bf67d,70;70;70;69;69,,,TRUE
883,2,20781698,c1b4ea272ab46a64579301b241e4d3eeace6c66c8d361bfcf9bbf9492313dd85,70;70;70;69;69,,,TRUE
883,3,20791698,b49fecdc2711786be9882b75b4e9e46a5a73903ad1ddad45d91cea7adc30eed0,70;70;70;69;69,,,TRUE
883,4,20801698,08eae232faf49ff3cf83a586c4a161e9fb0a7fd63c7fae5c51b04520edbf889c,70;70;70;69;69,,,TRUE
883,5,20811698,1d531a34a50ae5f5d75fb9c2a15c57b09ffb883c97237e1aeaf23ea47ba0e1e2,70;70;70;69;69,,,TRUE
884,1,20771699,db76640ce7011e64b90cad26102c1ab36c7a1ae0e3726d7c8ea8d8824ffeef69,70;70;70;69;69,,,TRUE
884,2,20781699,7f2ad5cb429c6c8a30be6632a2a19e516b3022590cc65ea7f6c11e2b05fd66eb,70;70;70;69;69,,,TRUE
884,3,20791699,b19977250e5b2506a1c8ca169258f07b4eee20c9ddfbd2000cd7c29a4a0534c7,70;70;70;69;69,,,TRUE
884,4,20801699,33528585d20ceee6f9f7c6f5f89a9aeff43f43f6a332456f8313e2e0f67c8764,70;70;70;69;69,,,TRUE
884,5,20811699,75bd26bf03ef46cba7d019313c6862ac0493d492713cb3e65047a14007a8ed84,70;70;70;69;69,,,TRUE
885,1,20771700,da50a3045f8458c3ff8619af80d02dce35ea062f407f60630dd75fd6a9ed924a,70;70;70;69;69,,,TRUE
885,2,20781700,0aefe7a8e56af87c66d35721ad09f5f76863bf3d513e6dc6764f6e5dfe6e0ff3,70;70;70;69;69,,,TRUE
885,3,20791700,2d3b45083e838a22983f81ecdbbd7070e4b14583c6d251b7419281e024e07b56,70;70;70;69;69,,,TRUE
885,4,20801700,f738c167e64a648368a21309c1f94e1870c3d227c3cc1538afba943dd0247ce4,70;70;70;69;69,,,TRUE
885,5,20811700,35f24d2e5e5c07aecc64230f27474ae2bbcabca7bd1d179599893705d32491ec,70;70;70;69;69,,,TRUE
886,1,20771701,3bad645971e2a5e6ffd471d128c1e3d553916f58c76b393c068b90c61958d0c6,70;70;70;69;69,,,TRUE
886,2,20781701,d9cc8e374e3f2557d287926cbe747742cc7fccb3d8416161a8ece00696b0d763,70;70;70;69;69,,,TRUE
886,3,20791701,305057baf64a57dd89925dd80e4c57a37c6a6b3719884a9dced3a8b7b0919b19,70;70;70;69;69,,,TRUE
886,4,20801701,8dc6768285eb6cedc0c62fcd224714fcc9249349f6c6750a068a64c017c7b0bf,70;70;70;69;69,,,TRUE
886,5,20811701,766a0b29a78fdbd90980c68340d1f7440afaba27a900b32d2f0d4939cc95a452,70;70;70;69;69,,,TRUE
887,1,20771702,3b96687193360cf7be66bc412dc56c31c3fda7630781a9f6703a7b13fc785236,70;70;70;69;69,,,TRUE
887,2,20781702,b53c056e6472f0ff842e07d54e286f09a36980618fe2d0a5cc12cb407e9f60d9,70;70;70;69;69,,,TRUE
887,3,20791702,90c79d18160c8fb13ef019a436832cdadc01dd9155f3c5c7bd4b468b476900e1,70;70;70;69;69,,,TRUE
887,4,20801702,d5090d5cc2462d82a81683bb9d2b6926f08f797e8e67781b2ada60a12eacabce,70;70;70;69;69,,,TRUE
887,5,20811702,d3df10608e24b5992f847ebe4fccf230acc499b5326b2f6dab7c34dd9548b2b3,70;70;70;69;69,,,TRUE
888,1,20771703,df69b0037a6aaa5c66536cb56bf4d6e0430c56419b4ece2cb9df186d3e75bfb9,70;70;70;69;69,,,TRUE
888,2,20781703,8602451fbfeb61a6009bbf18b3edc032f3b874db86bd8d5aa4f8bd121143cb54,70;70;70;69;69,,,TRUE
888,3,20791703,8d5d7b95657d7e9338744884cdfa46e7af2d81748a41e34c9e9a3f1b0f95d109,70;70;70;69;69,,,TRUE
888,4,20801703,ed3fee077928cdc2a4e3353386980d8aa22457451cf7f2feed9129840e045eba,70;70;70;69;69,,,TRUE
888,5,20811703,ac5fc49f919c8e9632385f9e17456b467d06f8ece12443163208a88ecc212f1c,70;70;70;69;69,,,TRUE
889,1,20771704,8d2f9ccf17cdd5f7d95dc52c4984affd55660060e55a4dc64332dacf268f3811,70;70;70;69;69,,,TRUE
889,2,20781704,a80651ed34dcb61851471a9fac73017a43f062361202cbb510a5c7acf5975f50,70;70;70;69;69,,,TRUE
889,3,20791704,8ae6161e8c1c2e654cf6e2e9c5daa8f62351b18679803072a44b238ff5907072,70;70;70;69;69,,,TRUE
889,4,20801704,48f1ad76d19fc5fde8d825357a963582c3a4dc484665aa3322c77a8ebeb9fd6e,70;70;70;69;69,,,TRUE
889,5,20811704,df7ce75cc7f402d796038b15c445e0f35a539f3fb8046e16b73d6c7527893357,70;70;70;69;69,,,TRUE
890,1,20771705,d159cdae91a1adbc16c3fbd2e193841794e9b5133616fb8721aad9632b701d81,70;70;70;69;69,,,TRUE
890,2,20781705,da75cfb4379c8cd9db6fe90dc7b9049c7fb241038e2d7e4811cc9f1ba639c8c0,70;70;70;69;69,,,TRUE
890,3,20791705,dcfb6eb6e6dcc210ed088008731d400dd61b5d6f1862fddb1310685cad3a9ef7,70;70;70;69;69,,,TRUE
890,4,20801705,3256d7817c10c3f308bcb32c4dc91d12d840bbdb90f05f8b314a95b58771bb86,70;70;70;69;69,,,TRUE
890,5,20811705,da1806d7430631ca44aab2c9a74e7c34aa7fd8f3190e79e11f83359b40d3e920,70;70;70;69;69,,,TRUE
891,1,20771706,72a4f76204e96d92928bc91560d0a2f8660324a1e095f7bec8e78027c4e2d243,70;70;70;69;69,,,TRUE
891,2,20781706,69373c6d98badb1f013f8ff2c43486fc3e54549855703082b7d95a90d0c2bba3,70;70;70;69;69,,,TRUE
891,3,20791706,c54c88d084bf7c39d7ad8bcf1d21d2302522e398cb551285769ab184c721bc76,70;70;70;69;69,,,TRUE
891,4,20801706,a993a365103b7d213b18820b677df9f8e7322328feadefcef06374ad4f4b90d6,70;70;70;69;69,,,TRUE
891,5,20811706,cdc0eab742cbbaaeba17ca6389204b8e06c51f3b5aebcf9e6e5d05861abb79a4,70;70;70;69;69,,,TRUE
892,1,20771707,406c0dbc061c65baceffd0727a13663924176cc895574532a336f8b6fc1e3901,70;70;70;69;69,,,TRUE
892,2,20781707,55918982f239d587284d2abfdf82eb73e7b3f7785e002214bd55fcd6d128473f,70;70;70;69;69,,,TRUE
892,3,20791707,7980404217ab7644d6e8937bc5518751fb6d41cc95639a2bd7bc2d392783d457,70;70;70;69;69,,,TRUE
892,4,20801707,88cb01ee4c7ecc3885c5b3220158ede8a46c024ac7b57ec496a33ff3e1023307,70;70;70;69;69,,,TRUE
892,5,20811707,d67201993f1c45b7b4bdc95069970cd6a371ab2ebce01d6736fcefc8b42a4d42,70;70;70;69;69,,,TRUE
893,1,20771708,8094c850f761e88bd39f0b978634c27982fc24d9f5c7ef4969b6ffca829d21d7,70;70;70;69;69,,,TRUE
893,2,20781708,1b226a0c249ce795598a82d624046ebf669879bf0eeb44a4929fa33a41ee9780,70;70;70;69;69,,,TRUE
893,3,20791708,66e7f353d2d97cdc1dc864309f42440f079b97a12e5afc3a19bd8c5adf30383b,70;70;70;69;69,,,TRUE
893,4,20801708,96bac060e41f77c852119dcd284b98a8059e11f9745b6123954cdd30a5bb43dc,70;70;70;69;69,,,TRUE
893,5,20811708,2220e1acdc8f69842c3fdfc95f1310993a7ff203fd1ed672b4ee16b219f62735,70;70;70;69;69,,,TRUE
894,1,20771709,1e178cc5bcf5f093aee41757af4b7ccbe86be79305fe921bc98b727e5a3dbb4f,70;70;70;69;69,,,TRUE
894,2,20781709,6023a27ceb875f25493a42dfb95401b54f25e2ec391813b76eaba1c265e8ad5a,70;70;70;69;69,,,TRUE
894,3,20791709,7984e181cb33e0baa37d2e1c1c4d8192c6b14b5c5f8330c28a55d087e1115435,70;70;70;69;69,,,TRUE
894,4,20801709,5ed9d484e3264da5dc005f57619172743362bb872ab2cd82982700782fae777b,70;70;70;69;69,,,TRUE
894,5,20811709,b57bc7124231451475687b03d080e98c87db50e9e07b64d5eee0cb8fe543fe86,70;70;70;69;69,,,TRUE
895,1,20771710,ab15900c3a3697062b5f151f7e37d45a58f54c403c513c0e6174f2c97a485ce8,30;30;30;30;29,,,TRUE
895,2,20781710,98c2e2f4cdc37e123cae7ab597c5069d112ef8961eaa98c03bc917fff653a996,30;30;30;30;29,,,TRUE
895,3,20791710,0e4f6f16509ddf68844a037b02c4dd9cff103a105f4da930420a1465b2211d75,30;30;30;30;29,,,TRUE
895,4,20801710,cebc893d4089fc06f94690e6ed07f54ce569febe73c416f846a5a5b5510d7519,30;30;30;30;29,,,TRUE
895,5,20811710,fd672e312e3a724b2283b0ce008cf52befe986300a8b50a4f77b0e0f225d8b68,30;30;30;30;29,,,TRUE
896,1,20771711,45895b226a9e3fb3124c08ef7787bf6f0eeb361f5a6f55421ab51f0f9e85318b,30;30;30;30;29,,,TRUE
896,2,20781711,ec1aa0294eb1316be2611be9925ec22c01a7fa433c13d7f5dc72db68e9c613a5,30;30;30;30;29,,,TRUE
896,3,20791711,20b20652b0978400479780bcf476b9a928edd4ab77914679008ded66afd34ebe,30;30;30;30;29,,,TRUE
896,4,20801711,02a0f0c587612ad782ad9ced8719d2e746ba66bf354c44c0e2e41c9d8e2a3d2c,30;30;30;30;29,,,TRUE
896,5,20811711,4dbb81cbf61b9dfeab42a1142b377e0d87b928f0ad548f83fdf1bfb3f2c736c8,30;30;30;30;29,,,TRUE
897,1,20771712,01493a85fa74d97ffe040fdc5e72b2c1af51ee7b483ef267bcec3bab2164a2f0,30;30;30;30;29,,,TRUE
897,2,20781712,ce06f48b2158d7a61b65bfea159dddb2f03baa235dbc06f32d3329ebca5b205c,30;30;30;30;29,,,TRUE
897,3,20791712,eb28bff00fd978299078814b913ad0454b22ad0d5b25c2acf311e8671cb03eb3,30;30;30;30;29,,,TRUE
897,4,20801712,5087d371693ad06c1fdbf6f1320453497328d1bc2561dbe26bd03720fe036596,30;30;30;30;29,,,TRUE
897,5,20811712,e295d82bfc6d81451c99d56f918651e6c303314079f4150b713d1436bfdb039c,30;30;30;30;29,,,TRUE
898,1,20771713,dba32d8d5125b52cf7906466ff5a9de3c81e86e9f811702dac48599eaf56b76c,30;30;30;30;29,,,TRUE
898,2,20781713,467ab71e30c281556e2d0cc1848528cedb094e16aa3de5b8c569266533195539,30;30;30;30;29,,,TRUE
898,3,20791713,da3222f41f94f12e835be7ed9df91504ac236e76855b72227176b215b7eba2c0,30;30;30;30;29,,,TRUE
898,4,20801713,194b94e983c8301dd7a76f7005ce9d9715ae7c622960112ee991a4ff50c676e1,30;30;30;30;29,,,TRUE
898,5,20811713,b1ae690da5565c9fe0c12c7ad41b0546d5d4ad4629ce76a9008c508b7df9a40e,30;30;30;30;29,,,TRUE
899,1,20771714,d266eeb974852396a82370fed505456f94894f481ce348b67d009df08dd8cf98,30;30;30;30;29,,,TRUE
899,2,20781714,d6edbc756580d3216b127632e790cad908f535f1b50832f50f5ca4ade16aa041,30;30;30;30;29,,,TRUE
899,3,20791714,74d2bfa648d79baee501ab6a7f2e3542aa80b6df98dea93989b9c8336aa7e8ae,30;30;30;30;29,,,TRUE
899,4,20801714,e9967de1b8a1f057a5409514eddb761dbea511581dba8dfbe1d13aa3208f9d0f,30;30;30;30;29,,,TRUE
899,5,20811714,cebd37356f5e364874cf93817d9403a4709597299ad03c777500a6807e9088e0,30;30;30;30;29,,,TRUE
900,1,20771715,bcf8006b2be5a00ba90863760a0be2080b5bd43745c2e4cb03cf2c5be7680a4e,30;30;30;30;29,,,TRUE
900,2,20781715,48176da12b75dfde0f75823c4476f5179ddd7e97ecd08c3b0f933c738eae4b92,30;30;30;30;29,,,TRUE
900,3,20791715,0ccbb37abdd9b7f77006c52975d4c3ec4c7cbfc768a137ec79365c46b7ab057c,30;30;30;30;29,,,TRUE
900,4,20801715,5f4465615d757ecf2368cf842640d623c6e171da7583263ec3627edb43ee22c9,30;30;30;30;29,,,TRUE
900,5,20811715,10a4e55a3604136f659a2b24fe31194453f5ea75c2402da78cb9dc2770b32db2,30;30;30;30;29,,,TRUE
901,1,20771716,6be5da265b596cdafd9305f03191002906b059dd3c429d15e0911e48905d3111,30;30;30;30;29,,,TRUE
901,2,20781716,b5346f955e4c847432ed9d5cdece48b751426afb46de1354d2f3d00019e86544,30;30;30;30;29,,,TRUE
901,3,20791716,a97375ca9e315615d0ad3ee84585ed6ae9edd0a98219e09657bdbc56b51d27a5,30;30;30;30;29,,,TRUE
901,4,20801716,117ffaa222d3e1dd4b7c5a3fab549d1d0e848a2a5ec1798de587ca798cb61732,30;30;30;30;29,,,TRUE
901,5,20811716,8d6b55b9b9ab6f64c474ee5381fb41a1b24cd3ec7f4e6331ca61913c9aca3500,30;30;30;30;29,,,TRUE
902,1,20771717,c53b12fd8354dc6a67cefb7a4a185cf123b203cc15bb7fb5153dbe4b230ae345,30;30;30;30;29,,,TRUE
902,2,20781717,d11d9843469c7d9e1df6d772f378bb1dedc676b4361ca7f3f145dc3d17987a29,30;30;30;30;29,,,TRUE
902,3,20791717,462c6216f345b7f9add20a5d3d00eff05cd4d48b84fbe8c72443eee1879535ca,30;30;30;30;29,,,TRUE
902,4,20801717,fce824643fe558e59406472387737444b700db5df1936ee5dcfc69ddaa55950d,30;30;30;30;29,,,TRUE
902,5,20811717,d641e630c2102e251e9fcef38dccbc6ba7c6596f26a8bcb3ab1718b0aa347e6b,30;30;30;30;29,,,TRUE
903,1,20771718,51e8449b4672938d440093704603a68e0522d8184ed9a37b94b072b9dafc5e41,30;30;30;30;29,,,TRUE
903,2,20781718,f239877f4b280cb531fcaadeac52d6469bcf8f3c856a428ec70ee146d8cbf3fa,30;30;30;30;29,,,TRUE
903,3,20791718,db7fcafef7898e9de7b14c29fada7a2fa3e5c765985f9d4f0e232328a309607a,30;30;30;30;29,,,TRUE
903,4,20801718,922c60fda9a27b21f4d248ce431ff0348113178781a3dc4c6d8e50bb28a26e8c,30;30;30;30;29,,,TRUE
903,5,20811718,80bf099783ef00e8db74c93057d3c451f00c229360f20b0592f1d48a0664a78b,30;30;30;30;29,,,TRUE
904,1,20771719,27c9241d8f048d2edcb5bfe4e7f2d064992dfcb059f21c5bba7416f5b280244c,30;30;30;30;29,,,TRUE
904,2,20781719,33e91c9b5ad014350984dd35ce09363234b17e7f079cd4c978cd4aa6c6771d76,30;30;30;30;29,,,TRUE
904,3,20791719,2602abff5c410292e8077a8bed2c705147086ea6c00202f34b01122169f5386a,30;30;30;30;29,,,TRUE
904,4,20801719,f02d9c22473313fdff6f9aa3664e0b2c40a1f30d4e727c659a22356890ba623a,30;30;30;30;29,,,TRUE
904,5,20811719,799052af0efb16d56ea4dc11c8860bea7a2642b4195ad361d394d33e469f6804,30;30;30;30;29,,,TRUE
905,1,20771720,4781fce583f5ccb772cc5247efa8a798854fbeb1ccfd0503489c4ab8dac406c3,30;30;30;30;29,,,TRUE
905,2,20781720,7a88ec2b57a8324a9a6bcd3574f35dde8bc6b48fd1f98f9e4137890d58aafc47,30;30;30;30;29,,,TRUE
905,3,20791720,e0e004366eeec1575079f516f5e7b0455c661f0e9a1f7b06dc4d7d95cbd455b5,30;30;30;30;29,,,TRUE
905,4,20801720,2e611d1c4e9d6220a2dc6f4392d44b96149e2a1910de079adc083adfd0cbaba6,30;30;30;30;29,,,TRUE
905,5,20811720,73db4e52bd2a798e2e7c15a87c3234ce93d9d477a6db679338af741ad7372e41,30;30;30;30;29,,,TRUE
906,1,20771721,d18dfd3d95e8ff01c5d150c21701ddcfcd9129413c69a9f5144390b2018f9d5d,30;30;30;30;29,,,TRUE
906,2,20781721,f2d47cdeca3251d41465ece44487879817995aac7fc648e8323968cda71c37e1,30;30;30;30;29,,,TRUE
906,3,20791721,cb9b88119f71ec55b5f20fc8f1fb52db527b94fcd609519441fedf639bbf0fd8,30;30;30;30;29,,,TRUE
906,4,20801721,9bba8c18dd1436551562231303befea92650720d931b30be9d36c44d2707584b,30;30;30;30;29,,,TRUE
906,5,20811721,adff4daf8ab1573801d67d1d3f1b54281e73e55a2a7e1bb01a97512151db55dd,30;30;30;30;29,,,TRUE
907,1,20771722,8580a23809d11a1e8ad9d1eaab0e3a4c618f29724ccbc579ea9dbd4de56dd4ad,30;30;30;30;29,,,TRUE
907,2,20781722,9c6d4076f980ab2c0b438c90ec5aabb193da1b0777cdc51aafbe9b681711b1eb,30;30;30;30;29,,,TRUE
907,3,20791722,393c8a11e5b0098c42e0b253bb933e50398941e68b91722da0201b661c00e655,30;30;30;30;29,,,TRUE
907,4,20801722,832d828bfed1130adedb246e80f9581f76b07d0238090af22c35546948701edf,30;30;30;30;29,,,TRUE
907,5,20811722,9cb387a72bb4fe6be41b28d5fb0be6c31000378697c6ec3382fc15bcd76bde6f,30;30;30;30;29,,,TRUE
908,1,20771723,ea4a2867fd341056b5f44457cff4a8b792b431a8e34c184af2c18334ec55c3b7,30;30;30;30;29,,,TRUE
908,2,20781723,a978d77b57661a2bb36b62f4b25b958333c8e66bd962de6fcc9b5e84bf68d725,30;30;30;30;29,,,TRUE
908,3,20791723,2823a6baa3a1b1bf7ea1b4867f018f39e19bb5688f797e04830fd1a349c4d86e,30;30;30;30;29,,,TRUE
908,4,20801723,7badf9e3526dfe583990de67b383221948bbe27821307413a6a4e35d69a9c31a,30;30;30;30;29,,,TRUE
908,5,20811723,8180d134454c6761d3b6e1f6cc8cdc78321f0f576917bb3b129fd7a84842d45d,30;30;30;30;29,,,TRUE
909,1,20771724,c5b28b297b50b6e17684dc39fb6df24b88443c955fa5cec2d7a1eb5b8c86dbb5,30;30;30;30;29,,,TRUE
909,2,20781724,854a3100c9672913f09fb21e0e632123a96a944353ad389cef77d933a5a1f24e,30;30;30;30;29,,,TRUE
909,3,20791724,03010eefb215b6f49ff817b0c8cdf354bd5b0a868fc0c7e755a34996a4cd032a,30;30;30;30;29,,,TRUE
909,4,20801724,a2c965a496c208c5207f69202641a5530bff45eeebbb11cd04e654833a1c34aa,30;30;30;30;29,,,TRUE
909,5,20811724,dd78321d258fcb1e3ff478b93072b09bcced6e02ab31a2028cde0ab2b7ea5f3b,30;30;30;30;29,,,TRUE
910,1,20771725,c7856a0b59cbb9f27de466ce6a9901836a295ecee5375199eb4c53f2b2fa5764,30;30;30;30;29,,,TRUE
910,2,20781725,71ffc5ccbf0d7f2119e5ceeb501a9367b74c5d6627ce14e7b2470b735f48c302,30;30;30;30;29,,,TRUE
910,3,20791725,29110d44a6f1aab7d381e860da72b02c9ead05842611ec6258a834d8b0cd7c60,30;30;30;30;29,,,TRUE
910,4,20801725,46a6c7eeb3040ceb5ad73fc455c75a506e1c0c26b0aa4290067ec7894add8078,30;30;30;30;29,,,TRUE
910,5,20811725,917843378c41c523850794dad4f468c9af6a44cb0d28afe76ab33e68c7f81bdf,30;30;30;30;29,,,TRUE
911,1,20771726,097f8105abc72c2dd06d212fffac7381f93339aacfa1269bcbf5a784aeaa46f4,30;30;30;30;29,,,TRUE
911,2,20781726,ed1c691c7d316c049d00f9d3968afe8807f17f0905175798ae57cdcb2b9c7f5a,30;30;30;30;29,,,TRUE
911,3,20791726,9fe59a0e33ceb4b1d6677eac312e8ceb0cee2f93c769cfaab419d2410776f2a5,30;30;30;30;29,,,TRUE
911,4,20801726,5b3bd67c162e738fd0c3d256b18755cc5995912feaa338ce0dc6d7bdab61f14b,30;30;30;30;29,,,TRUE
911,5,20811726,75bd41e3baa3cc377c5ca1b1c08467509d7bef32c6324d607f2434672403dce4,30;30;30;30;29,,,TRUE
912,1,20771727,f28aa5e07c9723e92c126814cdd33aea7143d1981264228067f8f332ccfddfe1,30;30;30;30;29,,,TRUE
912,2,20781727,b50479073fbd316f9d704731466487172175a2e019cf4ecd0c268ba27e7eccbb,30;30;30;30;29,,,TRUE
912,3,20791727,805f9724f2b432cddc86e02240e3cd31fafc4dc4603771fb97ce88e5de8ca9b4,30;30;30;30;29,,,TRUE
912,4,20801727,707d503ef3a62b984894cf1466040a6b9c182d318ac7b36ffeff6b643333bc2a,30;30;30;30;29,,,TRUE
912,5,20811727,41ba94cb3492be62924f9a62cface67a28e4a13587400e72832c88d68aaca8e0,30;30;30;30;29,,,TRUE
913,1,20771728,fddbd8d4fa78a5d42a370e9393151eb6453dacf24f32100150250df57eceb3ae,30;30;30;30;29,,,TRUE
913,2,20781728,098317a28801559d96d1e095930b2a299b30506a113d81d146ff577acbdd393a,30;30;30;30;29,,,TRUE
913,3,20791728,648c673abcb918c7130a0d56fd84cebbfc7eb7a006821f15f2169faf8d2b6eb4,30;30;30;30;29,,,TRUE
913,4,20801728,e50878516835dd5247f44d99f32ad58720e29c747017f8afa02c9f5945d3883b,30;30;30;30;29,,,TRUE
913,5,20811728,9f4f2ba2ddb17688803c266543e7e91ca3cab5bea35e1e49ddcb436584516791,30;30;30;30;29,,,TRUE
914,1,20771729,5ce96af7a118050f3930e4c99752af154213dd476e85905c5646e6defcb25acd,30;30;30;30;29,,,TRUE
914,2,20781729,c62fd8c1a9325b9a64c283f9692343c52f085ebce3844b3d9d2ee097154b9ef7,30;30;30;30;29,,,TRUE
914,3,20791729,a08d1dd2eb14a58945b67ab000e6e118c4b6d8cb0af49c0e14a0e1d6db02f4b3,30;30;30;30;29,,,TRUE
914,4,20801729,a58133889f9bf385e316cf58d43b91611da9a96799a92d4266bb1daf45fcf6a5,30;30;30;30;29,,,TRUE
914,5,20811729,e04f543407210b500666706bc3b9d712406fa7a9419ceb712be92217ec310df0,30;30;30;30;29,,,TRUE
915,1,20771730,2a1b7644e3e8feadc54dc86393f1e49e8e96b98eb32df7c9a0ea5efd9fbd38c1,30;30;30;30;29,,,TRUE
915,2,20781730,fd6f53714bf448147d41cba8b13abb690423e88b12eca6468ecd9b45532cd26e,30;30;30;30;29,,,TRUE
915,3,20791730,d3d6a2c12c708c06e4b7a70f32ccfb6df8030c32bc9b23c5546b7ff6143c1132,30;30;30;30;29,,,TRUE
915,4,20801730,6ba1e81e2bf0932848e41aaf0ea30eb4eaef0549ae3ddc6e8ee29ec1548abef8,30;30;30;30;29,,,TRUE
915,5,20811730,7143bbe6e4e3860ca4d80949e2d070e8ec5dbfa1a0cd1b5890d6ab4b8df06ed7,30;30;30;30;29,,,TRUE
916,1,20771731,a51b5cd2a94422316322b6aa53e3a1be53acb64a4e49472529aec0c20342ce21,30;30;30;30;29,,,TRUE
916,2,20781731,0af4306cc1f2a9eeef53ab030f5e98098b541ff3532c459afc44974e451ba049,30;30;30;30;29,,,TRUE
916,3,20791731,073e23c41ebe01cfa1726743f58444763c9ae08ed15e832b9a49a71f3b17aa4f,30;30;30;30;29,,,TRUE
916,4,20801731,3de346f301150ef7230f4e4f1062e916c91276c25d446636470c17f2730978bf,30;30;30;30;29,,,TRUE
916,5,20811731,7bc6c2ba4e1e6a00b7c8e068443cb32705c992f7bb7dc8c437b22666b1239e99,30;30;30;30;29,,,TRUE
917,1,20771732,7f3cc276d289632fa032feb6b1356b9a043c776b101a15fa79bb688d2447a837,30;30;30;30;29,,,TRUE
917,2,20781732,d79233718ff9db45b68a7f48d1642de4fa52b96a9a3ed91c782300dbeb8113ea,30;30;30;30;29,,,TRUE
917,3,20791732,bc557c00e135bac3778ea9d13ec027c208403f04d60c239e02e5b29683ead49d,30;30;30;30;29,,,TRUE
917,4,20801732,3aaed961a8d435818d0e103d190ac383e8c17d4ebbeabcd93724dd1d4600972d,30;30;30;30;29,,,TRUE
917,5,20811732,08058c1fb3f2b96f1c96be31b0c6650831be7713cac10118ece411bc3146ddd1,30;30;30;30;29,,,TRUE
918,1,20771733,c1bee8c61e8757e8d483b28728c3354ad5538fce429722e090dbd1eff8ee81ee,30;30;30;30;29,,,TRUE
918,2,20781733,38ad4b4032a5e3b1a32654c64400b5c867b02bbf7f39eee616bd56fa0728a49b,30;30;30;30;29,,,TRUE
918,3,20791733,42e68f6f04554616f5acad53cdda18235b2031c40d396709b34d30c3642fd865,30;30;30;30;29,,,TRUE
918,4,20801733,b3a56735d9c52922b70c8be013228f7f919cac7f4ad3ad5c4780c9da41c22fff,30;30;30;30;29,,,TRUE
918,5,20811733,73c2a4dc574f564c16b485b009665be40e67c7140f24d2c27d92402af883c7b0,30;30;30;30;29,,,TRUE
919,1,20771734,9354ea7ea35f457a777c253a796fcb7f962768dc2a20d7544fef11df63e57037,30;30;30;30;29,,,TRUE
919,2,20781734,8c5ea143861710e741c753a70d432a15b759b913f3fc8fd4940fb37ae800a8ac,30;30;30;30;29,,,TRUE
919,3,20791734,5d7defca41c1870338d97d1a9c3a0e7ad769ff8c72e384439861094c74b90852,30;30;30;30;29,,,TRUE
919,4,20801734,a621055e99ad524c8721811e8869d7af3e64e872962d4d1ba426ede2f7f53828,30;30;30;30;29,,,TRUE
919,5,20811734,353418c5d1d9b73110609360074726c553faaf892b012fe22e2854b6f073289c,30;30;30;30;29,,,TRUE
920,1,20771735,37b6d6aee443bb728288ea0551429279f8d0033a94c90d8b7909d62bd30d0c1e,30;30;30;30;29,,,TRUE
920,2,20781735,0d4c01e960dbea5a99de57cc09af6420a25c268e40564a09133043650a74edff,30;30;30;30;29,,,TRUE
920,3,20791735,1499da9417b5e2c03baaab73eabe432b165f773fe3506446b38a148ab8955cb4,30;30;30;30;29,,,TRUE
920,4,20801735,e307b0d4756c24563b731b489c6431e709a88bbcc723ed9008d1224c1440e4ba,30;30;30;30;29,,,TRUE
920,5,20811735,0f7baed8e28be2287c476e2d7e99922e946c159b450b61c0bbf83be9dd687cb6,30;30;30;30;29,,,TRUE
921,1,20771736,b2c558a25eafd5696dfd912609aa4762557ed5aafb7dc87334de3ea81e142d7d,30;30;30;30;29,,,TRUE
921,2,20781736,d828497d09c88dd16357b6ee4ba24e72f7e3a89091ba1c6dd7de1c29aef895bf,30;30;30;30;29,,,TRUE
921,3,20791736,367ebb11fcf8aec4541b77aea1bd7829c4a1aaede850661ca4e17bc4d3f8260b,30;30;30;30;29,,,TRUE
921,4,20801736,1c00c52ecc16abc76a5bdc3ef66e69454c7e3a9a902e834623f319f64a5a904b,30;30;30;30;29,,,TRUE
921,5,20811736,53e07b876b21c839d734c61a71cfd3a81533b0071bf06b5c19b335eaf62a59b0,30;30;30;30;29,,,TRUE
922,1,20771737,02b27e6699b27a418315f148741e8541a1db1d931c8d0cb0c5188096edf81c8e,30;30;30;30;29,,,TRUE
922,2,20781737,5f3ef23c0691d818270be28f7e9723af9ae30daf9a11af2014aa9b29af87bf0b,30;30;30;30;29,,,TRUE
922,3,20791737,24e387724c90fad9c94e56e89c66ecb48d7057c222abb36536ec15a747c15461,30;30;30;30;29,,,TRUE
922,4,20801737,a4f22cafa6d3c439163b24dfdcfd0a338d244fc5e677c1e979ecbf220e81019f,30;30;30;30;29,,,TRUE
922,5,20811737,5d8c5698003e74ad325b5244a55139561dbc9b22fd096b843661d05dc5670816,30;30;30;30;29,,,TRUE
923,1,20771738,36c37f3abc88af925633497f3ea97b2ad9726023a82745885c874ec7b7cde1f9,30;30;30;30;29,,,TRUE
923,2,20781738,bcf9cf7bde3d63e1ffdd043f2f07c6b7ca2a0770a7e72bd234e5ea3dc547cff8,30;30;30;30;29,,,TRUE
923,3,20791738,640cc99045d305d6c932ba95e9de2f0052612aaf2181242107adce94e534e67c,30;30;30;30;29,,,TRUE
923,4,20801738,54cb89d3e34f9b1d52775b332dee441dd3306afd209dc8d9f185abf5202b4fd4,30;30;30;30;29,,,TRUE
923,5,20811738,d959e27bce787a02df6f6ba84f28b6539292923bc77d44570700dcce321a7e09,30;30;30;30;29,,,TRUE
924,1,20771739,ff619111f753f4959c750ca41cac7242ba95662b98a1e27853707dee81b6d617,30;30;30;30;29,,,TRUE
924,2,20781739,4b8e3c830c688d3b867433789b33a12ca782c865faff17495194ce8a60b1581d,30;30;30;30;29,,,TRUE
924,3,20791739,2f7c2592180d47124108eb72d23d0b1a5b8a0d8f16b09a33dfe946f21b01c5bf,30;30;30;30;29,,,TRUE
924,4,20801739,be20319eafd13cbd3eec7f4fb36607893f1518ac614614cec32247b493959d8a,30;30;30;30;29,,,TRUE
924,5,20811739,4dd45c8f83fe78bf31ed255dc7ba7c927419d38204b6e99e751037464e41734d,30;30;30;30;29,,,TRUE
925,1,20771740,7bf24bde0152c2ef170e38e2c7578780b2d965b5caf813897b3b103e76ffdf82,30;30;30;30;29,,,TRUE
925,2,20781740,2a935095bc948152326c6dc3baf943c04e487a46aa835489e087eb4f6ad28040,30;30;30;30;29,,,TRUE
925,3,20791740,00d65f2f3f9d9b58fe0961c1b2f8d021b15057cd9a3930e67fe0d455a2afa217,30;30;30;30;29,,,TRUE
925,4,20801740,7f5435b7af303b3bd87210f17b3e3376f056345588161e5f77caea299227515a,30;30;30;30;29,,,TRUE
925,5,20811740,8d95b98270f2afeb6d298f00c2ecffaec81c7d25055b61d784abeec52838fc3d,30;30;30;30;29,,,TRUE
926,1,20771741,1fb8b79fe836bb3d2b4e0757acf580e29b299b0e67e3a63c051d38437b2956e7,30;30;30;30;29,,,TRUE
926,2,20781741,fae36f4e092fd86a54c5872df9b794270ca22415adfae2ac4f7d320a5ed57a49,30;30;30;30;29,,,TRUE
926,3,20791741,bcc91b8ea4569c7f5f30e6d3e6c1699c55aadc8e1d6a880f549e88ba6996ff77,30;30;30;30;29,,,TRUE
926,4,20801741,36000fb7f4f00a6e307c3aa44a1ab7298e710307d8ae8ec2cbf7c1a11891ae3c,30;30;30;30;29,,,TRUE
926,5,20811741,060406b19b2034ef160673bea8406cf087c9d7967063695d7b8684737b7abdab,30;30;30;30;29,,,TRUE
927,1,20771742,b46952f280115378c01163528dee4ce6bdf215a67af27e9a6cfc7eca35aa5086,30;30;30;30;29,,,TRUE
927,2,20781742,7e3f4f59c31009fee97db8a4a36d2f3877cda20a8bfd79fc3edc07b53952f9fe,30;30;30;30;29,,,TRUE
927,3,20791742,2d0d7001d1a4c22cc033ab17ffee99826bccdb9911445fcce25e87e728b00bae,30;30;30;30;29,,,TRUE
927,4,20801742,177df69c139f717e1e2f945c208fbb10dd84b3e5031aac57c3ed54a91870e46e,30;30;30;30;29,,,TRUE
927,5,20811742,3e2cf00088786f3e4a50ddf7df52943a105f9850c6a52453bc2f921d5db8034e,30;30;30;30;29,,,TRUE
928,1,20771743,8545a45159b160a1e87d07ff3020fc0bee81e422e391d30029329cb37db3f67b,30;30;30;30;29,,,TRUE
928,2,20781743,71f94e794ef6dfd2bcae761409e6c2936821a263fc3ac8d5277a6ee966a45bde,30;30;30;30;29,,,TRUE
928,3,20791743,024b740a8977d1192e7c0bd262459d64b091a6335b8ae0adea0cbb99b5816163,30;30;30;30;29,,,TRUE
928,4,20801743,2d5c12513f5270cd4035ba81b47a9aaa04cb72caddf9378478ea5c901679c5e6,30;30;30;30;29,,,TRUE
928,5,20811743,a092dafce6ba176135fa3d516d0ce23b70fcd9e284696e32bae34d15b2080285,30;30;30;30;29,,,TRUE
929,1,20771744,ea9cdbf6019e816c5b746ccfc8191c58e1c4c2b998e836076ba8b11d3cae7e2c,30;30;30;30;29,,,TRUE
929,2,20781744,e89a5fe775f0b298c7128fd34791b23b1d633c67986e1de553ae3c2fb8254abf,30;30;30;30;29,,,TRUE
929,3,20791744,425b7b0e992d50448d2a2863e3e0be0b13ac6bdf071bbce7df255ec512e79b85,30;30;30;30;29,,,TRUE
929,4,20801744,b2c85372a058c37f8003355dfcd29fc11f9213de1560fcd9fda467fe949a9199,30;30;30;30;29,,,TRUE
929,5,20811744,da9e743f7f55532e4289221b0412525f1b8356f2fa3d1c9e0aded97c03a72eef,30;30;30;30;29,,,TRUE
930,1,20771745,80dcc64ccbc15e5a94fab3e69d9a7d769ab60f8638da1992eddbd0e76b92d06a,30;30;30;30;29,,,TRUE
930,2,20781745,dec4ffe0772e6e4c3650c0c37fbcf842de1a8f27962f4e59945dd2b8dc467bad,30;30;30;30;29,,,TRUE
930,3,20791745,8679bb472e4ac04737442dcd59c04bb9c62a0d39b23d22c1b36690d100631fb0,30;30;30;30;29,,,TRUE
930,4,20801745,c03ec0fc93b164a5d5c3329ac25b4616691f7b97fed5ce381d660614813cca5b,30;30;30;30;29,,,TRUE
930,5,20811745,fc31fe7ca817246395b31b8440e32098c0c547c5886e802e75b4e31307eca0a7,30;30;30;30;29,,,TRUE
931,1,20771746,906d76663e51b5ce1b211d8e9bc425a65259721359bf8d1090fbb4b8aecfd573,30;30;30;30;29,,,TRUE
931,2,20781746,57be4fc910468f786cea97ce87699333fe353ab9beeb424362164eb864725dbe,30;30;30;30;29,,,TRUE
931,3,20791746,b7eb240d1686e70f01c9239669961e8e4b4265a01fc8d9c19c4cdc7333502571,30;30;30;30;29,,,TRUE
931,4,20801746,633e9cd31881bb2bf09fc71d624bdb91ad830a771c4775c47a9b12efac322040,30;30;30;30;29,,,TRUE
931,5,20811746,3230a5151870d8f0e279bc07fc73b89e0b6d7bb36794b758d4c363670874ea1a,30;30;30;30;29,,,TRUE
932,1,20771747,a66588d9d90eac1eb4ee3ea5f710028bd8ceabf0a4a2a9d71604ac41494d0ef5,30;30;30;30;29,,,TRUE
932,2,20781747,fc298632a68637a4eee475d50453b4f6ffd915161dbecfb882a4fdc105bf1a08,30;30;30;30;29,,,TRUE
932,3,20791747,86c2c0a29386c3c2896873754a2f3dd68189d8655fd430abe8d7faae88ac68f0,30;30;30;30;29,,,TRUE
932,4,20801747,793dc15339f7bf315de82f11356072c898e4eb5dab92eb39e0b11cc6a8166e1f,30;30;30;30;29,,,TRUE
932,5,20811747,afe15aa3f6bf008892a6fc65d5658df55e244ebf78b3369d90f952320c14b7eb,30;30;30;30;29,,,TRUE
933,1,20771748,a15c9780939c19d14d21654e3b675d6f3562656827cb0678d00779e89d10edbe,30;30;30;30;29,,,TRUE
933,2,20781748,57c6fe281e79e2c9c3c8f222e9867e48413afc9f99732643e036ef202a42e5a3,30;30;30;30;29,,,TRUE
933,3,20791748,dc1d3ed385805f42b9f8325a746d837c77355ee803b176fee6d6cc310d9ae398,30;30;30;30;29,,,TRUE
933,4,20801748,57ce5ae8bcc1a5f3ce411ddbdbe70d4107534e92896dc468b2f811c1e3937eeb,30;30;30;30;29,,,TRUE
933,5,20811748,2f153a37039adf48e8e132cbd9ebc119da94eb87fd9c8a7f1c0e62adba8e43af,30;30;30;30;29,,,TRUE
934,1,20771749,35ea1e7641f170616c72083f60b1f9c126c95d69e94b3f8a4131264e697405f0,30;30;30;30;29,,,TRUE
934,2,20781749,05ca237c2cc931e33f9d638e904380e00915497888c51d8268d53aabeb36594d,30;30;30;30;29,,,TRUE
934,3,20791749,f080b6f48cd03c0b938dd6d90509f7b9726f33e5a50bd6e3666ce6118f290733,30;30;30;30;29,,,TRUE
934,4,20801749,c3dcd4b126d917cd594ac49dd14f0501024a33441d0575f5277d5b85b5c2d8aa,30;30;30;30;29,,,TRUE
934,5,20811749,001bc0e8bc6e4c66e629e3057ca65083dadc088b0e60ac8fa55af15a1661706e,30;30;30;30;29,,,TRUE
935,1,20771750,91305b836c0eee63087739983cf9f16cc0c9c653a1217bd5df22101dd36f941f,30;30;30;30;29,,,TRUE
935,2,20781750,6c40534cde5f16be922ad847cc87f7f604796ff1326faf370bd708a752f782ec,30;30;30;30;29,,,TRUE
935,3,20791750,f7e7265e9818e1cae3afe6375984e26b3b599ec224344bfb4c4bf4707967b590,30;30;30;30;29,,,TRUE
935,4,20801750,c1f415e373a04da8a0e6e058926c1b9d392a7e9abc955ae85f4235042588d273,30;30;30;30;29,,,TRUE
935,5,20811750,254d25882a6a896b74ab9147e9c734beff19fa6caa4814451313bb97f35f784f,30;30;30;30;29,,,TRUE
936,1,20771751,40dc969153dc7b50b361060583a339a2506e5d7b25453e4be0b520453c38c4dc,30;30;30;30;29,,,TRUE
936,2,20781751,6eb583654d5db218b7ca5bd9be4bf2101448e9b5c685ec946c07eaa2204b65c0,30;30;30;30;29,,,TRUE
936,3,20791751,e6d520772fade00d864b017548b664aef610051bded122b0f3ca6dbba46dec07,30;30;30;30;29,,,TRUE
936,4,20801751,f67d534883c95247389aefc8a6f8c39f5a10319b452459374ea132d7f0ae985a,30;30;30;30;29,,,TRUE
936,5,20811751,6c8ce1ac939a114a43e1a68773b9f807f3976ba7726535ab6edcd8de5fef5017,30;30;30;30;29,,,TRUE
937,1,20771752,d4bbccd69b08b817e9d22815402d789bafabcecac0c28f10aaca1e958a92eba2,30;30;30;30;29,,,TRUE
937,2,20781752,d8c3ca854557c2454c7363da7c5fed2a0cc3976d21507f22119ae2063ff2b085,30;30;30;30;29,,,TRUE
937,3,20791752,42750e7cb711c833642ccdae2ff4d3407e4444b4e4e31617268d50f4b97cc6ab,30;30;30;30;29,,,TRUE
937,4,20801752,b1924da3c28908062a674b2823bcf34d63bd52c26c4c933b57edc244d9b6a429,30;30;30;30;29,,,TRUE
937,5,20811752,62a0de01466a731f14d8c192c42e06e7ec15de24e37b414b1fc1701cca480f95,30;30;30;30;29,,,TRUE
938,1,20771753,b267cb8c60fb6fbf3c75db123cd5958202acac12af06913b424232a848e6880e,30;30;30;30;29,,,TRUE
938,2,20781753,568571eb33a845eddd3226ef2815492604ff7f63f0a56aac0f6e3960543f1c42,30;30;30;30;29,,,TRUE
938,3,20791753,5633467d100a3844dd15e7164a5f875d51a1ccd912239b70be42eab4a574d97e,30;30;30;30;29,,,TRUE
938,4,20801753,cfdf3c33c0386109d6726705463d89d0c8461b1c27eeca66eab120f509ed741b,30;30;30;30;29,,,TRUE
938,5,20811753,25de2da2f80c42abb4792d1780d6f40a3a45375f4d0f4e1cbbfa5ced1d8605d1,30;30;30;30;29,,,TRUE
939,1,20771754,5b73d2eef3872c75682459cb15e377e791acdbdd2ebf4d18a1741cb9648a45a7,30;30;30;30;29,,,TRUE
939,2,20781754,3d8f60c203f26f7ea350c8bd276cc33e32692c0e4311bdf25bb0baf713110170,30;30;30;30;29,,,TRUE
939,3,20791754,834b3bb042f32fb53ffedd17d425585360234963e54decbbc7d244155a791faf,30;30;30;30;29,,,TRUE
939,4,20801754,36bcbc54776e041a8550660f60bc5f2ccc69472c69746f4e6313db2a6395b33d,30;30;30;30;29,,,TRUE
939,5,20811754,085557e33f28cf21f09f2a7be75eb8f24bb45f30863e718d43a830d95cc32e80,30;30;30;30;29,,,TRUE
940,1,20771755,d4e3b19f8edd321ae2af6441fa8b92e78841c7be30ec974bd25bc26ec2e8a73a,30;30;30;30;29,,,TRUE
940,2,20781755,56a06af50856c6e163047a5ccd448b5e2c9bade080aca44c2f22d8e7a13251b5,30;30;30;30;29,,,TRUE
940,3,20791755,60ec5b31868cf7d1d2a5821bebd2d2584875e710a38ad7729c4e20a6a1614f85,30;30;30;30;29,,,TRUE
940,4,20801755,282adf6c693bc3dc07761dd6ffbf8e4426dcdb94c57ed6dbe7a2b8b46fc27509,30;30;30;30;29,,,TRUE
940,5,20811755,07f903b62a552d754f4df4966337bef2e20ff164a88e8a0bf9fa0e100d573960,30;30;30;30;29,,,TRUE
941,1,20771756,05b6068f963c96eff6d51e8a8a661e9cb221994b7e5d75634d4b822df88cab32,30;30;30;30;29,,,TRUE
941,2,20781756,41e1426be9f14c16d8b29f86e7f8d9141ede0a7316a6ace973a01d71e0c323b7,30;30;30;30;29,,,TRUE
941,3,20791756,8cad8a4b26717203f854fa1f4e453a9040fbd31eac913ff8742ce1b30635b663,30;30;30;30;29,,,TRUE
941,4,20801756,67c5a1a8680a438db53f32ba5e2a733b9518c369d8972f6a465e75474eb64698,30;30;30;30;29,,,TRUE
941,5,20811756,8bc24ecb03bd262eb8a3bafa80fc577a428c30932bb52599cc9ee4fd1fb8d9c0,30;30;30;30;29,,,TRUE
942,1,20771757,f6a04178e0a0b340c26da4ffce8ac4521a7cf7a4a7046a97fd595c367e69c0ad,30;30;30;30;29,,,TRUE
942,2,20781757,712a7a1b6922c76fa38a6e85875f3cfeaa4fb18be0509b8dbc4cc7ab2dac2f7c,30;30;30;30;29,,,TRUE
942,3,20791757,4563928c314d600162b2bd82cd163245d491048539a3d2ca2ae76a13db732d60,30;30;30;30;29,,,TRUE
942,4,20801757,c8970422e19ae45b3b244635e782388a3159a4032be47472613acdafc3250178,30;30;30;30;29,,,TRUE
942,5,20811757,d75ccc1a3338b46e49d226435e1476816ad6a5c71f0bf74b9e18e9c1873c819d,30;30;30;30;29,,,TRUE
943,1,20771758,277e573eda768a17d9c9e460b4e2cbf4c63a659f71e83d5a5345cd1e3dc96826,30;30;30;30;29,,,TRUE
943,2,20781758,f7e468309b36de80cb6e980282cc98843a879bfa1eb5f767610841efdfd0a9ce,30;30;30;30;29,,,TRUE
943,3,20791758,5f96826f536f6160f7ab1f6a70c075c4d90a9d6fe889f9c322b2d51df978f695,30;30;30;30;29,,,TRUE
943,4,20801758,84c0e07145137eeb8f5ef9578116fa523c7562ba65ff375f979fe7521f5cb2e7,30;30;30;30;29,,,TRUE
943,5,20811758,93dc80f5e6f3f112a49a6169fb76648d8098d440cafb0ea2928bdfd93dd63b77,30;30;30;30;29,,,TRUE
944,1,20771759,06ff9e6dd313a741ec7cf7aadd0a47812ba1902cd48fefe63d7add3b6b67fba8,99;99;99;98;98,,,TRUE
944,2,20781759,352119950f73792321cf29eab40ad91ba613a60bd302d48804760e17c9c4386b,99;99;99;98;98,,,TRUE
944,3,20791759,7ed4605ce8fd45497f50e6da3a8aad56c6c10126ae652ceee775a72b9f22922f,99;99;99;98;98,,,TRUE
944,4,20801759,214d05727bb033259132379cccc4c657570711268e0921bc80943e4e96da1c6a,99;99;99;98;98,,,TRUE
944,5,20811759,8607090890297ae869310611cc61db34aa4c7369bf42f08f73b3094c256c9004,99;99;99;98;98,,,TRUE
945,1,20771760,bc7df1ffd82689eb31f928a4777c35f44dbf467c929dc716d2e8323df8db6469,99;99;99;98;98,,,TRUE
945,2,20781760,9b1f7425218bb75decadae4273a7f6a16bdd5587db6a70fe381fd55a4ba8d687,99;99;99;98;98,,,TRUE
945,3,20791760,682fe96081bfb09ec49558a9da35b98cc01a5936b87d8e8bfcaabd608bf5fee8,99;99;99;98;98,,,TRUE
945,4,20801760,95fdee11c0e5734fc2d57736e6f669c964603c179196340564f0053fa8728b1f,99;99;99;98;98,,,TRUE
945,5,20811760,ff4b3bdb1d228b7a1a18e0f7b241722841bacad603b18267ce7431386773039d,99;99;99;98;98,,,TRUE
946,1,20771761,31720ac98d609a71786634585d27b7c41aa55c7d476b44fdbd063fc7bf075f01,99;99;99;98;98,,,TRUE
946,2,20781761,f3ab7df7011af5ebe00f004f1e28e6174e30a16dcfc09e0f7f5897af52448a9a,99;99;99;98;98,,,TRUE
946,3,20791761,dc2b8f33860b7cd29e4b2d354d84e634509f5aaa6651b570633666d460c0ddd1,99;99;99;98;98,,,TRUE
946,4,20801761,3b9ebe2dae67d64d4de2b0aae7b163dbbd7ac77deaf5fea44a05336c99858fd8,99;99;99;98;98,,,TRUE
946,5,20811761,3838c78bfed3b477cc051de1907dc131ad9198da9ac8a257905581301a3757a7,99;99;99;98;98,,,TRUE
947,1,20771762,edd2a8f76bccd83177647d5c0790ff8c93d09271a522417aa06294e2443d6699,99;99;99;98;98,,,TRUE
947,2,20781762,09ef1aa079e7b8e7ac22fc51b5f69832d352758f2a92901e4260898ef5456c59,99;99;99;98;98,,,TRUE
947,3,20791762,2598579d3ff2b34e54a11020a382fbafb0486c84344429215848a611621714b2,99;99;99;98;98,,,TRUE
947,4,20801762,3007c6a2782314d0aa262db94f9a13de31e963c05b7fd256a6f1bffdc3f7737f,99;99;99;98;98,,,TRUE
947,5,20811762,b8c263add00fa5399cebc5c969f0067c87178c0acf968129eab72b7ce81a0530,99;99;99;98;98,,,TRUE
948,1,20771763,de3b55016a8c8536d8884f7b014c2699f307196771df99cf68242b0f425d59cc,99;99;99;98;98,,,TRUE
948,2,20781763,af32bc57cc9f50a5e7909904d8c90ff9d14189c24186ed0b63c3d219766a1362,99;99;99;98;98,,,TRUE
948,3,20791763,e7c8ee219cc363d7f4abf2e93ba1d5529040209c6427206fbe5cc7df4654487c,99;99;99;98;98,,,TRUE
948,4,20801763,4fab14c9125072695baffbf9f5c13cef745abd0f5e4ffe5c09f9d14bfdd9c5bb,99;99;99;98;98,,,TRUE
948,5,20811763,0843f63e0081340995e159d5b426cac72e64f450b1d0b5b97f37bfae04a30e53,99;99;99;98;98,,,TRUE
949,1,20771764,af03cb81bb433d754e09ca3f4d10fcea2a2855471180a2d19981e456bbe3db6d,99;99;99;98;98,,,TRUE
949,2,20781764,2981d17f9c2db5d95aee53686536894f609fc459799e6fcea2a0f8dd0c242379,99;99;99;98;98,,,TRUE
949,3,20791764,deb6c73ab0fc1449ffa34d4c0b3978271468b66a43a360f039f9379e7dd4f7be,99;99;99;98;98,,,TRUE
949,4,20801764,54b1e1d3f21a4a2f3f037b62e28969033784508bbd1abb43e67eb1b5f3ef9bea,99;99;99;98;98,,,TRUE
949,5,20811764,c652657e28d268a85b6faf3b797d543ecf70dfd07ebd65f7448c7d24e25548f3,99;99;99;98;98,,,TRUE
950,1,20771765,d443bd5321f26bf2cebb485692194bef5f330bba91d3ff5d8eaa703035966489,99;99;99;98;98,,,TRUE
950,2,20781765,3f24de4819dd2f18f66f12bedac0e2f0e035c410f72a412c7d7d9cc86a55a563,99;99;99;98;98,,,TRUE
950,3,20791765,264ffaff48821e884e636f3f52369df66bb11b9e6afe212e19524b0626ff647b,99;99;99;98;98,,,TRUE
950,4,20801765,6c3340284df33bfcfe524ef973e35c4c7a52528aa31074637c4a552892fc395c,99;99;99;98;98,,,TRUE
950,5,20811765,ba8d7bc8f1e15efaf0a9dea65115c72b062315e4db0501f29dc90582c7670d79,99;99;99;98;98,,,TRUE
951,1,20771766,3f940f3de84ba122b3e4d54450c1190c382ba6780e09bb8f2509d2a5c12b07d3,99;99;99;98;98,,,TRUE
951,2,20781766,7af92be03ef8112eada87866ebe890d230687a09cf7ad4216e673a8c33877625,99;99;99;98;98,,,TRUE
951,3,20791766,554d9d1f128ebc61ed0ec9d2f750dc8996ea935118a12d8151605d4a86eeb162,99;99;99;98;98,,,TRUE
951,4,20801766,3ea9d9d078778a394ac75de08977dd345910c37474baf5631c416da478b7d2ae,99;99;99;98;98,,,TRUE
951,5,20811766,9787004eadcd4e6f82ab5a800650a742e1aa1670b47c3040944e7315b2540ae0,99;99;99;98;98,,,TRUE
952,1,20771767,8434d615a490cec0902f8671ee0534f56524599dc3cfb626f92e88d4c874b242,99;99;99;98;98,,,TRUE
952,2,20781767,9f09af9ac821febdbb6aa6ceb6fe0faedd7302dc86743ea024ab6d83dd6ec1d5,99;99;99;98;98,,,TRUE
952,3,20791767,aedfa04e9ac2ed51db2bf29e3abf2ac76db6f5c5057fc8c84319e236f4bcb298,99;99;99;98;98,,,TRUE
952,4,20801767,1e58f8bf465352947537a0529e28d0441c8856e1a37569d59d1e5323bd918feb,99;99;99;98;98,,,TRUE
952,5,20811767,ef3d7ac39b61e8e685e7b8bd790ed91851290916470e9bb0f29db48c21955c1a,99;99;99;98;98,,,TRUE
953,1,20771768,76169a58a766bd5f78f15fab53f7b189cd1a7b35ca65450a8f263379717b67bb,99;99;99;98;98,,,TRUE
953,2,20781768,5147ffdb32f106e9a521aa093f934bcd6fb23e615dbd14f9d4ae88abbfddd7a8,99;99;99;98;98,,,TRUE
953,3,20791768,ced222f0e5021d0c8f4eb11f4fd36d7f57074ffda34864a87497863223a0de1c,99;99;99;98;98,,,TRUE
953,4,20801768,3b36519b1505f592da9787fc867cfa42f57fab3a7fc5c7fd80fd650cc259e2d6,99;99;99;98;98,,,TRUE
953,5,20811768,3fa434e8dc576a690bceb5979e1510d5bdeac99f39f2581d4b28b343ab1bed9d,99;99;99;98;98,,,TRUE
954,1,20771769,d843f652de4a103150e43d2d298208cb5cf17195da56d8ebd93027ea31791477,99;99;99;98;98,,,TRUE
954,2,20781769,2d581a081505edbf1f6bfcae9d5bf1b4ad9b30f8ef7472c1b23a16964171b9a0,99;99;99;98;98,,,TRUE
954,3,20791769,31f34397f619f003de89d3abba0a2f7a82dcfe209fa99e42382c662baf212fc3,99;99;99;98;98,,,TRUE
954,4,20801769,bb4fe4b01b4f52bb17c19ac611769969ca437fa7e5ff5dc1bb9141f9067db3e4,99;99;99;98;98,,,TRUE
954,5,20811769,3b4f3e09e36daf1689815da62ed7ea71dce6092471021bd75b405c2b548fbd16,99;99;99;98;98,,,TRUE
955,1,20771770,706f99035ffada8483176b7d0e67f65f7e5c540b79a35e249f2b2e71d7d7fb1c,99;99;99;98;98,,,TRUE
955,2,20781770,9d2a06fba07111691b0524bb5b2c7d4e19483e14ca154f76fb36c95065ff28c3,99;99;99;98;98,,,TRUE
955,3,20791770,2cb3eeb30b10655a812f49f008f4325bd9d4877269fe73f894b2f1ebd6be60d2,99;99;99;98;98,,,TRUE
955,4,20801770,a133da11d9c6e82b8a1440d6281cd3675f9b21da7f91811d98e93c72ec8d081f,99;99;99;98;98,,,TRUE
955,5,20811770,84b6cfc9dad855182f8449682d915ad9f3f259c477a7a657110f14ceeb36ec5d,99;99;99;98;98,,,TRUE
956,1,20771771,b030dffe20a672836817f4c1134095a750788ea26b80056fb7e399fda609766a,99;99;99;98;98,,,TRUE
956,2,20781771,0c909fbfc4abb89ab7db0c895261ac03a129ff6eca907fb45c1cabbd6a3741d7,99;99;99;98;98,,,TRUE
956,3,20791771,8ed7b3d06fda208ee3c93f9eac7bb29c3313b01a950848e865c392acc84f5672,99;99;99;98;98,,,TRUE
956,4,20801771,30b34c7c65c90cb5ede1e191dea0a2911abf594c0d0ef5a6af8cc8b1af859f54,99;99;99;98;98,,,TRUE
956,5,20811771,aa0ce1a4c1a5af59c6395bb2164027634c8a5671b9964ab67a487d97fef5e283,99;99;99;98;98,,,TRUE
957,1,20771772,ff33e18b55d40230fa7210330fed893554cb7f959af373868f4ae92c5a060d4c,99;99;99;98;98,,,TRUE
957,2,20781772,bf9c31778d6fca0d862354232fdac5e8370afd62473b38eaaead5f8f4319abb1,99;99;99;98;98,,,TRUE
957,3,20791772,06bbd1706ffc340a2289dc001960adb973ac1d92b45c7becde5827257d02160d,99;99;99;98;98,,,TRUE
957,4,20801772,14fcbc62556318a4607ac885d55b1ec2cfe6c01af7075f14179443f96b23938b,99;99;99;98;98,,,TRUE
957,5,20811772,2c177241eae1f1c993cbe5c9d05ebef08429e6c3bba252e8d67ae9346ccd83f9,99;99;99;98;98,,,TRUE
958,1,20771773,8c6f9357f2a87247eec2ed1d8a63085548d86704b000fd3816d9f46c2b5a6e17,99;99;99;98;98,,,TRUE
958,2,20781773,619304849d293a60dd0741c5fa04e2225e5891d2a37af8f83101a55208648932,99;99;99;98;98,,,TRUE
958,3,20791773,30db9c2e1e6c1dc9e121aa5363f483d5a4d1ff251745e34e31f5c75310ed3783,99;99;99;98;98,,,TRUE
958,4,20801773,a4cd667840197186663fc068844390577cd9d138b0371781c100583b2d007446,99;99;99;98;98,,,TRUE
958,5,20811773,c5f91df634d3e593a603429944a24fe07599eb6ee677597e290808818feda31e,99;99;99;98;98,,,TRUE
959,1,20771774,e9c870336fe761083534c4eb4e4c024e9ff63e7eb9d6d778b73cfa5e3c06619d,99;99;99;98;98,,,TRUE
959,2,20781774,7ee15011a4a47f21c97dd42b73391dabd7e89658831bee9eed9c41cce005d945,99;99;99;98;98,,,TRUE
959,3,20791774,2f8a5c1be940030992a404c2e063a25c3eecfdc7692df37d18b7022d2d2c2042,99;99;99;98;98,,,TRUE
959,4,20801774,e1c7774b34518d970d314a109f800b1c886045a7c05e951b119761aaeef41048,99;99;99;98;98,,,TRUE
959,5,20811774,3d9c91c7cbe2e23b2fd9e6b4fbf34d8eb5a5074dd3bff86035379a01a9582ae8,99;99;99;98;98,,,TRUE
960,1,20771775,f86b39bcf5a938bfc55c407d98c23bfdd3f793b3751b9b3d07cceec5a07ea5dc,99;99;99;98;98,,,TRUE
960,2,20781775,9268baa23b3f24c5e941a4630d77507b3fc9af0eb4a144c9679b3f5348a169ba,99;99;99;98;98,,,TRUE
960,3,20791775,2665c8e1bc6cadc508e628e7cf91dc3931a6b0fdce317a622abded4d6a887e9a,99;99;99;98;98,,,TRUE
960,4,20801775,94cb966259cd9f51716f534751eca36b77376528ee779238a6c76067e5687ffc,99;99;99;98;98,,,TRUE
960,5,20811775,93c9717a29810b551a58d5031cce6feb750afb1e1db270c343d0e85c51aff231,99;99;99;98;98,,,TRUE
961,1,20771776,47a1adbfddb016be8933c9b30ab5f1d8752f96b0d358a5a4881de8f3e22e08ec,99;99;99;98;98,,,TRUE
961,2,20781776,b7c01468d1bf87aabeb8c11f48b5321f6cff8d495bc0ac8538c9340d5908a8fa,99;99;99;98;98,,,TRUE
961,3,20791776,e259f7247de8cda98eb71151ce65afed5cbef2d20ef7184267317e1cc48f2e32,99;99;99;98;98,,,TRUE
961,4,20801776,ba30050c23c03f7ce6c4959a26cccd3da89d42d1e396b2b99075a6e96e288f94,99;99;99;98;98,,,TRUE
961,5,20811776,7ab56e796ee4c38e024fb188db6cd1728695c208088d6624028d1969622315b9,99;99;99;98;98,,,TRUE
962,1,20771777,dbaba71b7b9b5f3002fd3ba99c9cbba3e524947e63f70e27a0cd5c96bcab7a43,99;99;99;98;98,,,TRUE
962,2,20781777,8ece1eddbdf9eb335008857f08de7540ba3886a71f6de8aab333fe997d676dbc,99;99;99;98;98,,,TRUE
962,3,20791777,ae574957932e767f496e2b9753471dbec7cbd653baa280d9acb442ba9f513852,99;99;99;98;98,,,TRUE
962,4,20801777,388656ff74b1eb169286726230812ae2046e4796e4a8853b79fc6728a0adb86f,99;99;99;98;98,,,TRUE
962,5,20811777,f186a7a34cf3aea4df76be1395e4442887351fc38d551dd8e4f6fe81b54370f4,99;99;99;98;98,,,TRUE
963,1,20771778,4cf7a081b18776b9b4b7f963478f7cb4f9cc88de320325c4d252ee49f7a981b8,99;99;99;98;98,,,TRUE
963,2,20781778,7c32cd2c76c57455dc8ce94b906e037ef4638d9a0916bee94d6f75235f55fa0f,99;99;99;98;98,,,TRUE
963,3,20791778,0e31c463224fedfadbefabc93d4d31d47dfdf8abf479a18ac04a5a91b5f2ffcb,99;99;99;98;98,,,TRUE
963,4,20801778,9f2d0d96a104ab759e97f29c0f9aeef4cdf837fd1ff40244805f947368e7233b,99;99;99;98;98,,,TRUE
963,5,20811778,29f5ec2359ba0ce4a3c4b088be5dc48e18fd385b1499aa6723767f64e60b74a4,99;99;99;98;98,,,TRUE
964,1,20771779,34790cd140c93b836cde912872433eb687462ef9ced73061b36285fd6bbd3a36,99;99;99;98;98,,,TRUE
964,2,20781779,e0d4690838d58efb2d12e4043f625dd80e1cf50f13522e33801cd5c5439d4ec7,99;99;99;98;98,,,TRUE
964,3,20791779,8821bfa4ed1f24178a9506ae8adf25d348b1eaa12e9d7da018591b99893f3c7b,99;99;99;98;98,,,TRUE
964,4,20801779,0895ad18bf6760b594eb6ebcdd03a1fed2a9d5245d847df8e68a039d6aeb9e7e,99;99;99;98;98,,,TRUE
964,5,20811779,5d561208dfee4ded2ac5fcf5e5c4157c47366eb404ab78e161a69339578ebd12,99;99;99;98;98,,,TRUE
965,1,20771780,e835a7af30c788cd8cea628e0763aa6033ab713fda96c38ec2b15bc51cca3395,99;99;99;98;98,,,TRUE
965,2,20781780,5754724fd2d8820ede6124815533578e6aad4e4c45b7273cd651eada2f530b06,99;99;99;98;98,,,TRUE
965,3,20791780,45f47f244a25a2567c462921494cc5af0876631559989a5d74f435b4e6b2b31f,99;99;99;98;98,,,TRUE
965,4,20801780,2c438102dbaec0bf2e0784fcfa9a6bfccab7552b5a12eba33f9561881e7ddd78,99;99;99;98;98,,,TRUE
965,5,20811780,295a7adb345ccc1b29a15034c482707767e3bd1ef4f2d56ddfc50c860a12ae1c,99;99;99;98;98,,,TRUE
966,1,20771781,37132016b25f8957a55fd1bc95d634ea82ff815edc73790af6f47906fbd18739,99;99;99;98;98,,,TRUE
966,2,20781781,3cafcb504b3c60884183e101c6cf14c06ecbdcbb616ea37c25a6e1a87e563205,99;99;99;98;98,,,TRUE
966,3,20791781,b1fae6a2a331097e40979ceb1e1a68faca2951607517ffe7d4276d9522be508c,99;99;99;98;98,,,TRUE
966,4,20801781,deedd7875213b15cd512fd8911c86147f4228292472582c2bbf92d5a9b8d72e1,99;99;99;98;98,,,TRUE
966,5,20811781,caed14aa2f0c2d002698d7303dc293da322caedd2b2923b7cb9787c198eb15b2,99;99;99;98;98,,,TRUE
967,1,20771782,4a9827e890b0388dc3808b2fa758994f92faf6434e560997834113c3e2333f00,99;99;99;98;98,,,TRUE
967,2,20781782,626849d16108e901ba0f46164613cbe47d70f266228116534b150d8c9beebef6,99;99;99;98;98,,,TRUE
967,3,20791782,36b46989ee895bc517904547c2544f70aeb8ce4f29b8a8aef57d4da15d594886,99;99;99;98;98,,,TRUE
967,4,20801782,5e4fd39805d87d8721cab6316ba0a58606a6411691f89de3bc9ae8fa3b3e37f3,99;99;99;98;98,,,TRUE
967,5,20811782,62fb6d637a6bc4ab99e695c7d34d9fcfc4501fbcfa7754e8e570b524ca130092,99;99;99;98;98,,,TRUE
968,1,20771783,2617ea53f4ea8f348f1ee3db2d0f984e55d51af7abebb7918b8cb005c1a0dc45,99;99;99;98;98,,,TRUE
968,2,20781783,2086d20663a346b0c3e8771ba2a861ae369856ffac8b359f029cf2b45cc79cca,99;99;99;98;98,,,TRUE
968,3,20791783,10a59345c38606f3e051d3884630310ab387df57cfd32bd0711f5cf515b0b739,99;99;99;98;98,,,TRUE
968,4,20801783,51824257a0845257605291d767903dadbbbac4eba64b7dbe77142dc47c71388e,99;99;99;98;98,,,TRUE
968,5,20811783,54684ffa3c211554d31f9e541a459d6b003f7e2bc2e3a71921ac36924c191575,99;99;99;98;98,,,TRUE
969,1,20771784,51e000d51d0ea911d97c4cb54cce91e1b773b8ca0fb7f1a7174cc6b1ff5b9f2b,99;99;99;98;98,,,TRUE
969,2,20781784,d4c55a02e20098d9d0742ca61c5f284cb10f7972534d0019fb60af8f8efc713d,99;99;99;98;98,,,TRUE
969,3,20791784,333ae57b890117bf26ef86f010e36062faa8456d042b9c3ff3c17e7b15b88f3d,99;99;99;98;98,,,TRUE
969,4,20801784,6e8756860987537925dfb5a0637a4562420de2acd7b39a93422ebaaf049c844b,99;99;99;98;98,,,TRUE
969,5,20811784,966f67f1bb894de639130809e0e9aa241cf81955b4e2fb4e4d3505b8b5f7c1ed,99;99;99;98;98,,,TRUE
970,1,20771785,355c45534a3b07f1d0f91d2cf98667c3cecb764d8aa382ddbe9af82da1dc64c9,99;99;99;98;98,,,TRUE
970,2,20781785,7664c89e08baab50ded0051da15ec19567040bb490dcd84e1fe20a9b9c63418a,99;99;99;98;98,,,TRUE
970,3,20791785,ff52cf1b5fd5a59ac23832a599b13190133639e8d871622e0ddaced081f7b520,99;99;99;98;98,,,TRUE
970,4,20801785,3f1f0081b72b82432dea79666eb52e7fe2e219f983f48598adfdfffafc34856a,99;99;99;98;98,,,TRUE
970,5,20811785,48e76f95d2d1168d675a21f96cb5aa664e40378a14ef31a0daac01457d14c96f,99;99;99;98;98,,,TRUE
971,1,20771786,11e7bd748707ba0617767b9602def3ba4c6c95def2642478fad8fa8d42f0f32b,99;99;99;98;98,,,TRUE
971,2,20781786,05425bc9af4f54d332af328f3e9c91979bc829551cb66e298739a30bbf9db0ed,99;99;99;98;98,,,TRUE
971,3,20791786,35aae414229bf28e91e4c7cccdbe5a20ae8b391137378ddbc81344da5489cb69,99;99;99;98;98,,,TRUE
971,4,20801786,a09ef8dc8f415749794debbfc27cddaec4349f54bdd471d097b969534e8d9528,99;99;99;98;98,,,TRUE
971,5,20811786,f793901464fdcfb5f4cd9462fab9ce8854f70fdbe4790beac80b2a7df3f8fcae,99;99;99;98;98,,,TRUE
972,1,20771787,f786315cbe23eaecfeb370d2495960f7971debdbd8db1fa75ffafc913813c943,99;99;99;98;98,,,TRUE
972,2,20781787,548b6a80e3127c0a32b3ad8f0aa9a67689aa40ef4639b4c91e47b9ebf37c43fe,99;99;99;98;98,,,TRUE
972,3,20791787,5290a1b1f02d04c7e3521c8ad9275b997125cafdab08f3533ecdec17002671e2,99;99;99;98;98,,,TRUE
972,4,20801787,862789bc416e1bbad215e213ecde927ab192add5299b38f5a45e3152369a2684,99;99;99;98;98,,,TRUE
972,5,20811787,04904a8b0b948b169f102b20e7825b92f868d73aeace0d01b9d019363cfa5cad,99;99;99;98;98,,,TRUE
973,1,20771788,d3aeb4d21ec4cf0939fb472176a82272c831b08b8dd9a16fc4522440250f605d,99;99;99;98;98,,,TRUE
973,2,20781788,1f07adefa1577c8ea92a62401737fef36a809e66616f1e62a1c7adebbcd34c2e,99;99;99;98;98,,,TRUE
973,3,20791788,baf41259e77a5c6deeea43f6983a8ad9cbff179afd957aa9a7cec90d61f10189,99;99;99;98;98,,,TRUE
973,4,20801788,8db932a5f4fd895eee4f0b94bd5c7644f55e3ccb1af715d437e5a8f668e5c8ab,99;99;99;98;98,,,TRUE
973,5,20811788,8853935b89653f38f47f8020299033a8f03159a611437e825c23fce69e9194ea,99;99;99;98;98,,,TRUE
974,1,20771789,559e279aecab20caf4fa4f3537eb2f38e9be9638fa4c752f4d9f4e45382823ab,99;99;99;98;98,,,TRUE
974,2,20781789,92ad38a8814547744ef07be8c2843075caa5775b7111c7886dffb402ce6542bf,99;99;99;98;98,,,TRUE
974,3,20791789,1add0d206aed5cf505f43bd2c82d676f899e7f56d55f7859bfdaed89959ad51a,99;99;99;98;98,,,TRUE
974,4,20801789,687c80736df76b1d7b54b1e54b649821c3e08ae53d2e8001f3c2e434f1eecda0,99;99;99;98;98,,,TRUE
974,5,20811789,6f8cd385dfc39c9626a37dd0771dbe1ca294069217f6510b65859dfadc5f14d7,99;99;99;98;98,,,TRUE
975,1,20771790,3244971668a514b161f14cc7f495baf860cf30019322cbe47ea805a51b34fdad,99;99;99;98;98,,,TRUE
975,2,20781790,bc8cb8d1ac13979a66c1b1fd92e0a549c1125af5ed1c70e1cebfcc7e6b67f140,99;99;99;98;98,,,TRUE
975,3,20791790,92ca916eabde06dec48526a54f32166d7b8aa38c46c9225c67103f1daa8333fa,99;99;99;98;98,,,TRUE
975,4,20801790,fc76642b38bd67952e5922e2f791f6e28d13a2a5532374132ab51842bfe265bd,99;99;99;98;98,,,TRUE
975,5,20811790,00e0c7a56d73bc3812b72a1bd176872df95c93bce5844a2a4b6ed8ad7d9bb1f9,99;99;99;98;98,,,TRUE
976,1,20771791,97c0d0284ae202f4b322c7235fcf7df9c2d82700de62705403c56a1e21ac4d0c,99;99;99;98;98,,,TRUE
976,2,20781791,1c65e33bf930adf8737e761a02c107197afd739cb9377d7f7021df068a7f6ef8,99;99;99;98;98,,,TRUE
976,3,20791791,f8858689388c8774b1a0b4976ba040863ded3ae6b7d2fe1631efaaa03c1efae3,99;99;99;98;98,,,TRUE
976,4,20801791,a5685f218c8245c28fe911aa5fdc5d7f32b281040e63dbcfade4e372d288ec81,99;99;99;98;98,,,TRUE
976,5,20811791,af129ae3e1a4428ddf1fce2d7222c2580b62c5a7f3e824618796602aafbe71e7,99;99;99;98;98,,,TRUE
977,1,20771792,ab793e0fcbf5c80aca3eb79ed2f7dcba379a65d86d3640dc7dbbb4bd7d7704ff,99;99;99;98;98,,,TRUE
977,2,20781792,12ebb20c4593a564fcdc1cc17871c4512b77e81858c4c21d3eab947be8c90876,99;99;99;98;98,,,TRUE
977,3,20791792,7cb7ccc3fedbf8eeee007bd93d3d77c0d8010b2a3d4e2f2f9a2e6c4ac3681dc3,99;99;99;98;98,,,TRUE
977,4,20801792,82fd318417a638b7cb40305f03ceb0fb6a97f0a5ae136c677e815f2e8c92ab0d,99;99;99;98;98,,,TRUE
977,5,20811792,97355a2eef5a5cd697bf0356f6858901b0884d24d4fd1d09646c06b35dc15eda,99;99;99;98;98,,,TRUE
978,1,20771793,f3fee15feca2565cd6dd92c9da7900e8b9e165a734b8478d378ca8f884fbb2ad,99;99;99;98;98,,,TRUE
978,2,20781793,3ae83c90b8f76625a11f70fed2334feb19a9ee0bb656b6411ae570e9216c8a0e,99;99;99;98;98,,,TRUE
978,3,20791793,661ec52155af08099d0f7ab1f7d5e8a02abe27231973f7c7f2c546f6cd3e5bfe,99;99;99;98;98,,,TRUE
978,4,20801793,9821e7e2d048655afd2e3492c713c4fecbe9e8133a5b931d18f96889ca35f919,99;99;99;98;98,,,TRUE
978,5,20811793,02add8e39efa96b4c43695bc3645ec6465bcb247dd9a769abde8c14eda1483c1,99;99;99;98;98,,,TRUE
979,1,20771794,b83a9f6b3b0c1db115c8f12b72b6f7119f973511b4737940a528c17efd434949,23;23;23;22;22,,,TRUE
979,2,20781794,b8d03208c65c800cb71402982f5bd5a2bc03c03c2c3c5a2b9c177d2ec9155217,23;23;23;22;22,,,TRUE
979,3,20791794,1a850eccefeefa6f5315283614911896c5dd26fbd69c3ef7796532e7f820b5e2,23;23;23;22;22,,,TRUE
979,4,20801794,7c4bc569c37479c8ca5d4225d77c82f4a3097a781e2a4e1da35a396c6329247e,23;23;23;22;22,,,TRUE
979,5,20811794,333cb5cad8283f9949f8d0dc994659aba0e1736311f5b0252d9135f9c9a07caf,23;23;23;22;22,,,TRUE
980,1,20771795,81b2ce1300a970c5ee8942805aabfeaebfb10984c1f0edfa7f2b4cd45d0fb539,23;23;23;22;22,,,TRUE
980,2,20781795,8b4c0d9fba75f51f78e8a173f3c883cc4fb8c1ef6daf9334b1f435794e91041f,23;23;23;22;22,,,TRUE
980,3,20791795,41808b30fe6330b36c9577cd62d4c3b6251d9dd5670ac36426ef91f29a6b4d6f,23;23;23;22;22,,,TRUE
980,4,20801795,69b8e4e494ce4bde10d8362e8822f896527cc901c876cbb9f50c2b15359a3590,23;23;23;22;22,,,TRUE
980,5,20811795,364025753d7a520167882114c48fac6e215efa05a97af79ca43eadb5dc193804,23;23;23;22;22,,,TRUE
981,1,20771796,a052defa7aac131da0c12043b44af6a05b56b252c950a70b192b7f2be62c54fc,23;23;23;22;22,,,TRUE
981,2,20781796,505b3a02c0712890d3d8c2335a5f0ebb2611550c51940ea2f5ff69a07c389f8c,23;23;23;22;22,,,TRUE
981,3,20791796,d9889aa17f780a2ab935915c6e26a5c384d833fecdd7969c02d03250eb4712d7,23;23;23;22;22,,,TRUE
981,4,20801796,96be90d3a37ec7d145c3d17c65514d989f13bc7aa80cf33da5f650564959f880,23;23;23;22;22,,,TRUE
981,5,20811796,2d47324c420e35ebaa0f1fe608a18f303298f2537460f786088dc3ea4c9111db,23;23;23;22;22,,,TRUE
982,1,20771797,e6b8cf61a299cb87d402ca1c98f47e51e178ac725620d047e00027ac695ccc93,23;23;23;22;22,,,TRUE
982,2,20781797,1d631758d92840015cd11fafeb47fb5c56190e9c7689d674d24233b0f02c9ddd,23;23;23;22;22,,,TRUE
982,3,20791797,f05bf0e1d4e03e904bd2d18e637565d9c584fa73c4e589d51272d40759b056d6,23;23;23;22;22,,,TRUE
982,4,20801797,eff6a5f7c2d946176eebdb85eb06428387e33981542668e8ef2da0896c4310ac,23;23;23;22;22,,,TRUE
982,5,20811797,1c151091488a6626a4dcfb3ef303c516bbd27a020b5dcc556a46bcfdd7c8c46e,23;23;23;22;22,,,TRUE
983,1,20771798,adfdace03ff7dbd44e23e457084c755b049edf584194f2cd158e10db62a61155,23;23;23;22;22,,,TRUE
983,2,20781798,69077b492ee78c8356619faee1ddab8c90db31ce9c8141738d7b3dbe33a8beb3,23;23;23;22;22,,,TRUE
983,3,20791798,8f7722ed653ea898283ac753cc977ced38de00fa8e57e9d79f9bfffe84f8fc9a,23;23;23;22;22,,,TRUE
983,4,20801798,30898950bc2e843f27f0bb20684e788915933f93cc74af42685cf40df3fc42fa,23;23;23;22;22,,,TRUE
983,5,20811798,cbda4ebdee9ccf8201bcbf42bfd374d31755cc2f04d7607627a34bdab57c721f,23;23;23;22;22,,,TRUE
984,1,20771799,5a9ecd90279a699797c9a62052ab3c4b525d0216c3ed42a6de81254654042b9d,23;23;23;22;22,,,TRUE
984,2,20781799,5cf8000905f0a08546b4e0d561c65e62d039ac6b59a097ef19310ed990c57bd3,23;23;23;22;22,,,TRUE
984,3,20791799,7091dcea959765f13c75e17d5ce6cd7e906605ff20d6a84a8e186284e48ed2ea,23;23;23;22;22,,,TRUE
984,4,20801799,875ecb594aa0dc22734cf233a552d25b6f26f0714115e4328765d7a8976e240c,23;23;23;22;22,,,TRUE
984,5,20811799,986e597eee22fef39fe413e1f330f93015b9a0035bd4498aef154e25681a62e5,23;23;23;22;22,,,TRUE
985,1,20771800,e078d3e5f33c831b55f9ab24a8fb8b2dbcfc865189a59e1874f375519d8765f4,23;23;23;22;22,,,TRUE
985,2,20781800,f4d6a765ef487ee209e46f15121c8ee76f3e121604a5d050b43a736774f5feb7,23;23;23;22;22,,,TRUE
985,3,20791800,5a42dccf25feca6ca4fe051b7d9ce761fb89a6c13005e72120b442b7bfdbbcc4,23;23;23;22;22,,,TRUE
985,4,20801800,e0d37e39ec76f4b1f778b2df01829a193ea61d36c60242bd2e76a69456569a5a,23;23;23;22;22,,,TRUE
985,5,20811800,50f9a089bec3bc072685188de8379cc5177c50e53ebcbb967fa5ad00f01fa4ee,23;23;23;22;22,,,TRUE
986,1,20771801,779352474a6eb384b512ae32fa3ba93a72c7c9c435f80dce900814de377d0bbf,23;23;23;22;22,,,TRUE
986,2,20781801,983592633a2aee10a451930e7be3ec678a2c02983ff6082d49a1598a38e37735,23;23;23;22;22,,,TRUE
986,3,20791801,30d80fbed365138bbb828efd1a6e9e87ccca088f17d3d167615ff842dcad1d13,23;23;23;22;22,,,TRUE
986,4,20801801,c3959406a86332928bf9c660eef25b6d73cedcc95a1a05f904d5ff3d2ef1bdc3,23;23;23;22;22,,,TRUE
986,5,20811801,a4397a1fa670c4666158d801ed4af5bbad66692d0398444228caa8fe35a9f483,23;23;23;22;22,,,TRUE
987,1,20771802,35c7709426edd2aa8f5e46e42368d498aeca828a91f99fcb63c86817d6c703b9,23;23;23;22;22,,,TRUE
987,2,20781802,551017286a3334ea2e0f227be158f5072620e509af7b44742fdbdb2ba0f1d472,23;23;23;22;22,,,TRUE
987,3,20791802,8bee15eb749f6f5ba5e4cf5977854caac6a7f5c2d6b6a5cbd1f5e0d473c52b90,23;23;23;22;22,,,TRUE
987,4,20801802,5e39dcfd5d55ce9a48da6756d1f92bc085e36dfcd86bab381628aaaa221e1158,23;23;23;22;22,,,TRUE
987,5,20811802,89532341864b60ca8c40befa690f1bf867fe7852e3b009b8a059a91e6613bd92,23;23;23;22;22,,,TRUE
988,1,20771803,e4c4142047a5bc8ab7021ed8b2c0bc9d553b9a5cbf9811db382f0b54866f5739,23;23;23;22;22,,,TRUE
988,2,20781803,4bf11dca322357f7343a44e0fbe3cd8c28b12ba595d6d8ef3da69f0999d0f952,23;23;23;22;22,,,TRUE
988,3,20791803,2fad95d206f3132d46a3111230d61842704d4fadcbabbd36dc0820c6bb323b7d,23;23;23;22;22,,,TRUE
988,4,20801803,7b7bf671338419c97c92d9eae0be0209e724206c69f68bbcaf94bb19196c8939,23;23;23;22;22,,,TRUE
988,5,20811803,4bba21b264a38c03f5040810b04b694f6f3755a487344b287a593b2509b232b1,23;23;23;22;22,,,TRUE
989,1,20771804,972ab5222ce9e118bdb472bceea2089fc5f8813792ad8638e965dae675aa6e1e,23;23;23;22;22,,,TRUE
989,2,20781804,8cd37c6150b031852a0ea064af0673a17b1a4275a32d7b0604aca91d3d696d84,23;23;23;22;22,,,TRUE
989,3,20791804,250f583dea322f57e59f5967199f8884ce522764b7d579dae6cad7d8c2561b0f,23;23;23;22;22,,,TRUE
989,4,20801804,52e8e03d83237c8c51684c60e0c6ba88f4c2ee55d3a8b46f8c53925e5e9e00e6,23;23;23;22;22,,,TRUE
989,5,20811804,3de0b33b4991bafa39c2d3760f69a61575f04b773c523ad1b6180304564359e9,23;23;23;22;22,,,TRUE
990,1,20771805,fb9f6d976fe02c03177828c0092c5fd0d2fd2ee41fd789cf4108801afadd0493,23;23;23;22;22,,,TRUE
990,2,20781805,4f4e7fcbf5b076e978d95a48c7439e73c857dc7c20e9197689c63782a4ec6dbf,23;23;23;22;22,,,TRUE
990,3,20791805,37194bd6b00e473b40ecfd45e452bccf9d98d78f9d78667b8ff8d7aeb721228c,23;23;23;22;22,,,TRUE
990,4,20801805,16aa12dddd077c099195fee78a63fa7ea30b4b11cd09d2f6d79a08c58ac04bcd,23;23;23;22;22,,,TRUE
990,5,20811805,a48ed4d7b733563b2a3c02f399ace651bd02cdfc60b94ae70aaa2a1e629cc01d,23;23;23;22;22,,,TRUE
991,1,20771806,4f4e3575630b6079aeb4943a76f582d1e6cee97ce1c268ccc77b847af46259c6,23;23;23;22;22,,,TRUE
991,2,20781806,d194e7deaa0f49e131058633dc6a002d27ac56b0002bd9bff678b39c1f24111a,23;23;23;22;22,,,TRUE
991,3,20791806,dc84442feab0a4d294f72db942c97e2bfe2a96fba285cc7b9aae8a61eabccb8b,23;23;23;22;22,,,TRUE
991,4,20801806,36dbc27699f57a459dbad40160744d90b5d26954eb48442f117d11b1923d661d,23;23;23;22;22,,,TRUE
991,5,20811806,24871fc81f6640f4712283ea368a87bb8a441b190e57f8642996f37603afb3f1,23;23;23;22;22,,,TRUE
992,1,20771807,ebe93cad715422bec71eb79341bfbc3611d77f975bce3e7bc77cc611f86558c2,23;23;23;22;22,,,TRUE
992,2,20781807,17d45f4891c4c76667c1c922d0ec6ddffdf5e6e6142436f73d27ecb94afd3585,23;23;23;22;22,,,TRUE
992,3,20791807,62b97fe086425d2534e87cd78249e5c60a21697d7c4f92e7b407c2fdeeaa9e23,23;23;23;22;22,,,TRUE
992,4,20801807,e750f3475bf500181d55381ed9a1fa11f5a5cf8399a55cd03245cbbc122802b3,23;23;23;22;22,,,TRUE
992,5,20811807,7fc8eb6abb550da40dab2539f7dfbc66822152570660701873feee574fd9c44b,23;23;23;22;22,,,TRUE
993,1,20771808,1ba18402007826e43f844c9fad504d7c1394e42295307f228d7a2f9008601ad2,23;23;23;22;22,,,TRUE
993,2,20781808,af3df5dc1795ade5d3d894a45585623bae8f095a89f9b7a5b69f4f4f48ed5fb5,23;23;23;22;22,,,TRUE
993,3,20791808,68f2386553b96ca63913a7d5cc7df08fa78f70b84e6112e022ccabe6558873f8,23;23;23;22;22,,,TRUE
993,4,20801808,5c43e058bb6e29dd1f4ffc1f358d9c424a4854ae18bb17399d2b19374d902b93,23;23;23;22;22,,,TRUE
993,5,20811808,76a12532364cca96f132f4894c8e0917e69d11d7db82b8a6fc5f2a00e0d02020,23;23;23;22;22,,,TRUE
994,1,20771809,8f63b6b69fe5ffaca92ba0f7dace3cb092e34a61b724dca307776378b9bb10c9,23;23;23;22;22,,,TRUE
994,2,20781809,46888e618f409ddcd9416134ff91f309c0e2fccc51e941ce2a7662f355586832,23;23;23;22;22,,,TRUE
994,3,20791809,ed35c2fd55620566f59e227958828f231f146bcc793f66d826a12918e55f61bb,23;23;23;22;22,,,TRUE
994,4,20801809,d7a8f68f6d43189311e784ac255e37e72503bab69e9fff1e0dd58410b6b05c6b,23;23;23;22;22,,,TRUE
994,5,20811809,96ea7007e128dfa8fd3762406f79723a34b2bb4405a95bf408963f6f9220d087,23;23;23;22;22,,,TRUE
995,1,20771810,e06e0a599e9c3ece99b6a9a39ddb100ca2f1e138dda5c7259db322ab777ed645,23;23;23;22;22,,,TRUE
995,2,20781810,b0dd6ab70c5e06d592f364de126a664e12be4c3854dfb305e820cc37eb868e7d,23;23;23;22;22,,,TRUE
995,3,20791810,3c18033fe427349f89e1249e99e24995a526999a3237638b9e1c28e710f70ff9,23;23;23;22;22,,,TRUE
995,4,20801810,d2c1a4a45f754560516bbfe2ededfda215345f0ecca9760c6c0ec5ca615752f4,23;23;23;22;22,,,TRUE
995,5,20811810,d03873100bb309e34bdb021d6a89ec04c1f9bad2f851dce5dcffe12010cd42f7,23;23;23;22;22,,,TRUE
996,1,20771811,ce9c287cd585b659f18af28eae50b354851c1561c502d270756492dfdec2febd,23;23;23;22;22,,,TRUE
996,2,20781811,d1d5f0855cbe00abae9f4cef9c8caa1949760418ee645b941f3fb38f1f863f50,23;23;23;22;22,,,TRUE
996,3,20791811,3a8884504adae5c6dcf9fad24c5826a421ac09e8d17f08167bd1453821f6420a,23;23;23;22;22,,,TRUE
996,4,20801811,f0686fce7c78ac1e3385107e42af12f8d4a347af7b0f5695d250f3d5a2e9e680,23;23;23;22;22,,,TRUE
996,5,20811811,26b5edd5d8f7b55935bb19c01c480ee9379b55045785238db1e51bf2260a3e95,23;23;23;22;22,,,TRUE
997,1,20771812,47d9c13a84880cc674392bfad8a4942813d8864abe964050d8fe6a318ce07101,23;23;23;22;22,,,TRUE
997,2,20781812,f961440286321ba00ae5dcced61535ec908d000aa2adf90e0ef8bcec90fce0bb,23;23;23;22;22,,,TRUE
997,3,20791812,a9a796bafb28f010d997f2dd8565e06ddff2b2a750e9f61f7995228bfc718636,23;23;23;22;22,,,TRUE
997,4,20801812,d99e3a7239c4a019ea5f1ffbb3fc85a1999abbbe52658995d9823f59d7109c7f,23;23;23;22;22,,,TRUE
997,5,20811812,5cf662df51a76d128e621682a9a950443df38b26c6d7f9cbe256caca5c50b923,23;23;23;22;22,,,TRUE
998,1,20771813,dba201df832f18da0898bf4dc2459b0931f65511864d9caffb0a51d95c8d0fcd,23;23;23;22;22,,,TRUE
998,2,20781813,c37bc650148b7e9469f184d982dad9f489d1bc92732c3156484a7b87a12de844,23;23;23;22;22,,,TRUE
998,3,20791813,c12791109ba2d3651bbb2f3e3412c431d247f5547d107b657e2916b0561edf01,23;23;23;22;22,,,TRUE
998,4,20801813,495cc6b7ce49992290a567ca054e63808b639f69fc0bfe44350c043c16cc9e3f,23;23;23;22;22,,,TRUE
998,5,20811813,1c31fbbd09c158d985575fdbd8ae2f8dcadd3fcf628fca2978343650e412a37a,23;23;23;22;22,,,TRUE
999,1,20771814,3cbc765fffad60f17ef22471bcd834f66ea21067807a7b26343cf1599710ca7f,23;23;23;22;22,,,TRUE
999,2,20781814,446e3ab519f995ed8ded4603cce01a34f955be20039df818e0ed156e232e12ea,23;23;23;22;22,,,TRUE
999,3,20791814,3c5a16957ae8179cfa2367b5813e40218d126fa0db0bf826efdb5870b17d69d7,23;23;23;22;22,,,TRUE
999,4,20801814,5cb6ecadfbbd28c7d0eb05aa7596d063c008a423674ad9ad20d34b4e7ac7311d,23;23;23;22;22,,,TRUE
999,5,20811814,b5a4b9ab6d60e4ce9d1f1d45688e814a1a8cd75037e6b8b2e1a623fa7d8d549b,23;23;23;22;22,,,TRUE
1000,1,20771815,374b3bc9f5b6073db3db2ffe5dcf61e8e2b8cd5a7ac7d0c01333073df84d216b,23;23;23;22;22,,,TRUE
1000,2,20781815,c7d76687dcd30945e9ff80ca938519dae1e3a4d11cb1e2076c7c304446842dd6,23;23;23;22;22,,,TRUE
1000,3,20791815,bb324a2de749553de7332760efc2f87aa800587b9acd80912c2641a373e30645,23;23;23;22;22,,,TRUE
1000,4,20801815,0babca897351ae78131fdef5e8077e4c0f9d36dd05d4c097bd14831356cadbe5,23;23;23;22;22,,,TRUE
1000,5,20811815,e221326e4ddbc88e9322ca93b9a80561d9e2c53eb6c4221ac26af71239fbabbb,23;23;23;22;22,,,TRUE
1001,1,20771816,fda96b015a97286f5df45fa5fc3cb7af8ea9a3a68aaa6efc29631ab69d22813d,23;23;23;22;22,,,TRUE
1001,2,20781816,e1962d437eeac787273f03c7ccd5896a7d2b536454c8ffc980f830e566e9f6bf,23;23;23;22;22,,,TRUE
1001,3,20791816,3fdda2da1e4c1baeb46f816657ebf7073c54cc27f4ef0e61376c9285de65d403,23;23;23;22;22,,,TRUE
1001,4,20801816,0985ae5aed3b04e53c8bb58f7355282e06935c7da2dc4c286d63094b3057d5c0,23;23;23;22;22,,,TRUE
1001,5,20811816,1bedf5992d46ead345e8ae1bd79ee5e269349fcda27d5df36b88f10e28dcd213,23;23;23;22;22,,,TRUE
1002,1,20771817,cb37544e28200a32108dbe597d5dbfc20d24ca048357ea34d7aa911024405ec1,23;23;23;22;22,,,TRUE
1002,2,20781817,0561573e42ad0d25536c28e62267d0516d6b66b6a61f5470389adb70c5cedf1e,23;23;23;22;22,,,TRUE
1002,3,20791817,a891b0f169ac17b9d6288cf5389b52ef600bb8835c37309963e44bec7040f71b,23;23;23;22;22,,,TRUE
1002,4,20801817,cf501dc8e89436f4274f1b66eb3bf725b047984958d571835bcda643f7d33400,23;23;23;22;22,,,TRUE
1002,5,20811817,430da416ae8bdd85e86a451c1119a129f2cd55cede137199715ceddd45ea3db8,23;23;23;22;22,,,TRUE
1003,1,20771818,489f5b927aa6de6caac25e3270c3ce5926838b1b047e16f2648b27674bb6d065,23;23;23;22;22,,,TRUE
1003,2,20781818,99addc1f25a35ac9595fa0fca0598473a828083c952985b449e381bec893e876,23;23;23;22;22,,,TRUE
1003,3,20791818,238c24a22d1251e6a0946b3cfcf74cf521437218d7c38cb35ab7ab1a6b0a8191,23;23;23;22;22,,,TRUE
1003,4,20801818,0c4bc3db397db6094325073427f3cf10f1e3f624bc977d1e9132dbd18d2adee7,23;23;23;22;22,,,TRUE
1003,5,20811818,afce731d16c75d140610211d84ebd9325ba8170f0fd02eeb808adf8443fd7a48,23;23;23;22;22,,,TRUE
1004,1,20771819,6b6459c90cd8510495fc2eed91f77c435d027032912e5a959410b351127a3cfb,23;23;23;22;22,,,TRUE
1004,2,20781819,d9095c336c6bc06ca4af4f31396dc2c6fa87b252b1df1da6dc741cead73e5bad,23;23;23;22;22,,,TRUE
1004,3,20791819,f5078e8ba457f9b2e45bfe26e54e5362a1abd2d81aa908a95ebd361e3446088c,23;23;23;22;22,,,TRUE
1004,4,20801819,b831b39a6e902acb6801887cdf03513c8e81aec22c8512f91eba6fe5d16b193d,23;23;23;22;22,,,TRUE
1004,5,20811819,d5c2511f0c5ab5d659a3c18fa174441f31b866e6670862f47208af402febb128,23;23;23;22;22,,,TRUE
1005,1,20771820,3f662e2be7b9270a2f79775965169d6096ff2eb7cf8356f7295e665212ec5348,23;23;23;22;22,,,TRUE
1005,2,20781820,0259c6f976466b4bb354dfa9a5769b6499f965299ee832824d394caa8d3070a8,23;23;23;22;22,,,TRUE
1005,3,20791820,cc0a8d61640800e5e4bcdf4114d51ffac93ca4498265ac43d57d2a0752f6ddad,23;23;23;22;22,,,TRUE
1005,4,20801820,84c70308df06d8ddf5b351730c8532bc7f326f96695b640b3e8850f3d0e0ea1b,23;23;23;22;22,,,TRUE
1005,5,20811820,028ee4116b0704f6ccfc30991a6d606199e47863f429c385484edbccfac4491b,23;23;23;22;22,,,TRUE
1006,1,20771821,396300195b43a83840696c208e4d545ea97b84afa207da7333dc19f0a03ce2d1,23;23;23;22;22,,,TRUE
1006,2,20781821,d68883eb11b54e5055113307bd5019560a681fcf40a0807c2b7fffe98be2ba8b,23;23;23;22;22,,,TRUE
1006,3,20791821,08b8a498522e61cf86c5a4cb0ca13b36954896e513c884fd1160ff0fcadaf5f1,23;23;23;22;22,,,TRUE
1006,4,20801821,f8a5d962abc4a06f79f233ab430d10152e833e9bc5a482f19f8fa927a3c2c73f,23;23;23;22;22,,,TRUE
1006,5,20811821,edb7c040b321832166520f9a7ae1aa113337f333537b539a7c9af42e862847fe,23;23;23;22;22,,,TRUE
1007,1,20771822,f414b0b8ba3753a6c0ed5d490a6556c6bc86b814b4d923aad3f09f85b13c40b0,23;23;23;22;22,,,TRUE
1007,2,20781822,3c764f3c16add1fe36b8baa27ddec8f9d55e7a43b68a91edb6d126d556b312dc,23;23;23;22;22,,,TRUE
1007,3,20791822,3ee7d2c23c6a888f13640bd8cc47ff127dcf8ac33476043fc3289e5392bbe4a5,23;23;23;22;22,,,TRUE
1007,4,20801822,7d3d1651f366600bc686b23873683e8d8072a6684b141c070be5035972e0f6e6,23;23;23;22;22,,,TRUE
1007,5,20811822,e333fb9f95191a1b8049c33f35bfd2878a5b4d2bd600dab9b8ff16b47531c3ba,23;23;23;22;22,,,TRUE
1008,1,20771823,0feb7372441232b81cd775c9c2566e4f74bb42c272fe033de319e92a961d143a,23;23;23;22;22,,,TRUE
1008,2,20781823,7cb6c5ef9df0772157d3513ee191554b2105fbf397eea87d6ef177599b1249e8,23;23;23;22;22,,,TRUE
1008,3,20791823,5e8e7c31ef2e4e0e22f7a13f6647363ea626b6892b071d5ed89850e64972bd9a,23;23;23;22;22,,,TRUE
1008,4,20801823,9b246502257f7946d6ebb24b3218f401de7aa204e49226e2bfd32f9dd9505da5,23;23;23;22;22,,,TRUE
1008,5,20811823,018e3cf91adcbb460d89122f7a646c8b9a6deafc42a24c26c6d12752af047921,23;23;23;22;22,,,TRUE
1009,1,20771824,2d8532619a6d0b2e4a9c88fb914ba84271e723f25bfbb83b28da6fd902782de7,23;23;23;22;22,,,TRUE
1009,2,20781824,f14018734448d12d382b44cd52b2b04b3540cf13e6b6a6b100e398d10cca6fee,23;23;23;22;22,,,TRUE
1009,3,20791824,ba463efa76edfbcec2e92cb1e379e4baa64ff6befb84a2a53a9f26b2fd5fc8fd,23;23;23;22;22,,,TRUE
1009,4,20801824,57cfb15ef5d5dc69a8464372517741ab57cea1b0db1e60f63f4f471f84916e99,23;23;23;22;22,,,TRUE
1009,5,20811824,52648af9a8dcbc771d8eb64963d60080f93d956c55499725f49db8eaa6ccc0fc,23;23;23;22;22,,,TRUE
1010,1,20771825,ea6b05b8356aab3904c43fc1196773fa9a5a0bf822c8b1e0efac0712cdd2160a,23;23;23;22;22,,,TRUE
1010,2,20781825,d9124b816309b4bb9c6e052917fda24f7830439d966247ef57c221d1128068be,23;23;23;22;22,,,TRUE
1010,3,20791825,052e0ad0adaba849238bbc68a78c3c5206667bcb1c0ba4a2d264f5bcc9c4b894,23;23;23;22;22,,,TRUE
1010,4,20801825,9290899e30a7d20582829b7e05bc5f02dd2ce77445cadb70fd982245875ea2b8,23;23;23;22;22,,,TRUE
1010,5,20811825,d395179180ca4ebbf9daf7feab8acd501cf315e63a63aec127c636b815c8c0fb,23;23;23;22;22,,,TRUE
1011,1,20771826,5e33b08797977bc1bf690081d30c98e2b4240586b3ab31d0ed55539269df98e9,23;23;23;22;22,,,TRUE
1011,2,20781826,0bcc35eda871d772d75941286f104796f1eacbc6f058bb7ec8c6e447de5e2cf2,23;23;23;22;22,,,TRUE
1011,3,20791826,d93c57c7a3434ab776780c3beca558a8af4583093155873a663cfdc69ca2e7d2,23;23;23;22;22,,,TRUE
1011,4,20801826,e8b0f1e2d42350caa2ae13f065af195a56a556d702d898571b58b8ba69c1fbbb,23;23;23;22;22,,,TRUE
1011,5,20811826,679cf9213197b694af8ab6ff24481d5351025e7184f9c98062d0f6a09a7d2114,23;23;23;22;22,,,TRUE
1012,1,20771827,1f50cddba942ec243ca33ef98f348e4b356463acbdf6335a2ecbdb43eb1c4352,23;23;23;22;22,,,TRUE
1012,2,20781827,ab420a5212f0cbc4f1af03062260707eaabbd8938d9d8cde6b0ed17ba49e092e,23;23;23;22;22,,,TRUE
1012,3,20791827,ca3e439f9f802b926736ab77f5bcd91ec9e6e8eb16f64e8e3aa57d5b1a9b3ec9,23;23;23;22;22,,,TRUE
1012,4,20801827,02775d1422e2a03f82febe00d8cc297b7613fa7f3a8ed222a02a0f4af665d61a,23;23;23;22;22,,,TRUE
1012,5,20811827,437c9bef652888bdc330c0b1687855ba566049c0a78e554a67c2d7ffffe71a29,23;23;23;22;22,,,TRUE
1013,1,20771828,ec6f16d2303fb89cfbfc43a44667a6cca8a7bcc37a9e30a55a5c9413ddd5fdcd,23;23;23;22;22,,,TRUE
1013,2,20781828,02308a4dbc2ecd6764c6e3b5f3c4abfd542469e1667057ca8ab236dfc972155e,23;23;23;22;22,,,TRUE
1013,3,20791828,7f2f863afe4b636a2287baae419412098c9cdfc80cd2979159a2c80cef2aa8ae,23;23;23;22;22,,,TRUE
1013,4,20801828,1f719925e08425e11b600f0abbcfbcd710957a440f1f159cec5443ec4e0e3101,23;23;23;22;22,,,TRUE
1013,5,20811828,a2cf81086eda474cce463e984b4b17e294b650d950980d7f257ad0e267c328e7,23;23;23;22;22,,,TRUE
1014,1,20771829,6744c32a43f0ed1f711bfce1884cc4496de092a3d03e404dc19405e8e02bb6a7,23;23;23;22;22,,,TRUE
1014,2,20781829,202da250b43a313a81194bfa6f2309bcb83feb4b1bdd6917a559be07e3e31371,23;23;23;22;22,,,TRUE
1014,3,20791829,82f9da0df8912407d9014218ef3e6dd1230bf7a164a38a896241dfeff4e42a6f,23;23;23;22;22,,,TRUE
1014,4,20801829,02692e745beea443af35f03083860dc61ccc57507218ee50ac877a755d37cadf,23;23;23;22;22,,,TRUE
1014,5,20811829,0ed0f7ce757024d3e951746a074fea449cc0220b67fbc81b6d7e3a4c962a1fc5,23;23;23;22;22,,,TRUE
1015,1,20771830,53f73816ae051d9722f21860d2653047d6123dbccaa9f8be6615f05f3d74ccbf,23;23;23;22;22,,,TRUE
1015,2,20781830,2d9d9387c842c7410c06dead065c433e3a9aed39dc15b03c04822ffa24443883,23;23;23;22;22,,,TRUE
1015,3,20791830,aeb892ee73f13b9b6337f0af5f42f110dbf1ed6352d2e1340f4a6f415eb0edd6,23;23;23;22;22,,,TRUE
1015,4,20801830,878c170d6c21bba9d89ec179d7b34010539404e6b89cf9bce8472a996c58a000,23;23;23;22;22,,,TRUE
1015,5,20811830,2461cbec2535c47a390beb39bbd4f091270ab9ef06d634bd117317c121dd04bc,23;23;23;22;22,,,TRUE
1016,1,20771831,c576a2e33d7e5a8a3f87b0fa330c0647919d68339e103d6c24878865dd3a59bc,99;98;98;98;98,,,TRUE
1016,2,20781831,e112dbbe6fcbf989b58da6b4e7e86f19421827ce53328e8dd525fbe014c75c05,99;98;98;98;98,,,TRUE
1016,3,20791831,bad2ffc2e671653ce36b8b5c14e08bd6460fdbba9e200582b5cc0eb1806a632e,99;98;98;98;98,,,TRUE
1016,4,20801831,43bb79b1a4868de13654719fbc4fd55e719f81fd4cb28b506345569c64e58005,99;98;98;98;98,,,TRUE
1016,5,20811831,aca8168ce4810317240cade56537ccb6d6d2ccab2adcf9d78176024a23e31f43,99;98;98;98;98,,,TRUE
1017,1,20771832,9fbf3d192d2f82a93880d40225297b84df667468fe8df60152504880ae30d582,99;98;98;98;98,,,TRUE
1017,2,20781832,30ec9334d9a648c7274f435dc0e6355d5a371131d384f59cd2c0ff1bfd1750eb,99;98;98;98;98,,,TRUE
1017,3,20791832,31949e3269ba98253de42479cc6835cccbff25486f9ddcd84e18c990f3fb760a,99;98;98;98;98,,,TRUE
1017,4,20801832,9cc341ef747926a2e051445d290803fba63ae3a0772fc8ee97d8fa9bde40e7c9,99;98;98;98;98,,,TRUE
1017,5,20811832,db3a1fd93a3d9919b8777041026bd8fcec6abb0db5430b3b61701c3752b1a56a,99;98;98;98;98,,,TRUE
1018,1,20771833,9dc3d1d68c720cbe2466ec354f3132054a0304fb89ef86a085f282f26575274c,99;98;98;98;98,,,TRUE
1018,2,20781833,bd1a19c140c9f3b04c63bba297402465e0a671a6be5fa53ce3c375722e59c1b4,99;98;98;98;98,,,TRUE
1018,3,20791833,86b4bbeffd725f6dbc196282d68a0e9d6558b2182fb5d9cbe73bc6d8bcfdcb2f,99;98;98;98;98,,,TRUE
1018,4,20801833,0f0fd4bf203ebcb076536db90257f47f060a12a26873b0b23cfbc74a527b8ba5,99;98;98;98;98,,,TRUE
1018,5,20811833,b71a0c9aaa4d76cf84e1abb29c4f03f9ba1498da01c0a76cfc853a5d318efe09,99;98;98;98;98,,,TRUE
1019,1,20771834,880aac667269f4e0eb4a223956d9abcd7ba3af4a3f578047e4d07373be88ed43,99;98;98;98;98,,,TRUE
1019,2,20781834,f6bb8fe0798beeba5f58efe72ee3aa769c736564ddeba3042533b93ce860a407,99;98;98;98;98,,,TRUE
1019,3,20791834,6c4808c0f70021a4a06b090fd3306ef66cdaac42c874ee29ea9b0169c54834eb,99;98;98;98;98,,,TRUE
1019,4,20801834,ba3f82b0437336be615d821a94b21dc2aca348435cca15de3a36388137234f33,99;98;98;98;98,,,TRUE
1019,5,20811834,2a75eed7deb1f9dbe82e2ef77e64708789ee6cd39526322e6960f75491783bc7,99;98;98;98;98,,,TRUE
1020,1,20771835,c8d767da348441c33c722fbf918c691d4996a823235b9deb499550e245b4430e,99;98;98;98;98,,,TRUE
1020,2,20781835,85e1a251e238580f8f594d157a64588f0eeecfd1eb9d188bb451561b0cb9cf37,99;98;98;98;98,,,TRUE
1020,3,20791835,d0a0249cb660ae7205a4a17edf9a085bfeb1aa8c6a95cf4cde6e2d6332a9cd46,99;98;98;98;98,,,TRUE
1020,4,20801835,73b103e6f63304a2cddbd5fa456b509048f51b87410ed37b67b74df613f2c2f4,99;98;98;98;98,,,TRUE
1020,5,20811835,1d49db3f42a27e81a1f16a7f0890c86ec330e729d85ec75daba9010f6cee7e63,99;98;98;98;98,,,TRUE
1021,1,20771836,b7ae4f3c701573e2817b7c5979e30739ffabe18a321f62ba4bdd2583cc949bd2,99;98;98;98;98,,,TRUE
1021,2,20781836,647746b35edd8b84a22436cda2b269a4476f0a66257d3b7de44adf2bdd965ca5,99;98;98;98;98,,,TRUE
1021,3,20791836,17c3508734c099f874b9563c98659fc4b0cee608df9c7bba8f803c97d8072810,99;98;98;98;98,,,TRUE
1021,4,20801836,dd84c342f3bbb338a69aeddb1e2ffa27753a3fe6cc7b4324e35680eeb8bf3f96,99;98;98;98;98,,,TRUE
1021,5,20811836,e7ce16e05d4034d4db384eb31043cf3b973fdc2f5a9ad66bc6ef60c883d9c037,99;98;98;98;98,,,TRUE
1022,1,20771837,63bb5e173ea75cd7b34f868ae6197a6cbe70d79cd66dae9933280eac4b77991d,99;98;98;98;98,,,TRUE
1022,2,20781837,e5f8d34eb971c085c494b02f90ef46687cdaecb874bddd06772976aed30999c7,99;98;98;98;98,,,TRUE
1022,3,20791837,cf4781a56063b00f4c1f1fc6d89dd6946247390c6f8b11309697f58eac88eac2,99;98;98;98;98,,,TRUE
1022,4,20801837,56589f13d4ba0d867795e82832494f54314946587ba367375a7f90caa21a7203,99;98;98;98;98,,,TRUE
1022,5,20811837,1b439bf989e8d3d40880c5898c77988542096252ccfbba80b0f261b53dc99c3e,99;98;98;98;98,,,TRUE
1023,1,20771838,937925fb9482ae00f641b097e561a7adcc2a1c5712223737eff155fd22e81aae,99;98;98;98;98,,,TRUE
1023,2,20781838,1b812ff19841ef7a1b10d87900035d1715e3dcc9017ae04bb4d7727819a14e07,99;98;98;98;98,,,TRUE
1023,3,20791838,7eeaa2bba6f8522c59ea47fc08617d3e4bd74b27923db02346ec8ba58047050e,99;98;98;98;98,,,TRUE
1023,4,20801838,3f67a2e4fecfc7019e9bc97ef29772c545c8c66019e3a3ccb7e61c8b9ca38eb7,99;98;98;98;98,,,TRUE
1023,5,20811838,1a66d8728033d4f7aa08f20eb553543e51ddc6ba602def312e3d689f8101d971,99;98;98;98;98,,,TRUE
1024,1,20771839,e1096b8dadfb4b9bf9225176fe13b4530c0c520deb0a676945a22036de67a987,99;98;98;98;98,,,TRUE
1024,2,20781839,6e622aeb5123b534cf8ed0f5c77ae71002e48566171b034511274243b419ae84,99;98;98;98;98,,,TRUE
1024,3,20791839,febcda29a4648af8294d4f268a77cafd74b2319fe6fc2260df870f5a4bdac069,99;98;98;98;98,,,TRUE
1024,4,20801839,823cae523b1b87b8afac9bea52834d6b420642f76b311f0abcca4d965b893268,99;98;98;98;98,,,TRUE
1024,5,20811839,4e815bc0330f7cb2b76d217d53f647d18334b7cefeb768a01d54c8d0936191a9,99;98;98;98;98,,,TRUE
1025,1,20771840,d6e3f9d8b53304b566a361e20d5d841b28f027de96136d8d78e4ff7eac930c33,99;98;98;98;98,,,TRUE
1025,2,20781840,5d1d4e163dcb5f2f1d8fcaefb4aa7af5115d3a462084a0c6258e72b4f1f0afa0,99;98;98;98;98,,,TRUE
1025,3,20791840,e0da19741b2a5fca8332c3b0a5612c36e4655dfe79c238a16f6ce12c6752e9f1,99;98;98;98;98,,,TRUE
1025,4,20801840,009b90d849208d0ef6d3d9c740ac8b2495dcb4daa4db79616a5144677f746f25,99;98;98;98;98,,,TRUE
1025,5,20811840,c1d88c06b3c4f6729f044de12143d5e357fbf84a5b9da85138bc21b0c4b4d2e3,99;98;98;98;98,,,TRUE
1026,1,20771841,653e4dc3944a693ae6b355b24781f95ad03a5f7fb14daf2984e0b80032a5ff11,99;98;98;98;98,,,TRUE
1026,2,20781841,53c4aefa2f8875fdde22ac0afbbe82e3ea121cac166d895b3b55ee098c8c7166,99;98;98;98;98,,,TRUE
1026,3,20791841,b4dad05f6cfd9c23107763eb56d362b038046d363caca86e870cf79f8e0c1f51,99;98;98;98;98,,,TRUE
1026,4,20801841,b1e8c6c6198e3de89f97bad9efb9953e77987cab2155ef691305947826df33bc,99;98;98;98;98,,,TRUE
1026,5,20811841,3985f871f758c5fda3afde484a0c577395c397621b7ea5dd9c7ff931bda6bbdc,99;98;98;98;98,,,TRUE
1027,1,20771842,d270616a72960cb53566707d21b9e646339d75f112badda2ec2bc3942830fef8,99;98;98;98;98,,,TRUE
1027,2,20781842,204c528ee39ecbb93825047726af2bed17a66240e7831f86f72792f5c4f63a8f,99;98;98;98;98,,,TRUE
1027,3,20791842,64057b77c3af7db3f23a646e7cea50f4756010382f262e5927e47abc42207801,99;98;98;98;98,,,TRUE
1027,4,20801842,8d013dd4d092b9e5958fdb68dee9c7c8023535ebf3ee90d8dfffa03e78e03d59,99;98;98;98;98,,,TRUE
1027,5,20811842,4e3b22f969383e325d598ce86fffadb3cbfe4c62b4f041546398eaf7213291e4,99;98;98;98;98,,,TRUE
1028,1,20771843,c99a94da99db50fe028a7c72d896b9ef13b9f92e116bddacf9854d88a6a63223,99;98;98;98;98,,,TRUE
1028,2,20781843,398ce2858f0cb5e790e359f92aae8423ee3dcd6edf630cbacf4735d7373ca732,99;98;98;98;98,,,TRUE
1028,3,20791843,beec61f1bed0f9b1642741fe7ab4a915df28d0b86d93f08ecb448092add2d999,99;98;98;98;98,,,TRUE
1028,4,20801843,76b903903b3a85194384a1884b0bdd78b89926a550ec79473a4ddea3d7c5c527,99;98;98;98;98,,,TRUE
1028,5,20811843,903ed34bf4062cd37f8a0c03cfb67b586eced2968b477a803cdf22cdd9c1853f,99;98;98;98;98,,,TRUE
1029,1,20771844,ef1928b27bf1c1a92b950c2131c08488d9ac9306be63e7f71fb30b792baf59ea,99;98;98;98;98,,,TRUE
1029,2,20781844,42c10d6cf583fccb1d9ff5cd07cb73143f56ba7deb0268d2c322b8f877e71889,99;98;98;98;98,,,TRUE
1029,3,20791844,4d076952a0b3fb6e7b2e5da4b8a7742c262fe645d85de0b0b747f8c32f691bd4,99;98;98;98;98,,,TRUE
1029,4,20801844,aae79c974258c0f8911cd3507b343dc95e1864d0b0cc54ac7f6430a379d24e64,99;98;98;98;98,,,TRUE
1029,5,20811844,6cd1cf1e765b7c1992cd49ccb8f34f357467ea59d22855268deae2408e621d82,99;98;98;98;98,,,TRUE
1030,1,20771845,b62cf3952c31ac29964acc8177a33c013201b6df57caa86cc5397900692a2d1a,99;98;98;98;98,,,TRUE
1030,2,20781845,d3d281453e58fac6d0f0befc44b18281755aa05446e1587ab1b49c467461dbb4,99;98;98;98;98,,,TRUE
1030,3,20791845,11a07eb7f26f96c09e5310ef1af1c9482d5ec47d962bcb45e56c94418dfc972b,99;98;98;98;98,,,TRUE
1030,4,20801845,12e93917f780bec0a8015281ac8549daaf7ffc50dd7cf4315e4d0e19fee543b0,99;98;98;98;98,,,TRUE
1030,5,20811845,ef8cfab058fc1a3284cc6c407ae538658e42db76eec6476b46bc3050d543358f,99;98;98;98;98,,,TRUE
1031,1,20771846,d6f79839ad82865ffafca3aee7f5696bccd99fa3ab0e435fd966ed336435f54e,99;98;98;98;98,,,TRUE
1031,2,20781846,373960aa4cefe0c2e688db4ae94cc82b5c926c92168a652d2f88e13d52d29941,99;98;98;98;98,,,TRUE
1031,3,20791846,99b4008a8caf499aac7307a81268634ec6a7f7cb73ca63d9f78a5db437d0b912,99;98;98;98;98,,,TRUE
1031,4,20801846,7ecc241ced0c4c13c286aa34a7f4fa50a654237f43747a6dcaf6e2a69f73f96d,99;98;98;98;98,,,TRUE
1031,5,20811846,c91bdbde62d8ee2f1f6ff2e9b8d22dbab0a7110117784bfcb664af860479963b,99;98;98;98;98,,,TRUE
1032,1,20771847,d83577a8cc85762e25fc199c8f77b61992929de1531b46e43e5bb998cfee3ab3,99;98;98;98;98,,,TRUE
1032,2,20781847,162f1b095db4cd490130de7224fc461de624c882fef8a4a4b4c1768cd8831a6b,99;98;98;98;98,,,TRUE
1032,3,20791847,8ba4176d2c80c70fd1d2013edc55ac75fa219263392af5018fa697a4b01774a0,99;98;98;98;98,,,TRUE
1032,4,20801847,db0e6a2353dffbd2b8dc85d522d168ca900c9aecd7c5de5714651afe3c559bf5,99;98;98;98;98,,,TRUE
1032,5,20811847,e848e9ff7028fd1b66f21bb12aed8f6fa7cd5b2e063ccba88e97e54587eac9af,99;98;98;98;98,,,TRUE
1033,1,20771848,58c193c6c5669ee6e4c8ddfc2c06a6d407f15c9c27a10bec4c65e865c64dec5e,11;11;11;10;10,,,TRUE
1033,2,20781848,e0e112cc06ae8f3c1ddaee54b0c50560be438af66386ce7e874c641308a80ee2,11;11;11;10;10,,,TRUE
1033,3,20791848,a776470b7bafb8f05dbb02344094cc9b99b8cbdc508083613899542bfe27d2b4,11;11;11;10;10,,,TRUE
1033,4,20801848,0e89d9722342688ca40a64f9256b921c31eb7c9935da7bc9454b5a94e8c4bf58,11;11;11;10;10,,,TRUE
1033,5,20811848,31d323d58342b186f9956c25cc903771cf6432117338fe38bca9225e33071d9f,11;11;11;10;10,,,TRUE
1034,1,20771849,ea2709d7aff3dd979a07ec5e572ff14ea8260f3791a8263a492fa5c59c1d1902,11;11;11;10;10,,,TRUE
1034,2,20781849,5b555618b147ca37bebe836f0891b6f8ce65fc0c3a484e67a7b0ca1b3a6a1399,11;11;11;10;10,,,TRUE
1034,3,20791849,4651c37569e5487be6953fa7835f4244159ffcf7280a3e424309a9bb8f95cc2a,11;11;11;10;10,,,TRUE
1034,4,20801849,da445067003224472971c2cc9b8696d6ab9bbacd5dcdbce94f2fd5f1c2a5e5a5,11;11;11;10;10,,,TRUE
1034,5,20811849,0b538f961fbf3e063ad6345521d867bf3aec5936989a769777e59e6734411ef4,11;11;11;10;10,,,TRUE
1035,1,20771850,d5c5226df5109fdbfeae2bc8342191f0b82ab2e412825085443abf184e6f7caa,11;11;11;10;10,,,TRUE
1035,2,20781850,ce97f239c780ea2ece1088d9ad783d6c9bc26f48c944f797a9becb23db92abc5,11;11;11;10;10,,,TRUE
1035,3,20791850,abb926a7a4c2bd7cb65066a5cbc855cd926815d9849c388c70b0040b2fdfa14c,11;11;11;10;10,,,TRUE
1035,4,20801850,607019c955a8332d806c3ca4aa66745fbfb40d71a128efc06c1ab89265fdcf7a,11;11;11;10;10,,,TRUE
1035,5,20811850,71ace0d7260a37da675b4ea8eb26a0f07bd85555c2c5190ef72b2fa3240c5ddf,11;11;11;10;10,,,TRUE
1036,1,20771851,11a6e97549ccaba016b1d52ec777e611b996b06ef282a7f0b2e82c26302cc7fc,11;11;11;10;10,,,TRUE
1036,2,20781851,703bc6d44dca5d178b6193739372d3a16dcb79a5d1c9bb3663294ea8dc943a0d,11;11;11;10;10,,,TRUE
1036,3,20791851,f9773a1b7a1d297e8e84bb0798c3ba9b7b381ebf938f0d2788d8b04d63ede0b1,11;11;11;10;10,,,TRUE
1036,4,20801851,16de1860e13ad61b4fda06460f73111050ff8c4448206a2e91fad911b9715082,11;11;11;10;10,,,TRUE
1036,5,20811851,e2596394fe56b7fc144781629c0f77629676034f15565b8bb1b684c096503a3d,11;11;11;10;10,,,TRUE
1037,1,20771852,48c511d1f6db5bd3260b0292ee4adb0af9cc5900e537b9cf4a16c5f7ebc5a094,11;11;11;10;10,,,TRUE
1037,2,20781852,4d076f0f765adce13c203713cdc3ec74c44c7583f07f73d14e730f19cdfa3b48,11;11;11;10;10,,,TRUE
1037,3,20791852,acf9ed78a520e4437d25d83e40f35c47e09b8b7269cbba84329f38ba7c9e1072,11;11;11;10;10,,,TRUE
1037,4,20801852,1fb105afb7c2e74ae0d425444d121879e7b966a03cdc89fbafce58ad9224603b,11;11;11;10;10,,,TRUE
1037,5,20811852,acfc465735f9a9630a702c9cbf4949879a770715c340ff0ce872af40bf0eb8df,11;11;11;10;10,,,TRUE
1038,1,20771853,6b343bc9e9fa89d5ff2739a658e0c9ba838b8a1846226c53c5023517a7f11b69,11;11;11;10;10,,,TRUE
1038,2,20781853,8b79dbb8c51b538b5e3d05f805a25f9049d20c74b5430734f8792d2b09ac6e59,11;11;11;10;10,,,TRUE
1038,3,20791853,3002a1776fe1c3b9be7a46316248b8399b06a49e8a755cd90b1f9c4f3fa80811,11;11;11;10;10,,,TRUE
1038,4,20801853,000e841dec7d18073c7446f1ca0ae52a6738f682e959ec8fdf2e3312ad202ec3,11;11;11;10;10,,,TRUE
1038,5,20811853,22d5e1938e7b2ace29b82d316f48f43573255dab0d985fda94d3875dd6b03929,11;11;11;10;10,,,TRUE
1039,1,20771854,d23d2d5b668b9f80ba2a82cfc2d6a792e444e0defad2df518c659aaf277b035e,11;11;11;10;10,,,TRUE
1039,2,20781854,ecbb9126fcf19d9334539c4683d10584caeba482fb3252e4bb977696794f8355,11;11;11;10;10,,,TRUE
1039,3,20791854,ff49ca4dabbf98e126d9c046b9feb421c6556e87a7575aaae2baa4b015673a8a,11;11;11;10;10,,,TRUE
1039,4,20801854,1e630febe0cc912c15f2847f8c0283ac6203d460502c60940427da24faa09cf2,11;11;11;10;10,,,TRUE
1039,5,20811854,0d129e10f84f99ddddd0a7115e530d461ff119479a3d806990b4cfc1a8f2f535,11;11;11;10;10,,,TRUE
1040,1,20771855,61c423037ca2aca2f3d3b03fda75c00e11448ea265184c53717bb14c7905dbde,11;11;11;10;10,,,TRUE
1040,2,20781855,341296bd0032b88daac7072181d0bb3c673db4c267b897db0e47744310099257,11;11;11;10;10,,,TRUE
1040,3,20791855,4fb51b5a81fbd53f170314627d3cc284ad57429c3fb25279ab3e74cbf8a5531e,11;11;11;10;10,,,TRUE
1040,4,20801855,c1405843dee59dcf9cae2d3827d9d9feb6c7eb0ead4e44fab51a2ceb49a6ce2b,11;11;11;10;10,,,TRUE
1040,5,20811855,4e87cf5f874b1d3cb7852efda67fd68bcfeee65a3d9d687ef1149e4cd1825a41,11;11;11;10;10,,,TRUE
1041,1,20771856,fb93616ddeb82e178d81071e1667d07db831320bd36c33a29e2fa18be2f5de1b,11;11;11;10;10,,,TRUE
1041,2,20781856,2e4d50e1886c8d17f3e154b8ccf9670a917126a038ce018ff7fd97c5754690c8,11;11;11;10;10,,,TRUE
1041,3,20791856,38387ee120b1889aca6030502635a67a9c9fe46e0adb7761988b8a696d5a4ebe,11;11;11;10;10,,,TRUE
1041,4,20801856,7f249c898fa6712ec42a70590c1857a792e7e328c240a72426538411c6439e5b,11;11;11;10;10,,,TRUE
1041,5,20811856,eda2ee68b575755da52a5bf00283cbe74e1959933de24f13c02ce4cb9a35abb3,11;11;11;10;10,,,TRUE
1042,1,20771857,a024a22ad3407a221f8d254adf3e5a3b1405a617941d3fb6a940988841152654,11;11;11;10;10,,,TRUE
1042,2,20781857,93c847ba11fce29e7dd4528c77db481b3df70bcbe606eba5f96901bfe9c892f5,11;11;11;10;10,,,TRUE
1042,3,20791857,151ac6ee75c6a1cfdd3d084f6f108f65243ab7d9f02ca6364e5382764836bba6,11;11;11;10;10,,,TRUE
1042,4,20801857,5ff2d2cc15270a4e1c4a65572586e381d614bf671dd855d8869420cd3a098bdf,11;11;11;10;10,,,TRUE
1042,5,20811857,4a23a7c45e840f596860b7799ded4105c84ee34f865c800a20309fb2cfe4b9cc,11;11;11;10;10,,,TRUE
1043,1,20771858,7a69ddcd8816271b05a402020a207d650e7cf58e48f869908e163c9ae97b5954,11;11;11;10;10,,,TRUE
1043,2,20781858,13b3b28392eac82b9a9f984327f467f2d005742b33b501a551ac6af9aee549bc,11;11;11;10;10,,,TRUE
1043,3,20791858,b049fd2aff0e0881672f978e8089568a2079015b9e2cef9300bbbbc7b5fa9feb,11;11;11;10;10,,,TRUE
1043,4,20801858,53349bfda5564f727740b91d7361fd5c78205285d12edd63956278ff29925ebc,11;11;11;10;10,,,TRUE
1043,5,20811858,e289a7250fd83242ef7287a0fdb3fc4dfaee3a6faf7a2b82696d6bbf50375bbb,11;11;11;10;10,,,TRUE
1044,1,20771859,027a0559c60cf083b1d0846862411d93f23792dcd7f52fe64c86c592c2d8c124,11;11;11;10;10,,,TRUE
1044,2,20781859,9a7aaeb9b6980daa6f1c90d8bb678a0c23cbc7d63f0e8a0cc1ee147d796500e7,11;11;11;10;10,,,TRUE
1044,3,20791859,21ef95edd48c32d7ee2cc6dc0c4931ba170d7195cc397ed07067568ebd4a9c12,11;11;11;10;10,,,TRUE
1044,4,20801859,1fdeb17a577006b1737b1d81e5d901760ff4dd0214d750935305a64689d4d668,11;11;11;10;10,,,TRUE
1044,5,20811859,64a088a99512d1657c7cc4438a4de823f41945bb0b1686405c4f0d99fb1c76ac,11;11;11;10;10,,,TRUE
1045,1,20771860,13055bcf45e5083051c13b135eba528d21d659fd9861a6d21a590fda7b0e78b3,11;11;11;10;10,,,TRUE
1045,2,20781860,acc3bf706b742e5fe1d77bf532efacbb0a8b2d8254103493952704a7b137ef0a,11;11;11;10;10,,,TRUE
1045,3,20791860,e571643b01eaaa467dd99da32a709dc7e6275a2923046481a346323e6e232bae,11;11;11;10;10,,,TRUE
1045,4,20801860,1c8bc51ecca939ca6badd3562435e3fa3d9b0f2a62effd64a438d0bccc55cc5f,11;11;11;10;10,,,TRUE
1045,5,20811860,d4557b54dc35350c54f7b409f2e43aa74c6915c99e78b814795438e217c8a1ba,11;11;11;10;10,,,TRUE
1046,1,20771861,088495bfa8ebefba3d5e125cf49f1a4de6b4c526fa27385ffcb75b4ebca68eac,11;11;10;10;10,,,TRUE
1046,2,20781861,32b7def680de8aecc2a61dda67b73acc571621a8ea612ca998b2e5efdc1ab15c,11;11;10;10;10,,,TRUE
1046,3,20791861,6af06221a174dec96450f2eda803b423e0b711a2e70603e874b980df78b2ad44,11;11;10;10;10,,,TRUE
1046,4,20801861,c1afbb791e15255d21240371d747b2aa8cb3320629317410f1f4599e74419566,11;11;10;10;10,,,TRUE
1046,5,20811861,e926929129c5cbd8fdc26aa00655c2c85dc4632dba7390cb3f8caf26424265ee,11;11;10;10;10,,,TRUE
1047,1,20771862,48666c2025ddb633d8a5ca6bdeda34a56c5b6c602df756520394a8a4790d234a,11;10;10;10;10,,,TRUE
1047,2,20781862,7389ce46a16c71a862b7f4282ed5e2d1902f26a88f8ba25d8866a11b19368476,11;10;10;10;10,,,TRUE
1047,3,20791862,78fd381f01e59c0b7acfa7a424474787ad9333e8b70d31c224b57ec2b0d7ddc2,11;10;10;10;10,,,TRUE
1047,4,20801862,274e02c83ded97b43d3a1294ab08faf990914d0c20f8401dff225ce5024a90ec,11;10;10;10;10,,,TRUE
1047,5,20811862,a1aabeeebc2789dfcdc7f258b29835a683f8f77fc4fe27e8c6255eff531d60e7,11;10;10;10;10,,,TRUE
1048,1,20771863,8a802dbf6422b496f851731b8fa87f630f55dcb617806c185589663c2e489c90,11;11;10;10;10,,,TRUE
1048,2,20781863,c818d664ab836d4e4fe8b1981ff53d5e9a49c086d0d4014629b384d05e717607,11;11;10;10;10,,,TRUE
1048,3,20791863,94a8d088d762ee62794eddeb0cc3d730c15c8dc4483335b761de1a2a85cd3c94,11;11;10;10;10,,,TRUE
1048,4,20801863,c81e15cbb4d128ec40c2951b68749b58b9c009254fdbd8e105b2046230475093,11;11;10;10;10,,,TRUE
1048,5,20811863,267321b3a63f9d12d52cea3c37d6ec8ed1c8c30bc596f4f2f63bf987c20175d5,11;11;10;10;10,,,TRUE
1049,1,20771864,9657f87ef9f54b21d9c8d7c17601de3889959d2f42c54ea6d0e355ea62b05474,11;11;10;10;10,,,TRUE
1049,2,20781864,6d78dad530f9e3abc7531ae5330a1816328c010b41fcd4a0202c263cb9de0217,11;11;10;10;10,,,TRUE
1049,3,20791864,b67777ad601daa6ebaf7c93711c114b1661fc29d5a5ad5e4faeb635ea86275b9,11;11;10;10;10,,,TRUE
1049,4,20801864,98dd917f6d6ddd2fea5babfa98c5cc0a0773b8ce2c43deb9449f1d008ba68b7e,11;11;10;10;10,,,TRUE
1049,5,20811864,adb2ce3346e4d79787639b5a889b612aecfc58090d4616d72cc78ef87d6b2e5c,11;11;10;10;10,,,TRUE
1050,1,20771865,99e2efcd71f65cb4d5fa4ac292d4720703dd166b5abc5b7640396096c7112e46,76;76;75;75;75,,,TRUE
1050,2,20781865,59884b06b2ba83719d3d7a8361a92781bd34d1b96014d25c215fbf2d99076d80,76;76;75;75;75,,,TRUE
1050,3,20791865,aa5f48cf9f8084fbc03eea3ef46ddc8f099dbfd95a2d7711705436cb0647972f,76;76;75;75;75,,,TRUE
1050,4,20801865,ce8f94caa28812808f73ae99948b7cefa1b50b95f7be65295b3ae78a663ea248,76;76;75;75;75,,,TRUE
1050,5,20811865,6440aed99214b789d1196b2f40c5f85f2a9ac385f217b1c751d312ecb1fb8e3d,76;76;75;75;75,,,TRUE
1051,1,20771866,603812db28029a8e8f4ebc957dabba455c5c3d42ea430d13a658e9fb103fdaed,76;76;75;75;75,,,TRUE
1051,2,20781866,2f2f0542b6309ab24a13c82362d4740214e63c8ce3bc52c29c9ed6e4eaec7352,76;76;75;75;75,,,TRUE
1051,3,20791866,a9005372ae22b5768f48acef2f6875d62c07df363a6ae664fd14e9abbc438d86,76;76;75;75;75,,,TRUE
1051,4,20801866,8f62ae9208d77f6e310d1e626f755c8c8a0f7d70c6de63781c52b2c2fd030f5c,76;76;75;75;75,,,TRUE
1051,5,20811866,181138fa7db64ed72406eb6089426b9dad864574444a4546621921738a5461f8,76;76;75;75;75,,,TRUE
1052,1,20771867,1d9859feba906febb55ca3b34ba506ccb46b8f985f54fc1b78ff256bcfca6a45,75;75;75;74;74,,,TRUE
1052,2,20781867,620efa053a5aa9475eb3f2d39c0791be72fa641b832dd9ee5649f7555a0b416f,75;75;75;74;74,,,TRUE
1052,3,20791867,870e3433b152d800765b442bac09e93579d383040b29b460d42d91512672dbb3,75;75;75;74;74,,,TRUE
1052,4,20801867,e32d242abd9da5d90267841c47fda71f6dccaa661673ff3f6c89848168269d90,75;75;75;74;74,,,TRUE
1052,5,20811867,8555a1a18ec5265570febeafbfdad96d94d9e32a246b0bc2c18e8e658f1d6dcb,75;75;75;74;74,,,TRUE
1053,1,20771868,e18edc12bfc773fd161f9cd320b5eebfa9ef0b1f470cd9c363d161895db80d5e,76;75;75;75;75,,,TRUE
1053,2,20781868,e13ea5b10160c26e59a3ec4beba8c3cb8d0855e40f4630b33bdd2fb1c051d062,76;75;75;75;75,,,TRUE
1053,3,20791868,a3b37dc65496c66aefe147bc1cbc9368746d5db4aa82f9697c2e55486b1dd78d,76;75;75;75;75,,,TRUE
1053,4,20801868,7d6ba7769bbb34b68a1fed53a3b222de3efed4e963c8593c5b21bcce17b21ca2,76;75;75;75;75,,,TRUE
1053,5,20811868,77fe1deb411813fe97048cc612604d14c814ec2f4f1535292896a2d077f95d48,76;75;75;75;75,,,TRUE
1054,1,20771869,6933efc46bc1b5af8cd1f90339da88de662f0257d9b905c7802d20b107ca68b1,78;77;77;77;77,,,TRUE
1054,2,20781869,bef3e3fc82f4e08741075133caba79ee32ecfa8175544f482970c03e2b6edc6e,78;77;77;77;77,,,TRUE
1054,3,20791869,56a8863c7deea44d56f1550e7ce726fc0cdd6f4705c137bbd167d11df49148f7,78;77;77;77;77,,,TRUE
1054,4,20801869,745654b40ce3204d6707ecb13aa497fb613ac0c733c46ac5ece32a4fa3450404,78;77;77;77;77,,,TRUE
1054,5,20811869,527d1ec56d501aea70d61f186de57c2f38e36545c7f74ae557adc50af3753b59,78;77;77;77;77,,,TRUE
1055,1,20771870,7d1c9e3d8104a55e6a6dda47263e8f2c72de24d15b5e4e85a1f9bbe64b770d43,75;75;75;74;74,,,TRUE
1055,2,20781870,d86cae1d919ef9990a2c4b8869238d2ebfe4c2504587cf9a69182e1182d098af,75;75;75;74;74,,,TRUE
1055,3,20791870,920257f407c5c38f93a4ad5a358ee21ee393e572059644df96ec1d48106b8b83,75;75;75;74;74,,,TRUE
1055,4,20801870,ad1763a0c969db65826a709148e1c1a46f1eb018a45e199ed2054c28ac636ace,75;75;75;74;74,,,TRUE
1055,5,20811870,d3981e8aa6be110291d71a51903931b4c59bd86bf946324c044bb97a8084173b,75;75;75;74;74,,,TRUE
1056,1,20771871,6964952683febe40b9f548bd278b42a895f0acb1428d8dd276c68d2de60032ab,75;75;75;74;74,,,TRUE
1056,2,20781871,5098cdc5688a0b03224e3838878e707df9b3b6b6db9e872d0553d044e3cd8da9,75;75;75;74;74,,,TRUE
1056,3,20791871,3b5eef595b265091e6b895264a3cc1f7ef3e6c9cd72d6e0dc32124b9e48061ed,75;75;75;74;74,,,TRUE
1056,4,20801871,4c284d9514766ee402dad207a02c8faa4b12fc6d6daaf25ce96133f2de530cfd,75;75;75;74;74,,,TRUE
1056,5,20811871,329e19414a5ff206df3fe2d113c2762680ca2e4ac4eba705386a34fac1ad56b6,75;75;75;74;74,,,TRUE
1057,1,20771872,226b77c4647c8b29d53a3a504917adaea56816d076de16af1db1401df415d917,75;75;75;74;74,,,TRUE
1057,2,20781872,7644a654164b99b557a587a6c89124de99df158568289271d24a67d364a501a4,75;75;75;74;74,,,TRUE
1057,3,20791872,d8ee14254d1a966fcd17c1523be9faf3a7f6edfd7b5400d0befcc4a040608572,75;75;75;74;74,,,TRUE
1057,4,20801872,f39c6bc65576f71deee1a98569319115c7dcbfdd1c3a8550991d671c7b2b67be,75;75;75;74;74,,,TRUE
1057,5,20811872,486ee224b3baed6505ae9cd02f8170692e25d96a0052e5603bd36b51b4dd2702,75;75;75;74;74,,,TRUE
1058,1,20771873,079d70951096bfa6c7376455155550b81c9666b523fe7982af0c493f2b397849,76;75;75;75;75,,,TRUE
1058,2,20781873,8061f2882d43d12ba0a815a03f97fda524f7894563835436d255b689ad8204b9,76;75;75;75;75,,,TRUE
1058,3,20791873,d6bc4968aa831ef068dd9f430573180bbc69de25970d2bcc34676538d83a759c,76;75;75;75;75,,,TRUE
1058,4,20801873,3f0a7fc22d33a7d774ce7d2046efea746937f5fa3cc61b147ca757c5adee5d05,76;75;75;75;75,,,TRUE
1058,5,20811873,0065c36e4e0f8a8bb20d3461bb37e988d9961c56034c68fc0967badd799b847f,76;75;75;75;75,,,TRUE
1059,1,20771874,a55dac7b1c9659b2707db2b76c411819d772fbe3e4b14936dea273d84ffdde4a,65;64;64;64;64,,,TRUE
1059,2,20781874,4fa7467f595890fc3f68e3b5fee0c9d65b577bdee50a07f2db5ad5bc0cb5cbc2,65;64;64;64;64,,,TRUE
1059,3,20791874,344950346c5fa927d128d5f99038280c0a85df30e60c2099f333affe922e2519,65;64;64;64;64,,,TRUE
1059,4,20801874,bb882c248c8d90aaefcf0b930b46b4f001ae7bd8e4b1bd5c2deb1ac962341625,65;64;64;64;64,,,TRUE
1059,5,20811874,a4e92072d056e703e0df7a70f5a5f332e45a983b3e01755b27da4623855ed8d6,65;64;64;64;64,,,TRUE
1060,1,20771875,eb5083564942f1fa85f01e9fb9222179d681e4c9ad58e40daf88ced1ae095366,75;75;75;74;74,,,TRUE
1060,2,20781875,672900a6b4e4df6cd51866caa8e55d2055406f93221960505674f277c14ce7db,75;75;75;74;74,,,TRUE
1060,3,20791875,c6b98c7afa94d4bee1e3f9ceb2a2ef2a04dc0b377b087b9c58f0cadf8233d7b2,75;75;75;74;74,,,TRUE
1060,4,20801875,e4cf00edb9fe852deeedc4fca9fab36d7957c3fcc9d9e74aac2e78bd77884bcd,75;75;75;74;74,,,TRUE
1060,5,20811875,3199b92276b4809902188faab08c1cab858031b74caef63db5c04eae9f1de192,75;75;75;74;74,,,TRUE
1061,1,20771876,671f9862ca76e87d69a7f9bc0cf241e825e18bdde8faec09ba82c16227d6af62,60;60;59;59;59,,,TRUE
1061,2,20781876,72090c6a867140d0d9fd8f9a5937f7a01235a4e496ad75392fb592148eaa17ed,60;60;59;59;59,,,TRUE
1061,3,20791876,0f01081c4f2fe05fbeba6179cc8eb24bf5722452bcb01d99c19efe503393a506,60;60;59;59;59,,,TRUE
1061,4,20801876,5637c57bd443a9da99c5001c8dee52698218b1c7d0b9a4aa8ded4780e1339d10,60;60;59;59;59,,,TRUE
1061,5,20811876,45467654705b92e8549ef8d422b6491f8332c608fd2ab03e74988a01da41d7ea,60;60;59;59;59,,,TRUE
1062,1,20771877,f5c6d455879a0d86f667f276289ee9cf6967ce3f8e60a4063a48d16567c72b4a,75;75;75;74;74,,,TRUE
1062,2,20781877,fe8ebb3885861ccb80e2a210c780ad54eebac0ba8cfb0cb0a5f786cdd3abf00d,75;75;75;74;74,,,TRUE
1062,3,20791877,cb7b6b328a31e46b23c1d14f6facdd6fdf1cc2d83fece2ede4e1839eb189ae8f,75;75;75;74;74,,,TRUE
1062,4,20801877,b95a19783ec1c9e6e238e7793a9f02fa75f61b691dadf8394481be3df0516804,75;75;75;74;74,,,TRUE
1062,5,20811877,178d0f8571ad503bb520d28704c41f916411ba5cfb9a619d6d450d697fdd24f7,75;75;75;74;74,,,TRUE
1063,1,20771878,69333441e941c52c55a7cbeb1e887aee2ffa37c66abf97ad2fbb9fb00b23602a,75;75;75;74;74,,,TRUE
1063,2,20781878,a3110b61c71e7444ffdb24d0723005a0281d0c4b91c699ff979b149bc84d7ba0,75;75;75;74;74,,,TRUE
1063,3,20791878,968aa2b266fe3ce3caffbc4aa98b546e9d2afcf40de1d7b12853c4bd6fe68f6e,75;75;75;74;74,,,TRUE
1063,4,20801878,f336d7aaaaa8302d5aaea0c3eed739349c5219e4f607423bdb38bf4efbdc3a20,75;75;75;74;74,,,TRUE
1063,5,20811878,7be18ed0444ba3eb3335bdd2088ba7793ca344651645bcd2f03ac50f9c4f0ad2,75;75;75;74;74,,,TRUE
1064,1,20771879,cad3a21ade2a1c0860665daa080a7e187dc3b6cff56b76410bd6aaaf43312e2e,75;75;75;74;74,,,TRUE
1064,2,20781879,61c734cfab6bebc9915ebf1fe8c27dc4798ccabf21ce738634a93af72b0feaf4,75;75;75;74;74,,,TRUE
1064,3,20791879,50d1544c7fa684c543b31fe642a9f83a551622957b0f71c6dbbb76dcb385bf73,75;75;75;74;74,,,TRUE
1064,4,20801879,9aea8b1d3a0349ef5f8ddd6ba609363e1b77f5d83e56ca988f60dff47789d43a,75;75;75;74;74,,,TRUE
1064,5,20811879,5262751b358cd5cdd8919e57bb1187838b3a1f81c8432ccf55f5cb1edb39fffa,75;75;75;74;74,,,TRUE
1065,1,20771880,327fb88630484d4f6b78e7e07b9180dbc15d1ac7143107209dcfcd217fbfec2c,53;53;52;52;52,,,TRUE
1065,2,20781880,fd774b888b702b28bc2dc8e5d11012e4c6c590ccfec3ec90ccdf908c2c31da87,53;53;52;52;52,,,TRUE
1065,3,20791880,2f8b7902936e54426eaef6081e738d2370c216e654db194f3f0cedee7604f262,53;53;52;52;52,,,TRUE
1065,4,20801880,06133b974c5adcaca31d9f8362de4ce74b01693e37ec14d6f57498c181aaade7,53;53;52;52;52,,,TRUE
1065,5,20811880,45eddf57e29651fa3d2f0aef59cbf16f2197ea7c0afd7dfda650bc1da974118e,53;53;52;52;52,,,TRUE
1066,1,20771881,4e73e8eb0a851ab180078861a8a532e9c77b20280791613ae55618754d359c18,54;54;53;53;53,,,TRUE
1066,2,20781881,9dead638d1ef0f2c2b1c42aba4ed421a25b486bb78731483642b7f2aca3aa004,54;54;53;53;53,,,TRUE
1066,3,20791881,aefcfe24477075f09be2cba8c2c4836b4c8f3494bb0403d3e19dc22c116341ae,54;54;53;53;53,,,TRUE
1066,4,20801881,9dcb286033f113a2feb8aa651eafebe66496f07a858a25f2bfe8a74da16a608f,54;54;53;53;53,,,TRUE
1066,5,20811881,412632d72a9be92695e2133d8bb792cff03729aaa7bd2bf234d7a9f1a080fe1c,54;54;53;53;53,,,TRUE
1067,1,20771882,d3201901d8e94d87ddad614c1d5d1bd433dc356633bfe3554042e624f9558368,53;53;52;52;52,,,TRUE
1067,2,20781882,603b56284ceac7d0a4f11e70fc3ff92a0ac153e3af0fb0b6639d7518a8ef2662,53;53;52;52;52,,,TRUE
1067,3,20791882,7b90d720f222f23bce18e08fd49fcccaa49b9cea5570b889184de40d67513a2a,53;53;52;52;52,,,TRUE
1067,4,20801882,42e4580cb7b075ff89a5697e80aed0fd68c0bc0a35a6721d1526d18dd21013ef,53;53;52;52;52,,,TRUE
1067,5,20811882,5fac0628d917b8380b8538a158e1853af78a530730780772f4f4befb5b022668,53;53;52;52;52,,,TRUE
1068,1,20771883,2ef65d2e7014a7c33a69a8e20e257d7136e2f42c8269e6cf2c143be24c6e030f,53;53;52;52;52,,,TRUE
1068,2,20781883,d783eba9a2e07ef9234612af637e725fdcba36b176636a8dc07033e892416fb7,53;53;52;52;52,,,TRUE
1068,3,20791883,8eb7eab696c80a5501f58ba377885b5101fa86417cdf419c851acda5d495ecf7,53;53;52;52;52,,,TRUE
1068,4,20801883,7abdbacc3bff343269e0f20595ccc68c605901509d2191debba4fc6102bf7d94,53;53;52;52;52,,,TRUE
1068,5,20811883,87a0f16c95348d98a5b1f838f8b4dd9e1c03cf27d4c28b6e122ad6c7a7bf0f15,53;53;52;52;52,,,TRUE
1069,1,20771884,d2b75b5555441d03cc0270419c88ba59a89d3f3ba56f19ca9eb728768816e6ee,53;53;52;52;52,,,TRUE
1069,2,20781884,33eb511cfd671d55eef09366a406c953c3fc88edd947ae80f527e9e06f5e2462,53;53;52;52;52,,,TRUE
1069,3,20791884,3da5e17d4a195549e894d66b9cd3dc03eeefd15784ca2d2cd6fa2669ed6b1a9c,53;53;52;52;52,,,TRUE
1069,4,20801884,2e307a1c12006e22d9cc6b22487976bcf366320a177bbb7deb3de6465d53bcc3,53;53;52;52;52,,,TRUE
1069,5,20811884,15328e69ee9e3edd6871d46e58fb964b7433a1c9badeea90aacd033c929e0d84,53;53;52;52;52,,,TRUE
1070,1,20771885,260d66bf6bc9ca8d3c986299cf521f3367a422aa0bae3706e42c6e9cad37a6cc,46;46;46;45;45,,,TRUE
1070,2,20781885,ffde8144c33f2735f5762f4fe4b377e7bfd35179cf4f0439a9b4744d5bace19c,46;46;46;45;45,,,TRUE
1070,3,20791885,c2a1d268744ef896573f11d37424e7ab0d4ea07fff7c450038f40cddb3317ec7,46;46;46;45;45,,,TRUE
1070,4,20801885,249f7e3420f2e761deabdfdf6a92a45a5643adac96eff8386f326aed6666e9ad,46;46;46;45;45,,,TRUE
1070,5,20811885,f89fb9f90aec5e7a8d6460861d95311178afce68bbf60c2e47497f99331c4d96,46;46;46;45;45,,,TRUE
1071,1,20771886,768a9d93f51dc8e9e8a50652d89f02649198d140a5fa892d4b578472cb40074a,53;53;52;52;52,,,TRUE
1071,2,20781886,c4b72777544927fa35ec08b9678c112862020f5acc4ae715a05c02de26d83db6,53;53;52;52;52,,,TRUE
1071,3,20791886,0b793994a232e96bcc766a4cc45d5cb0f9c137e3cf4fc985726accf8df6052c6,53;53;52;52;52,,,TRUE
1071,4,20801886,23c417a2aaa7b8a6659c1709360e066359141f54ed761e6ae1fdf1f6a5db60c2,53;53;52;52;52,,,TRUE
1071,5,20811886,9a74e67f23a6763a4b507271ca55ded5a9d9ea48cc2d0d73a93906476affe1aa,53;53;52;52;52,,,TRUE
1072,1,20771887,4a62042af43327e0d15e490606ec1412cda41a5390474fbb7b12e4bd9619419e,82;82;81;81;81,,,TRUE
1072,2,20781887,1eec3e1cb4f3b000781ee3335d2e43f3105370266dffdabee01181f72917b88a,82;82;81;81;81,,,TRUE
1072,3,20791887,6cb68dc669158091d4450827358856dc6042efbedd6e27a04194673d88be795b,82;82;81;81;81,,,TRUE
1072,4,20801887,7b72024ccd12f1fda7f089b73da0b89286097a7500cf2bbadf705a7aca459a23,82;82;81;81;81,,,TRUE
1072,5,20811887,d8ab47a67ec030f4aededfe53913a586dd05c6f117909f09cf7cf2946051ec17,82;82;81;81;81,,,TRUE
1073,1,20771888,40d346e7beb91322b568c8e04bf311e679a17fd1e8a7d29b0b8cba384aef155e,83;83;83;82;82,,,TRUE
1073,2,20781888,afc8d20415135ae8991472e089f8afcd99e3ee7051dff99d7b5d4a5bc413bf65,83;83;83;82;82,,,TRUE
1073,3,20791888,249c786a9709968ca9600601404f9a88ac78381b3888816fb7b04664faf41ed0,83;83;83;82;82,,,TRUE
1073,4,20801888,762bf4423f062277adfa67912e74940fbb2fc960f6062047948a51950d8903e8,83;83;83;82;82,,,TRUE
1073,5,20811888,cc127380f15cbb4f2d5b5487befebbc27123f708cafd66d1b18e8f8e37e40158,83;83;83;82;82,,,TRUE
1074,1,20771889,9746df1d24d53e8360474c77cbd79039f78c81fce54743e51504ce8a96075c92,82;82;82;81;81,,,TRUE
1074,2,20781889,b20eceb53a591ba7fb2a0e0611bf0007ee983aabf6a640d22bf4c9dec30da6d1,82;82;82;81;81,,,TRUE
1074,3,20791889,394abc427aa6fe37ef65ef102f1a54775cd12bf30cec08e2f1f59ce2460fb645,82;82;82;81;81,,,TRUE
1074,4,20801889,226bf6c17b7946a01e5fa2a534bc5605355c80f59baaf96babaf0e69280a51ab,82;82;82;81;81,,,TRUE
1074,5,20811889,cd0ad7bd59b4b6451ae0723e05b31d70b31162db42d6cbd6780550e42b27e247,82;82;82;81;81,,,TRUE
1075,1,20771890,d9193232da75a05efd147000754778ed566cfe38513aa723b64e4cce7ea04b3b,84;83;83;83;83,,,TRUE
1075,2,20781890,1519babffca88e0299ac95e2d50b1fad984f0897ebfcba76c694846c980ec20c,84;83;83;83;83,,,TRUE
1075,3,20791890,9d741373504b9d99abb185bd584efcaf6c94302375c450d8b2ba15261e301991,84;83;83;83;83,,,TRUE
1075,4,20801890,da6cd2025e2a28411ae47c916e85641eb7268cf05c5afc54750388a9e0a3f971,84;83;83;83;83,,,TRUE
1075,5,20811890,3e047688926b5cba70bfa9be8a5ca0912f39dfe1546c03d89b7aa543af06348b,84;83;83;83;83,,,TRUE
1076,1,20771891,23af0601d82c80480f8203891f6cf1a41091875e9ed916217a4f587b85691dcd,65;65;64;64;64,,,TRUE
1076,2,20781891,974d60c8e4409f8cc50e15b29a829dbde5c557bd823327377285e3a3ea24e850,65;65;64;64;64,,,TRUE
1076,3,20791891,915b44f478fd4977eea5db1921fcecc724bf6884638586c3ba86eef36a35d7b2,65;65;64;64;64,,,TRUE
1076,4,20801891,97fb158160e5044de1b5f0a40245c1700a29e012122a0de53263890656031a57,65;65;64;64;64,,,TRUE
1076,5,20811891,cfc5d5dc1ff2f410fdca8c6adcb98313f7d09776b2c383f27513f1bf70060a62,65;65;64;64;64,,,TRUE
1077,1,20771892,cd6637aebaf4491e831aba43edab23243214746f835008363b6a0c8e608e9fa9,84;84;84;83;83,,,TRUE
1077,2,20781892,275bd190161572d3d6992da6090b773ffd84da5d80df3661523a78c660267e6c,84;84;84;83;83,,,TRUE
1077,3,20791892,115b86faed40ff07df2191f2e0ed8d0c3212227799612d8a533829bc22293072,84;84;84;83;83,,,TRUE
1077,4,20801892,91e7e85ee91341456b69e1f7bfe23d82cc1a7943b8345cf1d4ea72bf31ec22db,84;84;84;83;83,,,TRUE
1077,5,20811892,186bdd6d25a67c502123dc122681d6c11db9be59ab2ddd199c770295fcadc2af,84;84;84;83;83,,,TRUE
1078,1,20771893,99e4098942ce8b3d93bc699cdd07b3a44882f90c825f357f4ccd6d88649ebec4,84;83;83;83;83,,,TRUE
1078,2,20781893,f933eb9b185bf5960b17e6db631864ac777a0157d58cc01906dcc8919bab9d1d,84;83;83;83;83,,,TRUE
1078,3,20791893,17431c177bb9dcbc4c2ef8e4918900482508ea9c526ddfb1d2c2eec5356eb198,84;83;83;83;83,,,TRUE
1078,4,20801893,41f728d95d5f56e9d7ae8619c27f56cb7ba19baa7fcb35148a4bbccebb8f718b,84;83;83;83;83,,,TRUE
1078,5,20811893,a7ec2f3cdf023cda61c387f035666242b3aa0200462a8bafae763732827dde03,84;83;83;83;83,,,TRUE
1079,1,20771894,0e3c3a7c4216fb6567ce988c4db7350c395def6402626aeedd6bc5ee5ecd4b3e,84;83;83;83;83,,,TRUE
1079,2,20781894,55015f355c1861c1159dd22b1a384b35ea33a4bfbcc7978b830b765810edaf69,84;83;83;83;83,,,TRUE
1079,3,20791894,abf418112bab00e6408dc65c6535ab724d567775af2c1441740c28e3fe0c53ec,84;83;83;83;83,,,TRUE
1079,4,20801894,ca1d1b041a32547acdd836a83664f5a1966f8667294a2ffdffb53941958b0c7c,84;83;83;83;83,,,TRUE
1079,5,20811894,9473f062ff8c6cc5c61229e524a959a2becdaa9e1a7a7d22ecf250c6847c3c97,84;83;83;83;83,,,TRUE
1080,1,20771895,bea4fbd2d1195d99dc9da19c48fe59d98db74af7792582ce30d97511688cbad8,69;69;69;69;69,,,TRUE
1080,2,20781895,f24a522852576478255ded8f9f15886e4dbf9199a77d4a36b8404d4a7f9a803c,69;69;69;69;69,,,TRUE
1080,3,20791895,29a957886a6decf951dcb30958d0b82ab29270c92569c7a0f3215cd144b262ee,69;69;69;69;69,,,TRUE
1080,4,20801895,c4c6c3401fc71ddd7454d67e82a306a2cf5d22e6b3162135863560928b88c5f6,69;69;69;69;69,,,TRUE
1080,5,20811895,ed99f997d332c6ea8c6013e8c832c3f925586c7410e9a936269582b6e3c6ddc2,69;69;69;69;69,,,TRUE
1081,1,20771896,f7ff8f28ca13f012ec255e4ddc62e1ed61137ba1718e291afd6a37334508a2a6,83;83;83;82;82,,,TRUE
1081,2,20781896,12ceab15a8cba521a9cdce10c6b4c805b453c546636cffeb25642560aba835fb,83;83;83;82;82,,,TRUE
1081,3,20791896,7e259f9de87bd0a314b4dca920aa57f9bab06b901672dd6d90a5cb2b5a895b97,83;83;83;82;82,,,TRUE
1081,4,20801896,e6bf65556fb3af9a62e0146bbec1f847c51136882fac928f90b03ed12f3434d2,83;83;83;82;82,,,TRUE
1081,5,20811896,c83d87a5fec2d444d741f0c78a61c0d3f8a8c29b52487fae5212aefc35f7653c,83;83;83;82;82,,,TRUE
1082,1,20771897,c2c2c1b4cca39da6780f519bae47e96defff90b9a93cb27a78bf8232d0c6758e,70;70;70;70;70,,,TRUE
1082,2,20781897,c5784cbc015b1e51e85b08c2c5b6d0abe4c3e64f7c6a818b48c10712c7731afb,70;70;70;70;70,,,TRUE
1082,3,20791897,aa49104dc0c4ce7cc22eb8071d81ddeb6b12c7cb2db2f46e46b911b44ce27ab1,70;70;70;70;70,,,TRUE
1082,4,20801897,9e40f42368b7bd4cbfdf55de86ee50fad404c63ffebb615feaf89ac1f14e7717,70;70;70;70;70,,,TRUE
1082,5,20811897,3e9d79b782f140ddfffcc8c6840b406dcf8a95ad43e0254951af5a86e15610f6,70;70;70;70;70,,,TRUE
1083,1,20771898,c769a26332937680b818b3e925c2395efe62100bee246401150d4d007a233573,69;69;69;69;69,,,TRUE
1083,2,20781898,c83e304bee4471a51a172fa72573df14171f1ef0ae2c09cba4bbf6260f2f0b27,69;69;69;69;69,,,TRUE
1083,3,20791898,33890c7e0763c67585b08b9386f6e848a11ae6c73d032c6e54b128fd5e265e52,69;69;69;69;69,,,TRUE
1083,4,20801898,9877dacae140221d9f5cc6f92d69889c5321f6db18881d9d568f37e6f9297bb8,69;69;69;69;69,,,TRUE
1083,5,20811898,affd5894039b533e5f0eeb9ff42da9677bea88385d5f244d3a591e670da25b85,69;69;69;69;69,,,TRUE
1084,1,20771899,4a9918cdae52879264235a53d6ed912183e4a56847db5297760d0c86916721b6,75;75;75;74;74,,,TRUE
1084,2,20781899,a24c16ed907f7d54741431ba0fc9f36e7645d1474f8ef879e2ebe2f78107233e,75;75;75;74;74,,,TRUE
1084,3,20791899,23c488050e645b3016a3f6836755ed8f1f1c634652666a216fb58c17e20748b8,75;75;75;74;74,,,TRUE
1084,4,20801899,e6366d3b43475e3397ea155db332b08300b8990888f4edb5a45eb9cf6e13dcaa,75;75;75;74;74,,,TRUE
1084,5,20811899,8785e9ee50a0b161abb73edb069dbc250a2cee030e59d97d9991b6861e5be932,75;75;75;74;74,,,TRUE
1085,1,20771900,f3ac6a60d3a5a20f5b55689420a5919eb25015008ae7480cc4cc466b059f948a,84;83;83;83;83,,,TRUE
1085,2,20781900,f7d52bb5e458d8f944108515fd084629ec17b382058e7982362a82bdcdf6be39,84;83;83;83;83,,,TRUE
1085,3,20791900,29e7ec8cfcf639b2dafb47362f17dabfc18908cbe7c28f9f82d1961d79e2dbc6,84;83;83;83;83,,,TRUE
1085,4,20801900,9253b0e566cdb44043c8128e6ae3c1142beee6590a6a8d526c614c7049f73985,84;83;83;83;83,,,TRUE
1085,5,20811900,3fc699212f0fca70e383bacd81e5b17a07f0d414c967c2e9f81c9fc76f9a9741,84;83;83;83;83,,,TRUE
1086,1,20771901,51900082fe03ca1b08bb7ca7ce47ac07ede6eeb610b1223838c98a0d7ae65942,83;83;83;82;82,,,TRUE
1086,2,20781901,39ddf51718f5d1a7e0122b69bdffc939a5238dfc7aa3728e17b4295d123988fb,83;83;83;82;82,,,TRUE
1086,3,20791901,e9dbf7cffdeddafc9142e5caf242ec8948e51705ffa0b0c756d098f5fba376bf,83;83;83;82;82,,,TRUE
1086,4,20801901,c031b1622e4a10dcb5e42c944d2f36b6232f3d252d94b25fd189457be70ac7d2,83;83;83;82;82,,,TRUE
1086,5,20811901,f3d9f0089996c7c785b9ce93e62df2f2ed5d545a5523331e57389a3a94ae2c91,83;83;83;82;82,,,TRUE
1087,1,20771902,50c6bff323c8e05d169f4a91b4cdb1189d28f69797bb5506e9ab06f0e98b2529,84;83;83;83;83,,,TRUE
1087,2,20781902,c16690ff46dda1211f02b17cbceb4a3e98e30e3cdd3b4c60d7632cbea4fc67c6,84;83;83;83;83,,,TRUE
1087,3,20791902,9e432bff6a1ce563673d5b04dfbe6f1ed29fd51e47781aac2653fd4326d05428,84;83;83;83;83,,,TRUE
1087,4,20801902,91e6a7b1001ce5aeee2a7cd48b4486201be42592ce0058cbebca6cd34612e54c,84;83;83;83;83,,,TRUE
1087,5,20811902,25916c11b2ad8809b8938238cd94e35dfdbcad3597f5ea853c2aa1c7d73a44e8,84;83;83;83;83,,,TRUE
1088,1,20771903,1aff84ed402df7535641b3c31b8dd75d56034269866362882c8655ecc04d1ee1,29;29;29;28;28,,,TRUE
1088,2,20781903,a85e1f79d62476504eeee85a91f9fc75c2486ea7553b38b7392f4f699da5f14b,29;29;29;28;28,,,TRUE
1088,3,20791903,895a210dd55f1f01fef045c1b670c755849f3a61e549292585ffd41584795209,29;29;29;28;28,,,TRUE
1088,4,20801903,ac05125359ded8fb398e26dbc3f55b255176254ec1e7a2b47d8331bf7c076b15,29;29;29;28;28,,,TRUE
1088,5,20811903,5aa0e14d34604893571a4cd4a6fb1406ea42c4bf91ca295a65771f8397b87080,29;29;29;28;28,,,TRUE
1089,1,20771904,3911904fdd5a8144429c1224a75e26fd440118ebda46b5ab6b5fc1c6d928abb4,46;46;46;46;45,,,TRUE
1089,2,20781904,cb652ca27ae084a0a0c4d91273940fe14e79943a584459f3c3e4e1b057d40cca,46;46;46;46;45,,,TRUE
1089,3,20791904,6bc432f906565513c8b32fec45c7eb54397b3664001899cf9e5d61eeb320473e,46;46;46;46;45,,,TRUE
1089,4,20801904,2c2a1e8a56856ebccb4706bef17a2ad5b092b3371310e423960b1b973734be8a,46;46;46;46;45,,,TRUE
1089,5,20811904,b778a6f95c56c37dd833acb52dc59ce7544ae1c8470be2137647d690c966021a,46;46;46;46;45,,,TRUE
1090,1,20771905,dcb2b884102293602e98281f8de22937cedbace85be76b860b5be27045680e7e,49;49;49;48;48,,,TRUE
1090,2,20781905,d2d3c95811cf7283642af87a77f592abdd716714a229e6b9f4c317e5da7f418c,49;49;49;48;48,,,TRUE
1090,3,20791905,a45aca23ff8e77cccd02e5329ef34fdf4b1cea7a8f33585b09afc0b73010da55,49;49;49;48;48,,,TRUE
1090,4,20801905,28774085deee5d262d6267b1c0afe4fb8663f08d0fa46e8dacea09234d1366f2,49;49;49;48;48,,,TRUE
1090,5,20811905,94eb55fecd5d7905d5fd1aefae3c71074b56c1ac7fa542a50d416b098de5cb25,49;49;49;48;48,,,TRUE
1091,1,20771906,40b8985cb7406059a126c9b86ae6a182d0462b2f0e5c34d24a494483c2509c44,20;19;19;19;19,,,TRUE
1091,2,20781906,f7d16cc4b05e8caeb7d6806a02443a1e8036f156058e73bbe22ed9dc8d6664a5,20;19;19;19;19,,,TRUE
1091,3,20791906,93fa83bbe4eddd6399122a4f9917d0f2f4c5aa9aaa2da2bf806ab3022fefc556,20;19;19;19;19,,,TRUE
1091,4,20801906,89b3a01150d76e8f01567e01c27d62331d0bcdaa871dc5ec8975caa5f001d808,20;19;19;19;19,,,TRUE
1091,5,20811906,04e03470eb567e665ec0b31643375749ec015164e31502b6d7c02e692564209e,20;19;19;19;19,,,TRUE
1092,1,20771907,3c899c73b22f62901ac6c401bd697aa7f9aad943fa642fc60ffc15760aaf9e0b,20;19;19;19;19,,,TRUE
1092,2,20781907,f4d503f63dfe018693c9900dd05423555bb038c22110574d55ffd9fff0a56632,20;19;19;19;19,,,TRUE
1092,3,20791907,67ddefa3ed61e4c2a9e07bcfd284ce09b52e3882a0ce0b2e684bf10f0f7ebcf1,20;19;19;19;19,,,TRUE
1092,4,20801907,9dba5b97cf0abefcff1ea4332c3305f048ea078b9dcc51b8b32970f22be0e6bd,20;19;19;19;19,,,TRUE
1092,5,20811907,4eca061b0a4e14be643ec3d2096178235232ad7095b777e3ae325015e5ac1740,20;19;19;19;19,,,TRUE
1093,1,20771908,a285d20d52b06b80dc40464a6c8c45ccbbf59a4eb823836aa8156efa2948daf7,46;46;46;46;45,,,TRUE
1093,2,20781908,6ea8b247961680947508bae96e0714a68133aa3cd83b6b2615645965bc312403,46;46;46;46;45,,,TRUE
1093,3,20791908,109b5dfb9fc4f3b28ce8ce07a759708ca80156f7ae7c12adcd524a0b532691ca,46;46;46;46;45,,,TRUE
1093,4,20801908,5ce069f16bc253d12c373104079526e27c59fff7ecfd0a30e2ae89e705338ffb,46;46;46;46;45,,,TRUE
1093,5,20811908,54c65aa48095aee07c9f2a6d804c05b99e7498b7b6971c2cfca00f55b320ca54,46;46;46;46;45,,,TRUE
1094,1,20771909,b1273ec912a9c8b432a842cf97374aad09b9bdaeb8d0652679b2eb4348aa8027,20;19;19;19;19,,,TRUE
1094,2,20781909,de05d7c662318c69a026a7c96f265e457db3944028c168375cb1e88d20193c69,20;19;19;19;19,,,TRUE
1094,3,20791909,a9553ce5dd87460268ac07ed13e52feb78fa1c0e3251c1fa3e72c6c6a48c9e44,20;19;19;19;19,,,TRUE
1094,4,20801909,41a3913eca2929fe94aef4c1b979bb4c1c2f8d04eb6de21c532e5f76992b02a6,20;19;19;19;19,,,TRUE
1094,5,20811909,c92a4fe53bcf44d22b9d81b66241911a19ccda4b3e92e854d0edaf0ae3652095,20;19;19;19;19,,,TRUE
1095,1,20771910,96551d1579187e275b8a0b78ce3986f51bd96a6f501d4a14b18e094e8a5a5f58,88;88;88;88;88,,,TRUE
1095,2,20781910,52a0d2e355275a80c8bccda5679914deb06eb15cb9b7641421d3649588e2ba17,88;88;88;88;88,,,TRUE
1095,3,20791910,49a5f461aae0f25e52540bfe14d90dab06d621891a7f5d5576ce18f07a07aecd,88;88;88;88;88,,,TRUE
1095,4,20801910,6acbf27143c34c12825bafa78cec0433882a8374659a21a0070bc828480e0180,88;88;88;88;88,,,TRUE
1095,5,20811910,444e93b8e9b404238116de7b9923f64be1096b7900c0318b214fe82f5d5285b2,88;88;88;88;88,,,TRUE
1096,1,20771911,039af81b95f9e823799b3390f1f71b268b8d6c93f9b5eab3202df2024d84a077,88;88;87;87;87,,,TRUE
1096,2,20781911,80c321c0aa3cc0f50c5d79a728e3216caa68203f57ab6649ee33304f40e85b58,88;88;87;87;87,,,TRUE
1096,3,20791911,768f240941e1835d349c1590a6ff3471ac6391d50adb08ddb387014b824002c2,88;88;87;87;87,,,TRUE
1096,4,20801911,a14af1568ce59c8270d52790a3ee2f18690dae3be812dc82cbea73873008dcb6,88;88;87;87;87,,,TRUE
1096,5,20811911,9b82fcd4bbc4f8686726d77eacc32c04bc2e9b4453389afc20b1e2690918627a,88;88;87;87;87,,,TRUE
1097,1,20771912,a36789566dd116c57827b44d9d839dda92f1aa8d7902a2ef3caed0829bb3a269,90;89;89;89;89,,,TRUE
1097,2,20781912,57f9805cc29e83fec2486c1314d387b03f6ae5e687e2306318babe9c7ddbabaf,90;89;89;89;89,,,TRUE
1097,3,20791912,25c2ebf281317df938800f795551282cbdaf000db6db79f6146ff074517bb746,90;89;89;89;89,,,TRUE
1097,4,20801912,8809dbc228b8228c33b0cbb3a530ca4a4fbb94e59697c110427ba62e9258518c,90;89;89;89;89,,,TRUE
1097,5,20811912,b925be22a84c2710db87c5eac09eeb6432ec77d68e79fcc91d02691964d9deab,90;89;89;89;89,,,TRUE
1098,1,20771913,d686b1c743125bcfb74f2bd71c51d9b40c4fb4f8079c6915b0512db33979c410,88;88;87;87;87,,,TRUE
1098,2,20781913,31d69b8dcc228ebdfe7fa32188eacd622d5e3a84e8fd82b57f5af10ebffc2323,88;88;87;87;87,,,TRUE
1098,3,20791913,66054530ed5b4feb1b342bf87e47275d17ef0033895780bfa0cadb84bf077b58,88;88;87;87;87,,,TRUE
1098,4,20801913,a8cda55da1cb9190e5bab0d2e10b177f7b7720d2fbe628972fef8841b5708a0d,88;88;87;87;87,,,TRUE
1098,5,20811913,02e96118512921d5804b5a5438caa88050e8ce3e5a5b4a11d7c3d2e33e566cd1,88;88;87;87;87,,,TRUE
1099,1,20771914,b308214ae0a2aff297be466de70e14b1c7ddfddf48f079ed793c836f08529ae1,88;88;87;87;87,,,TRUE
1099,2,20781914,dc968dc032747d59a737e61e98e1e2faa2cc9299a1ac339ac6896a29ed7615c9,88;88;87;87;87,,,TRUE
1099,3,20791914,b65f828fad9cdc8af953ef662602a8a3ca45f45536c5c4412763fb30a9c66183,88;88;87;87;87,,,TRUE
1099,4,20801914,08bacf6af53d0caf5f58ffa71a07241e468856fdd1ec133b33b04caf70332461,88;88;87;87;87,,,TRUE
1099,5,20811914,e8fb1019afc2897da4584a0620c084c05e67ff27811e980e7b69f24c27a5a570,88;88;87;87;87,,,TRUE
1100,1,20771915,38ba1c6465700dd02c93d430e3339a2932eba48688d37ce92294b17fa03a432f,88;88;88;88;88,,,TRUE
1100,2,20781915,c0a5a5d2046e4d33a5282b7b6540ec358e6d49fe4314e093d6e499da1cdbe85e,88;88;88;88;88,,,TRUE
1100,3,20791915,e5214c4f1921baefdf72595ba394b18baa5f06f63f9b0726cb185c7838c8c9bd,88;88;88;88;88,,,TRUE
1100,4,20801915,01ba7fb652c279ffd8b74f3b72774a0604cb261487644a059a507419134a3734,88;88;88;88;88,,,TRUE
1100,5,20811915,9384b2f9028495cff3c9fe81d45923dbc9adef26c191a36db71370c479ff27ca,88;88;88;88;88,,,TRUE
1101,1,20771916,ede9b618972f960652704bb399b0eb335eba7c00da42669e2751e793ea2f5fc2,88;88;87;87;87,,,TRUE
1101,2,20781916,45c5a161bfdfed61ac020ab2c3cc4ba3fa178427b58d3bf08a8dd5dc5bd27a14,88;88;87;87;87,,,TRUE
1101,3,20791916,489853405f1fd8ee066d64e0d528fafd627c837b5a8bfb1a59622380d0f15232,88;88;87;87;87,,,TRUE
1101,4,20801916,f91fef5c435f772e0a3b148c49dbc95afcb14bdf37373a70bcc1921b371b372a,88;88;87;87;87,,,TRUE
1101,5,20811916,9ddc58cdbb4d73d60a753622ec41eee35592b6678173dd1f3345e93d1ebbdb80,88;88;87;87;87,,,TRUE
1102,1,20771917,97128fdfcd78988b56b244a1bd077d4111c2bfc50c945ce5934663ace4b82319,84;84;84;84;83,,,TRUE
1102,2,20781917,f521f92b2796096b3ac2b16a8e2f0e5806c3057fadb5c23bd92368a8f58d05e9,84;84;84;84;83,,,TRUE
1102,3,20791917,9f549a0427c5ceef5b8e913c96d366ae320a0b65825fbfe99ee4bf8780d9e5fe,84;84;84;84;83,,,TRUE
1102,4,20801917,2bd3c6dd30353d0aef40d99e8fc1c5618a043a688ee3f578ace52fb289e117d7,84;84;84;84;83,,,TRUE
1102,5,20811917,364298cd9bc4f644c6d79104bcd50e22700d44fa6241952c904e9a38988bb0f3,84;84;84;84;83,,,TRUE
1103,1,20771918,5304a10330b2ba2d45ed38cbcbcd42e4f6c6d21c7584a0f12bf5db35d0debd59,88;88;87;87;87,,,TRUE
1103,2,20781918,acb2ee897ea64d42be7abd48ee59b74f41258ee1394457a0d1e04e602e741580,88;88;87;87;87,,,TRUE
1103,3,20791918,0edb49a6be6409cfc1d8d67034ef90e4dd19d2605f1b8a25f29f22e5ad669d12,88;88;87;87;87,,,TRUE
1103,4,20801918,e7e50640824fbb59a194d392e420e42515186e1dfafe0f1365ee015508d06852,88;88;87;87;87,,,TRUE
1103,5,20811918,14916cf971608b7771a8b6c4a2bf6422c2cf61828ca4c5efa0ff88b932416755,88;88;87;87;87,,,TRUE
1104,1,20771919,4382712ffb9c9651c8b9f4f81889d1bb9482a8f9f64f16f69932bab7c27dea2d,88;88;87;87;87,,,TRUE
1104,2,20781919,a2f9e3b31ba8e9b8500444b9f3e7d747bdb977298b388af2e52d188083cf28f2,88;88;87;87;87,,,TRUE
1104,3,20791919,a972d47b6e0ff8a28e7d338abed3b23bd797126beebfc23e26faa83fd761f92b,88;88;87;87;87,,,TRUE
1104,4,20801919,933abc429b80cb02f98477f6b13ee70fd39c34030cea663cb5afb4176b012629,88;88;87;87;87,,,TRUE
1104,5,20811919,19425b7a2946ce9fad07cb9adfb35d68de61e5a47f69458b38d1c9411a42100b,88;88;87;87;87,,,TRUE
1105,1,20771920,af8d6648aa3da461ac36310ef0447cb1a261a4bd5076772ee00ae59d3e3298ec,13;13;13;13;13,,,TRUE
1105,2,20781920,e7c71bf28a773ca9331b630262dabffd0efc37d75b793ef8294bd2f8378eeb38,13;13;13;13;13,,,TRUE
1105,3,20791920,d31013be0bd0f57b48bf87d5d669517f83341385f6d689592a79d5008f187acb,13;13;13;13;13,,,TRUE
1105,4,20801920,e7e82e1d7ff60ee9852b2bee3b4a73537eaf82bb71aeed73c3b86a11529096a5,13;13;13;13;13,,,TRUE
1105,5,20811920,a2cf7a96a9eb5031cfdf34361dd15e562d39b6d27dab864b672f59010740f6ac,13;13;13;13;13,,,TRUE
1106,1,20771921,735053d80766ee765abf81885b06fe1b5d26646ad054607c8c73205b509bd8b6,13;13;13;13;13,,,TRUE
1106,2,20781921,a4ad32a49a02222e44333b89a934e281d8c51b26da2143fafa82675d33ad4060,13;13;13;13;13,,,TRUE
1106,3,20791921,0581bfe9492a899c69fbfbc29b01c1b23fb11dd90e7bfb315c958a0a0b259ce4,13;13;13;13;13,,,TRUE
1106,4,20801921,d090ca937b2ff2a81b35ad2726a6e64a01c599376a07e30be1f72943dc6e6c24,13;13;13;13;13,,,TRUE
1106,5,20811921,ec375caf2f30629f797a81cf5d484b3622ff51b2f86e6e7d3f3a6c09b780109a,13;13;13;13;13,,,TRUE
1107,1,20771922,a093d921505d34fdff5d26c6613c936058a80de6be1d685d3a66f1897ae9082b,13;13;13;13;13,,,TRUE
1107,2,20781922,fd0b772f46367d89214273ef3d97b633b0dfd01ffd0a6917dca0029df9fa457e,13;13;13;13;13,,,TRUE
1107,3,20791922,9763d9927699870e1b63e1ac0e93b8752ea171506d473696111253711a90babf,13;13;13;13;13,,,TRUE
1107,4,20801922,cf4ceee78422c114d94652ffce9871a2a70811130650a438a71bd429476501fe,13;13;13;13;13,,,TRUE
1107,5,20811922,092e96882586bf769a41a74131f7a810a05a5557d4a12c7f3963dccfd938304f,13;13;13;13;13,,,TRUE
1108,1,20771923,57b89494fc205b778093f3ce62236317746ee2cac6b988dc31c697e0a7058ed6,13;13;13;13;13,,,TRUE
1108,2,20781923,e5343ed9699529dd2d1b5cc92d802033cc59392d678afd63fe22c72170ffe11b,13;13;13;13;13,,,TRUE
1108,3,20791923,d8bedebc915543457e8ef4766e4b9228353c8425359e74c5e41bbe28e039ab54,13;13;13;13;13,,,TRUE
1108,4,20801923,10ce7a014f3e96403ac1af166c2e8de0e4d1fd653900336d84493a3e6b5d6a13,13;13;13;13;13,,,TRUE
1108,5,20811923,be1adabe0d65e5808675e043d89a09264335aff55f65839673714c60aeb8edad,13;13;13;13;13,,,TRUE
1109,1,20771924,b6ed7b116f05d947e9cb1b5935e2e1c79ff2bf28d577aa3c3a337dd471f802ea,13;13;13;13;13,,,TRUE
1109,2,20781924,158456bbee46c4763fa3f80597e98f26b4c5c5aecc37d8e6e4c65eca0e59a6e6,13;13;13;13;13,,,TRUE
1109,3,20791924,559adff891ca5ae42556da5d34725ed9fcac057a3ad759f283d8b7c5440335d9,13;13;13;13;13,,,TRUE
1109,4,20801924,c964af35169ee0ff55f433f596ea2c5e0462b1a8c3facfe63356d34de0fd6196,13;13;13;13;13,,,TRUE
1109,5,20811924,3f1f0e76e149351c162bbdffddfbd77a5f72094e6e347819b0cbc8ed503ab422,13;13;13;13;13,,,TRUE
1110,1,20771925,1e3ef0af9dfbbafd68bf79231d0a6fb005fb3f504ce3a92aeafcb87d0fd46875,13;13;13;13;13,,,TRUE
1110,2,20781925,c0bd7261eda888bfb3b180472f6d9c84e0b5dd63e3b2e9383d5d5925f9950887,13;13;13;13;13,,,TRUE
1110,3,20791925,eccde620be421a279bfd0f7ac902930528bf09d5949ee83c31abf59e273e6431,13;13;13;13;13,,,TRUE
1110,4,20801925,c281c03eb0debb3eeaa5259e11cb89de64ee7ef95577f245844db4030c265145,13;13;13;13;13,,,TRUE
1110,5,20811925,7bdc98c15b55d9ed27326a1e479e3bb53eede9ec1d1496e4ece6827cc5c51810,13;13;13;13;13,,,TRUE
1111,1,20771926,11d235e58ad35400a1f2bc6c001964589ba42e0a3bed60b3cc71ff901898ac5d,13;13;13;13;13,,,TRUE
1111,2,20781926,27b979a307e14a5c6677387afda549d3e551b592bf597920a4f266ab55951a18,13;13;13;13;13,,,TRUE
1111,3,20791926,136a1bb1199386e2d2868c5675d66993039f4c1b1fc6772126925a822fe29129,13;13;13;13;13,,,TRUE
1111,4,20801926,0c35407687ad29b888d6ba143de2bec32e6890ac54328df0b91e8cc4defb32c4,13;13;13;13;13,,,TRUE
1111,5,20811926,b8fcafc069d891c6b76064e1189dbc6b5e80c205334b51e68589d7b4b8702d05,13;13;13;13;13,,,TRUE
1112,1,20771927,664e7e08e9010fb3cfa019cc140132bafa64242d082b303736f33d7a8cd66f16,98;98;97;97;97,,,TRUE
1112,2,20781927,9dba244f2e21fc9bdcfee0d57acb59ffaa4d102973b2389f3d140e690d5c54ee,98;98;97;97;97,,,TRUE
1112,3,20791927,75059a3ad660f4c79ca1af4219f1de7bae484ee6dca2dd4aeaa6096a174311cc,98;98;97;97;97,,,TRUE
1112,4,20801927,f409ca3b0c837dda55c5cb4bfb89a76b3f1a47a1f2da3c28d06d48c813f85ff7,98;98;97;97;97,,,TRUE
1112,5,20811927,a3bd6c601a2429841c237c12c08b7c87faa9ecc17c42d209bc9a9e57d30e00e7,98;98;97;97;97,,,TRUE
1113,1,20771928,dd15c8afbf3f030420161ebf8fb84fbe43d9bf26a6ffe766755917af14f6c21a,97;97;97;97;96,,,TRUE
1113,2,20781928,113561f5d8ea648287f31bfc0af209c81eb44f154458970f505ee9d77944119b,97;97;97;97;96,,,TRUE
1113,3,20791928,dd6df01e9d2794d41111bec34319b7c1b98e1493f96fdf4ea1e28b03b4c65171,97;97;97;97;96,,,TRUE
1113,4,20801928,7d7b7e185d37fa5324b8286a8e0f2bc1eaa6193de75d109d8391ce13c6cffc46,97;97;97;97;96,,,TRUE
1113,5,20811928,03b60c2d21722cf31d74fdd9c7f91d8c16f1e9f5c723b9c4140141736c25555b,97;97;97;97;96,,,TRUE
1114,1,20771929,cf758f42bdd987722d918efcf0143da4aec0d11b0afc02c112525fb349bbf77e,98;98;98;98;97,,,TRUE
1114,2,20781929,26def4dee798ce49d0aa127a4afb25aa84077a90c0336d2819c6fb5f1b8321f6,98;98;98;98;97,,,TRUE
1114,3,20791929,ba444a3502d1a17f2899a49fbf3d42359fe60e0a7b4d8d3d62082255e82f46f9,98;98;98;98;97,,,TRUE
1114,4,20801929,1ae97ef51d151df6ed71992fe6b27584def1e98aa3d1fd5636a19edf8c6d0677,98;98;98;98;97,,,TRUE
1114,5,20811929,d20d837002bd3ac26e348fb89e76f2da4d322c45edd9bc9e2a02cdffa9ad243d,98;98;98;98;97,,,TRUE
1115,1,20771930,ad1dafe373d32ec8f4c4949727aa2850996ad91ae011989dddd81790ed8e3f39,98;98;98;98;98,,,TRUE
1115,2,20781930,ea61e636af511f527a8e94a951a7be7ac5ffdc60156543d78b0c0217b45f416e,98;98;98;98;98,,,TRUE
1115,3,20791930,e6145d19245c653abf629a1bd5a4843e020c4c39c2dc9776160e178f621253d0,98;98;98;98;98,,,TRUE
1115,4,20801930,b1bcbd1010e730c14f64b6c8ec109415e0e85161af40357c984d19c9c56e1d54,98;98;98;98;98,,,TRUE
1115,5,20811930,fc01c3808372c7a72153ed3866bcc88a635d62919ab170eee89c6e3794561245,98;98;98;98;98,,,TRUE
1116,1,20771931,9e4092bbcc6bd4d6d196dee79241acfc4654b5a01222a50a1c22b9258a6a79d1,98;98;98;98;97,,,TRUE
1116,2,20781931,8f747ee239c6b13f12bf059c782782a092b8926aee1b81e7ae657b06b6fc75d9,98;98;98;98;97,,,TRUE
1116,3,20791931,20a73c7cca3c35749e4e009b197f483c130970855d58898165e00a6d357d8ca9,98;98;98;98;97,,,TRUE
1116,4,20801931,b4322a50d3bd1d1d84e8c5d76953db6d845ba4ce91bc43c3df09663702c3044b,98;98;98;98;97,,,TRUE
1116,5,20811931,c48de922ac18b4e1bc9d58e7f7a3d1151f333f0b571d31263872c0cb92d41b10,98;98;98;98;97,,,TRUE
1117,1,20771932,ff44ea17a37c18e83730b574440b937b0d64a0bb90abb650836102ea613290fd,98;98;98;98;97,,,TRUE
1117,2,20781932,526aa0f88c536477c01fb2b648420b86ec50ec09d0a8103020b1f017270b5974,98;98;98;98;97,,,TRUE
1117,3,20791932,aa237e215484f69ddc537fcc725cb9a9a5c3434ebc19dec6ebad1ef27c120638,98;98;98;98;97,,,TRUE
1117,4,20801932,acb314b2150344af59704500d6874549736909ed9fff61870f1051672112e02a,98;98;98;98;97,,,TRUE
1117,5,20811932,fbdc8490e8f2ed1a8fb7bde8652291751e4dad4026f268353fb6165fb5365a9e,98;98;98;98;97,,,TRUE
1118,1,20771933,61df9c45fe7853c4ba7d8f8bf69b60410de2c5d29136bf4b838348669da34042,98;98;98;98;97,,,TRUE
1118,2,20781933,fd0279741f2e5112d87a96b91251f2ef550ebe4b6e64b66c93c1a03dd143637e,98;98;98;98;97,,,TRUE
1118,3,20791933,fc1c5d34e9a32c4c9de1e11442a039875610c6587309e94c6c8b569470e09c65,98;98;98;98;97,,,TRUE
1118,4,20801933,f8765ea17d98612fce9c31d55a4bf39c2f07d942b2591d6b65f97010986311e7,98;98;98;98;97,,,TRUE
1118,5,20811933,06c544781da10a5bed9e7fac96f533aad951f662d7cbd120ff24392c9c4b3304,98;98;98;98;97,,,TRUE
1119,1,20771934,c24aa73adeffca0ba6a84b33efb53e610326eb27772dfa2e84afe04a26c646c2,63;63;63;63;62,,,TRUE
1119,2,20781934,acf18497e62427c6b89f00ee9a1c277a85535a87a9d7ad7955f5fbaceec06181,63;63;63;63;62,,,TRUE
1119,3,20791934,b0d2a7df02ad8939950c218c44f33b70fa9a5958793bc46bcb6b90766d859ef5,63;63;63;63;62,,,TRUE
1119,4,20801934,af6df7b049369d91685e4b76a66db0be020a26c83d4e00702451ad647a7a1043,63;63;63;63;62,,,TRUE
1119,5,20811934,228f9c22d11a6938046824a8b91338a27caaeee7f295e5fef8fa3c4f97c783eb,63;63;63;63;62,,,TRUE
1120,1,20771935,ba582247349d23d1046263f52304b9cc797de8b5c7b1a24c1c28049506a255c1,96;96;95;95;95,,,TRUE
1120,2,20781935,d40e47fdb87ae67ccfaf7d49590dc8235ba20d329156891de68d0733a6755539,96;96;95;95;95,,,TRUE
1120,3,20791935,238acb74a6eabc4ccf64493b436616dc23cdd1fe5f1d4004c2698ee93e55f71a,96;96;95;95;95,,,TRUE
1120,4,20801935,b804e66ab0f1d8ef793250db0d35474a8e52d81cc2379f07adb62c43825aa201,96;96;95;95;95,,,TRUE
1120,5,20811935,da6f2d0092265cb232348ffbbb27f33bb1ea9ebca0c94c466da3ca0ef5b7b69f,96;96;95;95;95,,,TRUE
1121,1,20771936,eaf984f23a99eacd4f962be54b17823fdb33e291a067ddd19af5fbd05ea1ba35,98;98;98;98;97,,,TRUE
1121,2,20781936,887d023de49e6c65686a3743387331c88c030dede29e52d148fd234f35bb9090,98;98;98;98;97,,,TRUE
1121,3,20791936,495a62f50dd8f4c48acb07e1c25e2a3a3e5b63a0bc09ef7443b63be4ecc61fbf,98;98;98;98;97,,,TRUE
1121,4,20801936,84382c74ccabafe849fe7bcc07ee29734a97e7f05bcff3fece1e38f74099c256,98;98;98;98;97,,,TRUE
1121,5,20811936,f6cbfe653b9646a0806d559729efe70b81a44f452c1fe695317e7d4564c656c2,98;98;98;98;97,,,TRUE
1122,1,20771937,142dd2cb6f193c80e689508a3a39235ca6288f160a9a0d1ed3804581172f583a,98;98;98;98;97,,,TRUE
1122,2,20781937,f3b5ae75cbc46953e2ef6f197907626172e42ce63942ccdb15d285753850561c,98;98;98;98;97,,,TRUE
1122,3,20791937,7b755ca24d3acaf40e3e0bde1daebf384c6d0995ea9d328c9e21299921062f60,98;98;98;98;97,,,TRUE
1122,4,20801937,e66668a706554a9e197551937f4955fc5941e9ff2a9589eec70ac0f8ae434d02,98;98;98;98;97,,,TRUE
1122,5,20811937,b8a84e48887db5c6c9aa7726abc2d4e1db8d6ae1336e7936a80ab9d2e2e8710d,98;98;98;98;97,,,TRUE
1123,1,20771938,93a56b3b10dcf56effbda0fdc3652afec02b41c8a8e46c02809f98d88ed29eea,98;98;98;98;97,,,TRUE
1123,2,20781938,0b4e4f1f04e81eafec61552f748736f39282d6988c694fe04c529fade11dbd0d,98;98;98;98;97,,,TRUE
1123,3,20791938,9e32cc28bbe6c8b134d5a646ce7943247467475be8ae85e235b06b528b66bafa,98;98;98;98;97,,,TRUE
1123,4,20801938,9cce3f674f951511340696f9557b76a88e4ebf923987dbb95efca9d1bf74f751,98;98;98;98;97,,,TRUE
1123,5,20811938,6aea0efd0d190e48564a6d083769e9c1ee26e1c386d349bbd6bf7d4c0fedda23,98;98;98;98;97,,,TRUE
1124,1,20771939,eb310d89232b91ae2312c7200749cb68f0ff4f93d8ddc1c45f5c66b6d1078689,98;98;98;98;97,,,TRUE
1124,2,20781939,0fb397b7ce07ffec4c48004c578e24c816159ad0cff3f2bba3c4d10bba0b7c63,98;98;98;98;97,,,TRUE
1124,3,20791939,cb891c17af116424b0d8bb8848d5e218c8d7698ac583c1c8cd6554eaca653aa7,98;98;98;98;97,,,TRUE
1124,4,20801939,2d3dc06b5da24aafb6f890b23cea534962dcf5681e7325bcdb06aa2b91022bdc,98;98;98;98;97,,,TRUE
1124,5,20811939,2e8adb2c53c7f553a1057e7c99af75db575d4f1cadd8a8dd59c8bd1e856e0ed0,98;98;98;98;97,,,TRUE
1125,1,20771940,578a7c999b3a00fea1e5a1d5fa8ad4595c99a980239897a732123044ab7058a0,53;53;53;53;52,,,TRUE
1125,2,20781940,076ccb20a035246f8ff14e9a8c375c36588aeca4a89c395a3e452fd9e2f3af6c,53;53;53;53;52,,,TRUE
1125,3,20791940,b4fe3c91a0cf8c3858ce323c9edd55649c4154a0c63a9f513b7c80d90073f396,53;53;53;53;52,,,TRUE
1125,4,20801940,5642f1ee1398254f06cf0b12bd907ca829136ebb59653526107774e3bf49127f,53;53;53;53;52,,,TRUE
1125,5,20811940,00793a0b0f4d78680eff08ca2f1ff3b49d7acecda32f35e88f3beaf880570e22,53;53;53;53;52,,,TRUE
1126,1,20771941,1f39b04179fb2cb0ca91af054c68209f5e5c390c0e272ce7347258cfa75e05e2,54;54;54;53;53,,,TRUE
1126,2,20781941,e4d3c541e5ae4fa88730af89447d50deb7ba6b98a902969eab9e2bbb6e6f83c8,54;54;54;53;53,,,TRUE
1126,3,20791941,03e334018351ec90ce0c34cb517fa64cea964bec69d212fdc63361b01a3a1aab,54;54;54;53;53,,,TRUE
1126,4,20801941,e92831f4e7f6f0833d60888b06a702a66b4974714fb461a3f11d23b65c9cbc73,54;54;54;53;53,,,TRUE
1126,5,20811941,19a495f6c59d49a0efcc7ef902c3fb86488e9cb432a4c66bf8e1e44f7e262d65,54;54;54;53;53,,,TRUE
1127,1,20771942,8156754d4bcdd598941ded331e752ceea9595dd821b90ce0e6d5655b928197a7,53;52;52;52;52,,,TRUE
1127,2,20781942,fefbc210d96ab2b23d01945d048027b90f4d2c355b342a66270223095e014153,53;52;52;52;52,,,TRUE
1127,3,20791942,dc44f52bc7b1bdbe1fa92e10d0a3919ec853f0abaf2046b0c023bd2fc05728c5,53;52;52;52;52,,,TRUE
1127,4,20801942,049d30f9be52d0249fd40ca2164cd2f1f6aaedc288baff0e5e84b7c3b8d18b87,53;52;52;52;52,,,TRUE
1127,5,20811942,e3a58e3a4a0b8c7009fb60d64920842eb066617f5777f1ecd4530be91d93da9b,53;52;52;52;52,,,TRUE
1128,1,20771943,5c97336342d418239cb823f150320572091779d5e3163edf89863af82d05f941,53;52;52;52;52,,,TRUE
1128,2,20781943,8a12bc3107f1384f5b6ead9345b04598c60a604023c1a2566a70d5a4521dd503,53;52;52;52;52,,,TRUE
1128,3,20791943,0a1f84ec3d5dc817e14a0e9f1399b025f9a1f704b3329e9b7b63481d6c66eb93,53;52;52;52;52,,,TRUE
1128,4,20801943,69eb68e5f4db5d14fdc4d8b00641ce9dc8363c0124449704979e91140e41f226,53;52;52;52;52,,,TRUE
1128,5,20811943,735a44508c01fd30db15a73372ffe12d066d78693389125a147977697714cbea,53;52;52;52;52,,,TRUE
1129,1,20771944,b506e2f828bd95ac7c7814eea9175eb2de42a97d6615df39e8960941ceabd0f6,53;52;52;52;52,,,TRUE
1129,2,20781944,7c692e6989745ece8b71bc7120006e201942c331238285fda57d2e2c3a47fd1e,53;52;52;52;52,,,TRUE
1129,3,20791944,bc0da7158def7bd817f9aacbf2eeba593c97185ea804b6f38322cb80f217cea5,53;52;52;52;52,,,TRUE
1129,4,20801944,9b8a304c201e878763b44bde046fbdd4a0cabe7dac05703d48347f0c7e86a0a9,53;52;52;52;52,,,TRUE
1129,5,20811944,ba7adce869fe57f5ddcdc1eca65cbd84e3387e07303ca6ffeb3854e59539ea4f,53;52;52;52;52,,,TRUE
1130,1,20771945,c6ae6abee8a29c09ac6e027eb4645aba4c1d3a4417a21a124aa7a1df529c7292,53;52;52;52;52,,,TRUE
1130,2,20781945,576f1a96abbb779275bf4dc8edaa48d4a8102f9385a96c638552d6e9b63aa10e,53;52;52;52;52,,,TRUE
1130,3,20791945,241eab676af300c7a4c3be7ae69b06a198666d8be21c7c0245fd29f08ee37bc7,53;52;52;52;52,,,TRUE
1130,4,20801945,0ec4226e592b4226c4433f8b6b9d7e3f91b0334dfa90b1563188f7c670f64df1,53;52;52;52;52,,,TRUE
1130,5,20811945,2d153dcb34e78596cbf515a86ce0f7a76de2b5558cebde5d4eee9f174224251c,53;52;52;52;52,,,TRUE
1131,1,20771946,8f97c7cf222b324ab86de4c70f2ddf20d1937946f03f696e3dc31245bd9476f6,53;52;52;52;52,,,TRUE
1131,2,20781946,03458d196b486b89f2935e9c9c7d1840e5ac577a8d3bce42c05838dbd08861bd,53;52;52;52;52,,,TRUE
1131,3,20791946,beacf364c46f182724c105dfed1b6f55595abc99928ea4b1eb7a45511e550b65,53;52;52;52;52,,,TRUE
1131,4,20801946,af630d69248479412b9e94ad4ec250781b91739ce25dca2fff286dc025f6a3ec,53;52;52;52;52,,,TRUE
1131,5,20811946,5c72a5b2fc2e4613e9819d8780f449ac843b80e066d29eb29cd4a9e94199cd9d,53;52;52;52;52,,,TRUE
1132,1,20771947,d120640ca7c4dc1edf513a1762d13884b39e48f838a11c14d093fbaa0b277acd,51;51;51;51;50,,,TRUE
1132,2,20781947,c7c8fe4de6f227fb336f3f02c3eb4adcfcebc168a862676ef72abedc9d5955cc,51;51;51;51;50,,,TRUE
1132,3,20791947,26cb74fa239a05fb066219a840df58d6837dc3de0d6cb1b81467b56fb158017a,51;51;51;51;50,,,TRUE
1132,4,20801947,923b9626d2c8e69f4c6429573d8fb365fcc4dbc661fc6be7991509dfb9be705a,51;51;51;51;50,,,TRUE
1132,5,20811947,dd167cafbcbb04b38c55e27a8ba354a2d3d103d0314140d30519f1e8b640d1ba,51;51;51;51;50,,,TRUE
1133,1,20771948,cc06319d464a37bd25584ffb24d0d09231b88e21c74d9db51f95b56480b00cc8,53;52;52;52;52,,,TRUE
1133,2,20781948,7fad4f91b83da4965e070b5c76ccba4a48f51280fabb297b609bb647cdb42033,53;52;52;52;52,,,TRUE
1133,3,20791948,0d6bb80a30d583c99e09966f980d19b53d855905047880150442a9fe32ee56b8,53;52;52;52;52,,,TRUE
1133,4,20801948,82781fc9f5c562096770db429e9cad8b47fd2df6c982c755a6493a1d9349b307,53;52;52;52;52,,,TRUE
1133,5,20811948,47e5fca23b9b86e7597b1a35bb94d78e6943f7ea40b0dc4f6e03044de3e18849,53;52;52;52;52,,,TRUE
1134,1,20771949,51ab9080166fef267665ce25986454f343647c891c984f98f337173b8b21c71e,97;97;96;96;96,,,TRUE
1134,2,20781949,46eaf638833df3e06c674c91f881b82582f8bfcdf03e4579c38e1e1b79e22200,97;97;96;96;96,,,TRUE
1134,3,20791949,e9dd9cd94ae482a1c6e2884afaea3cc96baf34c6857f3df2bd600e2d9b67ac5c,97;97;96;96;96,,,TRUE
1134,4,20801949,1a04cac00d0f6b9ff82b31024c77d0c980e2fd7b16f320b47cd823203ea07f98,97;97;96;96;96,,,TRUE
1134,5,20811949,b2bcf04469ad14bd048e378ce3df1721871f66a877303ddb1d2a64f8b71e7af2,97;97;96;96;96,,,TRUE
1135,1,20771950,df5e9e707e63ecf49dc9270acb91f35dab53af53597983baa291389550a2a578,97;97;96;96;96,,,TRUE
1135,2,20781950,962592b06a50a75c8dca635d12e2f0d472bd0ab22854959349cae61368361cd1,97;97;96;96;96,,,TRUE
1135,3,20791950,fb3f9356896c638bd26b541e63781ac043653ad91127130695ae3c980b57db59,97;97;96;96;96,,,TRUE
1135,4,20801950,125b27e375e39bfc0eccce14da4fa63b86297f602df4e895a5b9cfb263a6a6cd,97;97;96;96;96,,,TRUE
1135,5,20811950,bbf8cf3c778e2c4e35f9a1d3baa9981479b66cef1f2462ce0edc340c30735adf,97;97;96;96;96,,,TRUE
1136,1,20771951,3c767357c700252dc2858416925734829af75160429643df2dbeec69c3f3fbec,98;98;98;97;97,,,TRUE
1136,2,20781951,c7c798828b7c2266c5f8d2668ee71dd91dda5f4f10438d92085e77044c9f0984,98;98;98;97;97,,,TRUE
1136,3,20791951,7e2d589aa0c0568d99a3d431e1237aa0b8487b0d0e0d44b524944995d185e242,98;98;98;97;97,,,TRUE
1136,4,20801951,ea35827e59e6e44c8a74e9b77743adc7a34e618a634125cb220d3cb48b189af9,98;98;98;97;97,,,TRUE
1136,5,20811951,874d16f2b23905a15e3bc7227df3026400c9e23e639774af9a284c369cff263b,98;98;98;97;97,,,TRUE
1137,1,20771952,6745e54c3b00b424848a6948d2edf2039f49aae863ea7420c09f7a44f6622e35,98;98;98;97;97,,,TRUE
1137,2,20781952,d100aeab46570dfcfa2f2da319e899f3031648717df9d79cd3fc423ef8a62835,98;98;98;97;97,,,TRUE
1137,3,20791952,56cf41417cb17c9fee4b033cced97226497aac251cfc265246c434669ea46689,98;98;98;97;97,,,TRUE
1137,4,20801952,a881900fb3d5f600c47a384026d42a7aad346b86488e5c9394c77dfc0c7cf461,98;98;98;97;97,,,TRUE
1137,5,20811952,54df8d9f484fac65e9fb4d97d86ee0d07ec6fc94530df2b8b12dd2edb43c6f59,98;98;98;97;97,,,TRUE
1138,1,20771953,99cc0d0c8607df1ffe0d9194f5703fb68450f7716a9f22009a0a4fb3edd678fc,98;98;98;97;97,,,TRUE
1138,2,20781953,8723204cf49c62f4455fc5932aa2a2d37d78689bc775ec83b57123f563413402,98;98;98;97;97,,,TRUE
1138,3,20791953,57878368ddb9b79f65af277db8979715474c8dacba837337ef28d5e65a8e8c5f,98;98;98;97;97,,,TRUE
1138,4,20801953,326d7fe7248f7cbfe19545427a5ad274d65dc7b06385dea7e2dab0158681e54b,98;98;98;97;97,,,TRUE
1138,5,20811953,55f7bb1122308dc9958e398ee95e136f285ab85a819b79d4ec7fb678395db9b4,98;98;98;97;97,,,TRUE
1139,1,20771954,5506bed0a580c09869858651f21c103d52e80bee2c33645a25e0175d7b4e6a11,97;97;97;97;97,,,TRUE
1139,2,20781954,338adc58c8385c0ca0adb5cc90524463c621cef096bc9fc64c67d64285518e6f,97;97;97;97;97,,,TRUE
1139,3,20791954,86cca0bfa03f8d7d707dda920257860ac2fa36620dd1c024c88cf05ca5879986,97;97;97;97;97,,,TRUE
1139,4,20801954,d44fee265725034fd490debc33b23b11ccef0a23f9fb41fe51a29964731808fe,97;97;97;97;97,,,TRUE
1139,5,20811954,1ed4e0bbf4d50fcf254a76a5f476fef0e94649f000db04ca9ead7ce86dc8f38e,97;97;97;97;97,,,TRUE
1140,1,20771955,f6095fa0c1c6767b98e02934b6571879d0ffda0be3aa2e57b7a48f060bd9b6de,98;98;98;97;97,,,TRUE
1140,2,20781955,b6a45388ced0b7c916bc2863b5e234c247cc01610944fb24e774b3bad3abdb74,98;98;98;97;97,,,TRUE
1140,3,20791955,6f083eaf3be715671b100474eea055be39936babe16a3afcb939086d4a9f9bd7,98;98;98;97;97,,,TRUE
1140,4,20801955,61864bce686e8c84089f18fa76131e77261b8679c6aa880bdb94ccffe1f57431,98;98;98;97;97,,,TRUE
1140,5,20811955,ef7b00937f1b9544793163dd4e3c5e86f18422cdd180fdf97e015f33cb0c4557,98;98;98;97;97,,,TRUE
1141,1,20771956,ff76fd4a23f312b3b3031c9eec8a708eb09bad7c1023b55d77e02788c795ab29,98;98;98;97;97,,,TRUE
1141,2,20781956,68c58272f1c556ab3ab330f1ecf310f22c97f23245dd0ba1bd645b9890824660,98;98;98;97;97,,,TRUE
1141,3,20791956,ca71f5a6461f9644a70106e5f236ea694454cea28c754c21b0c4786daf241ebe,98;98;98;97;97,,,TRUE
1141,4,20801956,b54449693dbf0f076faa10a9a3c2b71ad86ea921d7f13930cf3870d1d3efaa2d,98;98;98;97;97,,,TRUE
1141,5,20811956,f83f8ef133f8c2d56c1d0235154189ebc788c30c81551120a06a4fddfb19b4df,98;98;98;97;97,,,TRUE
1142,1,20771957,77774a45bed1c64aec2b3e6de39eeb34f75d1cf36f9c85ec03a55ed86c3b4095,98;98;98;97;97,,,TRUE
1142,2,20781957,1a8d6b9d13b406f9fb5d3311ac830146eada5469ff24e3f0887c047369ad0cda,98;98;98;97;97,,,TRUE
1142,3,20791957,8025558ea4afc6b85381b0f7821caf934f774cbed710c23bae3939a2ebf49068,98;98;98;97;97,,,TRUE
1142,4,20801957,ea3595abf484a7bc0c6f5af536aa0bb785ac074cd37cf7f3505506914caa790e,98;98;98;97;97,,,TRUE
1142,5,20811957,ff82bc024158c5ff4242d749ca16c64d39b3658caa53139b120e2fb52236fd4b,98;98;98;97;97,,,TRUE
1143,1,20771958,5e8701a7f89fdeddfd358d2dd3b98ea87134e89b18107b6d2f4ff22aeb15ef23,98;98;98;97;97,,,TRUE
1143,2,20781958,04964fbe96b437a700e1aa808c042218d6fbd369a70096b15118f76e9c4a0b47,98;98;98;97;97,,,TRUE
1143,3,20791958,8f501e110c153680d7d65c8bd920c0cde7e9c544d2d2d92d92ee7ae986d6f617,98;98;98;97;97,,,TRUE
1143,4,20801958,6b53ec2b5d941592d0f3ee43f0771c14376fb51f252e3a03d71edbfa0ab9079f,98;98;98;97;97,,,TRUE
1143,5,20811958,92b13b7e8da387e3e50f51a9a3a719f504470ac14631949b2a58dab30293ece6,98;98;98;97;97,,,TRUE
1144,1,20771959,34a943af116a876644a4071b8438ac64d1689bb8aa62b6c3dfa2878c615bd843,70;69;69;69;69,,,TRUE
1144,2,20781959,72770b2e89eb87bc43d25f868cdbbba842e5fea78a56917f668accb21ef36ad7,70;69;69;69;69,,,TRUE
1144,3,20791959,f4d3477c4a845745e6405991c3e1ebc5407f325fe7609c3465220384737776fa,70;69;69;69;69,,,TRUE
1144,4,20801959,864c24598d6f8f1a9621ac54037fe032b0a52cc1ccc0b6ade82e9503dcc10334,70;69;69;69;69,,,TRUE
1144,5,20811959,5b956e41f3b80a50036b67bfba7ff9d4e6b354075e570096999d7e02804bccab,70;69;69;69;69,,,TRUE
1145,1,20771960,caea1dc5de37479eb57e8ba6dee1d88ba0af56d2971ba798729953a47d426f24,72;72;72;72;71,,,TRUE
1145,2,20781960,48b58af2d72d0ca6d310adf5e0752d1035cdc213df940441ef183227f80fb058,72;72;72;72;71,,,TRUE
1145,3,20791960,f9074ada66005d2f64ee60e4f8438a0cbe649eb16a9702c9bdaa5c7817d14365,72;72;72;72;71,,,TRUE
1145,4,20801960,ae138cdf99c1ee46c8ccb4d5f3396b92f7f480bb478f5864a0308838aa4fd338,72;72;72;72;71,,,TRUE
1145,5,20811960,31b431054add749aefd6c36a74002513e756e030a674590da71bbaf389fc1075,72;72;72;72;71,,,TRUE
1146,1,20771961,d59fb421ee319a36978b7975d8e63525e31fd4c16a67891f3a4105830a9dcbf1,70;70;70;69;69,,,TRUE
1146,2,20781961,dbb2e40500b82879143e04acdbbceeb40a51d3703d993a15fb7e2c25d255ea7d,70;70;70;69;69,,,TRUE
1146,3,20791961,91992bd6672d16725deaa01240b315e0ab7ec11d804b2c2b9b984508fc1d1e39,70;70;70;69;69,,,TRUE
1146,4,20801961,5299b6c0aa318b8b462485b78d886d474af23ef843238ffb2132467b1be34b1a,70;70;70;69;69,,,TRUE
1146,5,20811961,7a93fe49ef546cfb5e09cd06f1e55231c6d2b18edac494d0bc04648ae1d15258,70;70;70;69;69,,,TRUE
1147,1,20771962,86caeabc74d49c505a66a33f4130fbfe3024f4c131d9a0acd36dca58a2857a32,70;70;70;69;69,,,TRUE
1147,2,20781962,92b8fb483908b8f8f04bc76e4da1703c7036f2210b559939177c45e6773af7f2,70;70;70;69;69,,,TRUE
1147,3,20791962,29cb5d8d19a5bb633abe2d7ab78be5c5b49f1508c185f13a0799fbf0f0167648,70;70;70;69;69,,,TRUE
1147,4,20801962,c54a9d5f370cc60b354588b53e4a03612b66f692b60f60c9bbcf45546d036239,70;70;70;69;69,,,TRUE
1147,5,20811962,ced57b6143345bb00f37d9d35334a24c447097cd63e751dbf9a0e2b5f71e38be,70;70;70;69;69,,,TRUE
1148,1,20771963,1d7bc12f24b23cda641d117e33b37e5baab11a19276baa54c331db499dd454ef,70;70;70;69;69,,,TRUE
1148,2,20781963,394964110ef493c9fd0a995fa12c96a18d9e5095f0eb143491154387c4981d47,70;70;70;69;69,,,TRUE
1148,3,20791963,c7fdb3b38e814c79c1590c8a21c0dac167de899a25946efead946f5bff735669,70;70;70;69;69,,,TRUE
1148,4,20801963,62c368d1bd44557eb4cd6f0e138b709508736c0ac05c4e6155e562e41e30f19b,70;70;70;69;69,,,TRUE
1148,5,20811963,d7336bdcc0355346f746c77dfb758ca69228bf8717bc6e0e2ba3bdb3e92300c2,70;70;70;69;69,,,TRUE
1149,1,20771964,e16e73382bb06a49201dcb0559978641bbf652143f4b2affd62308f340f68536,69;69;69;69;68,,,TRUE
1149,2,20781964,19cd63ce606761e217c2e44bb2c5f812b859acea034cab97508a105412c2d949,69;69;69;69;68,,,TRUE
1149,3,20791964,51b572214ccc15caf50c3f9fb3637ae9edd60b393ac5d4a96f1aabf0d53e7fea,69;69;69;69;68,,,TRUE
1149,4,20801964,c035345e95df4ff339affdd9bbdaa8cff36dbc1c2fbec949a95e6dfe5db661eb,69;69;69;69;68,,,TRUE
1149,5,20811964,ffc26ee31b3e63bcb899015f288bc3f8343af1cb6aafeac2f6e4fcc8feee39ef,69;69;69;69;68,,,TRUE
1150,1,20771965,be704f808f18552c8712ef57695ab6625d48c96cac34bcb09221df2fd1b68c13,70;70;70;69;69,,,TRUE
1150,2,20781965,395038570eccd35568eeb49c015b3f227f57b0d323120984eb9ffd915d86a8d8,70;70;70;69;69,,,TRUE
1150,3,20791965,5aadaa13054ff9328b3e5a0203126fc4ba8866abf4895ed79f7715b4d66bb81c,70;70;70;69;69,,,TRUE
1150,4,20801965,6211f82b58112eb726e27fe79961aa8728bf545b2e5ea9cdb8d8366defdda153,70;70;70;69;69,,,TRUE
1150,5,20811965,e5ce24540fc540922937b8ab5e4e0156b1e729fa1e051065bc2d6163e9bb7bf2,70;70;70;69;69,,,TRUE
1151,1,20771966,ceaaedc207bace7b6de111841e4bf27ad1441d3c02643758b83569a19169bde9,59;59;59;59;59,,,TRUE
1151,2,20781966,517a03a7ed576f9117f4e43e4b8f71e7b883df1ce91c63a2144e55c8b8602d93,59;59;59;59;59,,,TRUE
1151,3,20791966,e8874fe1911ddf68f893e0ddefd3f23144e9ccb35b31e2cd8769e0f6aea60cc7,59;59;59;59;59,,,TRUE
1151,4,20801966,491fede434ac4c8ed2fb234e8ab117775552a5b80b5672de41f4f63cd3b79e79,59;59;59;59;59,,,TRUE
1151,5,20811966,8ed82b072bb3db4b633240207f49790f58fdcf632c5f06b07b3e4afa1ff2378c,59;59;59;59;59,,,TRUE
1152,1,20771967,3553ee6d33bb11c8b611470a1d683eb0fd68d6920ce495c03da352d3cb4c0f2b,70;70;70;69;69,,,TRUE
1152,2,20781967,57a352599589ef2d065d10a6140b0c6953eb2473c9f48e05c05573bf3ce8e289,70;70;70;69;69,,,TRUE
1152,3,20791967,edbbdd5be549835002cf2f183c9d20c4991156a281ff557234afa6928774abbc,70;70;70;69;69,,,TRUE
1152,4,20801967,4aff77aa64bb9a7ea34ee041cdd27ba2d5e27682f583087e4df7dce403e4f603,70;70;70;69;69,,,TRUE
1152,5,20811967,f7d57078a10a314e392751068e4169282c799e419c4fbbe58673e2262b1c2cb8,70;70;70;69;69,,,TRUE
1153,1,20771968,c23e01867342cf51c1bb0104108bb26a017647f286b9e7c09843f69fdf61b5e3,70;70;70;69;69,,,TRUE
1153,2,20781968,f3b6e341ae59f1f8728a8fb82a5e63b8ab13036168cb69b17f70bad7098f1580,70;70;70;69;69,,,TRUE
1153,3,20791968,b5daab4966d429f6171d145df119b7889e8071e6000b6d00a20e8b95955399af,70;70;70;69;69,,,TRUE
1153,4,20801968,bbd7388f5dcd68068ee740138fec0734c35e20ac0970f97ba2715ac2e6e2e7d0,70;70;70;69;69,,,TRUE
1153,5,20811968,4cc4149a8fc37f3e7a2637cfb90736ba10142e5bb116599c623afa7fa2ecdd84,70;70;70;69;69,,,TRUE
1154,1,20771969,93929626f05109d385bad92f8012eb737a1328b74456aa187c6fb721b0a25b1e,70;70;70;69;69,,,TRUE
1154,2,20781969,0fa6978a26a8f15a4af5ee0989741bcf8c7c4f45886c8c1e7d4cecaf03f5322f,70;70;70;69;69,,,TRUE
1154,3,20791969,c5b5fa64e6dcaf919246a842e066c15efac8c777e9dc84a75f8cb2de2e1b03df,70;70;70;69;69,,,TRUE
1154,4,20801969,03dbe1aad1b3140e5d5ddf0fd7cc87d58efd672f21edd5bf898a317ec6503609,70;70;70;69;69,,,TRUE
1154,5,20811969,a8bb063c9d4a5f7c6e1471b1a91db570fe7190270999f151f48a27ecd044a2b2,70;70;70;69;69,,,TRUE
1155,1,20771970,be6a23d181104ad58ca9e33afc1e203de2092e576051446222f6deced79b72a8,70;70;70;69;69,,,TRUE
1155,2,20781970,24b0324fe70a4a25fb3059cab47974cc496de3e29c030ade676141fbe2761c48,70;70;70;69;69,,,TRUE
1155,3,20791970,409e23534d1bab0b274302172ccae551420ba0e8880e2440f0d40e3f362557a7,70;70;70;69;69,,,TRUE
1155,4,20801970,d29ef13f831434d6c5685b4fc9b7a74271687bba97e2b28adc02c31fc6dae8db,70;70;70;69;69,,,TRUE
1155,5,20811970,2c3759b2b532be5b98d39f2d1fd96503de62326d5d57708ca2d5f436162c2357,70;70;70;69;69,,,TRUE
1156,1,20771971,bbba7891528364989f65fd57702e2982a9663679086a18b59efa42a71db22d76,90;90;90;90;89,,,TRUE
1156,2,20781971,0cb7005c4ed265de244b28990c1671511a8661b5390235393ab93c63470f16d9,90;90;90;90;89,,,TRUE
1156,3,20791971,69e7959cd54d4f496c4d221127111924128d528c1231c5e18112e8b0b5bd158e,90;90;90;90;89,,,TRUE
1156,4,20801971,47daf32d6a37207b230c42062f7346f25baa2b246d41eff0cbdb71b7b3f63fd5,90;90;90;90;89,,,TRUE
1156,5,20811971,4cb48184a9206dcebc5ea592a67c2e47597aa847281c5cbf9fbcee9723ae685f,90;90;90;90;89,,,TRUE
1157,1,20771972,5aeb65911dbc66704d29688f1cd2902584272bc1d88c25818e78e30fed8b8628,92;92;92;92;91,,,TRUE
1157,2,20781972,2deee2760d3bd97eada9e4650c026453e05c8d74f8dabb91abab31a6df3486a3,92;92;92;92;91,,,TRUE
1157,3,20791972,513fcb06975c7afb3e37a64d6f85fc2e39adf2a9c8e976992f8bb407ca63c703,92;92;92;92;91,,,TRUE
1157,4,20801972,8a614cb89e91c6412db4d7ed0a8283b9457745f8becfdd13a4347f0b19969aa0,92;92;92;92;91,,,TRUE
1157,5,20811972,0e0bbc6199942db0fa3fa9e3080a917c3c67e9dadf9e3cf7651a9376543e76df,92;92;92;92;91,,,TRUE
1158,1,20771973,98814db94c7bd962a55dce92d7415779a371b629117c68f354629363bda33d81,90;90;90;90;89,,,TRUE
1158,2,20781973,65457cf30aec6e8d8d558d5926b28837a1ec1939bbda32e0b5cb46e25a8177c9,90;90;90;90;89,,,TRUE
1158,3,20791973,91e759fcb977d6cd5e89cbbe2d0a5ce3b91e29b4698ba6b9aeb0dc33bda50496,90;90;90;90;89,,,TRUE
1158,4,20801973,ea519bc156a3c6ba770fe786810ff1dbe878f4097dabd93250cff1c06eeb3054,90;90;90;90;89,,,TRUE
1158,5,20811973,82d857f595fe9344e7178b997ed01ee17cb1e6780a763825f2744febe29b1cd1,90;90;90;90;89,,,TRUE
1159,1,20771974,163aa04d512b785833f91c5e0d22e39851c23b885e107cc3ce50a482ea71386f,82;82;82;82;82,,,TRUE
1159,2,20781974,5d25ec927f869a9c3b4177d1e4a1900d4e305724452f92ba19a3b28d558da122,82;82;82;82;82,,,TRUE
1159,3,20791974,091dd5009427e8e617887b937c90d3866cbf8d02b5258de92d200d81445b1901,82;82;82;82;82,,,TRUE
1159,4,20801974,24b639ce2d57ef9c8c7d7aea6cd761498ccf9544727f0bc4e52f40daad3d658a,82;82;82;82;82,,,TRUE
1159,5,20811974,45386c7202a66d6239a8643126c545f63d26065e6a7ed120b837b095e2cf57be,82;82;82;82;82,,,TRUE
1160,1,20771975,608c5c732cf0daa661348e43d97352c58e9950f0a424845702c9017762d853d5,92;92;92;92;92,,,TRUE
1160,2,20781975,e6f8a9c7868bc7ef925e6576d81210667e132b76e41dcd4629ebdc302a5c405a,92;92;92;92;92,,,TRUE
1160,3,20791975,9e538e7a32ae7f05410527c7b45443918f7bb7f1d8d0737d50c91edcd66e7d82,92;92;92;92;92,,,TRUE
1160,4,20801975,b6a835c03b42779d0f38e7701a02c553744c6d7463053a509f4cd87da0de259c,92;92;92;92;92,,,TRUE
1160,5,20811975,72245645c64a34247afe0daf8aa97a51e01d2dc51c6106260f3a93cab91ffb56,92;92;92;92;92,,,TRUE
1161,1,20771976,33dfa12eea8a4a88fa910aadaaeddeadf8800fba6b3bbedb5a8b63d97067408b,82;82;82;82;82,,,TRUE
1161,2,20781976,ce6dcb29eeea656776705f076ca917d164765b4ba78651fd3816f495e7e427af,82;82;82;82;82,,,TRUE
1161,3,20791976,31f9940aea9adc607668bd7656e9c161c393cbaac6a29bc6960720a563720135,82;82;82;82;82,,,TRUE
1161,4,20801976,f1f9881b0b42188eebf597e3e18a82147e9c3fc173f209817cea3b3d22d241a4,82;82;82;82;82,,,TRUE
1161,5,20811976,39febd74a6d5f28c549ff93e6314d624ac8a5ae0363f764953c884d799aad4c0,82;82;82;82;82,,,TRUE
1162,1,20771977,7a46bf2c8e21032c9cfb58a3135999abfbed16883d2aa37a90349192e82753e4,82;82;82;82;82,,,TRUE
1162,2,20781977,947a73d921b6efd5e28da30ecc55912667e0978a615bf3f0614ccd64ccec9740,82;82;82;82;82,,,TRUE
1162,3,20791977,6549724acda47a22520f850393456c064712c4cd4c46cde3fce6412931576861,82;82;82;82;82,,,TRUE
1162,4,20801977,1cf02af7637bf13bdd31fa972afb49bbb1aa3f5128ad3d9a3018239596e3c05b,82;82;82;82;82,,,TRUE
1162,5,20811977,f8c02499e69ab76437c5a5523ee581757af7cda8852192d9bbb25ec727f21a59,82;82;82;82;82,,,TRUE
1163,1,20771978,4d7433c07362473efe639561b80a2b858a371f9f57dd53f9c9839a7e6d38f8d6,92;92;92;92;92,,,TRUE
1163,2,20781978,df7a20e7434f62ba57f7ddd5a7042e75cb8b797e0de57b2785ed11c1a276fcb6,92;92;92;92;92,,,TRUE
1163,3,20791978,3264ad2ab19b65e23a93af30f0ea9ddcf96fa1d9c3b98008c1852dff792e3095,92;92;92;92;92,,,TRUE
1163,4,20801978,b25c599a69003aee42aae19794468bc497b41624548526c9614bf2c4e49d35af,92;92;92;92;92,,,TRUE
1163,5,20811978,39060a68af46f450a48b6b6a4dee8f5c6a97ccea535e8a2005ead3e6018ed290,92;92;92;92;92,,,TRUE
1164,1,20771979,c70b8120fac8d55244e0a94b7f26cbb29a28aec43fa92b9365cccc446ea5ded9,92;92;92;92;91,,,TRUE
1164,2,20781979,c599b559977e6006e937257a19af5bb944dda8f418d1e4bab1958bb28a278d41,92;92;92;92;91,,,TRUE
1164,3,20791979,16dfe87d4a90fd3180d976d17d705dcb416738b6cbc97a60c58eefaa9703de5c,92;92;92;92;91,,,TRUE
1164,4,20801979,cf87218ea3a3f33aa5c2396f9d1266d2d294d494714e0ef98f4c6c9b0ccac6d9,92;92;92;92;91,,,TRUE
1164,5,20811979,121047e8a1cde0d9dd16ff0182cf58ffa4810036a4744d7686960d821b4e3ba8,92;92;92;92;91,,,TRUE
1165,1,20771980,3f24c2bd1d977dac07a7571a7a5b8acb7be9f0adbd35137fe61f56000e8b1653,82;82;82;82;82,,,TRUE
1165,2,20781980,28154070cb9c8517c67a84a1ff13e8eca1799d2412d68b2254905c402e3ece3a,82;82;82;82;82,,,TRUE
1165,3,20791980,69dbebf001365ba0311afd54943c5ddb4c767733ca193bd212953eca651e8869,82;82;82;82;82,,,TRUE
1165,4,20801980,a1ec469896cc8626443d3f23a6831f43bb56cce05c523f54d8794498adb15ad2,82;82;82;82;82,,,TRUE
1165,5,20811980,7bf3e1664ef27367bf199416e82ed1634069087059d49135d0663d9b0df10cd2,82;82;82;82;82,,,TRUE
1166,1,20771981,9686a3d89a221df7dccd577ddbdeb96065620492c9a9c8365e0f3eb57d8b5a14,90;90;90;90;90,,,TRUE
1166,2,20781981,b5ad09ec80db229783ceceae5981b20a618192259b85b8bcff4f06dc3c0c0400,90;90;90;90;90,,,TRUE
1166,3,20791981,687103e06333b3f3d88fb247a920e6ef3030f8ae98c31ebf58540ad214733a01,90;90;90;90;90,,,TRUE
1166,4,20801981,64a3c975045eca60348aa6ad77b1048b588343ebe5ff31cb68cc513573f738dd,90;90;90;90;90,,,TRUE
1166,5,20811981,b87b6ca9f51c9e3e5e4ccd0c0ece6e1f933c0fd38dff24c1482541e2562b64c2,90;90;90;90;90,,,TRUE
1167,1,20771982,88df31103a4013fe58a9535427c555b8db8cb8fea6b751d776e63b8a457d6814,92;92;92;92;92,,,TRUE
1167,2,20781982,020d9970b29b851ef1cd5f7f342800f881670dac4b3b60817d6fadaff77e411c,92;92;92;92;92,,,TRUE
1167,3,20791982,e5fe82cda33c0bec307c58de5c47e1dd83db52123bb5a20263e9b1a8dfd9cfc6,92;92;92;92;92,,,TRUE
1167,4,20801982,55b3534d6d61ce2a2713059b8dc8497c92d15a0a018210ce88898e46f78c2054,92;92;92;92;92,,,TRUE
1167,5,20811982,93f665e9b23ec22f3b4eadb23a6df8957b5e26cc923dc167e4cdb8895828a574,92;92;92;92;92,,,TRUE
1168,1,20771983,449ee49d1525449b46eab650865399154b24aba948ae567df6953f09c8a9ec42,89;89;88;88;88,,,TRUE
1168,2,20781983,b5aff2130b76fabbaebfa29921144de4d6eb059f742d121f2ec4c327ef74f1cd,89;89;88;88;88,,,TRUE
1168,3,20791983,a2c67d8ba48cb3edb9838ac65478f6b04be4dc34eacd26c842cd538db8e8bb52,89;89;88;88;88,,,TRUE
1168,4,20801983,c53f9e0fa73f547bca63da045239eb8607c8cb75fa5b60b33eb7f520760e4107,89;89;88;88;88,,,TRUE
1168,5,20811983,e19a7d446783c22446f405e2f65790fb99497ee17c4c42ae55475dc2f206e82f,89;89;88;88;88,,,TRUE
1169,1,20771984,1967901e3205b904a852880d4522a6c29fa9087c8b16fdc32ad67a8f935c571c,82;82;82;82;82,,,TRUE
1169,2,20781984,38706d7df14d732dd54e5ba521e4295847c2fa2ebbc1a0ae5b2ac87f0022222a,82;82;82;82;82,,,TRUE
1169,3,20791984,51d7bc057f64857fc6e9853d16a047d2c486a438bf0eebf68ed611ee2bccdf27,82;82;82;82;82,,,TRUE
1169,4,20801984,c25938d413a44ec8efe733adaa51fd1dfcef802b110a630bae3d3837363f580f,82;82;82;82;82,,,TRUE
1169,5,20811984,d1396ce9699a60c8d84fa8adbfee251f346959cc3ee859e579d8290bc2444bf3,82;82;82;82;82,,,TRUE
1170,1,20771985,0941697d7df6b07ab410ac3d00ea1d0a9b3f5ea6a5f36040dbe9e18b34b2c4ce,82;82;82;81;81,,,TRUE
1170,2,20781985,b7bd77e2e660f6e3a8ec1a1d603ac7a4a993415a5be8272cf9ac571ffbb5ec33,82;82;82;81;81,,,TRUE
1170,3,20791985,67aa3bffdd02152d91e567643fc36ec9c75d734492f3ba6990e799b245912308,82;82;82;81;81,,,TRUE
1170,4,20801985,6e5dd50c637f5119b513b144f90b9def84a364356d0788b535e6d34228fbd2d0,82;82;82;81;81,,,TRUE
1170,5,20811985,2de53406e4459f37390f26c185634f1f5c49cf19cde858d853b8e9eb362d7868,82;82;82;81;81,,,TRUE
1171,1,20771986,429ccb9dd0a737179abc12d3419da2fc758ee188dc316774a32c1c6f177fa949,82;82;82;82;82,,,TRUE
1171,2,20781986,e0a5318e93a62b41eb94f60c46c54180a3ae58ad52a44a8da10f0b75b64cc5ae,82;82;82;82;82,,,TRUE
1171,3,20791986,373fbc8ceaf36aecd4f2a7c9262a9f63d43c6d5b2762df130df4cd6e116b95f9,82;82;82;82;82,,,TRUE
1171,4,20801986,4372cf5c81ae71cec4e48bb38671472aa26a8dad7832f222eb6cab3e38facc0a,82;82;82;82;82,,,TRUE
1171,5,20811986,424cd840a4eca8d3b40447584632614bfba1d04ec37daebdbe134e6e37da5558,82;82;82;82;82,,,TRUE
1172,1,20771987,52f9811533bb549fcea282c19ad010968d18ccad6be29c0573c7129f435f1b8a,92;92;92;92;92,,,TRUE
1172,2,20781987,13751b51339ca06e8f5d304a2687959946813be43adf415cbd80d90939d9cb20,92;92;92;92;92,,,TRUE
1172,3,20791987,d1b185f1d9a9747c30c16477854d9ad25c1b367962b0e798eb1c0d67cd3e89b8,92;92;92;92;92,,,TRUE
1172,4,20801987,b409e4b47f8965b869d5ed7f9c541cd546ff090b2f19ff126f6866a7369f30b4,92;92;92;92;92,,,TRUE
1172,5,20811987,0ba922968ab6035844a4792c61ba37b067ece7e9b99aef7534e9633d9221832c,92;92;92;92;92,,,TRUE
1173,1,20771988,de53eb5599e01877177698b9e88999a559ee5b126352e2d507ab3b384452ada1,82;82;82;82;82,,,TRUE
1173,2,20781988,ae5569205df017fe467bf9f7f788f005c3a15f958eaa8a75e9a86e9f486cc08c,82;82;82;82;82,,,TRUE
1173,3,20791988,6e59accc07fab30de077172a543ce356debb6d33e9f5d37de8e04d722bdd1f5e,82;82;82;82;82,,,TRUE
1173,4,20801988,c3152853c5c038f65182206fb7cc6c0879b0a6ba48519e1e74b6be87108162c7,82;82;82;82;82,,,TRUE
1173,5,20811988,4c73a54459b03fb1b31a9f1558ec1900e6a8f1be067d6ffb8a828aa05382c535,82;82;82;82;82,,,TRUE
1174,1,20771989,9a0c8f15b17ec8f883f4ba6b85aaae89751d8eef3b139f0e8ab81e2769bf0549,82;82;82;82;82,,,TRUE
1174,2,20781989,32bbce8d6e8969fdbf55e2a506e18af8350436b49d758b79d7e8eccbcf4b5fbd,82;82;82;82;82,,,TRUE
1174,3,20791989,52b54f337fec379b07263f15e74ed851e2893bbcdc8fa7085170732ffa7b541d,82;82;82;82;82,,,TRUE
1174,4,20801989,1f5e36cc0d5cb2c382a48addeb65c95feb84f3a634b1c2d273497332ae8ed3d4,82;82;82;82;82,,,TRUE
1174,5,20811989,ac05af88018acde81711954c06d7dfbaa89238b0d0712555b4784ca3950dfd72,82;82;82;82;82,,,TRUE
1175,1,20771990,082e9e6e0689f3482e1bf0f85c886cb6e6466992eefe9e18a2ce811f34300d96,82;82;82;82;82,,,TRUE
1175,2,20781990,bd62b0a28c28033b6eae18427ccd6d86da674041e72d91328017814958b3e7df,82;82;82;82;82,,,TRUE
1175,3,20791990,6e453053caaac7d95abb9ec3bcf19438fe5ff2977cc48e382906e265344fcba2,82;82;82;82;82,,,TRUE
1175,4,20801990,cd2d185f7439f6ee187e4791e71a17b2bc89de35c39a80170cb68fc4f06604d8,82;82;82;82;82,,,TRUE
1175,5,20811990,aaece01d53bd3c743e18e6c9bde92f500ca86d0dd1e2d15b18ee4cb62e94f76f,82;82;82;82;82,,,TRUE
1176,1,20771991,4749b8288f7ab021736354c148e55adc6f69b19ce5864522836186f96afb4f4c,93;93;93;92;92,,,TRUE
1176,2,20781991,42f64f5f0d2db03b9cd5323e6d8cd449764ad07de111c6fce06e71c1e24c1c08,93;93;93;92;92,,,TRUE
1176,3,20791991,ac69182dd1c9e92de4342457d9065f4246ddbe2066f0f4a0f3b8d3f07df4be45,93;93;93;92;92,,,TRUE
1176,4,20801991,2ce78c38d6ed997e9b37d9e6f877f1ca798e5ffb4c916f96540da4daa8424646,93;93;93;92;92,,,TRUE
1176,5,20811991,de1a056c7e1144ce7479c088435b7017a03371c8e911616b31b3e5c148b9a912,93;93;93;92;92,,,TRUE
1177,1,20771992,2654bdbd8313e120afc2a974cc8138d1b51c64fc1d94e65124544354e893d525,93;92;92;92;92,,,TRUE
1177,2,20781992,5fcb4cfc5651a60688b65a1a564e275964cf3ddbfd112f96165f370e3c6599ed,93;92;92;92;92,,,TRUE
1177,3,20791992,210f6f93ff07f758a75362990606d57d0d186c07dfcdea4e869d2273a3c7a67b,93;92;92;92;92,,,TRUE
1177,4,20801992,dadd3ecd4d9a8929a92584c471f7d65e784a211e38b735da453da712dc168968,93;92;92;92;92,,,TRUE
1177,5,20811992,745378cb91e94758849e8c50d7798c50ac9bb557e67baeaadccce00305223747,93;92;92;92;92,,,TRUE
1178,1,20771993,a3c78492682f4739a5f5084bd6379349f6328f5caade8ca6cd9f6c32dae6f5b1,93;92;92;92;92,,,TRUE
1178,2,20781993,ed6bfc0c054089b9de627cbcfc3ef5c35f6d95f80b8e00beb8f27975a70fe55a,93;92;92;92;92,,,TRUE
1178,3,20791993,8285b4d4238d08d89462c5f01f420c58cab8116f144387a0920676fb275987c3,93;92;92;92;92,,,TRUE
1178,4,20801993,90161478283871bf759accb80620a00ce93df94867f62dbda040e6a02e6eb976,93;92;92;92;92,,,TRUE
1178,5,20811993,2ef39bbe12126ff7856d61b2f5021a552c3d1693293b970d4710022cc1c5710c,93;92;92;92;92,,,TRUE
1179,1,20771994,6f01bdf765c3806c8b94b89a2775f530099eb0996a388739072c98860f4925ef,93;92;92;92;92,,,TRUE
1179,2,20781994,72a6db22dd6840946fb1a25b147c9cdad8d48fcf80535ae8a04a3c1712f5e5f5,93;92;92;92;92,,,TRUE
1179,3,20791994,96c225186bd5b3cb657b66f386d7994dbf402ce6fcb9ac107fada63a74fe75db,93;92;92;92;92,,,TRUE
1179,4,20801994,f8bdc241bd9ad57d60101a21a55a3972baa3b639a0b3645ca4b2243880818b73,93;92;92;92;92,,,TRUE
1179,5,20811994,dda3b4988702faa9264f4d4730d76bdfde028d9446720565f2ed4c74f55eff88,93;92;92;92;92,,,TRUE
1180,1,20771995,002c1d1e305a92f4f151a0c480d311d60eb5504ab2325b8eeb3f1db32f343666,89;89;89;89;89,,,TRUE
1180,2,20781995,d350b6bfedce41d9e5f725a48d6a564872b724877c0b69d20cb51dcbdb183c1a,89;89;89;89;89,,,TRUE
1180,3,20791995,08c1f953dda49742218248c107b15aba1eeccf084a362c998b71622baeca5a85,89;89;89;89;89,,,TRUE
1180,4,20801995,87a0061b2438eb4f021341e8517a2f3716e15158e7b507a6c044dd9c18b31faa,89;89;89;89;89,,,TRUE
1180,5,20811995,b241919ca56d6bad1be163ba1792093459dc25018263eee6d48bfab5689eba50,89;89;89;89;89,,,TRUE
1181,1,20771996,53408f76bdc8fb38eb97499804e321874487b582197a049791a97e3afcd61366,93;92;92;92;92,,,TRUE
1181,2,20781996,5e70e3f17f68a5ef281ce8e358d74d46eb196633f2437bafe52490c5ef6e2b28,93;92;92;92;92,,,TRUE
1181,3,20791996,f471dc25baba6e2069392503c63c2bed271061eb269e1f6388f60a7eb097694e,93;92;92;92;92,,,TRUE
1181,4,20801996,aa7247c9b7c4f998ad7ea492d46eb62b08011225a70d32f5d0d2e73676c9b673,93;92;92;92;92,,,TRUE
1181,5,20811996,239a36e3e04f29dabaa5270e3d4e78ff9dabb5243625c3683009d2887627f034,93;92;92;92;92,,,TRUE
1182,1,20771997,0afbead81e458a613dc37ef5c407c271ca52ce797db2a2462b0e9da472b4db00,93;92;92;92;92,,,TRUE
1182,2,20781997,406560dd9def2cdf281f0cec70cafd506cb9c9e5b5445f6813ae0fc4135782ff,93;92;92;92;92,,,TRUE
1182,3,20791997,5499ebf8e8677cefbbfb1a93f070c1ac543c78feca6499a2a973c8ad059dbba3,93;92;92;92;92,,,TRUE
1182,4,20801997,71540b953d7088dfce669ac29db5ab223fe44dce9bff56b87dad733cd33548c8,93;92;92;92;92,,,TRUE
1182,5,20811997,f145e86d252f46c7ad44270d0a1a601746922705e6978f8e3eca94e027d73cd2,93;92;92;92;92,,,TRUE
1183,1,20771998,0cdaf1dd49755920d467bc790801a5da8200c289c1309e21551de0ef7788c822,93;92;92;92;92,,,TRUE
1183,2,20781998,c68fbcc30652a204a78918b9efacf744605b82afdf41a8df03f40fa31c016c19,93;92;92;92;92,,,TRUE
1183,3,20791998,afa8ceb32eec6c9d063bc0239fa5608c7b5bddbfc2f89103eea92893515e8e70,93;92;92;92;92,,,TRUE
1183,4,20801998,40c57e1451c26cb4511f1bfcbaffc26459582d733d579d924fdbdbe884823cf6,93;92;92;92;92,,,TRUE
1183,5,20811998,00d19e1f4df10e1aca048b9ec1aa3fdb8df445fbd710c0777426e67f7a925b1c,93;92;92;92;92,,,TRUE
1184,1,20771999,70f058fb8f690bdf6bfd955b5429d1fae34cd62667004d9639c574d5026ff35e,77;77;77;76;76,,,TRUE
1184,2,20781999,3e09b479d09d793f5445247d6ae81abc77444c34b3d4238ab3dace215214d4cd,77;77;77;76;76,,,TRUE
1184,3,20791999,f00da016c1de939f56ea68c612a10e412c1f4d13661227f6ee716d78ac6199f3,77;77;77;76;76,,,TRUE
1184,4,20801999,1c924f4fd8fa04571e03fbca6fdbf0ce9ac251ab443481d56840fce7ceeedc4b,77;77;77;76;76,,,TRUE
1184,5,20811999,829af6c0aa7d582e26f2a972716ff901b88fc4804b2e530e856802d2ef7faedc,77;77;77;76;76,,,TRUE
1185,1,20772000,2021fb797cf2ba47c3e1e2c8137c110740e682e9af4da01eeb0f1c1bfbb0177e,93;92;92;92;92,,,TRUE
1185,2,20782000,6dfb8e796b7494b2bfc27282675f0cf5770faaed8ea868ab0ef91426bab6d128,93;92;92;92;92,,,TRUE
1185,3,20792000,68b6e192613f31f9926497aa8a9c90b215744187aba2d96a3aeaaead75add4dc,93;92;92;92;92,,,TRUE
1185,4,20802000,64190bd54583497ddad757f94ab6d17872a9719e3f3ec218ecd03cbd9b0f59f1,93;92;92;92;92,,,TRUE
1185,5,20812000,b6f42425945bc0ad03f52a9bad8bda052078281ab4b980870f624cdfc7cd00c7,93;92;92;92;92,,,TRUE
1186,1,20772001,36ce1eb6dfa0f77eaec6be70d25f511f9bffa7da2f9bfc795e4768f3679ed375,93;92;92;92;92,,,TRUE
1186,2,20782001,8a84b3a49e0333a7509756df1d02e95372197f1cb13682051bdd3fa01d1441f0,93;92;92;92;92,,,TRUE
1186,3,20792001,32e20eb958b8bc445aa502a5c0f82ad129a208cb9bb45eae809faca1c8692cc8,93;92;92;92;92,,,TRUE
1186,4,20802001,92195d02de5891cabaeec518395647f9def99a95478d75b38b8f18cffe36d8ea,93;92;92;92;92,,,TRUE
1186,5,20812001,ef22973445b62faa9aa1d748d0e575d485f9648c87519daccf3b90fa56b87bed,93;92;92;92;92,,,TRUE
1187,1,20772002,b13ed2d2e55a8689684ff49035a6ab869ff3a2199f29734487e1ae696767e07b,93;92;92;92;92,,,TRUE
1187,2,20782002,726f82f03651d8ab9dd84d807d650fe3225184f460b7749aa037b5a8754f6df5,93;92;92;92;92,,,TRUE
1187,3,20792002,e7975e0a1ac91872bb4097d78f354845e66c45f051445182d76bb0b80d001ed1,93;92;92;92;92,,,TRUE
1187,4,20802002,c0bfb2716577dfb03106a150a32d05bbaba3baf4e091ed1ec06bdde9fea55ac2,93;92;92;92;92,,,TRUE
1187,5,20812002,7facbe294ed56505db6047c9298de0961c17503a02d9403e582da570c10d3ad0,93;92;92;92;92,,,TRUE
1188,1,20772003,0a008e08ca6e26535303f0ddd286c967b430600564a86b4aae56134679754ed1,93;92;92;92;92,,,TRUE
1188,2,20782003,38fc8dc4dc16e8d7da2c45602d63b10ed5fe4a94cfb986f849c3e1044b3ccfff,93;92;92;92;92,,,TRUE
1188,3,20792003,1c063393b0b2236a2b32d45b6b29cc8404e55a1cecfb71baa0b4165c548d3e59,93;92;92;92;92,,,TRUE
1188,4,20802003,cf4e60a99438a7db6f894337ce4542cbd4417ea0b31870832218845f5815aa8d,93;92;92;92;92,,,TRUE
1188,5,20812003,8914a35230c827c10741d49a4e7b10e8b406a6ca14413916ea5b3b8b72a0009c,93;92;92;92;92,,,TRUE
1189,1,20772004,9e57778bbb2a92098a34a25da88b606cc65b1813fff703bf8d4a6c25d8c61282,14;14;14;14;13,,,TRUE
1189,2,20782004,6b58b044a2abade46c61f3db8a871ee9c217c12a8a62ff446ef726cc1ab59486,14;14;14;14;13,,,TRUE
1189,3,20792004,2f844fd8e8e9945573a5f205a0ce7f773a62d9173b26f4b869ca43cc1a817c36,14;14;14;14;13,,,TRUE
1189,4,20802004,6e84d1185b6c9ae511ff2f41098ddb412849a1d9be1563c635d99246cf258ee3,14;14;14;14;13,,,TRUE
1189,5,20812004,d6798f6a9de3d2d6eb3df429384f1406219a18fefe8255fece3d623874f64b91,14;14;14;14;13,,,TRUE
1190,1,20772005,8237847d902c8daff37e7c35ae13ce49214a8b229aa91a5f34b2c56db4cbffa4,15;15;14;14;14,,,TRUE
1190,2,20782005,5d02db88bacd25c257025066819b36769bb03c5237cf51e58d9059027de10c19,15;15;14;14;14,,,TRUE
1190,3,20792005,b7f4f886ab747a27f175b01f211aec522e6d7d068f74822a564a6130988fefd6,15;15;14;14;14,,,TRUE
1190,4,20802005,61b5b6d30e59f21e85add1771ed9ba026c57e4a43109e16911ec5602e4969308,15;15;14;14;14,,,TRUE
1190,5,20812005,3c794cc448a3e6b35a3bfd236ba29b47a6c7b5b7dc1351a4f5bd5e771602b7c8,15;15;14;14;14,,,TRUE
1191,1,20772006,c86e7b095719eb789e45bd3c8a3817111038553aab2b1c79fbb71b73c58c9161,15;15;14;14;14,,,TRUE
1191,2,20782006,357507ba86c1d473571765d6b99495377daff5e9c68329c6ea21b82d1fa688ff,15;15;14;14;14,,,TRUE
1191,3,20792006,68fb436bc5a5adf2e97e03a825ecc1df75b7217c864c84c7a86f707e34a0e67d,15;15;14;14;14,,,TRUE
1191,4,20802006,dd0615be3ff94e3f93800b3f56126bf021d11d9a5aaefa12c1fccb48ba69c91c,15;15;14;14;14,,,TRUE
1191,5,20812006,166e906c294ed6047aa144820c96f21b7ec2577586d8b3b8f5b9e8507672fe2b,15;15;14;14;14,,,TRUE
1192,1,20772007,6ee622514db4f2fc43cf12964f7b2b66d12ab59e16156c88b7f875f7afe6e4e0,15;15;14;14;14,,,TRUE
1192,2,20782007,53e2e79af0fe42c30bd9893b2ac09fc0d9ad8b0313887390890282164ade1022,15;15;14;14;14,,,TRUE
1192,3,20792007,a4fdf38c67e76b4075c9959229586a1fa9d5bfc095aad5b8b6a185fe4a9a5848,15;15;14;14;14,,,TRUE
1192,4,20802007,144f1aaf45aa6dfda749b100022dbe4688cbddfc18a88e6b014b7380cedc34d8,15;15;14;14;14,,,TRUE
1192,5,20812007,1fc7be0ad1d4eee2336fcd250cb99e7797c9c421091aafe6ff2b301c1a384ca3,15;15;14;14;14,,,TRUE
1193,1,20772008,1522851c6f5c9b73c414d9af415051b74c7806a55862d8600dff6b229ffeb8ff,15;15;14;14;14,,,TRUE
1193,2,20782008,79960b62c21c8d4e5f2a2fa88fce86227a402c425d86d926706d9c9806efa094,15;15;14;14;14,,,TRUE
1193,3,20792008,fe92fb2b5440d5b4b7715a030c36273e490767029fcdc8d2009dcce676829686,15;15;14;14;14,,,TRUE
1193,4,20802008,9e9d22bde25327d690ffe1aa6f327d75ca8af2c4de929d75b401dfa6750f4194,15;15;14;14;14,,,TRUE
1193,5,20812008,71e5ef333e00d93ae49d378be5976fdefe46afced7f38b64a4053f6ec47ea6d1,15;15;14;14;14,,,TRUE
1194,1,20772009,91757c1beccd29327a9f25a9777b59544a1144cf88b14f93a7a62aef56ab5249,19;19;19;19;19,,,TRUE
1194,2,20782009,026cf35f42b4765fa7c5527d95f53b32b449a9aba92a13cc31b31931061b07e1,19;19;19;19;19,,,TRUE
1194,3,20792009,97f2c5812e56694a8a55e0c944a55b68826731f3e17258b1eb95d916db0471e7,19;19;19;19;19,,,TRUE
1194,4,20802009,acfa4099df57daca64e3a0bfd9fe8e7945ea3fd61abbd3b4d7eca1fa6357e254,19;19;19;19;19,,,TRUE
1194,5,20812009,0f3adea0f534c64bdf08970ba0338ff7ddf7c473f1ca1b856fb16a9285a7ff2e,19;19;19;19;19,,,TRUE
1195,1,20772010,fa256fe4bc0df750009c279df7fda76761ec6c55373ddca9b799657ef8278d10,13;13;13;12;12,,,TRUE
1195,2,20782010,b258b6a10aaf78bab1eab4e2f0f3e672300f862ccb9352eb14a5e1dc62a8789d,13;13;13;12;12,,,TRUE
1195,3,20792010,a3ad54215edf5518044ab0cb3fc858c131cc011234ac106e090b863ed32b6259,13;13;13;12;12,,,TRUE
1195,4,20802010,e795112640703db941f83889f489ea49beef13352296348a5c7959058f294cf6,13;13;13;12;12,,,TRUE
1195,5,20812010,c7107fdbe5c48242616f5a05635b5a230b899c1adf6385d8069d44e2c0ced70a,13;13;13;12;12,,,TRUE
1196,1,20772011,858b8e8fd8330caa04be290bbf5449f5856bcf4c67a64b0789ce4ea02c979133,12;12;12;12;11,,,TRUE
1196,2,20782011,3231c6280e3f3342f326f5a6d2993fbd46f4bcf949ba297259f5cc13aa505dec,12;12;12;12;11,,,TRUE
1196,3,20792011,7d7975efcb249dc52f861a6ebfb1a0ca4a6a8a86571702dad616daaff0ade08a,12;12;12;12;11,,,TRUE
1196,4,20802011,a7ef020792ce23bc9aedb6d8f4653cd4ff2f6e747aa5794038f020f65cefcfb8,12;12;12;12;11,,,TRUE
1196,5,20812011,6028d79f5466187866bed996571fb8779988d82ac023bf4b22f5afee23ebfd56,12;12;12;12;11,,,TRUE
1197,1,20772012,a5f6a38cc85035364b93039f68277ffef0f1c1fe519ccf9c5ed1a51f20e757c3,12;12;12;12;11,,,TRUE
1197,2,20782012,2489cd5c015dda5925736d57c48f045ffe13c71b373dc23b70245efdac602a10,12;12;12;12;11,,,TRUE
1197,3,20792012,2347a5a5fad2a50de8252677dcc2e4a917e002508359e03639eb62aa6c7c44ed,12;12;12;12;11,,,TRUE
1197,4,20802012,1d5ebeccdac91d7daafd7bf9f1512b8bc0af8d974a6c2076dee21efd37730fbf,12;12;12;12;11,,,TRUE
1197,5,20812012,a0ef53a84b797813fdfbf5409ea288e19ab81d252c651d22c125c185ed4c2ce8,12;12;12;12;11,,,TRUE
1198,1,20772013,56b5eb2ebce9b3f0508fda9190a196b8e6a8102b206bcf284b0f0423500a6498,37;36;36;36;36,,,TRUE
1198,2,20782013,d1bce2f0667288ef3b42633a629fda2f5f5b8827535743c2412f22de28582680,37;36;36;36;36,,,TRUE
1198,3,20792013,783041c23f8756418590761e1efec4588d3e2205a50d74b8a3360d4ef577a3f3,37;36;36;36;36,,,TRUE
1198,4,20802013,7c6639ebf8b085bff4fbe9ef71c5d42c3be4ccb420adeafcd8f6a8ef4091fd96,37;36;36;36;36,,,TRUE
1198,5,20812013,d809ee32252d1bf55a8e415038fd83387d2715ea13dfb794faca58b1ce43abb0,37;36;36;36;36,,,TRUE
1199,1,20772014,82bb0b9fcf15f7dabf1c16b69cb684b08aa258c33c68f263f5e0364355768892,34;34;34;34;33,,,TRUE
1199,2,20782014,12ff29e345568735dae7b4a2415a99f289bd16b94d2890e60f0eb80836493e4f,34;34;34;34;33,,,TRUE
1199,3,20792014,c39f96f8ac8bfc314ae197ac9daa0c73a9b782f6d35324d9d2d5c4cbde4c4ffb,34;34;34;34;33,,,TRUE
1199,4,20802014,8613962bcd4cf35b05a4e1c7d4bb618207a33a48211ba50d4413262174c5119e,34;34;34;34;33,,,TRUE
1199,5,20812014,b60bc857b60e77614dc9f56d8694d8c40a6582b78f385d8d2eb7d70483b1960f,34;34;34;34;33,,,TRUE
1200,1,20772015,6ff820192dd366a5e1ce296ddde19619617522d1bce38635fc33128c79c1856f,35;35;35;35;35,,,TRUE
1200,2,20782015,3aee125809875fe17338191a4ec844df3b31ed3acf0d548035e70732dfa74c8a,35;35;35;35;35,,,TRUE
1200,3,20792015,aa195c65d2980d2bdc2388568200a74b3d1eebd7378428db760837f49ed0a1ca,35;35;35;35;35,,,TRUE
1200,4,20802015,ebf98a48c489067a0c25402659f80e1c30c76995e8ba30838c74978d922128dc,35;35;35;35;35,,,TRUE
1200,5,20812015,c85d5c93e1e6de8bce5d478ef8ed38817fca6f0dde9652835fa4603977f191b0,35;35;35;35;35,,,TRUE
1201,1,20772016,ee0258d723ad366f334f6b3f44064120a35711c889543ad405e42e0d4c745403,35;35;35;35;35,,,TRUE
1201,2,20782016,0e88bfc08ab1f1f81b48e2780a99b47c818cb000ba3d048c71c50930283d6c05,35;35;35;35;35,,,TRUE
1201,3,20792016,089e54fbc7aff45433774b8e1264f2cdc8b8e80381f4c03d1d7ab46f8c2ea26d,35;35;35;35;35,,,TRUE
1201,4,20802016,3ba7973689cf4ee75ad1ce0766d066e849a627f20c757cff842d99aab3b5b080,35;35;35;35;35,,,TRUE
1201,5,20812016,9519c75d9904e93d6c8d1d0ff19c20a2e7c791efaa248b8cd29504b667b8f215,35;35;35;35;35,,,TRUE
1202,1,20772017,1b35f2a5322dc59e2d350a72c8ea616b6f1150860d394884bcd0028c9d18cb5c,73;73;73;73;73,,,TRUE
1202,2,20782017,0e61fa25efefa8639bdaf7d7a5719549bb5c0093e6056273debbcd473d5eb844,73;73;73;73;73,,,TRUE
1202,3,20792017,41dd9c7c89ca0ed8ff83236d0c58fc7086505ab687ee810fd4921155e8e3fb95,73;73;73;73;73,,,TRUE
1202,4,20802017,a15667326f09d13c2680e8e2bc24ee25fb7be1460c1aefa12abd1b6acaa2a836,73;73;73;73;73,,,TRUE
1202,5,20812017,925781f48b4d09518c761b95277629d26a0a411620b154524dce454e6ecdf2d9,73;73;73;73;73,,,TRUE
1203,1,20772018,4fae9601d82e89a4e3082767e28df479234fde6d43b9f660b245e92fe5971ecf,71;71;70;70;70,,,TRUE
1203,2,20782018,8a63c1567648b990b0460faaff510217785ae4e56853da818ac39720fbb5a312,71;71;70;70;70,,,TRUE
1203,3,20792018,933ad370e674cb07afa74c3d77ca5598e7f52bdd97b1b34cff87765fb3dc1266,71;71;70;70;70,,,TRUE
1203,4,20802018,7016738623b99524444f45b2b00539d91071763982eaeb3add1f96102ff68759,71;71;70;70;70,,,TRUE
1203,5,20812018,2e39cf9076a43e05bdb27883f4a3020434434c8bcf2197ec28a2cf3c7275c020,71;71;70;70;70,,,TRUE
1204,1,20772019,e2d1ca917ffacacb3494ee2429c79b348f635f12d7c1414d72d52b2b60ae31b4,60;60;59;59;59,,,TRUE
1204,2,20782019,363e42c31e21313fc31dfed1e5771b3ad48dd090d955eecf932333788c46f374,60;60;59;59;59,,,TRUE
1204,3,20792019,2854f08a5ce83902ecaf2ebeb030017216a2e66c340225ee2c83da266d8f34a1,60;60;59;59;59,,,TRUE
1204,4,20802019,353969f6819c121a6425a3b96dd28de27223e0f7139a701e853b6dec929c3dc6,60;60;59;59;59,,,TRUE
1204,5,20812019,07e61a97a3554b9b29720d7196dab2135bddae25b0030ce6306560b95c6e34f9,60;60;59;59;59,,,TRUE
1205,1,20772020,8a9f644cb89df0085e834d86f6b98c6e52a1b5a37605240c60ee95247b56cddb,60;60;59;59;59,,,TRUE
1205,2,20782020,10d355158a3879749d952c605bdbe4d7530fdb13278c4163f9bebedf26893620,60;60;59;59;59,,,TRUE
1205,3,20792020,128b02f29ca2460e2cf6f5b8fb51ac106a207d81e5135e9c3e0d2408b0544e8a,60;60;59;59;59,,,TRUE
1205,4,20802020,0cf3d1db6cbd8aec297d82052b29f94e86a3caf08870ee6d02d793629cbd0fc9,60;60;59;59;59,,,TRUE
1205,5,20812020,9311f12f67d6a19378af6f868fa14268468bd00e47835145b79f2a1abdc64dde,60;60;59;59;59,,,TRUE
1206,1,20772021,0a9ce8227af5d10fda4a19b34e9f7db53b059d17f8c8789ff7b7d7f6def0009d,60;60;59;59;59,,,TRUE
1206,2,20782021,775a4102ad7a078b7664a0f9f5c5a14f3c4dfe676e0cefdc11e0b50659bca7b0,60;60;59;59;59,,,TRUE
1206,3,20792021,18043102ea0d9540fc7189a874b6b38cabfc19d30a17c9238b6506d12a702e02,60;60;59;59;59,,,TRUE
1206,4,20802021,f3cb6b1b5bfbfc5b5293ebf16e288d68bea6b9d438b4ed2c13eb2cc36c01b11c,60;60;59;59;59,,,TRUE
1206,5,20812021,0d2661ddc5f7e36c486832d76fba2bb721829e6d5cf5922cfc846dd220894b20,60;60;59;59;59,,,TRUE
1207,1,20772022,b8e931fddd19e50b80e439512b79fca5c660a38ed1bd400139d1807178179787,61;60;60;60;60,,,TRUE
1207,2,20782022,1ba5b26d314cf1dadf339c3e649df6f16665e52ffdb50282405ca3a6cccb245a,61;60;60;60;60,,,TRUE
1207,3,20792022,206da7f9f3112e145056d7e9f74819e0c8c9c6c4aed912daca45b149f658fdeb,61;60;60;60;60,,,TRUE
1207,4,20802022,0be82fd011bec619eacff3ea769536fdfd7cc0e9b6fe9fd4f16d138eae9a3b49,61;60;60;60;60,,,TRUE
1207,5,20812022,7509da918e78a97db1e8882b3d6c75d40c0d5fe2df99113d14a4526ffa1267fb,61;60;60;60;60,,,TRUE
1208,1,20772023,6e8bd7933556e5b5efe71ace738b17f6d8d1f24e224f792efd13b92eb36e70f8,29;29;29;28;28,,,TRUE
1208,2,20782023,ee4c84732ba864e0ae3c2e398e3acbfcc27080b2d44a165295ef3fae42e9d319,29;29;29;28;28,,,TRUE
1208,3,20792023,420e8784388e104d635e22b4089d90d082c8ab40f4cc08ee41ec6cd8c74da43b,29;29;29;28;28,,,TRUE
1208,4,20802023,f615122c78bbe9e22c65a1dc8512b683710829aca5a1598cf153b90556ae465f,29;29;29;28;28,,,TRUE
1208,5,20812023,182186a13b07c92ed08776c31716e11e9931cc56f3ef9d8aba5005f855ef081f,29;29;29;28;28,,,TRUE
1209,1,20772024,37283fc397d5bc54dd8ced9d0020218620ea9e60e96ff27fd2fb19875c4b91a6,29;28;28;28;28,,,TRUE
1209,2,20782024,2d664399df6af09d99fabb555d6a2780bef38f7c9805bc1a7cb359001e11d512,29;28;28;28;28,,,TRUE
1209,3,20792024,b1473c0ec1fc6a5c0ce67da10196d92d58fe21e2793298ef7ea5a0ae54e9d488,29;28;28;28;28,,,TRUE
1209,4,20802024,9c8b327afae3aff0f9a409ffb461f120338123af8a82d9d0b2299728fc40c184,29;28;28;28;28,,,TRUE
1209,5,20812024,3a55c522d86c80c6acbef295d7aa05b9a4cef39ceac455bdb714f264beef1c07,29;28;28;28;28,,,TRUE
1210,1,20772025,c6b9532ea5a299ba815165c8d3f807e1c439d4ab653127090806de2473c41e29,44;44;44;43;43,,,TRUE
1210,2,20782025,5f4d72b0c55904281113774c934c62856a6836332ecc993562488c3c1a8f2a3f,44;44;44;43;43,,,TRUE
1210,3,20792025,295b4a6b464a3af73001d26720066330ac28bb0bd8d0add11cc638dca296402c,44;44;44;43;43,,,TRUE
1210,4,20802025,5bd2782512b97c46bb3ef1eb5cf241f512bfb0278740cc22d642a9de6be6f427,44;44;44;43;43,,,TRUE
1210,5,20812025,857d3c42c85e35c46bdd86b07bbb6a9246206acfc60134955e7139a941137926,44;44;44;43;43,,,TRUE
1211,1,20772026,fadee0f55fdc40066bc50f36c432235e2154a66a82c70587e8b6914b64044405,50;49;49;49;49,,,TRUE
1211,2,20782026,66e5963b154805d2f54d9d901c1921c67ac4edb7a216d2484b1c54db158bfee8,50;49;49;49;49,,,TRUE
1211,3,20792026,5b4b9418b60d08758b66cd1260186055c207f7624ca3dd885123a7ff503b8d5c,50;49;49;49;49,,,TRUE
1211,4,20802026,1fa1cc29906b656363c7e4103ce4ee59fd2ea42b188dec9ae84cb8261aa0d624,50;49;49;49;49,,,TRUE
1211,5,20812026,b70840c9dae769442f3baf2df9067a4bb17c142c735f47174d14c8f58e2a25d5,50;49;49;49;49,,,TRUE
1212,1,20772027,8f612532b453c452d45085fcecc8a5b390eb50251ad9a5ad603ae8054def2892,48;48;48;47;47,,,TRUE
1212,2,20782027,9f6c2cdc6ac1a48352ab9c5d06e89e9108f163d796476485d70435466ba57e83,48;48;48;47;47,,,TRUE
1212,3,20792027,dd88b662b431132b0d7f1f1af398463612879a4650fb7ba38e9b0d32528fcee7,48;48;48;47;47,,,TRUE
1212,4,20802027,2384ba3de48b35dbe0d03bab6aa8a7ba004e3bd292c67e8dc40a6f34553eee1f,48;48;48;47;47,,,TRUE
1212,5,20812027,6465042ba839ecf9b4d26a87e3705b2b7d9d3a7f97dca16e8810e0c3ab4e6930,48;48;48;47;47,,,TRUE
1213,1,20772028,27e87357f507b3d9554ecfed06e00a2d9411bd233c4095bbb07011096e3fc1c4,44;44;44;43;43,,,TRUE
1213,2,20782028,f265f3691c865e74edf098d2b615815a037600eb1756bd11ab840b37205ddf56,44;44;44;43;43,,,TRUE
1213,3,20792028,1a9d8abb41cb6b77773d90d9d9ea7a6971d927771a3bc2db8d78fa7cae1ad083,44;44;44;43;43,,,TRUE
1213,4,20802028,fc9f8a29f1af29108c8c856ccdec55816a2e9b3fa416bae5ca6631e407a41876,44;44;44;43;43,,,TRUE
1213,5,20812028,2bcfca0c47497d28f25d8dfe9c4ae01c94a718443538838b24a80553e1f89b71,44;44;44;43;43,,,TRUE
1214,1,20772029,e2a54d85e8d24e57a2bf1509e524948268c0b5f06afd9287495dc78ffcbc6a39,48;48;48;47;47,,,TRUE
1214,2,20782029,4a27bb868a25e1407e0b98a57b6881c0d566ba5597e54eb78603985daadf3785,48;48;48;47;47,,,TRUE
1214,3,20792029,647103faf63d11979f6afe8ff665d33f8f74323d32bc680246238cfd319cffed,48;48;48;47;47,,,TRUE
1214,4,20802029,3fd998a5c8bd60f170ac3970b8eea89b06456881a4fb92c0c80fe4a1807233e1,48;48;48;47;47,,,TRUE
1214,5,20812029,20a371fea8ed5921f67dbcda5353645a82d54bb904dcc57cd867230659055b20,48;48;48;47;47,,,TRUE
1215,1,20772030,fdf43a5d582fbf0ea18d9fabce10f0354b5a924be65d6a3940d57056494f7b94,50;50;50;50;50,,,TRUE
1215,2,20782030,528a033eac49d03f7210e59bae87366e28068f1767920b9ad6083a202eea4b45,50;50;50;50;50,,,TRUE
1215,3,20792030,302b3429eba0510d795405d36d75663c3c448813d0bf1cc189c101d97c3d2e9f,50;50;50;50;50,,,TRUE
1215,4,20802030,6dca92da31bb3d6133ab9ace826f567301f2283080f5d93823eb0bffb1de8c8e,50;50;50;50;50,,,TRUE
1215,5,20812030,28523cbb312cacdd25436b8bc29c5ebe3a5aad3a5c544f29c549ab75094f1f07,50;50;50;50;50,,,TRUE
1216,1,20772031,8ed8f5f727edfcb34222a1a74b4293d21b2921effdd47f65897816b7da9d3b9b,44;44;44;43;43,,,TRUE
1216,2,20782031,6a7358fa018a664e45d605321223c6f80dcc0df7c4f081a18fb8b109a967f350,44;44;44;43;43,,,TRUE
1216,3,20792031,c93683e8499b008b90f832cf6339f98c2c27e14325f31e1d9bdc711b5a41c24f,44;44;44;43;43,,,TRUE
1216,4,20802031,672fc952a662af621d6986503ad90039efe0c29f781cfcd9970521b89dd8b1ac,44;44;44;43;43,,,TRUE
1216,5,20812031,5c5965f23c45f18ff1f81738597de6f1d7a8a48c835ca2b43cb294ba4eb3b1d9,44;44;44;43;43,,,TRUE
1217,1,20772032,438d61e6f77fb143b0fa0424c193b77f7c7339135d41882e7fc025f3275e34b6,44;44;44;43;43,,,TRUE
1217,2,20782032,338dace60542776e51b1177e363657802217d8696aac7183363e6c15536caf89,44;44;44;43;43,,,TRUE
1217,3,20792032,ae1910f4acc10ee20cd5c6318f4048f5d786784ca3f11a6ce5471227d3acf4a3,44;44;44;43;43,,,TRUE
1217,4,20802032,51154e56c14360b0bcb425b59c879df6f13539b7e2649fdbccfbe4382898f661,44;44;44;43;43,,,TRUE
1217,5,20812032,1e96c02aa8de3cf722369d44bca642b2e18edcd31cf992101f61a6b6372fbc91,44;44;44;43;43,,,TRUE
1218,1,20772033,0ab51ff7c95a1b5ef90c1e0379c2720c96450c43906c6624d4ae62a009dbafd2,44;44;44;43;43,,,TRUE
1218,2,20782033,5d9b4feea4cf113198466cec8faf32aa11c73017439214c8866737776f6fcf94,44;44;44;43;43,,,TRUE
1218,3,20792033,86bb44a858f2e9262127c29464436d26cf816232dec84851787e57d03a9aef04,44;44;44;43;43,,,TRUE
1218,4,20802033,218a09102bf322f3a9dc5e6915006f68f1d9f64a2bf4cb4bc606c6d3606bbcfc,44;44;44;43;43,,,TRUE
1218,5,20812033,a3781b6f649b128c76e43bb027ea84acc8ea60fd070d7eefa89340b372e6d755,44;44;44;43;43,,,TRUE
1219,1,20772034,43725e6b0d3de6f905468a90288a287af0f0db4e1d4425fdf193c1ec072c627c,44;44;44;43;43,,,TRUE
1219,2,20782034,a541830160d0a7a09d2b78603103617d45502316dc0a8128813c905bc7dacc76,44;44;44;43;43,,,TRUE
1219,3,20792034,18e0ef8cb0292678c060df5fdc8e89cb3fbc154b5bd8f2adedb22d9cefa2e880,44;44;44;43;43,,,TRUE
1219,4,20802034,c6c4f27b58f98a45ba47741c35f15844702ffbf4d45c3d2450d129f98d29e588,44;44;44;43;43,,,TRUE
1219,5,20812034,544deaafd005f7765ad2b9755c08ffe809b9323e4201f49b1640ad78c6e06ac4,44;44;44;43;43,,,TRUE
1220,1,20772035,7aece26203ff167d9c023386c1fa9a3f65b4394d22388fda052e56be41507b8b,44;44;44;43;43,,,TRUE
1220,2,20782035,e4914bc4f7412005632a8486a19d5d35496c2ec996f7afd271f291cab4609be3,44;44;44;43;43,,,TRUE
1220,3,20792035,9a7484c62d695227cceead6eecce03c79b7203ca144346090aea2b74b824ec6b,44;44;44;43;43,,,TRUE
1220,4,20802035,c1e68ad0fc36d156ef9ac5b3f67d91e4353db79ef1e9790c20b48f01836d6015,44;44;44;43;43,,,TRUE
1220,5,20812035,3c8652929e20ad142d8932763a004fa38f51d87607269d0b9c185870947edbee,44;44;44;43;43,,,TRUE
1221,1,20772036,570024bd9c12e78a98c7b630293d61d7ab38a40f8359230cd16a2450927c5973,50;49;49;49;49,,,TRUE
1221,2,20782036,ddfb2f1b89e28edf8024eb5cd050dac4bf7b399c72909cfd29da628aab847ea1,50;49;49;49;49,,,TRUE
1221,3,20792036,6a796a0c6d1b73f1715d4f3beea630f1ebecd6cf13fffa351aca36e74a9e64da,50;49;49;49;49,,,TRUE
1221,4,20802036,5b42832e9283de26eb511be9a55cc1ad7d897318b12b24d5e4f8f81746ba5516,50;49;49;49;49,,,TRUE
1221,5,20812036,ead5da53a7d21c7989bae4b59699521f01b9964e50c749c781e6b37bb04d7f54,50;49;49;49;49,,,TRUE
1222,1,20772037,0174f77dd097bcae942380fa2c9e3750c20b32bb29e73c5b849dac9ce52057ed,44;44;44;43;43,,,TRUE
1222,2,20782037,c89abb582fd13e89db5fffcebf1e635c57db11cbab67f27ceb6826ed5c2f35bb,44;44;44;43;43,,,TRUE
1222,3,20792037,8ca7d697d0d7b25d9ef984e797f757d936705d684c744fc2383ad06c7c8641c1,44;44;44;43;43,,,TRUE
1222,4,20802037,8f33ebfd83fe451a20963e5bcd6b105d643387fe8b1990627c581a8cc998bbdd,44;44;44;43;43,,,TRUE
1222,5,20812037,31c071e1c8dced66ca3fa1e0f3aa4a5493ff430dedf70cd2ca2885dcc778fb05,44;44;44;43;43,,,TRUE
1223,1,20772038,e67b2c8f06a9e919d8e62aea6092b1180b5b4367d320fe511d05c79f771f1c1e,48;48;48;47;47,,,TRUE
1223,2,20782038,7aeeab66edab83e751869689053c6a374caf402ba70ee5c0b9847210d7ac275e,48;48;48;47;47,,,TRUE
1223,3,20792038,dcf23d2ef060abd49b0ac637e6ef8f32a7821b9c2b86b7c59467c31603b5be92,48;48;48;47;47,,,TRUE
1223,4,20802038,67729dcc3d589889ba0b6426517f4284321bb87243c9dbb163aecbae2a402b63,48;48;48;47;47,,,TRUE
1223,5,20812038,5aea28f9833f714a1c5a4a6c64af9e2e1a1d9c7f4029eb1b7c5f16b27bdbc2d2,48;48;48;47;47,,,TRUE
1224,1,20772039,8e734da3fb29e8073dbaac81dfe6985a8231e52c85330d736d4b6407a7151f5f,38;38;38;37;37,,,TRUE
1224,2,20782039,358fabe42eba31a5e53c12d72a7848cc2e20f03facad671f8c3cc0601ca0c691,38;38;38;37;37,,,TRUE
1224,3,20792039,965cf3a6b21661010c0d7538a9e93f5524dc229f3e5a4efb61ebaa83242bb04a,38;38;38;37;37,,,TRUE
1224,4,20802039,696fd8d66dc3713a8359fa60da07b052a36150757eb4126c71ff018690aad3c1,38;38;38;37;37,,,TRUE
1224,5,20812039,0a2611f868469f5b6d73dcbb32b6169a8ba6b112a183e1491de72c4aee8278b2,38;38;38;37;37,,,TRUE
1225,1,20772040,5b62f07277dd5c8340674ad0a8986968429fa7cc695b7821c75b7982d7d5ecdc,44;44;44;43;43,,,TRUE
1225,2,20782040,2c71686be2670ba8e2710830a1f0934a6e18cb2dcb7cdc471d2266864765b0d9,44;44;44;43;43,,,TRUE
1225,3,20792040,83b012bc1f2f77c0315b64f39338eb250411ad80881cdba6329f851ba6ad09b5,44;44;44;43;43,,,TRUE
1225,4,20802040,c5f6aae4f06243b4b46b792f3e45bfad3a733cf81fdb6c570eff3f0dd8605d81,44;44;44;43;43,,,TRUE
1225,5,20812040,7d65acd8def82552c4b35bcbd356f6cac796c42f804a60a1e1d51d3fc0ca8b6e,44;44;44;43;43,,,TRUE
1226,1,20772041,40fdb585c59ab98b23a95a5dcd1a1049faf4c9b6a0d28bdcf48b68d8a7fb7037,44;44;44;43;43,,,TRUE
1226,2,20782041,af1a1204be13035c06eedaaa7934fc6e2a2005504b96881925c5dd1569d60d4d,44;44;44;43;43,,,TRUE
1226,3,20792041,0642e8f30277fc90da01eac57b6f25e1a280ba1526a756b206a99450447db700,44;44;44;43;43,,,TRUE
1226,4,20802041,4eb6283498e214e15c4a12f628a161ef1948843644f21632c8797c907235d207,44;44;44;43;43,,,TRUE
1226,5,20812041,7168f811051dfe1ba5a846ca397e34202bc43e83130be6d4ddfd362e5ad0f6d6,44;44;44;43;43,,,TRUE
1227,1,20772042,4f7d2cddbaea7bf21ed4a935fb43d323047aece8f741dce0990529736bcbadb6,44;44;44;43;43,,,TRUE
1227,2,20782042,5a1f499993feed3cb04153d85bf1c10068bf72b42516726bf28c537bd2f55ac4,44;44;44;43;43,,,TRUE
1227,3,20792042,e989034ff5044d23d3e1d76225e74f7c99006b9228e4c4ba1749d36910c23f8a,44;44;44;43;43,,,TRUE
1227,4,20802042,08cf57761f7c41217c98185094a758ceaee0e0d8e185dea9cb9128cb9f19bcac,44;44;44;43;43,,,TRUE
1227,5,20812042,39aec6355357942d6234dd9353c58aa468c4021d2c9672c895727a4840de0674,44;44;44;43;43,,,TRUE
1228,1,20772043,db5e37d070920cbb79736a88c2d25654dbb99db9c70b7707b93223b9dad9950b,44;44;44;43;43,,,TRUE
1228,2,20782043,e88fa26f155f9ac78eb728e29c15a08b0d31d4da0a8370a415d07dd737b79b4b,44;44;44;43;43,,,TRUE
1228,3,20792043,8dd02e5cd67d60d57754927e35ab5b575ce005ab5076bad73085bc68b7e290d2,44;44;44;43;43,,,TRUE
1228,4,20802043,2ee37b9f624d1526f153ea8bdec023bdd0b403e08d7764d5c883565b8fb251bf,44;44;44;43;43,,,TRUE
1228,5,20812043,b8c91ede1e3b588a1855c81c7220eff37ab777fbc92f8dddffe1d26c8b5cf1ad,44;44;44;43;43,,,TRUE
1229,1,20772044,5be341f736347c0d6edb57a6d5f505c5f1880d9215fb9c7d049a4a1849ee3b34,43;43;42;42;42,,,TRUE
1229,2,20782044,5820c54f6c42a85a5bdb5699865a0d42044b6b169b8e0dcbab7b2cdf0fb5049c,43;43;42;42;42,,,TRUE
1229,3,20792044,9ee0e330817ff8947ab0bba2097f764affa2742fbb4ea2f96a8fd7326b0c2932,43;43;42;42;42,,,TRUE
1229,4,20802044,0d371f58befdf966560e2c2bfe69add6627728be4f235f0b6c74cb02a068b7b5,43;43;42;42;42,,,TRUE
1229,5,20812044,5abfddf453d3fb97169b59e454fc276be28ae639c70e2e85922d2a819a1b384e,43;43;42;42;42,,,TRUE
1230,1,20772045,4a659b615b3f0b99da12b9645525007f7f0e4619859b5f78c79e36bcb84962ee,59;58;58;58;58,,,TRUE
1230,2,20782045,43406620a4738db8fe550c737b1917af133ad445ede408fcbd33aba4a0e3532f,59;58;58;58;58,,,TRUE
1230,3,20792045,04c56063c0344d58ea40275571cd3471928226007a6626926abad024f6cb5a4d,59;58;58;58;58,,,TRUE
1230,4,20802045,a079706716e9b67eb381a94e92cc3ed90f870ed601c7945876023c77973944c8,59;58;58;58;58,,,TRUE
1230,5,20812045,d21a8a47882b8f29268f7d807823687a316b69e8996c17c05d6754024d91f002,59;58;58;58;58,,,TRUE
1231,1,20772046,8a05aeafad35fe2289ee860b05f1c0441bdd3921b89556ac4acbf787535abaad,59;59;58;58;58,,,TRUE
1231,2,20782046,66d301a37c93de5e49be125f70a8be1f609586f8aa702b1cc5d8295d0c1afa66,59;59;58;58;58,,,TRUE
1231,3,20792046,1236cad861617441658320235e581ba0062f875852de69f33e287d190760b7e6,59;59;58;58;58,,,TRUE
1231,4,20802046,3399f560dd5249b6302fb6b289a9a9daa3ba4ee6ae011b44733320d354c5e4c4,59;59;58;58;58,,,TRUE
1231,5,20812046,714b39e017d451ddfe77c22d0e881a73ae14b157ab193ed941d560d0b94e4895,59;59;58;58;58,,,TRUE
1232,1,20772047,44fe0b6395664be5a0e2fb1f3aeb23b3d625d134d2a09a5c60ac78e396b29eec,59;58;58;58;58,,,TRUE
1232,2,20782047,6c9219e36a44107d90e117b31bda88b92c5c5bae6e303d5a9de1bbfeede20fbb,59;58;58;58;58,,,TRUE
1232,3,20792047,fdd9811cbd197582d7bb33c6d14987b60210c69a19058e5f4d1f5f54e8eee34c,59;58;58;58;58,,,TRUE
1232,4,20802047,f8fc8ef682b4cee3d3bfbe251f45dcb0620e8ad2c01222f0f9194e938866e652,59;58;58;58;58,,,TRUE
1232,5,20812047,819a88115bf39b9f59fd6321f1cd9c5dc843a53093e03cf561f3dee04a89c16c,59;58;58;58;58,,,TRUE
1233,1,20772048,b909a70e4d1e0846d19484782fc36c05eac6735aa9b1638915002002ecf8cadf,59;58;58;58;58,,,TRUE
1233,2,20782048,42248188ed03e56e56ba333a1c051474c72bf48d170c40b679df8097bcbf6e24,59;58;58;58;58,,,TRUE
1233,3,20792048,c29319bd48a486ac30e89c693732120146b382274d972ac5370adacfef43dc41,59;58;58;58;58,,,TRUE
1233,4,20802048,bdf334334545692f4273e26e7bd7b79fb9a4dc86c90538773428385c3d69f535,59;58;58;58;58,,,TRUE
1233,5,20812048,007e515481c78ce772c9bb797dcb46f618d2eda923c608095b2c00c1c34934b7,59;58;58;58;58,,,TRUE
1234,1,20772049,c5247ce26d2b0de1285efdc94b02c9f6f955a31828b77ec4f9b9fa80f3e5870e,59;58;58;58;58,,,TRUE
1234,2,20782049,17f838d4900cc4f7c54dda97decf9e0acf71fee0e5c2de82efccc840b0e99427,59;58;58;58;58,,,TRUE
1234,3,20792049,3c28080a2b281cf834e04c2c42b141b5c52893eff9299ebf3e68e1e29d81bcc7,59;58;58;58;58,,,TRUE
1234,4,20802049,0df67f133f417e410b24e2773d668d7406c9adf2f146985764b1d288e0e6ec48,59;58;58;58;58,,,TRUE
1234,5,20812049,4c46faa69d741d715661913513c97ef281de81dce720e16686b081989a0c8911,59;58;58;58;58,,,TRUE
1235,1,20772050,06db31157f867a2e4222f1690bba4ba601da385da3c845ad707ee8679e7fc68a,58;58;57;57;57,,,TRUE
1235,2,20782050,075aa91e65f3dfebe9755895f3bf7811afe93e3d0626b5b989b8a6ee8a44e00c,58;58;57;57;57,,,TRUE
1235,3,20792050,12fcb7b6037e627b02259351fc2d8bf5dfc0c071894afb6d0f80c5837137be66,58;58;57;57;57,,,TRUE
1235,4,20802050,7e860a22be9e9d4c2ec5d9def43452023ef2212e0981fc390a49a7db259634fa,58;58;57;57;57,,,TRUE
1235,5,20812050,8f29e7bd036db122b29482fe9d06a5920a879999b0802b86071ddfa6818e2e87,58;58;57;57;57,,,TRUE
1236,1,20772051,378b26f2c6076b8a74e922906e57a819a1385c18ed313283ee2bd7c16419ac31,59;58;58;58;58,,,TRUE
1236,2,20782051,93b94c1c31a0c640139cb783168aaa793f89c5c9fb0b8c6e409fddb37baa39f8,59;58;58;58;58,,,TRUE
1236,3,20792051,1c5287b1e87f0b897834647f37ca4190fc54c3b880953cbaf1d6d2143ca94ad3,59;58;58;58;58,,,TRUE
1236,4,20802051,a524a8dc773df0dafba10bd59e635a8b1604642acc92da245affe975a774ef1f,59;58;58;58;58,,,TRUE
1236,5,20812051,c5089509e19e417763d92e81046452c5363e24207ebeaf6a95997da7fe3b010e,59;58;58;58;58,,,TRUE
1237,1,20772052,ea296e670b028c4d549ec91f1f28b65ae9b5fe3d7cdba3dceeffad4e4637a229,59;58;58;58;58,,,TRUE
1237,2,20782052,d448ebe31dc0715b5500ee1cc45a2bee2edb7960c7d90baa301164fa771d8fdb,59;58;58;58;58,,,TRUE
1237,3,20792052,ecc0b0af1833ad319dada7a04adc96683ddaf854d9793eabb8b2fc73d89ea31b,59;58;58;58;58,,,TRUE
1237,4,20802052,e486da725985802a3869f0b6069a21b0a13958c979c67052ced83987d00b5d75,59;58;58;58;58,,,TRUE
1237,5,20812052,ee54e35c0e6f0a5a36869fe36b13718f908aea3879e4a3042d4f79b20463981b,59;58;58;58;58,,,TRUE
1238,1,20772053,ec6adfdadebf5495dd5469ce2f180e5a7bc278a6979122ad5af21c7304e3c360,56;55;55;55;55,,,TRUE
1238,2,20782053,66df9e0995611a6d5276c8699f666e1eea5e34667479b7a855889adc05e5a017,56;55;55;55;55,,,TRUE
1238,3,20792053,0f8f75a64df0dc3134503874d23c29911680b01d0a9496e675fe5dbf5524db73,56;55;55;55;55,,,TRUE
1238,4,20802053,86ba2355fa66343bfa1100e249d2815e0958df342be05093567d16a6475a9c55,56;55;55;55;55,,,TRUE
1238,5,20812053,4abc36fc1d4eff2113cd916116cfdbca861dfb44509dad2df89afc25463ee6e1,56;55;55;55;55,,,TRUE
1239,1,20772054,1b085e4ba8081b134d385315eb8e56cfaec555041c430fd496f07ec1dd5d1c0f,51;50;50;50;50,,,TRUE
1239,2,20782054,38910780b5d9ac8bdc6ecd29dcb4f5ccfa041278e843123b4ffa7a6250a11fcf,51;50;50;50;50,,,TRUE
1239,3,20792054,ad110f6fb1ec7e44dd9efd9f14e74f80b652d60b8e071326cd2f6aa5f091d4e1,51;50;50;50;50,,,TRUE
1239,4,20802054,825f22ddf8ce7c52adc3df40aacadb2b0b776f9041e4f8b980876a76ef74d823,51;50;50;50;50,,,TRUE
1239,5,20812054,2613238cd90e67b157ac0a27b9fb7476857d18baedb4819104ed76026521e978,51;50;50;50;50,,,TRUE
1240,1,20772055,a6a45ba39f16e09991fa679599afad0988df305b44867e9a5b62c87e493d91b6,59;58;58;58;58,,,TRUE
1240,2,20782055,7ac5a3fb361cea73d71a19b780ba2118a021106a6bbb17cb92e6015be02b770b,59;58;58;58;58,,,TRUE
1240,3,20792055,328a1361a8f66fe37ae45501e5e83081848f30f40c6f7f5cf4cda5a3402045b2,59;58;58;58;58,,,TRUE
1240,4,20802055,fa9bd3f064b786bc74cc3e26f3b402378c09f11b95f15ccc76103655ca82c3a3,59;58;58;58;58,,,TRUE
1240,5,20812055,f8682350bddc0ea4c204bcb48231b6b72189dd46d697d47ee21474b56fd78482,59;58;58;58;58,,,TRUE
1241,1,20772056,4b93a753efc2cd2df8f37e3ab85807e500d5fa691f95a28f0a22c2671d884ea2,59;58;58;58;58,,,TRUE
1241,2,20782056,066df4c95346a658dca99de7258b316e17c3f7fab9aa44ad6d242048fc19c463,59;58;58;58;58,,,TRUE
1241,3,20792056,7e86b27310f70a04161c9a2514218287904a36927981dc4abf55668c6f7b7aaa,59;58;58;58;58,,,TRUE
1241,4,20802056,3942682c58430d1a8561e4fa01f73779c5bcfb025214db509461620270ee3b81,59;58;58;58;58,,,TRUE
1241,5,20812056,a0b4624efac88b139801bc78c8bbf6f3ac074312e9e6f32c4befa0459a077506,59;58;58;58;58,,,TRUE
1242,1,20772057,ec91170b16f277426eff5b82a91316e65b7023a4d60c992486a9fa3a93f6fef4,71;71;71;71;70,,,TRUE
1242,2,20782057,8c36acc6352fb1886542930b9ef92e849fc6cef4a2bd8bba09b59a83f30494b7,71;71;71;71;70,,,TRUE
1242,3,20792057,68721d6c7a17bb6b3151cda200e3f8fb853e9e32146533a6e3a01015265dd615,71;71;71;71;70,,,TRUE
1242,4,20802057,071fe45e9cb16ca47f00134606259791c124df54ff2f82961fa0694122cc0f61,71;71;71;71;70,,,TRUE
1242,5,20812057,37a88e8bb1bbfa9f42b186afad7f4757fabfd283bb843974883aed42b5ecc0b7,71;71;71;71;70,,,TRUE
1243,1,20772058,5585b89b0eb3e6c1a1a9f284b0945678658cc1bca1195ed7341916f09a860216,64;64;64;63;63,,,TRUE
1243,2,20782058,9dd4126a3fee66171a81992911f6813e9952bcbef0e4f325711666e818a1105a,64;64;64;63;63,,,TRUE
1243,3,20792058,fd498676588051f70536531448f9ea529f5d548c84f917de7e43167ec7b56ac3,64;64;64;63;63,,,TRUE
1243,4,20802058,ec6de1f0b8c2ea001ca06fd5ce180b4e4d5411aef1e8204c7029ad9cc98b5e0e,64;64;64;63;63,,,TRUE
1243,5,20812058,2f29901614e97807c55233252ca01382f7bc10a8b9e5b5b76463b7774fe08b44,64;64;64;63;63,,,TRUE
1244,1,20772059,2f90dc5ea1cbe18d4e86b2c04e1256c097932e463342828d85f71a82c209b7e6,73;73;73;73;73,,,TRUE
1244,2,20782059,b89dafa38a8a7de139dfb1244538b144dda998c40ebbe6cc1051cf453a60ad8f,73;73;73;73;73,,,TRUE
1244,3,20792059,6700bb38c7faf5a22c2735fe06ee9be23ee480c006533607ba010404d3f129e0,73;73;73;73;73,,,TRUE
1244,4,20802059,ebd4fe60b76bce4d2d8284bd07d98227c1c1334fd54b4f9bed25c9c46b25b0d6,73;73;73;73;73,,,TRUE
1244,5,20812059,1eaac352ff1a054decb509ed79260db107bc182e45836ab01a598bc8fd9a52f5,73;73;73;73;73,,,TRUE
1245,1,20772060,43038c8ad2dd2ab8c2ab12f1996770030a890ea621b737c4001b6868225c7d59,72;72;71;71;71,,,TRUE
1245,2,20782060,71f3213b950f7aca9a3683d3ff0249c540969e369304f63094eabda41673a86a,72;72;71;71;71,,,TRUE
1245,3,20792060,34f96808dd2fb46c1f82e7d2af2b3b5b4c3111e4fdc2ed6f223aea258352688c,72;72;71;71;71,,,TRUE
1245,4,20802060,3cbe30b88324ad8c3e1a0229ec089ab8cec2eeb3e6c4f26e6d8ab47a0db20fe7,72;72;71;71;71,,,TRUE
1245,5,20812060,103b9618b2ea9fdb4f58d1bbb2e2cbc3d5652412efbb580a009c5953615b9d85,72;72;71;71;71,,,TRUE
1246,1,20772061,c2bfcc95dc34a6ae1f9fb65c08c36672a1be49f1e9375c31b5874a17d6dee8df,66;66;66;65;65,,,TRUE
1246,2,20782061,e1e91b896063a05303f755b6980c80bf9ae27e420bb989e189b676c546c46e82,66;66;66;65;65,,,TRUE
1246,3,20792061,718fb213cfd8c57fe08609e192af8bf381523796bf38392d109a663593d158d2,66;66;66;65;65,,,TRUE
1246,4,20802061,984be35fe39c84b3426f881f12684aded23396e3db64f8db09dfb65b8d660cdf,66;66;66;65;65,,,TRUE
1246,5,20812061,c4af9199bd85f60c300b67ff5c373c4833b1bddee03b9e75146291fbda79889e,66;66;66;65;65,,,TRUE
1247,1,20772062,4773a8e4100affdb28351841f1c71ff573bc62c3086c38b554007c108a8c2baa,66;66;66;65;65,,,TRUE
1247,2,20782062,5083bcf5402ae655549982d1d350fe13cf425d4494c74703b84467f2ecefbb42,66;66;66;65;65,,,TRUE
1247,3,20792062,bb924ab36d92c01c7e2558b1b94d0a4a6df3d0e95badaa1e3d67e09912ce036d,66;66;66;65;65,,,TRUE
1247,4,20802062,e6083c11615c6b02825dbc841447b24c80dcb0e364cd5d9b652e7f8d66ed6df8,66;66;66;65;65,,,TRUE
1247,5,20812062,2739c5716b096ecf6236e0ea7daad81c0ad4608b858cdb5cb056af959785cf70,66;66;66;65;65,,,TRUE
1248,1,20772063,fcc7b7cbf982632bfcee1aaad96969ccbc529ebfd59be0144c2a83365319fb53,66;66;66;65;65,,,TRUE
1248,2,20782063,819211e5fc605f9f3c163a074711a57f178ff7c2c0af5f022484d83efa82bc5e,66;66;66;65;65,,,TRUE
1248,3,20792063,075b7dc8c33ab915da16cde1eb18f39f9125b99209b3301af454bb99e0281828,66;66;66;65;65,,,TRUE
1248,4,20802063,2a4843f0606300e012dd3e1bc6344c0c1f9e5d89964ec3171486eb26d1993cc3,66;66;66;65;65,,,TRUE
1248,5,20812063,52fe43ca377d7e5453075551533ac99c24831c00fabea838ba53b0f6401da466,66;66;66;65;65,,,TRUE
1249,1,20772064,4ee8ca3856636fa97ba6d74a7d9da05e9a248647c1ef4ac61cf3457ca65363d0,74;73;73;73;73,,,TRUE
1249,2,20782064,f9222399cd8d09262201fcffcaf551b15a7c81ae1b034724f29bae53f4e9496b,74;73;73;73;73,,,TRUE
1249,3,20792064,482a2eaffb4330ba8b598edef4fae53fb21eeed2e2cfae873c2203d762714d55,74;73;73;73;73,,,TRUE
1249,4,20802064,38de15cc46262509ef1d9c685aa1d47252e47d1d971989a1ce8b7ed477bcd1f0,74;73;73;73;73,,,TRUE
1249,5,20812064,a3edea4ce36a0dccadc0a5b9525643ad25b31e1be2baa6348152127e6bf1f250,74;73;73;73;73,,,TRUE
1250,1,20772065,0efbdb95a15e1f5a8a28cab933d79353ea4b5b2c90a619f71368d2c7f2a355fb,73;73;73;73;73,,,TRUE
1250,2,20782065,ca3f846928cb3e3a675c0dec27fd2d12d1b4d3104535786652aaa73e6b900f97,73;73;73;73;73,,,TRUE
1250,3,20792065,47f968d81b1b82588106d03fcd8585ccbb3d7ee671247daf8402e3d7aab8523a,73;73;73;73;73,,,TRUE
1250,4,20802065,612f857c255c33d7d0f775fa604c5b1a4bf4f103063a6a2931468dcd9552ac06,73;73;73;73;73,,,TRUE
1250,5,20812065,97c59a7ff97181f17dbb2bc05a0f6d5467ac6c5d114a551383baae3cf096ae9c,73;73;73;73;73,,,TRUE
1251,1,20772066,4bdc8694752a96ff0a20a12a2d85a849c970e7cf904a48e848c48408701dffb3,66;66;66;65;65,,,TRUE
1251,2,20782066,d5a95e586ec352b0a4a69f645c582af63f8c20d8e1abeb9cbd367c495f202636,66;66;66;65;65,,,TRUE
1251,3,20792066,df25b3a879c9e04921dfb5eeeed3f334daece45b292ae5261dd0d8ec55b7b784,66;66;66;65;65,,,TRUE
1251,4,20802066,1e33a672b051c172ff7fbf4dc189581b6f35f614cd8ca15be84825a5853b5c4b,66;66;66;65;65,,,TRUE
1251,5,20812066,3e9473e2f9d1545f9638b6b4d83f9f8113b54a14f5b774b466fee571c02e6a6f,66;66;66;65;65,,,TRUE
1252,1,20772067,33e6759306d789398d19506a5d49b0d61f491b056a03c019aed16fb4bb2f1f92,74;73;73;73;73,,,TRUE
1252,2,20782067,a7d471999564e89d546b5a7d80c697cd9546971a508d222cb0e93b4bc820ae9a,74;73;73;73;73,,,TRUE
1252,3,20792067,12c265645106346f2f8e0617dcbdcae1298de1655dd3ac492cf4a2c0a8dff904,74;73;73;73;73,,,TRUE
1252,4,20802067,70c0b2fcfaede32ac9cb6e7a733b71eebfc0fdee76c2f7ee041c1092599ddc3b,74;73;73;73;73,,,TRUE
1252,5,20812067,9742d32e62eeab9919ed59228dd87fe4bd2d5cb208f6a82b0fabe84497f8e88e,74;73;73;73;73,,,TRUE
1253,1,20772068,33d018a3bae2bea2905cf400f0426d102cccfa73fa017a7e2ee73980ad6b3af6,66;66;66;65;65,,,TRUE
1253,2,20782068,dff6fb4995c75e4809ddbbe2d96adbcc7ef84f740730f2e01fce3c8a1d0eb497,66;66;66;65;65,,,TRUE
1253,3,20792068,d56a87b70663c42465d5a1b5de84112c017a66acc3f8811ffa4a2b904734baf1,66;66;66;65;65,,,TRUE
1253,4,20802068,29ddd125ed0391ad02d923976905404f8f1992e73892ec06015aab3469d25293,66;66;66;65;65,,,TRUE
1253,5,20812068,484616333319bd5d391cec417d47a9030db5022edc960898768892f02ac72eae,66;66;66;65;65,,,TRUE
1254,1,20772069,98f0d0f54d0daba92434a8c94c672df6a00388f3c89dbe7f882a552759db4ffa,66;66;66;65;65,,,TRUE
1254,2,20782069,308ba8e4bb02c039c45b7a889b1a7180ddd0a43fa14ece5e277b9d141a671e31,66;66;66;65;65,,,TRUE
1254,3,20792069,235fd0c4be1d56025ada42d4de2bcbfdd97771de30f3ef35a8d8ebd2fc6b693a,66;66;66;65;65,,,TRUE
1254,4,20802069,30e2cdc444b7a02ce5650e74f44bf2e4848eccc04f815cb0252c28d0962cc3fb,66;66;66;65;65,,,TRUE
1254,5,20812069,bead779284da36b47def6daee4adecdde4fa4c291340efb1d0805095208ea222,66;66;66;65;65,,,TRUE
1255,1,20772070,8722aaa61c33c988571a2327dbff91d1f55976fbaa9ccb472118067c73bd70e1,66;66;66;66;65,,,TRUE
1255,2,20782070,cd2324d5165ab48e3f8a300c5278d29ca43b6ce24ef41e597a567ec11b90f394,66;66;66;66;65,,,TRUE
1255,3,20792070,865b32fb35250347c29277e1b6f67b2008d2bb46443738402d34f76ad87f1321,66;66;66;66;65,,,TRUE
1255,4,20802070,bd21de703e70d521b356789a101b54f96341ae9691eb629d13444f47fc633348,66;66;66;66;65,,,TRUE
1255,5,20812070,ac29902a5adf0ed779662fe927c6b6c3c9ebef0edb53db41243175a1698cd66b,66;66;66;66;65,,,TRUE
1256,1,20772071,a388534dd6490ac7aa86172ca3c1abf0c1ef7424ad3cb2c27550c7bcc53f40b3,66;66;66;65;65,,,TRUE
1256,2,20782071,c088d246a52471200b1ff7e547cf387fc8b6f28d0d5b8946fea97e479e45153d,66;66;66;65;65,,,TRUE
1256,3,20792071,ed131557beb7adaf9d0fe82cc9c9c2fe456b88d9d3d4ec769902b2697ddffd91,66;66;66;65;65,,,TRUE
1256,4,20802071,982db6e568a512e2483490a622e52e9291396b02d43380e35036350c34cd451b,66;66;66;65;65,,,TRUE
1256,5,20812071,605d8353c934f805955f9dad486448f6f53cc477089fb8efdab5213dd33b4b7a,66;66;66;65;65,,,TRUE
1257,1,20772072,fed835d9232fc163f2724e8a95fa6b09c24180ac080d70265798258c48313f6d,66;66;66;65;65,,,TRUE
1257,2,20782072,64bd3217becb944cbfaa548963e4634eb5bb683cee7409c725174048016258af,66;66;66;65;65,,,TRUE
1257,3,20792072,51bc306a76f4f95b2d2c2de99ab2306c4be2c13200a603738af5fc93853d310d,66;66;66;65;65,,,TRUE
1257,4,20802072,4e3e819efa175088bff762cc0f55154fab5087bce20ada15c33ef346013847f1,66;66;66;65;65,,,TRUE
1257,5,20812072,9c9bb4f83bd46939d7d6adeb7d9499fbd78029461157ade2399afa93d9702caf,66;66;66;65;65,,,TRUE
1258,1,20772073,b6e26256ef0f7f50951b1f00ef2290ed02de011bd937c3bb92dcf0906e6c569b,30;30;30;29;29,,,TRUE
1258,2,20782073,24901f94a918c118f29351c88f99257993882469fd5db0391e6f48799a687219,30;30;30;29;29,,,TRUE
1258,3,20792073,659dfcbfaac74052ba1bf150863c41ac4b5ab563812a340ff6f804c3e0c9bdd0,30;30;30;29;29,,,TRUE
1258,4,20802073,fcd2f203f89bf24da5db9085a900c5cffd8a144360fe5d9e20d655c4be0a2baa,30;30;30;29;29,,,TRUE
1258,5,20812073,e3413144b331c1374b375b5f3fd4c7b8eb7620968425b61cd4a9e542ac68d149,30;30;30;29;29,,,TRUE
1259,1,20772074,ec10f28cd4cd117207362e55aa4e8033bbe35d5327f4522414cf2daea83b6e60,30;30;30;29;29,,,TRUE
1259,2,20782074,94f90ceedc9a2858f1f7a20342bd0d2f7ca44f49febe2af1570443d3e9771b1a,30;30;30;29;29,,,TRUE
1259,3,20792074,55c4cec9451f2e3f779bbe2753218afe49781f565b448ae5ef3a06a27f65abd9,30;30;30;29;29,,,TRUE
1259,4,20802074,0129a497b5c5ec64cf864b7af20ffa39aff766c2c6f0e082acf903fdf07eb57d,30;30;30;29;29,,,TRUE
1259,5,20812074,916a9c44c29240a76791cdc9bb1c9df1680bd02891ee6ee31a34f41ab7bdd836,30;30;30;29;29,,,TRUE
1260,1,20772075,84a3a12c2cf3520bdb9e55945a528de6e6c065847c7c1d147892f1df9308f884,30;30;30;29;29,,,TRUE
1260,2,20782075,50cd64e1b55f6cfb3a85e5ed2df297b5e526f6ff3a0bc43c3b15e5cad44474dc,30;30;30;29;29,,,TRUE
1260,3,20792075,858d16f42d34a0d3da92294de93ef5a573a80d58ec5f3d571f203b1e24d33adb,30;30;30;29;29,,,TRUE
1260,4,20802075,d95c525e3261dcf33c8d51d9bf9ae16775fe0824a25879e61cab91be45b7cd5f,30;30;30;29;29,,,TRUE
1260,5,20812075,3e52907a3937dce9525140bdb97cece935b95a76829f70ab2300efc3a09eb38f,30;30;30;29;29,,,TRUE
1261,1,20772076,7f590bc46f2ee43786f23785369e8c030bfff67ca2d2b58b471503fbbdf40283,27;27;26;26;26,,,TRUE
1261,2,20782076,dc5d59e5b69d122183f536d56b7c15ee83c504c32d7722a75de93a7268b0df19,27;27;26;26;26,,,TRUE
1261,3,20792076,624951c966436f60ad106b6d04774ac902e01f99c16280699a64c320bdc5dfcd,27;27;26;26;26,,,TRUE
1261,4,20802076,24476090395d96267838998a77ac29ec23e0f76df0bc1c8bf834ebd6b148a803,27;27;26;26;26,,,TRUE
1261,5,20812076,7533a6703676c8caf361af2b91274aae5749cf72f506bab7de17df9c7f0c6618,27;27;26;26;26,,,TRUE
1262,1,20772077,aac9da3597fdd00b33cb912a3e53f8320c7d938cb0abbfad9c075420eb6d3348,30;30;30;29;29,,,TRUE
1262,2,20782077,7a8af0d8d88061e67772cb6abd473a131812b622368e32056f3fb91b46404697,30;30;30;29;29,,,TRUE
1262,3,20792077,0ce609db5779de7d700e8c0ea8794ce217f9939400f1cc1116865d6e7ef73c8c,30;30;30;29;29,,,TRUE
1262,4,20802077,ed033eda72da8e82adc77f5bf26e35c564ad4abce97baf9f8e894c82554c99ab,30;30;30;29;29,,,TRUE
1262,5,20812077,f52a843436587ace35734439f0376b4fe59af24381cd0f63f5d29315c82fddc0,30;30;30;29;29,,,TRUE
1263,1,20772078,617d8c5b6eb9a5c9a9f9c93bc239e1f4d6cf059b22ba5acaf41a95b8cb3976d8,30;30;30;29;29,,,TRUE
1263,2,20782078,6fdbfff2f0308bcfcd9321c248926aff81443200fe28209f0f4cc5718061140d,30;30;30;29;29,,,TRUE
1263,3,20792078,10ffcb8e93ef89db0e801f1f1c353e52465605f4d4dcf6bf5c89cb5f3406c9f9,30;30;30;29;29,,,TRUE
1263,4,20802078,c71d8ae07bf9f8850382df94cd31387b6a6b169ad5bd8ec89da27859c6274bff,30;30;30;29;29,,,TRUE
1263,5,20812078,da92a827fe0346484e9ba2a90a250688e08d7d62335e281c6a39dafe7b6c93d9,30;30;30;29;29,,,TRUE
1264,1,20772079,0836397f5a8b3ad5e4d89e64eda3acf37f6fae6af06db3468845ab74208b99be,30;30;30;29;29,,,TRUE
1264,2,20782079,a979c2abdd7399fe0511a07fcc00cb711004e4e93f6a7e9bd1539171d2bb522a,30;30;30;29;29,,,TRUE
1264,3,20792079,441dda81f1f9abcad4d01f731000f752c5ae040f28a6d986aea0e5c866b90fab,30;30;30;29;29,,,TRUE
1264,4,20802079,b152e7c8ae5a7fb23624c3c5f2428e56ca1827eb0f848550e9aca546d1a2852d,30;30;30;29;29,,,TRUE
1264,5,20812079,916e1fd6b21c5afeebd6724e148c6e0bcdb4f3fcfee20244b4e5620038728a13,30;30;30;29;29,,,TRUE
1265,1,20772080,0d93e63938ef163ae9396de60ec2950bb91f994aa563e1b8b46c8efed8d81dc9,30;30;30;29;29,,,TRUE
1265,2,20782080,6aef1bb83662a15258bb88454e23863e541aed6aaa4fdd14da03c9eebcc5c59f,30;30;30;29;29,,,TRUE
1265,3,20792080,0c180c8a5072e17389c1f2bef4e0980e570d0c22a0c20b8186b2e7f857ca586f,30;30;30;29;29,,,TRUE
1265,4,20802080,1df5e47735410dc0ff59e00f433079b7a901005fca9a522d8fce702e92af54ac,30;30;30;29;29,,,TRUE
1265,5,20812080,f7181d7c7bca7609cc66cb26ab48e8b91534c94b018a1063f002de145d0675f4,30;30;30;29;29,,,TRUE
1266,1,20772081,ccf0dd83c9cf60597a62d9d13a8fefd56827e385103c55c252b81396d8971161,30;30;30;29;29,,,TRUE
1266,2,20782081,80f32792c994f1cf8aa098781c97dd0e669f8831dae7efa00c935d1003987b27,30;30;30;29;29,,,TRUE
1266,3,20792081,52efede933aaa9c5dd169f9ec7668db8060eb8cfe6d44cb15f8d3a08ca97e8be,30;30;30;29;29,,,TRUE
1266,4,20802081,042367ec84976c7f579a74a569a666d8c12ac6c9417df7f851080bd094e163e5,30;30;30;29;29,,,TRUE
1266,5,20812081,e82e8b177d7829b78a426829528ef9ff653d3d6183528a626779d610f18a7b1e,30;30;30;29;29,,,TRUE
1267,1,20772082,24353a8c82eb98223f1556cc161dd6270b47564391c8bcaa64060047c39f0868,30;30;30;29;29,,,TRUE
1267,2,20782082,9431a8c937ca43c9f4c7d704c216fd01ba47fe021f092412701c2868e0ee7092,30;30;30;29;29,,,TRUE
1267,3,20792082,9be6752482e28777b2e93717f7344f1443f2c15f68182f14c4daee1797c897ed,30;30;30;29;29,,,TRUE
1267,4,20802082,29cc416a800e6edaf87814fc1525ed97503a69efaad2d6dd6cd12d627e0b3c6b,30;30;30;29;29,,,TRUE
1267,5,20812082,cfdfbfb19e1079063cb8a318103add3551afab0037b8faa593de0d44fd9ee27e,30;30;30;29;29,,,TRUE
1268,1,20772083,e4654a5dd3ab1e8fa0c8a16c2e7f605ade967d8ccb1a71570f44606a9bcabb6f,29;29;29;29;28,,,TRUE
1268,2,20782083,92510648e69a1474a062aa70b7d739527ed59342aa031e9c9dde5c528721950c,29;29;29;29;28,,,TRUE
1268,3,20792083,5daf7e09e9f56781f4651111dfe075ebc4a802f2a6cb05f77593cbe17eef0383,29;29;29;29;28,,,TRUE
1268,4,20802083,9f851dc0c7a077950df5267988f15b6d2f94de5c7be65d23d48b653a9ff13064,29;29;29;29;28,,,TRUE
1268,5,20812083,f1d9eda6ec319a00560d2242190e03f63afdf92b09c39337ecea470d93b41fe2,29;29;29;29;28,,,TRUE
1269,1,20772084,3fdcbf8cd18da7d94ea635ab8748cc7ad4514001434f6452cd039b5e6b60206b,30;30;30;29;29,,,TRUE
1269,2,20782084,19123eee640c8df68de6479e29331bbbea3dc0635177c547df5980d6ab7de95e,30;30;30;29;29,,,TRUE
1269,3,20792084,cfe0508bd3ae81fae0020c9f403115f39106adbdf1b18dda9c20d38fdee49ae4,30;30;30;29;29,,,TRUE
1269,4,20802084,8410d4df7101143e3dd245448c5683c13e7894fc70a2337adaaa122b5a7db3a8,30;30;30;29;29,,,TRUE
1269,5,20812084,cda9b64df8515472d1d321f80fb6f047599b3e35de91e3f7eec5d1d83c3bd271,30;30;30;29;29,,,TRUE
1270,1,20772085,ee279357686d2063088ab04668f605bce81a2cfc2a51d0765877b56f37c42f2b,30;30;30;29;29,,,TRUE
1270,2,20782085,79a8af6e199d3ffb85bc3c8b9b968562e940ba7ec077f25805d93decf784a89d,30;30;30;29;29,,,TRUE
1270,3,20792085,e3c7b0f9cd22dd803e028174355f8c1571067f47121298717bd709fc9869d2d8,30;30;30;29;29,,,TRUE
1270,4,20802085,1f0c73f83c101a3fd6e9291222f65523eb0f204211b4e4eed4dce470e0eeb974,30;30;30;29;29,,,TRUE
1270,5,20812085,618fd2f2bc0318f4ab61fef88279c148ed8153516b0974d6b67a2238eea58b50,30;30;30;29;29,,,TRUE
1271,1,20772086,db3ffc64eafdd02cfe2ee5e4ac5a704945d556db35618820ffbe39aa68d678a0,30;30;30;29;29,,,TRUE
1271,2,20782086,60be0e3ff6edb73f69e3e041a01432223dd70a55e7f7b8dccafbeef072163ab8,30;30;30;29;29,,,TRUE
1271,3,20792086,e479469d0db02b2607cc189aaccdbbde056c1608a08afb928dd9587084a1c82d,30;30;30;29;29,,,TRUE
1271,4,20802086,c1145ed6552bb340cc2c1ef39e0bafe006910aeaf755275abcadc6356046cb53,30;30;30;29;29,,,TRUE
1271,5,20812086,a3790590b795d9fd15a6227db4bfcd4d088d5c106bf80ed9e479abbef838ca99,30;30;30;29;29,,,TRUE
1272,1,20772087,58edac00894f3898d0ec210224f947d10c5565975216d9ab95d8171f5490d5db,30;30;30;29;29,,,TRUE
1272,2,20782087,86bc3d15a97aaf75f5d46727fa61083236c2f42fdb0babf3e995965652255e38,30;30;30;29;29,,,TRUE
1272,3,20792087,6f8b6c5768a638510ebe249a80017d55bc2c59a2c500ae3ff8f218517a369aec,30;30;30;29;29,,,TRUE
1272,4,20802087,57246f489fd82b231feef70b53d3b584493f2b13d0aa115d32d981adfecdc188,30;30;30;29;29,,,TRUE
1272,5,20812087,abbd26147cd350c6bde384c80a06172db6f6c22d8e894b68a4509919b68c1256,30;30;30;29;29,,,TRUE
1273,1,20772088,ef0c6b2885c9cc1ba323fec53eb95f429579a3d00d38e1419d7c41f52d7769ae,30;30;30;29;29,,,TRUE
1273,2,20782088,588ee117c0ebbcb8dcbb8cf567c94f7151e1491d44d066905b02e273e15068de,30;30;30;29;29,,,TRUE
1273,3,20792088,6dfe5f683a7f5ac1efe1ce610f8d5d4aeb147271be288b30006fdb90e1d9f7ed,30;30;30;29;29,,,TRUE
1273,4,20802088,699a7c052526b1d9c082616016a5574736225df0b2bd984aacb6c45f2fe112e3,30;30;30;29;29,,,TRUE
1273,5,20812088,8c4336da1d39a4d5d3a7eead3ad826ca29f2ecaa4099b4287dd6e9b3860f328a,30;30;30;29;29,,,TRUE
1274,1,20772089,bd85ae40268e369ef9c9fcc726f0eed7a3c797285227c48c152d7727094dee4d,98;98;98;97;97,,,TRUE
1274,2,20782089,8869c7287dd3b1f6ce213e1239ff1b94db777a878951eac9c89cf79118a3e4f5,98;98;98;97;97,,,TRUE
1274,3,20792089,aad53f79a4aa6760f0af4cd4f10a349d6e8b8eaf32ffe97c4fbab68ed5f62dc6,98;98;98;97;97,,,TRUE
1274,4,20802089,92be3791895f72f385a2c9b98491c6a39638e429f639c812fde51fd2c4a89677,98;98;98;97;97,,,TRUE
1274,5,20812089,6c2a12cec023fb39695b9caf4049a42759a74abbe269bb8d243570daeb7a9663,98;98;98;97;97,,,TRUE
1275,1,20772090,7329758c673b6d4d529e8a80cd73c36e35ef76e44b1890f52ba33240e3d459d9,48;48;47;47;47,,,TRUE
1275,2,20782090,19e9fecf01d6ab04bd1b22b9e12579c83b43a8d0fc65ded26c0477ce4d9bc84d,48;48;47;47;47,,,TRUE
1275,3,20792090,fe02cca89250034bedcf1c2872599e8a8b9ec15841b97498d444475071bbc18f,48;48;47;47;47,,,TRUE
1275,4,20802090,19c1fdc1d9c754720c54a301717f13a62b2b00f6d06f3a252095ff42d6c12b1f,48;48;47;47;47,,,TRUE
1275,5,20812090,58922a78916aee49eb878a15379a93fb66df302353741448b5842926f4e6e0b2,48;48;47;47;47,,,TRUE
1276,1,20772091,d71abefb2dd14e7d8a99aa3977c7ba7b3aff0157a5f575fde1271e6481db8928,48;48;47;47;47,,,TRUE
1276,2,20782091,51deb02f4a9008e695ad7445ee3c97756da8561bcf86b256a4a2df2f98a44270,48;48;47;47;47,,,TRUE
1276,3,20792091,83fca522b0408f8722adc7c20b7314311860baf5c28f9746fd4877d019fafc5d,48;48;47;47;47,,,TRUE
1276,4,20802091,c82b30734163ff0005f6b121fd08b6642abe7c8868b973cb0cf9c7681e90ca53,48;48;47;47;47,,,TRUE
1276,5,20812091,f2c276093755087f25b85a8e45d55bbdf96b8f5eaaefb32435ef694f66d0fa43,48;48;47;47;47,,,TRUE
1277,1,20772092,8f2a52765bd47be74f92bc263e807568c9227ac996dee1c52087240e7f79700f,98;98;98;97;97,,,TRUE
1277,2,20782092,2b62cf5c249a22f39fbddc2479a7693d7ec3347109a3ca16da4b92faa5d88bc1,98;98;98;97;97,,,TRUE
1277,3,20792092,b8512db144639145fbef4da03740ec69c5e79c7828f2ee0fd5358a43e6223660,98;98;98;97;97,,,TRUE
1277,4,20802092,edeb80a0dec80128b5c0622496e8aa7e61f2ee159cf44c089a515ff6dc902b54,98;98;98;97;97,,,TRUE
1277,5,20812092,b2dc6bec3ab02e1d850e159e1778b1c3a83af6da224d886bbff33d354c1fd6f0,98;98;98;97;97,,,TRUE
1278,1,20772093,12509984fabe41224859a4425c47111bae9204a0099a34c1a05416a75cd8e6b7,99;98;98;98;98,,,TRUE
1278,2,20782093,ea0da4177028e6a2b921a095ee2733f72287daeb04abf777edb37861f28ce328,99;98;98;98;98,,,TRUE
1278,3,20792093,4bf3ecd7a1ddd212b3dfe4844ab4a68a670e6a0691f514139d1e9bb23e88a359,99;98;98;98;98,,,TRUE
1278,4,20802093,3d6b315a85673dd8908f3f0eff34471a62c240713ed61a218f800f91f677b640,99;98;98;98;98,,,TRUE
1278,5,20812093,e9c41d14a41175a6b9170dae31eb1ebc7ec55ccaddfd30bf84bb6ad9e719b3ce,99;98;98;98;98,,,TRUE
1279,1,20772094,913ed001f42aae0d5a0ee7b1ccbb4ea0062f378a9b2a0a4c4bded61272ab5bce,98;98;98;97;97,,,TRUE
1279,2,20782094,611500e19c50dc1c936244d610ab28443a8ffcb5f924b5c201a6263f3497e233,98;98;98;97;97,,,TRUE
1279,3,20792094,cc8c996a13e46965c889ebd9bd8b7c8d62abbb8f90c777c05fb4b4b05beac580,98;98;98;97;97,,,TRUE
1279,4,20802094,ff7ff12a40b92052c69cc7481bd3a2d9cf6cb03e00c8b06f6d81ce6aff53d5d8,98;98;98;97;97,,,TRUE
1279,5,20812094,343f66abfa74aa0dde093f0e1f8006f496c785e6128cb1a37156161017acb4b4,98;98;98;97;97,,,TRUE
1280,1,20772095,8768029670c2998190ca9d9ae18c9f059663656c295e86fab73dd83bf1f53295,98;98;98;97;97,,,TRUE
1280,2,20782095,5a9b00788671a7eabc52a71c27903cb4fef5d7edda6610dc73d6706b9946d83f,98;98;98;97;97,,,TRUE
1280,3,20792095,08ebbb10089515cee2fcd629b03c2b6c5f7c2c5d868f57996e090087f6318786,98;98;98;97;97,,,TRUE
1280,4,20802095,9603f76e7fb44a99a43dd6c5b183b259c6aa41bc7a4312ae54f50abcca09a759,98;98;98;97;97,,,TRUE
1280,5,20812095,f259c0d36136cd53dd90b020e50b16717c7f25c7e5308f1348a044cf7e56e24e,98;98;98;97;97,,,TRUE
1281,1,20772096,af5558fae6ada7ba4e0273329e28869b938d51b6fc452e44d92136077cadb8c3,98;98;98;97;97,,,TRUE
1281,2,20782096,0b2e7e25e815c820b40eafc05266c3f5094c570d1fd2b83ce0a8b382bd831adc,98;98;98;97;97,,,TRUE
1281,3,20792096,c75c5243b77450c953e00030bf0391b02d392d1e5c8b24671ef48a1020e0292d,98;98;98;97;97,,,TRUE
1281,4,20802096,39eeb94139c037f98815563fe6a8bcff86ab667bb026dc90ea7352c055734827,98;98;98;97;97,,,TRUE
1281,5,20812096,1bcbc13c11e762504b7ddbb5606ee81caaa2a99744e5af6109bc3e08eae7539b,98;98;98;97;97,,,TRUE
1282,1,20772097,07ac4b4d4fd63e6b0fb5a72ce2cc877c5c357408e15c16325cf3637635b21678,98;98;98;97;97,,,TRUE
1282,2,20782097,795e833527fd93f209d9dc909c50fcabb0550bce449c77881de634347bb31276,98;98;98;97;97,,,TRUE
1282,3,20792097,210196258d2bafc5b0c6833393977f21d016e1e320adf63e42442d2496196538,98;98;98;97;97,,,TRUE
1282,4,20802097,74a58f406bacc64a6442b9abfa24ae228ce0fbe7f813fc20c1addaa9a5c4bbb5,98;98;98;97;97,,,TRUE
1282,5,20812097,5f8d830ec0abd125ac566230075e6aa8529e3a818694c475c76d3146573cf3a1,98;98;98;97;97,,,TRUE
1283,1,20772098,503a27e7615d97be8aaed86d12c3c12820100f8befd23b28145b4d15a2641901,98;98;98;97;97,,,TRUE
1283,2,20782098,db5453aa8f320a1cd6a3ba00cd98379bb2583bce795ef62734764aa1a9c2edcf,98;98;98;97;97,,,TRUE
1283,3,20792098,410b0800d6c0564b5bcbe751ac8cf38b7df3e1532de3b4ae11c1d1d5f9fa297b,98;98;98;97;97,,,TRUE
1283,4,20802098,e98bb1cc0ee5af162b97b82089cd8e7c4fee1c6ecb6db9265d8c11bb200aff3f,98;98;98;97;97,,,TRUE
1283,5,20812098,4554db6b7c3d725152dcffe365c9d07cbc4b998ca9dd67bfa7f46935a035757e,98;98;98;97;97,,,TRUE
1284,1,20772099,6600c081cc77940a29e0c4e464f7eddcc30af02113d11b724341f879ca0f9b6c,98;98;98;97;97,,,TRUE
1284,2,20782099,c202d59ddec9f3c78fb29efee9203ce77e5f3ac969139bf21218697d35ece1fb,98;98;98;97;97,,,TRUE
1284,3,20792099,2b8c3d75c7b38f5d6db115ce14acede8d8910386d8a561a2c57785506c8bfd89,98;98;98;97;97,,,TRUE
1284,4,20802099,a5c6647907202bdeefb1ef8a0604200a4511aad61092c72a951ace3e04d28371,98;98;98;97;97,,,TRUE
1284,5,20812099,2d2ef52fd5ab7ce5469054ba87856283401e5a48769e6fd15702cdb6b1d34efb,98;98;98;97;97,,,TRUE
1285,1,20772100,ea78f6f3d9d1e9b4516ae8aafbc2daaf3d4408f77831a4010ff4646d0d81860c,98;98;98;97;97,,,TRUE
1285,2,20782100,d05119319aacd67570eb461f4934b293794fb869ad439b3247b940a8c87578c9,98;98;98;97;97,,,TRUE
1285,3,20792100,4f6712014b52f9849580b9d2fde8af37da6477af9996d6c9424aa07f24e3e272,98;98;98;97;97,,,TRUE
1285,4,20802100,cf2c80f813d005286ebbee1b369527f6d3bde6205ed50bf220bcac58d5deab9e,98;98;98;97;97,,,TRUE
1285,5,20812100,d9bbf9f48a6cdc1ca6b1bd6973bfc9c51219f7d8a3b90002a51f10c88373f096,98;98;98;97;97,,,TRUE
1286,1,20772101,dbee81ae46b7298ef90d72dea34eb69f409720e79b186faddba633c244acefc2,98;98;98;97;97,,,TRUE
1286,2,20782101,d86a15b5b1e95de73e9dabad2265b3d2c41524811f9995f57f2d8a78d296c66e,98;98;98;97;97,,,TRUE
1286,3,20792101,c5dddd04d87ea3c1fe85f4dd1f97d0737d0853e51e25093ebf9b470b614a2ca4,98;98;98;97;97,,,TRUE
1286,4,20802101,5ff025918de25d23234605bf5af6f0a09f171df8a1c031919df26f67e1846162,98;98;98;97;97,,,TRUE
1286,5,20812101,103c2655dcadda629cc854a870f32b30bd64bf697a56bc6188424ec5ae83ea86,98;98;98;97;97,,,TRUE
1287,1,20772102,dc1fa81de90108d059122063229913b1a28b0e47b69e74f74128efd84d8e5159,98;98;98;97;97,,,TRUE
1287,2,20782102,6e44a6a2773f30ddd06f3009986be2fdb104e618e05c6cd80876088c2488b1ac,98;98;98;97;97,,,TRUE
1287,3,20792102,3362648a1acc97cfd4b1822bfbef098093fc2dcc551a7cbf783b933e8c8d8bb3,98;98;98;97;97,,,TRUE
1287,4,20802102,d6f6954f1eb67de655c9488a3768a65cee97452ff875e8e79fbca7a155451016,98;98;98;97;97,,,TRUE
1287,5,20812102,30ff1610dbbb543a3fa58595def71b7c996b6476582ce72d713280b487391e34,98;98;98;97;97,,,TRUE
1288,1,20772103,0d554d083cb4698fb7f4cfbbee241bd8775867d3436cf7862d74f8ea100bd5e4,90;90;90;90;90,,,TRUE
1288,2,20782103,fd29fe2b5517d1f35d3063d88454d5aee5da1adc1a4ff4eba5389bb4706c342c,90;90;90;90;90,,,TRUE
1288,3,20792103,59cc189f625f049ab2eaee8d98b4c4d11172131b9b2f613291f83532f8127a46,90;90;90;90;90,,,TRUE
1288,4,20802103,7f62614aa93e9bde01e1a044f14589af443b5dd6450267ed53e0e8b75c84aac7,90;90;90;90;90,,,TRUE
1288,5,20812103,4a55233a5553136bb7e5e20697c17a249da9808b75a47ca207dd2d67cfa1f14e,90;90;90;90;90,,,TRUE
1289,1,20772104,945376d25eee6786df6c65659345b1c757fb5f8ab0eb324c1b2cfc4187b8e398,98;98;98;97;97,,,TRUE
1289,2,20782104,adf552f1ea57c4245e1652d9de5e32ab15ee0da0352c60707de44905f58a8f4c,98;98;98;97;97,,,TRUE
1289,3,20792104,b79007e155c36c9ba1c62b594327d5e282fadd6145e3b028e73f08f4150e4bdd,98;98;98;97;97,,,TRUE
1289,4,20802104,c2a30a43c01f22d5bc923c37a7e721cab4ba98c51ee9d8b6cb582f8d5589dffd,98;98;98;97;97,,,TRUE
1289,5,20812104,9cd7d8c6f828614b3cedc385d551c2e257d7247ee3d961e37e30c42f78d28802,98;98;98;97;97,,,TRUE
1290,1,20772105,f9e2d8d96ccf53194f556a7a3359f9bff0c24b692b08433f5cb6dbd2dae73f2f,98;98;98;97;97,,,TRUE
1290,2,20782105,ff25501a96cee850c5b655131126532fb01805f5c2598cb23abcb608cf320cc4,98;98;98;97;97,,,TRUE
1290,3,20792105,909ad522795d148830438faeb864e1cf50b8691776c6d4035bb2ddb9c573f23d,98;98;98;97;97,,,TRUE
1290,4,20802105,e9c0e4f2eabeedafce334f5eacf982919b5facc7fe2024e0a804ab6dbb0a46b6,98;98;98;97;97,,,TRUE
1290,5,20812105,b21b783453db91623a64d807ad01391c62299db5014665dee575f537d2db12fe,98;98;98;97;97,,,TRUE
1291,1,20772106,a930ef5c24521ddcbc990650f8906e224caf76053fa7aa91bf458077080431e7,20;20;20;20;19,,,TRUE
1291,2,20782106,9672cb447a7030116bb9f0b2e100a706d80ab8f0b1adde8d4fb0ce51d3c1a9c4,20;20;20;20;19,,,TRUE
1291,3,20792106,a0d19d756354eec08856951ccd1a856e5cfa8713fe8e167cb31a6d638ae23ccd,20;20;20;20;19,,,TRUE
1291,4,20802106,75df3d73233ceab311b1a56015de68e1036f48be19055e4f0abfdd4e3bb0750b,20;20;20;20;19,,,TRUE
1291,5,20812106,65b78b6f4994b118711a90c273c59102674b0663ec46c0bcf982dc7018ac72dc,20;20;20;20;19,,,TRUE
1292,1,20772107,70be9685940751d907cf18e03223824cda762e48220fe97a8b5886d4aed604ff,23;23;23;22;22,,,TRUE
1292,2,20782107,5664f515c656d9a9540ddd556670a69aece3fa4fb7cf43161743636ec5666501,23;23;23;22;22,,,TRUE
1292,3,20792107,2f564386f318093fa2f49e55d095280cdb52e689d10ad863b39c662dd0d1d1da,23;23;23;22;22,,,TRUE
1292,4,20802107,cb7bade48da27cebf6e61420521ddd2c99b665673890909d64bb7e5bb45bc007,23;23;23;22;22,,,TRUE
1292,5,20812107,373f3633c77f6ce7f08d056609ac5c931b51021432a1190731baa7bb042e04dd,23;23;23;22;22,,,TRUE
1293,1,20772108,08b3ba30a975e9fa37cc1f3c8a7abc95d3dec9a65f69ee7333e89ce27ad676b2,20;20;20;20;20,,,TRUE
1293,2,20782108,4079de2b13cfcfc0e7b27fb4924b152796f08fa56f0b0f17a740a6bb9d507a6a,20;20;20;20;20,,,TRUE
1293,3,20792108,bee12f276a7ae9c1ea2821a6a5cfdf923388833da71876981c3299d4bcb68082,20;20;20;20;20,,,TRUE
1293,4,20802108,aaf1825a3e0fdaf22f33fcd3ccf87372d865dece3bdcd8403a8e3b91dd9f1c88,20;20;20;20;20,,,TRUE
1293,5,20812108,e2f7beaa96c8907e7a1a697431691c9c1f633ce9a01eb8668ea99b89e0a8549a,20;20;20;20;20,,,TRUE
1294,1,20772109,ea7a29f547563a11228cc77f0cc1c8a09c6926a446ea9de822f0902987ef1dcd,23;23;23;22;22,,,TRUE
1294,2,20782109,c4882acaeb05f0620684c8c8798526345afe75f1bc34c07c2081add25874bdfc,23;23;23;22;22,,,TRUE
1294,3,20792109,9bdde9c853c532811e796dda58fd99d8ba1677fa94f4a1b229504fdc09832b05,23;23;23;22;22,,,TRUE
1294,4,20802109,0119b390cfeca190437a1390442111281c700e046e85bf39a8ad811c815cd673,23;23;23;22;22,,,TRUE
1294,5,20812109,128ce09e47f82ef03909bf1fbeb146a5f8d919b3154da9bcb9c4da339be2be52,23;23;23;22;22,,,TRUE
1295,1,20772110,e01844f96f7301e6123bfea65cb8dce93746ac529ecc5f7d7a0943a689bafec1,12;12;12;11;11,,,TRUE
1295,2,20782110,374974bc4203d074643a1600d6c010bd20e38ee019ae0b02ac0bdb7f6fa099f9,12;12;12;11;11,,,TRUE
1295,3,20792110,5f02c9749191ed965a67e6d33b85f148be8c076f7201bed085de09fe9e4b79af,12;12;12;11;11,,,TRUE
1295,4,20802110,7358f515f9e544617ad4086e42c8f1b6cb45bf39c4d568850c221bbdd734efae,12;12;12;11;11,,,TRUE
1295,5,20812110,fa8b063053f86723360be04fa976ffcc4ab1236c006b94c3b2bfc8caeb1c15d8,12;12;12;11;11,,,TRUE
1296,1,20772111,464359375179805443eb769d5f43263f485e4ea4bcc9c172fc5be3133bbd76e8,20;20;20;20;20,,,TRUE
1296,2,20782111,05ce99c112c0f83cfae82e81f513c4a6678fe5cea7c3d79cb9d16a80efc679b3,20;20;20;20;20,,,TRUE
1296,3,20792111,5ae4f724df1dae2f91d5d2c779725f7cd771f1890a9b12e56841649c20887e7f,20;20;20;20;20,,,TRUE
1296,4,20802111,d90aeeedfa8a119fff1470d278aa5adaf5d5e8cc0419b7e40f6e495b0b94d152,20;20;20;20;20,,,TRUE
1296,5,20812111,ed119331f795efaaf32be0c454723a826adc0b9efe15ed8c119c3bff1fd3f03f,20;20;20;20;20,,,TRUE
1297,1,20772112,ba874a5bec4686e0f8a20c01126a2410392504b18d2cfba8e2e7bf34568082e4,23;23;23;22;22,,,TRUE
1297,2,20782112,740f7607f33f9485679ea2bc6045f8e281bf02e4ae408266cbca4a5136ab9cdf,23;23;23;22;22,,,TRUE
1297,3,20792112,60a4c8bea59d23fbe985060644aa30daac0f3c957d395b9c6f2f6fcbf266068b,23;23;23;22;22,,,TRUE
1297,4,20802112,2f48a70e891ec1f6cfc14d9d6ae97dd13a65d4e1286c9f11d59e5e995dd39efe,23;23;23;22;22,,,TRUE
1297,5,20812112,175e0d0cb1178169d5b02b605125adce42d0263b3c11133dca6484be14667a6b,23;23;23;22;22,,,TRUE
1298,1,20772113,1d31a11b227b05b9f53093fdb3752939daf57f73bc1d2b765acb58c513e5fe03,23;23;23;22;22,,,TRUE
1298,2,20782113,39271dbc3476f5afff3515ff82bc6b2f410b2b24fe6f347ef5f82865a31ce98e,23;23;23;22;22,,,TRUE
1298,3,20792113,cdaebb5aa6e70301e16bbecc04684f1ecfc1bd39f61a7cc6f7600e773d5b0891,23;23;23;22;22,,,TRUE
1298,4,20802113,04ecbb64303431a0d75ccbfc8cea31cbb2e7d851913d6abf2a5b7832933c14ac,23;23;23;22;22,,,TRUE
1298,5,20812113,14ba7ce9983cbb261d53b9b14224e40506aa3e24baec09675bfa10986e6751b1,23;23;23;22;22,,,TRUE
1299,1,20772114,048ef7bed54b4f9e71b9400ff4b9fcbbed6a9746e919c6352fed3ec3da09f789,23;23;23;22;22,,,TRUE
1299,2,20782114,b6c7da000561c22d0ba095daafade2a4cff481fa1f7c7f195a1dcc8a21b200bb,23;23;23;22;22,,,TRUE
1299,3,20792114,afefa53971370508a8852fa82561a25d1d5f6ecd4520ad8a6798f2a03176b398,23;23;23;22;22,,,TRUE
1299,4,20802114,a4b8167cc51eb926f11f0bfdbc1ea4457efe343908ff9ce261a3626fddcb1f1b,23;23;23;22;22,,,TRUE
1299,5,20812114,b77e3cd3dfa4316b53e409bcb0c15b27677754fa3f5659086c26d54b078f2db6,23;23;23;22;22,,,TRUE
1300,1,20772115,dc18e20c684e568c81438a0624aedc9b4beeab61c32328f3a12b16b30e6b92d0,23;23;23;22;22,,,TRUE
1300,2,20782115,4e003fdc579737b3fa46578b7f84dee7f889b691f3eb567e751cfc5f923fb747,23;23;23;22;22,,,TRUE
1300,3,20792115,14122c77ac1c7a11e3af7b914b440e121f455ddbf4c017abce956e20cc409e64,23;23;23;22;22,,,TRUE
1300,4,20802115,04e54be3a6414b2a42cc90490b4955a53aceb3b395372148d74205f6f53e2b93,23;23;23;22;22,,,TRUE
1300,5,20812115,931b69b4d2e94c89d54e1472d64facbbc1f6486a4e03acd9b2902e56cad1654c,23;23;23;22;22,,,TRUE
1301,1,20772116,c01917c438241905cd420fda854cf66a103bb0d61bcf5b7cc2ce307be8f06846,24;23;23;23;23,,,TRUE
1301,2,20782116,70e35a80d1a252c4e95b207b8292fbdcfef32b5e9563d63eeb9ed9d8cf29d119,24;23;23;23;23,,,TRUE
1301,3,20792116,8ded001ce7c7aba22a0685080a1e1ac3a295f777bdcb3d85384a048658ea7024,24;23;23;23;23,,,TRUE
1301,4,20802116,ecb1d434c8f57a57f7bf2b30a513bace0b6129bfb1ba248bdb20da001b6af96d,24;23;23;23;23,,,TRUE
1301,5,20812116,bc06f2670fbc4490490c257756c885b44e5c2b4fb7f73421dff6329786cee07d,24;23;23;23;23,,,TRUE
1302,1,20772117,5cd55033ae2ca4b8bbb929852581fa9f33f474b2995a2e1c6cd3099d125bc45d,23;23;23;22;22,,,TRUE
1302,2,20782117,ba0a72d9b098d3e3251db7053e0b8455c44d7ad96c6eda73340139efb7de1a98,23;23;23;22;22,,,TRUE
1302,3,20792117,d18da8090bea6dc1f1f92ee4de7e346acdc2eb221b3da9b58901fb0b80938c1c,23;23;23;22;22,,,TRUE
1302,4,20802117,a0a89d2e30ddd3c7920e4f8c45b6ec8de5140be9fade1bc959573beb604ec2d4,23;23;23;22;22,,,TRUE
1302,5,20812117,8bd73480c6ec823818b49d7c185d39d0c07efb963abb279a1547032baa5fcd7e,23;23;23;22;22,,,TRUE
1303,1,20772118,0acad9d7b2b1f351e061a7101e4a2a89c8682daaa764c9c2b2e2b8a9e02f9fdf,22;22;22;22;21,,,TRUE
1303,2,20782118,0637381fda48538a5215124616445a80452a1e318a71ef1d51710afaf754b407,22;22;22;22;21,,,TRUE
1303,3,20792118,b1aedd4fa2482ed8b1029367c6b0c994d462a1c3cbe1978fb097c11a57fc3358,22;22;22;22;21,,,TRUE
1303,4,20802118,c5f1f9fc3b2b6438e3109bcb333420bf89c64d2ca566e0d9ab91e1f90296e880,22;22;22;22;21,,,TRUE
1303,5,20812118,7ab0b9497714a8f5f6f0acb94f09f9ae2f1d9dcd730c774e4100fdfed49f5692,22;22;22;22;21,,,TRUE
1304,1,20772119,702fef576938ca08beda799c4671ed82c96aa2ff0a388f80182ac3937b314af8,20;20;20;20;20,,,TRUE
1304,2,20782119,65a5a8b73644f773ee489a02dc4959dba63fa4793c81d715b1ede9c6768dd8a2,20;20;20;20;20,,,TRUE
1304,3,20792119,7ef73827a605a3d2c809f3a7061af42ae880d3dfc018d72ee192899a2443c5ec,20;20;20;20;20,,,TRUE
1304,4,20802119,58a3d9210ee9d092782dec3b41ffda33a037f054a753c9aec0a78e1224c5c077,20;20;20;20;20,,,TRUE
1304,5,20812119,c8ee1c4fdbf65e25fac5a614af49bf8a7ac62c7c5b34195e905097cb6e3a3e7b,20;20;20;20;20,,,TRUE
1305,1,20772120,3a355dc6bc14e7485dc5896e4282c3e40ea4420c0a72ed5f48cfc3788bac81ba,23;23;23;22;22,,,TRUE
1305,2,20782120,d2583ef9637108930f86844fd8bf51f9ab3e5a09f499a043ebb2ea8b86c96782,23;23;23;22;22,,,TRUE
1305,3,20792120,1e353eb8ab49bbbfbcdd0d6624fec066498c59270ee0f3ab4bbc8dbb1b21e7c3,23;23;23;22;22,,,TRUE
1305,4,20802120,0c0d4b6f7425e90721a62bfbaa53f7a3cde3c9dd99d5e7cbf0342a8d567b37ba,23;23;23;22;22,,,TRUE
1305,5,20812120,2f08bb6c5498fc4741499e232f17eadc1c6d1c00f0547a317c0bc9af23ab3866,23;23;23;22;22,,,TRUE
1306,1,20772121,7159bc83eaabe5fc7a98ab2d68c3d9806330441c35ef606193fd620e68eb966b,23;23;23;22;22,,,TRUE
1306,2,20782121,92281d673c14a620936b33cc8a923a37c90e78aff953c78c72ad006957e6c607,23;23;23;22;22,,,TRUE
1306,3,20792121,105ca957dc0e827ae1c4cd116a0f34c5e4179b28575cba579cd629975bfe16ce,23;23;23;22;22,,,TRUE
1306,4,20802121,8b8207840ce7203d62fd59b19a72340a7ec53c15f0acdcd48834e3afaf339e2d,23;23;23;22;22,,,TRUE
1306,5,20812121,2f2ea69cc3490f315f65d857c447ae21a3ebca55d21f7a408f41b56faef6c967,23;23;23;22;22,,,TRUE
1307,1,20772122,f6d6a94c40a3e0402be455afb684625921b7b0a4101bcf37157b4636f543948b,23;23;23;22;22,,,TRUE
1307,2,20782122,595e1013cef2cd097dff67ad770316fcceaaa1f2b5206b4b95a9c3763f9432f2,23;23;23;22;22,,,TRUE
1307,3,20792122,26d30159bed5516b844d752452551464514218e42f1afaca3b1e9f274ac13dab,23;23;23;22;22,,,TRUE
1307,4,20802122,062037f929294d9a3eeb7d5692d4c0029a5ea6114b62929ea231c4cee1ad647d,23;23;23;22;22,,,TRUE
1307,5,20812122,4070608b55c2bbf01ea9cc23fd748e5b3db8c280ebeaffe02b38ae8b36a5382d,23;23;23;22;22,,,TRUE
1308,1,20772123,266d15949a748f957b57afed659586657af5f3cd1f17f7b98222f27052464788,23;23;23;22;22,,,TRUE
1308,2,20782123,5be465c858db1f59da6b04f6e34187fd8b2a042f037bf3726c597c97392ecda0,23;23;23;22;22,,,TRUE
1308,3,20792123,70722b1ca0b9cebc07165546375197bdd8e8dfc84648b42c596162b8ef8bc641,23;23;23;22;22,,,TRUE
1308,4,20802123,427dd1f61c950f3532509fda27c2788e829925cbbe7623896c260b72ef338dc8,23;23;23;22;22,,,TRUE
1308,5,20812123,bdc2ad9165303b60062655bacbdbd4eb381cb4e393e0b4decc2355f7dc296572,23;23;23;22;22,,,TRUE
1309,1,20772124,c11624e79bb005c24452407c4bcd5ce1c7c6aaadba34934989dfc706bb0d0306,23;23;23;22;22,,,TRUE
1309,2,20782124,22c0bcbd304496d9dc57d2f1a878e0a28261a5a44cc0f5a029e11b38b7f933ab,23;23;23;22;22,,,TRUE
1309,3,20792124,68251669b556102dd93fafb74973046cf0fbf7130f925a7fd535ba075124ad0a,23;23;23;22;22,,,TRUE
1309,4,20802124,614300752ed36ae813f03ec4ebce185e8216c8f01e0fe376c969dddaf52302df,23;23;23;22;22,,,TRUE
1309,5,20812124,2a6ea5531347c190ead40981e4988a7d4eff158a39e990f5b0fa7c7e8d89f565,23;23;23;22;22,,,TRUE
1310,1,20772125,5c2b09eae436611410c4012340981172ece93e3a464d38bc962e9798ea9b129c,23;23;23;22;22,,,TRUE
1310,2,20782125,b65c16d1ee2307570338952d450446cab95402ac7752bd329178095556e7e6e7,23;23;23;22;22,,,TRUE
1310,3,20792125,5247e9a17fb4b7dd10e6ce248f03f49ccebc69731175cd775b365dcedbde6309,23;23;23;22;22,,,TRUE
1310,4,20802125,6c74120b98a4a48781b7b702023d1573efa9fabd2a5cba9261357b4bc4af277b,23;23;23;22;22,,,TRUE
1310,5,20812125,ea81cd1b480725667b6442b58b3ac37b22e25906c6aaafd102033ed9c9d06df1,23;23;23;22;22,,,TRUE
1311,1,20772126,8dc91450eb313dfe0bc9dada95514685991788bfd70f8eed338f2e2583826d32,23;23;23;22;22,,,TRUE
1311,2,20782126,1552d49767f00f247d14c0fae2d0666555b22e89bb8fe40f6a645eaa7301d50a,23;23;23;22;22,,,TRUE
1311,3,20792126,ce35c9a057d56a207bcaa65361f010313f74caf95bd59f65d9d9f07b7eabd61c,23;23;23;22;22,,,TRUE
1311,4,20802126,fa4546776cf7cf61a209beedaa4b4e43c6743546d09d0807654ed8b029d52420,23;23;23;22;22,,,TRUE
1311,5,20812126,a2c390bf89d43a90570db413847ef91cb85a978b6c57d058256a4a4822d49236,23;23;23;22;22,,,TRUE
1312,1,20772127,e2beda2cffe221ab38f994b0ed7804fb1efb75ebbbec3449c36a210eb0426524,23;23;23;22;22,,,TRUE
1312,2,20782127,90566225fcce4176d18441aab2e186dcf9b491743fad03bcdea3097583e58f16,23;23;23;22;22,,,TRUE
1312,3,20792127,f898110cc27a028ae67d4fcbf0617af55eb3733ea9f84da81011af9b82121a8a,23;23;23;22;22,,,TRUE
1312,4,20802127,148d0ed451dc4dd817cbd44b1e0f4b4456548289f10354c3b2c07dd1f8fc8c2e,23;23;23;22;22,,,TRUE
1312,5,20812127,ea2901589e8818842e910f3568a8d3d52661600506f05e31e6fe38d3e2b27fe8,23;23;23;22;22,,,TRUE
1313,1,20772128,7f5ae4e70bbf41b687cd319c162fe8e461388e7760f10e8526aee44a6aa7b1cf,23;23;23;22;22,,,TRUE
1313,2,20782128,32ce9e44d1952f56021cd33672a85dc56fc4862de66caaefa372df7185276e88,23;23;23;22;22,,,TRUE
1313,3,20792128,40ad231ad025ca760e9e628b3bc1877b6ed4ec7869b692ff3796dc9b38ffd260,23;23;23;22;22,,,TRUE
1313,4,20802128,0c195266c17cf7b4654f621487304b20568172c1e51ccd02c6a1a3cd503f2cb0,23;23;23;22;22,,,TRUE
1313,5,20812128,54e5858d7ef20f2a8399df5a02e869591b57498edfc5777d263835cfc8e761ca,23;23;23;22;22,,,TRUE
1314,1,20772129,4965c434ca8ff88bda0421c59f945ba15f41d226231751d0c4aaab1cdc7386e9,23;23;23;22;22,,,TRUE
1314,2,20782129,2836bd13e260f4d2c71f6aa5b2af43f6e25d329fda7ad8f740f9324b54d00568,23;23;23;22;22,,,TRUE
1314,3,20792129,a56f6ca0a604c0bb317b05856a0620cf0888c1fca4dd4235c0d28e25067c1082,23;23;23;22;22,,,TRUE
1314,4,20802129,a57bd28277dd446d405a02105f07533ea6158b4c104ec9391c3d0391755a711d,23;23;23;22;22,,,TRUE
1314,5,20812129,ad229f3e8c6b6a24a3ca7279677998efbd1f5d578a03989c60f0b71c1504bb92,23;23;23;22;22,,,TRUE
1315,1,20772130,c3eb1fd11e262febe0fbee1b734f57b1d3bbf4758627015c41100220a54fd159,23;23;23;22;22,,,TRUE
1315,2,20782130,06f1423df3b1e2c16c6a0740a6addca84181b8213daed44b5a1913166140efd6,23;23;23;22;22,,,TRUE
1315,3,20792130,525047b93aefd8546e197d5d098bde7ae9919d27223db222e1feb1e5a7e5b729,23;23;23;22;22,,,TRUE
1315,4,20802130,959a9774d9861de06d9fbd5af9729b554ea9290d273791c4c66d68462368ff25,23;23;23;22;22,,,TRUE
1315,5,20812130,f064ec11d1196007e95d34d50137731def97d3ce398462e695b88b3c2ec42c4e,23;23;23;22;22,,,TRUE
1316,1,20772131,11c46e101f33be5439387e256f5395040eb3b36a4708e379dd5b069ac541a261,96;95;95;95;95,,,TRUE
1316,2,20782131,2259a6ccd1396b14d2ca3c1e7b5bd7f582fa1c21d5a90070daffc7cab94aa511,96;95;95;95;95,,,TRUE
1316,3,20792131,952a15d5042f961efa09715a9f4d72046b62f6420c901f3203b2af77fb07fed3,96;95;95;95;95,,,TRUE
1316,4,20802131,38671c23b162022b5b859c1d7825a6d4f97403b4606cb601ab6ce2da2bc89435,96;95;95;95;95,,,TRUE
1316,5,20812131,374ee283eeed6af81c9df68a9bb1a6c672457ccec55b6aed4c0c5d0ae88dd2d9,96;95;95;95;95,,,TRUE
1317,1,20772132,c7c14bcd8edb0b63826c3cdf2272c14a6291bd3e9e0dbe44ab3b800b31485334,97;97;97;96;96,,,TRUE
1317,2,20782132,ac6ec4e8abcafff9ddc3a234b2d0549c521aa368ca7e807c02394c489d7cf44c,97;97;97;96;96,,,TRUE
1317,3,20792132,c26d7cbad66cbf6dbb8be54cc337245c1e4c0e88720de47526e5c31c3e0a9255,97;97;97;96;96,,,TRUE
1317,4,20802132,8114d5acd9d48cb4e382cf06e6facc77d5c6234c3d91cfc2ab6120737481ae40,97;97;97;96;96,,,TRUE
1317,5,20812132,bf3ef7d201147e98c5b4e2e32cd9f8c414b737d573970da1c9a58e613bd7c297,97;97;97;96;96,,,TRUE
1318,1,20772133,66f7a8f2bb1726bc3d81905225d2b1087b6ddf223b6d0f43e4d4b4fc5a9dbef9,96;95;95;95;95,,,TRUE
1318,2,20782133,8dffdcfd4f1016989f2a005a94e400b560792b0ff433b9935e9fc7b9ebce7dbf,96;95;95;95;95,,,TRUE
1318,3,20792133,849b351f9e72e856a64191347bd0efb11ae5abc84b7cacbc576aa86ef72cdfe2,96;95;95;95;95,,,TRUE
1318,4,20802133,12c90f8e5fc9954731629543b232fa61a542e2794c0813e3f3790ea3dac921e9,96;95;95;95;95,,,TRUE
1318,5,20812133,2c1e2fd39009efdcb187e7eecca3840fa0a4a0068e14d66ba3017896e99de682,96;95;95;95;95,,,TRUE
1319,1,20772134,ef9d289d632dfd5d4215558b898a2aa8fb82059031697014654f5a95007d6c4c,91;91;91;91;90,,,TRUE
1319,2,20782134,987135a3066ca9641dc1617cbe2c40fa4662fc4f0e67d07b0dedf2fa3b90f08b,91;91;91;91;90,,,TRUE
1319,3,20792134,7d3cb2a1344323dfce85eba0f24a2367ef7059ab68c29521d51fc410d53fafc5,91;91;91;91;90,,,TRUE
1319,4,20802134,adbdb308d4cadf7162255dd18c0e69bc08f0105d3762abd4c4e696095f5060f9,91;91;91;91;90,,,TRUE
1319,5,20812134,4f9a3b149a9d1663da7a9cb4ed10318c6a42ba11563cb354f1feaae0c17f7e2b,91;91;91;91;90,,,TRUE
1320,1,20772135,e230bbd3e952148f522b44a064821721ef7779768c930d8b97f03e7790240c38,99;98;98;98;98,,,TRUE
1320,2,20782135,41db901ef22836bd22aac5d50904f6626a75f57c99276a1475ecbd08e5aae969,99;98;98;98;98,,,TRUE
1320,3,20792135,92478f0363d2ce79bed8e103a21f4219a72e1b4a5207575d3b019fdd9fa46b4c,99;98;98;98;98,,,TRUE
1320,4,20802135,6b1065cdd4a720557cd11d21d3c14f5dc1891d58d62ca39aae94ecd65ee5ce13,99;98;98;98;98,,,TRUE
1320,5,20812135,cb5497945b7e17caea589fe825f262842bb13000830c93e50d43f5a0f3d97815,99;98;98;98;98,,,TRUE
1321,1,20772136,07d49a22aeab83d4e207678faf5de6ab16475108349206004758121f25d9461a,98;98;98;97;97,,,TRUE
1321,2,20782136,d3bbdb1cc54551d49ea9687a8384e7982976dbb94b16f39d032da1dc5c969c5a,98;98;98;97;97,,,TRUE
1321,3,20792136,b824dc33f5c9060969a84afaa005908e1718456b1facdcfc4f61dceffdf1e911,98;98;98;97;97,,,TRUE
1321,4,20802136,4971959696171434ef18cd5a8c15f856a3e02a7dfc2098c2c79e4fa9d212290d,98;98;98;97;97,,,TRUE
1321,5,20812136,b143c8a9dbb766b362517bd2b6c67b0419b517fcc85c78ac1552a2d6fb6eb8b2,98;98;98;97;97,,,TRUE
1322,1,20772137,d0b241ba48b4e5dd247538b8c45317fb41b9b161c4f5c0b6b2cf02023f7020d5,98;98;98;97;97,,,TRUE
1322,2,20782137,549a4b2c2f466c205c187aa3c817a6ead1f62036d3112e4b3a7fb6f0b327a44c,98;98;98;97;97,,,TRUE
1322,3,20792137,c512407e7199fceba26b8fe278f10fc04d36ed6a549f119bdd590643123e5cbe,98;98;98;97;97,,,TRUE
1322,4,20802137,690dd6727de0738ad69c37d9ad9fec3de807a81b511c18c2fbadf88508a9766e,98;98;98;97;97,,,TRUE
1322,5,20812137,b4d828493934ed6f3a7bc2723d12f93a245c2a74adbeff534c92684ae905980e,98;98;98;97;97,,,TRUE
1323,1,20772138,ee044eafa58479ecc94e7cd020082f6ca06d4a21e4195dbeeb5786a0b9281500,98;98;97;97;97,,,TRUE
1323,2,20782138,b3053241f72725d52376e81cb6e816d4b7e6a9533a89e216f71a9e716bb505aa,98;98;97;97;97,,,TRUE
1323,3,20792138,8d68d456489892b73a4d9ac2a9624f76d17be187158b9f2d082f7d07d82342b2,98;98;97;97;97,,,TRUE
1323,4,20802138,5a27a38fbc475a6306ec87cf32bb2606cc5e137cad7a3992ad1d3b2099430e0d,98;98;97;97;97,,,TRUE
1323,5,20812138,f6b2110f2426f32f414a19e4053d2edfe6df0a146c2e522fbdf7a657c26ca496,98;98;97;97;97,,,TRUE
1324,1,20772139,1519d01be8f619d38c50e6cdedd099b82d53ebee82b88316c8249504da73209d,97;97;97;96;96,,,TRUE
1324,2,20782139,499c54cff48625ec0858112ebae1c9062aeb64fd62588bacdf93545088fa8d3c,97;97;97;96;96,,,TRUE
1324,3,20792139,f96b53db2353ea03e2096434d1ca95c3b5cae4b25d4b5d453a958323a08c54c1,97;97;97;96;96,,,TRUE
1324,4,20802139,6cfa19f63a3a54abdfd83a822c17e9bfbbba8f8dc579b9a7686d70e2ce001ec8,97;97;97;96;96,,,TRUE
1324,5,20812139,7fa269f3739201f51c9753acbd2374013d041aa578d7d18912dd856fddc7eae9,97;97;97;96;96,,,TRUE
1325,1,20772140,db07c3c8c7552474f5614aa7a87172b5ba232007af1e6c9d2106e2f21fcbf1be,98;98;98;97;97,,,TRUE
1325,2,20782140,1d4b49e90a297e490f0dbbe551f304ac6a5c0c0ae2e557dc6830c13ccfa87a65,98;98;98;97;97,,,TRUE
1325,3,20792140,b8634aa94e664b5e4f49e6923625c3019d6dffa8cb332ac8f3ee250b38c600e3,98;98;98;97;97,,,TRUE
1325,4,20802140,5b81a067ce0c40b24a7e87300b769ca9ebd70f5e00aabb2dc517914535a30f2e,98;98;98;97;97,,,TRUE
1325,5,20812140,6928bc71a9568dbb3f13169307d583e087888abac1050f7fe68180fe640790eb,98;98;98;97;97,,,TRUE
1326,1,20772141,837b163a56115ee1c564050e92a8af6ef5bb565cb8dd5a46002a539aeb47d72f,95;94;94;94;94,,,TRUE
1326,2,20782141,ff821a0425d7896d0a0fae2c7cb8cd0e2129e5c3f0a5b7e59c85d3cbe4d9ab4a,95;94;94;94;94,,,TRUE
1326,3,20792141,1fc88436f53dcdf4a989de76dad6760b8d48d320ad14a04bd126afb9c88b4a95,95;94;94;94;94,,,TRUE
1326,4,20802141,2efbd2a1f4dbcdb25b2becfb7843d7f2182ccacbcb92c66123c870ec12f98492,95;94;94;94;94,,,TRUE
1326,5,20812141,bbe56ec4134f403063bc68f65aeaed265bc50107b9b6e593b05c20b81efec85e,95;94;94;94;94,,,TRUE
1327,1,20772142,3fccc47fee98fc17e1a86d86d7e380d6958d491d03d32b89e8c21031bcad07bc,98;98;97;97;97,,,TRUE
1327,2,20782142,768419d82cbe0d620b4acb626d9bba2e9ba046af26c8033e81e4e52e3c61b312,98;98;97;97;97,,,TRUE
1327,3,20792142,9a7c791a837aa321e39a1fe58cf905eb28fa75ccc312150905d7eb456db034da,98;98;97;97;97,,,TRUE
1327,4,20802142,5103fd437d602638e1808d38ff60cf000f8ed10574f903d38133be70c953b0fe,98;98;97;97;97,,,TRUE
1327,5,20812142,2ad1eb28b2209c504a7e64fb81d488c2e9457c2d6fbde725a57cb61b6e7b0c00,98;98;97;97;97,,,TRUE
1328,1,20772143,76e36d49e6d2b4946cca26cb4471537c9306db5aa0757d4bd95b3ed4070279cc,91;91;91;91;90,,,TRUE
1328,2,20782143,6848fa81c5539f43c6df9f9bcceb06b745bd1f00e92b3c812cedfb719761110e,91;91;91;91;90,,,TRUE
1328,3,20792143,d879abcd162cc10d9566701c776120b251f31e1a610dc36514f232e67a78cd6c,91;91;91;91;90,,,TRUE
1328,4,20802143,16158efa69eb7076544e3408dfc7d76e67690cc3fba57b6be2e72c3daaa7272c,91;91;91;91;90,,,TRUE
1328,5,20812143,6a9ef5ecb13d3d25f896f234f48541b835b91c062bc19cf08da9fc336b4bd61f,91;91;91;91;90,,,TRUE
1329,1,20772144,e30fe9197878cdb341d796c03d120cd9d43b4cf538c02f51d1510c6bdf72357b,98;98;98;97;97,,,TRUE
1329,2,20782144,409562cb7a31bcbba10295983dc3942e1e79dc4b31e988cfd0e0db222db3b25a,98;98;98;97;97,,,TRUE
1329,3,20792144,3d098558a53d193051c1b9a1d8322df8b3f7eb2fdd0c65a4aa31256f44913018,98;98;98;97;97,,,TRUE
1329,4,20802144,8f0869e0957902e1a44b2a1bf0f91992aaf3572c86636814cfd65e5f50efa4e7,98;98;98;97;97,,,TRUE
1329,5,20812144,2260168b8b95194839e41a25eef01c63624bab1700d96a324af87237dfa72860,98;98;98;97;97,,,TRUE
1330,1,20772145,f09d8a28ba7eb7d6c3cec842db60f401eb2ddebec1bd7a24f4d7311e323b6599,89;89;89;89;89,,,TRUE
1330,2,20782145,7aa48dbe095d5510871ec6c6a42bc60556942dd5bcbcc137c834e550202717cc,89;89;89;89;89,,,TRUE
1330,3,20792145,123743742de69776fb4c7a6ce65e50f0c012ccff047a39beaf1679e19724923a,89;89;89;89;89,,,TRUE
1330,4,20802145,912c6b5e885569e420764d787b206eb0979a18f6bb31a86045049a60d2a367f1,89;89;89;89;89,,,TRUE
1330,5,20812145,0516b5c95a46994816f88f3a106ea911464be47375b9953036c89f738e73cf66,89;89;89;89;89,,,TRUE
1331,1,20772146,336e7bc1c8891dfd543251fe405d0ad579cc9d21add68a3ce0b8c6fec0fdd047,98;98;98;97;97,,,TRUE
1331,2,20782146,f1dee3a1b3ef187b7955ad5cc9a6669404989baeed1ce31640357f20eb78a32a,98;98;98;97;97,,,TRUE
1331,3,20792146,5900c37e3814c79273ce9fdcd75d40697ff1157cfce4d50ea2889e021145a612,98;98;98;97;97,,,TRUE
1331,4,20802146,78d4cf72b24b97a4ad412f22b0fbd67bf6f9982bd49a3a5969f7039b98a987ce,98;98;98;97;97,,,TRUE
1331,5,20812146,1d6d93668cbd672e4965768b009c107f926ad418ed0afe70fcba234bc8d31775,98;98;98;97;97,,,TRUE
1332,1,20772147,363f24dd3112e44b932883982cba498a56587a7838c3e96d0eadc721639487f0,98;98;98;97;97,,,TRUE
1332,2,20782147,e762dc25566bb0792bffd8657d3c4473030d3b9f6d865e4ae6c0a40be75b0919,98;98;98;97;97,,,TRUE
1332,3,20792147,2042ad83b10be7c2d6f479ca127345174137c8ccd586c6cd491abbeb3a1c9c61,98;98;98;97;97,,,TRUE
1332,4,20802147,88b8bac36fe7c285f6e273fd6b450663b40a9890609e607f89d4010c540140ae,98;98;98;97;97,,,TRUE
1332,5,20812147,beb1945ea76a50fde3f5c32b12cda4164fe2e2548b60099e836d6b73a7881796,98;98;98;97;97,,,TRUE
1333,1,20772148,71f363b7ee0d0b2816fc18b2a5ddbcc50a392ecb59bbdc96626aedbbb0332dcf,11;11;11;10;10,,,TRUE
1333,2,20782148,39f93cfc45ee7bf368be9abf99d0590fb17544c3eb8bb7a10c4b81c3315b158b,11;11;11;10;10,,,TRUE
1333,3,20792148,001317d07f038528852d9314344b1916900697b8ddb61e8f3546e99f03f8a1c8,11;11;11;10;10,,,TRUE
1333,4,20802148,364f2b425292499c997485d39c4b618a3cdb3c2664ebd83fff01ce4581aa33ea,11;11;11;10;10,,,TRUE
1333,5,20812148,7623a515e7be456e5eab08b65d63039f844b1d12b3d48eb7116a623f15ab9b51,11;11;11;10;10,,,TRUE
1334,1,20772149,56467c9553d8474680d60c77bae459b24bbde2eb020c401254272d4197b9d033,11;11;11;10;10,,,TRUE
1334,2,20782149,d50d3d0b71ce0cb70863adb862f4a355332d42c0d405d8a58072b5b760a680b7,11;11;11;10;10,,,TRUE
1334,3,20792149,c9af38c133573ff106b4f2ee5ccbae4d087597aa7917012a6ab4842c270f0954,11;11;11;10;10,,,TRUE
1334,4,20802149,0b1daf5b02535b47dbccefdac4b69ee8a5fc952614af91e510ed668c94461895,11;11;11;10;10,,,TRUE
1334,5,20812149,a8fd8c55711166109e289a39599d7a173e9c41aa50e3d06e1d5f97c0c0de1c54,11;11;11;10;10,,,TRUE
