outcome_type,family,tumor_type,endpoint,n,positive,negative,screen_tier,size_stratum,imbalance_stratum,minority_fraction,selection_hash,selected,selection_version,selection_uses_pls_performance,selection_rule
binary,aneuploidy,LGG,Genome doubling,481,157,324,C,large,low,0.326403326403326,0b6818e3b270d1d89f8d264f97a40a8b3052611e659551c12a5a297ffbf06092,TRUE,titan-representative-benchmark-v1,FALSE,one lowest salted SHA-256 endpoint per non-empty outcome-family and sample-size-tercile cell; binary cells additionally stratified by minority-class-fraction tercile
binary,aneuploidy,BRCA,Genome doubling,998,438,560,B,large,low,0.438877755511022,e7178e89da3be43239ccff29ccc4913866f6c3fcf9e0bb18a74007e887789a52,FALSE,titan-representative-benchmark-v1,FALSE,one lowest salted SHA-256 endpoint per non-empty outcome-family and sample-size-tercile cell; binary cells additionally stratified by minority-class-fraction tercile
binary,aneuploidy,KIRC,Genome doubling,464,89,375,C,large,moderate,0.191810344827586,3acab48dc22bc3faebf46da62abd1f9a46797a5e842dfb179b4c4eb00c1df78d,TRUE,titan-representative-benchmark-v1,FALSE,one lowest salted SHA-256 endpoint per non-empty outcome-family and sample-size-tercile cell; binary cells additionally stratified by minority-class-fraction tercile
binary,aneuploidy,UCEC,Genome doubling,477,97,380,A,large,moderate,0.20335429769392,6f1282bc1b3a4eb201e1c8f81031ea1bc5c8c3d1461053ea163688129a5f0f44,FALSE,titan-representative-benchmark-v1,FALSE,one lowest salted SHA-256 endpoint per non-empty outcome-family and sample-size-tercile cell; binary cells additionally stratified by minority-class-fraction tercile
binary,aneuploidy,PRAD,Genome doubling,382,29,353,C,medium,high,0.0759162303664922,37da62aeec825c298d93c13f009c9e7d88b84963029c4a5ec78a6629443cb60b,TRUE,titan-representative-benchmark-v1,FALSE,one lowest salted SHA-256 endpoint per non-empty outcome-family and sample-size-tercile cell; binary cells additionally stratified by minority-class-fraction tercile
binary,aneuploidy,COAD,Genome doubling,408,165,243,B,medium,low,0.404411764705882,1ef22274a533ce2b7a203089208532f1dacbea71903b781775aae7986136ebb7,TRUE,titan-representative-benchmark-v1,FALSE,one lowest salted SHA-256 endpoint per non-empty outcome-family and sample-size-tercile cell; binary cells additionally stratified by minority-class-fraction tercile
binary,aneuploidy,LUSC,Genome doubling,459,249,210,B,medium,low,0.457516339869281,48fb307a9acd98aacee7b1ac5ea9e8dbd0e27cab2633391541ea4ef255fef580,FALSE,titan-representative-benchmark-v1,FALSE,one lowest salted SHA-256 endpoint per non-empty outcome-family and sample-size-tercile cell; binary cells additionally stratified by minority-class-fraction tercile
binary,aneuploidy,STAD,Genome doubling,360,154,206,B,medium,low,0.427777777777778,56e13f86dea5e706a128bf8bff960109b7dab916c7a37afa62ddd8a060f5cb5d,FALSE,titan-representative-benchmark-v1,FALSE,one lowest salted SHA-256 endpoint per non-empty outcome-family and sample-size-tercile cell; binary cells additionally stratified by minority-class-fraction tercile
binary,aneuploidy,LUAD,Genome doubling,449,264,185,B,medium,low,0.412026726057906,c041631fee668b1f5abccda9e6c71b99922d3a2977fae393398785d633f1af2b,FALSE,titan-representative-benchmark-v1,FALSE,one lowest salted SHA-256 endpoint per non-empty outcome-family and sample-size-tercile cell; binary cells additionally stratified by minority-class-fraction tercile
binary,aneuploidy,HNSC,Genome doubling,435,176,259,B,medium,low,0.404597701149425,d125210ae5ef7dfba6b862fbf87bed9813024b1dca2f8cdf7890fea2e83b9adb,FALSE,titan-representative-benchmark-v1,FALSE,one lowest salted SHA-256 endpoint per non-empty outcome-family and sample-size-tercile cell; binary cells additionally stratified by minority-class-fraction tercile
binary,aneuploidy,BLCA,Genome doubling,376,228,148,B,medium,low,0.393617021276596,eaa9691886add43fb88f4fa9b35faa2eea7256edade39494455afd2b2faedf9e,FALSE,titan-representative-benchmark-v1,FALSE,one lowest salted SHA-256 endpoint per non-empty outcome-family and sample-size-tercile cell; binary cells additionally stratified by minority-class-fraction tercile
binary,aneuploidy,GBM,Genome doubling,362,46,316,C,medium,moderate,0.12707182320442,66b91c7c32670ad27e3ef475e4e5a80accb5baa0854071509ba36cdc888a88ae,TRUE,titan-representative-benchmark-v1,FALSE,one lowest salted SHA-256 endpoint per non-empty outcome-family and sample-size-tercile cell; binary cells additionally stratified by minority-class-fraction tercile
binary,aneuploidy,ESCA,Genome doubling,136,79,57,C,small,low,0.419117647058824,459b38765a74a11f7d295c785d6758eb6e3ed7b3b2fca5895767d7b02c497f53,TRUE,titan-representative-benchmark-v1,FALSE,one lowest salted SHA-256 endpoint per non-empty outcome-family and sample-size-tercile cell; binary cells additionally stratified by minority-class-fraction tercile
binary,aneuploidy,SARC,Genome doubling,238,112,126,B,small,low,0.470588235294118,6db065413f510958c3eea324244799a33d0cec1eac374f078dcb8cdb3d7acc8d,FALSE,titan-representative-benchmark-v1,FALSE,one lowest salted SHA-256 endpoint per non-empty outcome-family and sample-size-tercile cell; binary cells additionally stratified by minority-class-fraction tercile
binary,aneuploidy,LIHC,Genome doubling,350,115,235,B,small,low,0.328571428571429,8029a1ea339a746e1d5dbac3cc0d49bb78a4b5bed70dec779a2a58e18546f8ec,FALSE,titan-representative-benchmark-v1,FALSE,one lowest salted SHA-256 endpoint per non-empty outcome-family and sample-size-tercile cell; binary cells additionally stratified by minority-class-fraction tercile
binary,aneuploidy,READ,Genome doubling,143,72,71,B,small,low,0.496503496503497,8d7a04de57e407f9510dab8130c2458af4f4ebcf25685e1871ad57ebc8736bb6,FALSE,titan-representative-benchmark-v1,FALSE,one lowest salted SHA-256 endpoint per non-empty outcome-family and sample-size-tercile cell; binary cells additionally stratified by minority-class-fraction tercile
binary,aneuploidy,CESC,Genome doubling,259,85,174,C,small,low,0.328185328185328,a2043bd3eece0ffdc9fe7b2e60e1f173581a3c83ddca39a4658975c3c06be7c5,FALSE,titan-representative-benchmark-v1,FALSE,one lowest salted SHA-256 endpoint per non-empty outcome-family and sample-size-tercile cell; binary cells additionally stratified by minority-class-fraction tercile
binary,aneuploidy,OV,Genome doubling,96,66,30,B,small,low,0.3125,ba9cfcb81ead9468749005c7d60f795c123e1412c888df2d08a12b6675c0b8ee,FALSE,titan-representative-benchmark-v1,FALSE,one lowest salted SHA-256 endpoint per non-empty outcome-family and sample-size-tercile cell; binary cells additionally stratified by minority-class-fraction tercile
binary,aneuploidy,ACC,Genome doubling,54,28,26,C,small,low,0.481481481481482,d8f0ab4348dcb63081af3a44147f3f17c927869e6f763fb804a320cfd79b435e,FALSE,titan-representative-benchmark-v1,FALSE,one lowest salted SHA-256 endpoint per non-empty outcome-family and sample-size-tercile cell; binary cells additionally stratified by minority-class-fraction tercile
binary,aneuploidy,SKCM,Genome doubling,98,35,63,C,small,low,0.357142857142857,f146ecb6cf98928f2e1e1b6951200010d147f6978d2b851f2eb7abdb6d8350e1,FALSE,titan-representative-benchmark-v1,FALSE,one lowest salted SHA-256 endpoint per non-empty outcome-family and sample-size-tercile cell; binary cells additionally stratified by minority-class-fraction tercile
binary,aneuploidy,PAAD,Genome doubling,163,40,123,C,small,moderate,0.245398773006135,0da0559edd862b3ac924862ac8f8cc4c3ba19803b9d4c6af128547dd5a2118cb,TRUE,titan-representative-benchmark-v1,FALSE,one lowest salted SHA-256 endpoint per non-empty outcome-family and sample-size-tercile cell; binary cells additionally stratified by minority-class-fraction tercile
binary,aneuploidy,PCPG,Genome doubling,157,24,133,B,small,moderate,0.152866242038217,94d72b39710db972caffc01e72c158fdb3e35e29d28b39818d5c1ee1fe0af811,FALSE,titan-representative-benchmark-v1,FALSE,one lowest salted SHA-256 endpoint per non-empty outcome-family and sample-size-tercile cell; binary cells additionally stratified by minority-class-fraction tercile
binary,driver_mutation,LUAD,ARID1A,463,25,438,C,large,high,0.0539956803455724,006372704b4a9e72da51acefcf409da2c39fd94372fcff5b1d5599019001ba51,TRUE,titan-representative-benchmark-v1,FALSE,one lowest salted SHA-256 endpoint per non-empty outcome-family and sample-size-tercile cell; binary cells additionally stratified by minority-class-fraction tercile
binary,driver_mutation,UCEC,ATF7IP,487,35,452,C,large,high,0.0718685831622177,05c373be2b7f9664b5ea8b4aa6afbc0f3775169558675e8dad94dee2a2d65ba1,FALSE,titan-representative-benchmark-v1,FALSE,one lowest salted SHA-256 endpoint per non-empty outcome-family and sample-size-tercile cell; binary cells additionally stratified by minority-class-fraction tercile
binary,driver_mutation,LGG,PIK3R1,485,21,464,C,large,high,0.0432989690721649,0689545ae0dc66179d76cceb54541bcc04fc7d0da16e2c0e093aa721d908f277,FALSE,titan-representative-benchmark-v1,FALSE,one lowest salted SHA-256 endpoint per non-empty outcome-family and sample-size-tercile cell; binary cells additionally stratified by minority-class-fraction tercile
binary,driver_mutation,BRCA,ERBB2,981,23,958,C,large,high,0.0234454638124363,148e53def3666f7be0e8d1d6068a135dac6df22d31a832d5e2286e9a0b172bb2,FALSE,titan-representative-benchmark-v1,FALSE,one lowest salted SHA-256 endpoint per non-empty outcome-family and sample-size-tercile cell; binary cells additionally stratified by minority-class-fraction tercile
binary,driver_mutation,UCEC,MSH6,487,50,437,C,large,high,0.102669404517454,1866f0f720737b63661a26a2f8165be60f47f09772cf6018fe2f94e85d42f34e,FALSE,titan-representative-benchmark-v1,FALSE,one lowest salted SHA-256 endpoint per non-empty outcome-family and sample-size-tercile cell; binary cells additionally stratified by minority-class-fraction tercile
binary,driver_mutation,UCEC,SMC1A,487,43,444,C,large,high,0.0882956878850103,1aefc58dd742413300c85c5207e906d36b8a7f35513c45a841126ae57791fe54,FALSE,titan-representative-benchmark-v1,FALSE,one lowest salted SHA-256 endpoint per non-empty outcome-family and sample-size-tercile cell; binary cells additionally stratified by minority-class-fraction tercile
binary,driver_mutation,BRCA,ARID1A,981,26,955,C,large,high,0.0265035677879715,1b2ee73df55ff3ae005778fd2ceb6b2c7476d6162e76e030ddc375f4dc7729cf,FALSE,titan-representative-benchmark-v1,FALSE,one lowest salted SHA-256 endpoint per non-empty outcome-family and sample-size-tercile cell; binary cells additionally stratified by minority-class-fraction tercile
binary,driver_mutation,LUSC,ARID1A,461,31,430,C,large,high,0.0672451193058568,1d061379b85d21c1b43e9f4eab79a6b581f2ceead738efa117a15e1c17df444f,FALSE,titan-representative-benchmark-v1,FALSE,one lowest salted SHA-256 endpoint per non-empty outcome-family and sample-size-tercile cell; binary cells additionally stratified by minority-class-fraction tercile
binary,driver_mutation,LUSC,RB1,461,31,430,C,large,high,0.0672451193058568,2849c61eb4a15c83a34b8c6aa0b155ebcbc0b73257468985440ea80155c52ca9,FALSE,titan-representative-benchmark-v1,FALSE,one lowest salted SHA-256 endpoint per non-empty outcome-family and sample-size-tercile cell; binary cells additionally stratified by minority-class-fraction tercile
binary,driver_mutation,LGG,PIK3CA,485,40,445,C,large,high,0.0824742268041237,28d218cfac654beab64e2e761e5b947e1e632ee4d3d29fe675f5015fa81e73b4,FALSE,titan-representative-benchmark-v1,FALSE,one lowest salted SHA-256 endpoint per non-empty outcome-family and sample-size-tercile cell; binary cells additionally stratified by minority-class-fraction tercile
binary,driver_mutation,LUAD,SETD2,463,30,433,C,large,high,0.0647948164146868,2b6a2d630ae2d41f68e9366ca8a43725a090211825b170166491f083d0f86e48,FALSE,titan-representative-benchmark-v1,FALSE,one lowest salted SHA-256 endpoint per non-empty outcome-family and sample-size-tercile cell; binary cells additionally stratified by minority-class-fraction tercile
binary,driver_mutation,LUSC,PTEN,461,51,410,C,large,high,0.110629067245119,2ed6078608ef6a3fdf04d2dae6046f6af9fa90a03a5607d5203c9755b29ecf40,FALSE,titan-representative-benchmark-v1,FALSE,one lowest salted SHA-256 endpoint per non-empty outcome-family and sample-size-tercile cell; binary cells additionally stratified by minority-class-fraction tercile
binary,driver_mutation,BRCA,CHD4,981,21,960,C,large,high,0.0214067278287462,303df0e0034221a87eeed4987265015f174466b386ac7d3e8699b2083d9e5a20,FALSE,titan-representative-benchmark-v1,FALSE,one lowest salted SHA-256 endpoint per non-empty outcome-family and sample-size-tercile cell; binary cells additionally stratified by minority-class-fraction tercile
binary,driver_mutation,LUSC,KDM6A,461,21,440,C,large,high,0.0455531453362256,346966cd403c9ce15fc5c7202379df80f9856561f13f07c02df766f9d1dad6e9,FALSE,titan-representative-benchmark-v1,FALSE,one lowest salted SHA-256 endpoint per non-empty outcome-family and sample-size-tercile cell; binary cells additionally stratified by minority-class-fraction tercile
binary,driver_mutation,LGG,EGFR,485,34,451,B,large,high,0.0701030927835052,35db607fa03645236b8dfff6c202ce60d6234309a07a66af3895d702dbf8020b,FALSE,titan-representative-benchmark-v1,FALSE,one lowest salted SHA-256 endpoint per non-empty outcome-family and sample-size-tercile cell; binary cells additionally stratified by minority-class-fraction tercile
binary,driver_mutation,BRCA,TBX3,981,25,956,C,large,high,0.0254841997961264,369d0659182ab45c45dec54086476cf85f54f187e4ec7a6ea3031c444f0d1503,FALSE,titan-representative-benchmark-v1,FALSE,one lowest salted SHA-256 endpoint per non-empty outcome-family and sample-size-tercile cell; binary cells additionally stratified by minority-class-fraction tercile
binary,driver_mutation,LUAD,SMARCA4,463,36,427,C,large,high,0.0777537796976242,38b26b0dbd7f1b200bade83c64eb9a9db79a4836fea9193e5e634ae3d612cc79,FALSE,titan-representative-benchmark-v1,FALSE,one lowest salted SHA-256 endpoint per non-empty outcome-family and sample-size-tercile cell; binary cells additionally stratified by minority-class-fraction tercile
binary,driver_mutation,UCEC,ERBB3,487,46,441,C,large,high,0.0944558521560575,3ab5fd6b084803efa31e7463f0ae34610531b3c980fe60b4ed70b995f6bb6c33,FALSE,titan-representative-benchmark-v1,FALSE,one lowest salted SHA-256 endpoint per non-empty outcome-family and sample-size-tercile cell; binary cells additionally stratified by minority-class-fraction tercile
binary,driver_mutation,UCEC,ATR,487,51,436,C,large,high,0.104722792607803,3d520146234fd2504b4e2dce32a7b6baa99a2327e359e1145c3fde8f2c971b7c,FALSE,titan-representative-benchmark-v1,FALSE,one lowest salted SHA-256 endpoint per non-empty outcome-family and sample-size-tercile cell; binary cells additionally stratified by minority-class-fraction tercile
binary,driver_mutation,BRCA,AKT1,981,21,960,C,large,high,0.0214067278287462,3d8e59f818c3124206b5398e67845e1dec8617bc8da80432bcaf63d8d0afe047,FALSE,titan-representative-benchmark-v1,FALSE,one lowest salted SHA-256 endpoint per non-empty outcome-family and sample-size-tercile cell; binary cells additionally stratified by minority-class-fraction tercile
binary,driver_mutation,LUAD,BRAF,463,37,426,C,large,high,0.0799136069114471,3eb647db116cd254c4ab8d37483e8928ba3ba2f9efe849095196439110b307a8,FALSE,titan-representative-benchmark-v1,FALSE,one lowest salted SHA-256 endpoint per non-empty outcome-family and sample-size-tercile cell; binary cells additionally stratified by minority-class-fraction tercile
binary,driver_mutation,LUSC,KEAP1,461,51,410,C,large,high,0.110629067245119,3f96835fe1589bbde455ea542916f3eb1faffbbddc044ae6a0f03b41b9995707,FALSE,titan-representative-benchmark-v1,FALSE,one lowest salted SHA-256 endpoint per non-empty outcome-family and sample-size-tercile cell; binary cells additionally stratified by minority-class-fraction tercile
binary,driver_mutation,UCEC,SOX17,487,20,467,C,large,high,0.0410677618069815,50926785908f62d4840d80c0a3e1003c96562a7f197402b7f9cd6576a03d201d,FALSE,titan-representative-benchmark-v1,FALSE,one lowest salted SHA-256 endpoint per non-empty outcome-family and sample-size-tercile cell; binary cells additionally stratified by minority-class-fraction tercile
binary,driver_mutation,LUSC,RASA1,461,29,432,C,large,high,0.0629067245119306,51ed75155d74f04df8b006670ebbe4a9c4ecb5b65833f138d4ac3821e35da832,FALSE,titan-representative-benchmark-v1,FALSE,one lowest salted SHA-256 endpoint per non-empty outcome-family and sample-size-tercile cell; binary cells additionally stratified by minority-class-fraction tercile
binary,driver_mutation,UCEC,MAP3K1,487,50,437,C,large,high,0.102669404517454,5aa9e47f18d73fd92a0dc248cb351b4609ae41d6d448b5451f7b3e8aa7d959cb,FALSE,titan-representative-benchmark-v1,FALSE,one lowest salted SHA-256 endpoint per non-empty outcome-family and sample-size-tercile cell; binary cells additionally stratified by minority-class-fraction tercile
binary,driver_mutation,BRCA,MAP3K1,981,62,919,C,large,high,0.0632008154943935,5c60442fd399384aa36e47d76a21fdce78bf2c92a09374675089e9ea622776ea,FALSE,titan-representative-benchmark-v1,FALSE,one lowest salted SHA-256 endpoint per non-empty outcome-family and sample-size-tercile cell; binary cells additionally stratified by minority-class-fraction tercile
binary,driver_mutation,UCEC,SIN3A,487,48,439,C,large,high,0.0985626283367557,5db1735314842b0d8d298ebade3d78b34d6cbb2d0aa5d9185c0fed99307d1d6b,FALSE,titan-representative-benchmark-v1,FALSE,one lowest salted SHA-256 endpoint per non-empty outcome-family and sample-size-tercile cell; binary cells additionally stratified by minority-class-fraction tercile
binary,driver_mutation,UCEC,SPOP,487,40,447,C,large,high,0.082135523613963,61df8542746a1d8263d3493a96ce85ca1833ab7dd3a82325876b8e0675476b76,FALSE,titan-representative-benchmark-v1,FALSE,one lowest salted SHA-256 endpoint per non-empty outcome-family and sample-size-tercile cell; binary cells additionally stratified by minority-class-fraction tercile
binary,driver_mutation,LUAD,RBM10,463,33,430,C,large,high,0.0712742980561555,69e1867bf7c3f6294bb1ed9715326ebaf27a3c78501898cd3cf96962b9d9a42c,FALSE,titan-representative-benchmark-v1,FALSE,one lowest salted SHA-256 endpoint per non-empty outcome-family and sample-size-tercile cell; binary cells additionally stratified by minority-class-fraction tercile
binary,driver_mutation,THCA,NRAS,490,39,451,A,large,high,0.0795918367346939,6e3445f7e3df273b9a37bd0998b8bf95646bfce40411b2d683f7c702673bd5c7,FALSE,titan-representative-benchmark-v1,FALSE,one lowest salted SHA-256 endpoint per non-empty outcome-family and sample-size-tercile cell; binary cells additionally stratified by minority-class-fraction tercile
binary,driver_mutation,LUAD,RB1,463,25,438,C,large,high,0.0539956803455724,7a602fa3cc7a6ddbb09405cd9c16ef13b672cb8f328d084de40b505996492278,FALSE,titan-representative-benchmark-v1,FALSE,one lowest salted SHA-256 endpoint per non-empty outcome-family and sample-size-tercile cell; binary cells additionally stratified by minority-class-fraction tercile
binary,driver_mutation,UCEC,CCND1,487,31,456,C,large,high,0.0636550308008214,7b814931c381044b9c919c3b3bc4b2d198710bf9b9fb22ceed64ec88a2e9e7bd,FALSE,titan-representative-benchmark-v1,FALSE,one lowest salted SHA-256 endpoint per non-empty outcome-family and sample-size-tercile cell; binary cells additionally stratified by minority-class-fraction tercile
binary,driver_mutation,LGG,NOTCH1,485,32,453,C,large,high,0.065979381443299,7d77743e9c202ba732ce63e701e63860147109168f75b7c9b34e6910ab3a8a45,FALSE,titan-representative-benchmark-v1,FALSE,one lowest salted SHA-256 endpoint per non-empty outcome-family and sample-size-tercile cell; binary cells additionally stratified by minority-class-fraction tercile
binary,driver_mutation,UCEC,NFE2L2,487,26,461,C,large,high,0.053388090349076,81ad7307c6fb2521532bc8f329579f6f3c15c12b364e816a90755d6b2cee3730,FALSE,titan-representative-benchmark-v1,FALSE,one lowest salted SHA-256 endpoint per non-empty outcome-family and sample-size-tercile cell; binary cells additionally stratified by minority-class-fraction tercile
binary,driver_mutation,UCEC,PDS5B,487,42,445,C,large,high,0.0862422997946612,82cd819805bb63b27d631efe3c8b89a5c796b163288896cd5f472b97fd380483,FALSE,titan-representative-benchmark-v1,FALSE,one lowest salted SHA-256 endpoint per non-empty outcome-family and sample-size-tercile cell; binary cells additionally stratified by minority-class-fraction tercile
binary,driver_mutation,BRCA,CDH1,981,96,885,A,large,high,0.0978593272171254,83ea6e54359cc27af725086f0f829c8f481ec033cb8e373c9bc1240c3675bd37,FALSE,titan-representative-benchmark-v1,FALSE,one lowest salted SHA-256 endpoint per non-empty outcome-family and sample-size-tercile cell; binary cells additionally stratified by minority-class-fraction tercile
binary,driver_mutation,UCEC,DICER1,487,51,436,C,large,high,0.104722792607803,84f3a79742ebce50a41b73c6c556fe90073ff632fc08b9593f6516e8327bda21,FALSE,titan-representative-benchmark-v1,FALSE,one lowest salted SHA-256 endpoint per non-empty outcome-family and sample-size-tercile cell; binary cells additionally stratified by minority-class-fraction tercile
binary,driver_mutation,BRCA,RUNX1,981,31,950,C,large,high,0.0316004077471967,856230ab7ab980a5ccd017478a9f5fbd79ae0c45cff87588fdeb505ef3f68dd7,FALSE,titan-representative-benchmark-v1,FALSE,one lowest salted SHA-256 endpoint per non-empty outcome-family and sample-size-tercile cell; binary cells additionally stratified by minority-class-fraction tercile
binary,driver_mutation,UCEC,ZMYM2,487,52,435,C,large,high,0.106776180698152,8670af5e26b07fea1353adf5979dbef10d37e7c991891b2f1693992184892bc7,FALSE,titan-representative-benchmark-v1,FALSE,one lowest salted SHA-256 endpoint per non-empty outcome-family and sample-size-tercile cell; binary cells additionally stratified by minority-class-fraction tercile
binary,driver_mutation,LUSC,NOTCH1,461,36,425,C,large,high,0.0780911062906725,88e3adf4b38a389e0fb2e772653a183e0b44c4d6207762e23416d25a9f1cdce2,FALSE,titan-representative-benchmark-v1,FALSE,one lowest salted SHA-256 endpoint per non-empty outcome-family and sample-size-tercile cell; binary cells additionally stratified by minority-class-fraction tercile
binary,driver_mutation,LUAD,PIK3CA,463,26,437,C,large,high,0.0561555075593953,89d47dcc22699dc38a15e0074e736788eae39f426a56fc16eb6e99c617249f18,FALSE,titan-representative-benchmark-v1,FALSE,one lowest salted SHA-256 endpoint per non-empty outcome-family and sample-size-tercile cell; binary cells additionally stratified by minority-class-fraction tercile
binary,driver_mutation,BRCA,PIK3R1,981,23,958,C,large,high,0.0234454638124363,8d1983ad5da1cc3ed1bf7ad6cefb1fe545a4fe8dcecae891592391bda1926db7,FALSE,titan-representative-benchmark-v1,FALSE,one lowest salted SHA-256 endpoint per non-empty outcome-family and sample-size-tercile cell; binary cells additionally stratified by minority-class-fraction tercile
binary,driver_mutation,BRCA,NCOR1,981,37,944,C,large,high,0.0377166156982671,8ea034fb6a111036faffc7b06c12a25c5e40b6b6a9975f8fff99485743685f31,FALSE,titan-representative-benchmark-v1,FALSE,one lowest salted SHA-256 endpoint per non-empty outcome-family and sample-size-tercile cell; binary cells additionally stratified by minority-class-fraction tercile
binary,driver_mutation,BRCA,GATA3,981,92,889,C,large,high,0.0937818552497452,90f2d0fb21bf9d96eb827c671d81cfdab6c6fb5f312acb28079936ce8cec6fea,FALSE,titan-representative-benchmark-v1,FALSE,one lowest salted SHA-256 endpoint per non-empty outcome-family and sample-size-tercile cell; binary cells additionally stratified by minority-class-fraction tercile
binary,driver_mutation,UCEC,SOS1,487,44,443,C,large,high,0.0903490759753593,95c8eef88af5534b425d5b689af6eb617b0e552b38cdc33ee6599f7d074e5913,FALSE,titan-representative-benchmark-v1,FALSE,one lowest salted SHA-256 endpoint per non-empty outcome-family and sample-size-tercile cell; binary cells additionally stratified by minority-class-fraction tercile
binary,driver_mutation,BRCA,NF1,981,30,951,C,large,high,0.0305810397553517,9ff4f5b55f0d84b0277837f69642f4fe73776cf53af253e0b39d572a77454b99,FALSE,titan-representative-benchmark-v1,FALSE,one lowest salted SHA-256 endpoint per non-empty outcome-family and sample-size-tercile cell; binary cells additionally stratified by minority-class-fraction tercile
binary,driver_mutation,BRCA,PTEN,981,47,934,C,large,high,0.0479102956167176,a44fbca48e3df85f561684d2e074fcacbb3d6d6ad657a23a97d8dca12976aa19,FALSE,titan-representative-benchmark-v1,FALSE,one lowest salted SHA-256 endpoint per non-empty outcome-family and sample-size-tercile cell; binary cells additionally stratified by minority-class-fraction tercile
binary,driver_mutation,BRCA,KMT2C,981,71,910,C,large,high,0.072375127420999,a4c4d5484b197a18bde17286a46b9f9169374096456c9b7e5eaff6808f67b092,FALSE,titan-representative-benchmark-v1,FALSE,one lowest salted SHA-256 endpoint per non-empty outcome-family and sample-size-tercile cell; binary cells additionally stratified by minority-class-fraction tercile
binary,driver_mutation,LGG,NF1,485,31,454,C,large,high,0.0639175257731959,a588813890149c012ee0ab1b900f6e33cab6d69c2d1ff1e9d569a7c86a760102,FALSE,titan-representative-benchmark-v1,FALSE,one lowest salted SHA-256 endpoint per non-empty outcome-family and sample-size-tercile cell; binary cells additionally stratified by minority-class-fraction tercile
binary,driver_mutation,LGG,SMARCA4,485,25,460,C,large,high,0.0515463917525773,a85edca650bd04e012ef2ee431c3669d6cde50692ee19de509e1fa3d1306d29f,FALSE,titan-representative-benchmark-v1,FALSE,one lowest salted SHA-256 endpoint per non-empty outcome-family and sample-size-tercile cell; binary cells additionally stratified by minority-class-fraction tercile
binary,driver_mutation,BRCA,BRCA1,981,21,960,C,large,high,0.0214067278287462,b1a5f91c76a8d3915bbea5e9c43de70369c4ec648988c283d90c85428943a8dc,FALSE,titan-representative-benchmark-v1,FALSE,one lowest salted SHA-256 endpoint per non-empty outcome-family and sample-size-tercile cell; binary cells additionally stratified by minority-class-fraction tercile
binary,driver_mutation,LUSC,FBXW7,461,25,436,C,large,high,0.0542299349240781,b52c4e800b6835f54328704c4f2a74d67ba30c8b816a408519ea32caf004909a,FALSE,titan-representative-benchmark-v1,FALSE,one lowest salted SHA-256 endpoint per non-empty outcome-family and sample-size-tercile cell; binary cells additionally stratified by minority-class-fraction tercile
binary,driver_mutation,UCEC,ACVR1,487,26,461,C,large,high,0.053388090349076,bff421f703612a6cf9cafb38829f4a9316192d0ed7ddba2c586605c02800c16d,FALSE,titan-representative-benchmark-v1,FALSE,one lowest salted SHA-256 endpoint per non-empty outcome-family and sample-size-tercile cell; binary cells additionally stratified by minority-class-fraction tercile
binary,driver_mutation,LUAD,ATM,463,37,426,C,large,high,0.0799136069114471,c560229a2168e2e773f12e3eacbdafae3b5b08bcda814811bd3b61cb2274fbf3,FALSE,titan-representative-benchmark-v1,FALSE,one lowest salted SHA-256 endpoint per non-empty outcome-family and sample-size-tercile cell; binary cells additionally stratified by minority-class-fraction tercile
binary,driver_mutation,UCEC,RPL22,487,44,443,C,large,high,0.0903490759753593,d4326ba0fbfab780e592f34f74cf87b1b35d69a582cfc8f4ceeb076614e1cd53,FALSE,titan-representative-benchmark-v1,FALSE,one lowest salted SHA-256 endpoint per non-empty outcome-family and sample-size-tercile cell; binary cells additionally stratified by minority-class-fraction tercile
binary,driver_mutation,UCEC,CTNND1,487,41,446,C,large,high,0.0841889117043121,d5117533209ab86b3909db24a816b06a173f6c65f708e7db3630228ff579d84c,FALSE,titan-representative-benchmark-v1,FALSE,one lowest salted SHA-256 endpoint per non-empty outcome-family and sample-size-tercile cell; binary cells additionally stratified by minority-class-fraction tercile
binary,driver_mutation,UCEC,ARID5B,487,52,435,C,large,high,0.106776180698152,d9bae329c2884fc1bc73a06576c89c63cb87c65e0b3e8b6f85dbf955ecb55c04,FALSE,titan-representative-benchmark-v1,FALSE,one lowest salted SHA-256 endpoint per non-empty outcome-family and sample-size-tercile cell; binary cells additionally stratified by minority-class-fraction tercile
binary,driver_mutation,UCEC,ERBB2,487,25,462,C,large,high,0.0513347022587269,da7d2dd987eb19ef84d5a031745af0e43b55ef4060bf1c151ed44dce05ff8d35,FALSE,titan-representative-benchmark-v1,FALSE,one lowest salted SHA-256 endpoint per non-empty outcome-family and sample-size-tercile cell; binary cells additionally stratified by minority-class-fraction tercile
binary,driver_mutation,UCEC,PBRM1,487,43,444,C,large,high,0.0882956878850103,e0fb58b7a137b78c93e140fd1d9778a2e168eb35c3a2205c1473158f3b16d3df,FALSE,titan-representative-benchmark-v1,FALSE,one lowest salted SHA-256 endpoint per non-empty outcome-family and sample-size-tercile cell; binary cells additionally stratified by minority-class-fraction tercile
binary,driver_mutation,UCEC,FOXA2,487,30,457,C,large,high,0.0616016427104723,e1fe04b521054b7bee633bebff63d0de90ba29521e01fb848b38508be3821676,FALSE,titan-representative-benchmark-v1,FALSE,one lowest salted SHA-256 endpoint per non-empty outcome-family and sample-size-tercile cell; binary cells additionally stratified by minority-class-fraction tercile
binary,driver_mutation,BRCA,FOXA1,981,28,953,C,large,high,0.0285423037716616,e583d19236b91a6fc68aecc38ee1a75dc7dbaa2532f86b04e4b029d70fc4f136,FALSE,titan-representative-benchmark-v1,FALSE,one lowest salted SHA-256 endpoint per non-empty outcome-family and sample-size-tercile cell; binary cells additionally stratified by minority-class-fraction tercile
binary,driver_mutation,LUSC,ARHGAP35,461,26,435,C,large,high,0.0563991323210412,e67c549c856996ac1d342c556e6326175172eaa9ce929f0da9fdb3a88a85a4dc,FALSE,titan-representative-benchmark-v1,FALSE,one lowest salted SHA-256 endpoint per non-empty outcome-family and sample-size-tercile cell; binary cells additionally stratified by minority-class-fraction tercile
binary,driver_mutation,LUAD,MGA,463,36,427,C,large,high,0.0777537796976242,e68f36e8abe89b114cc79a3e3e3618146c2295ab282394a3c75feca2a920802b,FALSE,titan-representative-benchmark-v1,FALSE,one lowest salted SHA-256 endpoint per non-empty outcome-family and sample-size-tercile cell; binary cells additionally stratified by minority-class-fraction tercile
binary,driver_mutation,BRCA,MAP2K4,981,30,951,C,large,high,0.0305810397553517,e6eb697dfb2f840491f6da1156933a97aafc7647747a8069b87c45d094b8dbfb,FALSE,titan-representative-benchmark-v1,FALSE,one lowest salted SHA-256 endpoint per non-empty outcome-family and sample-size-tercile cell; binary cells additionally stratified by minority-class-fraction tercile
binary,driver_mutation,UCEC,RB1,487,53,434,C,large,high,0.108829568788501,e94b3419a39613bb3bf275cb9fa9c8690e31145b70bfe27d7ac2b3b7597e638a,FALSE,titan-representative-benchmark-v1,FALSE,one lowest salted SHA-256 endpoint per non-empty outcome-family and sample-size-tercile cell; binary cells additionally stratified by minority-class-fraction tercile
binary,driver_mutation,LUSC,NF1,461,49,412,C,large,high,0.106290672451193,eab4b7d0114dd5ba8a4cc95813d5b24e95a960b386c2e695e77a7e1ae4ef6703,FALSE,titan-representative-benchmark-v1,FALSE,one lowest salted SHA-256 endpoint per non-empty outcome-family and sample-size-tercile cell; binary cells additionally stratified by minority-class-fraction tercile
binary,driver_mutation,LGG,IDH2,485,20,465,C,large,high,0.0412371134020619,eb02e0150ff0177ded66cda3e8ab6526aaa93544079425f72c5cd49001959184,FALSE,titan-representative-benchmark-v1,FALSE,one lowest salted SHA-256 endpoint per non-empty outcome-family and sample-size-tercile cell; binary cells additionally stratified by minority-class-fraction tercile
binary,driver_mutation,BRCA,RB1,981,20,961,C,large,high,0.0203873598369011,f25df3eb0665fbdfa6eff651426e9fcc5cdb6ba983145a2bde500c856ee82f9b,FALSE,titan-representative-benchmark-v1,FALSE,one lowest salted SHA-256 endpoint per non-empty outcome-family and sample-size-tercile cell; binary cells additionally stratified by minority-class-fraction tercile
binary,driver_mutation,LGG,PTEN,485,23,462,B,large,high,0.0474226804123711,f53f6344c3aa600b25a8f25c99ecb2ead71cef6dc56b114a0e77decf21492479,FALSE,titan-representative-benchmark-v1,FALSE,one lowest salted SHA-256 endpoint per non-empty outcome-family and sample-size-tercile cell; binary cells additionally stratified by minority-class-fraction tercile
binary,driver_mutation,LUSC,CUL3,461,25,436,C,large,high,0.0542299349240781,f6dcd950f6cb3f763d78022c758946b25defc295fe78265f809de555c01480cb,FALSE,titan-representative-benchmark-v1,FALSE,one lowest salted SHA-256 endpoint per non-empty outcome-family and sample-size-tercile cell; binary cells additionally stratified by minority-class-fraction tercile
binary,driver_mutation,LGG,FUBP1,485,44,441,B,large,high,0.0907216494845361,fb25531102ac77857ee84968fcb93d1222089a9c621245dfd0867119ac1fdbc0,FALSE,titan-representative-benchmark-v1,FALSE,one lowest salted SHA-256 endpoint per non-empty outcome-family and sample-size-tercile cell; binary cells additionally stratified by minority-class-fraction tercile
binary,driver_mutation,LUAD,KRAS,463,140,323,C,large,low,0.302375809935205,0dc01cc67fdc34c6cbddd5e89eda459a02034634d082298e30cf4d3b3c61c579,TRUE,titan-representative-benchmark-v1,FALSE,one lowest salted SHA-256 endpoint per non-empty outcome-family and sample-size-tercile cell; binary cells additionally stratified by minority-class-fraction tercile
binary,driver_mutation,LUAD,TP53,463,234,229,B,large,low,0.494600431965443,208b3e9a440833976552d7a81689d9f5453c79fb40b0c3834cd5bf3679a0d191,FALSE,titan-representative-benchmark-v1,FALSE,one lowest salted SHA-256 endpoint per non-empty outcome-family and sample-size-tercile cell; binary cells additionally stratified by minority-class-fraction tercile
binary,driver_mutation,UCEC,TP53,487,155,332,A,large,low,0.318275154004107,2ade073e7fe0957e9e32e2f30c8cda362674c712df43adf60eb5121419ed86f5,FALSE,titan-representative-benchmark-v1,FALSE,one lowest salted SHA-256 endpoint per non-empty outcome-family and sample-size-tercile cell; binary cells additionally stratified by minority-class-fraction tercile
binary,driver_mutation,BRCA,TP53,981,259,722,A,large,low,0.26401630988787,3c8395f8972e8e7c77695d23370c50390cc485f93961118f1c163e1d7f113769,FALSE,titan-representative-benchmark-v1,FALSE,one lowest salted SHA-256 endpoint per non-empty outcome-family and sample-size-tercile cell; binary cells additionally stratified by minority-class-fraction tercile
binary,driver_mutation,UCEC,PIK3CA,487,203,284,C,large,low,0.416837782340862,534225631dd2a182cd1597e60e18880dc0e6a8063cec18c7098b0717233d4838,FALSE,titan-representative-benchmark-v1,FALSE,one lowest salted SHA-256 endpoint per non-empty outcome-family and sample-size-tercile cell; binary cells additionally stratified by minority-class-fraction tercile
binary,driver_mutation,LGG,ATRX,485,181,304,A,large,low,0.37319587628866,74e6c7b5ab131fa066cdf75e0d20c07144beb13c467b1219ee5c71030a120ca4,FALSE,titan-representative-benchmark-v1,FALSE,one lowest salted SHA-256 endpoint per non-empty outcome-family and sample-size-tercile cell; binary cells additionally stratified by minority-class-fraction tercile
binary,driver_mutation,UCEC,ARID1A,487,176,311,B,large,low,0.361396303901437,75a1a6cd9a58aaf51a03de0094525639a2524bfa8be91265f1d60da9a54d40b0,FALSE,titan-representative-benchmark-v1,FALSE,one lowest salted SHA-256 endpoint per non-empty outcome-family and sample-size-tercile cell; binary cells additionally stratified by minority-class-fraction tercile
binary,driver_mutation,UCEC,PTEN,487,261,226,A,large,low,0.464065708418891,7dda37381a0f627174604e14af823035ff8b6b91ba98a1646cbb77d16294f60f,FALSE,titan-representative-benchmark-v1,FALSE,one lowest salted SHA-256 endpoint per non-empty outcome-family and sample-size-tercile cell; binary cells additionally stratified by minority-class-fraction tercile
binary,driver_mutation,BRCA,PIK3CA,981,266,715,B,large,low,0.271151885830785,8e46a8b77a671c015bfebc742400db6484921d8355f22921cc9bcd408a783976,FALSE,titan-representative-benchmark-v1,FALSE,one lowest salted SHA-256 endpoint per non-empty outcome-family and sample-size-tercile cell; binary cells additionally stratified by minority-class-fraction tercile
binary,driver_mutation,THCA,BRAF,490,289,201,A,large,low,0.410204081632653,9eb9e588e7bd2e592fd57cd95903a7db3369d47d960e6bbee6c13dcae1c7f28d,FALSE,titan-representative-benchmark-v1,FALSE,one lowest salted SHA-256 endpoint per non-empty outcome-family and sample-size-tercile cell; binary cells additionally stratified by minority-class-fraction tercile
binary,driver_mutation,LGG,TP53,485,232,253,A,large,low,0.478350515463918,e1d6692ed2502c3c7a8f9195988afca05f51cbede150ee64e95a6867e32ada1d,FALSE,titan-representative-benchmark-v1,FALSE,one lowest salted SHA-256 endpoint per non-empty outcome-family and sample-size-tercile cell; binary cells additionally stratified by minority-class-fraction tercile
binary,driver_mutation,UCEC,PIK3R1,487,125,362,C,large,low,0.256673511293634,eba544ffd0f1904cdcd4160adc97f6d8736f2b3992c414e901243a67f72a95f0,FALSE,titan-representative-benchmark-v1,FALSE,one lowest salted SHA-256 endpoint per non-empty outcome-family and sample-size-tercile cell; binary cells additionally stratified by minority-class-fraction tercile
binary,driver_mutation,UCEC,CTCF,487,96,391,C,large,moderate,0.197125256673511,07baaf278d9d454254cf760ba2e81380b1a1bc98268ed02cd514e57de17a3d9f,TRUE,titan-representative-benchmark-v1,FALSE,one lowest salted SHA-256 endpoint per non-empty outcome-family and sample-size-tercile cell; binary cells additionally stratified by minority-class-fraction tercile
binary,driver_mutation,UCEC,ZFHX3,487,96,391,C,large,moderate,0.197125256673511,0fd743157d40c9452747f5e8a5fceeda011c18adbd7f2c3fbfb45afd93287de6,FALSE,titan-representative-benchmark-v1,FALSE,one lowest salted SHA-256 endpoint per non-empty outcome-family and sample-size-tercile cell; binary cells additionally stratified by minority-class-fraction tercile
binary,driver_mutation,LGG,IDH1,485,375,110,A,large,moderate,0.22680412371134,1697c6bade12201e1d316e5ffbafccb2954eef840cb77a412264fc6932fc3e7d,FALSE,titan-representative-benchmark-v1,FALSE,one lowest salted SHA-256 endpoint per non-empty outcome-family and sample-size-tercile cell; binary cells additionally stratified by minority-class-fraction tercile
binary,driver_mutation,UCEC,KANSL1,487,55,432,C,large,moderate,0.112936344969199,1fd23ca145e1420667c007e6d092adfe29be8564e83f7d09730a961d27b514e2,FALSE,titan-representative-benchmark-v1,FALSE,one lowest salted SHA-256 endpoint per non-empty outcome-family and sample-size-tercile cell; binary cells additionally stratified by minority-class-fraction tercile
binary,driver_mutation,LUAD,EGFR,463,59,404,B,large,moderate,0.127429805615551,26e9df4fd6b669978139e6c12fc49af475f69ed591553205f1abfd9da76ced71,FALSE,titan-representative-benchmark-v1,FALSE,one lowest salted SHA-256 endpoint per non-empty outcome-family and sample-size-tercile cell; binary cells additionally stratified by minority-class-fraction tercile
binary,driver_mutation,LUSC,FAT1,461,67,394,C,large,moderate,0.145336225596529,2ba0f8530b18dd9899e6953a4698a36c78485ffe1af05eb499f0d99a9a73eb5a,FALSE,titan-representative-benchmark-v1,FALSE,one lowest salted SHA-256 endpoint per non-empty outcome-family and sample-size-tercile cell; binary cells additionally stratified by minority-class-fraction tercile
binary,driver_mutation,UCEC,KMT2B,487,96,391,C,large,moderate,0.197125256673511,371e27e44982b9d099b8526f1d1fbc4f8f8701962fc72c383313453005c44282,FALSE,titan-representative-benchmark-v1,FALSE,one lowest salted SHA-256 endpoint per non-empty outcome-family and sample-size-tercile cell; binary cells additionally stratified by minority-class-fraction tercile
binary,driver_mutation,LUSC,TP53,461,382,79,C,large,moderate,0.171366594360087,379baf2e51c3c5440e584de59f09e9ce50c2c6a97b8de74f72d1e7a046abaca2,FALSE,titan-representative-benchmark-v1,FALSE,one lowest salted SHA-256 endpoint per non-empty outcome-family and sample-size-tercile cell; binary cells additionally stratified by minority-class-fraction tercile
binary,driver_mutation,LUAD,NF1,463,57,406,C,large,moderate,0.123110151187905,41c700c364c6b186c72fc2dc56454699a94b8b0fbb29d97a6be7c7658b3e5ef4,FALSE,titan-representative-benchmark-v1,FALSE,one lowest salted SHA-256 endpoint per non-empty outcome-family and sample-size-tercile cell; binary cells additionally stratified by minority-class-fraction tercile
binary,driver_mutation,UCEC,CHD3,487,71,416,C,large,moderate,0.145790554414784,47bf6facc85eb123938eeec0d6099ae953c5da5aa3e338b4c179978114effa91,FALSE,titan-representative-benchmark-v1,FALSE,one lowest salted SHA-256 endpoint per non-empty outcome-family and sample-size-tercile cell; binary cells additionally stratified by minority-class-fraction tercile
binary,driver_mutation,UCEC,KRAS,487,81,406,C,large,moderate,0.166324435318275,4ac823a94761387af528da6bfd55d48f1f9d2d4d91662c2de1fda38a7916052f,FALSE,titan-representative-benchmark-v1,FALSE,one lowest salted SHA-256 endpoint per non-empty outcome-family and sample-size-tercile cell; binary cells additionally stratified by minority-class-fraction tercile
binary,driver_mutation,LUAD,STK11,463,67,396,C,large,moderate,0.144708423326134,4d531d55725fab6f9330509299091d5c5ebfcca03487728696f6694858bb22cb,FALSE,titan-representative-benchmark-v1,FALSE,one lowest salted SHA-256 endpoint per non-empty outcome-family and sample-size-tercile cell; binary cells additionally stratified by minority-class-fraction tercile
binary,driver_mutation,LUSC,KMT2D,461,103,358,C,large,moderate,0.223427331887202,528372833f648b07055e6ab0962b4fdbce10e965dfbbf6debabd51759c6bf171,FALSE,titan-representative-benchmark-v1,FALSE,one lowest salted SHA-256 endpoint per non-empty outcome-family and sample-size-tercile cell; binary cells additionally stratified by minority-class-fraction tercile
binary,driver_mutation,UCEC,TAF1,487,81,406,C,large,moderate,0.166324435318275,544f4b9ecec94bd90aa5b54ea0a64e3a13b95b0bdc70a150437f150a5ec61960,FALSE,titan-representative-benchmark-v1,FALSE,one lowest salted SHA-256 endpoint per non-empty outcome-family and sample-size-tercile cell; binary cells additionally stratified by minority-class-fraction tercile
binary,driver_mutation,UCEC,FAT1,487,82,405,C,large,moderate,0.168377823408624,5cc42b59822a3ce0c8462e4f97c15a3ecec4017266c2d339618f1dc9591a606d,FALSE,titan-representative-benchmark-v1,FALSE,one lowest salted SHA-256 endpoint per non-empty outcome-family and sample-size-tercile cell; binary cells additionally stratified by minority-class-fraction tercile
binary,driver_mutation,UCEC,INPPL1,487,56,431,C,large,moderate,0.114989733059548,6a1324a6d7997281f6989edbee9d7d65b5d36718452bea5aa0411403c2432c25,FALSE,titan-representative-benchmark-v1,FALSE,one lowest salted SHA-256 endpoint per non-empty outcome-family and sample-size-tercile cell; binary cells additionally stratified by minority-class-fraction tercile
binary,driver_mutation,UCEC,KMT2C,487,79,408,C,large,moderate,0.162217659137577,6c6211fcc43a6f0d4d4fc43d95c69b71f9bf58ec0baee691bb15db018504ca12,FALSE,titan-representative-benchmark-v1,FALSE,one lowest salted SHA-256 endpoint per non-empty outcome-family and sample-size-tercile cell; binary cells additionally stratified by minority-class-fraction tercile
binary,driver_mutation,LUSC,PIK3CA,461,54,407,C,large,moderate,0.117136659436009,6e08d69e0b06c75d63458245fb0a27f992d5d4ee29b7aa9df3b2685b83b60bdd,FALSE,titan-representative-benchmark-v1,FALSE,one lowest salted SHA-256 endpoint per non-empty outcome-family and sample-size-tercile cell; binary cells additionally stratified by minority-class-fraction tercile
binary,driver_mutation,UCEC,BCOR,487,70,417,C,large,moderate,0.143737166324435,80609307e9cba16986beda22ae1bfe46445a3105c058df4e5baed5bb2f0b6131,FALSE,titan-representative-benchmark-v1,FALSE,one lowest salted SHA-256 endpoint per non-empty outcome-family and sample-size-tercile cell; binary cells additionally stratified by minority-class-fraction tercile
binary,driver_mutation,UCEC,CTNNB1,487,97,390,C,large,moderate,0.19917864476386,8109b26220e314a341beb76cacf0766ae183090a122158a8545a287c696f2f2f,FALSE,titan-representative-benchmark-v1,FALSE,one lowest salted SHA-256 endpoint per non-empty outcome-family and sample-size-tercile cell; binary cells additionally stratified by minority-class-fraction tercile
binary,driver_mutation,UCEC,EP300,487,56,431,C,large,moderate,0.114989733059548,8346253f5725d1b1fce63d084d4b9cf2871fe1de25344a5c3ec0daf31d41b113,FALSE,titan-representative-benchmark-v1,FALSE,one lowest salted SHA-256 endpoint per non-empty outcome-family and sample-size-tercile cell; binary cells additionally stratified by minority-class-fraction tercile
binary,driver_mutation,LUSC,NFE2L2,461,66,395,C,large,moderate,0.143167028199566,a80e28628f3eb811df8f505dace1d0016bd8928fff2ae9bca990e118e2cd9b33,FALSE,titan-representative-benchmark-v1,FALSE,one lowest salted SHA-256 endpoint per non-empty outcome-family and sample-size-tercile cell; binary cells additionally stratified by minority-class-fraction tercile
binary,driver_mutation,UCEC,PPP2R1A,487,65,422,C,large,moderate,0.13347022587269,aaaf4587fb3d58809e564c7828ffb4f24dedc49a398a7825a97cb310e26c96bc,FALSE,titan-representative-benchmark-v1,FALSE,one lowest salted SHA-256 endpoint per non-empty outcome-family and sample-size-tercile cell; binary cells additionally stratified by minority-class-fraction tercile
binary,driver_mutation,LGG,CIC,485,105,380,A,large,moderate,0.216494845360825,c0f065b442d8a3d0862773579948e6aba0dacd1403579bbe62e25f100df343dc,FALSE,titan-representative-benchmark-v1,FALSE,one lowest salted SHA-256 endpoint per non-empty outcome-family and sample-size-tercile cell; binary cells additionally stratified by minority-class-fraction tercile
binary,driver_mutation,UCEC,ARHGAP35,487,82,405,C,large,moderate,0.168377823408624,c0f9d0fc4f28c028f0405105d4aaf7e68b132bec10ad8bb720421817c5f1a1bb,FALSE,titan-representative-benchmark-v1,FALSE,one lowest salted SHA-256 endpoint per non-empty outcome-family and sample-size-tercile cell; binary cells additionally stratified by minority-class-fraction tercile
binary,driver_mutation,UCEC,CHD4,487,94,393,C,large,moderate,0.193018480492813,cbbce6cbf883c935900b370e45fb349b74103220a9ff3ea83c4c9f6704595d5c,FALSE,titan-representative-benchmark-v1,FALSE,one lowest salted SHA-256 endpoint per non-empty outcome-family and sample-size-tercile cell; binary cells additionally stratified by minority-class-fraction tercile
binary,driver_mutation,UCEC,SCAF4,487,55,432,C,large,moderate,0.112936344969199,d4c4702ff8d729b78741048df2dc71810d7e663e02691b8b21b22b8e17f38abe,FALSE,titan-representative-benchmark-v1,FALSE,one lowest salted SHA-256 endpoint per non-empty outcome-family and sample-size-tercile cell; binary cells additionally stratified by minority-class-fraction tercile
binary,driver_mutation,LUSC,CDKN2A,461,68,393,C,large,moderate,0.147505422993492,d640d7bdce2f1bca097723e1e4804e8a614fa5baa252318e4c0a5c7a9f9a3f83,FALSE,titan-representative-benchmark-v1,FALSE,one lowest salted SHA-256 endpoint per non-empty outcome-family and sample-size-tercile cell; binary cells additionally stratified by minority-class-fraction tercile
binary,driver_mutation,UCEC,FGFR2,487,59,428,C,large,moderate,0.121149897330596,dd60b24ef28218ab57e972535c958da95e521d70736e5b7608f809ae1d8845a2,FALSE,titan-representative-benchmark-v1,FALSE,one lowest salted SHA-256 endpoint per non-empty outcome-family and sample-size-tercile cell; binary cells additionally stratified by minority-class-fraction tercile
binary,driver_mutation,UCEC,ATM,487,74,413,C,large,moderate,0.151950718685832,ed276f4b631ba386345ebdb8157549265c9aab7fa2c415a4c8816219eb2d490e,FALSE,titan-representative-benchmark-v1,FALSE,one lowest salted SHA-256 endpoint per non-empty outcome-family and sample-size-tercile cell; binary cells additionally stratified by minority-class-fraction tercile
binary,driver_mutation,UCEC,FBXW7,487,81,406,C,large,moderate,0.166324435318275,f25ed16fc500a583057477d1dc1adb7c16266b5d731249b1a1f958b7b81d0116,FALSE,titan-representative-benchmark-v1,FALSE,one lowest salted SHA-256 endpoint per non-empty outcome-family and sample-size-tercile cell; binary cells additionally stratified by minority-class-fraction tercile
binary,driver_mutation,LUAD,KEAP1,463,83,380,C,large,moderate,0.1792656587473,fb44a9a7ed687fa1a23ad74c1940fe8861bf4fdf61feef7296b9f3872b6996c3,FALSE,titan-representative-benchmark-v1,FALSE,one lowest salted SHA-256 endpoint per non-empty outcome-family and sample-size-tercile cell; binary cells additionally stratified by minority-class-fraction tercile
binary,driver_mutation,HNSC,AJUBA,431,28,403,C,medium,high,0.0649651972157773,0594c366c4035ae17139582c45d0257af98ac8b405da5584957afd3dcb3e2eea,TRUE,titan-representative-benchmark-v1,FALSE,one lowest salted SHA-256 endpoint per non-empty outcome-family and sample-size-tercile cell; binary cells additionally stratified by minority-class-fraction tercile
binary,driver_mutation,HNSC,NFE2L2,431,26,405,C,medium,high,0.0603248259860789,086bc89b56a28d3c400fb3204a9bdabdfbe1adb1b790221b6644ce8b4075e742,FALSE,titan-representative-benchmark-v1,FALSE,one lowest salted SHA-256 endpoint per non-empty outcome-family and sample-size-tercile cell; binary cells additionally stratified by minority-class-fraction tercile
binary,driver_mutation,HNSC,TGFBR2,431,21,410,C,medium,high,0.0487238979118329,0b3594f88266861be252fabc952d901f54da4d953757dd2ea7f7d57ee796e7be,FALSE,titan-representative-benchmark-v1,FALSE,one lowest salted SHA-256 endpoint per non-empty outcome-family and sample-size-tercile cell; binary cells additionally stratified by minority-class-fraction tercile
binary,driver_mutation,STAD,RNF43,371,30,341,C,medium,high,0.0808625336927224,1270040f278ca2932b9e61a9c1f9e2731e37f59363e1250f530599eb0a4d6885,FALSE,titan-representative-benchmark-v1,FALSE,one lowest salted SHA-256 endpoint per non-empty outcome-family and sample-size-tercile cell; binary cells additionally stratified by minority-class-fraction tercile
binary,driver_mutation,PRAD,FOXA1,399,25,374,C,medium,high,0.06265664160401,14647f73322e6eafe25cbaa18f6890fecdd02a8654d5b8e6d291e2ce3dc4a23e,FALSE,titan-representative-benchmark-v1,FALSE,one lowest salted SHA-256 endpoint per non-empty outcome-family and sample-size-tercile cell; binary cells additionally stratified by minority-class-fraction tercile
binary,driver_mutation,COAD,ACVR2A,382,21,361,C,medium,high,0.0549738219895288,22beeaf9c0b6212874915311fdc8fb6033cdd95de9eaf3639fc71d73bce74400,FALSE,titan-representative-benchmark-v1,FALSE,one lowest salted SHA-256 endpoint per non-empty outcome-family and sample-size-tercile cell; binary cells additionally stratified by minority-class-fraction tercile
binary,driver_mutation,COAD,FBXW7,382,43,339,C,medium,high,0.112565445026178,236662b1505e501477501e66873c7ac2344efc91b824b01c59fe5227625492d4,FALSE,titan-representative-benchmark-v1,FALSE,one lowest salted SHA-256 endpoint per non-empty outcome-family and sample-size-tercile cell; binary cells additionally stratified by minority-class-fraction tercile
binary,driver_mutation,STAD,FBXW7,371,29,342,C,medium,high,0.078167115902965,2ac907c0a7a94989010798e1388c63a86389240f52da515b5d5f5259b3af964c,FALSE,titan-representative-benchmark-v1,FALSE,one lowest salted SHA-256 endpoint per non-empty outcome-family and sample-size-tercile cell; binary cells additionally stratified by minority-class-fraction tercile
binary,driver_mutation,STAD,CDH1,371,36,335,C,medium,high,0.0970350404312669,2f3affe5ff11e8768ab2c319da83f993f05ab62e8d74f5943103e2c937006559,FALSE,titan-representative-benchmark-v1,FALSE,one lowest salted SHA-256 endpoint per non-empty outcome-family and sample-size-tercile cell; binary cells additionally stratified by minority-class-fraction tercile
binary,driver_mutation,COAD,ARID1A,382,34,348,C,medium,high,0.0890052356020942,32d39c97adac1281d5966ae3422daa81efa68636731231dd9ba7609557ae9cc2,FALSE,titan-representative-benchmark-v1,FALSE,one lowest salted SHA-256 endpoint per non-empty outcome-family and sample-size-tercile cell; binary cells additionally stratified by minority-class-fraction tercile
binary,driver_mutation,BLCA,ERBB3,384,40,344,C,medium,high,0.104166666666667,33d9ffddc0e5d1138c538dd079b2f6c09300cadbef40573c3747e27b3b6caeb3,FALSE,titan-representative-benchmark-v1,FALSE,one lowest salted SHA-256 endpoint per non-empty outcome-family and sample-size-tercile cell; binary cells additionally stratified by minority-class-fraction tercile
binary,driver_mutation,BLCA,TSC1,384,34,350,C,medium,high,0.0885416666666667,346c53a085c3ec2810503b5e1113b594b311d9b72ba4fcba8100806b64856089,FALSE,titan-representative-benchmark-v1,FALSE,one lowest salted SHA-256 endpoint per non-empty outcome-family and sample-size-tercile cell; binary cells additionally stratified by minority-class-fraction tercile
binary,driver_mutation,PRAD,KMT2D,399,21,378,C,medium,high,0.0526315789473684,3b9605638f3f17fa854b949af3da57de6cf0a474fc89e7df5e9167ac17420a78,FALSE,titan-representative-benchmark-v1,FALSE,one lowest salted SHA-256 endpoint per non-empty outcome-family and sample-size-tercile cell; binary cells additionally stratified by minority-class-fraction tercile
binary,driver_mutation,STAD,BCOR,371,30,341,C,medium,high,0.0808625336927224,3f40fd4f3ae69d4c7fb9af1e4fab6659d93cba34db44265c7f167bf19390b8bf,FALSE,titan-representative-benchmark-v1,FALSE,one lowest salted SHA-256 endpoint per non-empty outcome-family and sample-size-tercile cell; binary cells additionally stratified by minority-class-fraction tercile
binary,driver_mutation,BLCA,FBXW7,384,30,354,C,medium,high,0.078125,3fc95a3c1a61b6ab509e4b708cbc3e0d258939da39ec68262a10dcf736fb1b53,FALSE,titan-representative-benchmark-v1,FALSE,one lowest salted SHA-256 endpoint per non-empty outcome-family and sample-size-tercile cell; binary cells additionally stratified by minority-class-fraction tercile
binary,driver_mutation,STAD,APC,371,37,334,C,medium,high,0.0997304582210243,430c54349ff2bfb2ae55f3be20bc9afc4e58d30a64bac4ba96bdb758d1c73f40,FALSE,titan-representative-benchmark-v1,FALSE,one lowest salted SHA-256 endpoint per non-empty outcome-family and sample-size-tercile cell; binary cells additionally stratified by minority-class-fraction tercile
binary,driver_mutation,HNSC,FBXW7,431,28,403,C,medium,high,0.0649651972157773,467144022af93ff1200a4315a921544ab42b28be42a05ded4902ab835831ca54,FALSE,titan-representative-benchmark-v1,FALSE,one lowest salted SHA-256 endpoint per non-empty outcome-family and sample-size-tercile cell; binary cells additionally stratified by minority-class-fraction tercile
binary,driver_mutation,STAD,SMAD4,371,26,345,C,medium,high,0.0700808625336927,4d840208767c8342590ba8d2c3d96ea59496fca47670f8d6df12676538953551,FALSE,titan-representative-benchmark-v1,FALSE,one lowest salted SHA-256 endpoint per non-empty outcome-family and sample-size-tercile cell; binary cells additionally stratified by minority-class-fraction tercile
binary,driver_mutation,BLCA,RHOB,384,24,360,C,medium,high,0.0625,5124ae2751b82cd5a1a1ef39a3ac795fda28aeb9d59bc3a80b7f0c8ec7f195cf,FALSE,titan-representative-benchmark-v1,FALSE,one lowest salted SHA-256 endpoint per non-empty outcome-family and sample-size-tercile cell; binary cells additionally stratified by minority-class-fraction tercile
binary,driver_mutation,STAD,RHOA,371,20,351,C,medium,high,0.0539083557951483,522512a440c1b79f54714fec35f1b27a8df58baf3d5c01d94b7ff9a9f2f94da0,FALSE,titan-representative-benchmark-v1,FALSE,one lowest salted SHA-256 endpoint per non-empty outcome-family and sample-size-tercile cell; binary cells additionally stratified by minority-class-fraction tercile
binary,driver_mutation,BLCA,CDKN2A,384,24,360,C,medium,high,0.0625,5498141242da7d3a23cd8f9042f8750606c095abf74520525b5f68d459a45ec7,FALSE,titan-representative-benchmark-v1,FALSE,one lowest salted SHA-256 endpoint per non-empty outcome-family and sample-size-tercile cell; binary cells additionally stratified by minority-class-fraction tercile
binary,driver_mutation,BLCA,KLF5,384,21,363,C,medium,high,0.0546875,55f9496a2aa91ded04be43d51db62b702250be76e5c7bd57eb112b1d1ff471ad,FALSE,titan-representative-benchmark-v1,FALSE,one lowest salted SHA-256 endpoint per non-empty outcome-family and sample-size-tercile cell; binary cells additionally stratified by minority-class-fraction tercile
binary,driver_mutation,BLCA,ZFP36L1,384,25,359,C,medium,high,0.0651041666666667,620599f144175908fdfc16ee9979b9a2ee80a2c16163d7e063f29e903d58771a,FALSE,titan-representative-benchmark-v1,FALSE,one lowest salted SHA-256 endpoint per non-empty outcome-family and sample-size-tercile cell; binary cells additionally stratified by minority-class-fraction tercile
binary,driver_mutation,HNSC,CASP8,431,47,384,C,medium,high,0.109048723897912,64fea851f87d6ce5dd366177bb38d42b77c3159173dcaaebe7a217179c975197,FALSE,titan-representative-benchmark-v1,FALSE,one lowest salted SHA-256 endpoint per non-empty outcome-family and sample-size-tercile cell; binary cells additionally stratified by minority-class-fraction tercile
binary,driver_mutation,BLCA,CDKN1A,384,37,347,C,medium,high,0.0963541666666667,679d9647708d1a6e9973342b4fffe6690c9a0d8ffce55d55c6b093a7411b215d,FALSE,titan-representative-benchmark-v1,FALSE,one lowest salted SHA-256 endpoint per non-empty outcome-family and sample-size-tercile cell; binary cells additionally stratified by minority-class-fraction tercile
binary,driver_mutation,BLCA,ASXL2,384,35,349,C,medium,high,0.0911458333333333,6ff589680d2e217d02dd663faa6b472a33fcdf3618d0b841eacfe002956b2e54,FALSE,titan-representative-benchmark-v1,FALSE,one lowest salted SHA-256 endpoint per non-empty outcome-family and sample-size-tercile cell; binary cells additionally stratified by minority-class-fraction tercile
binary,driver_mutation,COAD,SMAD4,382,36,346,C,medium,high,0.0942408376963351,700bbdad0ae71c9ab6bd316b5be3068474c4ee223b156fc77feff0e65999731c,FALSE,titan-representative-benchmark-v1,FALSE,one lowest salted SHA-256 endpoint per non-empty outcome-family and sample-size-tercile cell; binary cells additionally stratified by minority-class-fraction tercile
binary,driver_mutation,HNSC,HUWE1,431,40,391,C,medium,high,0.0928074245939675,71ecc9635dfd0380748a8408452fed3c9b084d4c3288fb339ffa4afffd62fc8c,FALSE,titan-representative-benchmark-v1,FALSE,one lowest salted SHA-256 endpoint per non-empty outcome-family and sample-size-tercile cell; binary cells additionally stratified by minority-class-fraction tercile
binary,driver_mutation,COAD,TCF7L2,382,32,350,C,medium,high,0.0837696335078534,7e2d545cb196428b4b9175fc7332fa4d2f26728818f6f86fc980a8ffc6fa7c30,FALSE,titan-representative-benchmark-v1,FALSE,one lowest salted SHA-256 endpoint per non-empty outcome-family and sample-size-tercile cell; binary cells additionally stratified by minority-class-fraction tercile
binary,driver_mutation,HNSC,HLA-B,431,20,411,C,medium,high,0.0464037122969838,836df6cbaadd7e68a73d6e1930b7b203dd593b2d6e2687de4bd67630567cb950,FALSE,titan-representative-benchmark-v1,FALSE,one lowest salted SHA-256 endpoint per non-empty outcome-family and sample-size-tercile cell; binary cells additionally stratified by minority-class-fraction tercile
binary,driver_mutation,COAD,SOX9,382,42,340,C,medium,high,0.109947643979058,8aad701b0962458735b9fbae9f2f5e3bf7fe1bc17987a69f990e1fb0191757e3,FALSE,titan-representative-benchmark-v1,FALSE,one lowest salted SHA-256 endpoint per non-empty outcome-family and sample-size-tercile cell; binary cells additionally stratified by minority-class-fraction tercile
binary,driver_mutation,STAD,RASA1,371,21,350,C,medium,high,0.0566037735849057,8f8dcf36fc4e8ec9d4fd02c9345b19e741fe74e602a523436dacf2aea192e9fa,FALSE,titan-representative-benchmark-v1,FALSE,one lowest salted SHA-256 endpoint per non-empty outcome-family and sample-size-tercile cell; binary cells additionally stratified by minority-class-fraction tercile
binary,driver_mutation,STAD,PTEN,371,24,347,C,medium,high,0.0646900269541779,9b6e4d20e2051e761485e7a145a7e7b49239394e3b430f5dc81b7eee639236f9,FALSE,titan-representative-benchmark-v1,FALSE,one lowest salted SHA-256 endpoint per non-empty outcome-family and sample-size-tercile cell; binary cells additionally stratified by minority-class-fraction tercile
binary,driver_mutation,BLCA,NFE2L2,384,24,360,C,medium,high,0.0625,a218437faf03bc1d4e292d830b7d9074fb3ef2fd80e565242cd5ee8390f3b41c,FALSE,titan-representative-benchmark-v1,FALSE,one lowest salted SHA-256 endpoint per non-empty outcome-family and sample-size-tercile cell; binary cells additionally stratified by minority-class-fraction tercile
binary,driver_mutation,STAD,KRAS,371,30,341,C,medium,high,0.0808625336927224,ac2c1c29543137757e2aac846c8203f9147a5b1975a05a9e778fd172eced17b0,FALSE,titan-representative-benchmark-v1,FALSE,one lowest salted SHA-256 endpoint per non-empty outcome-family and sample-size-tercile cell; binary cells additionally stratified by minority-class-fraction tercile
binary,driver_mutation,BLCA,ERCC2,384,35,349,C,medium,high,0.0911458333333333,bc3a1424689134a13f12ae17da5921e460ec7d14abbe20bdad8be20f0f0b3c77,FALSE,titan-representative-benchmark-v1,FALSE,one lowest salted SHA-256 endpoint per non-empty outcome-family and sample-size-tercile cell; binary cells additionally stratified by minority-class-fraction tercile
binary,driver_mutation,BLCA,KANSL1,384,24,360,C,medium,high,0.0625,bec57e7e370921b47be2e4f98d37b9cdbc90e12c676398afadfeaecf2f20f222,FALSE,titan-representative-benchmark-v1,FALSE,one lowest salted SHA-256 endpoint per non-empty outcome-family and sample-size-tercile cell; binary cells additionally stratified by minority-class-fraction tercile
binary,driver_mutation,HNSC,HRAS,431,27,404,C,medium,high,0.0626450116009281,bf58734f7a2b3669f47f77d8f38fff68b7c1de296b45a7896d9626068072dcd3,FALSE,titan-representative-benchmark-v1,FALSE,one lowest salted SHA-256 endpoint per non-empty outcome-family and sample-size-tercile cell; binary cells additionally stratified by minority-class-fraction tercile
binary,driver_mutation,BLCA,RXRA,384,21,363,C,medium,high,0.0546875,c58115df067a67222f2024eac9ab9afe608d6b9ce4517e1fe7b9bc4e20edd790,FALSE,titan-representative-benchmark-v1,FALSE,one lowest salted SHA-256 endpoint per non-empty outcome-family and sample-size-tercile cell; binary cells additionally stratified by minority-class-fraction tercile
binary,driver_mutation,HNSC,EPHA2,431,23,408,C,medium,high,0.0533642691415313,c74101f722758fd39b96ecfeef83cedbf887dfb93f261a05901fcb47e74aeb26,FALSE,titan-representative-benchmark-v1,FALSE,one lowest salted SHA-256 endpoint per non-empty outcome-family and sample-size-tercile cell; binary cells additionally stratified by minority-class-fraction tercile
binary,driver_mutation,BLCA,SF3B1,384,22,362,C,medium,high,0.0572916666666667,c7744d13133cd18955be1913e4f14fdd6c351a6ae995e49f6b6fd3296b74146d,FALSE,titan-representative-benchmark-v1,FALSE,one lowest salted SHA-256 endpoint per non-empty outcome-family and sample-size-tercile cell; binary cells additionally stratified by minority-class-fraction tercile
binary,driver_mutation,PRAD,SPOP,399,42,357,C,medium,high,0.105263157894737,c89210c568fbf270be448b246b90315532e4f466c29b5e7572186deda63722cf,FALSE,titan-representative-benchmark-v1,FALSE,one lowest salted SHA-256 endpoint per non-empty outcome-family and sample-size-tercile cell; binary cells additionally stratified by minority-class-fraction tercile
binary,driver_mutation,STAD,ARID2,371,24,347,C,medium,high,0.0646900269541779,d3e1d4635a0ea6fe8588c053079068aef08ebea5e1e8d60dda3d49193e9c27d0,FALSE,titan-representative-benchmark-v1,FALSE,one lowest salted SHA-256 endpoint per non-empty outcome-family and sample-size-tercile cell; binary cells additionally stratified by minority-class-fraction tercile
binary,driver_mutation,HNSC,EP300,431,30,401,C,medium,high,0.0696055684454756,d3ef79a82de4064ac9feb571a59842b45a3a7b93953856c3881fa51ffb310d15,FALSE,titan-representative-benchmark-v1,FALSE,one lowest salted SHA-256 endpoint per non-empty outcome-family and sample-size-tercile cell; binary cells additionally stratified by minority-class-fraction tercile
binary,driver_mutation,HNSC,KEAP1,431,20,411,C,medium,high,0.0464037122969838,ed518a3e089e21af57ed25ce46c95b2344ed790607e5d9bbdc4177a2c1c660b5,FALSE,titan-representative-benchmark-v1,FALSE,one lowest salted SHA-256 endpoint per non-empty outcome-family and sample-size-tercile cell; binary cells additionally stratified by minority-class-fraction tercile
binary,driver_mutation,STAD,CTNNB1,371,22,349,C,medium,high,0.0592991913746631,f21efefc5fc2dd6367a666264adbcef88a6508e0ff53641b4e474e7ea529fb76,FALSE,titan-representative-benchmark-v1,FALSE,one lowest salted SHA-256 endpoint per non-empty outcome-family and sample-size-tercile cell; binary cells additionally stratified by minority-class-fraction tercile
binary,driver_mutation,COAD,CTNNB1,382,21,361,C,medium,high,0.0549738219895288,f5412c689cf7960417d87b00f4ac639f15a5894952be1adae13159da0ed6b3c7,FALSE,titan-representative-benchmark-v1,FALSE,one lowest salted SHA-256 endpoint per non-empty outcome-family and sample-size-tercile cell; binary cells additionally stratified by minority-class-fraction tercile
binary,driver_mutation,COAD,AMER1,382,37,345,C,medium,high,0.0968586387434555,f6d9e5a5d0192f062fdb2f9be244d8c8b469a42be5aa3f979a8157a6d67b34b3,FALSE,titan-representative-benchmark-v1,FALSE,one lowest salted SHA-256 endpoint per non-empty outcome-family and sample-size-tercile cell; binary cells additionally stratified by minority-class-fraction tercile
binary,driver_mutation,STAD,MUC6,371,39,332,C,medium,high,0.105121293800539,fe25b9f491c1b9c60357e161e2f61e597a918ddf7a387778068452ece5923756,FALSE,titan-representative-benchmark-v1,FALSE,one lowest salted SHA-256 endpoint per non-empty outcome-family and sample-size-tercile cell; binary cells additionally stratified by minority-class-fraction tercile
binary,driver_mutation,BLCA,TP53,384,185,199,B,medium,low,0.481770833333333,17ec8acaa7a2de7aa6fddee60c9995fe48f2407841d3a68767ff10be4333a541,TRUE,titan-representative-benchmark-v1,FALSE,one lowest salted SHA-256 endpoint per non-empty outcome-family and sample-size-tercile cell; binary cells additionally stratified by minority-class-fraction tercile
binary,driver_mutation,BLCA,ARID1A,384,98,286,C,medium,low,0.255208333333333,2b84bd75f9aec89b6533c18d1f4330b2ab1ac875ee9e361d5b96e20f19431825,FALSE,titan-representative-benchmark-v1,FALSE,one lowest salted SHA-256 endpoint per non-empty outcome-family and sample-size-tercile cell; binary cells additionally stratified by minority-class-fraction tercile
binary,driver_mutation,HNSC,TP53,431,320,111,B,medium,low,0.25754060324826,4957ae9f56152b5b9f0a76e1094a544ec4e3b0869c08b657161d66e72546e576,FALSE,titan-representative-benchmark-v1,FALSE,one lowest salted SHA-256 endpoint per non-empty outcome-family and sample-size-tercile cell; binary cells additionally stratified by minority-class-fraction tercile
binary,driver_mutation,COAD,TP53,382,161,221,A,medium,low,0.421465968586387,687f3795b0deb83ae7605b859650ea7db1afdca8a74e852275415a2dcffa5faf,FALSE,titan-representative-benchmark-v1,FALSE,one lowest salted SHA-256 endpoint per non-empty outcome-family and sample-size-tercile cell; binary cells additionally stratified by minority-class-fraction tercile
binary,driver_mutation,COAD,KRAS,382,126,256,B,medium,low,0.329842931937173,6ed01b136d98d7da3f834da8ff3e97f8dc995e1a2e4f189ef7acebe5f7617ae5,FALSE,titan-representative-benchmark-v1,FALSE,one lowest salted SHA-256 endpoint per non-empty outcome-family and sample-size-tercile cell; binary cells additionally stratified by minority-class-fraction tercile
binary,driver_mutation,BLCA,KMT2D,384,110,274,C,medium,low,0.286458333333333,81abcb51de5e789f1a4844f3b3024a6f8dc2ed8faa978cab7b87ee89e9a96eea,FALSE,titan-representative-benchmark-v1,FALSE,one lowest salted SHA-256 endpoint per non-empty outcome-family and sample-size-tercile cell; binary cells additionally stratified by minority-class-fraction tercile
binary,driver_mutation,STAD,TP53,371,179,192,B,medium,low,0.482479784366577,ab46355230abcfc044d4705507302e0128ace670cfde9ccb4d3d9dc8e251ed08,FALSE,titan-representative-benchmark-v1,FALSE,one lowest salted SHA-256 endpoint per non-empty outcome-family and sample-size-tercile cell; binary cells additionally stratified by minority-class-fraction tercile
binary,driver_mutation,COAD,APC,382,196,186,A,medium,low,0.486910994764398,dab81cc07fb86ea6be845e689f73d2dd18d07ef0684f1c8fabc0efebd695cd51,FALSE,titan-representative-benchmark-v1,FALSE,one lowest salted SHA-256 endpoint per non-empty outcome-family and sample-size-tercile cell; binary cells additionally stratified by minority-class-fraction tercile
binary,driver_mutation,STAD,DMD,371,48,323,C,medium,moderate,0.129380053908356,197568b12fc089c6d1df7b42f6cf6a90c20c3a0842b45b3602d41ad0f9ba43c1,TRUE,titan-representative-benchmark-v1,FALSE,one lowest salted SHA-256 endpoint per non-empty outcome-family and sample-size-tercile cell; binary cells additionally stratified by minority-class-fraction tercile
binary,driver_mutation,BLCA,FGFR3,384,54,330,A,medium,moderate,0.140625,1b09616b9ddd319544a7f2e242dbbdba965f0fc40558515488f67e459e31478b,FALSE,titan-representative-benchmark-v1,FALSE,one lowest salted SHA-256 endpoint per non-empty outcome-family and sample-size-tercile cell; binary cells additionally stratified by minority-class-fraction tercile
binary,driver_mutation,BLCA,STAG2,384,53,331,C,medium,moderate,0.138020833333333,348f0f48a85cf5323c2dd4980fe6a5f64f1ed3cc1c98b0a373e16ba02dc794bc,FALSE,titan-representative-benchmark-v1,FALSE,one lowest salted SHA-256 endpoint per non-empty outcome-family and sample-size-tercile cell; binary cells additionally stratified by minority-class-fraction tercile
binary,driver_mutation,HNSC,FAT1,431,96,335,C,medium,moderate,0.222737819025522,3a5ce0422e62b66ad9c49f628170bac88c158f07c645927f9ade9d31d2cd9a5e,FALSE,titan-representative-benchmark-v1,FALSE,one lowest salted SHA-256 endpoint per non-empty outcome-family and sample-size-tercile cell; binary cells additionally stratified by minority-class-fraction tercile
binary,driver_mutation,BLCA,ELF3,384,46,338,C,medium,moderate,0.119791666666667,51442e9a9fe97143272da5b21881e5f7334d744d53037a4eb1ce94e248117adb,FALSE,titan-representative-benchmark-v1,FALSE,one lowest salted SHA-256 endpoint per non-empty outcome-family and sample-size-tercile cell; binary cells additionally stratified by minority-class-fraction tercile
binary,driver_mutation,BLCA,KMT2C,384,71,313,C,medium,moderate,0.184895833333333,594fc3d03262c4667b46b1ad232627770390e2fc9972f06665331e29a196a8ee,FALSE,titan-representative-benchmark-v1,FALSE,one lowest salted SHA-256 endpoint per non-empty outcome-family and sample-size-tercile cell; binary cells additionally stratified by minority-class-fraction tercile
binary,driver_mutation,BLCA,KDM6A,384,96,288,C,medium,moderate,0.25,757d004497f7348c93bd7c297a514e2d070136548f20fd1deab685489f74eceb,FALSE,titan-representative-benchmark-v1,FALSE,one lowest salted SHA-256 endpoint per non-empty outcome-family and sample-size-tercile cell; binary cells additionally stratified by minority-class-fraction tercile
binary,driver_mutation,BLCA,CREBBP,384,48,336,C,medium,moderate,0.125,79b58600cefe7ce7405646160543afe4a55c1e9228dca0e8272ea0da86919b97,FALSE,titan-representative-benchmark-v1,FALSE,one lowest salted SHA-256 endpoint per non-empty outcome-family and sample-size-tercile cell; binary cells additionally stratified by minority-class-fraction tercile
binary,driver_mutation,HNSC,PIK3CA,431,74,357,C,medium,moderate,0.17169373549884,7d081c1a29ee426013aaae238df534e7309efabaaf3475fb92d571713200f90f,FALSE,titan-representative-benchmark-v1,FALSE,one lowest salted SHA-256 endpoint per non-empty outcome-family and sample-size-tercile cell; binary cells additionally stratified by minority-class-fraction tercile
binary,driver_mutation,BLCA,PIK3CA,384,82,302,B,medium,moderate,0.213541666666667,7d5894b38b7f238fb5f6898af0f89a5015ccbadd4a8a66ec6410f2a45d1b21ca,FALSE,titan-representative-benchmark-v1,FALSE,one lowest salted SHA-256 endpoint per non-empty outcome-family and sample-size-tercile cell; binary cells additionally stratified by minority-class-fraction tercile
binary,driver_mutation,HNSC,NSD1,431,51,380,B,medium,moderate,0.118329466357309,7ef8ab2772a7ec7d59bf10901dc06dcf7a1881dffa94e44201159275887a45bc,FALSE,titan-representative-benchmark-v1,FALSE,one lowest salted SHA-256 endpoint per non-empty outcome-family and sample-size-tercile cell; binary cells additionally stratified by minority-class-fraction tercile
binary,driver_mutation,STAD,PIK3CA,371,58,313,B,medium,moderate,0.15633423180593,871b2182e3d0242eac15c15f17a34fe210290398b4ee1d55b1dcaf8fffe67ef7,FALSE,titan-representative-benchmark-v1,FALSE,one lowest salted SHA-256 endpoint per non-empty outcome-family and sample-size-tercile cell; binary cells additionally stratified by minority-class-fraction tercile
binary,driver_mutation,COAD,PIK3CA,382,83,299,C,medium,moderate,0.217277486910995,8d8b065e972852c473d03e7afeb68b45d180193e7636537e2081b63a84af481d,FALSE,titan-representative-benchmark-v1,FALSE,one lowest salted SHA-256 endpoint per non-empty outcome-family and sample-size-tercile cell; binary cells additionally stratified by minority-class-fraction tercile
binary,driver_mutation,BLCA,SPTAN1,384,45,339,C,medium,moderate,0.1171875,907362d3d6e674bbe0b798896a126d94fd8ec9b03b2eee57a82e62df1edb2791,FALSE,titan-representative-benchmark-v1,FALSE,one lowest salted SHA-256 endpoint per non-empty outcome-family and sample-size-tercile cell; binary cells additionally stratified by minority-class-fraction tercile
binary,driver_mutation,HNSC,CDKN2A,431,92,339,C,medium,moderate,0.213457076566125,99d6178ad8388770a6d46d24c3d09d23171341a9c641f43749ab905b47e2e6b7,FALSE,titan-representative-benchmark-v1,FALSE,one lowest salted SHA-256 endpoint per non-empty outcome-family and sample-size-tercile cell; binary cells additionally stratified by minority-class-fraction tercile
binary,driver_mutation,BLCA,EP300,384,54,330,C,medium,moderate,0.140625,9f1d3d0a16145f11c71df6cc13ea182bae6d30f2bc12db4dd1a039e5d4a5c68f,FALSE,titan-representative-benchmark-v1,FALSE,one lowest salted SHA-256 endpoint per non-empty outcome-family and sample-size-tercile cell; binary cells additionally stratified by minority-class-fraction tercile
binary,driver_mutation,COAD,BRAF,382,44,338,B,medium,moderate,0.115183246073298,a810078c5789c4dc21ad672561a94f2cc3d25a16f96c15264404d5d19f3455a1,FALSE,titan-representative-benchmark-v1,FALSE,one lowest salted SHA-256 endpoint per non-empty outcome-family and sample-size-tercile cell; binary cells additionally stratified by minority-class-fraction tercile
binary,driver_mutation,HNSC,NOTCH1,431,77,354,C,medium,moderate,0.178654292343387,a842519341137e111d352435f1b69ebf9b07fc735e57141db6cc7a248023623b,FALSE,titan-representative-benchmark-v1,FALSE,one lowest salted SHA-256 endpoint per non-empty outcome-family and sample-size-tercile cell; binary cells additionally stratified by minority-class-fraction tercile
binary,driver_mutation,BLCA,RB1,384,73,311,C,medium,moderate,0.190104166666667,b29cb0578062d554404688090ffac4c5c3fae3d932f3bd8cff882d5a0c758e79,FALSE,titan-representative-benchmark-v1,FALSE,one lowest salted SHA-256 endpoint per non-empty outcome-family and sample-size-tercile cell; binary cells additionally stratified by minority-class-fraction tercile
binary,driver_mutation,HNSC,KMT2D,431,66,365,C,medium,moderate,0.153132250580046,badadd6db6773ae13fcfdf62657f4722108f3bb63d98cac1ca4cbe1baa66112f,FALSE,titan-representative-benchmark-v1,FALSE,one lowest salted SHA-256 endpoint per non-empty outcome-family and sample-size-tercile cell; binary cells additionally stratified by minority-class-fraction tercile
binary,driver_mutation,STAD,ARID1A,371,91,280,C,medium,moderate,0.245283018867925,c28d9d1f9a554c28d18e85ded8e8176e96c81aaa7af736ec0ce3d0baf6708556,FALSE,titan-representative-benchmark-v1,FALSE,one lowest salted SHA-256 endpoint per non-empty outcome-family and sample-size-tercile cell; binary cells additionally stratified by minority-class-fraction tercile
binary,driver_mutation,BLCA,ERBB2,384,46,338,C,medium,moderate,0.119791666666667,e0c1a3f094e788a795cd4d201607ee383c91e6484f9e21fad602fea187ce0f0d,FALSE,titan-representative-benchmark-v1,FALSE,one lowest salted SHA-256 endpoint per non-empty outcome-family and sample-size-tercile cell; binary cells additionally stratified by minority-class-fraction tercile
binary,driver_mutation,PRAD,TP53,399,46,353,C,medium,moderate,0.115288220551378,e2c0851721e9fd98e43456fa916dc760d062d7153547b76eaf5bc30199cee2dd,FALSE,titan-representative-benchmark-v1,FALSE,one lowest salted SHA-256 endpoint per non-empty outcome-family and sample-size-tercile cell; binary cells additionally stratified by minority-class-fraction tercile
binary,driver_mutation,BLCA,FAT1,384,46,338,C,medium,moderate,0.119791666666667,e80ff88e94611cd65dba6ca521fb0e70db5c8d4ba07b4a66afa34f2d717ac1de,FALSE,titan-representative-benchmark-v1,FALSE,one lowest salted SHA-256 endpoint per non-empty outcome-family and sample-size-tercile cell; binary cells additionally stratified by minority-class-fraction tercile
binary,driver_mutation,STAD,ERBB4,371,46,325,C,medium,moderate,0.123989218328841,e8686df0c2e89a092b092f769a22e3dc3d83ea9cf497d17fdbfbca1a5a0aadbd,FALSE,titan-representative-benchmark-v1,FALSE,one lowest salted SHA-256 endpoint per non-empty outcome-family and sample-size-tercile cell; binary cells additionally stratified by minority-class-fraction tercile
binary,driver_mutation,BLCA,ATM,384,53,331,C,medium,moderate,0.138020833333333,ef5f2255ca00481a1d4bba6d76a9ad7b4c44d837026d67526ef553ec52522ff3,FALSE,titan-representative-benchmark-v1,FALSE,one lowest salted SHA-256 endpoint per non-empty outcome-family and sample-size-tercile cell; binary cells additionally stratified by minority-class-fraction tercile
binary,driver_mutation,KIRC,MTOR,353,27,326,C,small,high,0.0764872521246459,0a909505762208ffac878f21361cf6d4505ccca8bf9efa6e6811257740307fab,TRUE,titan-representative-benchmark-v1,FALSE,one lowest salted SHA-256 endpoint per non-empty outcome-family and sample-size-tercile cell; binary cells additionally stratified by minority-class-fraction tercile
binary,driver_mutation,LIHC,BAP1,350,20,330,B,small,high,0.0571428571428571,13dc1598875e7d3352c15efeb8096eb640f90e3c46962adcedc71ad11f819ab3,FALSE,titan-representative-benchmark-v1,FALSE,one lowest salted SHA-256 endpoint per non-empty outcome-family and sample-size-tercile cell; binary cells additionally stratified by minority-class-fraction tercile
binary,driver_mutation,LIHC,AXIN1,350,25,325,C,small,high,0.0714285714285714,1905caf16de8912c59f9c510de839c89b1aa7da3b1e1348c287632c30bb46c18,FALSE,titan-representative-benchmark-v1,FALSE,one lowest salted SHA-256 endpoint per non-empty outcome-family and sample-size-tercile cell; binary cells additionally stratified by minority-class-fraction tercile
binary,driver_mutation,SARC,RB1,229,24,205,C,small,high,0.104803493449782,1b3b012742473538c0d66fa016e1f40e8d71f46b866b3e3ca0069a47f577519b,FALSE,titan-representative-benchmark-v1,FALSE,one lowest salted SHA-256 endpoint per non-empty outcome-family and sample-size-tercile cell; binary cells additionally stratified by minority-class-fraction tercile
binary,driver_mutation,CESC,TP53,252,21,231,B,small,high,0.0833333333333333,5d70c5bcb1fb2effcdcf30d94558c9d1c3716ea9b64e2664a080ba65b87dbd07,FALSE,titan-representative-benchmark-v1,FALSE,one lowest salted SHA-256 endpoint per non-empty outcome-family and sample-size-tercile cell; binary cells additionally stratified by minority-class-fraction tercile
binary,driver_mutation,LIHC,APOB,350,34,316,C,small,high,0.0971428571428571,642059fe31fb319fb7d9b3dc48c822256f88228b4ee4e32293e3ca4caa8e0714,FALSE,titan-representative-benchmark-v1,FALSE,one lowest salted SHA-256 endpoint per non-empty outcome-family and sample-size-tercile cell; binary cells additionally stratified by minority-class-fraction tercile
binary,driver_mutation,KIRC,BAP1,353,35,318,C,small,high,0.0991501416430595,7464c65247ac05f58769ba1a4c25a273bdc913000b6c9a4fffe424b891d3e376,FALSE,titan-representative-benchmark-v1,FALSE,one lowest salted SHA-256 endpoint per non-empty outcome-family and sample-size-tercile cell; binary cells additionally stratified by minority-class-fraction tercile
binary,driver_mutation,GBM,PIK3CA,241,22,219,C,small,high,0.0912863070539419,ac6b4427c373c3dab1b439b57ba3786ec1bcd7232dff3f5a40915bded2a21d0c,FALSE,titan-representative-benchmark-v1,FALSE,one lowest salted SHA-256 endpoint per non-empty outcome-family and sample-size-tercile cell; binary cells additionally stratified by minority-class-fraction tercile
binary,driver_mutation,LIHC,ARID1A,350,26,324,C,small,high,0.0742857142857143,e8a87feb6fc82c3d9d5addbc252e9b011d2e36f3ee8718cd738d30a6691eb080,FALSE,titan-representative-benchmark-v1,FALSE,one lowest salted SHA-256 endpoint per non-empty outcome-family and sample-size-tercile cell; binary cells additionally stratified by minority-class-fraction tercile
binary,driver_mutation,OV,TP53,72,22,50,B,small,low,0.305555555555556,32c23f82377c5952f1c9edd13544915c1d0463531b729859f3b8114ae89eea4f,TRUE,titan-representative-benchmark-v1,FALSE,one lowest salted SHA-256 endpoint per non-empty outcome-family and sample-size-tercile cell; binary cells additionally stratified by minority-class-fraction tercile
binary,driver_mutation,SKCM,BRAF,98,52,46,B,small,low,0.469387755102041,4962b34f480f54e34be6c231fb04c06664b14d1740b4c233ba295fbf72451dd6,FALSE,titan-representative-benchmark-v1,FALSE,one lowest salted SHA-256 endpoint per non-empty outcome-family and sample-size-tercile cell; binary cells additionally stratified by minority-class-fraction tercile
binary,driver_mutation,CESC,PIK3CA,252,71,181,C,small,low,0.281746031746032,4d441dd89314e9c4c089704c87c44499b63f859fd886e92a8a97b87529530ad1,FALSE,titan-representative-benchmark-v1,FALSE,one lowest salted SHA-256 endpoint per non-empty outcome-family and sample-size-tercile cell; binary cells additionally stratified by minority-class-fraction tercile
binary,driver_mutation,UVM,GNAQ,80,40,40,C,small,low,0.5,71893617d6176945bba46dd7d1e180d34932c0db50dfd333bc1f4b8e9956eb93,FALSE,titan-representative-benchmark-v1,FALSE,one lowest salted SHA-256 endpoint per non-empty outcome-family and sample-size-tercile cell; binary cells additionally stratified by minority-class-fraction tercile
binary,driver_mutation,LIHC,TP53,350,107,243,B,small,low,0.305714285714286,754ce0fd390b81aa5ee3f3ed4c94ee19be307eac187fae564ea24fdcc2702011,FALSE,titan-representative-benchmark-v1,FALSE,one lowest salted SHA-256 endpoint per non-empty outcome-family and sample-size-tercile cell; binary cells additionally stratified by minority-class-fraction tercile
binary,driver_mutation,PAAD,TP53,175,106,69,B,small,low,0.394285714285714,7bb3fe7d5ec6c64802f2a1bfb83ffe39f75a67e47a44177f9ef55e32dcc5775e,FALSE,titan-representative-benchmark-v1,FALSE,one lowest salted SHA-256 endpoint per non-empty outcome-family and sample-size-tercile cell; binary cells additionally stratified by minority-class-fraction tercile
binary,driver_mutation,READ,TP53,135,66,69,A,small,low,0.488888888888889,7f4717bfd1024d1e30056e1514b39cbd4df08233c4a96dcf9a34ce1ac004bb71,FALSE,titan-representative-benchmark-v1,FALSE,one lowest salted SHA-256 endpoint per non-empty outcome-family and sample-size-tercile cell; binary cells additionally stratified by minority-class-fraction tercile
binary,driver_mutation,KIRC,VHL,353,161,192,B,small,low,0.456090651558074,7fbb20364f6ec80631e0a770d4769929c3c54dc77738718cc337abd1db097244,FALSE,titan-representative-benchmark-v1,FALSE,one lowest salted SHA-256 endpoint per non-empty outcome-family and sample-size-tercile cell; binary cells additionally stratified by minority-class-fraction tercile
binary,driver_mutation,LIHC,CTNNB1,350,93,257,B,small,low,0.265714285714286,99c58d679f7958536fb9103ffeadc8d8b32df15bd5f580fb9cdacad35f6b1080,FALSE,titan-representative-benchmark-v1,FALSE,one lowest salted SHA-256 endpoint per non-empty outcome-family and sample-size-tercile cell; binary cells additionally stratified by minority-class-fraction tercile
binary,driver_mutation,PAAD,KRAS,175,116,59,C,small,low,0.337142857142857,af76da7e8f69ac2a2f6fd0815d670591a5bbf38b7e1933b21c1dcc769a81f916,FALSE,titan-representative-benchmark-v1,FALSE,one lowest salted SHA-256 endpoint per non-empty outcome-family and sample-size-tercile cell; binary cells additionally stratified by minority-class-fraction tercile
binary,driver_mutation,SARC,TP53,229,81,148,B,small,low,0.353711790393013,d2d1e450fc785778c8563a3096409013ffc3b2ba5366fa322c1632191e347815,FALSE,titan-representative-benchmark-v1,FALSE,one lowest salted SHA-256 endpoint per non-empty outcome-family and sample-size-tercile cell; binary cells additionally stratified by minority-class-fraction tercile
binary,driver_mutation,READ,APC,135,65,70,A,small,low,0.481481481481482,e144a3d8993afa9bd148e409d8b19b7e2bce9fb306e5887aac3919e0940412a6,FALSE,titan-representative-benchmark-v1,FALSE,one lowest salted SHA-256 endpoint per non-empty outcome-family and sample-size-tercile cell; binary cells additionally stratified by minority-class-fraction tercile
binary,driver_mutation,KICH,TP53,65,21,44,C,small,low,0.323076923076923,e28c75a5467f520614856441456d3d652d6c199d202bfa63058972b2f8cc1e3e,FALSE,titan-representative-benchmark-v1,FALSE,one lowest salted SHA-256 endpoint per non-empty outcome-family and sample-size-tercile cell; binary cells additionally stratified by minority-class-fraction tercile
binary,driver_mutation,KIRC,PBRM1,353,144,209,C,small,low,0.407932011331445,f6ffe49b17641ef5b6015d3b342b8d6f2feaad4536759b97e700e0df5145aedf,FALSE,titan-representative-benchmark-v1,FALSE,one lowest salted SHA-256 endpoint per non-empty outcome-family and sample-size-tercile cell; binary cells additionally stratified by minority-class-fraction tercile
binary,driver_mutation,UVM,GNA11,80,36,44,C,small,low,0.45,fa9b2cfbfc65c99f9807740966582e11927307cf0b1266adbb64e61db1b16d8b,FALSE,titan-representative-benchmark-v1,FALSE,one lowest salted SHA-256 endpoint per non-empty outcome-family and sample-size-tercile cell; binary cells additionally stratified by minority-class-fraction tercile
binary,driver_mutation,THYM,GTF2I,120,59,61,A,small,low,0.491666666666667,fac05e87ba4734c609415d1c3871b9ea06f9869228798d6483dc889a886159ae,FALSE,titan-representative-benchmark-v1,FALSE,one lowest salted SHA-256 endpoint per non-empty outcome-family and sample-size-tercile cell; binary cells additionally stratified by minority-class-fraction tercile
binary,driver_mutation,UCS,FBXW7,53,21,32,C,small,low,0.39622641509434,fd998b59b05df5e9ada24e3a1b4cb1aa5584c8e485020c2809df635a7b99eff2,FALSE,titan-representative-benchmark-v1,FALSE,one lowest salted SHA-256 endpoint per non-empty outcome-family and sample-size-tercile cell; binary cells additionally stratified by minority-class-fraction tercile
binary,driver_mutation,CESC,KMT2C,252,47,205,C,small,moderate,0.186507936507937,0935912a22bac07053e43e7a7f05c31c835eb432001c321814a6771963a42b1a,TRUE,titan-representative-benchmark-v1,FALSE,one lowest salted SHA-256 endpoint per non-empty outcome-family and sample-size-tercile cell; binary cells additionally stratified by minority-class-fraction tercile
binary,driver_mutation,PAAD,SMAD4,175,37,138,C,small,moderate,0.211428571428571,240c307b9f2dafbe2e5a20173df34fa02fbe6be99e664137c33593fb8321b75b,FALSE,titan-representative-benchmark-v1,FALSE,one lowest salted SHA-256 endpoint per non-empty outcome-family and sample-size-tercile cell; binary cells additionally stratified by minority-class-fraction tercile
binary,driver_mutation,GBM,EGFR,241,40,201,C,small,moderate,0.16597510373444,3321749347724591120d19f87225b545a6142de107362729cd7dd49321b5897d,FALSE,titan-representative-benchmark-v1,FALSE,one lowest salted SHA-256 endpoint per non-empty outcome-family and sample-size-tercile cell; binary cells additionally stratified by minority-class-fraction tercile
binary,driver_mutation,CESC,EP300,252,30,222,C,small,moderate,0.119047619047619,507ebe3b8a291c13de2b189759414deb154c952473ea6b2dceb58353baf511ef,FALSE,titan-representative-benchmark-v1,FALSE,one lowest salted SHA-256 endpoint per non-empty outcome-family and sample-size-tercile cell; binary cells additionally stratified by minority-class-fraction tercile
binary,driver_mutation,GBM,TP53,241,52,189,B,small,moderate,0.215767634854772,521cc4636dd9291c1ea696450b7a819648ec5c8e07158297873dd07541d6daf3,FALSE,titan-representative-benchmark-v1,FALSE,one lowest salted SHA-256 endpoint per non-empty outcome-family and sample-size-tercile cell; binary cells additionally stratified by minority-class-fraction tercile
binary,driver_mutation,SARC,ATRX,229,35,194,C,small,moderate,0.152838427947598,631ef24ab38ce36c953c32b1d41ee25c526e5da25ad1545f223c0e05805b4807,FALSE,titan-representative-benchmark-v1,FALSE,one lowest salted SHA-256 endpoint per non-empty outcome-family and sample-size-tercile cell; binary cells additionally stratified by minority-class-fraction tercile
binary,driver_mutation,LIHC,ALB,350,45,305,C,small,moderate,0.128571428571429,7ab1091a0be67d544ce3a798aeebe933273887f7803947dbf0a7dda20aae9dd9,FALSE,titan-representative-benchmark-v1,FALSE,one lowest salted SHA-256 endpoint per non-empty outcome-family and sample-size-tercile cell; binary cells additionally stratified by minority-class-fraction tercile
binary,driver_mutation,CESC,KMT2D,252,38,214,C,small,moderate,0.150793650793651,7f91649fab84d18ebd5813b8a62d9f987373738ac8025f38a9fbc8a46eec6271,FALSE,titan-representative-benchmark-v1,FALSE,one lowest salted SHA-256 endpoint per non-empty outcome-family and sample-size-tercile cell; binary cells additionally stratified by minority-class-fraction tercile
binary,driver_mutation,READ,KRAS,135,30,105,C,small,moderate,0.222222222222222,9e3c0cfd7256c04ba7bddcf20441ecc7a0a86149ff6e4757a52b77b5575719b4,FALSE,titan-representative-benchmark-v1,FALSE,one lowest salted SHA-256 endpoint per non-empty outcome-family and sample-size-tercile cell; binary cells additionally stratified by minority-class-fraction tercile
binary,driver_mutation,TGCT,KIT,128,20,108,C,small,moderate,0.15625,ab1efbbe01c4521234688d347e336b3b47a45760340f1ffb93ec046194d4ef29,FALSE,titan-representative-benchmark-v1,FALSE,one lowest salted SHA-256 endpoint per non-empty outcome-family and sample-size-tercile cell; binary cells additionally stratified by minority-class-fraction tercile
binary,driver_mutation,GBM,PTEN,241,53,188,C,small,moderate,0.219917012448133,c54296287540ba2fcc9451f57d4d024641e27af608184303106b128433c3fdec,FALSE,titan-representative-benchmark-v1,FALSE,one lowest salted SHA-256 endpoint per non-empty outcome-family and sample-size-tercile cell; binary cells additionally stratified by minority-class-fraction tercile
binary,driver_mutation,PAAD,CDKN2A,175,34,141,C,small,moderate,0.194285714285714,e1acc9d3cf2f0fbee41653c576d78dbca9e5de6d4a8e776187d5ad99b6059669,FALSE,titan-representative-benchmark-v1,FALSE,one lowest salted SHA-256 endpoint per non-empty outcome-family and sample-size-tercile cell; binary cells additionally stratified by minority-class-fraction tercile
binary,driver_mutation,KIRC,SETD2,353,47,306,C,small,moderate,0.13314447592068,e9ade36a81ebd3b1e47d7d9855b5871c64156855a9e81e9c7fe45ac4119d216a,FALSE,titan-representative-benchmark-v1,FALSE,one lowest salted SHA-256 endpoint per non-empty outcome-family and sample-size-tercile cell; binary cells additionally stratified by minority-class-fraction tercile
binary,driver_mutation,CESC,FBXW7,252,29,223,C,small,moderate,0.115079365079365,ecab3f7a39339eb6932bbc4a2cfcc469f6dd6ca57cc2c5c431f214642a2c4e03,FALSE,titan-representative-benchmark-v1,FALSE,one lowest salted SHA-256 endpoint per non-empty outcome-family and sample-size-tercile cell; binary cells additionally stratified by minority-class-fraction tercile
binary,fusion,THCA,Fusion pair: CCDC6--RET,502,21,481,B,large,high,0.0418326693227092,35705f6589c400c75ef88d2b205c134a0eb768c7b53c65321e19938865cb6720,TRUE,titan-representative-benchmark-v1,FALSE,one lowest salted SHA-256 endpoint per non-empty outcome-family and sample-size-tercile cell; binary cells additionally stratified by minority-class-fraction tercile
binary,fusion,LGG,Any called fusion,487,236,251,B,large,low,0.484599589322382,395d2d6550c684c35cf7bed8802c2f65dbfd9770d562324c8d515a5950163f49,TRUE,titan-representative-benchmark-v1,FALSE,one lowest salted SHA-256 endpoint per non-empty outcome-family and sample-size-tercile cell; binary cells additionally stratified by minority-class-fraction tercile
binary,fusion,THCA,Any called fusion,502,138,364,B,large,low,0.274900398406375,3fe63603c550fb7c11dff90f5b87f6f6ecf6a01122dea408e23b4e7aa1a5da5d,FALSE,titan-representative-benchmark-v1,FALSE,one lowest salted SHA-256 endpoint per non-empty outcome-family and sample-size-tercile cell; binary cells additionally stratified by minority-class-fraction tercile
binary,fusion,KIRC,Any called fusion,507,151,356,C,large,low,0.297830374753452,916ae22d7ae2cb5dc59bc155fa1e0e9ee0974a84ce890c2e9251fc53578aca55,FALSE,titan-representative-benchmark-v1,FALSE,one lowest salted SHA-256 endpoint per non-empty outcome-family and sample-size-tercile cell; binary cells additionally stratified by minority-class-fraction tercile
binary,fusion,LUSC,Any called fusion,475,403,72,C,large,moderate,0.151578947368421,14b58a05908272f768b80456769f65f4564d0dec246335bf28dd029cd82cf9d1,TRUE,titan-representative-benchmark-v1,FALSE,one lowest salted SHA-256 endpoint per non-empty outcome-family and sample-size-tercile cell; binary cells additionally stratified by minority-class-fraction tercile
binary,fusion,BRCA,Any called fusion,1051,832,219,C,large,moderate,0.20837297811608,ba479428c52831e199c783d61a222c686b45607eaa7c67f65874d5fdd37434e4,FALSE,titan-representative-benchmark-v1,FALSE,one lowest salted SHA-256 endpoint per non-empty outcome-family and sample-size-tercile cell; binary cells additionally stratified by minority-class-fraction tercile
binary,fusion,LUAD,Any called fusion,461,367,94,C,large,moderate,0.203904555314534,e08e11c516819940695a30f41c8b4109fdcf1f55da1290731c131af41809a459,FALSE,titan-representative-benchmark-v1,FALSE,one lowest salted SHA-256 endpoint per non-empty outcome-family and sample-size-tercile cell; binary cells additionally stratified by minority-class-fraction tercile
binary,fusion,HNSC,Any called fusion,435,302,133,C,medium,low,0.305747126436782,1b5ccb6b208ba07d2541602ff3191b1187d0a5323b1363a63c5c71b1a23040b9,TRUE,titan-representative-benchmark-v1,FALSE,one lowest salted SHA-256 endpoint per non-empty outcome-family and sample-size-tercile cell; binary cells additionally stratified by minority-class-fraction tercile
binary,fusion,PRAD,Fusion pair: TMPRSS2--ERG,400,159,241,B,medium,low,0.3975,844ae498b2f647a48b27532ff380d62c10d75a8168a83c7086cc43bd22b0c42d,FALSE,titan-representative-benchmark-v1,FALSE,one lowest salted SHA-256 endpoint per non-empty outcome-family and sample-size-tercile cell; binary cells additionally stratified by minority-class-fraction tercile
binary,fusion,BLCA,Any called fusion,381,288,93,B,medium,moderate,0.244094488188976,39636ebfa2157f81d63765cd0d6825c9e7ccdf289c87ad5344f29015811705c7,TRUE,titan-representative-benchmark-v1,FALSE,one lowest salted SHA-256 endpoint per non-empty outcome-family and sample-size-tercile cell; binary cells additionally stratified by minority-class-fraction tercile
binary,fusion,PRAD,Any called fusion,400,345,55,C,medium,moderate,0.1375,c37c9bba4105d8bb94fad5a9df99bab4e67312c0f0cc79020ea74fca5025e58b,FALSE,titan-representative-benchmark-v1,FALSE,one lowest salted SHA-256 endpoint per non-empty outcome-family and sample-size-tercile cell; binary cells additionally stratified by minority-class-fraction tercile
binary,fusion,SKCM,Any called fusion,97,68,29,C,small,low,0.298969072164948,1075d1f8a0a355df97642af1f3f4f546e2d6f9b81881865912641a5f82b1c28a,TRUE,titan-representative-benchmark-v1,FALSE,one lowest salted SHA-256 endpoint per non-empty outcome-family and sample-size-tercile cell; binary cells additionally stratified by minority-class-fraction tercile
binary,fusion,UCEC,Any called fusion,153,80,73,A,small,low,0.477124183006536,1af75761fb07273e0f155161bbf9aa2a1dbadaf2e6f30e5d134202fd309997f2,FALSE,titan-representative-benchmark-v1,FALSE,one lowest salted SHA-256 endpoint per non-empty outcome-family and sample-size-tercile cell; binary cells additionally stratified by minority-class-fraction tercile
binary,fusion,DLBC,Any called fusion,44,22,22,C,small,low,0.5,25858c0fe6efe114d290cc22365a29daf1935757673b103a1902b8774bc732ab,FALSE,titan-representative-benchmark-v1,FALSE,one lowest salted SHA-256 endpoint per non-empty outcome-family and sample-size-tercile cell; binary cells additionally stratified by minority-class-fraction tercile
binary,fusion,STAD,Any called fusion,280,189,91,C,small,low,0.325,297ce8fc2d03c3383299ee8d00fa328c6321f36f43c80db8a773fa130ce50fe8,FALSE,titan-representative-benchmark-v1,FALSE,one lowest salted SHA-256 endpoint per non-empty outcome-family and sample-size-tercile cell; binary cells additionally stratified by minority-class-fraction tercile
binary,fusion,LIHC,Any called fusion,357,214,143,B,small,low,0.400560224089636,2a4adab9b0ed66696993e09ec22dca038267ff9c3f3a9c9f16ed2bfe0a16c11a,FALSE,titan-representative-benchmark-v1,FALSE,one lowest salted SHA-256 endpoint per non-empty outcome-family and sample-size-tercile cell; binary cells additionally stratified by minority-class-fraction tercile
binary,fusion,PAAD,Any called fusion,176,90,86,C,small,low,0.488636363636364,2e131cba9e98e5bf56adc420a36f60e3d949bb30a2ae28f13d057fbb0eed2fc4,FALSE,titan-representative-benchmark-v1,FALSE,one lowest salted SHA-256 endpoint per non-empty outcome-family and sample-size-tercile cell; binary cells additionally stratified by minority-class-fraction tercile
binary,fusion,MESO,Any called fusion,75,50,25,C,small,low,0.333333333333333,320bc6de8bf13063830cad01b1259a02bbae5a97c480793df53e01bfa1f851fa,FALSE,titan-representative-benchmark-v1,FALSE,one lowest salted SHA-256 endpoint per non-empty outcome-family and sample-size-tercile cell; binary cells additionally stratified by minority-class-fraction tercile
binary,fusion,COAD,Any called fusion,258,144,114,C,small,low,0.441860465116279,3da7bebc65783bdf66adfbc339b51b0d665a4bb5eb9d33a796672a663664d1f3,FALSE,titan-representative-benchmark-v1,FALSE,one lowest salted SHA-256 endpoint per non-empty outcome-family and sample-size-tercile cell; binary cells additionally stratified by minority-class-fraction tercile
binary,fusion,ESCA,Any called fusion,154,103,51,C,small,low,0.331168831168831,44330dc92e11c216eb5e92a472cd5392a5cb13a110fb424e26c9930652bc9a06,FALSE,titan-representative-benchmark-v1,FALSE,one lowest salted SHA-256 endpoint per non-empty outcome-family and sample-size-tercile cell; binary cells additionally stratified by minority-class-fraction tercile
binary,fusion,CESC,Any called fusion,266,152,114,C,small,low,0.428571428571429,5e7ea50164c6635526347f7de6ad33364a8433af2a5d5bc4ceb14846157a906a,FALSE,titan-representative-benchmark-v1,FALSE,one lowest salted SHA-256 endpoint per non-empty outcome-family and sample-size-tercile cell; binary cells additionally stratified by minority-class-fraction tercile
binary,fusion,TGCT,Any called fusion,149,59,90,C,small,low,0.395973154362416,b7bb92ff8b159d074f5f2926899c716b434a0d1a25d9115e93728d075cc0b49e,FALSE,titan-representative-benchmark-v1,FALSE,one lowest salted SHA-256 endpoint per non-empty outcome-family and sample-size-tercile cell; binary cells additionally stratified by minority-class-fraction tercile
binary,fusion,READ,Any called fusion,81,58,23,C,small,low,0.283950617283951,d5a990ce31fc2e442cf4bf322d53d3e866a89e4b2ad11183a81b1ff630b60195,FALSE,titan-representative-benchmark-v1,FALSE,one lowest salted SHA-256 endpoint per non-empty outcome-family and sample-size-tercile cell; binary cells additionally stratified by minority-class-fraction tercile
binary,fusion,PCPG,Any called fusion,176,67,109,C,small,low,0.380681818181818,ffd23948b5e33396037fb11cc8a6f99f88853dccaadef9f75f49fee2b280cbb8,FALSE,titan-representative-benchmark-v1,FALSE,one lowest salted SHA-256 endpoint per non-empty outcome-family and sample-size-tercile cell; binary cells additionally stratified by minority-class-fraction tercile
binary,fusion,THYM,Any called fusion,117,27,90,C,small,moderate,0.230769230769231,6b7ff08f346c0a1627e2fcf3fd0981be4e7de36f9e08b943e0f5374cd176f19d,TRUE,titan-representative-benchmark-v1,FALSE,one lowest salted SHA-256 endpoint per non-empty outcome-family and sample-size-tercile cell; binary cells additionally stratified by minority-class-fraction tercile
binary,fusion,SARC,Any called fusion,252,216,36,B,small,moderate,0.142857142857143,8ac91e2dbc8d8248d949bde20d37b39c2582e9713f8ecabd49741c56054b84fc,FALSE,titan-representative-benchmark-v1,FALSE,one lowest salted SHA-256 endpoint per non-empty outcome-family and sample-size-tercile cell; binary cells additionally stratified by minority-class-fraction tercile
binary,fusion,KIRP,Any called fusion,265,62,203,C,small,moderate,0.233962264150943,9e77ffdfb6b8f628819f97f2f30402d76c1cba59c3df89995471abb4219a1d5b,FALSE,titan-representative-benchmark-v1,FALSE,one lowest salted SHA-256 endpoint per non-empty outcome-family and sample-size-tercile cell; binary cells additionally stratified by minority-class-fraction tercile
binary,microsatellite_instability,UCEC,MSI-H (MANTIS >0.4),487,155,332,B,large,low,0.318275154004107,730c981aea44621813e41ca5c17b1bdd433b8a327f313a29fc7ae722346f2b71,TRUE,titan-representative-benchmark-v1,FALSE,one lowest salted SHA-256 endpoint per non-empty outcome-family and sample-size-tercile cell; binary cells additionally stratified by minority-class-fraction tercile
binary,microsatellite_instability,COAD,MSI-H (MANTIS >0.4),391,74,317,A,medium,moderate,0.18925831202046,1501f55fe8f7c57eb6f691eac7e8650c0f95d77c62c1072f50105e8d4d728d3d,TRUE,titan-representative-benchmark-v1,FALSE,one lowest salted SHA-256 endpoint per non-empty outcome-family and sample-size-tercile cell; binary cells additionally stratified by minority-class-fraction tercile
binary,microsatellite_instability,STAD,MSI-H (MANTIS >0.4),371,63,308,A,medium,moderate,0.169811320754717,94de4441b9b15dd3bccb21e2957e6604122e2e8d69dfd25466f192f042a55eb4,FALSE,titan-representative-benchmark-v1,FALSE,one lowest salted SHA-256 endpoint per non-empty outcome-family and sample-size-tercile cell; binary cells additionally stratified by minority-class-fraction tercile
binary,microsatellite_instability_sensitivity,STAD,MSI-H strict (MANTIS >0.6),364,56,308,A,medium,moderate,0.153846153846154,234e556934011d50fb58aaea1a99e1e2e018bc750df6f6a9bc6825d48081ab39,TRUE,titan-representative-benchmark-v1,FALSE,one lowest salted SHA-256 endpoint per non-empty outcome-family and sample-size-tercile cell; binary cells additionally stratified by minority-class-fraction tercile
binary,microsatellite_instability_sensitivity,UCEC,MSI-H strict (MANTIS >0.6),438,106,332,B,medium,moderate,0.242009132420091,74ef2c38f4d00fe70828376fdaa1273ef40d68e738b43e4b7dbaa589046a0f5a,FALSE,titan-representative-benchmark-v1,FALSE,one lowest salted SHA-256 endpoint per non-empty outcome-family and sample-size-tercile cell; binary cells additionally stratified by minority-class-fraction tercile
binary,microsatellite_instability_sensitivity,COAD,MSI-H strict (MANTIS >0.6),374,57,317,A,medium,moderate,0.152406417112299,c326b4a73331eeac3660a0ccb414de2d7e5176d58c5d5d0a20626a05f926f823,FALSE,titan-representative-benchmark-v1,FALSE,one lowest salted SHA-256 endpoint per non-empty outcome-family and sample-size-tercile cell; binary cells additionally stratified by minority-class-fraction tercile
binary,oncogenic_pathway,THCA,PI3K,478,21,457,C,large,high,0.0439330543933054,0e4b41a179ee286649c379d7a57f512b07138b4f70d555fb86f9fcfd9cfc03c2,TRUE,titan-representative-benchmark-v1,FALSE,one lowest salted SHA-256 endpoint per non-empty outcome-family and sample-size-tercile cell; binary cells additionally stratified by minority-class-fraction tercile
binary,oncogenic_pathway,UCEC,PI3K,468,437,31,C,large,high,0.0662393162393162,161d7c1eee2353bd41864c8890af4ff8917bfd1ba4c50f5173da63ad61db42d6,FALSE,titan-representative-benchmark-v1,FALSE,one lowest salted SHA-256 endpoint per non-empty outcome-family and sample-size-tercile cell; binary cells additionally stratified by minority-class-fraction tercile
binary,oncogenic_pathway,BRCA,HIPPO,942,82,860,C,large,high,0.0870488322717622,419e7f7004f437ba5c63031fb4ed3f86c83dc3e1458424c9d52d8b308096ff6e,FALSE,titan-representative-benchmark-v1,FALSE,one lowest salted SHA-256 endpoint per non-empty outcome-family and sample-size-tercile cell; binary cells additionally stratified by minority-class-fraction tercile
binary,oncogenic_pathway,BRCA,TGF-Beta,942,59,883,C,large,high,0.0626326963906582,7a5b323e590131bfab381a13c678be9bc01bad6f9464bde95d03c79603d7a1ad,FALSE,titan-representative-benchmark-v1,FALSE,one lowest salted SHA-256 endpoint per non-empty outcome-family and sample-size-tercile cell; binary cells additionally stratified by minority-class-fraction tercile
binary,oncogenic_pathway,LGG,MYC,481,28,453,C,large,high,0.0582120582120582,8cce9c731e86e96d72a58c0f303c89e07a19b1061a4eff4b3dc604733fa47bfb,FALSE,titan-representative-benchmark-v1,FALSE,one lowest salted SHA-256 endpoint per non-empty outcome-family and sample-size-tercile cell; binary cells additionally stratified by minority-class-fraction tercile
binary,oncogenic_pathway,UCEC,NRF2,468,49,419,C,large,high,0.104700854700855,9c5f389f72a900c0443c56bb1252cd5099f854ac3c282333c6f576e657658fd0,FALSE,titan-representative-benchmark-v1,FALSE,one lowest salted SHA-256 endpoint per non-empty outcome-family and sample-size-tercile cell; binary cells additionally stratified by minority-class-fraction tercile
binary,oncogenic_pathway,UCEC,HIPPO,468,132,336,C,large,low,0.282051282051282,0ac55578dc535768db99870e3692bb0d453a9c9994581c4c3ef87c410ac69801,TRUE,titan-representative-benchmark-v1,FALSE,one lowest salted SHA-256 endpoint per non-empty outcome-family and sample-size-tercile cell; binary cells additionally stratified by minority-class-fraction tercile
binary,oncogenic_pathway,BRCA,TP53,942,437,505,A,large,low,0.463906581740977,106a0bae620cca1ddb4468a92a1fc4438c0c3089a197ccc03e4b405857d2f5b8,FALSE,titan-representative-benchmark-v1,FALSE,one lowest salted SHA-256 endpoint per non-empty outcome-family and sample-size-tercile cell; binary cells additionally stratified by minority-class-fraction tercile
binary,oncogenic_pathway,UCEC,RTK RAS,468,271,197,C,large,low,0.420940170940171,4df3ab4a022bb2b8aefd811661670f07acfb2a4adbaf5b0a2fa9da36b4968b5c,FALSE,titan-representative-benchmark-v1,FALSE,one lowest salted SHA-256 endpoint per non-empty outcome-family and sample-size-tercile cell; binary cells additionally stratified by minority-class-fraction tercile
binary,oncogenic_pathway,UCEC,TP53,468,218,250,A,large,low,0.465811965811966,5b20855bbcec364933fc411f9a3d0cdcf1e9e075191a5453499fbc6777efaadd,FALSE,titan-representative-benchmark-v1,FALSE,one lowest salted SHA-256 endpoint per non-empty outcome-family and sample-size-tercile cell; binary cells additionally stratified by minority-class-fraction tercile
binary,oncogenic_pathway,LGG,RTK RAS,481,135,346,B,large,low,0.280665280665281,68339b3270748025239fe157faec5ed88a771a00404b5d7fb752a03c242c2e27,FALSE,titan-representative-benchmark-v1,FALSE,one lowest salted SHA-256 endpoint per non-empty outcome-family and sample-size-tercile cell; binary cells additionally stratified by minority-class-fraction tercile
binary,oncogenic_pathway,LGG,Cell Cycle,476,195,281,B,large,low,0.409663865546218,6df1b9a68f7039382e3a1970dfbb92da1f690816c12bd726fafb43648087dc53,FALSE,titan-representative-benchmark-v1,FALSE,one lowest salted SHA-256 endpoint per non-empty outcome-family and sample-size-tercile cell; binary cells additionally stratified by minority-class-fraction tercile
binary,oncogenic_pathway,BRCA,RTK RAS,942,372,570,C,large,low,0.394904458598726,a82f9467e529012c4004ea2b2fc383cb39ad6ee3a709207e9cef7e3412ffc6cb,FALSE,titan-representative-benchmark-v1,FALSE,one lowest salted SHA-256 endpoint per non-empty outcome-family and sample-size-tercile cell; binary cells additionally stratified by minority-class-fraction tercile
binary,oncogenic_pathway,BRCA,Cell Cycle,758,365,393,C,large,low,0.481530343007916,aa02ccbf2dca68e335e9ebbd4a4ba83c82d15cd2d8b39c7f025dbf618d859ffc,FALSE,titan-representative-benchmark-v1,FALSE,one lowest salted SHA-256 endpoint per non-empty outcome-family and sample-size-tercile cell; binary cells additionally stratified by minority-class-fraction tercile
binary,oncogenic_pathway,LGG,TP53,481,248,233,A,large,low,0.484407484407485,c075c62cca49fc21536673105cf2edb5bf40788cbbc5a34565028be55a2d7345,FALSE,titan-representative-benchmark-v1,FALSE,one lowest salted SHA-256 endpoint per non-empty outcome-family and sample-size-tercile cell; binary cells additionally stratified by minority-class-fraction tercile
binary,oncogenic_pathway,LGG,WNT,481,131,350,A,large,low,0.272349272349272,c4fc07e3647ca6a8065da5ec08568fee5e6e56d838f3f4e9af348725bbd08dcc,FALSE,titan-representative-benchmark-v1,FALSE,one lowest salted SHA-256 endpoint per non-empty outcome-family and sample-size-tercile cell; binary cells additionally stratified by minority-class-fraction tercile
binary,oncogenic_pathway,UCEC,NOTCH,468,183,285,B,large,low,0.391025641025641,c99a2f3d577a9e9358939a17871a41901f287e475c3dafa3cd2aedb847a809bc,FALSE,titan-representative-benchmark-v1,FALSE,one lowest salted SHA-256 endpoint per non-empty outcome-family and sample-size-tercile cell; binary cells additionally stratified by minority-class-fraction tercile
binary,oncogenic_pathway,LGG,TGF-Beta,481,130,351,B,large,low,0.27027027027027,f0b1300ba7a2fd21b3e0d20136cc5a56d7895209a62d72ea2d561973081c46bd,FALSE,titan-representative-benchmark-v1,FALSE,one lowest salted SHA-256 endpoint per non-empty outcome-family and sample-size-tercile cell; binary cells additionally stratified by minority-class-fraction tercile
binary,oncogenic_pathway,BRCA,PI3K,942,528,414,C,large,low,0.439490445859873,f6ac49b6611bf9f8095e96a01826514450658cfabc16720fc3ddf0673b669126,FALSE,titan-representative-benchmark-v1,FALSE,one lowest salted SHA-256 endpoint per non-empty outcome-family and sample-size-tercile cell; binary cells additionally stratified by minority-class-fraction tercile
binary,oncogenic_pathway,UCEC,WNT,468,230,238,B,large,low,0.491452991452991,fa2efe0f572a6cbd7bba54e26fab899892b3fbf74fcf6f7d8d7e28cd217ecc1d,FALSE,titan-representative-benchmark-v1,FALSE,one lowest salted SHA-256 endpoint per non-empty outcome-family and sample-size-tercile cell; binary cells additionally stratified by minority-class-fraction tercile
binary,oncogenic_pathway,UCEC,MYC,468,112,356,C,large,moderate,0.239316239316239,11510619423c6470a35c2575455cc64debb80116cecf7411d53a6b2cd04cafd9,TRUE,titan-representative-benchmark-v1,FALSE,one lowest salted SHA-256 endpoint per non-empty outcome-family and sample-size-tercile cell; binary cells additionally stratified by minority-class-fraction tercile
binary,oncogenic_pathway,THCA,WNT,478,62,416,A,large,moderate,0.129707112970711,1b32a0410d0f857f68ff6cbdd2a606b7541f2db84fe956441003003ef9bb6cda,FALSE,titan-representative-benchmark-v1,FALSE,one lowest salted SHA-256 endpoint per non-empty outcome-family and sample-size-tercile cell; binary cells additionally stratified by minority-class-fraction tercile
binary,oncogenic_pathway,LGG,PI3K,481,113,368,C,large,moderate,0.234927234927235,322f92b4b1cbacdde3c09fd727c8d0ca6329a0a5a966b99da338d12a7bc984aa,FALSE,titan-representative-benchmark-v1,FALSE,one lowest salted SHA-256 endpoint per non-empty outcome-family and sample-size-tercile cell; binary cells additionally stratified by minority-class-fraction tercile
binary,oncogenic_pathway,UCEC,TGF-Beta,468,63,405,C,large,moderate,0.134615384615385,7d7a8b57859f583a415e19d2571ba4158317e1260fe2b33b4e58db1a1bc657d4,FALSE,titan-representative-benchmark-v1,FALSE,one lowest salted SHA-256 endpoint per non-empty outcome-family and sample-size-tercile cell; binary cells additionally stratified by minority-class-fraction tercile
binary,oncogenic_pathway,THCA,RTK RAS,478,403,75,A,large,moderate,0.156903765690377,827287ae26c4b1558ab41958dd1f7df19842fff6be663f91eb8b411fdabbe59d,FALSE,titan-representative-benchmark-v1,FALSE,one lowest salted SHA-256 endpoint per non-empty outcome-family and sample-size-tercile cell; binary cells additionally stratified by minority-class-fraction tercile
binary,oncogenic_pathway,BRCA,NOTCH,942,196,746,C,large,moderate,0.208067940552017,9fd2d755a1c104470494ec47e65f78898e137f3eaa2a9c51ddf91cddaaaf8253,FALSE,titan-representative-benchmark-v1,FALSE,one lowest salted SHA-256 endpoint per non-empty outcome-family and sample-size-tercile cell; binary cells additionally stratified by minority-class-fraction tercile
binary,oncogenic_pathway,BRCA,MYC,942,200,742,C,large,moderate,0.212314225053079,b5fb0b16784d9816bb554da55eb2f26b1ace7ca803f70418a9b23d38e2634e4c,FALSE,titan-representative-benchmark-v1,FALSE,one lowest salted SHA-256 endpoint per non-empty outcome-family and sample-size-tercile cell; binary cells additionally stratified by minority-class-fraction tercile
binary,oncogenic_pathway,LGG,NOTCH,481,120,361,C,large,moderate,0.24948024948025,bee0ac8188815db6126b6538a1c18d7c3a684b298ec3c368c7caa773d13ca4a9,FALSE,titan-representative-benchmark-v1,FALSE,one lowest salted SHA-256 endpoint per non-empty outcome-family and sample-size-tercile cell; binary cells additionally stratified by minority-class-fraction tercile
binary,oncogenic_pathway,THCA,Cell Cycle,471,65,406,C,large,moderate,0.138004246284501,c58d65b1fea5be40173fd6cb3976107161aa5e1bb3a4628fd45c8a33babd639e,FALSE,titan-representative-benchmark-v1,FALSE,one lowest salted SHA-256 endpoint per non-empty outcome-family and sample-size-tercile cell; binary cells additionally stratified by minority-class-fraction tercile
binary,oncogenic_pathway,BRCA,WNT,942,163,779,C,large,moderate,0.173036093418259,d54a00f7d7e2d7b4f6245276fafa5910215ff84b3fd7874d763111f3a2311cad,FALSE,titan-representative-benchmark-v1,FALSE,one lowest salted SHA-256 endpoint per non-empty outcome-family and sample-size-tercile cell; binary cells additionally stratified by minority-class-fraction tercile
binary,oncogenic_pathway,LGG,HIPPO,481,379,102,A,large,moderate,0.212058212058212,ff247cb8a9f98cb6d4674f52b14d64525cde14c6a278174a044e519970828cdd,FALSE,titan-representative-benchmark-v1,FALSE,one lowest salted SHA-256 endpoint per non-empty outcome-family and sample-size-tercile cell; binary cells additionally stratified by minority-class-fraction tercile
binary,oncogenic_pathway,LUAD,TGF-Beta,451,45,406,C,medium,high,0.0997782705099778,25e6687f4e130fb704c798c8fe8ffde0f790ffedcd20147a1a61f5f762f0baa1,TRUE,titan-representative-benchmark-v1,FALSE,one lowest salted SHA-256 endpoint per non-empty outcome-family and sample-size-tercile cell; binary cells additionally stratified by minority-class-fraction tercile
binary,oncogenic_pathway,BLCA,NRF2,373,32,341,C,medium,high,0.0857908847184987,45307057a0c73c8e7ee5089376bac9bb158b6cdeaf0a7af224098ca7f79e9632,FALSE,titan-representative-benchmark-v1,FALSE,one lowest salted SHA-256 endpoint per non-empty outcome-family and sample-size-tercile cell; binary cells additionally stratified by minority-class-fraction tercile
binary,oncogenic_pathway,BLCA,TGF-Beta,373,31,342,C,medium,high,0.0831099195710456,5523df334e3328498612994d9f42fe869158123b2678516df06abe6ef6d317b1,FALSE,titan-representative-benchmark-v1,FALSE,one lowest salted SHA-256 endpoint per non-empty outcome-family and sample-size-tercile cell; binary cells additionally stratified by minority-class-fraction tercile
binary,oncogenic_pathway,LUSC,TGF-Beta,443,47,396,C,medium,high,0.106094808126411,8aa4b62d602cfb820bf680f4fd777fbca178e8af09cf389071d929725a5b7196,FALSE,titan-representative-benchmark-v1,FALSE,one lowest salted SHA-256 endpoint per non-empty outcome-family and sample-size-tercile cell; binary cells additionally stratified by minority-class-fraction tercile
binary,oncogenic_pathway,PRAD,MYC,389,41,348,C,medium,high,0.105398457583548,e6911e3a53c5f8c797c52257185aabd08e30c11c2087160f4f0b911cae09135f,FALSE,titan-representative-benchmark-v1,FALSE,one lowest salted SHA-256 endpoint per non-empty outcome-family and sample-size-tercile cell; binary cells additionally stratified by minority-class-fraction tercile
binary,oncogenic_pathway,PRAD,TGF-Beta,389,25,364,C,medium,high,0.06426735218509,ff82be1c5b853ad9d6e02a5895f518fefa6be31259c1874a0f442d83b6d287d2,FALSE,titan-representative-benchmark-v1,FALSE,one lowest salted SHA-256 endpoint per non-empty outcome-family and sample-size-tercile cell; binary cells additionally stratified by minority-class-fraction tercile
binary,oncogenic_pathway,LUAD,RTK RAS,451,338,113,C,medium,low,0.250554323725055,07a8cba3bb4375d12510830e519a8795f42b862bead19b8ffae0a3887d1f1bd2,TRUE,titan-representative-benchmark-v1,FALSE,one lowest salted SHA-256 endpoint per non-empty outcome-family and sample-size-tercile cell; binary cells additionally stratified by minority-class-fraction tercile
binary,oncogenic_pathway,HNSC,HIPPO,412,156,256,C,medium,low,0.378640776699029,0d18d4b63928f6be6f01035b1dbea2f99248cc58873fb8e19ec00c5d8446f6d9,FALSE,titan-representative-benchmark-v1,FALSE,one lowest salted SHA-256 endpoint per non-empty outcome-family and sample-size-tercile cell; binary cells additionally stratified by minority-class-fraction tercile
binary,oncogenic_pathway,LUSC,HIPPO,443,119,324,C,medium,low,0.2686230248307,19de9a63f9b7a75e66f0a32eaea7d339420d19716de2200efba1aaace1f2d434,FALSE,titan-representative-benchmark-v1,FALSE,one lowest salted SHA-256 endpoint per non-empty outcome-family and sample-size-tercile cell; binary cells additionally stratified by minority-class-fraction tercile
binary,oncogenic_pathway,PRAD,WNT,389,141,248,C,medium,low,0.362467866323907,23b6675b957b4bfa6879b8929c0f7300375237e3dde789225737582ccaf34087,FALSE,titan-representative-benchmark-v1,FALSE,one lowest salted SHA-256 endpoint per non-empty outcome-family and sample-size-tercile cell; binary cells additionally stratified by minority-class-fraction tercile
binary,oncogenic_pathway,HNSC,PI3K,412,170,242,C,medium,low,0.412621359223301,4208f999b2a8f37f4e0f22e0722c9cdbe078b18a304b25b734627a97151092f0,FALSE,titan-representative-benchmark-v1,FALSE,one lowest salted SHA-256 endpoint per non-empty outcome-family and sample-size-tercile cell; binary cells additionally stratified by minority-class-fraction tercile
binary,oncogenic_pathway,HNSC,RTK RAS,412,176,236,C,medium,low,0.427184466019417,4fda6d84e7f7254716e8d4ab9d8402c0a0164e803a004e43c1b3ce4058c9de9c,FALSE,titan-representative-benchmark-v1,FALSE,one lowest salted SHA-256 endpoint per non-empty outcome-family and sample-size-tercile cell; binary cells additionally stratified by minority-class-fraction tercile
binary,oncogenic_pathway,BLCA,TP53,373,232,141,B,medium,low,0.378016085790885,5b2bddf65dafd9d32a3d123533f51af390b975e0e58bbf885edf4663073c7747,FALSE,titan-representative-benchmark-v1,FALSE,one lowest salted SHA-256 endpoint per non-empty outcome-family and sample-size-tercile cell; binary cells additionally stratified by minority-class-fraction tercile
binary,oncogenic_pathway,LUAD,TP53,451,274,177,B,medium,low,0.392461197339246,630d0d62e14b3d0e176e136e41de22e8c12a294bf36c0ccbed41fd9bbadb2c97,FALSE,titan-representative-benchmark-v1,FALSE,one lowest salted SHA-256 endpoint per non-empty outcome-family and sample-size-tercile cell; binary cells additionally stratified by minority-class-fraction tercile
binary,oncogenic_pathway,LUSC,RTK RAS,443,237,206,C,medium,low,0.465011286681716,6dc87bcd16ae495aaaa3f28d3877c93b0412d1db783099d14d27f0ef20e596f8,FALSE,titan-representative-benchmark-v1,FALSE,one lowest salted SHA-256 endpoint per non-empty outcome-family and sample-size-tercile cell; binary cells additionally stratified by minority-class-fraction tercile
binary,oncogenic_pathway,BLCA,HIPPO,373,97,276,C,medium,low,0.260053619302949,7b5c0b582bfd5ebe51fba21f18316683228181e3670c5e07b0f1bafb3b3f56b1,FALSE,titan-representative-benchmark-v1,FALSE,one lowest salted SHA-256 endpoint per non-empty outcome-family and sample-size-tercile cell; binary cells additionally stratified by minority-class-fraction tercile
binary,oncogenic_pathway,BLCA,PI3K,373,170,203,C,medium,low,0.455764075067024,807546431d1d440838ee5ad6b169b4b99339fbec96a29fae0b853b18a9e85ea5,FALSE,titan-representative-benchmark-v1,FALSE,one lowest salted SHA-256 endpoint per non-empty outcome-family and sample-size-tercile cell; binary cells additionally stratified by minority-class-fraction tercile
binary,oncogenic_pathway,LUAD,PI3K,451,174,277,C,medium,low,0.385809312638581,8e614b21f1fbd3b4f0e53a61edfcd12ee316b938974027a3efcf06b870801ea2,FALSE,titan-representative-benchmark-v1,FALSE,one lowest salted SHA-256 endpoint per non-empty outcome-family and sample-size-tercile cell; binary cells additionally stratified by minority-class-fraction tercile
binary,oncogenic_pathway,LUAD,Cell Cycle,426,252,174,C,medium,low,0.408450704225352,9350c5523c64d286a7de50654c0e54cbb65058d468c7fb64bc51c41cad893e28,FALSE,titan-representative-benchmark-v1,FALSE,one lowest salted SHA-256 endpoint per non-empty outcome-family and sample-size-tercile cell; binary cells additionally stratified by minority-class-fraction tercile
binary,oncogenic_pathway,LUSC,PI3K,443,306,137,C,medium,low,0.309255079006772,a7d38add5ce2e35416627ed9b4e31cbbbc876c40900e246e2d12be3ae891c362,FALSE,titan-representative-benchmark-v1,FALSE,one lowest salted SHA-256 endpoint per non-empty outcome-family and sample-size-tercile cell; binary cells additionally stratified by minority-class-fraction tercile
binary,oncogenic_pathway,HNSC,NOTCH,412,143,269,C,medium,low,0.347087378640777,b474678f4ef6bae14e96e457efd8eaa1d1d7552bed73cc1041bd972267b0bd63,FALSE,titan-representative-benchmark-v1,FALSE,one lowest salted SHA-256 endpoint per non-empty outcome-family and sample-size-tercile cell; binary cells additionally stratified by minority-class-fraction tercile
binary,oncogenic_pathway,PRAD,PI3K,389,131,258,B,medium,low,0.336760925449871,d899018a188e3511f21f8b222e70f680e9bd98a337ab8a1e2ad703ac3cd9dd42,FALSE,titan-representative-benchmark-v1,FALSE,one lowest salted SHA-256 endpoint per non-empty outcome-family and sample-size-tercile cell; binary cells additionally stratified by minority-class-fraction tercile
binary,oncogenic_pathway,BLCA,RTK RAS,373,243,130,C,medium,low,0.348525469168901,ef4511697570385eb158af82da49feb32898a2c17e549902359c09484411117c,FALSE,titan-representative-benchmark-v1,FALSE,one lowest salted SHA-256 endpoint per non-empty outcome-family and sample-size-tercile cell; binary cells additionally stratified by minority-class-fraction tercile
binary,oncogenic_pathway,BLCA,NOTCH,373,155,218,C,medium,low,0.415549597855228,f1a292eafd550e7e9f250d043c73001ef9861f19ce2eaec9a150089fcd58885b,FALSE,titan-representative-benchmark-v1,FALSE,one lowest salted SHA-256 endpoint per non-empty outcome-family and sample-size-tercile cell; binary cells additionally stratified by minority-class-fraction tercile
binary,oncogenic_pathway,LUSC,NOTCH,443,137,306,C,medium,low,0.309255079006772,f89480ad860226cfd4f0f220721703dbd6b75e58e153076566ff2e91f0ffeb1c,FALSE,titan-representative-benchmark-v1,FALSE,one lowest salted SHA-256 endpoint per non-empty outcome-family and sample-size-tercile cell; binary cells additionally stratified by minority-class-fraction tercile
binary,oncogenic_pathway,PRAD,Cell Cycle,388,109,279,C,medium,low,0.280927835051546,ff7db386c228987958bc69391d0a2ef217f1f3716adf2fa97512f9e097d38656,FALSE,titan-representative-benchmark-v1,FALSE,one lowest salted SHA-256 endpoint per non-empty outcome-family and sample-size-tercile cell; binary cells additionally stratified by minority-class-fraction tercile
binary,oncogenic_pathway,PRAD,TP53,389,81,308,B,medium,moderate,0.208226221079692,11209469dd78252d6503c71ec023221627af8fe355e9d59641cefec9f72c81af,TRUE,titan-representative-benchmark-v1,FALSE,one lowest salted SHA-256 endpoint per non-empty outcome-family and sample-size-tercile cell; binary cells additionally stratified by minority-class-fraction tercile
binary,oncogenic_pathway,LUSC,TP53,443,380,63,C,medium,moderate,0.142212189616253,1b8145da58f554b1a1bb8759263fca855341db18e9793025dea249998c8af492,FALSE,titan-representative-benchmark-v1,FALSE,one lowest salted SHA-256 endpoint per non-empty outcome-family and sample-size-tercile cell; binary cells additionally stratified by minority-class-fraction tercile
binary,oncogenic_pathway,HNSC,WNT,412,64,348,C,medium,moderate,0.155339805825243,1d84603632f0ee544c2afd2a2a4cbad2fb79cb86b01951669947773701e5b641,FALSE,titan-representative-benchmark-v1,FALSE,one lowest salted SHA-256 endpoint per non-empty outcome-family and sample-size-tercile cell; binary cells additionally stratified by minority-class-fraction tercile
binary,oncogenic_pathway,HNSC,NRF2,412,50,362,C,medium,moderate,0.121359223300971,218336b95f4a1f3c07329ce36d8c745a4ce4ac2ec28faee8fc2ce4691c3ef38d,FALSE,titan-representative-benchmark-v1,FALSE,one lowest salted SHA-256 endpoint per non-empty outcome-family and sample-size-tercile cell; binary cells additionally stratified by minority-class-fraction tercile
binary,oncogenic_pathway,HNSC,MYC,412,78,334,C,medium,moderate,0.189320388349515,3a29b70de5896dcf2d7d91a42b4c47b674f702ba0e90aa34ad805505c14d5e72,FALSE,titan-representative-benchmark-v1,FALSE,one lowest salted SHA-256 endpoint per non-empty outcome-family and sample-size-tercile cell; binary cells additionally stratified by minority-class-fraction tercile
binary,oncogenic_pathway,LUSC,MYC,443,53,390,C,medium,moderate,0.119638826185102,404dce3cbb04bb0d88b0ddc365c94eb0a5fe057e3c9fec4b831f2aeb402674b0,FALSE,titan-representative-benchmark-v1,FALSE,one lowest salted SHA-256 endpoint per non-empty outcome-family and sample-size-tercile cell; binary cells additionally stratified by minority-class-fraction tercile
binary,oncogenic_pathway,HNSC,TGF-Beta,412,54,358,C,medium,moderate,0.131067961165049,4196d17048c932d95c3007a8fa07abfdb493c6eb26389396301cbb848d7106ee,FALSE,titan-representative-benchmark-v1,FALSE,one lowest salted SHA-256 endpoint per non-empty outcome-family and sample-size-tercile cell; binary cells additionally stratified by minority-class-fraction tercile
binary,oncogenic_pathway,LUAD,HIPPO,451,101,350,C,medium,moderate,0.223946784922395,4ae9b16be004eb11e5b7038633652f2274ace57d164d07578563ac7929a80eaf,FALSE,titan-representative-benchmark-v1,FALSE,one lowest salted SHA-256 endpoint per non-empty outcome-family and sample-size-tercile cell; binary cells additionally stratified by minority-class-fraction tercile
binary,oncogenic_pathway,BLCA,WNT,373,72,301,C,medium,moderate,0.193029490616622,6dc9409fcbdc0b40c33e41afc6f540aaed371168bc9d0140e3fa5f61c3214f9f,FALSE,titan-representative-benchmark-v1,FALSE,one lowest salted SHA-256 endpoint per non-empty outcome-family and sample-size-tercile cell; binary cells additionally stratified by minority-class-fraction tercile
binary,oncogenic_pathway,HNSC,Cell Cycle,412,332,80,C,medium,moderate,0.194174757281553,75df087a5991d3c0aa878a391626205ff5aaa5d784907e1165e1b58f10294dd4,FALSE,titan-representative-benchmark-v1,FALSE,one lowest salted SHA-256 endpoint per non-empty outcome-family and sample-size-tercile cell; binary cells additionally stratified by minority-class-fraction tercile
binary,oncogenic_pathway,LUAD,NOTCH,451,97,354,C,medium,moderate,0.215077605321508,81cd4970139787429f1444932ecd6870df73e84b0d6385354bcd999fea65434f,FALSE,titan-representative-benchmark-v1,FALSE,one lowest salted SHA-256 endpoint per non-empty outcome-family and sample-size-tercile cell; binary cells additionally stratified by minority-class-fraction tercile
binary,oncogenic_pathway,BLCA,MYC,373,67,306,C,medium,moderate,0.179624664879357,889ae21918fbb56ea9f020168bd065ea2bc9a46e4731d28fd34306e0c1b646c0,FALSE,titan-representative-benchmark-v1,FALSE,one lowest salted SHA-256 endpoint per non-empty outcome-family and sample-size-tercile cell; binary cells additionally stratified by minority-class-fraction tercile
binary,oncogenic_pathway,LUAD,NRF2,451,63,388,C,medium,moderate,0.139689578713969,8aea9cf0fe4489ad8302beaf7222b599350c10eea454ef7cae51b06d7e911fa9,FALSE,titan-representative-benchmark-v1,FALSE,one lowest salted SHA-256 endpoint per non-empty outcome-family and sample-size-tercile cell; binary cells additionally stratified by minority-class-fraction tercile
binary,oncogenic_pathway,LUSC,NRF2,443,109,334,C,medium,moderate,0.246049661399549,8cfb732d65adafb34ec1a684c702d4edb0a7cce4038c820fedfa4612291274f5,FALSE,titan-representative-benchmark-v1,FALSE,one lowest salted SHA-256 endpoint per non-empty outcome-family and sample-size-tercile cell; binary cells additionally stratified by minority-class-fraction tercile
binary,oncogenic_pathway,LUSC,WNT,443,81,362,C,medium,moderate,0.182844243792325,8d42840e7ac7db57f02f75557a45397b3145343a79f4b4fd04a2705279d49ff3,FALSE,titan-representative-benchmark-v1,FALSE,one lowest salted SHA-256 endpoint per non-empty outcome-family and sample-size-tercile cell; binary cells additionally stratified by minority-class-fraction tercile
binary,oncogenic_pathway,HNSC,TP53,412,312,100,B,medium,moderate,0.242718446601942,9ed92309eaba832e662393b227eb37654e983a5dff5e33cd82f1a89d3a6626af,FALSE,titan-representative-benchmark-v1,FALSE,one lowest salted SHA-256 endpoint per non-empty outcome-family and sample-size-tercile cell; binary cells additionally stratified by minority-class-fraction tercile
binary,oncogenic_pathway,LUAD,WNT,451,77,374,C,medium,moderate,0.170731707317073,b54a54563db82c23e839009b0a56cb31c2128adc4b69eb2f9f7ceda4a1274b74,FALSE,titan-representative-benchmark-v1,FALSE,one lowest salted SHA-256 endpoint per non-empty outcome-family and sample-size-tercile cell; binary cells additionally stratified by minority-class-fraction tercile
binary,oncogenic_pathway,BLCA,Cell Cycle,373,303,70,C,medium,moderate,0.187667560321716,cad5d1e52f04cac537342d8158ce609ba2e6da77ef1f0ddadc69be70613aee21,FALSE,titan-representative-benchmark-v1,FALSE,one lowest salted SHA-256 endpoint per non-empty outcome-family and sample-size-tercile cell; binary cells additionally stratified by minority-class-fraction tercile
binary,oncogenic_pathway,PRAD,NOTCH,389,54,335,C,medium,moderate,0.138817480719794,db9b4da7eee4be4f5d5205d57ea88d0111134c6024c659089e818b7def76cc9f,FALSE,titan-representative-benchmark-v1,FALSE,one lowest salted SHA-256 endpoint per non-empty outcome-family and sample-size-tercile cell; binary cells additionally stratified by minority-class-fraction tercile
binary,oncogenic_pathway,PRAD,RTK RAS,389,58,331,C,medium,moderate,0.149100257069409,eef87cb39e1c9a5f4bc7c84358d5168462daac9f203d1a464c696d6d730a7bae,FALSE,titan-representative-benchmark-v1,FALSE,one lowest salted SHA-256 endpoint per non-empty outcome-family and sample-size-tercile cell; binary cells additionally stratified by minority-class-fraction tercile
binary,oncogenic_pathway,LUSC,Cell Cycle,400,349,51,C,medium,moderate,0.1275,f3b61ab8305f6a1887626cfa9ae5e2ae816cef292a81c99073f32105f4daac8f,FALSE,titan-representative-benchmark-v1,FALSE,one lowest salted SHA-256 endpoint per non-empty outcome-family and sample-size-tercile cell; binary cells additionally stratified by minority-class-fraction tercile
binary,oncogenic_pathway,LUAD,MYC,451,103,348,C,medium,moderate,0.228381374722838,f55a8e476a559ee9d4c38b14649cc5b5a3f885472ff40c2f0e46f535e5f62c92,FALSE,titan-representative-benchmark-v1,FALSE,one lowest salted SHA-256 endpoint per non-empty outcome-family and sample-size-tercile cell; binary cells additionally stratified by minority-class-fraction tercile
binary,oncogenic_pathway,KIRC,WNT,336,23,313,B,small,high,0.068452380952381,002d269e0d6661295cd6dcf57367499280ee10ab1b2e02deab35565eb8a357b3,TRUE,titan-representative-benchmark-v1,FALSE,one lowest salted SHA-256 endpoint per non-empty outcome-family and sample-size-tercile cell; binary cells additionally stratified by minority-class-fraction tercile
binary,oncogenic_pathway,SARC,HIPPO,222,25,197,C,small,high,0.112612612612613,0bff4bac568464fc33a74101ad9cc7cab5cc214cada8f55dfc1a41018016d12c,FALSE,titan-representative-benchmark-v1,FALSE,one lowest salted SHA-256 endpoint per non-empty outcome-family and sample-size-tercile cell; binary cells additionally stratified by minority-class-fraction tercile
binary,oncogenic_pathway,LIHC,NRF2,337,22,315,C,small,high,0.0652818991097923,1dc1790543d94f1611a4fa9681e4408cf9586392e354bfdbe791f7322ab046b9,FALSE,titan-representative-benchmark-v1,FALSE,one lowest salted SHA-256 endpoint per non-empty outcome-family and sample-size-tercile cell; binary cells additionally stratified by minority-class-fraction tercile
binary,oncogenic_pathway,COAD,WNT,323,290,33,C,small,high,0.102167182662539,30a4535d7cdcd8e63a80d55aab3fd681dfe0f31d7374ad54d6b04f1368aca1e8,FALSE,titan-representative-benchmark-v1,FALSE,one lowest salted SHA-256 endpoint per non-empty outcome-family and sample-size-tercile cell; binary cells additionally stratified by minority-class-fraction tercile
binary,oncogenic_pathway,KIRP,PI3K,255,21,234,C,small,high,0.0823529411764706,3fea3d7c879bfd4c6a59d0190f8d83f27178b3e1b93de98c03c275cf866a8b81,FALSE,titan-representative-benchmark-v1,FALSE,one lowest salted SHA-256 endpoint per non-empty outcome-family and sample-size-tercile cell; binary cells additionally stratified by minority-class-fraction tercile
binary,oncogenic_pathway,KIRC,NOTCH,336,24,312,C,small,high,0.0714285714285714,53eb51d1e053f97aa2f3f7370499102d27eccaa52fe42d216d837ce18a6455d3,FALSE,titan-representative-benchmark-v1,FALSE,one lowest salted SHA-256 endpoint per non-empty outcome-family and sample-size-tercile cell; binary cells additionally stratified by minority-class-fraction tercile
binary,oncogenic_pathway,CESC,NRF2,238,20,218,C,small,high,0.0840336134453782,82b96c16cd8954ee6077196473fc82c61b1e678b8f445c8d32aa6c18392ba44a,FALSE,titan-representative-benchmark-v1,FALSE,one lowest salted SHA-256 endpoint per non-empty outcome-family and sample-size-tercile cell; binary cells additionally stratified by minority-class-fraction tercile
binary,oncogenic_pathway,KIRP,WNT,255,24,231,C,small,high,0.0941176470588235,ac3a9be519355cd8f9da398a883922de5446df9207b20b91819a56bee688663f,FALSE,titan-representative-benchmark-v1,FALSE,one lowest salted SHA-256 endpoint per non-empty outcome-family and sample-size-tercile cell; binary cells additionally stratified by minority-class-fraction tercile
binary,oncogenic_pathway,LIHC,TGF-Beta,337,24,313,C,small,high,0.0712166172106825,c6cc70410fc1f2ddb8d7eb9d7e229a9bdd1d468ad39bedf3fdff87283c588a4d,FALSE,titan-representative-benchmark-v1,FALSE,one lowest salted SHA-256 endpoint per non-empty outcome-family and sample-size-tercile cell; binary cells additionally stratified by minority-class-fraction tercile
binary,oncogenic_pathway,MESO,HIPPO,70,27,43,C,small,low,0.385714285714286,01fd3688a4d3a3bba78a5c802f95679f7055f03aa22b32eba60ed1ba2965e17c,TRUE,titan-representative-benchmark-v1,FALSE,one lowest salted SHA-256 endpoint per non-empty outcome-family and sample-size-tercile cell; binary cells additionally stratified by minority-class-fraction tercile
binary,oncogenic_pathway,CESC,PI3K,238,138,100,C,small,low,0.420168067226891,0b603b67412302a97b091a6c930eae57aa658a7d38ebef2fb24bf80fc783d68c,FALSE,titan-representative-benchmark-v1,FALSE,one lowest salted SHA-256 endpoint per non-empty outcome-family and sample-size-tercile cell; binary cells additionally stratified by minority-class-fraction tercile
binary,oncogenic_pathway,READ,RTK RAS,107,76,31,C,small,low,0.289719626168224,1335a46135c9892f3294d7c65f0631f6882656c0a7b01c92603923effffae729,FALSE,titan-representative-benchmark-v1,FALSE,one lowest salted SHA-256 endpoint per non-empty outcome-family and sample-size-tercile cell; binary cells additionally stratified by minority-class-fraction tercile
binary,oncogenic_pathway,STAD,TP53,327,184,143,B,small,low,0.437308868501529,166edac6d550719d8e6eeabf3aeb01250a54be081afa0285afe66cf4dfcf5a32,FALSE,titan-representative-benchmark-v1,FALSE,one lowest salted SHA-256 endpoint per non-empty outcome-family and sample-size-tercile cell; binary cells additionally stratified by minority-class-fraction tercile
binary,oncogenic_pathway,COAD,Cell Cycle,253,147,106,C,small,low,0.41897233201581,2070ce0a011905bb131ed40d029774b8a90e606524068d9aead6a278381b109d,FALSE,titan-representative-benchmark-v1,FALSE,one lowest salted SHA-256 endpoint per non-empty outcome-family and sample-size-tercile cell; binary cells additionally stratified by minority-class-fraction tercile
binary,oncogenic_pathway,READ,Cell Cycle,81,35,46,C,small,low,0.432098765432099,21deb650a81d075d65295038a2caa029a538a47f3d4e7958c03d71358fb7b141,FALSE,titan-representative-benchmark-v1,FALSE,one lowest salted SHA-256 endpoint per non-empty outcome-family and sample-size-tercile cell; binary cells additionally stratified by minority-class-fraction tercile
binary,oncogenic_pathway,PAAD,TGF-Beta,150,62,88,C,small,low,0.413333333333333,2392477dafb6041d3c7c533fb60c54961fc32e9da7bb653802e413ab742b8493,FALSE,titan-representative-benchmark-v1,FALSE,one lowest salted SHA-256 endpoint per non-empty outcome-family and sample-size-tercile cell; binary cells additionally stratified by minority-class-fraction tercile
binary,oncogenic_pathway,COAD,TP53,323,208,115,B,small,low,0.356037151702786,2c61575aa08c3e7f4dd2316c9cebc3ec3a623cb75982b9bcbebe29e92193999c,FALSE,titan-representative-benchmark-v1,FALSE,one lowest salted SHA-256 endpoint per non-empty outcome-family and sample-size-tercile cell; binary cells additionally stratified by minority-class-fraction tercile
binary,oncogenic_pathway,COAD,TGF-Beta,323,100,223,C,small,low,0.309597523219814,34ade05db2b7173c05d0566134cdfcaee04e6f745d0a287fd33a631e83df8138,FALSE,titan-representative-benchmark-v1,FALSE,one lowest salted SHA-256 endpoint per non-empty outcome-family and sample-size-tercile cell; binary cells additionally stratified by minority-class-fraction tercile
binary,oncogenic_pathway,LIHC,NOTCH,337,87,250,C,small,low,0.258160237388724,376a5fdb588ab858c88b8d7f47b6304a835abbeb2f75c6a1a63b9975c05e8942,FALSE,titan-representative-benchmark-v1,FALSE,one lowest salted SHA-256 endpoint per non-empty outcome-family and sample-size-tercile cell; binary cells additionally stratified by minority-class-fraction tercile
binary,oncogenic_pathway,COAD,RTK RAS,323,242,81,C,small,low,0.25077399380805,3e104d0f043cbe6e54034a835c73c1a281df1431101cddf49d55513753d335be,FALSE,titan-representative-benchmark-v1,FALSE,one lowest salted SHA-256 endpoint per non-empty outcome-family and sample-size-tercile cell; binary cells additionally stratified by minority-class-fraction tercile
binary,oncogenic_pathway,STAD,Cell Cycle,317,220,97,C,small,low,0.305993690851735,43eeb26b4091a611bb950b3b23993ab38dbaa0b91ebf128f6f75ba98570062c7,FALSE,titan-representative-benchmark-v1,FALSE,one lowest salted SHA-256 endpoint per non-empty outcome-family and sample-size-tercile cell; binary cells additionally stratified by minority-class-fraction tercile
binary,oncogenic_pathway,LIHC,PI3K,337,85,252,C,small,low,0.252225519287834,48e6a262ff69ec1473a0928a8dd1e7ce36fef9a72a7131967ba86b33899b581a,FALSE,titan-representative-benchmark-v1,FALSE,one lowest salted SHA-256 endpoint per non-empty outcome-family and sample-size-tercile cell; binary cells additionally stratified by minority-class-fraction tercile
binary,oncogenic_pathway,STAD,WNT,327,120,207,B,small,low,0.36697247706422,498607ea8c5c0d33d14fb9c538f06cbe468138678cb3c795f68dd6592a733944,FALSE,titan-representative-benchmark-v1,FALSE,one lowest salted SHA-256 endpoint per non-empty outcome-family and sample-size-tercile cell; binary cells additionally stratified by minority-class-fraction tercile
binary,oncogenic_pathway,PAAD,Cell Cycle,150,105,45,C,small,low,0.3,4afcf77e945327113e46d7dc1a71275b97b64e69a92fd61694b3744c6816d9a0,FALSE,titan-representative-benchmark-v1,FALSE,one lowest salted SHA-256 endpoint per non-empty outcome-family and sample-size-tercile cell; binary cells additionally stratified by minority-class-fraction tercile
binary,oncogenic_pathway,TGCT,RTK RAS,143,54,89,B,small,low,0.377622377622378,4f39ca088a90d609796c89ac87e25fa3a0ddfb618e76b15fbdee43e62e89e375,FALSE,titan-representative-benchmark-v1,FALSE,one lowest salted SHA-256 endpoint per non-empty outcome-family and sample-size-tercile cell; binary cells additionally stratified by minority-class-fraction tercile
binary,oncogenic_pathway,STAD,PI3K,327,133,194,C,small,low,0.406727828746177,629f2bcdd67ff7c84935302edee765ded8c72dc23ae94a5aad684054beee48df,FALSE,titan-representative-benchmark-v1,FALSE,one lowest salted SHA-256 endpoint per non-empty outcome-family and sample-size-tercile cell; binary cells additionally stratified by minority-class-fraction tercile
binary,oncogenic_pathway,READ,TGF-Beta,107,27,80,C,small,low,0.252336448598131,6add1d75f57184761fe78a0c01b4c649670da1fbb8c49017db3bd80a3d7b6e8e,FALSE,titan-representative-benchmark-v1,FALSE,one lowest salted SHA-256 endpoint per non-empty outcome-family and sample-size-tercile cell; binary cells additionally stratified by minority-class-fraction tercile
binary,oncogenic_pathway,CESC,NOTCH,238,82,156,C,small,low,0.34453781512605,6ec47338f9d84da8b748603eb5d085d86f82539b1a31addc1950103ae1f3cc67,FALSE,titan-representative-benchmark-v1,FALSE,one lowest salted SHA-256 endpoint per non-empty outcome-family and sample-size-tercile cell; binary cells additionally stratified by minority-class-fraction tercile
binary,oncogenic_pathway,ESCA,NOTCH,143,46,97,C,small,low,0.321678321678322,6f726d33a11278218947c3c2779e87e3913be61c1d60e60caab4cf54dc7e4dc3,FALSE,titan-representative-benchmark-v1,FALSE,one lowest salted SHA-256 endpoint per non-empty outcome-family and sample-size-tercile cell; binary cells additionally stratified by minority-class-fraction tercile
binary,oncogenic_pathway,UCEC,Cell Cycle,226,131,95,C,small,low,0.420353982300885,6f99916266f59afeb136961b863915fda77ca2df134f727cb5c7a921a21fade7,FALSE,titan-representative-benchmark-v1,FALSE,one lowest salted SHA-256 endpoint per non-empty outcome-family and sample-size-tercile cell; binary cells additionally stratified by minority-class-fraction tercile
binary,oncogenic_pathway,CESC,RTK RAS,238,89,149,C,small,low,0.373949579831933,71fdb19e6cb47f169939ea00a376d1961821a7dfa5a028893a6533a64dd12a38,FALSE,titan-representative-benchmark-v1,FALSE,one lowest salted SHA-256 endpoint per non-empty outcome-family and sample-size-tercile cell; binary cells additionally stratified by minority-class-fraction tercile
binary,oncogenic_pathway,PAAD,TP53,150,103,47,C,small,low,0.313333333333333,76fe49398e75b63b9f3b42180deba67cd21b1c1c1eccf9a98ba3b649af343f4e,FALSE,titan-representative-benchmark-v1,FALSE,one lowest salted SHA-256 endpoint per non-empty outcome-family and sample-size-tercile cell; binary cells additionally stratified by minority-class-fraction tercile
binary,oncogenic_pathway,SARC,Cell Cycle,222,145,77,C,small,low,0.346846846846847,8107bc85a860dadf233f38f68468d6a3ad6f6f0a04589fef4c60c9590b9b1716,FALSE,titan-representative-benchmark-v1,FALSE,one lowest salted SHA-256 endpoint per non-empty outcome-family and sample-size-tercile cell; binary cells additionally stratified by minority-class-fraction tercile
binary,oncogenic_pathway,SARC,PI3K,222,62,160,C,small,low,0.279279279279279,89178027887692a045eb5d03b29dfad56a95888c273f8abc2ff24cca006c60ca,FALSE,titan-representative-benchmark-v1,FALSE,one lowest salted SHA-256 endpoint per non-empty outcome-family and sample-size-tercile cell; binary cells additionally stratified by minority-class-fraction tercile
binary,oncogenic_pathway,LIHC,Cell Cycle,337,232,105,B,small,low,0.311572700296736,95bec80f14589a3aec692a4aa1ad026b8f9f2458fe1ba2a3cc17700d459a9f1e,FALSE,titan-representative-benchmark-v1,FALSE,one lowest salted SHA-256 endpoint per non-empty outcome-family and sample-size-tercile cell; binary cells additionally stratified by minority-class-fraction tercile
binary,oncogenic_pathway,STAD,TGF-Beta,327,90,237,C,small,low,0.275229357798165,9bb2fc139bb90a876e6d6e281db4ec855bdb6954c6cb2aef59b1b9f2e55eec3b,FALSE,titan-representative-benchmark-v1,FALSE,one lowest salted SHA-256 endpoint per non-empty outcome-family and sample-size-tercile cell; binary cells additionally stratified by minority-class-fraction tercile
binary,oncogenic_pathway,UCS,RTK RAS,52,32,20,C,small,low,0.384615384615385,a205f58172f79853f1c6c45404d4bed103f30571a56e06200b348b4c03c7ab74,FALSE,titan-representative-benchmark-v1,FALSE,one lowest salted SHA-256 endpoint per non-empty outcome-family and sample-size-tercile cell; binary cells additionally stratified by minority-class-fraction tercile
binary,oncogenic_pathway,COAD,PI3K,323,148,175,B,small,low,0.458204334365325,aabdba0d64d6d1082239d0472c3698ac79f708df816a0bd35d9bc80d0454b6a4,FALSE,titan-representative-benchmark-v1,FALSE,one lowest salted SHA-256 endpoint per non-empty outcome-family and sample-size-tercile cell; binary cells additionally stratified by minority-class-fraction tercile
binary,oncogenic_pathway,STAD,NOTCH,327,125,202,B,small,low,0.382262996941896,b15bab2e99ba7fe5cad8916e6032a4720566095f4769c98e95db53884e67ad19,FALSE,titan-representative-benchmark-v1,FALSE,one lowest salted SHA-256 endpoint per non-empty outcome-family and sample-size-tercile cell; binary cells additionally stratified by minority-class-fraction tercile
binary,oncogenic_pathway,ACC,WNT,53,20,33,C,small,low,0.377358490566038,b28ce997ced89b2ebf0ef7a74d24dc206338b87804c8124631ad011de557f14c,FALSE,titan-representative-benchmark-v1,FALSE,one lowest salted SHA-256 endpoint per non-empty outcome-family and sample-size-tercile cell; binary cells additionally stratified by minority-class-fraction tercile
binary,oncogenic_pathway,ESCA,RTK RAS,143,81,62,C,small,low,0.433566433566434,b8f447b28f3156c29d93db5284c6a07564d4bc1aee7d96cecde0c91b88ed2539,FALSE,titan-representative-benchmark-v1,FALSE,one lowest salted SHA-256 endpoint per non-empty outcome-family and sample-size-tercile cell; binary cells additionally stratified by minority-class-fraction tercile
binary,oncogenic_pathway,GBM,TP53,71,38,33,B,small,low,0.464788732394366,bee63976438d2d978c6757b4b93702a88fee7fd6d14689dd0166ec999d202abd,FALSE,titan-representative-benchmark-v1,FALSE,one lowest salted SHA-256 endpoint per non-empty outcome-family and sample-size-tercile cell; binary cells additionally stratified by minority-class-fraction tercile
binary,oncogenic_pathway,CESC,HIPPO,238,76,162,C,small,low,0.319327731092437,bf461c0d645294efa841d8857c126af1ec916ce0d971760d118b00831999be2d,FALSE,titan-representative-benchmark-v1,FALSE,one lowest salted SHA-256 endpoint per non-empty outcome-family and sample-size-tercile cell; binary cells additionally stratified by minority-class-fraction tercile
binary,oncogenic_pathway,COAD,NOTCH,323,107,216,C,small,low,0.331269349845201,ca20a542b4a92e51483c3697464c59d44215b91755d0fac1189d48fae8635449,FALSE,titan-representative-benchmark-v1,FALSE,one lowest salted SHA-256 endpoint per non-empty outcome-family and sample-size-tercile cell; binary cells additionally stratified by minority-class-fraction tercile
binary,oncogenic_pathway,ESCA,PI3K,143,61,82,C,small,low,0.426573426573427,cd024eeee7428ac453cb287fbf3b7f09256865788d7338ca635a05329b960d43,FALSE,titan-representative-benchmark-v1,FALSE,one lowest salted SHA-256 endpoint per non-empty outcome-family and sample-size-tercile cell; binary cells additionally stratified by minority-class-fraction tercile
binary,oncogenic_pathway,GBM,PI3K,71,40,31,C,small,low,0.436619718309859,ce2dd3046d8bb57566ee467d555111479c4f74ceb8cf28762369127cc6581b79,FALSE,titan-representative-benchmark-v1,FALSE,one lowest salted SHA-256 endpoint per non-empty outcome-family and sample-size-tercile cell; binary cells additionally stratified by minority-class-fraction tercile
binary,oncogenic_pathway,READ,NOTCH,107,28,79,C,small,low,0.261682242990654,d0616cd30994621ab131b900bfbb199eb2bb571fa97d49812b25b5e6d30efde0,FALSE,titan-representative-benchmark-v1,FALSE,one lowest salted SHA-256 endpoint per non-empty outcome-family and sample-size-tercile cell; binary cells additionally stratified by minority-class-fraction tercile
binary,oncogenic_pathway,KICH,TP53,65,21,44,C,small,low,0.323076923076923,d7a8636956a69a89dd32956141a8eb58da5da1ac766e6d887a9c39ffa99268fe,FALSE,titan-representative-benchmark-v1,FALSE,one lowest salted SHA-256 endpoint per non-empty outcome-family and sample-size-tercile cell; binary cells additionally stratified by minority-class-fraction tercile
binary,oncogenic_pathway,UCS,NOTCH,52,28,24,C,small,low,0.461538461538462,d7aeacd95f0705b969d695fc92ea77d8faec08a192479bbccdb78c0d8dd0f38d,FALSE,titan-representative-benchmark-v1,FALSE,one lowest salted SHA-256 endpoint per non-empty outcome-family and sample-size-tercile cell; binary cells additionally stratified by minority-class-fraction tercile
binary,oncogenic_pathway,SARC,TP53,222,146,76,B,small,low,0.342342342342342,da4b7d52ff71d1249300b44c9a37a7eec5bfaebdf7c775d86e7189ec2ba994bf,FALSE,titan-representative-benchmark-v1,FALSE,one lowest salted SHA-256 endpoint per non-empty outcome-family and sample-size-tercile cell; binary cells additionally stratified by minority-class-fraction tercile
binary,oncogenic_pathway,MESO,Cell Cycle,70,36,34,C,small,low,0.485714285714286,dd044c087ae5f1c9c3547d1c08e9f5220a75d46bb22a01de95cfc913511cdcb5,FALSE,titan-representative-benchmark-v1,FALSE,one lowest salted SHA-256 endpoint per non-empty outcome-family and sample-size-tercile cell; binary cells additionally stratified by minority-class-fraction tercile
binary,oncogenic_pathway,LIHC,TP53,337,127,210,B,small,low,0.376854599406528,e042af678394f3a349ce18c7e0b640c720438eda79e97a9828f2456644996f8c,FALSE,titan-representative-benchmark-v1,FALSE,one lowest salted SHA-256 endpoint per non-empty outcome-family and sample-size-tercile cell; binary cells additionally stratified by minority-class-fraction tercile
binary,oncogenic_pathway,PCPG,RTK RAS,158,52,106,B,small,low,0.329113924050633,e4afe6308868e087c6170f8da93efffd0612332e6e7cb04c4fad58a654f83a9f,FALSE,titan-representative-benchmark-v1,FALSE,one lowest salted SHA-256 endpoint per non-empty outcome-family and sample-size-tercile cell; binary cells additionally stratified by minority-class-fraction tercile
binary,oncogenic_pathway,SARC,RTK RAS,222,86,136,B,small,low,0.387387387387387,ea85914c0d068886774d94fcc47eaade6855116264d7788f9f00f4124a20550b,FALSE,titan-representative-benchmark-v1,FALSE,one lowest salted SHA-256 endpoint per non-empty outcome-family and sample-size-tercile cell; binary cells additionally stratified by minority-class-fraction tercile
binary,oncogenic_pathway,STAD,RTK RAS,327,192,135,B,small,low,0.412844036697248,ed95b593ea80f4db800cbf8e9957b721ea6cd101d8b7828a5f048f7fd5d2c086,FALSE,titan-representative-benchmark-v1,FALSE,one lowest salted SHA-256 endpoint per non-empty outcome-family and sample-size-tercile cell; binary cells additionally stratified by minority-class-fraction tercile
binary,oncogenic_pathway,LIHC,WNT,337,147,190,B,small,low,0.43620178041543,ffc3edf8c776449cadaf44a6fbdb6669ab1477139089d490e57d49b67dd73884,FALSE,titan-representative-benchmark-v1,FALSE,one lowest salted SHA-256 endpoint per non-empty outcome-family and sample-size-tercile cell; binary cells additionally stratified by minority-class-fraction tercile
binary,oncogenic_pathway,PAAD,MYC,150,21,129,C,small,moderate,0.14,08ae3f29019a4d75ff8cda5d5bdb02f1f24d2a1703314cd69fac65ae20f44958,TRUE,titan-representative-benchmark-v1,FALSE,one lowest salted SHA-256 endpoint per non-empty outcome-family and sample-size-tercile cell; binary cells additionally stratified by minority-class-fraction tercile
binary,oncogenic_pathway,PCPG,Cell Cycle,155,23,132,B,small,moderate,0.148387096774194,151cd7311d3b47f94fff5e0717c5518714d02f474e00ab6989bc9253533dc72e,FALSE,titan-representative-benchmark-v1,FALSE,one lowest salted SHA-256 endpoint per non-empty outcome-family and sample-size-tercile cell; binary cells additionally stratified by minority-class-fraction tercile
binary,oncogenic_pathway,COAD,HIPPO,323,63,260,C,small,moderate,0.195046439628483,1dd2a20e9d4051fb453b0a3f8106d6535dd13d0ea9491051f5e0132d8d35668e,FALSE,titan-representative-benchmark-v1,FALSE,one lowest salted SHA-256 endpoint per non-empty outcome-family and sample-size-tercile cell; binary cells additionally stratified by minority-class-fraction tercile
binary,oncogenic_pathway,KIRP,HIPPO,255,29,226,C,small,moderate,0.113725490196078,1f817fd4830c7f57819ac012e197d34413695c42d3f655a283ca6866aafa2052,FALSE,titan-representative-benchmark-v1,FALSE,one lowest salted SHA-256 endpoint per non-empty outcome-family and sample-size-tercile cell; binary cells additionally stratified by minority-class-fraction tercile
binary,oncogenic_pathway,CESC,Cell Cycle,236,47,189,C,small,moderate,0.199152542372881,24a28d5d4a9fa07939735ab1e3677df3393854af4a644d760757c83406fc85ed,FALSE,titan-representative-benchmark-v1,FALSE,one lowest salted SHA-256 endpoint per non-empty outcome-family and sample-size-tercile cell; binary cells additionally stratified by minority-class-fraction tercile
binary,oncogenic_pathway,CESC,TGF-Beta,238,30,208,C,small,moderate,0.126050420168067,34e48028870da73b74e078c0cc39f032f96c39448de6228aa7c5237422be41f6,FALSE,titan-representative-benchmark-v1,FALSE,one lowest salted SHA-256 endpoint per non-empty outcome-family and sample-size-tercile cell; binary cells additionally stratified by minority-class-fraction tercile
binary,oncogenic_pathway,CESC,TP53,238,33,205,C,small,moderate,0.138655462184874,39e9e5fee4ac34b4402aa9d59bca1d8732dcfac6a67bd6efe8bea17fdefa533f,FALSE,titan-representative-benchmark-v1,FALSE,one lowest salted SHA-256 endpoint per non-empty outcome-family and sample-size-tercile cell; binary cells additionally stratified by minority-class-fraction tercile
binary,oncogenic_pathway,ESCA,TGF-Beta,143,27,116,C,small,moderate,0.188811188811189,4513762f664085bf1d8d7a834bf44a81fc6e83e919b82bed6670c1bcedbc22cf,FALSE,titan-representative-benchmark-v1,FALSE,one lowest salted SHA-256 endpoint per non-empty outcome-family and sample-size-tercile cell; binary cells additionally stratified by minority-class-fraction tercile
binary,oncogenic_pathway,KIRP,NOTCH,255,31,224,C,small,moderate,0.12156862745098,4cbd445884016983a51591a274631131b50cae61662095b73bd163dd07ad6b8b,FALSE,titan-representative-benchmark-v1,FALSE,one lowest salted SHA-256 endpoint per non-empty outcome-family and sample-size-tercile cell; binary cells additionally stratified by minority-class-fraction tercile
binary,oncogenic_pathway,SARC,WNT,222,32,190,C,small,moderate,0.144144144144144,502fcf0504c57e44841c2e5498ece0d8e3c1beeb6e55c91f40147b8c1279133b,FALSE,titan-representative-benchmark-v1,FALSE,one lowest salted SHA-256 endpoint per non-empty outcome-family and sample-size-tercile cell; binary cells additionally stratified by minority-class-fraction tercile
binary,oncogenic_pathway,PAAD,NOTCH,150,21,129,C,small,moderate,0.14,51095ff1a77259b7006015127a3e04598c122490645302a1da5e41396a89a9dc,FALSE,titan-representative-benchmark-v1,FALSE,one lowest salted SHA-256 endpoint per non-empty outcome-family and sample-size-tercile cell; binary cells additionally stratified by minority-class-fraction tercile
binary,oncogenic_pathway,SARC,NOTCH,222,48,174,C,small,moderate,0.216216216216216,5f8248dfa6d31f3b440adc38ef612f48ead6adaed457fd946c7d57d680574bb9,FALSE,titan-representative-benchmark-v1,FALSE,one lowest salted SHA-256 endpoint per non-empty outcome-family and sample-size-tercile cell; binary cells additionally stratified by minority-class-fraction tercile
binary,oncogenic_pathway,ESCA,HIPPO,143,26,117,C,small,moderate,0.181818181818182,6824d6d76991813127ac125f50166ebeb7be3263ac533b6d708e53e5ccc6c3a3,FALSE,titan-representative-benchmark-v1,FALSE,one lowest salted SHA-256 endpoint per non-empty outcome-family and sample-size-tercile cell; binary cells additionally stratified by minority-class-fraction tercile
binary,oncogenic_pathway,KIRP,RTK RAS,255,42,213,C,small,moderate,0.164705882352941,6f70ed6ffe1cb20b655aee9c783aa9d139720a2e0a7b6195301ece3633e63c5a,FALSE,titan-representative-benchmark-v1,FALSE,one lowest salted SHA-256 endpoint per non-empty outcome-family and sample-size-tercile cell; binary cells additionally stratified by minority-class-fraction tercile
binary,oncogenic_pathway,STAD,HIPPO,327,70,257,B,small,moderate,0.214067278287462,70513ac46a26cbab54ae0c325e95ac70b056e6b47f6f580adfae47c8127c7d6b,FALSE,titan-representative-benchmark-v1,FALSE,one lowest salted SHA-256 endpoint per non-empty outcome-family and sample-size-tercile cell; binary cells additionally stratified by minority-class-fraction tercile
binary,oncogenic_pathway,LIHC,RTK RAS,337,74,263,C,small,moderate,0.219584569732938,83c7cc96c125602e04e9eae80368785567bf1eafa5fcf02eaedf3bfb489aee81,FALSE,titan-representative-benchmark-v1,FALSE,one lowest salted SHA-256 endpoint per non-empty outcome-family and sample-size-tercile cell; binary cells additionally stratified by minority-class-fraction tercile
binary,oncogenic_pathway,ESCA,MYC,143,32,111,C,small,moderate,0.223776223776224,8afbbd3399fbd8d81044cc2baaef6cf9885f73e6727867d906820b7063bd4e88,FALSE,titan-representative-benchmark-v1,FALSE,one lowest salted SHA-256 endpoint per non-empty outcome-family and sample-size-tercile cell; binary cells additionally stratified by minority-class-fraction tercile
binary,oncogenic_pathway,PAAD,PI3K,150,28,122,C,small,moderate,0.186666666666667,8fc3b1ab1b198a24281062b6de2c97f4bd3a73304f376326984573c2c203c1d1,FALSE,titan-representative-benchmark-v1,FALSE,one lowest salted SHA-256 endpoint per non-empty outcome-family and sample-size-tercile cell; binary cells additionally stratified by minority-class-fraction tercile
binary,oncogenic_pathway,KIRC,RTK RAS,336,47,289,C,small,moderate,0.139880952380952,9305a5f276fa719733095bb4531b3c3ae7a5db64f93f3318160fe6112f62f4f0,FALSE,titan-representative-benchmark-v1,FALSE,one lowest salted SHA-256 endpoint per non-empty outcome-family and sample-size-tercile cell; binary cells additionally stratified by minority-class-fraction tercile
binary,oncogenic_pathway,KIRC,Cell Cycle,243,46,197,C,small,moderate,0.189300411522634,939a83b1c599279759663d956adde688b73d1db4f1342ef6f5bd9b8e0a7b165b,FALSE,titan-representative-benchmark-v1,FALSE,one lowest salted SHA-256 endpoint per non-empty outcome-family and sample-size-tercile cell; binary cells additionally stratified by minority-class-fraction tercile
binary,oncogenic_pathway,COAD,MYC,323,79,244,B,small,moderate,0.244582043343653,9fe552710336710a1b0b4d41e9c7c3f393ca3e1b12fc7f6903dd6473527b2260,FALSE,titan-representative-benchmark-v1,FALSE,one lowest salted SHA-256 endpoint per non-empty outcome-family and sample-size-tercile cell; binary cells additionally stratified by minority-class-fraction tercile
binary,oncogenic_pathway,PAAD,RTK RAS,150,117,33,C,small,moderate,0.22,a97e9be8f1cf1c8d4fe603a6466909ee37dd3206b37f366bc8be4cf607cf04fc,FALSE,titan-representative-benchmark-v1,FALSE,one lowest salted SHA-256 endpoint per non-empty outcome-family and sample-size-tercile cell; binary cells additionally stratified by minority-class-fraction tercile
binary,oncogenic_pathway,READ,PI3K,107,25,82,C,small,moderate,0.233644859813084,ae44331b809f7888c7dd6bd966ae37379331d757c3c6719db0222e57a20af4db,FALSE,titan-representative-benchmark-v1,FALSE,one lowest salted SHA-256 endpoint per non-empty outcome-family and sample-size-tercile cell; binary cells additionally stratified by minority-class-fraction tercile
binary,oncogenic_pathway,CESC,WNT,238,32,206,C,small,moderate,0.134453781512605,aefdd5f5662edc59a381360a06afce8abcfc5ef441b2a125c6478259e16cabae,FALSE,titan-representative-benchmark-v1,FALSE,one lowest salted SHA-256 endpoint per non-empty outcome-family and sample-size-tercile cell; binary cells additionally stratified by minority-class-fraction tercile
binary,oncogenic_pathway,ESCA,NRF2,143,22,121,C,small,moderate,0.153846153846154,b848d64ee34b411f8b2f5370d165347249c80cde96c5e8ef9798a6a2df7d4544,FALSE,titan-representative-benchmark-v1,FALSE,one lowest salted SHA-256 endpoint per non-empty outcome-family and sample-size-tercile cell; binary cells additionally stratified by minority-class-fraction tercile
binary,oncogenic_pathway,ESCA,WNT,143,29,114,C,small,moderate,0.202797202797203,d4a4d5791ad8a1ff9e62763856bcae68962a6354bb1c7ffd960d02ba4abd288f,FALSE,titan-representative-benchmark-v1,FALSE,one lowest salted SHA-256 endpoint per non-empty outcome-family and sample-size-tercile cell; binary cells additionally stratified by minority-class-fraction tercile
binary,oncogenic_pathway,KIRC,PI3K,336,55,281,C,small,moderate,0.163690476190476,dae2b3f2f213ddd3e9e3eb8b8b681591c302c2e380c6676d4d24cf7225ac1ae2,FALSE,titan-representative-benchmark-v1,FALSE,one lowest salted SHA-256 endpoint per non-empty outcome-family and sample-size-tercile cell; binary cells additionally stratified by minority-class-fraction tercile
binary,oncogenic_pathway,LIHC,HIPPO,337,43,294,C,small,moderate,0.127596439169139,db7896e663d83fd3a6725ba6cab2895d63cfef12e6832f6c29cf1434994ce01b,FALSE,titan-representative-benchmark-v1,FALSE,one lowest salted SHA-256 endpoint per non-empty outcome-family and sample-size-tercile cell; binary cells additionally stratified by minority-class-fraction tercile
binary,oncogenic_pathway,LIHC,MYC,337,61,276,C,small,moderate,0.181008902077151,edd7f7ef2438974c9b38bb656511f2fbc036731d59672a03f26e44262fbf1638,FALSE,titan-representative-benchmark-v1,FALSE,one lowest salted SHA-256 endpoint per non-empty outcome-family and sample-size-tercile cell; binary cells additionally stratified by minority-class-fraction tercile
binary,oncogenic_pathway,STAD,MYC,327,55,272,C,small,moderate,0.168195718654434,f1c2ef125de0f90b6711124d7273ccc522341b03cc2f9d97ec4155fbe57f2aa3,FALSE,titan-representative-benchmark-v1,FALSE,one lowest salted SHA-256 endpoint per non-empty outcome-family and sample-size-tercile cell; binary cells additionally stratified by minority-class-fraction tercile
binary,oncogenic_pathway,KIRP,Cell Cycle,243,31,212,B,small,moderate,0.127572016460905,f53ceff6fb01d91154561b67d5a46a3cd1dee48c272d128c42dcf385787b8bcb,FALSE,titan-representative-benchmark-v1,FALSE,one lowest salted SHA-256 endpoint per non-empty outcome-family and sample-size-tercile cell; binary cells additionally stratified by minority-class-fraction tercile
continuous,aneuploidy,UCEC,Aneuploidy score,477,,,B,large,not applicable,,02d6effc4e19cda3a0753cbc291e1919a99a513729255dc799a45c941fb445d1,TRUE,titan-representative-benchmark-v1,FALSE,one lowest salted SHA-256 endpoint per non-empty outcome-family and sample-size-tercile cell; binary cells additionally stratified by minority-class-fraction tercile
continuous,aneuploidy,THCA,Amplified arm count,462,,,C,large,not applicable,,048bdd81ec5f03c238db94d13c1dccd6d2fbfb3e1f206ecfb30c8401fa1979d0,FALSE,titan-representative-benchmark-v1,FALSE,one lowest salted SHA-256 endpoint per non-empty outcome-family and sample-size-tercile cell; binary cells additionally stratified by minority-class-fraction tercile
continuous,aneuploidy,KIRC,Aneuploidy score,464,,,C,large,not applicable,,06dafe82f52942084ea60f8e4380e061ff07d679271b5f08898b6cdb6abcf38f,FALSE,titan-representative-benchmark-v1,FALSE,one lowest salted SHA-256 endpoint per non-empty outcome-family and sample-size-tercile cell; binary cells additionally stratified by minority-class-fraction tercile
continuous,aneuploidy,LUAD,Aneuploidy score,449,,,B,large,not applicable,,136ab841c96ef937ba677ecbaa36063700508d2abc058ae47be19805d1ed77b5,FALSE,titan-representative-benchmark-v1,FALSE,one lowest salted SHA-256 endpoint per non-empty outcome-family and sample-size-tercile cell; binary cells additionally stratified by minority-class-fraction tercile
continuous,aneuploidy,BLCA,Amplified arm count,376,,,C,large,not applicable,,13d487231012377d39cc722074012984f076638989402e9c5e3c3b0133fc8633,FALSE,titan-representative-benchmark-v1,FALSE,one lowest salted SHA-256 endpoint per non-empty outcome-family and sample-size-tercile cell; binary cells additionally stratified by minority-class-fraction tercile
continuous,aneuploidy,BLCA,Aneuploidy score,376,,,C,large,not applicable,,1940c5e9984949f2ef1fe83f8af6ba605a5dbac71341693f09471638b2077729,FALSE,titan-representative-benchmark-v1,FALSE,one lowest salted SHA-256 endpoint per non-empty outcome-family and sample-size-tercile cell; binary cells additionally stratified by minority-class-fraction tercile
continuous,aneuploidy,HNSC,Amplified arm count,435,,,C,large,not applicable,,25d2ef3ae8f30cbbd99a19b936a639d14636764c47f4663a5f723e41d50954db,FALSE,titan-representative-benchmark-v1,FALSE,one lowest salted SHA-256 endpoint per non-empty outcome-family and sample-size-tercile cell; binary cells additionally stratified by minority-class-fraction tercile
continuous,aneuploidy,PRAD,Deleted arm count,382,,,C,large,not applicable,,2f28543885f8dea948442e0dba98ed7e2dd42963e58fd71c1b27120d19edd567,FALSE,titan-representative-benchmark-v1,FALSE,one lowest salted SHA-256 endpoint per non-empty outcome-family and sample-size-tercile cell; binary cells additionally stratified by minority-class-fraction tercile
continuous,aneuploidy,HNSC,Aneuploidy score,435,,,C,large,not applicable,,3882cc456d29065e9cccdc886f3b2b35533a554c7f7ab2bd0edf1510a994d530,FALSE,titan-representative-benchmark-v1,FALSE,one lowest salted SHA-256 endpoint per non-empty outcome-family and sample-size-tercile cell; binary cells additionally stratified by minority-class-fraction tercile
continuous,aneuploidy,THCA,Deleted arm count,462,,,C,large,not applicable,,38a55183e9dffd8b39ec1883130a5b291c2423e13e95649faf3004cdf318e8d9,FALSE,titan-representative-benchmark-v1,FALSE,one lowest salted SHA-256 endpoint per non-empty outcome-family and sample-size-tercile cell; binary cells additionally stratified by minority-class-fraction tercile
continuous,aneuploidy,KIRC,Amplified arm count,464,,,C,large,not applicable,,3a1237bcabb9167d056107787208832ed95aaf79d3b44e61ec178603b494736b,FALSE,titan-representative-benchmark-v1,FALSE,one lowest salted SHA-256 endpoint per non-empty outcome-family and sample-size-tercile cell; binary cells additionally stratified by minority-class-fraction tercile
continuous,aneuploidy,BLCA,Deleted arm count,376,,,C,large,not applicable,,3bd33272a2f1b07beec35ff625d23e0fb33acf0080d105aedec3cb2050f3762e,FALSE,titan-representative-benchmark-v1,FALSE,one lowest salted SHA-256 endpoint per non-empty outcome-family and sample-size-tercile cell; binary cells additionally stratified by minority-class-fraction tercile
continuous,aneuploidy,LUAD,Amplified arm count,449,,,C,large,not applicable,,437d6fec198ea271f496b18c0e788b76867627d39499c0a52199e5c77630dc71,FALSE,titan-representative-benchmark-v1,FALSE,one lowest salted SHA-256 endpoint per non-empty outcome-family and sample-size-tercile cell; binary cells additionally stratified by minority-class-fraction tercile
continuous,aneuploidy,HNSC,Deleted arm count,435,,,C,large,not applicable,,45147cefc9bbfb3f86a88b498c3f2a0dabae7fcc597bb923bf13bab1afac9dc7,FALSE,titan-representative-benchmark-v1,FALSE,one lowest salted SHA-256 endpoint per non-empty outcome-family and sample-size-tercile cell; binary cells additionally stratified by minority-class-fraction tercile
continuous,aneuploidy,COAD,Deleted arm count,408,,,B,large,not applicable,,452214fdefcfad6c5c8a1f6cfbc8fe3bfff1399ca9e7c6f6f33ba73991f26453,FALSE,titan-representative-benchmark-v1,FALSE,one lowest salted SHA-256 endpoint per non-empty outcome-family and sample-size-tercile cell; binary cells additionally stratified by minority-class-fraction tercile
continuous,aneuploidy,COAD,Amplified arm count,408,,,C,large,not applicable,,54e377ea8eebf4e07dad6965c126645fa957e8926e503daa8e0af9c4db1b2334,FALSE,titan-representative-benchmark-v1,FALSE,one lowest salted SHA-256 endpoint per non-empty outcome-family and sample-size-tercile cell; binary cells additionally stratified by minority-class-fraction tercile
continuous,aneuploidy,LUAD,Deleted arm count,449,,,C,large,not applicable,,6068a479cdf0f3e4cf6b4d8f7b512fa33dd6f6dd1b77fedc1ff9aec3bfb28d96,FALSE,titan-representative-benchmark-v1,FALSE,one lowest salted SHA-256 endpoint per non-empty outcome-family and sample-size-tercile cell; binary cells additionally stratified by minority-class-fraction tercile
continuous,aneuploidy,BRCA,Aneuploidy score,998,,,B,large,not applicable,,689fd64e4e1e6909b42f1cd26f5ebe6807458b21006454db9e57f8f41ad1c75a,FALSE,titan-representative-benchmark-v1,FALSE,one lowest salted SHA-256 endpoint per non-empty outcome-family and sample-size-tercile cell; binary cells additionally stratified by minority-class-fraction tercile
continuous,aneuploidy,BRCA,Deleted arm count,998,,,B,large,not applicable,,6ca84a839c4f0068c9f08b7e226446d606f5a079ab16331943013be1e8eaaedb,FALSE,titan-representative-benchmark-v1,FALSE,one lowest salted SHA-256 endpoint per non-empty outcome-family and sample-size-tercile cell; binary cells additionally stratified by minority-class-fraction tercile
continuous,aneuploidy,UCEC,Deleted arm count,477,,,B,large,not applicable,,7d5000a24a4c88d4ca5396aa9ee0314ccabe16c6748958d417f0002f75f68f90,FALSE,titan-representative-benchmark-v1,FALSE,one lowest salted SHA-256 endpoint per non-empty outcome-family and sample-size-tercile cell; binary cells additionally stratified by minority-class-fraction tercile
continuous,aneuploidy,KIRC,Deleted arm count,464,,,C,large,not applicable,,81e48b510a6bc9ac64de71a92156d8fe32aa3e4095280f55228451fb54b90ab8,FALSE,titan-representative-benchmark-v1,FALSE,one lowest salted SHA-256 endpoint per non-empty outcome-family and sample-size-tercile cell; binary cells additionally stratified by minority-class-fraction tercile
continuous,aneuploidy,COAD,Aneuploidy score,408,,,B,large,not applicable,,86feb8865a0f4d0f92f07d0aa0fe55dca802c1dd87cf7d3966c5f0714a9b802b,FALSE,titan-representative-benchmark-v1,FALSE,one lowest salted SHA-256 endpoint per non-empty outcome-family and sample-size-tercile cell; binary cells additionally stratified by minority-class-fraction tercile
continuous,aneuploidy,LUSC,Deleted arm count,459,,,C,large,not applicable,,8b5a516b2cdce91090f492c87063742d3e31017a337b6a477494ce31d25b5efd,FALSE,titan-representative-benchmark-v1,FALSE,one lowest salted SHA-256 endpoint per non-empty outcome-family and sample-size-tercile cell; binary cells additionally stratified by minority-class-fraction tercile
continuous,aneuploidy,LUSC,Aneuploidy score,459,,,C,large,not applicable,,a95738a421640d5a7d74029c0cc81472449555e4fc347d37f411987c25bc7355,FALSE,titan-representative-benchmark-v1,FALSE,one lowest salted SHA-256 endpoint per non-empty outcome-family and sample-size-tercile cell; binary cells additionally stratified by minority-class-fraction tercile
continuous,aneuploidy,THCA,Aneuploidy score,462,,,C,large,not applicable,,aae1ca353347196f57c5c97dee5ad4e1ef1c0a9d36a6f1b787199368b448c5df,FALSE,titan-representative-benchmark-v1,FALSE,one lowest salted SHA-256 endpoint per non-empty outcome-family and sample-size-tercile cell; binary cells additionally stratified by minority-class-fraction tercile
continuous,aneuploidy,LGG,Aneuploidy score,481,,,C,large,not applicable,,bae6491c5508f773b71367af9db9269edd164fe24276dff3bea85e599ae2a8b7,FALSE,titan-representative-benchmark-v1,FALSE,one lowest salted SHA-256 endpoint per non-empty outcome-family and sample-size-tercile cell; binary cells additionally stratified by minority-class-fraction tercile
continuous,aneuploidy,UCEC,Amplified arm count,477,,,C,large,not applicable,,bd30bcbdc56bbd790e5171c687d265c75640c14f871cbe0bf2add4e73dc2e579,FALSE,titan-representative-benchmark-v1,FALSE,one lowest salted SHA-256 endpoint per non-empty outcome-family and sample-size-tercile cell; binary cells additionally stratified by minority-class-fraction tercile
continuous,aneuploidy,BRCA,Amplified arm count,998,,,C,large,not applicable,,c024f8867aac9773109d73051abc5d229c5b0732ff44e71b7c98311122018fb5,FALSE,titan-representative-benchmark-v1,FALSE,one lowest salted SHA-256 endpoint per non-empty outcome-family and sample-size-tercile cell; binary cells additionally stratified by minority-class-fraction tercile
continuous,aneuploidy,LGG,Amplified arm count,481,,,C,large,not applicable,,c0ff9a29c59ab1fa0f96cc94bd9264fea8a823d0a16ebd258931249146f9afd3,FALSE,titan-representative-benchmark-v1,FALSE,one lowest salted SHA-256 endpoint per non-empty outcome-family and sample-size-tercile cell; binary cells additionally stratified by minority-class-fraction tercile
continuous,aneuploidy,LUSC,Amplified arm count,459,,,C,large,not applicable,,ce755da24c76480409d61d866a342bef14ece91f55859b1979e69cabdaf01bf3,FALSE,titan-representative-benchmark-v1,FALSE,one lowest salted SHA-256 endpoint per non-empty outcome-family and sample-size-tercile cell; binary cells additionally stratified by minority-class-fraction tercile
continuous,aneuploidy,PRAD,Aneuploidy score,382,,,C,large,not applicable,,e4da339f8542e1d9da3ba18ff2794196075b4e81e2a2ad7ba8515d783961577b,FALSE,titan-representative-benchmark-v1,FALSE,one lowest salted SHA-256 endpoint per non-empty outcome-family and sample-size-tercile cell; binary cells additionally stratified by minority-class-fraction tercile
continuous,aneuploidy,PRAD,Amplified arm count,382,,,C,large,not applicable,,fbbfae7ab57dd3140e5a292f2becdbc258ca15e27a9d83ede081923e28c9e5a8,FALSE,titan-representative-benchmark-v1,FALSE,one lowest salted SHA-256 endpoint per non-empty outcome-family and sample-size-tercile cell; binary cells additionally stratified by minority-class-fraction tercile
continuous,aneuploidy,LGG,Deleted arm count,481,,,C,large,not applicable,,fe8be0ef426c7551c9414e3a480c04e6ae9e22fbca34cf53a37edd0dd5903b25,FALSE,titan-representative-benchmark-v1,FALSE,one lowest salted SHA-256 endpoint per non-empty outcome-family and sample-size-tercile cell; binary cells additionally stratified by minority-class-fraction tercile
continuous,aneuploidy,STAD,Deleted arm count,360,,,C,medium,not applicable,,0eed0cd18188760357d48922dea872acfa992165c739ac68b8e93b45d763839b,TRUE,titan-representative-benchmark-v1,FALSE,one lowest salted SHA-256 endpoint per non-empty outcome-family and sample-size-tercile cell; binary cells additionally stratified by minority-class-fraction tercile
continuous,aneuploidy,TGCT,Aneuploidy score,148,,,C,medium,not applicable,,1671538361e9a07901a3d496ec69df1c8a76f7acaaa84ef501689532c654efae,FALSE,titan-representative-benchmark-v1,FALSE,one lowest salted SHA-256 endpoint per non-empty outcome-family and sample-size-tercile cell; binary cells additionally stratified by minority-class-fraction tercile
continuous,aneuploidy,GBM,Aneuploidy score,362,,,C,medium,not applicable,,19dae36a8c4120a0454a89674309b1e94a2cf1b1e09a9c0d40b42752951a9af2,FALSE,titan-representative-benchmark-v1,FALSE,one lowest salted SHA-256 endpoint per non-empty outcome-family and sample-size-tercile cell; binary cells additionally stratified by minority-class-fraction tercile
continuous,aneuploidy,LIHC,Deleted arm count,350,,,C,medium,not applicable,,1d433ee02782d3bd7b24af5dec7971f66fb54791e31e6659ba0c7d7a7b700de7,FALSE,titan-representative-benchmark-v1,FALSE,one lowest salted SHA-256 endpoint per non-empty outcome-family and sample-size-tercile cell; binary cells additionally stratified by minority-class-fraction tercile
continuous,aneuploidy,SARC,Amplified arm count,238,,,C,medium,not applicable,,24572cb9d1e2b51748649d95332925d94a9b46869bbf4c6deef6922e1a8de5f8,FALSE,titan-representative-benchmark-v1,FALSE,one lowest salted SHA-256 endpoint per non-empty outcome-family and sample-size-tercile cell; binary cells additionally stratified by minority-class-fraction tercile
continuous,aneuploidy,KIRP,Deleted arm count,264,,,C,medium,not applicable,,26f91c67e7074ac5075da3a6dd3399afc4838a7cea2da74ce32be40303c03de3,FALSE,titan-representative-benchmark-v1,FALSE,one lowest salted SHA-256 endpoint per non-empty outcome-family and sample-size-tercile cell; binary cells additionally stratified by minority-class-fraction tercile
continuous,aneuploidy,LIHC,Amplified arm count,350,,,C,medium,not applicable,,3bb0b0f0f5db9a340b1644e7a9d23538b5e45eee845c0fec89d77a547b834dd1,FALSE,titan-representative-benchmark-v1,FALSE,one lowest salted SHA-256 endpoint per non-empty outcome-family and sample-size-tercile cell; binary cells additionally stratified by minority-class-fraction tercile
continuous,aneuploidy,PAAD,Aneuploidy score,163,,,C,medium,not applicable,,4a27dec9c7771081e89931b2f68c31843c994514f1350f9e462e9c559706a148,FALSE,titan-representative-benchmark-v1,FALSE,one lowest salted SHA-256 endpoint per non-empty outcome-family and sample-size-tercile cell; binary cells additionally stratified by minority-class-fraction tercile
continuous,aneuploidy,PAAD,Deleted arm count,163,,,C,medium,not applicable,,4daf3059067e059ec633280749b738befad076188facc6f76e178a03f8b9d3cf,FALSE,titan-representative-benchmark-v1,FALSE,one lowest salted SHA-256 endpoint per non-empty outcome-family and sample-size-tercile cell; binary cells additionally stratified by minority-class-fraction tercile
continuous,aneuploidy,GBM,Deleted arm count,362,,,C,medium,not applicable,,5a8c6c77f31a39289e07dd4684ad71d9471e26d4fca29dbf3a667798204006a8,FALSE,titan-representative-benchmark-v1,FALSE,one lowest salted SHA-256 endpoint per non-empty outcome-family and sample-size-tercile cell; binary cells additionally stratified by minority-class-fraction tercile
continuous,aneuploidy,CESC,Amplified arm count,259,,,C,medium,not applicable,,64f667fc084e5ceff1c3abfddf451c8a6b6f6bafd1a07c1fa57b69599c059a4e,FALSE,titan-representative-benchmark-v1,FALSE,one lowest salted SHA-256 endpoint per non-empty outcome-family and sample-size-tercile cell; binary cells additionally stratified by minority-class-fraction tercile
continuous,aneuploidy,GBM,Amplified arm count,362,,,C,medium,not applicable,,66fc8d442c05d56e8e4f038b17e3ac84930c882c3465e39c0807da753b40b717,FALSE,titan-representative-benchmark-v1,FALSE,one lowest salted SHA-256 endpoint per non-empty outcome-family and sample-size-tercile cell; binary cells additionally stratified by minority-class-fraction tercile
continuous,aneuploidy,TGCT,Deleted arm count,148,,,C,medium,not applicable,,671b7822251f60b4c36af3c13435d93c4cc3a5de17e012a015e8d9dd76cb4984,FALSE,titan-representative-benchmark-v1,FALSE,one lowest salted SHA-256 endpoint per non-empty outcome-family and sample-size-tercile cell; binary cells additionally stratified by minority-class-fraction tercile
continuous,aneuploidy,KIRP,Aneuploidy score,264,,,C,medium,not applicable,,73c1ccd9e5a7342860523aa9583e912b09442315dac796218d811af031b9df7d,FALSE,titan-representative-benchmark-v1,FALSE,one lowest salted SHA-256 endpoint per non-empty outcome-family and sample-size-tercile cell; binary cells additionally stratified by minority-class-fraction tercile
continuous,aneuploidy,KIRP,Amplified arm count,264,,,C,medium,not applicable,,8691c74e1c34d926ff6dfa0c99f45098094d00a15809e7ec97f8033ce38b9e40,FALSE,titan-representative-benchmark-v1,FALSE,one lowest salted SHA-256 endpoint per non-empty outcome-family and sample-size-tercile cell; binary cells additionally stratified by minority-class-fraction tercile
continuous,aneuploidy,CESC,Deleted arm count,259,,,C,medium,not applicable,,8aa9819e085a7a1d8705def8c6dfd088f1271ef69fc000d2f534c086c1d2e968,FALSE,titan-representative-benchmark-v1,FALSE,one lowest salted SHA-256 endpoint per non-empty outcome-family and sample-size-tercile cell; binary cells additionally stratified by minority-class-fraction tercile
continuous,aneuploidy,CESC,Aneuploidy score,259,,,C,medium,not applicable,,992ea6e4cd34f5cbc9705306e97e0064bff920ea372f867f984f347b54c1f2fc,FALSE,titan-representative-benchmark-v1,FALSE,one lowest salted SHA-256 endpoint per non-empty outcome-family and sample-size-tercile cell; binary cells additionally stratified by minority-class-fraction tercile
continuous,aneuploidy,PCPG,Deleted arm count,157,,,C,medium,not applicable,,9e77b3b66b9999c1a98cb1be25ba3b7cf0350b54e7e221b6e212a1be4a820824,FALSE,titan-representative-benchmark-v1,FALSE,one lowest salted SHA-256 endpoint per non-empty outcome-family and sample-size-tercile cell; binary cells additionally stratified by minority-class-fraction tercile
continuous,aneuploidy,PAAD,Amplified arm count,163,,,C,medium,not applicable,,a0fe8d1ae6a96964612239a4264a4e3bf6379945faed32dd3f4cb2f36dfcb09e,FALSE,titan-representative-benchmark-v1,FALSE,one lowest salted SHA-256 endpoint per non-empty outcome-family and sample-size-tercile cell; binary cells additionally stratified by minority-class-fraction tercile
continuous,aneuploidy,TGCT,Amplified arm count,148,,,C,medium,not applicable,,a42d646a04fbd79dffa354b540bdb8a673e128b83486abe0a77243fce44ff294,FALSE,titan-representative-benchmark-v1,FALSE,one lowest salted SHA-256 endpoint per non-empty outcome-family and sample-size-tercile cell; binary cells additionally stratified by minority-class-fraction tercile
continuous,aneuploidy,PCPG,Amplified arm count,157,,,C,medium,not applicable,,abe2f566119b9daf6f6ab2f03a029287dee6d56eeeeb704c3a8090a249a63685,FALSE,titan-representative-benchmark-v1,FALSE,one lowest salted SHA-256 endpoint per non-empty outcome-family and sample-size-tercile cell; binary cells additionally stratified by minority-class-fraction tercile
continuous,aneuploidy,PCPG,Aneuploidy score,157,,,C,medium,not applicable,,b7471572b8d5001e493caca2f8f25ba34c1a35741e999ff97cbe1149d8f09b83,FALSE,titan-representative-benchmark-v1,FALSE,one lowest salted SHA-256 endpoint per non-empty outcome-family and sample-size-tercile cell; binary cells additionally stratified by minority-class-fraction tercile
continuous,aneuploidy,STAD,Amplified arm count,360,,,C,medium,not applicable,,c3622f8eb17e5424dc308b0f212891232da713e118e74ba655438b760911eeb3,FALSE,titan-representative-benchmark-v1,FALSE,one lowest salted SHA-256 endpoint per non-empty outcome-family and sample-size-tercile cell; binary cells additionally stratified by minority-class-fraction tercile
continuous,aneuploidy,STAD,Aneuploidy score,360,,,B,medium,not applicable,,d762f2b2bb2da91bfde0a973d04ea98193cb394e013995b7e2ee0a9db8d0c337,FALSE,titan-representative-benchmark-v1,FALSE,one lowest salted SHA-256 endpoint per non-empty outcome-family and sample-size-tercile cell; binary cells additionally stratified by minority-class-fraction tercile
continuous,aneuploidy,LIHC,Aneuploidy score,350,,,C,medium,not applicable,,dafb426e347efd74b3db30c2ea360f2791f888985b3524906aabffabdb88bb91,FALSE,titan-representative-benchmark-v1,FALSE,one lowest salted SHA-256 endpoint per non-empty outcome-family and sample-size-tercile cell; binary cells additionally stratified by minority-class-fraction tercile
continuous,aneuploidy,SARC,Deleted arm count,238,,,C,medium,not applicable,,ef188e28db82e7f4081113ae85e0294d4b3a69bc7feabb3360c8f87fb24c3a0b,FALSE,titan-representative-benchmark-v1,FALSE,one lowest salted SHA-256 endpoint per non-empty outcome-family and sample-size-tercile cell; binary cells additionally stratified by minority-class-fraction tercile
continuous,aneuploidy,SARC,Aneuploidy score,238,,,C,medium,not applicable,,fbcdc0443862acdda517082dc76b2d50ff8f01eb63892d5f1f5ebb3ea09928fa,FALSE,titan-representative-benchmark-v1,FALSE,one lowest salted SHA-256 endpoint per non-empty outcome-family and sample-size-tercile cell; binary cells additionally stratified by minority-class-fraction tercile
continuous,aneuploidy,SKCM,Amplified arm count,98,,,C,small,not applicable,,0e3ccc77d58597291ae9182c91cdc6bfc22dbd7e5060d6ed70cc10f8fb5a4d41,TRUE,titan-representative-benchmark-v1,FALSE,one lowest salted SHA-256 endpoint per non-empty outcome-family and sample-size-tercile cell; binary cells additionally stratified by minority-class-fraction tercile
continuous,aneuploidy,ESCA,Deleted arm count,136,,,C,small,not applicable,,12524f2330026eef0ec37f454ed325b586a949f1ff91212683e0cfdb4694558a,FALSE,titan-representative-benchmark-v1,FALSE,one lowest salted SHA-256 endpoint per non-empty outcome-family and sample-size-tercile cell; binary cells additionally stratified by minority-class-fraction tercile
continuous,aneuploidy,SKCM,Deleted arm count,98,,,C,small,not applicable,,20b1a2f01d529ed56e0c29b68e432e033550bf429743b7d98519048a62f5699d,FALSE,titan-representative-benchmark-v1,FALSE,one lowest salted SHA-256 endpoint per non-empty outcome-family and sample-size-tercile cell; binary cells additionally stratified by minority-class-fraction tercile
continuous,aneuploidy,OV,Aneuploidy score,96,,,C,small,not applicable,,27fb7a4a3a38b34d633abb1dc1d489f51c9ce8904dc16529ff2bc7eeeeea2490,FALSE,titan-representative-benchmark-v1,FALSE,one lowest salted SHA-256 endpoint per non-empty outcome-family and sample-size-tercile cell; binary cells additionally stratified by minority-class-fraction tercile
continuous,aneuploidy,READ,Amplified arm count,143,,,C,small,not applicable,,34c84fdfba91ecea5810557ec592f878b10ecf84518613254c5aface3de02069,FALSE,titan-representative-benchmark-v1,FALSE,one lowest salted SHA-256 endpoint per non-empty outcome-family and sample-size-tercile cell; binary cells additionally stratified by minority-class-fraction tercile
continuous,aneuploidy,MESO,Aneuploidy score,69,,,C,small,not applicable,,37df800dfc1fd1a322c8b5d193fb9972f38b7ea4168ee373a4b12bc3b12c7b5e,FALSE,titan-representative-benchmark-v1,FALSE,one lowest salted SHA-256 endpoint per non-empty outcome-family and sample-size-tercile cell; binary cells additionally stratified by minority-class-fraction tercile
continuous,aneuploidy,UVM,Deleted arm count,80,,,B,small,not applicable,,3ecb0f45e28711342ca63b45523ed35033bebbca6bd823c751f253e173750c34,FALSE,titan-representative-benchmark-v1,FALSE,one lowest salted SHA-256 endpoint per non-empty outcome-family and sample-size-tercile cell; binary cells additionally stratified by minority-class-fraction tercile
continuous,aneuploidy,UVM,Amplified arm count,80,,,C,small,not applicable,,499b11a268db24b6846ede1db235261629edf631be0a390121e990f501b60d13,FALSE,titan-representative-benchmark-v1,FALSE,one lowest salted SHA-256 endpoint per non-empty outcome-family and sample-size-tercile cell; binary cells additionally stratified by minority-class-fraction tercile
continuous,aneuploidy,KICH,Deleted arm count,65,,,C,small,not applicable,,49bd1c06349203c5d79aafac98cf5bd615512e75743d070661da259925f74118,FALSE,titan-representative-benchmark-v1,FALSE,one lowest salted SHA-256 endpoint per non-empty outcome-family and sample-size-tercile cell; binary cells additionally stratified by minority-class-fraction tercile
continuous,aneuploidy,UCS,Amplified arm count,52,,,C,small,not applicable,,4c84cd9838fcc44ccbf044afd1965b40125ba26d3ab1d4fed18864452eb4eea2,FALSE,titan-representative-benchmark-v1,FALSE,one lowest salted SHA-256 endpoint per non-empty outcome-family and sample-size-tercile cell; binary cells additionally stratified by minority-class-fraction tercile
continuous,aneuploidy,SKCM,Aneuploidy score,98,,,C,small,not applicable,,4ef46d7d4b65f4461839372586856b775ec97096b958e862fd9da757a52ec475,FALSE,titan-representative-benchmark-v1,FALSE,one lowest salted SHA-256 endpoint per non-empty outcome-family and sample-size-tercile cell; binary cells additionally stratified by minority-class-fraction tercile
continuous,aneuploidy,MESO,Deleted arm count,69,,,C,small,not applicable,,5002a9637efe83bd460d89538fc43d3edf9df38ba5ebb1120d1d00c1e549bc96,FALSE,titan-representative-benchmark-v1,FALSE,one lowest salted SHA-256 endpoint per non-empty outcome-family and sample-size-tercile cell; binary cells additionally stratified by minority-class-fraction tercile
continuous,aneuploidy,THYM,Aneuploidy score,103,,,C,small,not applicable,,5b48c15223f9009e9c8c3b9265133ff9ee14f24f19c1636a924358b917481de8,FALSE,titan-representative-benchmark-v1,FALSE,one lowest salted SHA-256 endpoint per non-empty outcome-family and sample-size-tercile cell; binary cells additionally stratified by minority-class-fraction tercile
continuous,aneuploidy,KICH,Aneuploidy score,65,,,C,small,not applicable,,6e99f073ab30ffca8c95983858e2207c97baa9f7bf5b7981e80824084d7ef34c,FALSE,titan-representative-benchmark-v1,FALSE,one lowest salted SHA-256 endpoint per non-empty outcome-family and sample-size-tercile cell; binary cells additionally stratified by minority-class-fraction tercile
continuous,aneuploidy,THYM,Amplified arm count,103,,,C,small,not applicable,,6fb3de0ee39c8996f11fab0b52e013c2b87e6d86f89e1f9d64023439b660a273,FALSE,titan-representative-benchmark-v1,FALSE,one lowest salted SHA-256 endpoint per non-empty outcome-family and sample-size-tercile cell; binary cells additionally stratified by minority-class-fraction tercile
continuous,aneuploidy,UCS,Aneuploidy score,52,,,C,small,not applicable,,7668f5874af44ae2a4217a93e904b6be4ae9001721d7bfb0cea0129ff3ae86e5,FALSE,titan-representative-benchmark-v1,FALSE,one lowest salted SHA-256 endpoint per non-empty outcome-family and sample-size-tercile cell; binary cells additionally stratified by minority-class-fraction tercile
continuous,aneuploidy,THYM,Deleted arm count,103,,,C,small,not applicable,,8a089c75fbc488b9190dff47e4158f456fbb4aee5867d75d3b536cc02b061e2f,FALSE,titan-representative-benchmark-v1,FALSE,one lowest salted SHA-256 endpoint per non-empty outcome-family and sample-size-tercile cell; binary cells additionally stratified by minority-class-fraction tercile
continuous,aneuploidy,KICH,Amplified arm count,65,,,C,small,not applicable,,97d91c0d0dba44bea02ca34d0a808d3fbc61bd1c8bda57706fc2282471ca896a,FALSE,titan-representative-benchmark-v1,FALSE,one lowest salted SHA-256 endpoint per non-empty outcome-family and sample-size-tercile cell; binary cells additionally stratified by minority-class-fraction tercile
continuous,aneuploidy,ACC,Aneuploidy score,54,,,C,small,not applicable,,a04ede90936a8a13540155f68f14ad8e50a6752da1576a99ec68afcae703b68e,FALSE,titan-representative-benchmark-v1,FALSE,one lowest salted SHA-256 endpoint per non-empty outcome-family and sample-size-tercile cell; binary cells additionally stratified by minority-class-fraction tercile
continuous,aneuploidy,UVM,Aneuploidy score,80,,,C,small,not applicable,,ac57a4e40a1a498821d02a2abb11ba7f32d912952244edfdb1d466126fe51bfb,FALSE,titan-representative-benchmark-v1,FALSE,one lowest salted SHA-256 endpoint per non-empty outcome-family and sample-size-tercile cell; binary cells additionally stratified by minority-class-fraction tercile
continuous,aneuploidy,ESCA,Aneuploidy score,136,,,C,small,not applicable,,bb3085d3b61008fe6250978a7c1af0839e1cd3aee7fe112e1cd04b2d7a99c34b,FALSE,titan-representative-benchmark-v1,FALSE,one lowest salted SHA-256 endpoint per non-empty outcome-family and sample-size-tercile cell; binary cells additionally stratified by minority-class-fraction tercile
continuous,aneuploidy,READ,Deleted arm count,143,,,C,small,not applicable,,c4080e0108bf839bb62636dc562cf247a4078df70e0540a19f25df594cfbd83c,FALSE,titan-representative-benchmark-v1,FALSE,one lowest salted SHA-256 endpoint per non-empty outcome-family and sample-size-tercile cell; binary cells additionally stratified by minority-class-fraction tercile
continuous,aneuploidy,ACC,Deleted arm count,54,,,C,small,not applicable,,cc66f27d5950d4a391c15ca5f5b08ea3457a41c524bb68fbf0766a1630308217,FALSE,titan-representative-benchmark-v1,FALSE,one lowest salted SHA-256 endpoint per non-empty outcome-family and sample-size-tercile cell; binary cells additionally stratified by minority-class-fraction tercile
continuous,aneuploidy,ESCA,Amplified arm count,136,,,C,small,not applicable,,cd656f531e95286a46c50b5a12423980cb11efec27d9bdbd4964cd7e75592943,FALSE,titan-representative-benchmark-v1,FALSE,one lowest salted SHA-256 endpoint per non-empty outcome-family and sample-size-tercile cell; binary cells additionally stratified by minority-class-fraction tercile
continuous,aneuploidy,OV,Amplified arm count,96,,,C,small,not applicable,,d3377e50ab28f0aa7b7ad010c8895692528dbc8d5c6812a2a674662f76beff19,FALSE,titan-representative-benchmark-v1,FALSE,one lowest salted SHA-256 endpoint per non-empty outcome-family and sample-size-tercile cell; binary cells additionally stratified by minority-class-fraction tercile
continuous,aneuploidy,MESO,Amplified arm count,69,,,C,small,not applicable,,dccbd6005485e3766b74731c4a8c1bb988bec1492a4149d6a163f2ca1296b65e,FALSE,titan-representative-benchmark-v1,FALSE,one lowest salted SHA-256 endpoint per non-empty outcome-family and sample-size-tercile cell; binary cells additionally stratified by minority-class-fraction tercile
continuous,aneuploidy,OV,Deleted arm count,96,,,C,small,not applicable,,e53e81471a1f358411a788a35c04d7b75d5c072d0f18df501f6b9a68e9c4ee91,FALSE,titan-representative-benchmark-v1,FALSE,one lowest salted SHA-256 endpoint per non-empty outcome-family and sample-size-tercile cell; binary cells additionally stratified by minority-class-fraction tercile
continuous,aneuploidy,READ,Aneuploidy score,143,,,C,small,not applicable,,e6e3a8042911e345d5498d6e5d43b1b7e2c9ba033ec7dab59ec125c066f97c23,FALSE,titan-representative-benchmark-v1,FALSE,one lowest salted SHA-256 endpoint per non-empty outcome-family and sample-size-tercile cell; binary cells additionally stratified by minority-class-fraction tercile
continuous,aneuploidy,ACC,Amplified arm count,54,,,C,small,not applicable,,f5031194c354a0b97a6735034c7c94806062b31a04d9060079c321cea12cb247,FALSE,titan-representative-benchmark-v1,FALSE,one lowest salted SHA-256 endpoint per non-empty outcome-family and sample-size-tercile cell; binary cells additionally stratified by minority-class-fraction tercile
continuous,aneuploidy,UCS,Deleted arm count,52,,,C,small,not applicable,,fd573a56fbd97b18314f4c4475b2e03544737356dbcd726e666f8a78f0f46b71,FALSE,titan-representative-benchmark-v1,FALSE,one lowest salted SHA-256 endpoint per non-empty outcome-family and sample-size-tercile cell; binary cells additionally stratified by minority-class-fraction tercile
continuous,fusion,LGG,Fusion burden,487,,,B,large,not applicable,,04c77648800928d20b8343b411be0b2f69c7c5f66d8365092b33549fdf97fb05,TRUE,titan-representative-benchmark-v1,FALSE,one lowest salted SHA-256 endpoint per non-empty outcome-family and sample-size-tercile cell; binary cells additionally stratified by minority-class-fraction tercile
continuous,fusion,LUSC,Fusion burden,475,,,C,large,not applicable,,093a40dd804727a05d457d840d650e0eab2b08f9399be66154114c668494c949,FALSE,titan-representative-benchmark-v1,FALSE,one lowest salted SHA-256 endpoint per non-empty outcome-family and sample-size-tercile cell; binary cells additionally stratified by minority-class-fraction tercile
continuous,fusion,PRAD,Fusion burden,400,,,C,large,not applicable,,2ab6ff8f8aa0f8a5a166153815ad6b9a6322500a47329e54d7d89a6b6c982149,FALSE,titan-representative-benchmark-v1,FALSE,one lowest salted SHA-256 endpoint per non-empty outcome-family and sample-size-tercile cell; binary cells additionally stratified by minority-class-fraction tercile
continuous,fusion,HNSC,Fusion burden,435,,,C,large,not applicable,,5ad5b5316fe59841b177c4a0c66d7b1ce8b1d6eed935208cae1904a95dd6527f,FALSE,titan-representative-benchmark-v1,FALSE,one lowest salted SHA-256 endpoint per non-empty outcome-family and sample-size-tercile cell; binary cells additionally stratified by minority-class-fraction tercile
continuous,fusion,BLCA,Fusion burden,381,,,C,large,not applicable,,71841f739f4286c7ea216fded047d162f8bb1213f5be1cdfe75d1a50289bd080,FALSE,titan-representative-benchmark-v1,FALSE,one lowest salted SHA-256 endpoint per non-empty outcome-family and sample-size-tercile cell; binary cells additionally stratified by minority-class-fraction tercile
continuous,fusion,KIRC,Fusion burden,507,,,C,large,not applicable,,8dfea3f9584dc3d3ca5987a5ebeb1e334a9b8ac4a50f328fabac2c259b9e7519,FALSE,titan-representative-benchmark-v1,FALSE,one lowest salted SHA-256 endpoint per non-empty outcome-family and sample-size-tercile cell; binary cells additionally stratified by minority-class-fraction tercile
continuous,fusion,BRCA,Fusion burden,1051,,,B,large,not applicable,,a643561d0de25890e942e5244c459c23bb5e0855b619a7f4cb0f31c6f5d64d14,FALSE,titan-representative-benchmark-v1,FALSE,one lowest salted SHA-256 endpoint per non-empty outcome-family and sample-size-tercile cell; binary cells additionally stratified by minority-class-fraction tercile
continuous,fusion,LUAD,Fusion burden,461,,,C,large,not applicable,,e59ccb94b57efacddcfd94df4de62da148eec9260d8718ab5b460eb12c53a9b4,FALSE,titan-representative-benchmark-v1,FALSE,one lowest salted SHA-256 endpoint per non-empty outcome-family and sample-size-tercile cell; binary cells additionally stratified by minority-class-fraction tercile
continuous,fusion,THCA,Fusion burden,502,,,C,large,not applicable,,fdcf3f554c8148d3e5e913d890f7f997ef5bb88f01fb8ad2bfd488688e851956,FALSE,titan-representative-benchmark-v1,FALSE,one lowest salted SHA-256 endpoint per non-empty outcome-family and sample-size-tercile cell; binary cells additionally stratified by minority-class-fraction tercile
continuous,fusion,CESC,Fusion burden,266,,,C,medium,not applicable,,1300aa7aa4dba80a2a157d6b157a82f28db91cc8356572bed58f4bce7f922b25,TRUE,titan-representative-benchmark-v1,FALSE,one lowest salted SHA-256 endpoint per non-empty outcome-family and sample-size-tercile cell; binary cells additionally stratified by minority-class-fraction tercile
continuous,fusion,TGCT,Fusion burden,149,,,C,medium,not applicable,,1a962c233bb98dd408214553c45404aa5e2279ef6cbeb049515519b4b0776de5,FALSE,titan-representative-benchmark-v1,FALSE,one lowest salted SHA-256 endpoint per non-empty outcome-family and sample-size-tercile cell; binary cells additionally stratified by minority-class-fraction tercile
continuous,fusion,PAAD,Fusion burden,176,,,C,medium,not applicable,,20dcdd78551ea18ded26402c9fb53425e4b4c1c9b5443582e0c67bbdf4db1857,FALSE,titan-representative-benchmark-v1,FALSE,one lowest salted SHA-256 endpoint per non-empty outcome-family and sample-size-tercile cell; binary cells additionally stratified by minority-class-fraction tercile
continuous,fusion,SARC,Fusion burden,252,,,C,medium,not applicable,,4277a6319928667b65dd0d5a6afe93f5e5d621f1dfab1e519becd34f1306700f,FALSE,titan-representative-benchmark-v1,FALSE,one lowest salted SHA-256 endpoint per non-empty outcome-family and sample-size-tercile cell; binary cells additionally stratified by minority-class-fraction tercile
continuous,fusion,PCPG,Fusion burden,176,,,C,medium,not applicable,,43b001773806199634215076debe6c1be3ee0e73c586a0598ec0ff8b6e0ec4ad,FALSE,titan-representative-benchmark-v1,FALSE,one lowest salted SHA-256 endpoint per non-empty outcome-family and sample-size-tercile cell; binary cells additionally stratified by minority-class-fraction tercile
continuous,fusion,ESCA,Fusion burden,154,,,C,medium,not applicable,,4cf48c37ea9ce7abcececfaf4fda12fd047ec9d9075af53c58505f1233d2051b,FALSE,titan-representative-benchmark-v1,FALSE,one lowest salted SHA-256 endpoint per non-empty outcome-family and sample-size-tercile cell; binary cells additionally stratified by minority-class-fraction tercile
continuous,fusion,UCEC,Fusion burden,153,,,B,medium,not applicable,,641955654f5aa4b51db015564aa786a83c4b884fe12657b2646c309ba7d20aaf,FALSE,titan-representative-benchmark-v1,FALSE,one lowest salted SHA-256 endpoint per non-empty outcome-family and sample-size-tercile cell; binary cells additionally stratified by minority-class-fraction tercile
continuous,fusion,KIRP,Fusion burden,265,,,C,medium,not applicable,,a0592a6493f07c669865db2fcdce0bec1e6368a8a8c35500594cbb019a12e639,FALSE,titan-representative-benchmark-v1,FALSE,one lowest salted SHA-256 endpoint per non-empty outcome-family and sample-size-tercile cell; binary cells additionally stratified by minority-class-fraction tercile
continuous,fusion,LIHC,Fusion burden,357,,,C,medium,not applicable,,b9ef9084d5835123ed6fc06585d45da612be328887e91b0a4bcaa3d54e65ce19,FALSE,titan-representative-benchmark-v1,FALSE,one lowest salted SHA-256 endpoint per non-empty outcome-family and sample-size-tercile cell; binary cells additionally stratified by minority-class-fraction tercile
continuous,fusion,STAD,Fusion burden,280,,,C,medium,not applicable,,c6de6b5489675021b2759b05a25f9b8651999bdcfb66e663c57c04e93768a862,FALSE,titan-representative-benchmark-v1,FALSE,one lowest salted SHA-256 endpoint per non-empty outcome-family and sample-size-tercile cell; binary cells additionally stratified by minority-class-fraction tercile
continuous,fusion,COAD,Fusion burden,258,,,C,medium,not applicable,,de2549c6ccb746915f9965dcd2f01ebad5e31eb3480b4489ade0eb529cc5197a,FALSE,titan-representative-benchmark-v1,FALSE,one lowest salted SHA-256 endpoint per non-empty outcome-family and sample-size-tercile cell; binary cells additionally stratified by minority-class-fraction tercile
continuous,fusion,MESO,Fusion burden,75,,,C,small,not applicable,,0da5243d63f5583ba8e4f59de3d5d12afa67876888d4d7d32e3b0b8712b2429c,TRUE,titan-representative-benchmark-v1,FALSE,one lowest salted SHA-256 endpoint per non-empty outcome-family and sample-size-tercile cell; binary cells additionally stratified by minority-class-fraction tercile
continuous,fusion,OV,Fusion burden,83,,,C,small,not applicable,,5fd70877d25f84f608e25a1b0b945254efa77e275dec44d17964ebbf97b0a97e,FALSE,titan-representative-benchmark-v1,FALSE,one lowest salted SHA-256 endpoint per non-empty outcome-family and sample-size-tercile cell; binary cells additionally stratified by minority-class-fraction tercile
continuous,fusion,READ,Fusion burden,81,,,C,small,not applicable,,66a14ba8cf18ee58f75cd9d1daa8ebce567da9e218090e36b220bba9a3dcb561,FALSE,titan-representative-benchmark-v1,FALSE,one lowest salted SHA-256 endpoint per non-empty outcome-family and sample-size-tercile cell; binary cells additionally stratified by minority-class-fraction tercile
continuous,fusion,GBM,Fusion burden,91,,,C,small,not applicable,,67996d7cf1aa758b8f52471bdd4598012a2d73235e4a1c69e7638b810ce7aed2,FALSE,titan-representative-benchmark-v1,FALSE,one lowest salted SHA-256 endpoint per non-empty outcome-family and sample-size-tercile cell; binary cells additionally stratified by minority-class-fraction tercile
continuous,fusion,THYM,Fusion burden,117,,,C,small,not applicable,,9d4c1f001a9782b4ccf6a494722d93d9039bc2bf05a349cffb027eb972b4dade,FALSE,titan-representative-benchmark-v1,FALSE,one lowest salted SHA-256 endpoint per non-empty outcome-family and sample-size-tercile cell; binary cells additionally stratified by minority-class-fraction tercile
continuous,fusion,SKCM,Fusion burden,97,,,C,small,not applicable,,9e448dd0f37475df323448ca0a75f95cd435e1bf6026e001c77daac7efcef4ab,FALSE,titan-representative-benchmark-v1,FALSE,one lowest salted SHA-256 endpoint per non-empty outcome-family and sample-size-tercile cell; binary cells additionally stratified by minority-class-fraction tercile
continuous,fusion,UCS,Fusion burden,53,,,C,small,not applicable,,c2b4b0d41074d47d0e10037f3aa06955aff39de281ef3c6ae967c0e2619da608,FALSE,titan-representative-benchmark-v1,FALSE,one lowest salted SHA-256 endpoint per non-empty outcome-family and sample-size-tercile cell; binary cells additionally stratified by minority-class-fraction tercile
continuous,fusion,ACC,Fusion burden,55,,,C,small,not applicable,,cda852d2a4f2a4ec98f12e4300d5b017bb40cf336f0af5b2e7e1d07845fcffe4,FALSE,titan-representative-benchmark-v1,FALSE,one lowest salted SHA-256 endpoint per non-empty outcome-family and sample-size-tercile cell; binary cells additionally stratified by minority-class-fraction tercile
continuous,fusion,KICH,Fusion burden,65,,,C,small,not applicable,,e5b5ff470afb999294f0a4af24496679e580479ac30dc76c67bb851229d1e9cf,FALSE,titan-representative-benchmark-v1,FALSE,one lowest salted SHA-256 endpoint per non-empty outcome-family and sample-size-tercile cell; binary cells additionally stratified by minority-class-fraction tercile
continuous,fusion,UVM,Fusion burden,80,,,C,small,not applicable,,f13cfc3c4fa3095fc0412bb6baac775976e0e45d0d91ebe81385db774ff721fb,FALSE,titan-representative-benchmark-v1,FALSE,one lowest salted SHA-256 endpoint per non-empty outcome-family and sample-size-tercile cell; binary cells additionally stratified by minority-class-fraction tercile
continuous,microsatellite_instability,STAD,MANTIS score,371,,,C,large,not applicable,,09d2a46c93624b456acfb9f2de4e8fac0e522f707809d44206f808492c497d16,TRUE,titan-representative-benchmark-v1,FALSE,one lowest salted SHA-256 endpoint per non-empty outcome-family and sample-size-tercile cell; binary cells additionally stratified by minority-class-fraction tercile
continuous,microsatellite_instability,THCA,MANTIS score,486,,,C,large,not applicable,,0d7eb95814834eae97bbb285b40797505a40bdd2364795f7d91915c81f9347a4,FALSE,titan-representative-benchmark-v1,FALSE,one lowest salted SHA-256 endpoint per non-empty outcome-family and sample-size-tercile cell; binary cells additionally stratified by minority-class-fraction tercile
continuous,microsatellite_instability,UCEC,MANTIS score,487,,,C,large,not applicable,,0db1501752084d6de55ce564a587422d270cc8cc1c4bade974117a4b907b1244,FALSE,titan-representative-benchmark-v1,FALSE,one lowest salted SHA-256 endpoint per non-empty outcome-family and sample-size-tercile cell; binary cells additionally stratified by minority-class-fraction tercile
continuous,microsatellite_instability,PRAD,MANTIS score,398,,,C,large,not applicable,,1001ab4ca82eeb494117179b517eefdc9dfd2384ef71f6b8d8ec58c5708c8f40,FALSE,titan-representative-benchmark-v1,FALSE,one lowest salted SHA-256 endpoint per non-empty outcome-family and sample-size-tercile cell; binary cells additionally stratified by minority-class-fraction tercile
continuous,microsatellite_instability,LGG,MSIsensor score,488,,,C,large,not applicable,,1392358b0b0a35156bd3bb4d35c2de37c6d68ddc96a9fc6e5df3c1fadfe1a22d,FALSE,titan-representative-benchmark-v1,FALSE,one lowest salted SHA-256 endpoint per non-empty outcome-family and sample-size-tercile cell; binary cells additionally stratified by minority-class-fraction tercile
continuous,microsatellite_instability,LGG,MANTIS score,485,,,C,large,not applicable,,1e839950fa8b0c2b52856cab2a5c4f4be3a3d1c4eda8f7df938fe0d178af68e8,FALSE,titan-representative-benchmark-v1,FALSE,one lowest salted SHA-256 endpoint per non-empty outcome-family and sample-size-tercile cell; binary cells additionally stratified by minority-class-fraction tercile
continuous,microsatellite_instability,LUAD,MANTIS score,461,,,C,large,not applicable,,2826106a1aa436d254e392c898fd788ae6ab125dee94189e24ed3c792f1a54eb,FALSE,titan-representative-benchmark-v1,FALSE,one lowest salted SHA-256 endpoint per non-empty outcome-family and sample-size-tercile cell; binary cells additionally stratified by minority-class-fraction tercile
continuous,microsatellite_instability,BLCA,MANTIS score,385,,,C,large,not applicable,,29f4ff1469d2bd6c669bc3b32c9a9cc1feb3f5d9131c0f8ca45fcde8a4aae0ea,FALSE,titan-representative-benchmark-v1,FALSE,one lowest salted SHA-256 endpoint per non-empty outcome-family and sample-size-tercile cell; binary cells additionally stratified by minority-class-fraction tercile
continuous,microsatellite_instability,BRCA,MSIsensor score,1032,,,C,large,not applicable,,3c0470d4b47e1816d135ebe22d93a1e9850482121ba4b986827fb82ea3914376,FALSE,titan-representative-benchmark-v1,FALSE,one lowest salted SHA-256 endpoint per non-empty outcome-family and sample-size-tercile cell; binary cells additionally stratified by minority-class-fraction tercile
continuous,microsatellite_instability,LUSC,MANTIS score,454,,,C,large,not applicable,,4f44b42cf35216748334a9194d35b3a0dc7fa1e068576f5c8dfce6f130970dab,FALSE,titan-representative-benchmark-v1,FALSE,one lowest salted SHA-256 endpoint per non-empty outcome-family and sample-size-tercile cell; binary cells additionally stratified by minority-class-fraction tercile
continuous,microsatellite_instability,COAD,MANTIS score,391,,,B,large,not applicable,,627c2bd7cb6a8bdb18901faadda64e8418f010c822db138691d95dcaffb2aa15,FALSE,titan-representative-benchmark-v1,FALSE,one lowest salted SHA-256 endpoint per non-empty outcome-family and sample-size-tercile cell; binary cells additionally stratified by minority-class-fraction tercile
continuous,microsatellite_instability,BLCA,MSIsensor score,385,,,C,large,not applicable,,6f13cc89c90388af54563d4ab9351c0e35443d1ef2b26ae967ff6fb6a2fab6ea,FALSE,titan-representative-benchmark-v1,FALSE,one lowest salted SHA-256 endpoint per non-empty outcome-family and sample-size-tercile cell; binary cells additionally stratified by minority-class-fraction tercile
continuous,microsatellite_instability,COAD,MSIsensor score,411,,,B,large,not applicable,,7a0a3d51c55b03e287d1fac286d8875c93275a3898dc135d4046f99b390d2652,FALSE,titan-representative-benchmark-v1,FALSE,one lowest salted SHA-256 endpoint per non-empty outcome-family and sample-size-tercile cell; binary cells additionally stratified by minority-class-fraction tercile
continuous,microsatellite_instability,STAD,MSIsensor score,372,,,C,large,not applicable,,83f38f5f87bf381c499a17ab3054464524364d7dbb4a5a681f60616cdde36e6f,FALSE,titan-representative-benchmark-v1,FALSE,one lowest salted SHA-256 endpoint per non-empty outcome-family and sample-size-tercile cell; binary cells additionally stratified by minority-class-fraction tercile
continuous,microsatellite_instability,PRAD,MSIsensor score,398,,,C,large,not applicable,,83fbb74e00f6b5638a24edfccc96e99e6c3aa0dde018d615a3b6f8de0f3bc2dd,FALSE,titan-representative-benchmark-v1,FALSE,one lowest salted SHA-256 endpoint per non-empty outcome-family and sample-size-tercile cell; binary cells additionally stratified by minority-class-fraction tercile
continuous,microsatellite_instability,BRCA,MANTIS score,991,,,C,large,not applicable,,8c0ad24d45cf4b8b8bb7d32ef17f6f65e142b9933bbe276c38d1a21121868588,FALSE,titan-representative-benchmark-v1,FALSE,one lowest salted SHA-256 endpoint per non-empty outcome-family and sample-size-tercile cell; binary cells additionally stratified by minority-class-fraction tercile
continuous,microsatellite_instability,HNSC,MSIsensor score,428,,,C,large,not applicable,,8e5f0418245df3231d23aadfc0c58a4d7e913c9c0d96e75b3285256b5b507d9e,FALSE,titan-representative-benchmark-v1,FALSE,one lowest salted SHA-256 endpoint per non-empty outcome-family and sample-size-tercile cell; binary cells additionally stratified by minority-class-fraction tercile
continuous,microsatellite_instability,THCA,MSIsensor score,486,,,C,large,not applicable,,b56dd5f51d49c11c70898df3139eabec68e77ba68306150cd6c2dbf0326b0ad6,FALSE,titan-representative-benchmark-v1,FALSE,one lowest salted SHA-256 endpoint per non-empty outcome-family and sample-size-tercile cell; binary cells additionally stratified by minority-class-fraction tercile
continuous,microsatellite_instability,KIRC,MSIsensor score,476,,,C,large,not applicable,,cfbd32bdcc63a9a95de5a45e290b7c72cbdc955c19a6b1e0afc24201fb739436,FALSE,titan-representative-benchmark-v1,FALSE,one lowest salted SHA-256 endpoint per non-empty outcome-family and sample-size-tercile cell; binary cells additionally stratified by minority-class-fraction tercile
continuous,microsatellite_instability,HNSC,MANTIS score,428,,,C,large,not applicable,,d90fb6db7fa8e8d79522adb8c62a93a815469e64244241f8759629f43fe8f852,FALSE,titan-representative-benchmark-v1,FALSE,one lowest salted SHA-256 endpoint per non-empty outcome-family and sample-size-tercile cell; binary cells additionally stratified by minority-class-fraction tercile
continuous,microsatellite_instability,UCEC,MSIsensor score,489,,,C,large,not applicable,,e7ad832feeb3d800651d9b73665afdfc8dd32ca7d507094ce0b61aadc6827220,FALSE,titan-representative-benchmark-v1,FALSE,one lowest salted SHA-256 endpoint per non-empty outcome-family and sample-size-tercile cell; binary cells additionally stratified by minority-class-fraction tercile
continuous,microsatellite_instability,LUSC,MSIsensor score,455,,,C,large,not applicable,,e8a7bc485045631f68a8aa573d74afa75c8d88490454641badfd164af34541ae,FALSE,titan-representative-benchmark-v1,FALSE,one lowest salted SHA-256 endpoint per non-empty outcome-family and sample-size-tercile cell; binary cells additionally stratified by minority-class-fraction tercile
continuous,microsatellite_instability,LUAD,MSIsensor score,461,,,C,large,not applicable,,fce1badd8cab1f6500309fea5b689dfc7ff676069aae16e82f71279653253fd6,FALSE,titan-representative-benchmark-v1,FALSE,one lowest salted SHA-256 endpoint per non-empty outcome-family and sample-size-tercile cell; binary cells additionally stratified by minority-class-fraction tercile
continuous,microsatellite_instability,LIHC,MSIsensor score,359,,,C,medium,not applicable,,0c91605ba7e12bbbc229040c32acb21536bb97387c87247c80a734b7cd3b1f59,TRUE,titan-representative-benchmark-v1,FALSE,one lowest salted SHA-256 endpoint per non-empty outcome-family and sample-size-tercile cell; binary cells additionally stratified by minority-class-fraction tercile
continuous,microsatellite_instability,LIHC,MANTIS score,359,,,C,medium,not applicable,,1d88caee2bdf0e3c1378ee3f45fdc7e5330d997ca5d19be07dcbccb024f91766,FALSE,titan-representative-benchmark-v1,FALSE,one lowest salted SHA-256 endpoint per non-empty outcome-family and sample-size-tercile cell; binary cells additionally stratified by minority-class-fraction tercile
continuous,microsatellite_instability,KIRP,MANTIS score,264,,,C,medium,not applicable,,1df2d0eafbeea673e2b6c27f36cacf8f745cdb9082d43f1563d906f0c3708e22,FALSE,titan-representative-benchmark-v1,FALSE,one lowest salted SHA-256 endpoint per non-empty outcome-family and sample-size-tercile cell; binary cells additionally stratified by minority-class-fraction tercile
continuous,microsatellite_instability,CESC,MSIsensor score,261,,,C,medium,not applicable,,3b82ed303c02f64c63e7876f3e61348b8db14900004c30aae2b9c26aa9023432,FALSE,titan-representative-benchmark-v1,FALSE,one lowest salted SHA-256 endpoint per non-empty outcome-family and sample-size-tercile cell; binary cells additionally stratified by minority-class-fraction tercile
continuous,microsatellite_instability,SARC,MANTIS score,244,,,C,medium,not applicable,,4b4b68f7da365be6b5957b01b57d229db1bbf309ceb429ef95d30dbc03eca1b9,FALSE,titan-representative-benchmark-v1,FALSE,one lowest salted SHA-256 endpoint per non-empty outcome-family and sample-size-tercile cell; binary cells additionally stratified by minority-class-fraction tercile
continuous,microsatellite_instability,ESCA,MSIsensor score,155,,,C,medium,not applicable,,5985214ba47cc4cbb4bdccb7c2a47d10c48cefe58054e546d98eb3c2a4e36b6f,FALSE,titan-representative-benchmark-v1,FALSE,one lowest salted SHA-256 endpoint per non-empty outcome-family and sample-size-tercile cell; binary cells additionally stratified by minority-class-fraction tercile
continuous,microsatellite_instability,TGCT,MSIsensor score,148,,,C,medium,not applicable,,61a76779136d0e36dec0bb9aea757f27d8942f1db9a2195cd0afeb7da0efa9e1,FALSE,titan-representative-benchmark-v1,FALSE,one lowest salted SHA-256 endpoint per non-empty outcome-family and sample-size-tercile cell; binary cells additionally stratified by minority-class-fraction tercile
continuous,microsatellite_instability,PAAD,MANTIS score,180,,,C,medium,not applicable,,6e515c77136686ca71d70bba91256fa0de6ef08c7014fbde8c819a2c77d2f8a8,FALSE,titan-representative-benchmark-v1,FALSE,one lowest salted SHA-256 endpoint per non-empty outcome-family and sample-size-tercile cell; binary cells additionally stratified by minority-class-fraction tercile
continuous,microsatellite_instability,PCPG,MANTIS score,175,,,C,medium,not applicable,,6fae4eca7b0c9f11fdb1aede5a581f315d1e7bb1c6e197aa803e442529444165,FALSE,titan-representative-benchmark-v1,FALSE,one lowest salted SHA-256 endpoint per non-empty outcome-family and sample-size-tercile cell; binary cells additionally stratified by minority-class-fraction tercile
continuous,microsatellite_instability,ESCA,MANTIS score,155,,,C,medium,not applicable,,6fe6a529c0d66e49e56e2adf2c72b7588a9a52bbf2411b24f24f4c6130c86638,FALSE,titan-representative-benchmark-v1,FALSE,one lowest salted SHA-256 endpoint per non-empty outcome-family and sample-size-tercile cell; binary cells additionally stratified by minority-class-fraction tercile
continuous,microsatellite_instability,SARC,MSIsensor score,245,,,C,medium,not applicable,,7541128c4e499698b895871683c8d0f0c7f6726b5006876b499549217458d76c,FALSE,titan-representative-benchmark-v1,FALSE,one lowest salted SHA-256 endpoint per non-empty outcome-family and sample-size-tercile cell; binary cells additionally stratified by minority-class-fraction tercile
continuous,microsatellite_instability,TGCT,MANTIS score,148,,,C,medium,not applicable,,7d2427ac94c298ddf33dbb19d5744bd2510a6ec66d20bd245b0bf9215cdb3d45,FALSE,titan-representative-benchmark-v1,FALSE,one lowest salted SHA-256 endpoint per non-empty outcome-family and sample-size-tercile cell; binary cells additionally stratified by minority-class-fraction tercile
continuous,microsatellite_instability,PCPG,MSIsensor score,175,,,C,medium,not applicable,,84e74742c4ed00ae5b86c7e0685f17647b196246ec910495e2f49f7cc3f82783,FALSE,titan-representative-benchmark-v1,FALSE,one lowest salted SHA-256 endpoint per non-empty outcome-family and sample-size-tercile cell; binary cells additionally stratified by minority-class-fraction tercile
continuous,microsatellite_instability,CESC,MANTIS score,261,,,C,medium,not applicable,,b81725faefa1f02c3a32a771a089f58a0c03a0642640edfafd484deb419e572c,FALSE,titan-representative-benchmark-v1,FALSE,one lowest salted SHA-256 endpoint per non-empty outcome-family and sample-size-tercile cell; binary cells additionally stratified by minority-class-fraction tercile
continuous,microsatellite_instability,KIRP,MSIsensor score,264,,,C,medium,not applicable,,bce9634915ca8262c0fbedcb668c1b30c1b92047f7f42ad494e967af709df7ad,FALSE,titan-representative-benchmark-v1,FALSE,one lowest salted SHA-256 endpoint per non-empty outcome-family and sample-size-tercile cell; binary cells additionally stratified by minority-class-fraction tercile
continuous,microsatellite_instability,GBM,MANTIS score,239,,,C,medium,not applicable,,bf3253b01a0e1e33909d0f320096137aac2be482e17584986d20d807dd9100d7,FALSE,titan-representative-benchmark-v1,FALSE,one lowest salted SHA-256 endpoint per non-empty outcome-family and sample-size-tercile cell; binary cells additionally stratified by minority-class-fraction tercile
continuous,microsatellite_instability,KIRC,MANTIS score,306,,,C,medium,not applicable,,c7f2839cce04d37aeddad8fa1bec053745669d2e9cdabc699ff614dda82e0089,FALSE,titan-representative-benchmark-v1,FALSE,one lowest salted SHA-256 endpoint per non-empty outcome-family and sample-size-tercile cell; binary cells additionally stratified by minority-class-fraction tercile
continuous,microsatellite_instability,GBM,MSIsensor score,253,,,C,medium,not applicable,,d24ac2811f62b8309855fc534aed7e90b427a277415953f7c1b091e8508d86d6,FALSE,titan-representative-benchmark-v1,FALSE,one lowest salted SHA-256 endpoint per non-empty outcome-family and sample-size-tercile cell; binary cells additionally stratified by minority-class-fraction tercile
continuous,microsatellite_instability,PAAD,MSIsensor score,181,,,C,medium,not applicable,,f1e1db591c740307a341c8fd8befaf9ee9a9219a48f88ec79e954131e6df80a6,FALSE,titan-representative-benchmark-v1,FALSE,one lowest salted SHA-256 endpoint per non-empty outcome-family and sample-size-tercile cell; binary cells additionally stratified by minority-class-fraction tercile
continuous,microsatellite_instability,MESO,MANTIS score,71,,,C,small,not applicable,,26b6aa9a10d9ff63734582898876efdaa28184f8dc1c29ecf7ac8d49604d7926,TRUE,titan-representative-benchmark-v1,FALSE,one lowest salted SHA-256 endpoint per non-empty outcome-family and sample-size-tercile cell; binary cells additionally stratified by minority-class-fraction tercile
continuous,microsatellite_instability,KICH,MANTIS score,65,,,C,small,not applicable,,44d2455d3a5be6e4867dd538e73927f55a7732e9b638c2af7272a397a0f83f5d,FALSE,titan-representative-benchmark-v1,FALSE,one lowest salted SHA-256 endpoint per non-empty outcome-family and sample-size-tercile cell; binary cells additionally stratified by minority-class-fraction tercile
continuous,microsatellite_instability,OV,MSIsensor score,97,,,C,small,not applicable,,4d379068f7bd4e23948d12649dd24d5887f2bd9025cc4d45e5c25b0849b0799b,FALSE,titan-representative-benchmark-v1,FALSE,one lowest salted SHA-256 endpoint per non-empty outcome-family and sample-size-tercile cell; binary cells additionally stratified by minority-class-fraction tercile
continuous,microsatellite_instability,UVM,MANTIS score,80,,,C,small,not applicable,,574476aa62726146ff0a4100ab60ae14a7e5eb32b30f42afc6d1ac1a942e030e,FALSE,titan-representative-benchmark-v1,FALSE,one lowest salted SHA-256 endpoint per non-empty outcome-family and sample-size-tercile cell; binary cells additionally stratified by minority-class-fraction tercile
continuous,microsatellite_instability,OV,MANTIS score,75,,,C,small,not applicable,,7926fc94a16d9a60f4653317a151806acb59b02131f98a80438d094c6f53584a,FALSE,titan-representative-benchmark-v1,FALSE,one lowest salted SHA-256 endpoint per non-empty outcome-family and sample-size-tercile cell; binary cells additionally stratified by minority-class-fraction tercile
continuous,microsatellite_instability,READ,MSIsensor score,141,,,C,small,not applicable,,7c0f0b4fcb803311674a5ba9089b4cb1af9d235e6d96765b39c208f6bb707591,FALSE,titan-representative-benchmark-v1,FALSE,one lowest salted SHA-256 endpoint per non-empty outcome-family and sample-size-tercile cell; binary cells additionally stratified by minority-class-fraction tercile
continuous,microsatellite_instability,READ,MANTIS score,132,,,C,small,not applicable,,8682844dca2769b9119c92c821c5e8e3e89771d6fd2fdd3fbfbb2c066148edb6,FALSE,titan-representative-benchmark-v1,FALSE,one lowest salted SHA-256 endpoint per non-empty outcome-family and sample-size-tercile cell; binary cells additionally stratified by minority-class-fraction tercile
continuous,microsatellite_instability,MESO,MSIsensor score,71,,,C,small,not applicable,,86bd2918daf4a3a31515025a611661a3f75ac459dc3a739d5fd00cfcb03c36ad,FALSE,titan-representative-benchmark-v1,FALSE,one lowest salted SHA-256 endpoint per non-empty outcome-family and sample-size-tercile cell; binary cells additionally stratified by minority-class-fraction tercile
continuous,microsatellite_instability,UCS,MANTIS score,53,,,C,small,not applicable,,90293ea5829622a315e20577d97bbc2bf82f8ad8099f0f7657012404fa21b4b8,FALSE,titan-representative-benchmark-v1,FALSE,one lowest salted SHA-256 endpoint per non-empty outcome-family and sample-size-tercile cell; binary cells additionally stratified by minority-class-fraction tercile
continuous,microsatellite_instability,ACC,MSIsensor score,55,,,C,small,not applicable,,b2caffe2ea042f12c181faf261d4d7813346db2e33e871664767e582109a97ad,FALSE,titan-representative-benchmark-v1,FALSE,one lowest salted SHA-256 endpoint per non-empty outcome-family and sample-size-tercile cell; binary cells additionally stratified by minority-class-fraction tercile
continuous,microsatellite_instability,THYM,MANTIS score,120,,,C,small,not applicable,,b44de8fd35bf6ddf7c2f021aeb901b3643e800eb88fb7375746574f1bd2b197e,FALSE,titan-representative-benchmark-v1,FALSE,one lowest salted SHA-256 endpoint per non-empty outcome-family and sample-size-tercile cell; binary cells additionally stratified by minority-class-fraction tercile
continuous,microsatellite_instability,ACC,MANTIS score,55,,,C,small,not applicable,,ba3775a922c55b98ec33633e9bbb3e05ebe6971845ed09d8713f02cf66ca62ce,FALSE,titan-representative-benchmark-v1,FALSE,one lowest salted SHA-256 endpoint per non-empty outcome-family and sample-size-tercile cell; binary cells additionally stratified by minority-class-fraction tercile
continuous,microsatellite_instability,UVM,MSIsensor score,80,,,C,small,not applicable,,bc09d88827166e89bfac0ddecf53f2f9988c5312c1b556302efca97da85cfab1,FALSE,titan-representative-benchmark-v1,FALSE,one lowest salted SHA-256 endpoint per non-empty outcome-family and sample-size-tercile cell; binary cells additionally stratified by minority-class-fraction tercile
continuous,microsatellite_instability,KICH,MSIsensor score,65,,,C,small,not applicable,,cb4483d5b63f94704b6d5c0ec91498a233d1152a3959fe9be89f3fd67fa6e24a,FALSE,titan-representative-benchmark-v1,FALSE,one lowest salted SHA-256 endpoint per non-empty outcome-family and sample-size-tercile cell; binary cells additionally stratified by minority-class-fraction tercile
continuous,microsatellite_instability,SKCM,MSIsensor score,74,,,C,small,not applicable,,cbd94f0bbf6b72c0dbaa1e8977b4cd331c52ac861896921375c860bf97cc9353,FALSE,titan-representative-benchmark-v1,FALSE,one lowest salted SHA-256 endpoint per non-empty outcome-family and sample-size-tercile cell; binary cells additionally stratified by minority-class-fraction tercile
continuous,microsatellite_instability,THYM,MSIsensor score,120,,,C,small,not applicable,,dc573e9b10679644b9692ccd245953a7bb9dea27eb9574fa6af3e8020362771a,FALSE,titan-representative-benchmark-v1,FALSE,one lowest salted SHA-256 endpoint per non-empty outcome-family and sample-size-tercile cell; binary cells additionally stratified by minority-class-fraction tercile
continuous,microsatellite_instability,UCS,MSIsensor score,53,,,C,small,not applicable,,dccf92f7df3f4e0e1ea751816cf9753c802e0e57be257c2cc1965595a61afccb,FALSE,titan-representative-benchmark-v1,FALSE,one lowest salted SHA-256 endpoint per non-empty outcome-family and sample-size-tercile cell; binary cells additionally stratified by minority-class-fraction tercile
continuous,microsatellite_instability,SKCM,MANTIS score,74,,,C,small,not applicable,,eb3d1a1e3071317fd1bb6bb13dd0d9b4d0f90345d3bb37579a055b2e7ef319da,FALSE,titan-representative-benchmark-v1,FALSE,one lowest salted SHA-256 endpoint per non-empty outcome-family and sample-size-tercile cell; binary cells additionally stratified by minority-class-fraction tercile
continuous,thorsson,BLCA,IFN-gamma Response,373,,,B,large,not applicable,,00444e80fad08df36f5f4f66a16d194919fcb992f446ffdbb7c279db95766b33,TRUE,titan-representative-benchmark-v1,FALSE,one lowest salted SHA-256 endpoint per non-empty outcome-family and sample-size-tercile cell; binary cells additionally stratified by minority-class-fraction tercile
continuous,thorsson,KIRC,Macrophages M2,492,,,C,large,not applicable,,00d3605b02e00689067da3aed6a4821b97eec21776c23aeb7c4d221f0baaaac8,FALSE,titan-representative-benchmark-v1,FALSE,one lowest salted SHA-256 endpoint per non-empty outcome-family and sample-size-tercile cell; binary cells additionally stratified by minority-class-fraction tercile
continuous,thorsson,BLCA,TGF-beta Response,373,,,B,large,not applicable,,01a01d86e6eca8c44ad0fc19d1c3e22bfc95fcab25798b28c4e9898cefa2da2d,FALSE,titan-representative-benchmark-v1,FALSE,one lowest salted SHA-256 endpoint per non-empty outcome-family and sample-size-tercile cell; binary cells additionally stratified by minority-class-fraction tercile
continuous,thorsson,THCA,Mast Cells Resting,498,,,C,large,not applicable,,02759969fbae3555b6fe9f42d0d397eee1b5eafb72bca3bff1543a4a02d78483,FALSE,titan-representative-benchmark-v1,FALSE,one lowest salted SHA-256 endpoint per non-empty outcome-family and sample-size-tercile cell; binary cells additionally stratified by minority-class-fraction tercile
continuous,thorsson,LGG,Th2 Cells,488,,,C,large,not applicable,,03d25695d565556d8cbbe26f25431cdb8ff10f4a435e99eb6ed4ef667af000d5,FALSE,titan-representative-benchmark-v1,FALSE,one lowest salted SHA-256 endpoint per non-empty outcome-family and sample-size-tercile cell; binary cells additionally stratified by minority-class-fraction tercile
continuous,thorsson,BLCA,Homologous Recombination Defects,377,,,B,large,not applicable,,066fbbb04c26d11c414dc8dea5457bd49fb7864493363438aae1f21e4389ac8d,FALSE,titan-representative-benchmark-v1,FALSE,one lowest salted SHA-256 endpoint per non-empty outcome-family and sample-size-tercile cell; binary cells additionally stratified by minority-class-fraction tercile
continuous,thorsson,LUAD,Leukocyte Fraction,460,,,A,large,not applicable,,06c08b11a4cbd305e27172f6e1501bef95cff96827c6f7d64172417b4a47d3a7,FALSE,titan-representative-benchmark-v1,FALSE,one lowest salted SHA-256 endpoint per non-empty outcome-family and sample-size-tercile cell; binary cells additionally stratified by minority-class-fraction tercile
continuous,thorsson,UCEC,T Cells Follicular Helper,489,,,C,large,not applicable,,06ea3f93ce09304d32237fd33c97770b32afff2305f3810c7c985923e2051b7f,FALSE,titan-representative-benchmark-v1,FALSE,one lowest salted SHA-256 endpoint per non-empty outcome-family and sample-size-tercile cell; binary cells additionally stratified by minority-class-fraction tercile
continuous,thorsson,BLCA,Proliferation,373,,,B,large,not applicable,,07538b9ed375e78d416be3f06ebcae13b287b54ed1f12b4743ae7457ecd0870e,FALSE,titan-representative-benchmark-v1,FALSE,one lowest salted SHA-256 endpoint per non-empty outcome-family and sample-size-tercile cell; binary cells additionally stratified by minority-class-fraction tercile
continuous,thorsson,BLCA,Eosinophils,373,,,C,large,not applicable,,077aac5c3a0be3431affce659dd7a0275aa83057bad9c35c82ccdffcf82c2bb6,FALSE,titan-representative-benchmark-v1,FALSE,one lowest salted SHA-256 endpoint per non-empty outcome-family and sample-size-tercile cell; binary cells additionally stratified by minority-class-fraction tercile
continuous,thorsson,LUSC,Macrophages M0,462,,,C,large,not applicable,,08607e4a23f4cb7878aa042f953779cf3e91fbacbc79d42f21d92489aa64b5d8,FALSE,titan-representative-benchmark-v1,FALSE,one lowest salted SHA-256 endpoint per non-empty outcome-family and sample-size-tercile cell; binary cells additionally stratified by minority-class-fraction tercile
continuous,thorsson,THCA,Fraction Altered,495,,,C,large,not applicable,,08e9d3b3c6caad4d017f55990e504596dbaed1c7e8eb39b55e838deea039f10f,FALSE,titan-representative-benchmark-v1,FALSE,one lowest salted SHA-256 endpoint per non-empty outcome-family and sample-size-tercile cell; binary cells additionally stratified by minority-class-fraction tercile
continuous,thorsson,LUSC,TIL Regional Fraction,384,,,B,large,not applicable,,099baf9991f1f90c615f55da13e348022783967e11ed05814af579a5c23228da,FALSE,titan-representative-benchmark-v1,FALSE,one lowest salted SHA-256 endpoint per non-empty outcome-family and sample-size-tercile cell; binary cells additionally stratified by minority-class-fraction tercile
continuous,thorsson,THCA,Th1 Cells,498,,,A,large,not applicable,,09fb17eca63daa99f4e9e436c2c3209ac401bfba9edd8d8a6da03da12bd24022,FALSE,titan-representative-benchmark-v1,FALSE,one lowest salted SHA-256 endpoint per non-empty outcome-family and sample-size-tercile cell; binary cells additionally stratified by minority-class-fraction tercile
continuous,thorsson,KIRC,TCR Evenness,471,,,C,large,not applicable,,0af22884ec7e7afa3dac299b0a386f48fcf2cded263513c02229fa558b063038,FALSE,titan-representative-benchmark-v1,FALSE,one lowest salted SHA-256 endpoint per non-empty outcome-family and sample-size-tercile cell; binary cells additionally stratified by minority-class-fraction tercile
continuous,thorsson,THCA,T Cells CD4 Memory Resting,498,,,C,large,not applicable,,0b31d7fc1e6488c0d7d759930571684c55dedce9c41a7d10f78316ecf8e2c221,FALSE,titan-representative-benchmark-v1,FALSE,one lowest salted SHA-256 endpoint per non-empty outcome-family and sample-size-tercile cell; binary cells additionally stratified by minority-class-fraction tercile
continuous,thorsson,BRCA,Aneuploidy Score,998,,,C,large,not applicable,,0b4e5c3eed1b3a8704250a95a6ac0cb29ff8d01b49e37b0d59203b17453adbfb,FALSE,titan-representative-benchmark-v1,FALSE,one lowest salted SHA-256 endpoint per non-empty outcome-family and sample-size-tercile cell; binary cells additionally stratified by minority-class-fraction tercile
continuous,thorsson,UCEC,Intratumor Heterogeneity,455,,,C,large,not applicable,,0b816242f09c82abe6c11f338720b4509cb5c310bf3166b910e21b2a2da79ba8,FALSE,titan-representative-benchmark-v1,FALSE,one lowest salted SHA-256 endpoint per non-empty outcome-family and sample-size-tercile cell; binary cells additionally stratified by minority-class-fraction tercile
continuous,thorsson,LGG,Homologous Recombination Defects,482,,,C,large,not applicable,,0befb065d7a6cd295dc7ae7005211fd71c08bf789804267019027ff9b5311bd2,FALSE,titan-representative-benchmark-v1,FALSE,one lowest salted SHA-256 endpoint per non-empty outcome-family and sample-size-tercile cell; binary cells additionally stratified by minority-class-fraction tercile
continuous,thorsson,LGG,IFN-gamma Response,488,,,C,large,not applicable,,0bf86cc269320f6c8e4d1674d2f41b18489e04086a6ea8a09b0249afc1ff1be5,FALSE,titan-representative-benchmark-v1,FALSE,one lowest salted SHA-256 endpoint per non-empty outcome-family and sample-size-tercile cell; binary cells additionally stratified by minority-class-fraction tercile
continuous,thorsson,BRCA,TIL Regional Fraction,942,,,A,large,not applicable,,0c0f01985c899e651885d2009670ac3530ca7b8d7cb78aa2c2f973c06a3c1104,FALSE,titan-representative-benchmark-v1,FALSE,one lowest salted SHA-256 endpoint per non-empty outcome-family and sample-size-tercile cell; binary cells additionally stratified by minority-class-fraction tercile
continuous,thorsson,THCA,IFN-gamma Response,498,,,B,large,not applicable,,0cdafb94a5c980c98f74312f685c691ab2b6f3310cc9a221a9802396bddd9335,FALSE,titan-representative-benchmark-v1,FALSE,one lowest salted SHA-256 endpoint per non-empty outcome-family and sample-size-tercile cell; binary cells additionally stratified by minority-class-fraction tercile
continuous,thorsson,THCA,Th2 Cells,498,,,C,large,not applicable,,0d5e8401baee1e651d744c6b918345a3da1f3e9de26d1dca016693c36a9befc9,FALSE,titan-representative-benchmark-v1,FALSE,one lowest salted SHA-256 endpoint per non-empty outcome-family and sample-size-tercile cell; binary cells additionally stratified by minority-class-fraction tercile
continuous,thorsson,BRCA,Indel Neoantigens,826,,,C,large,not applicable,,0d63b858a3309820555339d1266b33172fb175c3471b8fac9682b941660dcf90,FALSE,titan-representative-benchmark-v1,FALSE,one lowest salted SHA-256 endpoint per non-empty outcome-family and sample-size-tercile cell; binary cells additionally stratified by minority-class-fraction tercile
continuous,thorsson,THCA,Monocytes,498,,,C,large,not applicable,,0dae0f000809d1111e4f8bc7f9c9547f3c5790224c38da3907b47809b1fea030,FALSE,titan-representative-benchmark-v1,FALSE,one lowest salted SHA-256 endpoint per non-empty outcome-family and sample-size-tercile cell; binary cells additionally stratified by minority-class-fraction tercile
continuous,thorsson,THCA,TCR Shannon,458,,,A,large,not applicable,,0dd9b1c70dd2f4328051b121147021ae5dd19cbd0e216cda95a5e8ecf72c7afc,FALSE,titan-representative-benchmark-v1,FALSE,one lowest salted SHA-256 endpoint per non-empty outcome-family and sample-size-tercile cell; binary cells additionally stratified by minority-class-fraction tercile
continuous,thorsson,LUAD,T Cells Follicular Helper,410,,,C,large,not applicable,,0f50cf266aa89e2fd54582785f16bf7b79e13045673a01f5fab6fdf6edb564f1,FALSE,titan-representative-benchmark-v1,FALSE,one lowest salted SHA-256 endpoint per non-empty outcome-family and sample-size-tercile cell; binary cells additionally stratified by minority-class-fraction tercile
continuous,thorsson,BRCA,Plasma Cells,1039,,,C,large,not applicable,,0fc2f071c0565831a09f017c87660bf3f95edbae86804209adf6dddc3f4d177a,FALSE,titan-representative-benchmark-v1,FALSE,one lowest salted SHA-256 endpoint per non-empty outcome-family and sample-size-tercile cell; binary cells additionally stratified by minority-class-fraction tercile
continuous,thorsson,GBM,Fraction Altered,371,,,C,large,not applicable,,11704c4a7002b7646820309a0bdc4f2f57413a9f5fca7a1d76a58014e737b4cb,FALSE,titan-representative-benchmark-v1,FALSE,one lowest salted SHA-256 endpoint per non-empty outcome-family and sample-size-tercile cell; binary cells additionally stratified by minority-class-fraction tercile
continuous,thorsson,BRCA,Neutrophils,1039,,,C,large,not applicable,,1190653a24e8de5117bac280343c2a68cfda05de25e398bdb54c14b2e3677fea,FALSE,titan-representative-benchmark-v1,FALSE,one lowest salted SHA-256 endpoint per non-empty outcome-family and sample-size-tercile cell; binary cells additionally stratified by minority-class-fraction tercile
continuous,thorsson,LUSC,T Cells gamma delta,462,,,C,large,not applicable,,12e576feb393581c4e05c2f9dd54970389ffa5c2caf9009aa98aa65d96425e54,FALSE,titan-representative-benchmark-v1,FALSE,one lowest salted SHA-256 endpoint per non-empty outcome-family and sample-size-tercile cell; binary cells additionally stratified by minority-class-fraction tercile
continuous,thorsson,BLCA,Leukocyte Fraction,386,,,B,large,not applicable,,1332a4c424d2dc0b1d4eb052158fa595c35e3911132d122e66562abd8a6a3e8a,FALSE,titan-representative-benchmark-v1,FALSE,one lowest salted SHA-256 endpoint per non-empty outcome-family and sample-size-tercile cell; binary cells additionally stratified by minority-class-fraction tercile
continuous,thorsson,HNSC,B Cells Naive,437,,,C,large,not applicable,,13a20594226c4c960c57e2559d50a71bad6f216683ac3648023f10995774dcb5,FALSE,titan-representative-benchmark-v1,FALSE,one lowest salted SHA-256 endpoint per non-empty outcome-family and sample-size-tercile cell; binary cells additionally stratified by minority-class-fraction tercile
continuous,thorsson,LUSC,T Cells Regulatory Tregs,462,,,C,large,not applicable,,13a4996438b260c5d8995071b15a8cac0395500716b38910c405958ea24ce6f1,FALSE,titan-representative-benchmark-v1,FALSE,one lowest salted SHA-256 endpoint per non-empty outcome-family and sample-size-tercile cell; binary cells additionally stratified by minority-class-fraction tercile
continuous,thorsson,HNSC,Number of Segments,440,,,C,large,not applicable,,13b3c40a3276ae90eb138b47121ff4efe6c6ff186f009e34a796a7e99530f130,FALSE,titan-representative-benchmark-v1,FALSE,one lowest salted SHA-256 endpoint per non-empty outcome-family and sample-size-tercile cell; binary cells additionally stratified by minority-class-fraction tercile
continuous,thorsson,THCA,Stromal Fraction,446,,,C,large,not applicable,,13b532b5d4690e288edb4f81b5770e8b3472aceb9168c549cebd02b8dd3e69c7,FALSE,titan-representative-benchmark-v1,FALSE,one lowest salted SHA-256 endpoint per non-empty outcome-family and sample-size-tercile cell; binary cells additionally stratified by minority-class-fraction tercile
continuous,thorsson,LUSC,TCR Evenness,428,,,C,large,not applicable,,13cdd71ef730ea81bec3588d4657f5b94dfb7e969823d1193050aed75cadb16e,FALSE,titan-representative-benchmark-v1,FALSE,one lowest salted SHA-256 endpoint per non-empty outcome-family and sample-size-tercile cell; binary cells additionally stratified by minority-class-fraction tercile
continuous,thorsson,UCEC,IFN-gamma Response,489,,,C,large,not applicable,,14cffe2485e7264bdfaf8bfa4ee846a25db1fc0083ef82c09f892159c9145af3,FALSE,titan-representative-benchmark-v1,FALSE,one lowest salted SHA-256 endpoint per non-empty outcome-family and sample-size-tercile cell; binary cells additionally stratified by minority-class-fraction tercile
continuous,thorsson,UCEC,Stromal Fraction,455,,,C,large,not applicable,,14d15bec1b458b0a0c34fb602db6f9b92e6f763fce0288a82d7287502f07184a,FALSE,titan-representative-benchmark-v1,FALSE,one lowest salted SHA-256 endpoint per non-empty outcome-family and sample-size-tercile cell; binary cells additionally stratified by minority-class-fraction tercile
continuous,thorsson,BRCA,Macrophages M1,1039,,,C,large,not applicable,,15069584e4cb8cc071d61336a1902bf5b4259bec75ff5195eb83f1de4b7b1dcf,FALSE,titan-representative-benchmark-v1,FALSE,one lowest salted SHA-256 endpoint per non-empty outcome-family and sample-size-tercile cell; binary cells additionally stratified by minority-class-fraction tercile
continuous,thorsson,LGG,Plasma Cells,488,,,C,large,not applicable,,1528082e51c9173c961630b8bbbcc6d7b32fc121158260c8c54a00afd114fcab,FALSE,titan-representative-benchmark-v1,FALSE,one lowest salted SHA-256 endpoint per non-empty outcome-family and sample-size-tercile cell; binary cells additionally stratified by minority-class-fraction tercile
continuous,thorsson,BRCA,Silent Mutation Rate,1022,,,C,large,not applicable,,16931f56a89030887b93fe9eeead530e30f274363e4add9c8d5d8f9d720dae67,FALSE,titan-representative-benchmark-v1,FALSE,one lowest salted SHA-256 endpoint per non-empty outcome-family and sample-size-tercile cell; binary cells additionally stratified by minority-class-fraction tercile
continuous,thorsson,THCA,Plasma Cells,498,,,B,large,not applicable,,1693e070104f6da5d2be41465d794f249afc2863f2c0a8170357911dad17dc8b,FALSE,titan-representative-benchmark-v1,FALSE,one lowest salted SHA-256 endpoint per non-empty outcome-family and sample-size-tercile cell; binary cells additionally stratified by minority-class-fraction tercile
continuous,thorsson,LUSC,Homologous Recombination Defects,459,,,C,large,not applicable,,16f6dab8665e159b3e8dca7fd8ed06238a6defc1e6372b3ef6bf5adb127359af,FALSE,titan-representative-benchmark-v1,FALSE,one lowest salted SHA-256 endpoint per non-empty outcome-family and sample-size-tercile cell; binary cells additionally stratified by minority-class-fraction tercile
continuous,thorsson,BRCA,Th1 Cells,1039,,,C,large,not applicable,,17ee08f3fa646a16776a5c83e16c2f47a588f7d6ca4f23d8e2e8dbee86447071,FALSE,titan-representative-benchmark-v1,FALSE,one lowest salted SHA-256 endpoint per non-empty outcome-family and sample-size-tercile cell; binary cells additionally stratified by minority-class-fraction tercile
continuous,thorsson,COAD,Dendritic Cells Resting,417,,,C,large,not applicable,,1a195841c774edde7072ab7f33d525bf3b019eaf7b439b0d98629776f5de393b,FALSE,titan-representative-benchmark-v1,FALSE,one lowest salted SHA-256 endpoint per non-empty outcome-family and sample-size-tercile cell; binary cells additionally stratified by minority-class-fraction tercile
continuous,thorsson,LGG,SNV Neoantigens,481,,,C,large,not applicable,,1ba6fb7bd506b7a66360ff44e4f7f107dfbbc1abfab2efa4707367f6188c7373,FALSE,titan-representative-benchmark-v1,FALSE,one lowest salted SHA-256 endpoint per non-empty outcome-family and sample-size-tercile cell; binary cells additionally stratified by minority-class-fraction tercile
continuous,thorsson,LUAD,T Cells gamma delta,410,,,C,large,not applicable,,1cd2385fe1672f71a6e20ea1f014c278c1662adf33db20b3ce05d9428b78b415,FALSE,titan-representative-benchmark-v1,FALSE,one lowest salted SHA-256 endpoint per non-empty outcome-family and sample-size-tercile cell; binary cells additionally stratified by minority-class-fraction tercile
continuous,thorsson,BLCA,T Cells CD4 Naive,373,,,C,large,not applicable,,1ce24ffa941c0bf6e3e0d6bb6eab4ee2c167cd71fadb120978b3d35fb111ccc0,FALSE,titan-representative-benchmark-v1,FALSE,one lowest salted SHA-256 endpoint per non-empty outcome-family and sample-size-tercile cell; binary cells additionally stratified by minority-class-fraction tercile
continuous,thorsson,COAD,Mast Cells Activated,417,,,C,large,not applicable,,1e13b84def9b475e43b5ea05f8e9275abaedc683cf3d7fbe29b73553807fff77,FALSE,titan-representative-benchmark-v1,FALSE,one lowest salted SHA-256 endpoint per non-empty outcome-family and sample-size-tercile cell; binary cells additionally stratified by minority-class-fraction tercile
continuous,thorsson,THCA,B Cells Naive,498,,,C,large,not applicable,,1e2925ff1b4fb0f62a034eb1ce2958fee4b79e9ceb5bda3af69cfa21d80d78d3,FALSE,titan-representative-benchmark-v1,FALSE,one lowest salted SHA-256 endpoint per non-empty outcome-family and sample-size-tercile cell; binary cells additionally stratified by minority-class-fraction tercile
continuous,thorsson,COAD,CTA Score,401,,,C,large,not applicable,,21b5667b64018eb0a08d4322a64ae8008c9d1c7ad8d62cfd45a07648f0baecc6,FALSE,titan-representative-benchmark-v1,FALSE,one lowest salted SHA-256 endpoint per non-empty outcome-family and sample-size-tercile cell; binary cells additionally stratified by minority-class-fraction tercile
continuous,thorsson,LGG,T Cells CD4 Naive,488,,,C,large,not applicable,,2245cd893b2269566538568019e4b4ac2469fd2c483dd0ccc4bc9953cb71ecef,FALSE,titan-representative-benchmark-v1,FALSE,one lowest salted SHA-256 endpoint per non-empty outcome-family and sample-size-tercile cell; binary cells additionally stratified by minority-class-fraction tercile
continuous,thorsson,HNSC,TCR Shannon,392,,,C,large,not applicable,,22f50a7388c0e203d4e0db48746378dda9c4937dc36941cc7479135d68d0ab24,FALSE,titan-representative-benchmark-v1,FALSE,one lowest salted SHA-256 endpoint per non-empty outcome-family and sample-size-tercile cell; binary cells additionally stratified by minority-class-fraction tercile
continuous,thorsson,LGG,Mast Cells Resting,488,,,C,large,not applicable,,2325a8cfdcfa0321a58107570c4a3290d2607d1f7768e084e407fb5e22c48886,FALSE,titan-representative-benchmark-v1,FALSE,one lowest salted SHA-256 endpoint per non-empty outcome-family and sample-size-tercile cell; binary cells additionally stratified by minority-class-fraction tercile
continuous,thorsson,THCA,Macrophages M0,498,,,C,large,not applicable,,2327fcca8ac957d3e605329cf42caf034b43d3119d79931be897da871d5af1d1,FALSE,titan-representative-benchmark-v1,FALSE,one lowest salted SHA-256 endpoint per non-empty outcome-family and sample-size-tercile cell; binary cells additionally stratified by minority-class-fraction tercile
continuous,thorsson,LUSC,Neutrophils,462,,,C,large,not applicable,,237ce1f34108c171e8bf1388f311c21bd453cc2452517b8796f43d1d94539cb1,FALSE,titan-representative-benchmark-v1,FALSE,one lowest salted SHA-256 endpoint per non-empty outcome-family and sample-size-tercile cell; binary cells additionally stratified by minority-class-fraction tercile
continuous,thorsson,LUSC,Indel Neoantigens,430,,,C,large,not applicable,,239f6607edc36095d4c1d531e7db1ace7c753e8e3a2ecfb603b9bbaf918f5dff,FALSE,titan-representative-benchmark-v1,FALSE,one lowest salted SHA-256 endpoint per non-empty outcome-family and sample-size-tercile cell; binary cells additionally stratified by minority-class-fraction tercile
continuous,thorsson,KIRC,Dendritic Cells Resting,492,,,C,large,not applicable,,24a0c261c37ff0ac7400b805fdfe5ab68a15ae73496cea0ee340ad08d1782178,FALSE,titan-representative-benchmark-v1,FALSE,one lowest salted SHA-256 endpoint per non-empty outcome-family and sample-size-tercile cell; binary cells additionally stratified by minority-class-fraction tercile
continuous,thorsson,HNSC,Plasma Cells,437,,,C,large,not applicable,,24f34954514459a8f1afa1ddfce1aab0e88cde6a94f1468c5375511424ec7164,FALSE,titan-representative-benchmark-v1,FALSE,one lowest salted SHA-256 endpoint per non-empty outcome-family and sample-size-tercile cell; binary cells additionally stratified by minority-class-fraction tercile
continuous,thorsson,LUAD,Macrophages M1,410,,,C,large,not applicable,,253ee671c53774fbc4bed3f28d90da851d40b6b3c5f1820f9a3e5fa541aeb20b,FALSE,titan-representative-benchmark-v1,FALSE,one lowest salted SHA-256 endpoint per non-empty outcome-family and sample-size-tercile cell; binary cells additionally stratified by minority-class-fraction tercile
continuous,thorsson,KIRC,Mast Cells Activated,492,,,C,large,not applicable,,26a8ce484fc3be9584717b4397acdfbd5226bca8898e77c50ee1f704b4e0a818,FALSE,titan-representative-benchmark-v1,FALSE,one lowest salted SHA-256 endpoint per non-empty outcome-family and sample-size-tercile cell; binary cells additionally stratified by minority-class-fraction tercile
continuous,thorsson,LUAD,SNV Neoantigens,450,,,B,large,not applicable,,26dae6119de271ba64d2684b911ebbdb1cb9e940da687a798d1caa1ebbb68b07,FALSE,titan-representative-benchmark-v1,FALSE,one lowest salted SHA-256 endpoint per non-empty outcome-family and sample-size-tercile cell; binary cells additionally stratified by minority-class-fraction tercile
continuous,thorsson,STAD,Leukocyte Fraction,373,,,C,large,not applicable,,279ecfb945f1c1b98fcebf34a6a41bd4c238164a2fda1ed3bf681397ce8fc832,FALSE,titan-representative-benchmark-v1,FALSE,one lowest salted SHA-256 endpoint per non-empty outcome-family and sample-size-tercile cell; binary cells additionally stratified by minority-class-fraction tercile
continuous,thorsson,THCA,CTA Score,497,,,C,large,not applicable,,27a76fe7164a3a07a7d2583d44a5a365bbeea0fe76511c1ef8b6f44d4949e1ea,FALSE,titan-representative-benchmark-v1,FALSE,one lowest salted SHA-256 endpoint per non-empty outcome-family and sample-size-tercile cell; binary cells additionally stratified by minority-class-fraction tercile
continuous,thorsson,UCEC,NK Cells Activated,489,,,C,large,not applicable,,27f03371905325639aab4f7649d06737fca3dc4a6b0860f48a597428f9792525,FALSE,titan-representative-benchmark-v1,FALSE,one lowest salted SHA-256 endpoint per non-empty outcome-family and sample-size-tercile cell; binary cells additionally stratified by minority-class-fraction tercile
continuous,thorsson,BRCA,Intratumor Heterogeneity,980,,,C,large,not applicable,,282818edcd1ff1303b9d6e47c7e5ce5e5d62c4034448859869c43af6c3ebcd13,FALSE,titan-representative-benchmark-v1,FALSE,one lowest salted SHA-256 endpoint per non-empty outcome-family and sample-size-tercile cell; binary cells additionally stratified by minority-class-fraction tercile
continuous,thorsson,BLCA,Dendritic Cells Resting,373,,,C,large,not applicable,,289f44ee5685ca9abf1fe37b89dfde6e030e3c81524da1a8975cbb497aefdc50,FALSE,titan-representative-benchmark-v1,FALSE,one lowest salted SHA-256 endpoint per non-empty outcome-family and sample-size-tercile cell; binary cells additionally stratified by minority-class-fraction tercile
continuous,thorsson,LUSC,BCR Evenness,410,,,C,large,not applicable,,2a6962d3817091a29a2bdff08696934fb3f2ae17d795d4a303f5d0590c753e9c,FALSE,titan-representative-benchmark-v1,FALSE,one lowest salted SHA-256 endpoint per non-empty outcome-family and sample-size-tercile cell; binary cells additionally stratified by minority-class-fraction tercile
continuous,thorsson,PRAD,Stromal Fraction,380,,,C,large,not applicable,,2a89e993b446254c83f882642ebe4b9c67feec69c37952fa2c59cdaaa98eae2b,FALSE,titan-representative-benchmark-v1,FALSE,one lowest salted SHA-256 endpoint per non-empty outcome-family and sample-size-tercile cell; binary cells additionally stratified by minority-class-fraction tercile
continuous,thorsson,UCEC,Plasma Cells,489,,,C,large,not applicable,,2ad5a53866901d684c0fed6a820488f41e790bee2db69d60e394ad3ee59deb90,FALSE,titan-representative-benchmark-v1,FALSE,one lowest salted SHA-256 endpoint per non-empty outcome-family and sample-size-tercile cell; binary cells additionally stratified by minority-class-fraction tercile
continuous,thorsson,STAD,Number of Segments,371,,,B,large,not applicable,,2b9313e7b00626924b1180007f8f8e5f042ea3bae88acbfa314b0c689fe204da,FALSE,titan-representative-benchmark-v1,FALSE,one lowest salted SHA-256 endpoint per non-empty outcome-family and sample-size-tercile cell; binary cells additionally stratified by minority-class-fraction tercile
continuous,thorsson,LUSC,Mast Cells Activated,462,,,C,large,not applicable,,2ba3d5d215fb70739e301029840b813ec77a431db3afac485c0bb85d2a0fcad7,FALSE,titan-representative-benchmark-v1,FALSE,one lowest salted SHA-256 endpoint per non-empty outcome-family and sample-size-tercile cell; binary cells additionally stratified by minority-class-fraction tercile
continuous,thorsson,BLCA,T Cells CD8,373,,,C,large,not applicable,,2ca382fd558af18dd994d021353d2be8ade71b277704aa1e7ff9e8aa10e25dff,FALSE,titan-representative-benchmark-v1,FALSE,one lowest salted SHA-256 endpoint per non-empty outcome-family and sample-size-tercile cell; binary cells additionally stratified by minority-class-fraction tercile
continuous,thorsson,LUAD,Th17 Cells,410,,,C,large,not applicable,,2d4cae18196e6fd3553ad4083d79f853580bfc558b61298a9138bcce06df52df,FALSE,titan-representative-benchmark-v1,FALSE,one lowest salted SHA-256 endpoint per non-empty outcome-family and sample-size-tercile cell; binary cells additionally stratified by minority-class-fraction tercile
continuous,thorsson,LUSC,T Cells CD4 Memory Activated,462,,,C,large,not applicable,,2e2e660cac30143c5a1644fec7222e2a17584e2930062ebaada8819be09178d5,FALSE,titan-representative-benchmark-v1,FALSE,one lowest salted SHA-256 endpoint per non-empty outcome-family and sample-size-tercile cell; binary cells additionally stratified by minority-class-fraction tercile
continuous,thorsson,HNSC,Indel Neoantigens,381,,,C,large,not applicable,,2ee2bf0b75706d7e14ce25c4ed0fc07e08f1cf66ed318d3e05194cac8dca3824,FALSE,titan-representative-benchmark-v1,FALSE,one lowest salted SHA-256 endpoint per non-empty outcome-family and sample-size-tercile cell; binary cells additionally stratified by minority-class-fraction tercile
continuous,thorsson,LGG,Eosinophils,488,,,C,large,not applicable,,2f6bc51f56d93fbec2729d32744988252214ff1cb50e54526c5799f7950cd79b,FALSE,titan-representative-benchmark-v1,FALSE,one lowest salted SHA-256 endpoint per non-empty outcome-family and sample-size-tercile cell; binary cells additionally stratified by minority-class-fraction tercile
continuous,thorsson,KIRC,Eosinophils,492,,,C,large,not applicable,,302c2d837e7db7a8c451d40ff757f6360963b20f2f0ee80012dcc517d6fcccb4,FALSE,titan-representative-benchmark-v1,FALSE,one lowest salted SHA-256 endpoint per non-empty outcome-family and sample-size-tercile cell; binary cells additionally stratified by minority-class-fraction tercile
continuous,thorsson,HNSC,Th2 Cells,437,,,C,large,not applicable,,3032b868996bf1fab1d6b84c43b930f51c577204ff97f4b81f46dc0e6d43a39e,FALSE,titan-representative-benchmark-v1,FALSE,one lowest salted SHA-256 endpoint per non-empty outcome-family and sample-size-tercile cell; binary cells additionally stratified by minority-class-fraction tercile
continuous,thorsson,LUAD,T Cells CD4 Memory Activated,410,,,C,large,not applicable,,30cb9aed7ac53368155fbabcc95f32ca8efa9e70bf43effaa694f3f1b79ec152,FALSE,titan-representative-benchmark-v1,FALSE,one lowest salted SHA-256 endpoint per non-empty outcome-family and sample-size-tercile cell; binary cells additionally stratified by minority-class-fraction tercile
continuous,thorsson,KIRC,NK Cells Resting,492,,,C,large,not applicable,,3134276230433f8a72d7887d793d3f027331fff4c1f12f8629f9e9355b6322cb,FALSE,titan-representative-benchmark-v1,FALSE,one lowest salted SHA-256 endpoint per non-empty outcome-family and sample-size-tercile cell; binary cells additionally stratified by minority-class-fraction tercile
continuous,thorsson,COAD,Number of Segments,414,,,C,large,not applicable,,3188556cac90f507dbd5a2a4e3cc5beea7bf88c2b56a6cf93e3c0e69de8eaa69,FALSE,titan-representative-benchmark-v1,FALSE,one lowest salted SHA-256 endpoint per non-empty outcome-family and sample-size-tercile cell; binary cells additionally stratified by minority-class-fraction tercile
continuous,thorsson,KIRC,Aneuploidy Score,464,,,C,large,not applicable,,31ad961a5e6b7bbfd5bef6f97bc584f0f83018b87468bd71bd223f3484ef4d9e,FALSE,titan-representative-benchmark-v1,FALSE,one lowest salted SHA-256 endpoint per non-empty outcome-family and sample-size-tercile cell; binary cells additionally stratified by minority-class-fraction tercile
continuous,thorsson,LUAD,IFN-gamma Response,410,,,C,large,not applicable,,31aebb0d6ed9344f53918719e4b272467cde427c1443586a0f6f22794a4e6149,FALSE,titan-representative-benchmark-v1,FALSE,one lowest salted SHA-256 endpoint per non-empty outcome-family and sample-size-tercile cell; binary cells additionally stratified by minority-class-fraction tercile
continuous,thorsson,PRAD,Nonsilent Mutation Rate,399,,,C,large,not applicable,,31be1feef2b82468fd2d6dc6d680b2c66c43688ed6121e0d0f387c34ad5137e5,FALSE,titan-representative-benchmark-v1,FALSE,one lowest salted SHA-256 endpoint per non-empty outcome-family and sample-size-tercile cell; binary cells additionally stratified by minority-class-fraction tercile
continuous,thorsson,COAD,NK Cells Activated,417,,,C,large,not applicable,,330d7abc20ecbb63b3cf3f4092ab9ba3658e304c2b915b61c12f45d77259c8fb,FALSE,titan-representative-benchmark-v1,FALSE,one lowest salted SHA-256 endpoint per non-empty outcome-family and sample-size-tercile cell; binary cells additionally stratified by minority-class-fraction tercile
continuous,thorsson,BLCA,TCR Richness,373,,,C,large,not applicable,,3380ca960fcd50bd63c01f3ba8a6e36ffbda4af4964b361a6af6dd076491d462,FALSE,titan-representative-benchmark-v1,FALSE,one lowest salted SHA-256 endpoint per non-empty outcome-family and sample-size-tercile cell; binary cells additionally stratified by minority-class-fraction tercile
continuous,thorsson,STAD,Homologous Recombination Defects,363,,,B,large,not applicable,,34ff7b544c95ae330aa5987eb266b45afa91a1d1da12809b1eb24b54f1118cbc,FALSE,titan-representative-benchmark-v1,FALSE,one lowest salted SHA-256 endpoint per non-empty outcome-family and sample-size-tercile cell; binary cells additionally stratified by minority-class-fraction tercile
continuous,thorsson,KIRC,B Cells Memory,492,,,C,large,not applicable,,3574442ffa5fb00fd89690e5503e3c1ece0dba7c9cd9c40deda8d1670a1aa3b3,FALSE,titan-representative-benchmark-v1,FALSE,one lowest salted SHA-256 endpoint per non-empty outcome-family and sample-size-tercile cell; binary cells additionally stratified by minority-class-fraction tercile
continuous,thorsson,LUAD,NK Cells Activated,410,,,C,large,not applicable,,368f9195dd540558779b7ed02826b3c631179bc26de61c66b258ac4d29e57d85,FALSE,titan-representative-benchmark-v1,FALSE,one lowest salted SHA-256 endpoint per non-empty outcome-family and sample-size-tercile cell; binary cells additionally stratified by minority-class-fraction tercile
continuous,thorsson,THCA,Intratumor Heterogeneity,446,,,C,large,not applicable,,384d234198e6c7ee23be2bae1c55b802938dc3ea383ab66dcb37fd9319b86ea1,FALSE,titan-representative-benchmark-v1,FALSE,one lowest salted SHA-256 endpoint per non-empty outcome-family and sample-size-tercile cell; binary cells additionally stratified by minority-class-fraction tercile
continuous,thorsson,THCA,T Cells CD4 Memory Activated,498,,,C,large,not applicable,,38d7f48f97ed8bc771ded56caced999339c8ba7d187ddb1df0b35c273e43c85e,FALSE,titan-representative-benchmark-v1,FALSE,one lowest salted SHA-256 endpoint per non-empty outcome-family and sample-size-tercile cell; binary cells additionally stratified by minority-class-fraction tercile
continuous,thorsson,LGG,Proliferation,488,,,B,large,not applicable,,3980ac2fb0eef8d5de5bc7b91fd4b093e71ed50435b26ab84beee6f8a0c5793b,FALSE,titan-representative-benchmark-v1,FALSE,one lowest salted SHA-256 endpoint per non-empty outcome-family and sample-size-tercile cell; binary cells additionally stratified by minority-class-fraction tercile
continuous,thorsson,BRCA,BCR Shannon,757,,,B,large,not applicable,,3a4b07509d7afbd735cc8096dae7b7ba2bed203309354b9797acf28e39e1d520,FALSE,titan-representative-benchmark-v1,FALSE,one lowest salted SHA-256 endpoint per non-empty outcome-family and sample-size-tercile cell; binary cells additionally stratified by minority-class-fraction tercile
continuous,thorsson,COAD,Monocytes,417,,,C,large,not applicable,,3a8a2f2282313c46aa25b0e38ca647fff7b660417ba8d34f026666ce78fcca61,FALSE,titan-representative-benchmark-v1,FALSE,one lowest salted SHA-256 endpoint per non-empty outcome-family and sample-size-tercile cell; binary cells additionally stratified by minority-class-fraction tercile
continuous,thorsson,LUSC,Wound Healing,462,,,B,large,not applicable,,3baf10d82298a16d1300e480b705ae1d6fd4882330775c5a5e359706e1210c9e,FALSE,titan-representative-benchmark-v1,FALSE,one lowest salted SHA-256 endpoint per non-empty outcome-family and sample-size-tercile cell; binary cells additionally stratified by minority-class-fraction tercile
continuous,thorsson,BLCA,T Cells gamma delta,373,,,C,large,not applicable,,3d2b42ad50313f85f346d72e7d771614ba551d7a696125011f34b6808534ea9c,FALSE,titan-representative-benchmark-v1,FALSE,one lowest salted SHA-256 endpoint per non-empty outcome-family and sample-size-tercile cell; binary cells additionally stratified by minority-class-fraction tercile
continuous,thorsson,THCA,SNV Neoantigens,480,,,C,large,not applicable,,3d3be67cb10337b447ef5c0a3c7684e385f444681f9f6152aa5a91333f170c97,FALSE,titan-representative-benchmark-v1,FALSE,one lowest salted SHA-256 endpoint per non-empty outcome-family and sample-size-tercile cell; binary cells additionally stratified by minority-class-fraction tercile
continuous,thorsson,HNSC,T Cells Regulatory Tregs,437,,,C,large,not applicable,,3ee9b7aa223b31b606854c92ce8cd56c59352d7827571554958f59d130439aa6,FALSE,titan-representative-benchmark-v1,FALSE,one lowest salted SHA-256 endpoint per non-empty outcome-family and sample-size-tercile cell; binary cells additionally stratified by minority-class-fraction tercile
continuous,thorsson,UCEC,Proliferation,489,,,B,large,not applicable,,3f1843b8abd51adffbc203f44ec578ac5a2a8223b7da6e0c63e0dcad0573ea74,FALSE,titan-representative-benchmark-v1,FALSE,one lowest salted SHA-256 endpoint per non-empty outcome-family and sample-size-tercile cell; binary cells additionally stratified by minority-class-fraction tercile
continuous,thorsson,THCA,Wound Healing,498,,,C,large,not applicable,,3fd1cfcc335240c48795d26e3ecea1a66dd67a6ff5f90f1522debc036eae0707,FALSE,titan-representative-benchmark-v1,FALSE,one lowest salted SHA-256 endpoint per non-empty outcome-family and sample-size-tercile cell; binary cells additionally stratified by minority-class-fraction tercile
continuous,thorsson,LUAD,Number of Segments,459,,,B,large,not applicable,,406bd04320381ac5418fe4767880babd6721f21eadd1ebb1f3141d23129c8ec0,FALSE,titan-representative-benchmark-v1,FALSE,one lowest salted SHA-256 endpoint per non-empty outcome-family and sample-size-tercile cell; binary cells additionally stratified by minority-class-fraction tercile
continuous,thorsson,COAD,TIL Regional Fraction,414,,,A,large,not applicable,,408398da6b94a75240f022be9ead178857f0ed7d56c4a3c59a1dbe1246e4bf21,FALSE,titan-representative-benchmark-v1,FALSE,one lowest salted SHA-256 endpoint per non-empty outcome-family and sample-size-tercile cell; binary cells additionally stratified by minority-class-fraction tercile
continuous,thorsson,LUSC,SNV Neoantigens,440,,,C,large,not applicable,,4132ea74ece2a764d82dacf4c2a2dc3a8112d7f7afdd6f2b315f5c571abd0f51,FALSE,titan-representative-benchmark-v1,FALSE,one lowest salted SHA-256 endpoint per non-empty outcome-family and sample-size-tercile cell; binary cells additionally stratified by minority-class-fraction tercile
continuous,thorsson,LUAD,Neutrophils,410,,,C,large,not applicable,,4136311b2246e2cbc2dcc3528a05be80724d85a32641a44106d25c78121c6b93,FALSE,titan-representative-benchmark-v1,FALSE,one lowest salted SHA-256 endpoint per non-empty outcome-family and sample-size-tercile cell; binary cells additionally stratified by minority-class-fraction tercile
continuous,thorsson,LGG,Aneuploidy Score,482,,,C,large,not applicable,,4195a6bb0b53934b818ba9d5bad1b19e115ed941282bca0f52c2d770130f4312,FALSE,titan-representative-benchmark-v1,FALSE,one lowest salted SHA-256 endpoint per non-empty outcome-family and sample-size-tercile cell; binary cells additionally stratified by minority-class-fraction tercile
continuous,thorsson,HNSC,Dendritic Cells Activated,437,,,C,large,not applicable,,419c35f08576488c5e6e02fcd43783de7e9940e2365224a6c705309427b99efe,FALSE,titan-representative-benchmark-v1,FALSE,one lowest salted SHA-256 endpoint per non-empty outcome-family and sample-size-tercile cell; binary cells additionally stratified by minority-class-fraction tercile
continuous,thorsson,KIRC,T Cells gamma delta,492,,,C,large,not applicable,,4507c9b97f3857b52864a2c7f34e48cad89a42cb1d613f361f7d733c6c73ea69,FALSE,titan-representative-benchmark-v1,FALSE,one lowest salted SHA-256 endpoint per non-empty outcome-family and sample-size-tercile cell; binary cells additionally stratified by minority-class-fraction tercile
continuous,thorsson,KIRC,Homologous Recombination Defects,464,,,C,large,not applicable,,45139a9b120422a9d3e655e217f706e91dc1c5cad46968f427a8fcbf7eb3835a,FALSE,titan-representative-benchmark-v1,FALSE,one lowest salted SHA-256 endpoint per non-empty outcome-family and sample-size-tercile cell; binary cells additionally stratified by minority-class-fraction tercile
continuous,thorsson,HNSC,CTA Score,436,,,C,large,not applicable,,461a69cb5d98c5dab79975f37cf77143887cee85a7f643b4bacfc636e6898d37,FALSE,titan-representative-benchmark-v1,FALSE,one lowest salted SHA-256 endpoint per non-empty outcome-family and sample-size-tercile cell; binary cells additionally stratified by minority-class-fraction tercile
continuous,thorsson,PRAD,SNV Neoantigens,393,,,C,large,not applicable,,461aec1199d7a58b79923dccead72f01bd179fdc734aab32a0d01084a86d80cc,FALSE,titan-representative-benchmark-v1,FALSE,one lowest salted SHA-256 endpoint per non-empty outcome-family and sample-size-tercile cell; binary cells additionally stratified by minority-class-fraction tercile
continuous,thorsson,UCEC,T Cells CD4 Memory Activated,489,,,C,large,not applicable,,46382c0a882a1bac4416eae43add58019db3f0ca0c7761835732312d8a713df0,FALSE,titan-representative-benchmark-v1,FALSE,one lowest salted SHA-256 endpoint per non-empty outcome-family and sample-size-tercile cell; binary cells additionally stratified by minority-class-fraction tercile
continuous,thorsson,THCA,Dendritic Cells Activated,498,,,C,large,not applicable,,46a1df361d4473f01aba7b7544930bac5a853326712fcc1931defda4f9a8a17c,FALSE,titan-representative-benchmark-v1,FALSE,one lowest salted SHA-256 endpoint per non-empty outcome-family and sample-size-tercile cell; binary cells additionally stratified by minority-class-fraction tercile
continuous,thorsson,THCA,Macrophage Regulation,498,,,A,large,not applicable,,47ac9a713d4492ec02f6aa87ddd7ed84b6f2606d8c6536b5eb0a032b9bd3170c,FALSE,titan-representative-benchmark-v1,FALSE,one lowest salted SHA-256 endpoint per non-empty outcome-family and sample-size-tercile cell; binary cells additionally stratified by minority-class-fraction tercile
continuous,thorsson,BRCA,Th17 Cells,1039,,,C,large,not applicable,,47cea3c88d8d471f7a3893e04e6013b9318a58eadf9d852aeabde6e60f5734e9,FALSE,titan-representative-benchmark-v1,FALSE,one lowest salted SHA-256 endpoint per non-empty outcome-family and sample-size-tercile cell; binary cells additionally stratified by minority-class-fraction tercile
continuous,thorsson,LUAD,Mast Cells Resting,410,,,C,large,not applicable,,481872b5e64941c11760f5353bb329136fa79f17942078a0ad3a33538458b637,FALSE,titan-representative-benchmark-v1,FALSE,one lowest salted SHA-256 endpoint per non-empty outcome-family and sample-size-tercile cell; binary cells additionally stratified by minority-class-fraction tercile
continuous,thorsson,KIRC,Macrophages M1,492,,,C,large,not applicable,,487a6ac798cc883823cb738abcfe80bd46b802903dccb11227c3822521c35b8a,FALSE,titan-representative-benchmark-v1,FALSE,one lowest salted SHA-256 endpoint per non-empty outcome-family and sample-size-tercile cell; binary cells additionally stratified by minority-class-fraction tercile
continuous,thorsson,COAD,Plasma Cells,417,,,C,large,not applicable,,48a5a09c4c141592fc45ff8d4c88e844a38d8b4c3bf43cc302ac64115b3a1751,FALSE,titan-representative-benchmark-v1,FALSE,one lowest salted SHA-256 endpoint per non-empty outcome-family and sample-size-tercile cell; binary cells additionally stratified by minority-class-fraction tercile
continuous,thorsson,COAD,T Cells CD8,417,,,C,large,not applicable,,48b6a43dd0f12a1b45fa3cdc8338533e2f9d14f1b86c754a9bbb1c40a8c8b9a0,FALSE,titan-representative-benchmark-v1,FALSE,one lowest salted SHA-256 endpoint per non-empty outcome-family and sample-size-tercile cell; binary cells additionally stratified by minority-class-fraction tercile
continuous,thorsson,BRCA,T Cells CD4 Memory Activated,1039,,,C,large,not applicable,,48e018fe2369faed7e7c07855121a6d0e74c1a1acf7e157b07c3f71200e2eabf,FALSE,titan-representative-benchmark-v1,FALSE,one lowest salted SHA-256 endpoint per non-empty outcome-family and sample-size-tercile cell; binary cells additionally stratified by minority-class-fraction tercile
continuous,thorsson,LUAD,Macrophages M2,410,,,C,large,not applicable,,494d671b99580797f7c2c464d176e78eb353785c59e782f7f0b58378f9b33544,FALSE,titan-representative-benchmark-v1,FALSE,one lowest salted SHA-256 endpoint per non-empty outcome-family and sample-size-tercile cell; binary cells additionally stratified by minority-class-fraction tercile
continuous,thorsson,HNSC,Macrophages M0,437,,,C,large,not applicable,,4960ef590722da77a0598f16b098c642c5bfa922d5f40fee7a73c8bec739c3b0,FALSE,titan-representative-benchmark-v1,FALSE,one lowest salted SHA-256 endpoint per non-empty outcome-family and sample-size-tercile cell; binary cells additionally stratified by minority-class-fraction tercile
continuous,thorsson,UCEC,B Cells Memory,489,,,C,large,not applicable,,4a477f36c318180421ebd5ee620e8ff9232b99f972119c802a00d9842ef53a23,FALSE,titan-representative-benchmark-v1,FALSE,one lowest salted SHA-256 endpoint per non-empty outcome-family and sample-size-tercile cell; binary cells additionally stratified by minority-class-fraction tercile
continuous,thorsson,GBM,Number of Segments,371,,,C,large,not applicable,,4a48909e6ab506b8e3209bdf50a1f8ca9f4516036c67c16f012826d6dcefa9b5,FALSE,titan-representative-benchmark-v1,FALSE,one lowest salted SHA-256 endpoint per non-empty outcome-family and sample-size-tercile cell; binary cells additionally stratified by minority-class-fraction tercile
continuous,thorsson,UCEC,Indel Neoantigens,384,,,C,large,not applicable,,4a9d6d0de12301d56d0d12b85609fb2d0c534bd828c9b9dd2d7ea97685514c69,FALSE,titan-representative-benchmark-v1,FALSE,one lowest salted SHA-256 endpoint per non-empty outcome-family and sample-size-tercile cell; binary cells additionally stratified by minority-class-fraction tercile
continuous,thorsson,BRCA,Fraction Altered,1025,,,B,large,not applicable,,4b0c4251e7b7f03c30980396ba7c8f18f5b3ee874da8655f992cae79d39766d3,FALSE,titan-representative-benchmark-v1,FALSE,one lowest salted SHA-256 endpoint per non-empty outcome-family and sample-size-tercile cell; binary cells additionally stratified by minority-class-fraction tercile
continuous,thorsson,LGG,T Cells CD8,488,,,C,large,not applicable,,4b7af4a14439153ed75ba856a7c2c9de6269d06cb2f13279b1f57c66d3ac472d,FALSE,titan-representative-benchmark-v1,FALSE,one lowest salted SHA-256 endpoint per non-empty outcome-family and sample-size-tercile cell; binary cells additionally stratified by minority-class-fraction tercile
continuous,thorsson,BRCA,B Cells Naive,1039,,,C,large,not applicable,,4ba2644580ddf535d2e73a07c2adcc8e73c5ee6b162b163076142acad42bc9d1,FALSE,titan-representative-benchmark-v1,FALSE,one lowest salted SHA-256 endpoint per non-empty outcome-family and sample-size-tercile cell; binary cells additionally stratified by minority-class-fraction tercile
continuous,thorsson,LGG,Dendritic Cells Activated,488,,,C,large,not applicable,,4bc108af375e2bb6822e303cf96a28470d0a2613859bdcd950c8f0692dc14cb0,FALSE,titan-representative-benchmark-v1,FALSE,one lowest salted SHA-256 endpoint per non-empty outcome-family and sample-size-tercile cell; binary cells additionally stratified by minority-class-fraction tercile
continuous,thorsson,UCEC,Neutrophils,489,,,C,large,not applicable,,4c3731488a6bf608ce2f09f2d19a6a39af390b0296c49f8dca5c1bfbe6151d79,FALSE,titan-representative-benchmark-v1,FALSE,one lowest salted SHA-256 endpoint per non-empty outcome-family and sample-size-tercile cell; binary cells additionally stratified by minority-class-fraction tercile
continuous,thorsson,KIRC,Fraction Altered,487,,,C,large,not applicable,,4d4f128fc33e00746877ff9f8ab0d3dd63e88c6bdb83ebc8c418055d4d522dd8,FALSE,titan-representative-benchmark-v1,FALSE,one lowest salted SHA-256 endpoint per non-empty outcome-family and sample-size-tercile cell; binary cells additionally stratified by minority-class-fraction tercile
continuous,thorsson,HNSC,Wound Healing,437,,,C,large,not applicable,,4e296edd9a0acfa458175c6f1dadc66468fec9cf6f219fb06a7816d091a4f788,FALSE,titan-representative-benchmark-v1,FALSE,one lowest salted SHA-256 endpoint per non-empty outcome-family and sample-size-tercile cell; binary cells additionally stratified by minority-class-fraction tercile
continuous,thorsson,HNSC,Th1 Cells,437,,,C,large,not applicable,,4e3303625f1ebeb91fdf64bbfb5dc4cf5a906946ee6a984d68cce7c4521e25d4,FALSE,titan-representative-benchmark-v1,FALSE,one lowest salted SHA-256 endpoint per non-empty outcome-family and sample-size-tercile cell; binary cells additionally stratified by minority-class-fraction tercile
continuous,thorsson,THCA,Number of Segments,495,,,C,large,not applicable,,4ed4e51cc5e1a11bbf0e029e4dfdd4003eb64c11707803eaa191082f25f89e0f,FALSE,titan-representative-benchmark-v1,FALSE,one lowest salted SHA-256 endpoint per non-empty outcome-family and sample-size-tercile cell; binary cells additionally stratified by minority-class-fraction tercile
continuous,thorsson,UCEC,Homologous Recombination Defects,477,,,A,large,not applicable,,5005390865ba5e7c448103c5d4a721908fda1f2ced7811ffc1965a88cd7a2e6e,FALSE,titan-representative-benchmark-v1,FALSE,one lowest salted SHA-256 endpoint per non-empty outcome-family and sample-size-tercile cell; binary cells additionally stratified by minority-class-fraction tercile
continuous,thorsson,BRCA,Mast Cells Activated,1039,,,C,large,not applicable,,5008397486fb4f8c15fecd810876dd735aa96a8d8bce835eb0ae6f0b6f60e549,FALSE,titan-representative-benchmark-v1,FALSE,one lowest salted SHA-256 endpoint per non-empty outcome-family and sample-size-tercile cell; binary cells additionally stratified by minority-class-fraction tercile
continuous,thorsson,UCEC,Macrophages M1,489,,,C,large,not applicable,,5151733590b7aac4379939d07f0bd1a18693e877bd728186f751bf6471a48fd1,FALSE,titan-representative-benchmark-v1,FALSE,one lowest salted SHA-256 endpoint per non-empty outcome-family and sample-size-tercile cell; binary cells additionally stratified by minority-class-fraction tercile
continuous,thorsson,KIRC,Neutrophils,492,,,C,large,not applicable,,5154126a5e4bbbfe29b24ae5c7a51bfe66569e2fe4c8077a7ec2d17a7810a6ff,FALSE,titan-representative-benchmark-v1,FALSE,one lowest salted SHA-256 endpoint per non-empty outcome-family and sample-size-tercile cell; binary cells additionally stratified by minority-class-fraction tercile
continuous,thorsson,LGG,T Cells Follicular Helper,488,,,C,large,not applicable,,517a9cdb19a6983ee43650fc5f22fdd42edc0e883e10826a4316c6544fa03a29,FALSE,titan-representative-benchmark-v1,FALSE,one lowest salted SHA-256 endpoint per non-empty outcome-family and sample-size-tercile cell; binary cells additionally stratified by minority-class-fraction tercile
continuous,thorsson,LUSC,B Cells Naive,462,,,C,large,not applicable,,51a59b430a1035e97480c3a4e0469ac80ff93b88fc240fe6bd53616960441b7d,FALSE,titan-representative-benchmark-v1,FALSE,one lowest salted SHA-256 endpoint per non-empty outcome-family and sample-size-tercile cell; binary cells additionally stratified by minority-class-fraction tercile
continuous,thorsson,LUAD,TIL Regional Fraction,460,,,B,large,not applicable,,522530e8bd16f02eec61afa573df7ff57686a70124f2764112dd8e2721a1fde0,FALSE,titan-representative-benchmark-v1,FALSE,one lowest salted SHA-256 endpoint per non-empty outcome-family and sample-size-tercile cell; binary cells additionally stratified by minority-class-fraction tercile
continuous,thorsson,BRCA,Leukocyte Fraction,1026,,,A,large,not applicable,,52c484056020cf84502e748428c85bd92c51c0bc1bfe88f4e6f1328e38842d54,FALSE,titan-representative-benchmark-v1,FALSE,one lowest salted SHA-256 endpoint per non-empty outcome-family and sample-size-tercile cell; binary cells additionally stratified by minority-class-fraction tercile
continuous,thorsson,HNSC,NK Cells Activated,437,,,C,large,not applicable,,53baf02fcb47eba05c18065b46a5d2da0e4ee7297c7ae6976f0cea4f0762488e,FALSE,titan-representative-benchmark-v1,FALSE,one lowest salted SHA-256 endpoint per non-empty outcome-family and sample-size-tercile cell; binary cells additionally stratified by minority-class-fraction tercile
continuous,thorsson,COAD,Th1 Cells,417,,,C,large,not applicable,,53c4722d67a254143357b8385548d88202249e2964a494c9ce2253786d4f0a3c,FALSE,titan-representative-benchmark-v1,FALSE,one lowest salted SHA-256 endpoint per non-empty outcome-family and sample-size-tercile cell; binary cells additionally stratified by minority-class-fraction tercile
continuous,thorsson,LUAD,B Cells Memory,410,,,C,large,not applicable,,54c5d41b166b155e70a9f5b06894f3ac041108e4348fd7b50d92a11101c23499,FALSE,titan-representative-benchmark-v1,FALSE,one lowest salted SHA-256 endpoint per non-empty outcome-family and sample-size-tercile cell; binary cells additionally stratified by minority-class-fraction tercile
continuous,thorsson,BLCA,Wound Healing,373,,,B,large,not applicable,,55658e44556b6be266fc684c94c98c317d640685090095ceb2ca47bbbf9ea62c,FALSE,titan-representative-benchmark-v1,FALSE,one lowest salted SHA-256 endpoint per non-empty outcome-family and sample-size-tercile cell; binary cells additionally stratified by minority-class-fraction tercile
continuous,thorsson,COAD,B Cells Naive,417,,,C,large,not applicable,,55736ad65ea50c188a7d768622ee83e5716759fdfaea462824b6d2aa013ec125,FALSE,titan-representative-benchmark-v1,FALSE,one lowest salted SHA-256 endpoint per non-empty outcome-family and sample-size-tercile cell; binary cells additionally stratified by minority-class-fraction tercile
continuous,thorsson,COAD,Fraction Altered,414,,,C,large,not applicable,,55a3f97a517a1a62dafb7cf9c635220dadb549e7110ce77b5abb5e1417d720fc,FALSE,titan-representative-benchmark-v1,FALSE,one lowest salted SHA-256 endpoint per non-empty outcome-family and sample-size-tercile cell; binary cells additionally stratified by minority-class-fraction tercile
continuous,thorsson,UCEC,Wound Healing,489,,,B,large,not applicable,,55c07643f2534b2e3eb23c0b736e28ec62e90967645058bbf6ab68666af574a9,FALSE,titan-representative-benchmark-v1,FALSE,one lowest salted SHA-256 endpoint per non-empty outcome-family and sample-size-tercile cell; binary cells additionally stratified by minority-class-fraction tercile
continuous,thorsson,BLCA,Monocytes,373,,,C,large,not applicable,,55cbe77d97fbd446ad6b49e57df5c8a60d2fc618502569fb5607f2b997646ebc,FALSE,titan-representative-benchmark-v1,FALSE,one lowest salted SHA-256 endpoint per non-empty outcome-family and sample-size-tercile cell; binary cells additionally stratified by minority-class-fraction tercile
continuous,thorsson,HNSC,Proliferation,437,,,C,large,not applicable,,56190b721eaebf2f05a3a00a9705b580d48b8b948b653796f07cb31d5275dab6,FALSE,titan-representative-benchmark-v1,FALSE,one lowest salted SHA-256 endpoint per non-empty outcome-family and sample-size-tercile cell; binary cells additionally stratified by minority-class-fraction tercile
continuous,thorsson,LGG,Nonsilent Mutation Rate,488,,,C,large,not applicable,,5668279a3872bdc21c67fd705b077431dc1452ed21dd1a986732822477f1d748,FALSE,titan-representative-benchmark-v1,FALSE,one lowest salted SHA-256 endpoint per non-empty outcome-family and sample-size-tercile cell; binary cells additionally stratified by minority-class-fraction tercile
continuous,thorsson,COAD,Neutrophils,417,,,C,large,not applicable,,57c5d6ccbad6cfcb262e76aa5e15ba4a05dd291f3ba5993d15e92a53224be521,FALSE,titan-representative-benchmark-v1,FALSE,one lowest salted SHA-256 endpoint per non-empty outcome-family and sample-size-tercile cell; binary cells additionally stratified by minority-class-fraction tercile
continuous,thorsson,THCA,Silent Mutation Rate,490,,,C,large,not applicable,,592137c9e8d016f2c3729f8af37bc7132e7e09715683c974e6844cbbf003c09f,FALSE,titan-representative-benchmark-v1,FALSE,one lowest salted SHA-256 endpoint per non-empty outcome-family and sample-size-tercile cell; binary cells additionally stratified by minority-class-fraction tercile
continuous,thorsson,HNSC,Macrophage Regulation,437,,,C,large,not applicable,,5976ee3bdcb4bcb5c4770f9d7b72a896fd42648af31e584485b5631b999f7fe7,FALSE,titan-representative-benchmark-v1,FALSE,one lowest salted SHA-256 endpoint per non-empty outcome-family and sample-size-tercile cell; binary cells additionally stratified by minority-class-fraction tercile
continuous,thorsson,THCA,Leukocyte Fraction,501,,,A,large,not applicable,,59debf0fe64d88914b21997947b244d1c7e2ab5b1bff1442148cf2f0f7c4c3ca,FALSE,titan-representative-benchmark-v1,FALSE,one lowest salted SHA-256 endpoint per non-empty outcome-family and sample-size-tercile cell; binary cells additionally stratified by minority-class-fraction tercile
continuous,thorsson,LUSC,NK Cells Activated,462,,,C,large,not applicable,,59e85439da0038f19a763c169c97ba834b99a22f709444c6be1cdffa0349348d,FALSE,titan-representative-benchmark-v1,FALSE,one lowest salted SHA-256 endpoint per non-empty outcome-family and sample-size-tercile cell; binary cells additionally stratified by minority-class-fraction tercile
continuous,thorsson,HNSC,Neutrophils,437,,,C,large,not applicable,,5b8b33c241ad1cc1a19dca0e2fc80bcd844a9cbcd0d3c4c92a3aeb56b01b6167,FALSE,titan-representative-benchmark-v1,FALSE,one lowest salted SHA-256 endpoint per non-empty outcome-family and sample-size-tercile cell; binary cells additionally stratified by minority-class-fraction tercile
continuous,thorsson,LUAD,Plasma Cells,410,,,C,large,not applicable,,5dd4d7ee0066730fc45d4b268003bf143a4bb45a7a17a483de3150492a1e00e6,FALSE,titan-representative-benchmark-v1,FALSE,one lowest salted SHA-256 endpoint per non-empty outcome-family and sample-size-tercile cell; binary cells additionally stratified by minority-class-fraction tercile
continuous,thorsson,HNSC,TCR Richness,418,,,C,large,not applicable,,5fc6e8a0b2c5a924149a92c620514de2a128f91b8876352353afa6a026489d90,FALSE,titan-representative-benchmark-v1,FALSE,one lowest salted SHA-256 endpoint per non-empty outcome-family and sample-size-tercile cell; binary cells additionally stratified by minority-class-fraction tercile
continuous,thorsson,COAD,Macrophages M1,417,,,C,large,not applicable,,619b4c39ae4f33d78d89066d00bc5c2a1196994332f3af7d6c945b18f5cd5f5f,FALSE,titan-representative-benchmark-v1,FALSE,one lowest salted SHA-256 endpoint per non-empty outcome-family and sample-size-tercile cell; binary cells additionally stratified by minority-class-fraction tercile
continuous,thorsson,BLCA,CTA Score,371,,,C,large,not applicable,,61c3dc7d8baaa4c1972bb7bd3eaea853b4a19276c50b57662de9235cebe38505,FALSE,titan-representative-benchmark-v1,FALSE,one lowest salted SHA-256 endpoint per non-empty outcome-family and sample-size-tercile cell; binary cells additionally stratified by minority-class-fraction tercile
continuous,thorsson,UCEC,Macrophage Regulation,489,,,B,large,not applicable,,61e4660b816d1e89651ea9fe968e41d777a91c434fa54fc2602568a10743a584,FALSE,titan-representative-benchmark-v1,FALSE,one lowest salted SHA-256 endpoint per non-empty outcome-family and sample-size-tercile cell; binary cells additionally stratified by minority-class-fraction tercile
continuous,thorsson,HNSC,Macrophages M1,437,,,C,large,not applicable,,6409c8225da0569c7a53765b1e436795c65a40412002a373a3ec6bfac6e2d109,FALSE,titan-representative-benchmark-v1,FALSE,one lowest salted SHA-256 endpoint per non-empty outcome-family and sample-size-tercile cell; binary cells additionally stratified by minority-class-fraction tercile
continuous,thorsson,LUSC,IFN-gamma Response,462,,,C,large,not applicable,,64111da17cb10ffa3806c92aafcf18c30e575bd2032f813baf8a51279c68b374,FALSE,titan-representative-benchmark-v1,FALSE,one lowest salted SHA-256 endpoint per non-empty outcome-family and sample-size-tercile cell; binary cells additionally stratified by minority-class-fraction tercile
continuous,thorsson,BLCA,Mast Cells Resting,373,,,C,large,not applicable,,64301bcf9802e7572956e36c5f6ee744d437ad6326ed127161035fbd0039c4f0,FALSE,titan-representative-benchmark-v1,FALSE,one lowest salted SHA-256 endpoint per non-empty outcome-family and sample-size-tercile cell; binary cells additionally stratified by minority-class-fraction tercile
continuous,thorsson,HNSC,Homologous Recombination Defects,435,,,C,large,not applicable,,653602dd271aa9de69f34becfef77d5991cdfccad024cac0bffb3fcffe18e4c7,FALSE,titan-representative-benchmark-v1,FALSE,one lowest salted SHA-256 endpoint per non-empty outcome-family and sample-size-tercile cell; binary cells additionally stratified by minority-class-fraction tercile
continuous,thorsson,LUAD,Dendritic Cells Resting,410,,,C,large,not applicable,,65ee7595f6280dea636c0b82db2f2f2e1ccf12c5831c5fa9bc71f680f12d6674,FALSE,titan-representative-benchmark-v1,FALSE,one lowest salted SHA-256 endpoint per non-empty outcome-family and sample-size-tercile cell; binary cells additionally stratified by minority-class-fraction tercile
continuous,thorsson,BLCA,Nonsilent Mutation Rate,383,,,C,large,not applicable,,663b0f825ff84ef3a08ba8c7e19c31da94dc73ae5732092474b2d419a19d3ef8,FALSE,titan-representative-benchmark-v1,FALSE,one lowest salted SHA-256 endpoint per non-empty outcome-family and sample-size-tercile cell; binary cells additionally stratified by minority-class-fraction tercile
continuous,thorsson,THCA,NK Cells Activated,498,,,C,large,not applicable,,663d60eb423353665cb9b0cc3ca8a25e97d5c3fb9eecd916657118a8e0fe655d,FALSE,titan-representative-benchmark-v1,FALSE,one lowest salted SHA-256 endpoint per non-empty outcome-family and sample-size-tercile cell; binary cells additionally stratified by minority-class-fraction tercile
continuous,thorsson,UCEC,Macrophages M2,489,,,C,large,not applicable,,6684e299192d6f419754d1e24e24be677c43f3601880de71effca939016525db,FALSE,titan-representative-benchmark-v1,FALSE,one lowest salted SHA-256 endpoint per non-empty outcome-family and sample-size-tercile cell; binary cells additionally stratified by minority-class-fraction tercile
continuous,thorsson,KIRC,B Cells Naive,492,,,C,large,not applicable,,66c87bd2a49414af967a05a2aa522fdd49b74d813fcb726f3e424ca8278cc824,FALSE,titan-representative-benchmark-v1,FALSE,one lowest salted SHA-256 endpoint per non-empty outcome-family and sample-size-tercile cell; binary cells additionally stratified by minority-class-fraction tercile
continuous,thorsson,UCEC,Dendritic Cells Activated,489,,,C,large,not applicable,,6878750c14c61ca6ea5e67db6314a7a69c076945b79a5c74a96335dc2d2170d4,FALSE,titan-representative-benchmark-v1,FALSE,one lowest salted SHA-256 endpoint per non-empty outcome-family and sample-size-tercile cell; binary cells additionally stratified by minority-class-fraction tercile
continuous,thorsson,COAD,Dendritic Cells Activated,417,,,C,large,not applicable,,68ef1b3202c91ad04c7d18831712bee8532449b42c117a9627c161975346fdeb,FALSE,titan-representative-benchmark-v1,FALSE,one lowest salted SHA-256 endpoint per non-empty outcome-family and sample-size-tercile cell; binary cells additionally stratified by minority-class-fraction tercile
continuous,thorsson,KIRC,TCR Richness,488,,,C,large,not applicable,,6914efd85b0cd8c7d34314f921c183d580047697657a15310174b5a05a969f35,FALSE,titan-representative-benchmark-v1,FALSE,one lowest salted SHA-256 endpoint per non-empty outcome-family and sample-size-tercile cell; binary cells additionally stratified by minority-class-fraction tercile
continuous,thorsson,COAD,T Cells Follicular Helper,417,,,C,large,not applicable,,6972c070ddf9ba08be28f3e77f4252faae1d02903882e9213adc14c91613ba5c,FALSE,titan-representative-benchmark-v1,FALSE,one lowest salted SHA-256 endpoint per non-empty outcome-family and sample-size-tercile cell; binary cells additionally stratified by minority-class-fraction tercile
continuous,thorsson,LUAD,Nonsilent Mutation Rate,460,,,B,large,not applicable,,6989e40cf5877e826f44ad66070b4863342da27ad45e8ea6d3c08e23859556a5,FALSE,titan-representative-benchmark-v1,FALSE,one lowest salted SHA-256 endpoint per non-empty outcome-family and sample-size-tercile cell; binary cells additionally stratified by minority-class-fraction tercile
continuous,thorsson,HNSC,TGF-beta Response,437,,,B,large,not applicable,,69e55e5c8da69ac30d1c4a61ef1c179732636f0fbfa130d62a9fc924b2521d0a,FALSE,titan-representative-benchmark-v1,FALSE,one lowest salted SHA-256 endpoint per non-empty outcome-family and sample-size-tercile cell; binary cells additionally stratified by minority-class-fraction tercile
continuous,thorsson,KIRC,Mast Cells Resting,492,,,C,large,not applicable,,6b0dc92dec6e3416be68ba077f08dbb7e2d24c046f97155272c44fdfa9f3a584,FALSE,titan-representative-benchmark-v1,FALSE,one lowest salted SHA-256 endpoint per non-empty outcome-family and sample-size-tercile cell; binary cells additionally stratified by minority-class-fraction tercile
continuous,thorsson,LUAD,Homologous Recombination Defects,449,,,B,large,not applicable,,6b5bd5b81539f2926ca717ce5ef682408278d9b559939e7cb4a1ecf649a23038,FALSE,titan-representative-benchmark-v1,FALSE,one lowest salted SHA-256 endpoint per non-empty outcome-family and sample-size-tercile cell; binary cells additionally stratified by minority-class-fraction tercile
continuous,thorsson,COAD,Th2 Cells,417,,,C,large,not applicable,,6c332bed534e46c7417248a44d3bbec82a1a9456dee265c7b64b90c761d723d3,FALSE,titan-representative-benchmark-v1,FALSE,one lowest salted SHA-256 endpoint per non-empty outcome-family and sample-size-tercile cell; binary cells additionally stratified by minority-class-fraction tercile
continuous,thorsson,BLCA,Th17 Cells,373,,,C,large,not applicable,,6c4c4e870f51b4594c0c6f271d83f92f4cf9d7591e28794884adc723089da00f,FALSE,titan-representative-benchmark-v1,FALSE,one lowest salted SHA-256 endpoint per non-empty outcome-family and sample-size-tercile cell; binary cells additionally stratified by minority-class-fraction tercile
continuous,thorsson,LUAD,BCR Shannon,429,,,C,large,not applicable,,6d25afac5fa38b9b332948ed01f2b6164a27e70596ff3492c45d2dbf63e0e537,FALSE,titan-representative-benchmark-v1,FALSE,one lowest salted SHA-256 endpoint per non-empty outcome-family and sample-size-tercile cell; binary cells additionally stratified by minority-class-fraction tercile
continuous,thorsson,BLCA,Macrophages M0,373,,,C,large,not applicable,,6d63dffb5150999792df8c6ba253d40c2e31f53d431d89b3fc1658cb6c83d918,FALSE,titan-representative-benchmark-v1,FALSE,one lowest salted SHA-256 endpoint per non-empty outcome-family and sample-size-tercile cell; binary cells additionally stratified by minority-class-fraction tercile
continuous,thorsson,HNSC,T Cells Follicular Helper,437,,,C,large,not applicable,,6d8a7608fc2cd578dd10ff44bbdb4e1c12b4a5901bdc8c78cffd9253914f086b,FALSE,titan-representative-benchmark-v1,FALSE,one lowest salted SHA-256 endpoint per non-empty outcome-family and sample-size-tercile cell; binary cells additionally stratified by minority-class-fraction tercile
continuous,thorsson,KIRC,Dendritic Cells Activated,492,,,C,large,not applicable,,6e13152cd52dd0f7d59fc57af8872a40d9fd366f2c7add834e9cb895cb5b5135,FALSE,titan-representative-benchmark-v1,FALSE,one lowest salted SHA-256 endpoint per non-empty outcome-family and sample-size-tercile cell; binary cells additionally stratified by minority-class-fraction tercile
continuous,thorsson,COAD,T Cells CD4 Memory Activated,417,,,C,large,not applicable,,6e4a4f5b7989b903ff64dc870271b4e8eac78e63525ed5a42dd1b58a4efc4bb8,FALSE,titan-representative-benchmark-v1,FALSE,one lowest salted SHA-256 endpoint per non-empty outcome-family and sample-size-tercile cell; binary cells additionally stratified by minority-class-fraction tercile
continuous,thorsson,LGG,TCR Richness,486,,,C,large,not applicable,,6e5b650f79fa798f2c70684d672be299ce8d9b9c64b608b39c8e94f2257cc95d,FALSE,titan-representative-benchmark-v1,FALSE,one lowest salted SHA-256 endpoint per non-empty outcome-family and sample-size-tercile cell; binary cells additionally stratified by minority-class-fraction tercile
continuous,thorsson,LUSC,Macrophages M1,462,,,C,large,not applicable,,6ea46a18f163fccbdd8a920ffcd128b6a26baf5de05810b40e6228a203c01ddb,FALSE,titan-representative-benchmark-v1,FALSE,one lowest salted SHA-256 endpoint per non-empty outcome-family and sample-size-tercile cell; binary cells additionally stratified by minority-class-fraction tercile
continuous,thorsson,LUAD,Proliferation,410,,,A,large,not applicable,,6f6bcfdbfac8f7bb91f0dd90113c9517537615a35f5d0070fd619eae343bd33e,FALSE,titan-representative-benchmark-v1,FALSE,one lowest salted SHA-256 endpoint per non-empty outcome-family and sample-size-tercile cell; binary cells additionally stratified by minority-class-fraction tercile
continuous,thorsson,LGG,Macrophages M0,488,,,C,large,not applicable,,6fadfd5596b28c3a55eb9f461b1c0fac6386e504b1a6aa073a5330f9dc16de2d,FALSE,titan-representative-benchmark-v1,FALSE,one lowest salted SHA-256 endpoint per non-empty outcome-family and sample-size-tercile cell; binary cells additionally stratified by minority-class-fraction tercile
continuous,thorsson,THCA,T Cells CD4 Naive,498,,,C,large,not applicable,,703ac8e56bbe1e23f1cf7281c34864bfe9ba6761fc6e86f481de555e6641a444,FALSE,titan-representative-benchmark-v1,FALSE,one lowest salted SHA-256 endpoint per non-empty outcome-family and sample-size-tercile cell; binary cells additionally stratified by minority-class-fraction tercile
continuous,thorsson,LUSC,T Cells Follicular Helper,462,,,C,large,not applicable,,705fab1e73ec9413fae6a8a9a47b9f51a7757d24931a9c036cded288d1df4f1f,FALSE,titan-representative-benchmark-v1,FALSE,one lowest salted SHA-256 endpoint per non-empty outcome-family and sample-size-tercile cell; binary cells additionally stratified by minority-class-fraction tercile
continuous,thorsson,KIRC,Th1 Cells,492,,,B,large,not applicable,,71c3263d84dbb19317c5e48f1e47f30ba4ee426abda7f560f790f4096180588d,FALSE,titan-representative-benchmark-v1,FALSE,one lowest salted SHA-256 endpoint per non-empty outcome-family and sample-size-tercile cell; binary cells additionally stratified by minority-class-fraction tercile
continuous,thorsson,UCEC,SNV Neoantigens,472,,,B,large,not applicable,,7213c6a562925e920286b8efea2916c0f600d3703e5d262e7f3f7cbc9cf123da,FALSE,titan-representative-benchmark-v1,FALSE,one lowest salted SHA-256 endpoint per non-empty outcome-family and sample-size-tercile cell; binary cells additionally stratified by minority-class-fraction tercile
continuous,thorsson,KIRC,Macrophage Regulation,492,,,B,large,not applicable,,72219a6a3c2438198ae318508d944f262826f778b134beccaa4de769b4fe8abb,FALSE,titan-representative-benchmark-v1,FALSE,one lowest salted SHA-256 endpoint per non-empty outcome-family and sample-size-tercile cell; binary cells additionally stratified by minority-class-fraction tercile
continuous,thorsson,THCA,Dendritic Cells Resting,498,,,C,large,not applicable,,7245019899bfb0f60258418f0ef092ba6f8dfedfa8e0cd5e18676a18de8e6292,FALSE,titan-representative-benchmark-v1,FALSE,one lowest salted SHA-256 endpoint per non-empty outcome-family and sample-size-tercile cell; binary cells additionally stratified by minority-class-fraction tercile
continuous,thorsson,LUAD,Macrophage Regulation,410,,,B,large,not applicable,,73a8c36c7a6575af5afcef19e144e454efb7de150564b7a31e6b580b8942a647,FALSE,titan-representative-benchmark-v1,FALSE,one lowest salted SHA-256 endpoint per non-empty outcome-family and sample-size-tercile cell; binary cells additionally stratified by minority-class-fraction tercile
continuous,thorsson,BLCA,B Cells Naive,373,,,C,large,not applicable,,741458a3cb8d20d9ef547070a5f183b0c3b7b1beae98d5c1927cb989cf58a5a8,FALSE,titan-representative-benchmark-v1,FALSE,one lowest salted SHA-256 endpoint per non-empty outcome-family and sample-size-tercile cell; binary cells additionally stratified by minority-class-fraction tercile
continuous,thorsson,UCEC,Aneuploidy Score,477,,,B,large,not applicable,,7433aebd16cfe1870199fbba812a02d05108ff710ad527c8ee9726f6fc5dcc21,FALSE,titan-representative-benchmark-v1,FALSE,one lowest salted SHA-256 endpoint per non-empty outcome-family and sample-size-tercile cell; binary cells additionally stratified by minority-class-fraction tercile
continuous,thorsson,STAD,Nonsilent Mutation Rate,372,,,B,large,not applicable,,746ec9c841c33ed92c4bfa520c1757715402518edd641b75bf2feee390f81c1a,FALSE,titan-representative-benchmark-v1,FALSE,one lowest salted SHA-256 endpoint per non-empty outcome-family and sample-size-tercile cell; binary cells additionally stratified by minority-class-fraction tercile
continuous,thorsson,LUSC,Mast Cells Resting,462,,,C,large,not applicable,,7538f1b0f0351440f0f6b5faad3c7371241e5b2c96750bdbaddc1c2b26d4592c,FALSE,titan-representative-benchmark-v1,FALSE,one lowest salted SHA-256 endpoint per non-empty outcome-family and sample-size-tercile cell; binary cells additionally stratified by minority-class-fraction tercile
continuous,thorsson,HNSC,T Cells CD8,437,,,C,large,not applicable,,7545faad566dde26d7c8af2b2c19251e20c0d7c5aa76a300feaced0e3ffb09da,FALSE,titan-representative-benchmark-v1,FALSE,one lowest salted SHA-256 endpoint per non-empty outcome-family and sample-size-tercile cell; binary cells additionally stratified by minority-class-fraction tercile
continuous,thorsson,LUSC,Aneuploidy Score,459,,,C,large,not applicable,,7683e71168e31166352514ce422fe57a50fca4dba2c2a1c21c1245d181f1f2fd,FALSE,titan-representative-benchmark-v1,FALSE,one lowest salted SHA-256 endpoint per non-empty outcome-family and sample-size-tercile cell; binary cells additionally stratified by minority-class-fraction tercile
continuous,thorsson,LGG,Indel Neoantigens,378,,,C,large,not applicable,,779f14c88a6a803145837bc6837fcf1885549026cd045deecc695e894b9eedd6,FALSE,titan-representative-benchmark-v1,FALSE,one lowest salted SHA-256 endpoint per non-empty outcome-family and sample-size-tercile cell; binary cells additionally stratified by minority-class-fraction tercile
continuous,thorsson,LUSC,Th1 Cells,462,,,C,large,not applicable,,7821daaf815bcd57fd77f5485161bc1d0cca4803a3343a628fc0dc8e849d94f7,FALSE,titan-representative-benchmark-v1,FALSE,one lowest salted SHA-256 endpoint per non-empty outcome-family and sample-size-tercile cell; binary cells additionally stratified by minority-class-fraction tercile
continuous,thorsson,BRCA,CTA Score,1025,,,C,large,not applicable,,789d02c95b5deebced3862c3f3c4dfc23a977f243bb88554ba2f9d3aafe3f824,FALSE,titan-representative-benchmark-v1,FALSE,one lowest salted SHA-256 endpoint per non-empty outcome-family and sample-size-tercile cell; binary cells additionally stratified by minority-class-fraction tercile
continuous,thorsson,LGG,Macrophage Regulation,488,,,B,large,not applicable,,78a78b5fc8ac799150c2af4191e6eb143f3e1e950daa7c456905717a2c201773,FALSE,titan-representative-benchmark-v1,FALSE,one lowest salted SHA-256 endpoint per non-empty outcome-family and sample-size-tercile cell; binary cells additionally stratified by minority-class-fraction tercile
continuous,thorsson,UCEC,TIL Regional Fraction,446,,,A,large,not applicable,,78d75e2f8002565b529e1b8c5bcfcdde9fc63b86edfd51332062922a2e3a98fc,FALSE,titan-representative-benchmark-v1,FALSE,one lowest salted SHA-256 endpoint per non-empty outcome-family and sample-size-tercile cell; binary cells additionally stratified by minority-class-fraction tercile
continuous,thorsson,LUAD,Intratumor Heterogeneity,442,,,C,large,not applicable,,78ede26e8315100d3917866c381550eb447de5c0c2946cd399251716e96d27e7,FALSE,titan-representative-benchmark-v1,FALSE,one lowest salted SHA-256 endpoint per non-empty outcome-family and sample-size-tercile cell; binary cells additionally stratified by minority-class-fraction tercile
continuous,thorsson,KIRC,IFN-gamma Response,492,,,B,large,not applicable,,79765d383078be499feb9de8dea72a6fd38705a5a5f60aae2996177a49507c5d,FALSE,titan-representative-benchmark-v1,FALSE,one lowest salted SHA-256 endpoint per non-empty outcome-family and sample-size-tercile cell; binary cells additionally stratified by minority-class-fraction tercile
continuous,thorsson,COAD,B Cells Memory,417,,,C,large,not applicable,,7a583ff6456d0129a496dbfc3088ddce19e026a888b5751d12907424922b0590,FALSE,titan-representative-benchmark-v1,FALSE,one lowest salted SHA-256 endpoint per non-empty outcome-family and sample-size-tercile cell; binary cells additionally stratified by minority-class-fraction tercile
continuous,thorsson,BRCA,SNV Neoantigens,955,,,C,large,not applicable,,7ab2b244abe59b89b13adbc828d6356da7b21a98f77e8527366738da67df4134,FALSE,titan-representative-benchmark-v1,FALSE,one lowest salted SHA-256 endpoint per non-empty outcome-family and sample-size-tercile cell; binary cells additionally stratified by minority-class-fraction tercile
continuous,thorsson,COAD,Macrophage Regulation,417,,,C,large,not applicable,,7ade8a09810aa41eb9c61778bd6d4f7661712a77f94dd76ce992d329961b0d7b,FALSE,titan-representative-benchmark-v1,FALSE,one lowest salted SHA-256 endpoint per non-empty outcome-family and sample-size-tercile cell; binary cells additionally stratified by minority-class-fraction tercile
continuous,thorsson,BLCA,Fraction Altered,382,,,C,large,not applicable,,7af488b06cd5cd4b8d3d627856685d296ef3f4948955af4f98f491a94a7f1aac,FALSE,titan-representative-benchmark-v1,FALSE,one lowest salted SHA-256 endpoint per non-empty outcome-family and sample-size-tercile cell; binary cells additionally stratified by minority-class-fraction tercile
continuous,thorsson,LUSC,BCR Shannon,431,,,C,large,not applicable,,7c4eaedfa36fe76426dd8335a3f702affa93236446cc99132e8499dd47e883ef,FALSE,titan-representative-benchmark-v1,FALSE,one lowest salted SHA-256 endpoint per non-empty outcome-family and sample-size-tercile cell; binary cells additionally stratified by minority-class-fraction tercile
continuous,thorsson,THCA,Mast Cells Activated,498,,,C,large,not applicable,,7c974da1875c211692d4da39837fdd2fb82b22b1a77df90d0b3a892bbf6670a4,FALSE,titan-representative-benchmark-v1,FALSE,one lowest salted SHA-256 endpoint per non-empty outcome-family and sample-size-tercile cell; binary cells additionally stratified by minority-class-fraction tercile
continuous,thorsson,LUAD,Th2 Cells,410,,,B,large,not applicable,,7cc8ad60fe0d7a9618ae88fca69f918e18cd335af83476709871cf6eb89fcb12,FALSE,titan-representative-benchmark-v1,FALSE,one lowest salted SHA-256 endpoint per non-empty outcome-family and sample-size-tercile cell; binary cells additionally stratified by minority-class-fraction tercile
continuous,thorsson,KIRC,Wound Healing,492,,,C,large,not applicable,,7d447e3df705388056061fc91121804aa6ebe8f72ddca06c19bc5e8954ddb808,FALSE,titan-representative-benchmark-v1,FALSE,one lowest salted SHA-256 endpoint per non-empty outcome-family and sample-size-tercile cell; binary cells additionally stratified by minority-class-fraction tercile
continuous,thorsson,HNSC,Mast Cells Resting,437,,,C,large,not applicable,,7fff9c61b81852662bd0fe984b857909b2cf865d3181f4a52d0fa92c79dd3806,FALSE,titan-representative-benchmark-v1,FALSE,one lowest salted SHA-256 endpoint per non-empty outcome-family and sample-size-tercile cell; binary cells additionally stratified by minority-class-fraction tercile
continuous,thorsson,BLCA,Dendritic Cells Activated,373,,,C,large,not applicable,,800e04041e83c4f85a4fd2275d0d7a7e336e2d2d8bf24895cf24a972d4a32c68,FALSE,titan-representative-benchmark-v1,FALSE,one lowest salted SHA-256 endpoint per non-empty outcome-family and sample-size-tercile cell; binary cells additionally stratified by minority-class-fraction tercile
continuous,thorsson,HNSC,Eosinophils,437,,,C,large,not applicable,,8059657a32cd01509b5b06ac768616045c9801240fe4cbca63140a13d93dda17,FALSE,titan-representative-benchmark-v1,FALSE,one lowest salted SHA-256 endpoint per non-empty outcome-family and sample-size-tercile cell; binary cells additionally stratified by minority-class-fraction tercile
continuous,thorsson,HNSC,Th17 Cells,437,,,C,large,not applicable,,814b3dc2a24ef8692402851345f2c62aa0d1ec5a9366938af05f3d10839a1ee5,FALSE,titan-representative-benchmark-v1,FALSE,one lowest salted SHA-256 endpoint per non-empty outcome-family and sample-size-tercile cell; binary cells additionally stratified by minority-class-fraction tercile
continuous,thorsson,THCA,TGF-beta Response,498,,,A,large,not applicable,,81abfcf987bba52f8225a6473e691254dbc42299f48092fb7eb1468c531d74a0,FALSE,titan-representative-benchmark-v1,FALSE,one lowest salted SHA-256 endpoint per non-empty outcome-family and sample-size-tercile cell; binary cells additionally stratified by minority-class-fraction tercile
continuous,thorsson,LUSC,B Cells Memory,462,,,C,large,not applicable,,8327f1da2b030ae7d297ea6cbfedd8a84109d850dbfa7de04b0ecdec757644f6,FALSE,titan-representative-benchmark-v1,FALSE,one lowest salted SHA-256 endpoint per non-empty outcome-family and sample-size-tercile cell; binary cells additionally stratified by minority-class-fraction tercile
continuous,thorsson,HNSC,T Cells CD4 Naive,437,,,C,large,not applicable,,843e0e9b5f402b59b92b42bba2c3936dd05f19e64dd35fd3fd8340e4d434cf42,FALSE,titan-representative-benchmark-v1,FALSE,one lowest salted SHA-256 endpoint per non-empty outcome-family and sample-size-tercile cell; binary cells additionally stratified by minority-class-fraction tercile
continuous,thorsson,KIRC,NK Cells Activated,492,,,C,large,not applicable,,84eb3fd7f7b9b03db1c874636c8d03aaba958379bd0bb4417139ef46bdbbd61a,FALSE,titan-representative-benchmark-v1,FALSE,one lowest salted SHA-256 endpoint per non-empty outcome-family and sample-size-tercile cell; binary cells additionally stratified by minority-class-fraction tercile
continuous,thorsson,LUAD,Fraction Altered,459,,,B,large,not applicable,,8531a1ded9cd74a52af6d7a6ba60b904ff5980c9983ee550a57a5d6d4ffe0a1e,FALSE,titan-representative-benchmark-v1,FALSE,one lowest salted SHA-256 endpoint per non-empty outcome-family and sample-size-tercile cell; binary cells additionally stratified by minority-class-fraction tercile
continuous,thorsson,PRAD,Leukocyte Fraction,399,,,C,large,not applicable,,855d32453df6c2fdec78cea045659fc21a3cfe855c5c572fa7ea970538fcaa69,FALSE,titan-representative-benchmark-v1,FALSE,one lowest salted SHA-256 endpoint per non-empty outcome-family and sample-size-tercile cell; binary cells additionally stratified by minority-class-fraction tercile
continuous,thorsson,PRAD,Aneuploidy Score,382,,,C,large,not applicable,,8570e06888ca633e39d28df9054e8893bb0dcb4f63e3082f9f6cd013140cd99d,FALSE,titan-representative-benchmark-v1,FALSE,one lowest salted SHA-256 endpoint per non-empty outcome-family and sample-size-tercile cell; binary cells additionally stratified by minority-class-fraction tercile
continuous,thorsson,COAD,Eosinophils,417,,,C,large,not applicable,,866b0426879a90d934ec93da84fd20db952e74e5d51024dabab90ce421228561,FALSE,titan-representative-benchmark-v1,FALSE,one lowest salted SHA-256 endpoint per non-empty outcome-family and sample-size-tercile cell; binary cells additionally stratified by minority-class-fraction tercile
continuous,thorsson,HNSC,Dendritic Cells Resting,437,,,C,large,not applicable,,86ca383eb792831184cdc800961912b53b3d5e44976a069454cd4f557db727af,FALSE,titan-representative-benchmark-v1,FALSE,one lowest salted SHA-256 endpoint per non-empty outcome-family and sample-size-tercile cell; binary cells additionally stratified by minority-class-fraction tercile
continuous,thorsson,LUSC,Th2 Cells,462,,,C,large,not applicable,,87372b97521a1b78aebbcf468652dd68a0fab82b6505c3eba3d9a717f16bb8a2,FALSE,titan-representative-benchmark-v1,FALSE,one lowest salted SHA-256 endpoint per non-empty outcome-family and sample-size-tercile cell; binary cells additionally stratified by minority-class-fraction tercile
continuous,thorsson,THCA,Homologous Recombination Defects,462,,,C,large,not applicable,,8753a49a96fa84b07461684480f2a21ce6b6bc20b44c07fb823573fb4ec04143,FALSE,titan-representative-benchmark-v1,FALSE,one lowest salted SHA-256 endpoint per non-empty outcome-family and sample-size-tercile cell; binary cells additionally stratified by minority-class-fraction tercile
continuous,thorsson,LUSC,Lymphocyte Infiltration Signature Score,462,,,B,large,not applicable,,881d27d369c343a6f26717c987174f7689d0a6b3e800dbfb2a5c8f4403ce98e4,FALSE,titan-representative-benchmark-v1,FALSE,one lowest salted SHA-256 endpoint per non-empty outcome-family and sample-size-tercile cell; binary cells additionally stratified by minority-class-fraction tercile
continuous,thorsson,HNSC,T Cells CD4 Memory Resting,437,,,C,large,not applicable,,882f839fd5a86efb9a738433a657dbdc54c87d2c53a98b418ba2b76d556d11e0,FALSE,titan-representative-benchmark-v1,FALSE,one lowest salted SHA-256 endpoint per non-empty outcome-family and sample-size-tercile cell; binary cells additionally stratified by minority-class-fraction tercile
continuous,thorsson,LUSC,BCR Richness,431,,,C,large,not applicable,,885a4f68c08ee38c90cd9cf2f70d41ed0618726ea67a1fefdc6aa7cce187c0ce,FALSE,titan-representative-benchmark-v1,FALSE,one lowest salted SHA-256 endpoint per non-empty outcome-family and sample-size-tercile cell; binary cells additionally stratified by minority-class-fraction tercile
continuous,thorsson,UCEC,Fraction Altered,484,,,B,large,not applicable,,893b3b012be5530e177bba09a4be6d02517226adb6787e8130ded63a2fa6db57,FALSE,titan-representative-benchmark-v1,FALSE,one lowest salted SHA-256 endpoint per non-empty outcome-family and sample-size-tercile cell; binary cells additionally stratified by minority-class-fraction tercile
continuous,thorsson,LUAD,Monocytes,410,,,C,large,not applicable,,8a14e92a34c817f68af0c52d0fc5100beef8b92525f1401bd9bb81afbe8909a0,FALSE,titan-representative-benchmark-v1,FALSE,one lowest salted SHA-256 endpoint per non-empty outcome-family and sample-size-tercile cell; binary cells additionally stratified by minority-class-fraction tercile
continuous,thorsson,KIRC,T Cells CD4 Naive,492,,,C,large,not applicable,,8c5149e241179ee2d8b67a573c110a357de921feecafb9f9fd973ce1a37aa45a,FALSE,titan-representative-benchmark-v1,FALSE,one lowest salted SHA-256 endpoint per non-empty outcome-family and sample-size-tercile cell; binary cells additionally stratified by minority-class-fraction tercile
continuous,thorsson,THCA,Neutrophils,498,,,C,large,not applicable,,8cb8cf5f72e742c144530f842319196947318f7876e1af25026cd3518c8fe210,FALSE,titan-representative-benchmark-v1,FALSE,one lowest salted SHA-256 endpoint per non-empty outcome-family and sample-size-tercile cell; binary cells additionally stratified by minority-class-fraction tercile
continuous,thorsson,LGG,Intratumor Heterogeneity,475,,,C,large,not applicable,,8d0e95f60ae5674b4df8e4c5fa0a1d0f434b225e5b21c325ce8c1c63356e88ee,FALSE,titan-representative-benchmark-v1,FALSE,one lowest salted SHA-256 endpoint per non-empty outcome-family and sample-size-tercile cell; binary cells additionally stratified by minority-class-fraction tercile
continuous,thorsson,LGG,T Cells CD4 Memory Activated,488,,,C,large,not applicable,,8d3fec0a3441d6639f7bc4cde7a44b61737a4db0aa4c5a6b61efea7da837f8d2,FALSE,titan-representative-benchmark-v1,FALSE,one lowest salted SHA-256 endpoint per non-empty outcome-family and sample-size-tercile cell; binary cells additionally stratified by minority-class-fraction tercile
continuous,thorsson,COAD,Stromal Fraction,373,,,C,large,not applicable,,8d4f2d9577c47bcbeb26c009e3f544f5d72190a33fe061dbb37a75baafbf58c8,FALSE,titan-representative-benchmark-v1,FALSE,one lowest salted SHA-256 endpoint per non-empty outcome-family and sample-size-tercile cell; binary cells additionally stratified by minority-class-fraction tercile
continuous,thorsson,KIRC,Monocytes,492,,,C,large,not applicable,,8d99e7f81cf77a8386e512283c67122788e1731118161ec36a488399a5698127,FALSE,titan-representative-benchmark-v1,FALSE,one lowest salted SHA-256 endpoint per non-empty outcome-family and sample-size-tercile cell; binary cells additionally stratified by minority-class-fraction tercile
continuous,thorsson,LGG,CTA Score,485,,,C,large,not applicable,,8db1be8c696e6090fd4fc57e9d7fbbee15897acccd384045532e067d6f396ed3,FALSE,titan-representative-benchmark-v1,FALSE,one lowest salted SHA-256 endpoint per non-empty outcome-family and sample-size-tercile cell; binary cells additionally stratified by minority-class-fraction tercile
continuous,thorsson,HNSC,Leukocyte Fraction,446,,,B,large,not applicable,,8e23ae8355a4f729ae85b2471d9dc13860a621a207b957d511058daa552453a0,FALSE,titan-representative-benchmark-v1,FALSE,one lowest salted SHA-256 endpoint per non-empty outcome-family and sample-size-tercile cell; binary cells additionally stratified by minority-class-fraction tercile
continuous,thorsson,HNSC,Silent Mutation Rate,428,,,C,large,not applicable,,8e96e1179caa3426377ff60f92c2717beacc3981499944afac365f23937ef354,FALSE,titan-representative-benchmark-v1,FALSE,one lowest salted SHA-256 endpoint per non-empty outcome-family and sample-size-tercile cell; binary cells additionally stratified by minority-class-fraction tercile
continuous,thorsson,HNSC,Nonsilent Mutation Rate,428,,,C,large,not applicable,,8fa87009fbbdcd9a326000292c714db2a8778480eabd4d4bc10fe218e61b7057,FALSE,titan-representative-benchmark-v1,FALSE,one lowest salted SHA-256 endpoint per non-empty outcome-family and sample-size-tercile cell; binary cells additionally stratified by minority-class-fraction tercile
continuous,thorsson,LUSC,TCR Shannon,444,,,C,large,not applicable,,8fd8abb10cd569e4a2d1f8f33de3c6e1ffee28e3b2863e8ee7e8d9aefb6c5626,FALSE,titan-representative-benchmark-v1,FALSE,one lowest salted SHA-256 endpoint per non-empty outcome-family and sample-size-tercile cell; binary cells additionally stratified by minority-class-fraction tercile
continuous,thorsson,LGG,B Cells Naive,488,,,C,large,not applicable,,90034790896520f0bf2dfa9b5070f49dfe0dd11f0d238831e86a4cc8ac362c48,FALSE,titan-representative-benchmark-v1,FALSE,one lowest salted SHA-256 endpoint per non-empty outcome-family and sample-size-tercile cell; binary cells additionally stratified by minority-class-fraction tercile
continuous,thorsson,COAD,Th17 Cells,417,,,C,large,not applicable,,903d2eb184066838e9bcc8d5cd884f9a93094b1b5f420bdba1f8e3f2806e63ed,FALSE,titan-representative-benchmark-v1,FALSE,one lowest salted SHA-256 endpoint per non-empty outcome-family and sample-size-tercile cell; binary cells additionally stratified by minority-class-fraction tercile
continuous,thorsson,BRCA,T Cells Follicular Helper,1039,,,C,large,not applicable,,90ef845d42327c2675cc4a9024814b4ab2ea387ca98b6fc1603978fa9254fcc2,FALSE,titan-representative-benchmark-v1,FALSE,one lowest salted SHA-256 endpoint per non-empty outcome-family and sample-size-tercile cell; binary cells additionally stratified by minority-class-fraction tercile
continuous,thorsson,BRCA,Wound Healing,1039,,,A,large,not applicable,,91961c2a56ef53c7a57abd04b8c4a13bc746eb52b87913d50615b55b36f883a0,FALSE,titan-representative-benchmark-v1,FALSE,one lowest salted SHA-256 endpoint per non-empty outcome-family and sample-size-tercile cell; binary cells additionally stratified by minority-class-fraction tercile
continuous,thorsson,BLCA,T Cells Regulatory Tregs,373,,,C,large,not applicable,,919d0d69d10a04717228d20e6f1985d69411acaeeead699d2da3084fe257ac7a,FALSE,titan-representative-benchmark-v1,FALSE,one lowest salted SHA-256 endpoint per non-empty outcome-family and sample-size-tercile cell; binary cells additionally stratified by minority-class-fraction tercile
continuous,thorsson,LUSC,T Cells CD4 Memory Resting,462,,,C,large,not applicable,,91dd000a62c5c3a866c722eb42222b1e58834df6059682f104f88fb855605ade,FALSE,titan-representative-benchmark-v1,FALSE,one lowest salted SHA-256 endpoint per non-empty outcome-family and sample-size-tercile cell; binary cells additionally stratified by minority-class-fraction tercile
continuous,thorsson,BRCA,TGF-beta Response,1039,,,B,large,not applicable,,91e7ee7fc45b5a5dc090708d3b397242060f4b1e090967cf9bccb5b2eeb8b646,FALSE,titan-representative-benchmark-v1,FALSE,one lowest salted SHA-256 endpoint per non-empty outcome-family and sample-size-tercile cell; binary cells additionally stratified by minority-class-fraction tercile
continuous,thorsson,UCEC,NK Cells Resting,489,,,C,large,not applicable,,9248c6bda1ee7437e23b9a343f9bea27605c861aad820b51743dc1c62e1494e9,FALSE,titan-representative-benchmark-v1,FALSE,one lowest salted SHA-256 endpoint per non-empty outcome-family and sample-size-tercile cell; binary cells additionally stratified by minority-class-fraction tercile
continuous,thorsson,LGG,Neutrophils,488,,,C,large,not applicable,,92b8cb7a392950e28d4707cb128712a86fb3d373b2c9f06cbe725c6ae617db04,FALSE,titan-representative-benchmark-v1,FALSE,one lowest salted SHA-256 endpoint per non-empty outcome-family and sample-size-tercile cell; binary cells additionally stratified by minority-class-fraction tercile
continuous,thorsson,THCA,T Cells gamma delta,498,,,C,large,not applicable,,92e7d1d0f3bdfe0bc7e7711bc81bba0f5569d76d92c047dadfe1f62b1639d75d,FALSE,titan-representative-benchmark-v1,FALSE,one lowest salted SHA-256 endpoint per non-empty outcome-family and sample-size-tercile cell; binary cells additionally stratified by minority-class-fraction tercile
continuous,thorsson,BRCA,Mast Cells Resting,1039,,,C,large,not applicable,,92eab7b9c6e3f3af26b94d231dc93eb45475b0ac88d0ce73ba756463e3e16e94,FALSE,titan-representative-benchmark-v1,FALSE,one lowest salted SHA-256 endpoint per non-empty outcome-family and sample-size-tercile cell; binary cells additionally stratified by minority-class-fraction tercile
continuous,thorsson,COAD,Wound Healing,417,,,C,large,not applicable,,93b59b37849fbce034063f44679b4d5307db9c7f3d82f225830846bf17f6b317,FALSE,titan-representative-benchmark-v1,FALSE,one lowest salted SHA-256 endpoint per non-empty outcome-family and sample-size-tercile cell; binary cells additionally stratified by minority-class-fraction tercile
continuous,thorsson,LGG,T Cells gamma delta,488,,,C,large,not applicable,,93c26fd12362fa0c6cb1e6bc261c875d2ca2e65df4e0163dcf20df5a2b033408,FALSE,titan-representative-benchmark-v1,FALSE,one lowest salted SHA-256 endpoint per non-empty outcome-family and sample-size-tercile cell; binary cells additionally stratified by minority-class-fraction tercile
continuous,thorsson,BRCA,TCR Shannon,999,,,B,large,not applicable,,93da04446dc0de40852bb5b9efc15b8dffc24027881a9009de297ac25958cc4e,FALSE,titan-representative-benchmark-v1,FALSE,one lowest salted SHA-256 endpoint per non-empty outcome-family and sample-size-tercile cell; binary cells additionally stratified by minority-class-fraction tercile
continuous,thorsson,LUAD,TCR Evenness,405,,,C,large,not applicable,,93fbaf8278540a894c54653c6f37e5174630acc172587dc8b02a206f555fe3f0,FALSE,titan-representative-benchmark-v1,FALSE,one lowest salted SHA-256 endpoint per non-empty outcome-family and sample-size-tercile cell; binary cells additionally stratified by minority-class-fraction tercile
continuous,thorsson,BRCA,NK Cells Activated,1039,,,C,large,not applicable,,943988a5164a80549980b5a80e741896bdd7a413b1ec0102efbc325a97205080,FALSE,titan-representative-benchmark-v1,FALSE,one lowest salted SHA-256 endpoint per non-empty outcome-family and sample-size-tercile cell; binary cells additionally stratified by minority-class-fraction tercile
continuous,thorsson,LGG,Dendritic Cells Resting,488,,,C,large,not applicable,,950b78ef4eb19781d9a7ca7f486394f2acb47088591b437cf076490c9e443eab,FALSE,titan-representative-benchmark-v1,FALSE,one lowest salted SHA-256 endpoint per non-empty outcome-family and sample-size-tercile cell; binary cells additionally stratified by minority-class-fraction tercile
continuous,thorsson,BLCA,Intratumor Heterogeneity,376,,,B,large,not applicable,,95e4fa50a8ef15606d989d8ca855ae5a8f89e676438c7d2059679d3c11c3b6e7,FALSE,titan-representative-benchmark-v1,FALSE,one lowest salted SHA-256 endpoint per non-empty outcome-family and sample-size-tercile cell; binary cells additionally stratified by minority-class-fraction tercile
continuous,thorsson,HNSC,Fraction Altered,440,,,C,large,not applicable,,96c7fed48473d4ca4699b3bd48cbac06e87c1486ef6e8fe881fd42c9599b4101,FALSE,titan-representative-benchmark-v1,FALSE,one lowest salted SHA-256 endpoint per non-empty outcome-family and sample-size-tercile cell; binary cells additionally stratified by minority-class-fraction tercile
continuous,thorsson,UCEC,Mast Cells Resting,489,,,C,large,not applicable,,974c33af56a3180703987ea2b97ef34a5546d4a30970aaec2772a6a13a22a581,FALSE,titan-representative-benchmark-v1,FALSE,one lowest salted SHA-256 endpoint per non-empty outcome-family and sample-size-tercile cell; binary cells additionally stratified by minority-class-fraction tercile
continuous,thorsson,PRAD,Homologous Recombination Defects,382,,,B,large,not applicable,,9750ed864c1341ba87db8b4acb239b42a895f968f6c8a5c41c896a77c9b27c37,FALSE,titan-representative-benchmark-v1,FALSE,one lowest salted SHA-256 endpoint per non-empty outcome-family and sample-size-tercile cell; binary cells additionally stratified by minority-class-fraction tercile
continuous,thorsson,LUSC,Plasma Cells,462,,,C,large,not applicable,,978a2ab58ae6834d68c1a912ecb932d31374b5232d50e5ed9332e02c370c6009,FALSE,titan-representative-benchmark-v1,FALSE,one lowest salted SHA-256 endpoint per non-empty outcome-family and sample-size-tercile cell; binary cells additionally stratified by minority-class-fraction tercile
continuous,thorsson,UCEC,T Cells CD8,489,,,C,large,not applicable,,97b42cb8c47ad63d8cf71dee02f08c33e45faece93d00627f2ec23ea38088328,FALSE,titan-representative-benchmark-v1,FALSE,one lowest salted SHA-256 endpoint per non-empty outcome-family and sample-size-tercile cell; binary cells additionally stratified by minority-class-fraction tercile
continuous,thorsson,KIRC,T Cells CD8,492,,,C,large,not applicable,,98db92fa10286a54735ad41bc7c2a3dc5509f001142f9af65bd44d2e2911ec53,FALSE,titan-representative-benchmark-v1,FALSE,one lowest salted SHA-256 endpoint per non-empty outcome-family and sample-size-tercile cell; binary cells additionally stratified by minority-class-fraction tercile
continuous,thorsson,KIRC,TCR Shannon,480,,,B,large,not applicable,,98e5e2f3669c5a45d3721df2b2e455e25f4bc733140d441841923d1785a0fd9a,FALSE,titan-representative-benchmark-v1,FALSE,one lowest salted SHA-256 endpoint per non-empty outcome-family and sample-size-tercile cell; binary cells additionally stratified by minority-class-fraction tercile
continuous,thorsson,UCEC,Leukocyte Fraction,492,,,B,large,not applicable,,9948e3141ec0438a08a69aeeb9c954a479990182fb1f4f88fad2039f392c5bfe,FALSE,titan-representative-benchmark-v1,FALSE,one lowest salted SHA-256 endpoint per non-empty outcome-family and sample-size-tercile cell; binary cells additionally stratified by minority-class-fraction tercile
continuous,thorsson,KIRC,Leukocyte Fraction,493,,,B,large,not applicable,,9a448c5465c479ce49b4c2c5f0e030caf04f85d850c8693d9d5bd2261acb7191,FALSE,titan-representative-benchmark-v1,FALSE,one lowest salted SHA-256 endpoint per non-empty outcome-family and sample-size-tercile cell; binary cells additionally stratified by minority-class-fraction tercile
continuous,thorsson,UCEC,Mast Cells Activated,489,,,C,large,not applicable,,9ad49ec6b1515cedda923d151a7719c08f4362aaff53f4e87f2efdc881bb5a32,FALSE,titan-representative-benchmark-v1,FALSE,one lowest salted SHA-256 endpoint per non-empty outcome-family and sample-size-tercile cell; binary cells additionally stratified by minority-class-fraction tercile
continuous,thorsson,LUSC,Eosinophils,462,,,C,large,not applicable,,9b624468bf910a6ad4b3e708b5f55ffee5da5b51cea3218525a8f6b547175631,FALSE,titan-representative-benchmark-v1,FALSE,one lowest salted SHA-256 endpoint per non-empty outcome-family and sample-size-tercile cell; binary cells additionally stratified by minority-class-fraction tercile
continuous,thorsson,COAD,TGF-beta Response,417,,,C,large,not applicable,,9bcc5c3c93f940d4e272b76dd6b392663ca3a022d36633ac31dd6c151d1cf12c,FALSE,titan-representative-benchmark-v1,FALSE,one lowest salted SHA-256 endpoint per non-empty outcome-family and sample-size-tercile cell; binary cells additionally stratified by minority-class-fraction tercile
continuous,thorsson,UCEC,Nonsilent Mutation Rate,488,,,C,large,not applicable,,9bd7060a2023d843448428a7717d872d3f181ff5c9e5e70563677a3d6a8768ba,FALSE,titan-representative-benchmark-v1,FALSE,one lowest salted SHA-256 endpoint per non-empty outcome-family and sample-size-tercile cell; binary cells additionally stratified by minority-class-fraction tercile
continuous,thorsson,KIRC,T Cells Regulatory Tregs,492,,,C,large,not applicable,,9c6ffa3950e02bd429b5e1705e0ad3bdcd7e4b22d2a1dce3e7e401d8e9835d8c,FALSE,titan-representative-benchmark-v1,FALSE,one lowest salted SHA-256 endpoint per non-empty outcome-family and sample-size-tercile cell; binary cells additionally stratified by minority-class-fraction tercile
continuous,thorsson,PRAD,Fraction Altered,396,,,B,large,not applicable,,9d962e9bca50cef4d729cec798455046387184822dc16ed1bc936b523e7a040d,FALSE,titan-representative-benchmark-v1,FALSE,one lowest salted SHA-256 endpoint per non-empty outcome-family and sample-size-tercile cell; binary cells additionally stratified by minority-class-fraction tercile
continuous,thorsson,UCEC,T Cells gamma delta,489,,,C,large,not applicable,,9e26cd1ae698136c9bc70925d6e2fd06d5401ba667cfab68d4c05f50db0f1529,FALSE,titan-representative-benchmark-v1,FALSE,one lowest salted SHA-256 endpoint per non-empty outcome-family and sample-size-tercile cell; binary cells additionally stratified by minority-class-fraction tercile
continuous,thorsson,BLCA,Lymphocyte Infiltration Signature Score,373,,,B,large,not applicable,,9fae4edc696e694e3bbb303f6d913599122899cc1d7fcbfbe8cb995ae2d06c0b,FALSE,titan-representative-benchmark-v1,FALSE,one lowest salted SHA-256 endpoint per non-empty outcome-family and sample-size-tercile cell; binary cells additionally stratified by minority-class-fraction tercile
continuous,thorsson,LGG,Macrophages M1,488,,,C,large,not applicable,,9fc4f131dceab71c9a2baed69b689a1010d730505b972fcbd9e3d882ef0d93c8,FALSE,titan-representative-benchmark-v1,FALSE,one lowest salted SHA-256 endpoint per non-empty outcome-family and sample-size-tercile cell; binary cells additionally stratified by minority-class-fraction tercile
continuous,thorsson,BLCA,Mast Cells Activated,373,,,C,large,not applicable,,a072bd17f69af2e2ee8a3cfd4e40f351618c6358c2f9273bf94ae01e54478616,FALSE,titan-representative-benchmark-v1,FALSE,one lowest salted SHA-256 endpoint per non-empty outcome-family and sample-size-tercile cell; binary cells additionally stratified by minority-class-fraction tercile
continuous,thorsson,KIRC,Number of Segments,487,,,C,large,not applicable,,a10f9420afa9b3fbcbcfddd5129f9b78638d39b83a8283908e4c7d973d0efab1,FALSE,titan-representative-benchmark-v1,FALSE,one lowest salted SHA-256 endpoint per non-empty outcome-family and sample-size-tercile cell; binary cells additionally stratified by minority-class-fraction tercile
continuous,thorsson,COAD,Homologous Recombination Defects,409,,,C,large,not applicable,,a165779e35e230c8eeffe446647d76bb21312b410587bfb5edebffb0d7f4b7f5,FALSE,titan-representative-benchmark-v1,FALSE,one lowest salted SHA-256 endpoint per non-empty outcome-family and sample-size-tercile cell; binary cells additionally stratified by minority-class-fraction tercile
continuous,thorsson,UCEC,Number of Segments,484,,,A,large,not applicable,,a2ac2819b5bb641e62bcf755c3164bb496609b4dfc2b186dd8793509b047fcef,FALSE,titan-representative-benchmark-v1,FALSE,one lowest salted SHA-256 endpoint per non-empty outcome-family and sample-size-tercile cell; binary cells additionally stratified by minority-class-fraction tercile
continuous,thorsson,LUAD,Stromal Fraction,442,,,B,large,not applicable,,a2f1cd2f08642776d0400718b330826a56a96ef8fafe354cfc445e9f61f528cf,FALSE,titan-representative-benchmark-v1,FALSE,one lowest salted SHA-256 endpoint per non-empty outcome-family and sample-size-tercile cell; binary cells additionally stratified by minority-class-fraction tercile
continuous,thorsson,KIRC,Lymphocyte Infiltration Signature Score,492,,,B,large,not applicable,,a3271bfa83d880cf76ce2cddfeb1594bfc7a6c6396dcfaa57baac7be967aba50,FALSE,titan-representative-benchmark-v1,FALSE,one lowest salted SHA-256 endpoint per non-empty outcome-family and sample-size-tercile cell; binary cells additionally stratified by minority-class-fraction tercile
continuous,thorsson,LGG,Lymphocyte Infiltration Signature Score,488,,,B,large,not applicable,,a349b04e4c8ccc64124538e99624775b8dedea0ce8f7fd581393fc9384ef5e1b,FALSE,titan-representative-benchmark-v1,FALSE,one lowest salted SHA-256 endpoint per non-empty outcome-family and sample-size-tercile cell; binary cells additionally stratified by minority-class-fraction tercile
continuous,thorsson,COAD,Intratumor Heterogeneity,373,,,C,large,not applicable,,a37a20251682a7abadd6ee742d904f0b5c6315885377edc083ee91b3e39df668,FALSE,titan-representative-benchmark-v1,FALSE,one lowest salted SHA-256 endpoint per non-empty outcome-family and sample-size-tercile cell; binary cells additionally stratified by minority-class-fraction tercile
continuous,thorsson,HNSC,Aneuploidy Score,435,,,C,large,not applicable,,a3a0f6bfff20fdd3c2c0f72eb8ec7f5b6ff598df24a665762ba5cde2b3570473,FALSE,titan-representative-benchmark-v1,FALSE,one lowest salted SHA-256 endpoint per non-empty outcome-family and sample-size-tercile cell; binary cells additionally stratified by minority-class-fraction tercile
continuous,thorsson,BRCA,Macrophage Regulation,1039,,,B,large,not applicable,,a5325311b447de8e3bf61ae1c9f840478c48e1aa6877b2bf63f50fac560956ea,FALSE,titan-representative-benchmark-v1,FALSE,one lowest salted SHA-256 endpoint per non-empty outcome-family and sample-size-tercile cell; binary cells additionally stratified by minority-class-fraction tercile
continuous,thorsson,COAD,Leukocyte Fraction,419,,,C,large,not applicable,,a59c7a55e7fad30f936067e0ded7e89882446d9719b45023039d30aa87c37cb2,FALSE,titan-representative-benchmark-v1,FALSE,one lowest salted SHA-256 endpoint per non-empty outcome-family and sample-size-tercile cell; binary cells additionally stratified by minority-class-fraction tercile
continuous,thorsson,KIRC,T Cells CD4 Memory Resting,492,,,C,large,not applicable,,a5afcef9f3d1a402a56be53bc686f2e489341cb2cdcfe94ce8b468bc74c1cf78,FALSE,titan-representative-benchmark-v1,FALSE,one lowest salted SHA-256 endpoint per non-empty outcome-family and sample-size-tercile cell; binary cells additionally stratified by minority-class-fraction tercile
continuous,thorsson,COAD,NK Cells Resting,417,,,C,large,not applicable,,a5b6b618d2e0a5ad3bacd57560565717f1a083434ed3720a590a89c5a5112241,FALSE,titan-representative-benchmark-v1,FALSE,one lowest salted SHA-256 endpoint per non-empty outcome-family and sample-size-tercile cell; binary cells additionally stratified by minority-class-fraction tercile
continuous,thorsson,HNSC,TCR Evenness,372,,,C,large,not applicable,,a6685815bb33152b22285138c4a7aae136b731abad5d115cc775e8993c0d031d,FALSE,titan-representative-benchmark-v1,FALSE,one lowest salted SHA-256 endpoint per non-empty outcome-family and sample-size-tercile cell; binary cells additionally stratified by minority-class-fraction tercile
continuous,thorsson,UCEC,Eosinophils,489,,,C,large,not applicable,,a682756d3270efd6666b2c5e86bb72e419cf3454cd568a0dd577f6e7dfc54323,FALSE,titan-representative-benchmark-v1,FALSE,one lowest salted SHA-256 endpoint per non-empty outcome-family and sample-size-tercile cell; binary cells additionally stratified by minority-class-fraction tercile
continuous,thorsson,BRCA,Stromal Fraction,980,,,B,large,not applicable,,a6ec91b448e5d1d89c1ddc8e866b87c56073f5fc1c73371d41a5f4533f2e6f64,FALSE,titan-representative-benchmark-v1,FALSE,one lowest salted SHA-256 endpoint per non-empty outcome-family and sample-size-tercile cell; binary cells additionally stratified by minority-class-fraction tercile
continuous,thorsson,COAD,Aneuploidy Score,408,,,B,large,not applicable,,a75a15299d9cefdbfd1f13d3a3ae3b5c634883a67f5535872cfe73dfe327bd2f,FALSE,titan-representative-benchmark-v1,FALSE,one lowest salted SHA-256 endpoint per non-empty outcome-family and sample-size-tercile cell; binary cells additionally stratified by minority-class-fraction tercile
continuous,thorsson,THCA,Eosinophils,498,,,C,large,not applicable,,a8c88ae40a585c4580052dde8a4b467a48e3be45c16cd6270019c13de495625f,FALSE,titan-representative-benchmark-v1,FALSE,one lowest salted SHA-256 endpoint per non-empty outcome-family and sample-size-tercile cell; binary cells additionally stratified by minority-class-fraction tercile
continuous,thorsson,BLCA,Stromal Fraction,376,,,B,large,not applicable,,a90e7abee470d9d4885e66a2497bc3975a61c1a0c8ff1192ce49f8796cb0de2a,FALSE,titan-representative-benchmark-v1,FALSE,one lowest salted SHA-256 endpoint per non-empty outcome-family and sample-size-tercile cell; binary cells additionally stratified by minority-class-fraction tercile
continuous,thorsson,HNSC,B Cells Memory,437,,,C,large,not applicable,,a919c9e831495358cde065a9f471afb155e8dbea03370649be90cd3ec38fa9d7,FALSE,titan-representative-benchmark-v1,FALSE,one lowest salted SHA-256 endpoint per non-empty outcome-family and sample-size-tercile cell; binary cells additionally stratified by minority-class-fraction tercile
continuous,thorsson,LUSC,CTA Score,455,,,C,large,not applicable,,a91a3b763911918ed154a5b8f71cbff2c9b7772e312ef70bc7da2f95dd60f174,FALSE,titan-representative-benchmark-v1,FALSE,one lowest salted SHA-256 endpoint per non-empty outcome-family and sample-size-tercile cell; binary cells additionally stratified by minority-class-fraction tercile
continuous,thorsson,BLCA,Macrophage Regulation,373,,,A,large,not applicable,,a91f1ffcd62b33e0e6ec0a8a312343f4fc7624ab51920c9c6367b526001e8f4a,FALSE,titan-representative-benchmark-v1,FALSE,one lowest salted SHA-256 endpoint per non-empty outcome-family and sample-size-tercile cell; binary cells additionally stratified by minority-class-fraction tercile
continuous,thorsson,THCA,B Cells Memory,498,,,C,large,not applicable,,ab13a860464b72019f4521c836fbc1251a76bc69ad7cac5eda51298fbc61aaea,FALSE,titan-representative-benchmark-v1,FALSE,one lowest salted SHA-256 endpoint per non-empty outcome-family and sample-size-tercile cell; binary cells additionally stratified by minority-class-fraction tercile
continuous,thorsson,BRCA,IFN-gamma Response,1039,,,C,large,not applicable,,ab40c7f5905087ae9223e04e84c022fbb2ce83fab646488315e16c36f612df4c,FALSE,titan-representative-benchmark-v1,FALSE,one lowest salted SHA-256 endpoint per non-empty outcome-family and sample-size-tercile cell; binary cells additionally stratified by minority-class-fraction tercile
continuous,thorsson,UCEC,B Cells Naive,489,,,C,large,not applicable,,ab952e37a2c4f6c1c9b5dd6ab9a3e95e227298ffc2cd3586259a394c5e8f9128,FALSE,titan-representative-benchmark-v1,FALSE,one lowest salted SHA-256 endpoint per non-empty outcome-family and sample-size-tercile cell; binary cells additionally stratified by minority-class-fraction tercile
continuous,thorsson,COAD,T Cells gamma delta,417,,,C,large,not applicable,,ab9994df0e25d32c2c77bb193f98049cdc49798bbe433108a8fd78361cc42f7c,FALSE,titan-representative-benchmark-v1,FALSE,one lowest salted SHA-256 endpoint per non-empty outcome-family and sample-size-tercile cell; binary cells additionally stratified by minority-class-fraction tercile
continuous,thorsson,BRCA,Macrophages M2,1039,,,C,large,not applicable,,abc75841d2cff75082ac56148a4ac4bc1c8cfa71002ed5785631b710c189cdac,FALSE,titan-representative-benchmark-v1,FALSE,one lowest salted SHA-256 endpoint per non-empty outcome-family and sample-size-tercile cell; binary cells additionally stratified by minority-class-fraction tercile
continuous,thorsson,COAD,Mast Cells Resting,417,,,C,large,not applicable,,ac040af5d87bf837da51c1c4e65a9fe3c21cfc52214f76ddd36bb44c11b821c7,FALSE,titan-representative-benchmark-v1,FALSE,one lowest salted SHA-256 endpoint per non-empty outcome-family and sample-size-tercile cell; binary cells additionally stratified by minority-class-fraction tercile
continuous,thorsson,LUSC,Dendritic Cells Activated,462,,,C,large,not applicable,,acfb978cffbaa9c4f697189c22008d89600740d4ecccd3942a9d73f287f07a36,FALSE,titan-representative-benchmark-v1,FALSE,one lowest salted SHA-256 endpoint per non-empty outcome-family and sample-size-tercile cell; binary cells additionally stratified by minority-class-fraction tercile
continuous,thorsson,HNSC,T Cells CD4 Memory Activated,437,,,C,large,not applicable,,ad48490a99ee470d3c72a9ec6373af78ce03c884e1ce12a1794eba7694f44971,FALSE,titan-representative-benchmark-v1,FALSE,one lowest salted SHA-256 endpoint per non-empty outcome-family and sample-size-tercile cell; binary cells additionally stratified by minority-class-fraction tercile
continuous,thorsson,LUAD,Macrophages M0,410,,,C,large,not applicable,,b05700b22d4cc30a8c5a8cd11f04be78b6441e76e81f9c278baa4e2cb8f63a4c,FALSE,titan-representative-benchmark-v1,FALSE,one lowest salted SHA-256 endpoint per non-empty outcome-family and sample-size-tercile cell; binary cells additionally stratified by minority-class-fraction tercile
continuous,thorsson,THCA,Proliferation,498,,,B,large,not applicable,,b0be1a9c934182eb7e0c9bd6ec436e4961f04c79a0ea85930e3b72f934c842e4,FALSE,titan-representative-benchmark-v1,FALSE,one lowest salted SHA-256 endpoint per non-empty outcome-family and sample-size-tercile cell; binary cells additionally stratified by minority-class-fraction tercile
continuous,thorsson,PRAD,Number of Segments,396,,,C,large,not applicable,,b11102bac78e40cb097e09f1fdde17eea9e0b956910a3ec6951494c2e0f43aa5,FALSE,titan-representative-benchmark-v1,FALSE,one lowest salted SHA-256 endpoint per non-empty outcome-family and sample-size-tercile cell; binary cells additionally stratified by minority-class-fraction tercile
continuous,thorsson,LUAD,Wound Healing,410,,,B,large,not applicable,,b172dd0b7f998b708a4174fc71f26c290247666c0380d757604f651408e926c9,FALSE,titan-representative-benchmark-v1,FALSE,one lowest salted SHA-256 endpoint per non-empty outcome-family and sample-size-tercile cell; binary cells additionally stratified by minority-class-fraction tercile
continuous,thorsson,KIRC,T Cells CD4 Memory Activated,492,,,C,large,not applicable,,b1eccdf6645980b3ecfae7aaa4f0a1f6dd5b07237798f5af3860cacddf35f02b,FALSE,titan-representative-benchmark-v1,FALSE,one lowest salted SHA-256 endpoint per non-empty outcome-family and sample-size-tercile cell; binary cells additionally stratified by minority-class-fraction tercile
continuous,thorsson,LGG,TGF-beta Response,488,,,A,large,not applicable,,b2ceee1cd59a87c353194e5e6955f222e6ef3eb3e8fe3143331b5a84a669c51e,FALSE,titan-representative-benchmark-v1,FALSE,one lowest salted SHA-256 endpoint per non-empty outcome-family and sample-size-tercile cell; binary cells additionally stratified by minority-class-fraction tercile
continuous,thorsson,BRCA,Eosinophils,1039,,,C,large,not applicable,,b35d5cec89707c05f4fe8595ae40420a2d277d3fefd70ce03fcede39ce85e0cc,FALSE,titan-representative-benchmark-v1,FALSE,one lowest salted SHA-256 endpoint per non-empty outcome-family and sample-size-tercile cell; binary cells additionally stratified by minority-class-fraction tercile
continuous,thorsson,BRCA,Th2 Cells,1039,,,C,large,not applicable,,b392bdd1a22ee56d4d422e6f628c7f82eba02d99e88d9215e4f37d5fd9e891a9,FALSE,titan-representative-benchmark-v1,FALSE,one lowest salted SHA-256 endpoint per non-empty outcome-family and sample-size-tercile cell; binary cells additionally stratified by minority-class-fraction tercile
continuous,thorsson,LUAD,BCR Richness,429,,,C,large,not applicable,,b3c836325e6b68ce918b7ebdc53f5559806ab96a3d7c5a139e8867836bf8185e,FALSE,titan-representative-benchmark-v1,FALSE,one lowest salted SHA-256 endpoint per non-empty outcome-family and sample-size-tercile cell; binary cells additionally stratified by minority-class-fraction tercile
continuous,thorsson,BLCA,NK Cells Resting,373,,,C,large,not applicable,,b40bb3f6e0ea84557444c67bd3126667b42c3d243a3c9e6b8d9be9db53862021,FALSE,titan-representative-benchmark-v1,FALSE,one lowest salted SHA-256 endpoint per non-empty outcome-family and sample-size-tercile cell; binary cells additionally stratified by minority-class-fraction tercile
continuous,thorsson,BRCA,T Cells CD4 Naive,1039,,,C,large,not applicable,,b4bfea7b2f58e25a67a71933f5ce997945bba5c2e2a9141788ada4bfef754dbb,FALSE,titan-representative-benchmark-v1,FALSE,one lowest salted SHA-256 endpoint per non-empty outcome-family and sample-size-tercile cell; binary cells additionally stratified by minority-class-fraction tercile
continuous,thorsson,LGG,Wound Healing,488,,,B,large,not applicable,,b4cd6c82345241586c8b5ea384b9b4bea4c3756ddc7a17654c7360fa6dac3240,FALSE,titan-representative-benchmark-v1,FALSE,one lowest salted SHA-256 endpoint per non-empty outcome-family and sample-size-tercile cell; binary cells additionally stratified by minority-class-fraction tercile
continuous,thorsson,THCA,Th17 Cells,498,,,C,large,not applicable,,b5f34737f700c4dff4afddeb251806e86d2796308641b2036361fa2b96149190,FALSE,titan-representative-benchmark-v1,FALSE,one lowest salted SHA-256 endpoint per non-empty outcome-family and sample-size-tercile cell; binary cells additionally stratified by minority-class-fraction tercile
continuous,thorsson,LUSC,TCR Richness,462,,,C,large,not applicable,,b7729cedfe1a8f3c9ab3ea0a371050d05248fd062bbdfc72eefe9001d2f4d282,FALSE,titan-representative-benchmark-v1,FALSE,one lowest salted SHA-256 endpoint per non-empty outcome-family and sample-size-tercile cell; binary cells additionally stratified by minority-class-fraction tercile
continuous,thorsson,LUAD,NK Cells Resting,410,,,C,large,not applicable,,b7c23b101e1a9138728df9a4712b883b38b91cd16d7f849233e3ecbd167cf0de,FALSE,titan-representative-benchmark-v1,FALSE,one lowest salted SHA-256 endpoint per non-empty outcome-family and sample-size-tercile cell; binary cells additionally stratified by minority-class-fraction tercile
continuous,thorsson,PRAD,Silent Mutation Rate,399,,,C,large,not applicable,,b7ca1b7990acc45ce7747d73217d1039f04a9a5c332f313120c2955de53228c7,FALSE,titan-representative-benchmark-v1,FALSE,one lowest salted SHA-256 endpoint per non-empty outcome-family and sample-size-tercile cell; binary cells additionally stratified by minority-class-fraction tercile
continuous,thorsson,HNSC,IFN-gamma Response,437,,,B,large,not applicable,,b7dbcf0df2d1d45b7e60dd5747a5e5f2f7251537e8659ed51614bf32763c5d8e,FALSE,titan-representative-benchmark-v1,FALSE,one lowest salted SHA-256 endpoint per non-empty outcome-family and sample-size-tercile cell; binary cells additionally stratified by minority-class-fraction tercile
continuous,thorsson,STAD,Fraction Altered,371,,,B,large,not applicable,,b7e39b400874b03a7541b9fc169e8d691ff83a9ad8e24f3b4b2c83cc4ce50bf1,FALSE,titan-representative-benchmark-v1,FALSE,one lowest salted SHA-256 endpoint per non-empty outcome-family and sample-size-tercile cell; binary cells additionally stratified by minority-class-fraction tercile
continuous,thorsson,THCA,NK Cells Resting,498,,,C,large,not applicable,,b7e5025fc9ac0829aa6ba13800f24a13b9b340bb6973c87302fc99dafada1319,FALSE,titan-representative-benchmark-v1,FALSE,one lowest salted SHA-256 endpoint per non-empty outcome-family and sample-size-tercile cell; binary cells additionally stratified by minority-class-fraction tercile
continuous,thorsson,LUSC,T Cells CD4 Naive,462,,,C,large,not applicable,,b80a6e041e761b2007acacdef675f94e2f89c39c05b7a45f4e4d00efecdbf3bf,FALSE,titan-representative-benchmark-v1,FALSE,one lowest salted SHA-256 endpoint per non-empty outcome-family and sample-size-tercile cell; binary cells additionally stratified by minority-class-fraction tercile
continuous,thorsson,BRCA,T Cells gamma delta,1039,,,C,large,not applicable,,b935943f07ab2aff0d3151bce21655bfd70cbecbb5f9ec80ca292201da79183a,FALSE,titan-representative-benchmark-v1,FALSE,one lowest salted SHA-256 endpoint per non-empty outcome-family and sample-size-tercile cell; binary cells additionally stratified by minority-class-fraction tercile
continuous,thorsson,UCEC,Th17 Cells,489,,,C,large,not applicable,,b9717bf1862c9164ae856afe11f369b95510c57fbc975bb6623e15463148ab7e,FALSE,titan-representative-benchmark-v1,FALSE,one lowest salted SHA-256 endpoint per non-empty outcome-family and sample-size-tercile cell; binary cells additionally stratified by minority-class-fraction tercile
continuous,thorsson,LUAD,Dendritic Cells Activated,410,,,C,large,not applicable,,b9e698a13db0336821a2f335c7b84f84a2f9ec7ba3b35888c8717aaccbf2e8dd,FALSE,titan-representative-benchmark-v1,FALSE,one lowest salted SHA-256 endpoint per non-empty outcome-family and sample-size-tercile cell; binary cells additionally stratified by minority-class-fraction tercile
continuous,thorsson,BLCA,B Cells Memory,373,,,C,large,not applicable,,ba0b2e8ca179b1441e16bb4be58ad463e6d04aa8b146db89cb642f5a26242546,FALSE,titan-representative-benchmark-v1,FALSE,one lowest salted SHA-256 endpoint per non-empty outcome-family and sample-size-tercile cell; binary cells additionally stratified by minority-class-fraction tercile
continuous,thorsson,LGG,Th17 Cells,488,,,C,large,not applicable,,ba43742674c65389da0da658dd974656715f1c9c23da09e5bdf8afa458280dcf,FALSE,titan-representative-benchmark-v1,FALSE,one lowest salted SHA-256 endpoint per non-empty outcome-family and sample-size-tercile cell; binary cells additionally stratified by minority-class-fraction tercile
continuous,thorsson,BLCA,Macrophages M1,373,,,C,large,not applicable,,bb189bb95b1e6df5e4ddae54f4c021c1d619c73488793578657b46d70be78726,FALSE,titan-representative-benchmark-v1,FALSE,one lowest salted SHA-256 endpoint per non-empty outcome-family and sample-size-tercile cell; binary cells additionally stratified by minority-class-fraction tercile
continuous,thorsson,THCA,Lymphocyte Infiltration Signature Score,498,,,A,large,not applicable,,bb202ac3d429701e20787ba600eb5dd30f75e25ae9dc2cb0d532cbdf399840ea,FALSE,titan-representative-benchmark-v1,FALSE,one lowest salted SHA-256 endpoint per non-empty outcome-family and sample-size-tercile cell; binary cells additionally stratified by minority-class-fraction tercile
continuous,thorsson,BRCA,Homologous Recombination Defects,998,,,B,large,not applicable,,bcdd886b1db12123f5c3ceab0a0ce7f64c4d757a38e646958969fbe3bda4e838,FALSE,titan-representative-benchmark-v1,FALSE,one lowest salted SHA-256 endpoint per non-empty outcome-family and sample-size-tercile cell; binary cells additionally stratified by minority-class-fraction tercile
continuous,thorsson,BLCA,SNV Neoantigens,379,,,C,large,not applicable,,bdbbd3eb6c580834a5b83cf8bdafbf7f5a9c96d7c9f26988526c1eab6ca4db2f,FALSE,titan-representative-benchmark-v1,FALSE,one lowest salted SHA-256 endpoint per non-empty outcome-family and sample-size-tercile cell; binary cells additionally stratified by minority-class-fraction tercile
continuous,thorsson,UCEC,Th1 Cells,489,,,C,large,not applicable,,be984c4a633506f8c564ec05f961ee152c25ead0d875c0babf30c7b6f8979076,FALSE,titan-representative-benchmark-v1,FALSE,one lowest salted SHA-256 endpoint per non-empty outcome-family and sample-size-tercile cell; binary cells additionally stratified by minority-class-fraction tercile
continuous,thorsson,BRCA,NK Cells Resting,1039,,,C,large,not applicable,,bf0ca64858c6c5fe121e1aa12b7a68e034e13dd28aa9d98f141e17ed80cae257,FALSE,titan-representative-benchmark-v1,FALSE,one lowest salted SHA-256 endpoint per non-empty outcome-family and sample-size-tercile cell; binary cells additionally stratified by minority-class-fraction tercile
continuous,thorsson,BRCA,T Cells CD4 Memory Resting,1039,,,C,large,not applicable,,bf44eab6ee0eafd850c170b30ebc1ad154c06cfe6a74e874f770b922c4f4de31,FALSE,titan-representative-benchmark-v1,FALSE,one lowest salted SHA-256 endpoint per non-empty outcome-family and sample-size-tercile cell; binary cells additionally stratified by minority-class-fraction tercile
continuous,thorsson,BLCA,Neutrophils,373,,,C,large,not applicable,,c07d67e2fff1ddbb4b5566f2586336646839c48bf32bfc6c9fd325052b806066,FALSE,titan-representative-benchmark-v1,FALSE,one lowest salted SHA-256 endpoint per non-empty outcome-family and sample-size-tercile cell; binary cells additionally stratified by minority-class-fraction tercile
continuous,thorsson,LUAD,T Cells Regulatory Tregs,410,,,C,large,not applicable,,c0b5c870c872d40e7497efa3c740a8b3bbb3e19ef7684c521654fbb63f5e61a7,FALSE,titan-representative-benchmark-v1,FALSE,one lowest salted SHA-256 endpoint per non-empty outcome-family and sample-size-tercile cell; binary cells additionally stratified by minority-class-fraction tercile
continuous,thorsson,KIRC,Proliferation,492,,,B,large,not applicable,,c1bc8439c55f7b19aacc8345ca489be56af66c52d71111a69af0682617645d7a,FALSE,titan-representative-benchmark-v1,FALSE,one lowest salted SHA-256 endpoint per non-empty outcome-family and sample-size-tercile cell; binary cells additionally stratified by minority-class-fraction tercile
continuous,thorsson,COAD,Proliferation,417,,,C,large,not applicable,,c26d89a3368c0c6a50710b370599c6b6b5aede843ed0e29779071c63ec6f780a,FALSE,titan-representative-benchmark-v1,FALSE,one lowest salted SHA-256 endpoint per non-empty outcome-family and sample-size-tercile cell; binary cells additionally stratified by minority-class-fraction tercile
continuous,thorsson,THCA,Macrophages M1,498,,,B,large,not applicable,,c274a3009514b0ecf68f86990547c93005133178fd227edd52109ab1e674f9a6,FALSE,titan-representative-benchmark-v1,FALSE,one lowest salted SHA-256 endpoint per non-empty outcome-family and sample-size-tercile cell; binary cells additionally stratified by minority-class-fraction tercile
continuous,thorsson,BLCA,T Cells Follicular Helper,373,,,C,large,not applicable,,c3877bd8f3218f1bf32f1ed6e138cffd0051c9eedb0622071dcbd777598fb0fe,FALSE,titan-representative-benchmark-v1,FALSE,one lowest salted SHA-256 endpoint per non-empty outcome-family and sample-size-tercile cell; binary cells additionally stratified by minority-class-fraction tercile
continuous,thorsson,LGG,Stromal Fraction,475,,,C,large,not applicable,,c3ced3f984f84df3fc6aa0accca3bb136aabea7d9d8ce099537e55107a6e23a7,FALSE,titan-representative-benchmark-v1,FALSE,one lowest salted SHA-256 endpoint per non-empty outcome-family and sample-size-tercile cell; binary cells additionally stratified by minority-class-fraction tercile
continuous,thorsson,BLCA,Aneuploidy Score,377,,,C,large,not applicable,,c40c1f789ec310d098ac9deb8c1daf2b1c7eb72cd6922b9a94c6a25b495a07ff,FALSE,titan-representative-benchmark-v1,FALSE,one lowest salted SHA-256 endpoint per non-empty outcome-family and sample-size-tercile cell; binary cells additionally stratified by minority-class-fraction tercile
continuous,thorsson,THCA,TCR Richness,498,,,B,large,not applicable,,c4cf92f9ea1b3f4a7e3d14d91ad31dc16e94c9e819d3920870e90d09d115b024,FALSE,titan-representative-benchmark-v1,FALSE,one lowest salted SHA-256 endpoint per non-empty outcome-family and sample-size-tercile cell; binary cells additionally stratified by minority-class-fraction tercile
continuous,thorsson,LUAD,B Cells Naive,410,,,C,large,not applicable,,c5409247c278a574d05f25b9935676c66fdbffdfc92ac84f21de8d989931c9aa,FALSE,titan-representative-benchmark-v1,FALSE,one lowest salted SHA-256 endpoint per non-empty outcome-family and sample-size-tercile cell; binary cells additionally stratified by minority-class-fraction tercile
continuous,thorsson,LGG,T Cells CD4 Memory Resting,488,,,C,large,not applicable,,c58b0ee872bf459c9f77c415135d25aed5ea97d84e90c4f7f68924b15fcb925e,FALSE,titan-representative-benchmark-v1,FALSE,one lowest salted SHA-256 endpoint per non-empty outcome-family and sample-size-tercile cell; binary cells additionally stratified by minority-class-fraction tercile
continuous,thorsson,LUSC,Stromal Fraction,446,,,B,large,not applicable,,c5f0d31b0951ff7c8f8944ec1488466c742dff438af695f8a28931846e759699,FALSE,titan-representative-benchmark-v1,FALSE,one lowest salted SHA-256 endpoint per non-empty outcome-family and sample-size-tercile cell; binary cells additionally stratified by minority-class-fraction tercile
continuous,thorsson,LGG,Fraction Altered,485,,,C,large,not applicable,,c6a170af201f8d8acea1dbc2364b2aef84182fed94e3db6c5c90ff74732a13c9,FALSE,titan-representative-benchmark-v1,FALSE,one lowest salted SHA-256 endpoint per non-empty outcome-family and sample-size-tercile cell; binary cells additionally stratified by minority-class-fraction tercile
continuous,thorsson,LUSC,Nonsilent Mutation Rate,449,,,C,large,not applicable,,c711a35a0574ca8837f3d98613d6d6f37591843d295ab0f30ba172458407aa87,FALSE,titan-representative-benchmark-v1,FALSE,one lowest salted SHA-256 endpoint per non-empty outcome-family and sample-size-tercile cell; binary cells additionally stratified by minority-class-fraction tercile
continuous,thorsson,KIRC,Th2 Cells,492,,,C,large,not applicable,,c8be531bd98c05e120e4a60f39b66408442c6bce972b0ffff225dcf66e436823,FALSE,titan-representative-benchmark-v1,FALSE,one lowest salted SHA-256 endpoint per non-empty outcome-family and sample-size-tercile cell; binary cells additionally stratified by minority-class-fraction tercile
continuous,thorsson,LUSC,Th17 Cells,462,,,C,large,not applicable,,c92bbf61407e936d8f1550e62a740c499868da2b4d80c95fd2b48ef0b17661a6,FALSE,titan-representative-benchmark-v1,FALSE,one lowest salted SHA-256 endpoint per non-empty outcome-family and sample-size-tercile cell; binary cells additionally stratified by minority-class-fraction tercile
continuous,thorsson,BLCA,Number of Segments,382,,,C,large,not applicable,,c9643f18cdd804f34e0941f68d45a4989ee1e6a81b01a54f826b3ca34627e54c,FALSE,titan-representative-benchmark-v1,FALSE,one lowest salted SHA-256 endpoint per non-empty outcome-family and sample-size-tercile cell; binary cells additionally stratified by minority-class-fraction tercile
continuous,thorsson,THCA,T Cells Follicular Helper,498,,,C,large,not applicable,,c96ca8cfea5ca17e3f71c87913ecc3523409577d1f03ddcb4b95e9bb292ef369,FALSE,titan-representative-benchmark-v1,FALSE,one lowest salted SHA-256 endpoint per non-empty outcome-family and sample-size-tercile cell; binary cells additionally stratified by minority-class-fraction tercile
continuous,thorsson,LUAD,Indel Neoantigens,415,,,C,large,not applicable,,c984d8e8cc5c65aec55734df1766cb82ec9785b1b4061e36047144ee86663b53,FALSE,titan-representative-benchmark-v1,FALSE,one lowest salted SHA-256 endpoint per non-empty outcome-family and sample-size-tercile cell; binary cells additionally stratified by minority-class-fraction tercile
continuous,thorsson,LUAD,Eosinophils,410,,,C,large,not applicable,,c9c74a02488ac42cfacdbd8f977f06022b4a913e4209f53e9ccde5b9648c223b,FALSE,titan-representative-benchmark-v1,FALSE,one lowest salted SHA-256 endpoint per non-empty outcome-family and sample-size-tercile cell; binary cells additionally stratified by minority-class-fraction tercile
continuous,thorsson,HNSC,NK Cells Resting,437,,,C,large,not applicable,,ca027914afa5954a117a382d4cd0d0c2f487c6bdc6424ca050661ddd0d77a530,FALSE,titan-representative-benchmark-v1,FALSE,one lowest salted SHA-256 endpoint per non-empty outcome-family and sample-size-tercile cell; binary cells additionally stratified by minority-class-fraction tercile
continuous,thorsson,KIRC,TGF-beta Response,492,,,B,large,not applicable,,ca9a0243f10efd65fa91757678044b13ded72595da1a5149a98138c4decd832f,FALSE,titan-representative-benchmark-v1,FALSE,one lowest salted SHA-256 endpoint per non-empty outcome-family and sample-size-tercile cell; binary cells additionally stratified by minority-class-fraction tercile
continuous,thorsson,LUAD,T Cells CD4 Naive,410,,,C,large,not applicable,,cb1aebba7c489a5c05674d36640368da5735a95d0c296ef228efa6656ed92fbc,FALSE,titan-representative-benchmark-v1,FALSE,one lowest salted SHA-256 endpoint per non-empty outcome-family and sample-size-tercile cell; binary cells additionally stratified by minority-class-fraction tercile
continuous,thorsson,KIRC,Th17 Cells,492,,,C,large,not applicable,,cb32395d3b3759a0741b857886d66f60acd32b86fc7327b062717680fa9f6db8,FALSE,titan-representative-benchmark-v1,FALSE,one lowest salted SHA-256 endpoint per non-empty outcome-family and sample-size-tercile cell; binary cells additionally stratified by minority-class-fraction tercile
continuous,thorsson,HNSC,Mast Cells Activated,437,,,C,large,not applicable,,ccb2c3bd90c4237f191516d7f6b9bd19cc0d61086fcd0988174b6111510e8824,FALSE,titan-representative-benchmark-v1,FALSE,one lowest salted SHA-256 endpoint per non-empty outcome-family and sample-size-tercile cell; binary cells additionally stratified by minority-class-fraction tercile
continuous,thorsson,LUSC,Leukocyte Fraction,464,,,B,large,not applicable,,cccc46730328850cb23a122819b2a1ed4c78fce16ea9ad7b2541bb3f331ac7f1,FALSE,titan-representative-benchmark-v1,FALSE,one lowest salted SHA-256 endpoint per non-empty outcome-family and sample-size-tercile cell; binary cells additionally stratified by minority-class-fraction tercile
continuous,thorsson,BRCA,Lymphocyte Infiltration Signature Score,1039,,,A,large,not applicable,,cda79ac3627e71fa374a63efb0b6428556d29effef75e4a26e688192ac7ff337,FALSE,titan-representative-benchmark-v1,FALSE,one lowest salted SHA-256 endpoint per non-empty outcome-family and sample-size-tercile cell; binary cells additionally stratified by minority-class-fraction tercile
continuous,thorsson,HNSC,T Cells gamma delta,437,,,C,large,not applicable,,cdd711f02040431730002221ee204ba2e545c766faafeb66a227f80167cc856e,FALSE,titan-representative-benchmark-v1,FALSE,one lowest salted SHA-256 endpoint per non-empty outcome-family and sample-size-tercile cell; binary cells additionally stratified by minority-class-fraction tercile
continuous,thorsson,UCEC,T Cells CD4 Naive,489,,,C,large,not applicable,,ce16abf99661ebcbdea92a524eb3e6b7c65c551d8f636c24a7e376543d8baa05,FALSE,titan-representative-benchmark-v1,FALSE,one lowest salted SHA-256 endpoint per non-empty outcome-family and sample-size-tercile cell; binary cells additionally stratified by minority-class-fraction tercile
continuous,thorsson,LGG,Macrophages M2,488,,,C,large,not applicable,,cff4ab076d4040e82c2975f1ed829ffbc0869c1a17318226311431693251dc3e,FALSE,titan-representative-benchmark-v1,FALSE,one lowest salted SHA-256 endpoint per non-empty outcome-family and sample-size-tercile cell; binary cells additionally stratified by minority-class-fraction tercile
continuous,thorsson,LUAD,Lymphocyte Infiltration Signature Score,410,,,B,large,not applicable,,cff674b5b03164ff3dfd1d5098ac1013a653974801a85b6eb2e26fe68301abf6,FALSE,titan-representative-benchmark-v1,FALSE,one lowest salted SHA-256 endpoint per non-empty outcome-family and sample-size-tercile cell; binary cells additionally stratified by minority-class-fraction tercile
continuous,thorsson,HNSC,Lymphocyte Infiltration Signature Score,437,,,B,large,not applicable,,d014dd48f7754c3d217d14b76d9cf6a3c560c498a3792efb4f6d63a58c63877a,FALSE,titan-representative-benchmark-v1,FALSE,one lowest salted SHA-256 endpoint per non-empty outcome-family and sample-size-tercile cell; binary cells additionally stratified by minority-class-fraction tercile
continuous,thorsson,LUAD,T Cells CD4 Memory Resting,410,,,C,large,not applicable,,d02a857b0b1377e2e07b7aae882f2610226a0434eee04d0fc5d866d2c4a5e371,FALSE,titan-representative-benchmark-v1,FALSE,one lowest salted SHA-256 endpoint per non-empty outcome-family and sample-size-tercile cell; binary cells additionally stratified by minority-class-fraction tercile
continuous,thorsson,COAD,Macrophages M2,417,,,C,large,not applicable,,d03a8002f708dd31fe4eec1990348014d1707fab3901322b884fd5236d3580a4,FALSE,titan-representative-benchmark-v1,FALSE,one lowest salted SHA-256 endpoint per non-empty outcome-family and sample-size-tercile cell; binary cells additionally stratified by minority-class-fraction tercile
continuous,thorsson,LUSC,Macrophages M2,462,,,C,large,not applicable,,d13c64e624af8c85603f2015a357dcea8f4e99fb918f26977809d08467f4ab89,FALSE,titan-representative-benchmark-v1,FALSE,one lowest salted SHA-256 endpoint per non-empty outcome-family and sample-size-tercile cell; binary cells additionally stratified by minority-class-fraction tercile
continuous,thorsson,HNSC,Monocytes,437,,,C,large,not applicable,,d196ecd425462b6bacf30550e50407d6cd0b90cf86905fece3b1a2b4575e3e1e,FALSE,titan-representative-benchmark-v1,FALSE,one lowest salted SHA-256 endpoint per non-empty outcome-family and sample-size-tercile cell; binary cells additionally stratified by minority-class-fraction tercile
continuous,thorsson,BLCA,Th2 Cells,373,,,B,large,not applicable,,d1c870bb6aab259930a16ef2db399a6eab1438f69478fe6065d982f5fc23590b,FALSE,titan-representative-benchmark-v1,FALSE,one lowest salted SHA-256 endpoint per non-empty outcome-family and sample-size-tercile cell; binary cells additionally stratified by minority-class-fraction tercile
continuous,thorsson,COAD,T Cells CD4 Naive,417,,,C,large,not applicable,,d1f1293253f12df270a94a0b648b546b59b11aaa552b3117a249d42fec2b707d,FALSE,titan-representative-benchmark-v1,FALSE,one lowest salted SHA-256 endpoint per non-empty outcome-family and sample-size-tercile cell; binary cells additionally stratified by minority-class-fraction tercile
continuous,thorsson,LUAD,TCR Richness,409,,,C,large,not applicable,,d28d58a8ecf1ece882ef983d55d82ec3aafa433d861de6495b130fe3f48150cf,FALSE,titan-representative-benchmark-v1,FALSE,one lowest salted SHA-256 endpoint per non-empty outcome-family and sample-size-tercile cell; binary cells additionally stratified by minority-class-fraction tercile
continuous,thorsson,UCEC,Th2 Cells,489,,,B,large,not applicable,,d31e1f6873c044b043ffcc1f8c034ed06734a2a365cabde54c3d896624ee9432,FALSE,titan-representative-benchmark-v1,FALSE,one lowest salted SHA-256 endpoint per non-empty outcome-family and sample-size-tercile cell; binary cells additionally stratified by minority-class-fraction tercile
continuous,thorsson,BRCA,BCR Richness,757,,,C,large,not applicable,,d33be023036ea898ad95c2ae7e5a91d6e856997c92204fede1b9a14884515f0a,FALSE,titan-representative-benchmark-v1,FALSE,one lowest salted SHA-256 endpoint per non-empty outcome-family and sample-size-tercile cell; binary cells additionally stratified by minority-class-fraction tercile
continuous,thorsson,LUSC,Silent Mutation Rate,449,,,C,large,not applicable,,d384a96ce8cf2e653f60c1d6dd895582d141d9ec1f0feddb0f5fdc55f377a436,FALSE,titan-representative-benchmark-v1,FALSE,one lowest salted SHA-256 endpoint per non-empty outcome-family and sample-size-tercile cell; binary cells additionally stratified by minority-class-fraction tercile
continuous,thorsson,KIRC,Macrophages M0,492,,,C,large,not applicable,,d3ddce72e7c7b8b09ce5a32eb27aa1c0762bca2f8dac942edb984c1004c3ee70,FALSE,titan-representative-benchmark-v1,FALSE,one lowest salted SHA-256 endpoint per non-empty outcome-family and sample-size-tercile cell; binary cells additionally stratified by minority-class-fraction tercile
continuous,thorsson,LUSC,Number of Segments,462,,,C,large,not applicable,,d425289f7444764d69b2a0c95238662effb3e7acba01d71673f98e640327bfdd,FALSE,titan-representative-benchmark-v1,FALSE,one lowest salted SHA-256 endpoint per non-empty outcome-family and sample-size-tercile cell; binary cells additionally stratified by minority-class-fraction tercile
continuous,thorsson,HNSC,Macrophages M2,437,,,C,large,not applicable,,d44debde1fd39595c7f961bde78d5b6c7d75693053de70c70a542416ed7b6d32,FALSE,titan-representative-benchmark-v1,FALSE,one lowest salted SHA-256 endpoint per non-empty outcome-family and sample-size-tercile cell; binary cells additionally stratified by minority-class-fraction tercile
continuous,thorsson,LUAD,CTA Score,398,,,C,large,not applicable,,d4ccdb2cce93c025465203c11eb54b8a860759b4c387aed20f5fe1100354fe78,FALSE,titan-representative-benchmark-v1,FALSE,one lowest salted SHA-256 endpoint per non-empty outcome-family and sample-size-tercile cell; binary cells additionally stratified by minority-class-fraction tercile
continuous,thorsson,HNSC,Stromal Fraction,419,,,B,large,not applicable,,d4d88eb34939447fe429120770e745b1d6ff21365b84f1de7a07e65a4a1b89e6,FALSE,titan-representative-benchmark-v1,FALSE,one lowest salted SHA-256 endpoint per non-empty outcome-family and sample-size-tercile cell; binary cells additionally stratified by minority-class-fraction tercile
continuous,thorsson,THCA,Aneuploidy Score,462,,,C,large,not applicable,,d5519c3a11ac646accb1075187d807bc493128d486b65f5903be8acc6e79cf18,FALSE,titan-representative-benchmark-v1,FALSE,one lowest salted SHA-256 endpoint per non-empty outcome-family and sample-size-tercile cell; binary cells additionally stratified by minority-class-fraction tercile
continuous,thorsson,LUSC,Monocytes,462,,,C,large,not applicable,,d55e605cb0a3fd7b147a55bcd93e6db7032f63e1f3bac76e79bd19d7fcb25902,FALSE,titan-representative-benchmark-v1,FALSE,one lowest salted SHA-256 endpoint per non-empty outcome-family and sample-size-tercile cell; binary cells additionally stratified by minority-class-fraction tercile
continuous,thorsson,LUSC,Macrophage Regulation,462,,,C,large,not applicable,,d623a6b99fcbc29dccc20d21ea2f0ee3442abda61573a81ded3dfd435f9b4beb,FALSE,titan-representative-benchmark-v1,FALSE,one lowest salted SHA-256 endpoint per non-empty outcome-family and sample-size-tercile cell; binary cells additionally stratified by minority-class-fraction tercile
continuous,thorsson,UCEC,Macrophages M0,489,,,C,large,not applicable,,d8447750772a81854823924efb79c8c86f779e3613397c2e3145c5e4793d8ceb,FALSE,titan-representative-benchmark-v1,FALSE,one lowest salted SHA-256 endpoint per non-empty outcome-family and sample-size-tercile cell; binary cells additionally stratified by minority-class-fraction tercile
continuous,thorsson,COAD,T Cells Regulatory Tregs,417,,,C,large,not applicable,,dabbd52a9438f50b8d52cd9895493309ea90d3a5652b46ea4ef0c2328c9a3883,FALSE,titan-representative-benchmark-v1,FALSE,one lowest salted SHA-256 endpoint per non-empty outcome-family and sample-size-tercile cell; binary cells additionally stratified by minority-class-fraction tercile
continuous,thorsson,KIRC,Plasma Cells,492,,,C,large,not applicable,,db74b174078398e8eb004d427969550891074f94464dd8248ae7221f6a215df7,FALSE,titan-representative-benchmark-v1,FALSE,one lowest salted SHA-256 endpoint per non-empty outcome-family and sample-size-tercile cell; binary cells additionally stratified by minority-class-fraction tercile
continuous,thorsson,UCEC,T Cells Regulatory Tregs,489,,,C,large,not applicable,,dc07cc18e6b3ffaddf4fd75ab6d9b474d5d6ebf0a9d2640f43e6aa06c19a4c15,FALSE,titan-representative-benchmark-v1,FALSE,one lowest salted SHA-256 endpoint per non-empty outcome-family and sample-size-tercile cell; binary cells additionally stratified by minority-class-fraction tercile
continuous,thorsson,UCEC,TGF-beta Response,489,,,C,large,not applicable,,dc4befe3627dfcdaa233723f28d38953974e76ff56af6abb634067acb374d614,FALSE,titan-representative-benchmark-v1,FALSE,one lowest salted SHA-256 endpoint per non-empty outcome-family and sample-size-tercile cell; binary cells additionally stratified by minority-class-fraction tercile
continuous,thorsson,LUSC,NK Cells Resting,462,,,C,large,not applicable,,dc6544853d5579b2581bdcd8c774855714dd96f3d6c617f654fa2caf41f06d59,FALSE,titan-representative-benchmark-v1,FALSE,one lowest salted SHA-256 endpoint per non-empty outcome-family and sample-size-tercile cell; binary cells additionally stratified by minority-class-fraction tercile
continuous,thorsson,LUAD,TGF-beta Response,410,,,B,large,not applicable,,dc9aa52e359caec046a9c64626d3527df05fc040c4b098dce14495dc4d092281,FALSE,titan-representative-benchmark-v1,FALSE,one lowest salted SHA-256 endpoint per non-empty outcome-family and sample-size-tercile cell; binary cells additionally stratified by minority-class-fraction tercile
continuous,thorsson,BLCA,NK Cells Activated,373,,,C,large,not applicable,,dcecc943431d58ce1690573696a2f4bbf1cf2366b3e05c4f9b736d57bbefbd07,FALSE,titan-representative-benchmark-v1,FALSE,one lowest salted SHA-256 endpoint per non-empty outcome-family and sample-size-tercile cell; binary cells additionally stratified by minority-class-fraction tercile
continuous,thorsson,COAD,IFN-gamma Response,417,,,C,large,not applicable,,dd25e368cfe890e604a11dd450f5775e2f922d5a59df0e8a6cb56b5a94a6cf9f,FALSE,titan-representative-benchmark-v1,FALSE,one lowest salted SHA-256 endpoint per non-empty outcome-family and sample-size-tercile cell; binary cells additionally stratified by minority-class-fraction tercile
continuous,thorsson,LUSC,T Cells CD8,462,,,B,large,not applicable,,ddb23e9c62d5e2c2553bd8d31f6426f7708026fc97a2a25564fec496aa7c5918,FALSE,titan-representative-benchmark-v1,FALSE,one lowest salted SHA-256 endpoint per non-empty outcome-family and sample-size-tercile cell; binary cells additionally stratified by minority-class-fraction tercile
continuous,thorsson,LUAD,Aneuploidy Score,449,,,C,large,not applicable,,dde2a45f927fe29e8623eb5c73213bb46c9b69e9f7c2a5b94564108b172230b7,FALSE,titan-representative-benchmark-v1,FALSE,one lowest salted SHA-256 endpoint per non-empty outcome-family and sample-size-tercile cell; binary cells additionally stratified by minority-class-fraction tercile
continuous,thorsson,BRCA,BCR Evenness,664,,,C,large,not applicable,,de32df9dc71c87c018a41a1bee72c2e1214b543c13cbbd0143ffec521f8a198c,FALSE,titan-representative-benchmark-v1,FALSE,one lowest salted SHA-256 endpoint per non-empty outcome-family and sample-size-tercile cell; binary cells additionally stratified by minority-class-fraction tercile
continuous,thorsson,LUSC,TGF-beta Response,462,,,C,large,not applicable,,df5ad097061b1f46dc89692f1b0605c9cc3293fcb70809e6a7399be61b363f54,FALSE,titan-representative-benchmark-v1,FALSE,one lowest salted SHA-256 endpoint per non-empty outcome-family and sample-size-tercile cell; binary cells additionally stratified by minority-class-fraction tercile
continuous,thorsson,BRCA,Macrophages M0,1039,,,C,large,not applicable,,df8f32b5490278530e8f677f6e23ed53f77885c6766ae80e24faef8284b94ce2,FALSE,titan-representative-benchmark-v1,FALSE,one lowest salted SHA-256 endpoint per non-empty outcome-family and sample-size-tercile cell; binary cells additionally stratified by minority-class-fraction tercile
continuous,thorsson,THCA,Macrophages M2,498,,,C,large,not applicable,,e08035dfc53db9925723143eb40608d9f1e3382b7829817055a9bca8656d2e2d,FALSE,titan-representative-benchmark-v1,FALSE,one lowest salted SHA-256 endpoint per non-empty outcome-family and sample-size-tercile cell; binary cells additionally stratified by minority-class-fraction tercile
continuous,thorsson,LGG,Mast Cells Activated,488,,,C,large,not applicable,,e1d79467e081927420548d835eed496227af568ced5a7675ed7be87c17d736fb,FALSE,titan-representative-benchmark-v1,FALSE,one lowest salted SHA-256 endpoint per non-empty outcome-family and sample-size-tercile cell; binary cells additionally stratified by minority-class-fraction tercile
continuous,thorsson,HNSC,SNV Neoantigens,409,,,C,large,not applicable,,e1f0784eef5262a7e85323c9e866da774a4194f0de765fd45909d9813692984a,FALSE,titan-representative-benchmark-v1,FALSE,one lowest salted SHA-256 endpoint per non-empty outcome-family and sample-size-tercile cell; binary cells additionally stratified by minority-class-fraction tercile
continuous,thorsson,LGG,NK Cells Activated,488,,,C,large,not applicable,,e285221c6c65ce44380bff468b2e22e4843e5a621a4a24bf6cd4ad8bd2189362,FALSE,titan-representative-benchmark-v1,FALSE,one lowest salted SHA-256 endpoint per non-empty outcome-family and sample-size-tercile cell; binary cells additionally stratified by minority-class-fraction tercile
continuous,thorsson,LGG,Leukocyte Fraction,488,,,B,large,not applicable,,e2a457c731ff9522eb7ab147ffe50280c3669ee85e5c5460470e21745a16c90d,FALSE,titan-representative-benchmark-v1,FALSE,one lowest salted SHA-256 endpoint per non-empty outcome-family and sample-size-tercile cell; binary cells additionally stratified by minority-class-fraction tercile
continuous,thorsson,BLCA,T Cells CD4 Memory Resting,373,,,C,large,not applicable,,e3a0cd61d90e4a7db51f9e99be7ff611548264c9dde6fb3cacb8a5731264caf9,FALSE,titan-representative-benchmark-v1,FALSE,one lowest salted SHA-256 endpoint per non-empty outcome-family and sample-size-tercile cell; binary cells additionally stratified by minority-class-fraction tercile
continuous,thorsson,BRCA,TCR Richness,1039,,,C,large,not applicable,,e3d149be84fa6e4e6a43361d00cedc59dd891874951c7898ece8fb72fbde4344,FALSE,titan-representative-benchmark-v1,FALSE,one lowest salted SHA-256 endpoint per non-empty outcome-family and sample-size-tercile cell; binary cells additionally stratified by minority-class-fraction tercile
continuous,thorsson,LGG,Silent Mutation Rate,488,,,C,large,not applicable,,e3e363575c277693a33107ac49d11fae352d10c9ea3c1b0c13ac9cc4412b516e,FALSE,titan-representative-benchmark-v1,FALSE,one lowest salted SHA-256 endpoint per non-empty outcome-family and sample-size-tercile cell; binary cells additionally stratified by minority-class-fraction tercile
continuous,thorsson,LUAD,Th1 Cells,410,,,C,large,not applicable,,e4157637f72b7dce92946f9add06caaaaec4a2012ac32225f0cac61352465934,FALSE,titan-representative-benchmark-v1,FALSE,one lowest salted SHA-256 endpoint per non-empty outcome-family and sample-size-tercile cell; binary cells additionally stratified by minority-class-fraction tercile
continuous,thorsson,THCA,TCR Evenness,412,,,C,large,not applicable,,e4abf5be97fce84076dfc3a776e5428d547b4f7d476835dd6295b1c5c3911743,FALSE,titan-representative-benchmark-v1,FALSE,one lowest salted SHA-256 endpoint per non-empty outcome-family and sample-size-tercile cell; binary cells additionally stratified by minority-class-fraction tercile
continuous,thorsson,BRCA,Number of Segments,1025,,,B,large,not applicable,,e4f8f49819428caa73afb23c6cd1c41d13c17055c4e505315734fe9db5f50794,FALSE,titan-representative-benchmark-v1,FALSE,one lowest salted SHA-256 endpoint per non-empty outcome-family and sample-size-tercile cell; binary cells additionally stratified by minority-class-fraction tercile
continuous,thorsson,BRCA,T Cells Regulatory Tregs,1039,,,C,large,not applicable,,e571ed7d7825733fae5f31c8ec72bb581a09d7d70ffdfc7af05f66e96a0551ca,FALSE,titan-representative-benchmark-v1,FALSE,one lowest salted SHA-256 endpoint per non-empty outcome-family and sample-size-tercile cell; binary cells additionally stratified by minority-class-fraction tercile
continuous,thorsson,KIRC,T Cells Follicular Helper,492,,,C,large,not applicable,,e5ac98848a33a74361709daea1405897140a52670f4b9f887454ce9528d20307,FALSE,titan-representative-benchmark-v1,FALSE,one lowest salted SHA-256 endpoint per non-empty outcome-family and sample-size-tercile cell; binary cells additionally stratified by minority-class-fraction tercile
continuous,thorsson,THCA,T Cells CD8,498,,,C,large,not applicable,,e5ce51bb2538e3f76a2ca14658dfdf81209b66446de12e12faaedd9db7aa9be1,FALSE,titan-representative-benchmark-v1,FALSE,one lowest salted SHA-256 endpoint per non-empty outcome-family and sample-size-tercile cell; binary cells additionally stratified by minority-class-fraction tercile
continuous,thorsson,BRCA,Nonsilent Mutation Rate,1022,,,C,large,not applicable,,e5d15222df9e6d8f3751a8356e4409584e4534a56fa624a87430ece5c9288f61,FALSE,titan-representative-benchmark-v1,FALSE,one lowest salted SHA-256 endpoint per non-empty outcome-family and sample-size-tercile cell; binary cells additionally stratified by minority-class-fraction tercile
continuous,thorsson,STAD,Silent Mutation Rate,372,,,B,large,not applicable,,e67fff389545d809b3495938192ab7370087437595180c79acd32b2ade11726c,FALSE,titan-representative-benchmark-v1,FALSE,one lowest salted SHA-256 endpoint per non-empty outcome-family and sample-size-tercile cell; binary cells additionally stratified by minority-class-fraction tercile
continuous,thorsson,LUAD,Silent Mutation Rate,460,,,C,large,not applicable,,e68919ba7cf9fa9f627fc4d83e239618bdd5f43451c60f742f4de30a91d6069a,FALSE,titan-representative-benchmark-v1,FALSE,one lowest salted SHA-256 endpoint per non-empty outcome-family and sample-size-tercile cell; binary cells additionally stratified by minority-class-fraction tercile
continuous,thorsson,BRCA,Proliferation,1039,,,A,large,not applicable,,e6f1e961ebd35639f83f011a118b2315a8e342dd573359f8cb8eeb7cdf69e760,FALSE,titan-representative-benchmark-v1,FALSE,one lowest salted SHA-256 endpoint per non-empty outcome-family and sample-size-tercile cell; binary cells additionally stratified by minority-class-fraction tercile
continuous,thorsson,KIRC,CTA Score,490,,,B,large,not applicable,,e741cd742e4c5232ad552faa4d60d6d83a332f4d95c65bc0cb671493166bcef6,FALSE,titan-representative-benchmark-v1,FALSE,one lowest salted SHA-256 endpoint per non-empty outcome-family and sample-size-tercile cell; binary cells additionally stratified by minority-class-fraction tercile
continuous,thorsson,BRCA,Monocytes,1039,,,C,large,not applicable,,e813e4725f130a800e78aaa28206c61d0b7f637a5a805c6204d509c72b047a95,FALSE,titan-representative-benchmark-v1,FALSE,one lowest salted SHA-256 endpoint per non-empty outcome-family and sample-size-tercile cell; binary cells additionally stratified by minority-class-fraction tercile
continuous,thorsson,LUSC,Dendritic Cells Resting,462,,,C,large,not applicable,,e8ea5a0339e77930a711b98cb7bfcfd0c3f19e980cc34f3d66232df073fefb55,FALSE,titan-representative-benchmark-v1,FALSE,one lowest salted SHA-256 endpoint per non-empty outcome-family and sample-size-tercile cell; binary cells additionally stratified by minority-class-fraction tercile
continuous,thorsson,COAD,Lymphocyte Infiltration Signature Score,417,,,B,large,not applicable,,e95f2803a87cce403cb990e60a70904aae1168b33c705fed6019f17cd8a754e6,FALSE,titan-representative-benchmark-v1,FALSE,one lowest salted SHA-256 endpoint per non-empty outcome-family and sample-size-tercile cell; binary cells additionally stratified by minority-class-fraction tercile
continuous,thorsson,UCEC,Lymphocyte Infiltration Signature Score,489,,,B,large,not applicable,,e9fa2cb367af6d95c91973d2518034c9ac1b720fc971835fecdeca53c2c24352,FALSE,titan-representative-benchmark-v1,FALSE,one lowest salted SHA-256 endpoint per non-empty outcome-family and sample-size-tercile cell; binary cells additionally stratified by minority-class-fraction tercile
continuous,thorsson,LGG,NK Cells Resting,488,,,C,large,not applicable,,ea0e438d69e93862c51388fafba13a9dd106755362f28f471dcbb98aa211d3ca,FALSE,titan-representative-benchmark-v1,FALSE,one lowest salted SHA-256 endpoint per non-empty outcome-family and sample-size-tercile cell; binary cells additionally stratified by minority-class-fraction tercile
continuous,thorsson,BRCA,Dendritic Cells Resting,1039,,,C,large,not applicable,,ea54bab05165e30d38bf6d249473559eedb1a671fff9833b3499bb1e0b289435,FALSE,titan-representative-benchmark-v1,FALSE,one lowest salted SHA-256 endpoint per non-empty outcome-family and sample-size-tercile cell; binary cells additionally stratified by minority-class-fraction tercile
continuous,thorsson,LUSC,Proliferation,462,,,B,large,not applicable,,eaa52d1b2a523e1641eaacbe1618eeb0aa747e8289860f9a39ddc704147920d6,FALSE,titan-representative-benchmark-v1,FALSE,one lowest salted SHA-256 endpoint per non-empty outcome-family and sample-size-tercile cell; binary cells additionally stratified by minority-class-fraction tercile
continuous,thorsson,UCEC,Monocytes,489,,,C,large,not applicable,,ebc468c113021b18399b48d9ded4245057b1c2cf5d233a4dc64940120a13a0f5,FALSE,titan-representative-benchmark-v1,FALSE,one lowest salted SHA-256 endpoint per non-empty outcome-family and sample-size-tercile cell; binary cells additionally stratified by minority-class-fraction tercile
continuous,thorsson,LUAD,BCR Evenness,418,,,C,large,not applicable,,edb1a8f1600725a8cae58df2b594a362b42aee3f902d6429cc10a9da8d8c9c2d,FALSE,titan-representative-benchmark-v1,FALSE,one lowest salted SHA-256 endpoint per non-empty outcome-family and sample-size-tercile cell; binary cells additionally stratified by minority-class-fraction tercile
continuous,thorsson,BRCA,TCR Evenness,964,,,C,large,not applicable,,edf4a9413d79921f8b22d765adf75014af907764bc2ba6f02f9855af89b34e99,FALSE,titan-representative-benchmark-v1,FALSE,one lowest salted SHA-256 endpoint per non-empty outcome-family and sample-size-tercile cell; binary cells additionally stratified by minority-class-fraction tercile
continuous,thorsson,PRAD,Intratumor Heterogeneity,380,,,C,large,not applicable,,ef9a92d108257445a4f44bfdc8dd98280a8bb5f588ce9b7176de3aed60edbfda,FALSE,titan-representative-benchmark-v1,FALSE,one lowest salted SHA-256 endpoint per non-empty outcome-family and sample-size-tercile cell; binary cells additionally stratified by minority-class-fraction tercile
continuous,thorsson,LGG,Monocytes,488,,,C,large,not applicable,,f0214c21198c91359716b93e56663cb8f860abdd07326b0d390d42e5134c3152,FALSE,titan-representative-benchmark-v1,FALSE,one lowest salted SHA-256 endpoint per non-empty outcome-family and sample-size-tercile cell; binary cells additionally stratified by minority-class-fraction tercile
continuous,thorsson,LIHC,Leukocyte Fraction,363,,,A,large,not applicable,,f10e2abf5a5b7f947dd0f205ff8f625f5fb014a3ceaeef068ec556dfc5600394,FALSE,titan-representative-benchmark-v1,FALSE,one lowest salted SHA-256 endpoint per non-empty outcome-family and sample-size-tercile cell; binary cells additionally stratified by minority-class-fraction tercile
continuous,thorsson,BLCA,T Cells CD4 Memory Activated,373,,,C,large,not applicable,,f14e008fa369f15172d8b0b75236c0afb57d15ea6add26676f495421b888bfa6,FALSE,titan-representative-benchmark-v1,FALSE,one lowest salted SHA-256 endpoint per non-empty outcome-family and sample-size-tercile cell; binary cells additionally stratified by minority-class-fraction tercile
continuous,thorsson,LUAD,TCR Shannon,408,,,B,large,not applicable,,f238c36e713e19a7c0d5fc15b8b0d485996d12605ff325c07f477f682d3f4add,FALSE,titan-representative-benchmark-v1,FALSE,one lowest salted SHA-256 endpoint per non-empty outcome-family and sample-size-tercile cell; binary cells additionally stratified by minority-class-fraction tercile
continuous,thorsson,UCEC,T Cells CD4 Memory Resting,489,,,C,large,not applicable,,f2ff23344cdaf698e241d29b3b836e651b2a208b6bc374bb4f88945fff88b18d,FALSE,titan-representative-benchmark-v1,FALSE,one lowest salted SHA-256 endpoint per non-empty outcome-family and sample-size-tercile cell; binary cells additionally stratified by minority-class-fraction tercile
continuous,thorsson,BLCA,Macrophages M2,373,,,C,large,not applicable,,f33c9f762bc1feb6c3f818733b294d85194e10a316049a1d0c7029da4da394fd,FALSE,titan-representative-benchmark-v1,FALSE,one lowest salted SHA-256 endpoint per non-empty outcome-family and sample-size-tercile cell; binary cells additionally stratified by minority-class-fraction tercile
continuous,thorsson,THCA,Nonsilent Mutation Rate,490,,,C,large,not applicable,,f3642fa95a5b2a18fcf8618361803674635f7fe887a79b82f700b06d0ffb2b30,FALSE,titan-representative-benchmark-v1,FALSE,one lowest salted SHA-256 endpoint per non-empty outcome-family and sample-size-tercile cell; binary cells additionally stratified by minority-class-fraction tercile
continuous,thorsson,LGG,Number of Segments,485,,,C,large,not applicable,,f3734835da20725d0229f73d977365cd1086eddfbd1613fefc7f8381fb2ee847,FALSE,titan-representative-benchmark-v1,FALSE,one lowest salted SHA-256 endpoint per non-empty outcome-family and sample-size-tercile cell; binary cells additionally stratified by minority-class-fraction tercile
continuous,thorsson,COAD,T Cells CD4 Memory Resting,417,,,C,large,not applicable,,f41cc015d255701781b80914e8b78a2dadde26bde16cdd0ce43b191cb3da6022,FALSE,titan-representative-benchmark-v1,FALSE,one lowest salted SHA-256 endpoint per non-empty outcome-family and sample-size-tercile cell; binary cells additionally stratified by minority-class-fraction tercile
continuous,thorsson,BRCA,Dendritic Cells Activated,1039,,,C,large,not applicable,,f48f7f1faa539dcbbc16f9f1e3688ec5dec386752e6e475ad5ee519fb34d9656,FALSE,titan-representative-benchmark-v1,FALSE,one lowest salted SHA-256 endpoint per non-empty outcome-family and sample-size-tercile cell; binary cells additionally stratified by minority-class-fraction tercile
continuous,thorsson,UCEC,CTA Score,488,,,C,large,not applicable,,f4e97398128e3d8b8ea68f9817056f2829ae033eeed514fa2fcea9a768a28709,FALSE,titan-representative-benchmark-v1,FALSE,one lowest salted SHA-256 endpoint per non-empty outcome-family and sample-size-tercile cell; binary cells additionally stratified by minority-class-fraction tercile
continuous,thorsson,HNSC,Intratumor Heterogeneity,419,,,C,large,not applicable,,f5909e05ecf603a633aa2065eb3e8ded3992bc8cf2398de170c755d8d7f7f8b2,FALSE,titan-representative-benchmark-v1,FALSE,one lowest salted SHA-256 endpoint per non-empty outcome-family and sample-size-tercile cell; binary cells additionally stratified by minority-class-fraction tercile
continuous,thorsson,BLCA,Silent Mutation Rate,383,,,C,large,not applicable,,f5af3928070b4cbcca531e1bd820187fd2452bddab0cb57fe4042dbd0e54222d,FALSE,titan-representative-benchmark-v1,FALSE,one lowest salted SHA-256 endpoint per non-empty outcome-family and sample-size-tercile cell; binary cells additionally stratified by minority-class-fraction tercile
continuous,thorsson,COAD,Macrophages M0,417,,,C,large,not applicable,,f61c494d9cce59d67514bdff5ae3861c5bd6e3b8ebfa4c2ebb46cafd0288b61f,FALSE,titan-representative-benchmark-v1,FALSE,one lowest salted SHA-256 endpoint per non-empty outcome-family and sample-size-tercile cell; binary cells additionally stratified by minority-class-fraction tercile
continuous,thorsson,LUAD,T Cells CD8,410,,,C,large,not applicable,,f6a66ce1ce154c2e19245a8a2513f3606312633ab013bb879470ca1b98eeec2c,FALSE,titan-representative-benchmark-v1,FALSE,one lowest salted SHA-256 endpoint per non-empty outcome-family and sample-size-tercile cell; binary cells additionally stratified by minority-class-fraction tercile
continuous,thorsson,LGG,T Cells Regulatory Tregs,488,,,C,large,not applicable,,f71c5e9bbe3609272b420d39e9268918af8af9989fd51206874c1dd40cce84ea,FALSE,titan-representative-benchmark-v1,FALSE,one lowest salted SHA-256 endpoint per non-empty outcome-family and sample-size-tercile cell; binary cells additionally stratified by minority-class-fraction tercile
continuous,thorsson,LGG,Th1 Cells,488,,,C,large,not applicable,,f915084036997c92171e0db1d0485b5c178d106a22c37ff669983674726f7419,FALSE,titan-representative-benchmark-v1,FALSE,one lowest salted SHA-256 endpoint per non-empty outcome-family and sample-size-tercile cell; binary cells additionally stratified by minority-class-fraction tercile
continuous,thorsson,LGG,B Cells Memory,488,,,C,large,not applicable,,f92279c508d2b083b106973ccd22ceb4b3c49e6c8c65c73e937599e98b07c336,FALSE,titan-representative-benchmark-v1,FALSE,one lowest salted SHA-256 endpoint per non-empty outcome-family and sample-size-tercile cell; binary cells additionally stratified by minority-class-fraction tercile
continuous,thorsson,BLCA,Th1 Cells,373,,,B,large,not applicable,,fabdfa859e276f9570d31351c9a7e324a7cbc265ee790ead38d1469b83b948f0,FALSE,titan-representative-benchmark-v1,FALSE,one lowest salted SHA-256 endpoint per non-empty outcome-family and sample-size-tercile cell; binary cells additionally stratified by minority-class-fraction tercile
continuous,thorsson,UCEC,Dendritic Cells Resting,489,,,C,large,not applicable,,fbbc20ac6f1a79a92bed9db184e5f4e1ef87a995c723238a76e142b8f5f1b175,FALSE,titan-representative-benchmark-v1,FALSE,one lowest salted SHA-256 endpoint per non-empty outcome-family and sample-size-tercile cell; binary cells additionally stratified by minority-class-fraction tercile
continuous,thorsson,LUAD,Mast Cells Activated,410,,,C,large,not applicable,,fbd8dda06e418114fd5b47e88c5c587e80125bc965371d107cd6258f3a217598,FALSE,titan-representative-benchmark-v1,FALSE,one lowest salted SHA-256 endpoint per non-empty outcome-family and sample-size-tercile cell; binary cells additionally stratified by minority-class-fraction tercile
continuous,thorsson,BRCA,B Cells Memory,1039,,,C,large,not applicable,,fc5ce60cd9785810756cb748892e31286c30f22a5452f13226dac2bfc3bfde75,FALSE,titan-representative-benchmark-v1,FALSE,one lowest salted SHA-256 endpoint per non-empty outcome-family and sample-size-tercile cell; binary cells additionally stratified by minority-class-fraction tercile
continuous,thorsson,LUSC,Intratumor Heterogeneity,446,,,C,large,not applicable,,fc8c3ada3132d25ab624458146fc0bba35d68eacb3803cf1488abc7bfe278afa,FALSE,titan-representative-benchmark-v1,FALSE,one lowest salted SHA-256 endpoint per non-empty outcome-family and sample-size-tercile cell; binary cells additionally stratified by minority-class-fraction tercile
continuous,thorsson,BRCA,T Cells CD8,1039,,,C,large,not applicable,,fcbbc43660e46b4bbff81efc2cfc50e0a51ec3a5321da5830685bb1402220b46,FALSE,titan-representative-benchmark-v1,FALSE,one lowest salted SHA-256 endpoint per non-empty outcome-family and sample-size-tercile cell; binary cells additionally stratified by minority-class-fraction tercile
continuous,thorsson,UCEC,Silent Mutation Rate,488,,,C,large,not applicable,,fd388c363cf8b3307323534946f37afcf6c7bd4156f062888121418a5f89994e,FALSE,titan-representative-benchmark-v1,FALSE,one lowest salted SHA-256 endpoint per non-empty outcome-family and sample-size-tercile cell; binary cells additionally stratified by minority-class-fraction tercile
continuous,thorsson,LUSC,Fraction Altered,462,,,C,large,not applicable,,fe5de16981e17cbc0e1af46e9ea6849097c98264140945457944ac9c88359ac4,FALSE,titan-representative-benchmark-v1,FALSE,one lowest salted SHA-256 endpoint per non-empty outcome-family and sample-size-tercile cell; binary cells additionally stratified by minority-class-fraction tercile
continuous,thorsson,BLCA,Plasma Cells,373,,,C,large,not applicable,,feb051d2ea0cd2924f61e4c87f20b0ae2a9f50bedb16761a0be625f271793569,FALSE,titan-representative-benchmark-v1,FALSE,one lowest salted SHA-256 endpoint per non-empty outcome-family and sample-size-tercile cell; binary cells additionally stratified by minority-class-fraction tercile
continuous,thorsson,THCA,T Cells Regulatory Tregs,498,,,C,large,not applicable,,ff5de66b9feff3937d78b510439c8ccf18c39f0839111062537f2a7a0055a884,FALSE,titan-representative-benchmark-v1,FALSE,one lowest salted SHA-256 endpoint per non-empty outcome-family and sample-size-tercile cell; binary cells additionally stratified by minority-class-fraction tercile
continuous,thorsson,PRAD,Mast Cells Activated,325,,,C,medium,not applicable,,003a9470923b88b731c7a35bef688e67005fe046074f27e026d87c8187a05ae3,TRUE,titan-representative-benchmark-v1,FALSE,one lowest salted SHA-256 endpoint per non-empty outcome-family and sample-size-tercile cell; binary cells additionally stratified by minority-class-fraction tercile
continuous,thorsson,CESC,Number of Segments,259,,,C,medium,not applicable,,0041b2e5b5f073a976da061a3aa6af45f256368815af8740d5312908d1f5523d,FALSE,titan-representative-benchmark-v1,FALSE,one lowest salted SHA-256 endpoint per non-empty outcome-family and sample-size-tercile cell; binary cells additionally stratified by minority-class-fraction tercile
continuous,thorsson,STAD,Eosinophils,334,,,C,medium,not applicable,,006b0ff47f4bc8615a1ebcf8bc4048a9513e1a4d39de0bd0b0be08b97177ddf1,FALSE,titan-representative-benchmark-v1,FALSE,one lowest salted SHA-256 endpoint per non-empty outcome-family and sample-size-tercile cell; binary cells additionally stratified by minority-class-fraction tercile
continuous,thorsson,PAAD,Intratumor Heterogeneity,163,,,C,medium,not applicable,,008c5a2061bfff88dacb12379a35eeeab6f31a062055d2ed8649f7a9266426be,FALSE,titan-representative-benchmark-v1,FALSE,one lowest salted SHA-256 endpoint per non-empty outcome-family and sample-size-tercile cell; binary cells additionally stratified by minority-class-fraction tercile
continuous,thorsson,KIRP,IFN-gamma Response,261,,,C,medium,not applicable,,0162407fe4c68be7a53598a01792e216e510871210885e6fdfa360ddc6a11c64,FALSE,titan-representative-benchmark-v1,FALSE,one lowest salted SHA-256 endpoint per non-empty outcome-family and sample-size-tercile cell; binary cells additionally stratified by minority-class-fraction tercile
continuous,thorsson,SARC,Proliferation,218,,,B,medium,not applicable,,016792238448a1bffebacb126f79e949ed595740acd99d6fae8791aeaef8e68d,FALSE,titan-representative-benchmark-v1,FALSE,one lowest salted SHA-256 endpoint per non-empty outcome-family and sample-size-tercile cell; binary cells additionally stratified by minority-class-fraction tercile
continuous,thorsson,SARC,TGF-beta Response,218,,,B,medium,not applicable,,0209cc1cce662901113923a1ab84fcc703d7cb88fa5994b4e6306e0ceb1c0a9c,FALSE,titan-representative-benchmark-v1,FALSE,one lowest salted SHA-256 endpoint per non-empty outcome-family and sample-size-tercile cell; binary cells additionally stratified by minority-class-fraction tercile
continuous,thorsson,STAD,Proliferation,334,,,A,medium,not applicable,,0229a14a41316c2b8a93b8b5d5c947463ec2d9cea603e6e0f5be9f30a107bde4,FALSE,titan-representative-benchmark-v1,FALSE,one lowest salted SHA-256 endpoint per non-empty outcome-family and sample-size-tercile cell; binary cells additionally stratified by minority-class-fraction tercile
continuous,thorsson,PCPG,CTA Score,175,,,C,medium,not applicable,,0257889b27dd11893607adc2c18fb01bda71aea01e073186a6c10ea0ca612eba,FALSE,titan-representative-benchmark-v1,FALSE,one lowest salted SHA-256 endpoint per non-empty outcome-family and sample-size-tercile cell; binary cells additionally stratified by minority-class-fraction tercile
continuous,thorsson,PAAD,Aneuploidy Score,163,,,C,medium,not applicable,,02ca681d931c4292bf2cc824a2a23b0b12fdd55c389eb71be394aa23afe00cbf,FALSE,titan-representative-benchmark-v1,FALSE,one lowest salted SHA-256 endpoint per non-empty outcome-family and sample-size-tercile cell; binary cells additionally stratified by minority-class-fraction tercile
continuous,thorsson,PRAD,Th2 Cells,325,,,C,medium,not applicable,,02d7afd8e9e60216f293478da34fdb9e77a492f7774f15744bbbef31ab032990,FALSE,titan-representative-benchmark-v1,FALSE,one lowest salted SHA-256 endpoint per non-empty outcome-family and sample-size-tercile cell; binary cells additionally stratified by minority-class-fraction tercile
continuous,thorsson,SARC,TCR Evenness,157,,,C,medium,not applicable,,03d5ffa82b3406e7bdb8b399a3defd96049b782816b1db8507da3f6f08fc12ca,FALSE,titan-representative-benchmark-v1,FALSE,one lowest salted SHA-256 endpoint per non-empty outcome-family and sample-size-tercile cell; binary cells additionally stratified by minority-class-fraction tercile
continuous,thorsson,SKCM,T Cells Regulatory Tregs,291,,,C,medium,not applicable,,0456b1fc94a12704458639fe4b60bb71ecce572fdf12641fa144aef93413076f,FALSE,titan-representative-benchmark-v1,FALSE,one lowest salted SHA-256 endpoint per non-empty outcome-family and sample-size-tercile cell; binary cells additionally stratified by minority-class-fraction tercile
continuous,thorsson,SKCM,Proliferation,291,,,C,medium,not applicable,,0646596279e38f2cf4339fe3117d7106727a29a23c25f2d1cfb88fba1c030a70,FALSE,titan-representative-benchmark-v1,FALSE,one lowest salted SHA-256 endpoint per non-empty outcome-family and sample-size-tercile cell; binary cells additionally stratified by minority-class-fraction tercile
continuous,thorsson,PCPG,TGF-beta Response,175,,,B,medium,not applicable,,072188b72c51e42e018883364d7b799cb7109604364f313b85ebe0f674dcfb50,FALSE,titan-representative-benchmark-v1,FALSE,one lowest salted SHA-256 endpoint per non-empty outcome-family and sample-size-tercile cell; binary cells additionally stratified by minority-class-fraction tercile
continuous,thorsson,KIRP,TGF-beta Response,261,,,C,medium,not applicable,,074f8abafd8e84563c53c5a450063cd777febe997be6108432be4dfc7d7ff540,FALSE,titan-representative-benchmark-v1,FALSE,one lowest salted SHA-256 endpoint per non-empty outcome-family and sample-size-tercile cell; binary cells additionally stratified by minority-class-fraction tercile
continuous,thorsson,CESC,Lymphocyte Infiltration Signature Score,263,,,B,medium,not applicable,,088f0096c428352224d6e888d445674de8096416b981a488293fa4347c85e3c9,FALSE,titan-representative-benchmark-v1,FALSE,one lowest salted SHA-256 endpoint per non-empty outcome-family and sample-size-tercile cell; binary cells additionally stratified by minority-class-fraction tercile
continuous,thorsson,KIRP,Nonsilent Mutation Rate,266,,,C,medium,not applicable,,08bee2c64ae6860d9a00a4f953162f40a6b5d66729c0ed1c0d317ce97d1f51c0,FALSE,titan-representative-benchmark-v1,FALSE,one lowest salted SHA-256 endpoint per non-empty outcome-family and sample-size-tercile cell; binary cells additionally stratified by minority-class-fraction tercile
continuous,thorsson,LIHC,Homologous Recombination Defects,350,,,B,medium,not applicable,,090977660b5b2849e9d4d39d3093b0984eed4f9de4f9af7dd2c4382a91615ec7,FALSE,titan-representative-benchmark-v1,FALSE,one lowest salted SHA-256 endpoint per non-empty outcome-family and sample-size-tercile cell; binary cells additionally stratified by minority-class-fraction tercile
continuous,thorsson,KIRP,B Cells Naive,261,,,C,medium,not applicable,,095d518edcbd8aeecbb95449066c23b0e231ca382254af77c2e9e40eb108da15,FALSE,titan-representative-benchmark-v1,FALSE,one lowest salted SHA-256 endpoint per non-empty outcome-family and sample-size-tercile cell; binary cells additionally stratified by minority-class-fraction tercile
continuous,thorsson,PCPG,T Cells CD4 Memory Activated,175,,,C,medium,not applicable,,0c7b1561e0b8b856d5aa3470aade11c56bc5431d2204e028744fec97b88d1483,FALSE,titan-representative-benchmark-v1,FALSE,one lowest salted SHA-256 endpoint per non-empty outcome-family and sample-size-tercile cell; binary cells additionally stratified by minority-class-fraction tercile
continuous,thorsson,SARC,Intratumor Heterogeneity,238,,,C,medium,not applicable,,0c89147d4b53072fe31591d9b8ca6eb3a0e553c4f482ed1ef26cc8c7b577a80d,FALSE,titan-representative-benchmark-v1,FALSE,one lowest salted SHA-256 endpoint per non-empty outcome-family and sample-size-tercile cell; binary cells additionally stratified by minority-class-fraction tercile
continuous,thorsson,PCPG,Proliferation,175,,,C,medium,not applicable,,0ca7ab060ec05bad000d6f6b645fb0b48898b6186dd5e3636e4a0a6b4d572dea,FALSE,titan-representative-benchmark-v1,FALSE,one lowest salted SHA-256 endpoint per non-empty outcome-family and sample-size-tercile cell; binary cells additionally stratified by minority-class-fraction tercile
continuous,thorsson,COAD,BCR Shannon,200,,,C,medium,not applicable,,0d93e44905d60a693c8e2c2c196d397d17ee6ce81bd16eba23c19ef930db71f0,FALSE,titan-representative-benchmark-v1,FALSE,one lowest salted SHA-256 endpoint per non-empty outcome-family and sample-size-tercile cell; binary cells additionally stratified by minority-class-fraction tercile
continuous,thorsson,LIHC,Dendritic Cells Activated,352,,,C,medium,not applicable,,0e180b3b4fc3a1ef9edcd065d2ef84ca50abb3ad1389f36fb8423828f081c733,FALSE,titan-representative-benchmark-v1,FALSE,one lowest salted SHA-256 endpoint per non-empty outcome-family and sample-size-tercile cell; binary cells additionally stratified by minority-class-fraction tercile
continuous,thorsson,SARC,IFN-gamma Response,218,,,B,medium,not applicable,,0e613d06c959ec484453db562a69e7c13ee6b8513276f976dda59103a925a244,FALSE,titan-representative-benchmark-v1,FALSE,one lowest salted SHA-256 endpoint per non-empty outcome-family and sample-size-tercile cell; binary cells additionally stratified by minority-class-fraction tercile
continuous,thorsson,SKCM,Lymphocyte Infiltration Signature Score,291,,,A,medium,not applicable,,0f26649c3fa8951a2206f8075bd53cb206048672b3fdf9d37d70e54f4594de25,FALSE,titan-representative-benchmark-v1,FALSE,one lowest salted SHA-256 endpoint per non-empty outcome-family and sample-size-tercile cell; binary cells additionally stratified by minority-class-fraction tercile
continuous,thorsson,SARC,Indel Neoantigens,170,,,C,medium,not applicable,,0f365033c4d4e06ffb9492ebaa034b1b1a5832ebeb75d640c283651a3d4e1b27,FALSE,titan-representative-benchmark-v1,FALSE,one lowest salted SHA-256 endpoint per non-empty outcome-family and sample-size-tercile cell; binary cells additionally stratified by minority-class-fraction tercile
continuous,thorsson,KIRP,Mast Cells Resting,261,,,C,medium,not applicable,,10f40cb3385a6506ca053f8a7523c81dfcc686f217f5aa14017186b9461e1b54,FALSE,titan-representative-benchmark-v1,FALSE,one lowest salted SHA-256 endpoint per non-empty outcome-family and sample-size-tercile cell; binary cells additionally stratified by minority-class-fraction tercile
continuous,thorsson,CESC,Neutrophils,263,,,C,medium,not applicable,,123f1fcd70c19f989696a6fffc1bec4ee5a57a5aef521d7fc03bf8e3a383879b,FALSE,titan-representative-benchmark-v1,FALSE,one lowest salted SHA-256 endpoint per non-empty outcome-family and sample-size-tercile cell; binary cells additionally stratified by minority-class-fraction tercile
continuous,thorsson,KIRP,Stromal Fraction,254,,,B,medium,not applicable,,1277453433e1c377e081ff438ec407e3f1c9833529de196ae631fc1fede3ef11,FALSE,titan-representative-benchmark-v1,FALSE,one lowest salted SHA-256 endpoint per non-empty outcome-family and sample-size-tercile cell; binary cells additionally stratified by minority-class-fraction tercile
continuous,thorsson,PAAD,T Cells CD8,149,,,C,medium,not applicable,,13512e01c37f8e7c479b4de54c6c3c60be0e0ecaea66a062e963803e4790c29f,FALSE,titan-representative-benchmark-v1,FALSE,one lowest salted SHA-256 endpoint per non-empty outcome-family and sample-size-tercile cell; binary cells additionally stratified by minority-class-fraction tercile
continuous,thorsson,PRAD,IFN-gamma Response,325,,,C,medium,not applicable,,14415c380da9c04e6d24ad7eb4a887ec063b9094a0a6c9b6a2eb5027135d4171,FALSE,titan-representative-benchmark-v1,FALSE,one lowest salted SHA-256 endpoint per non-empty outcome-family and sample-size-tercile cell; binary cells additionally stratified by minority-class-fraction tercile
continuous,thorsson,PAAD,Number of Segments,181,,,C,medium,not applicable,,144d7ebaf0f82020439470311c247e8631d5317cbda6cee3fd1e38247ea9ccf4,FALSE,titan-representative-benchmark-v1,FALSE,one lowest salted SHA-256 endpoint per non-empty outcome-family and sample-size-tercile cell; binary cells additionally stratified by minority-class-fraction tercile
continuous,thorsson,PCPG,Intratumor Heterogeneity,157,,,C,medium,not applicable,,146f5101a34209b78f9e8e9ddc111870dde7a8432b52c66283444959c63d075f,FALSE,titan-representative-benchmark-v1,FALSE,one lowest salted SHA-256 endpoint per non-empty outcome-family and sample-size-tercile cell; binary cells additionally stratified by minority-class-fraction tercile
continuous,thorsson,CESC,Aneuploidy Score,259,,,C,medium,not applicable,,148dbc25f0c0cd48b1b8c605b0d3f2f791583b786c6229e970da1b5b1419226b,FALSE,titan-representative-benchmark-v1,FALSE,one lowest salted SHA-256 endpoint per non-empty outcome-family and sample-size-tercile cell; binary cells additionally stratified by minority-class-fraction tercile
continuous,thorsson,KIRP,TCR Shannon,233,,,C,medium,not applicable,,14bd460c3f3c9eb4b7f7dacb50c2b84a8fa95c69e0e680f27db53c3bb7dad625,FALSE,titan-representative-benchmark-v1,FALSE,one lowest salted SHA-256 endpoint per non-empty outcome-family and sample-size-tercile cell; binary cells additionally stratified by minority-class-fraction tercile
continuous,thorsson,STAD,TCR Evenness,331,,,C,medium,not applicable,,162609890ec80a43fd39da1a1ba2098b68b271c77647ea16310a60f21e6acea0,FALSE,titan-representative-benchmark-v1,FALSE,one lowest salted SHA-256 endpoint per non-empty outcome-family and sample-size-tercile cell; binary cells additionally stratified by minority-class-fraction tercile
continuous,thorsson,TGCT,T Cells Follicular Helper,148,,,C,medium,not applicable,,16be7f12a45a19e5deab10fd602de94274e7b3fad413401e92d367bd38e7ba19,FALSE,titan-representative-benchmark-v1,FALSE,one lowest salted SHA-256 endpoint per non-empty outcome-family and sample-size-tercile cell; binary cells additionally stratified by minority-class-fraction tercile
continuous,thorsson,SARC,TCR Shannon,188,,,B,medium,not applicable,,17548320c83592ae4224426ed7544d657d23931de79fbafde2aee4ab4bc4ae99,FALSE,titan-representative-benchmark-v1,FALSE,one lowest salted SHA-256 endpoint per non-empty outcome-family and sample-size-tercile cell; binary cells additionally stratified by minority-class-fraction tercile
continuous,thorsson,SKCM,Th17 Cells,291,,,C,medium,not applicable,,1802be2148502237718f54f5dfb3649d67ff909a2dbb08facd19e6f12fe25a5c,FALSE,titan-representative-benchmark-v1,FALSE,one lowest salted SHA-256 endpoint per non-empty outcome-family and sample-size-tercile cell; binary cells additionally stratified by minority-class-fraction tercile
continuous,thorsson,PAAD,Mast Cells Resting,149,,,C,medium,not applicable,,1816017611ebba93fed5954b6478cfff5699adc48e09d547207f93a3dc13d5bc,FALSE,titan-representative-benchmark-v1,FALSE,one lowest salted SHA-256 endpoint per non-empty outcome-family and sample-size-tercile cell; binary cells additionally stratified by minority-class-fraction tercile
continuous,thorsson,KIRP,Wound Healing,261,,,C,medium,not applicable,,18172bcd8029df883481efca48154fe904dc9b0e19f922cee9ce150ce548ddc5,FALSE,titan-representative-benchmark-v1,FALSE,one lowest salted SHA-256 endpoint per non-empty outcome-family and sample-size-tercile cell; binary cells additionally stratified by minority-class-fraction tercile
continuous,thorsson,KIRP,Neutrophils,261,,,C,medium,not applicable,,18439a1b49b3303695e5294d1d8369b8fee393d68c1f661001d406c78187d994,FALSE,titan-representative-benchmark-v1,FALSE,one lowest salted SHA-256 endpoint per non-empty outcome-family and sample-size-tercile cell; binary cells additionally stratified by minority-class-fraction tercile
continuous,thorsson,STAD,BCR Richness,334,,,C,medium,not applicable,,189f3b7b4798e4d04ae1943de4c88cb6b1df77d580134cf614f5d52ffa4c3d8f,FALSE,titan-representative-benchmark-v1,FALSE,one lowest salted SHA-256 endpoint per non-empty outcome-family and sample-size-tercile cell; binary cells additionally stratified by minority-class-fraction tercile
continuous,thorsson,PCPG,NK Cells Resting,175,,,C,medium,not applicable,,18b8d4ef7ff8bab7def7637ea2ef925c8caa0aded1c94334438e3cbe862fb900,FALSE,titan-representative-benchmark-v1,FALSE,one lowest salted SHA-256 endpoint per non-empty outcome-family and sample-size-tercile cell; binary cells additionally stratified by minority-class-fraction tercile
continuous,thorsson,COAD,TCR Evenness,218,,,C,medium,not applicable,,195105163fcdcb787a9087d1b56e64313d8efdf70a919e9ed73cc4ae87e0d59b,FALSE,titan-representative-benchmark-v1,FALSE,one lowest salted SHA-256 endpoint per non-empty outcome-family and sample-size-tercile cell; binary cells additionally stratified by minority-class-fraction tercile
continuous,thorsson,THCA,BCR Richness,239,,,B,medium,not applicable,,195adb5ab068d1c76766bf0f41a7a432ff5be96b329b40d917f7b01a9f7b7092,FALSE,titan-representative-benchmark-v1,FALSE,one lowest salted SHA-256 endpoint per non-empty outcome-family and sample-size-tercile cell; binary cells additionally stratified by minority-class-fraction tercile
continuous,thorsson,KIRC,Silent Mutation Rate,351,,,C,medium,not applicable,,19e91fdaecb8a85752d48f537f3a08ca3c26efdec548c2a1e1555034d6034ee6,FALSE,titan-representative-benchmark-v1,FALSE,one lowest salted SHA-256 endpoint per non-empty outcome-family and sample-size-tercile cell; binary cells additionally stratified by minority-class-fraction tercile
continuous,thorsson,PAAD,T Cells CD4 Naive,149,,,C,medium,not applicable,,1b4dd66fd466cd90242aa4d8580d5bfddb9597838922834348df9c0e1e162a1b,FALSE,titan-representative-benchmark-v1,FALSE,one lowest salted SHA-256 endpoint per non-empty outcome-family and sample-size-tercile cell; binary cells additionally stratified by minority-class-fraction tercile
continuous,thorsson,PAAD,Nonsilent Mutation Rate,181,,,C,medium,not applicable,,1b72a92497cae94664e958d23aecd45743f3617d9921d6976ccd93340b32a115,FALSE,titan-representative-benchmark-v1,FALSE,one lowest salted SHA-256 endpoint per non-empty outcome-family and sample-size-tercile cell; binary cells additionally stratified by minority-class-fraction tercile
continuous,thorsson,SKCM,Dendritic Cells Resting,291,,,C,medium,not applicable,,1b758aece96a00606d0029684cafa6df5ddfd86a1b491045e59ea6e2e20cef6f,FALSE,titan-representative-benchmark-v1,FALSE,one lowest salted SHA-256 endpoint per non-empty outcome-family and sample-size-tercile cell; binary cells additionally stratified by minority-class-fraction tercile
continuous,thorsson,LIHC,Intratumor Heterogeneity,348,,,C,medium,not applicable,,1b8335271c57dddda4bd73498dd6b308855e61fe10158272be77c654ff53c4ac,FALSE,titan-representative-benchmark-v1,FALSE,one lowest salted SHA-256 endpoint per non-empty outcome-family and sample-size-tercile cell; binary cells additionally stratified by minority-class-fraction tercile
continuous,thorsson,SKCM,Macrophage Regulation,291,,,B,medium,not applicable,,1c196dfe40798e54ab01ccd9f913ed81af4ed9d5a3af066156e2bb1044e995ee,FALSE,titan-representative-benchmark-v1,FALSE,one lowest salted SHA-256 endpoint per non-empty outcome-family and sample-size-tercile cell; binary cells additionally stratified by minority-class-fraction tercile
continuous,thorsson,LIHC,Macrophage Regulation,352,,,B,medium,not applicable,,1c1b6732df79cb45f0b78c5512abaaa39c30516b1fabb6f459f8d94e76cc7512,FALSE,titan-representative-benchmark-v1,FALSE,one lowest salted SHA-256 endpoint per non-empty outcome-family and sample-size-tercile cell; binary cells additionally stratified by minority-class-fraction tercile
continuous,thorsson,SARC,Th2 Cells,218,,,B,medium,not applicable,,1c4ff1c46218d45c07b135b47c78f8b606fe178331e772a4d106765556dcb05d,FALSE,titan-representative-benchmark-v1,FALSE,one lowest salted SHA-256 endpoint per non-empty outcome-family and sample-size-tercile cell; binary cells additionally stratified by minority-class-fraction tercile
continuous,thorsson,TGCT,Dendritic Cells Resting,148,,,C,medium,not applicable,,1d8d5a8569a210f14e2ff70398eadc319baf595edfc16628120649ec5a1fa050,FALSE,titan-representative-benchmark-v1,FALSE,one lowest salted SHA-256 endpoint per non-empty outcome-family and sample-size-tercile cell; binary cells additionally stratified by minority-class-fraction tercile
continuous,thorsson,SKCM,TIL Regional Fraction,251,,,B,medium,not applicable,,1f32ce455c6a20290aba8f8b8c00138312271fdfe72a2043b63604e4669dd303,FALSE,titan-representative-benchmark-v1,FALSE,one lowest salted SHA-256 endpoint per non-empty outcome-family and sample-size-tercile cell; binary cells additionally stratified by minority-class-fraction tercile
continuous,thorsson,TGCT,Proliferation,148,,,B,medium,not applicable,,1f45aa4fe3206750dff93e167589ae3aa507834d8cf51c3d239c7d2e07d28ad4,FALSE,titan-representative-benchmark-v1,FALSE,one lowest salted SHA-256 endpoint per non-empty outcome-family and sample-size-tercile cell; binary cells additionally stratified by minority-class-fraction tercile
continuous,thorsson,PCPG,Lymphocyte Infiltration Signature Score,175,,,C,medium,not applicable,,1fdd328d8905ef8682daa59edb7e720de01d29f30d6afd8badd69be9bfd7b925,FALSE,titan-representative-benchmark-v1,FALSE,one lowest salted SHA-256 endpoint per non-empty outcome-family and sample-size-tercile cell; binary cells additionally stratified by minority-class-fraction tercile
continuous,thorsson,SKCM,Nonsilent Mutation Rate,292,,,C,medium,not applicable,,225597f9b2ae578823f83dddb0d6bcfafc4cac1ad3ae5277366d93911588c219,FALSE,titan-representative-benchmark-v1,FALSE,one lowest salted SHA-256 endpoint per non-empty outcome-family and sample-size-tercile cell; binary cells additionally stratified by minority-class-fraction tercile
continuous,thorsson,STAD,Macrophages M0,334,,,C,medium,not applicable,,2256acb41b2935c92d11f2e88b69a47926474deaa08b75fa155aae91c69468ab,FALSE,titan-representative-benchmark-v1,FALSE,one lowest salted SHA-256 endpoint per non-empty outcome-family and sample-size-tercile cell; binary cells additionally stratified by minority-class-fraction tercile
continuous,thorsson,LIHC,Plasma Cells,352,,,C,medium,not applicable,,228991711c614dae29c3275588219c334065df21fd0139e89fc942e46d0fcb89,FALSE,titan-representative-benchmark-v1,FALSE,one lowest salted SHA-256 endpoint per non-empty outcome-family and sample-size-tercile cell; binary cells additionally stratified by minority-class-fraction tercile
continuous,thorsson,LIHC,Th17 Cells,352,,,B,medium,not applicable,,22be7b6247ec1596b5b9328ba8fb12f01865c75088e0815bc4893e6ad0d2d10c,FALSE,titan-representative-benchmark-v1,FALSE,one lowest salted SHA-256 endpoint per non-empty outcome-family and sample-size-tercile cell; binary cells additionally stratified by minority-class-fraction tercile
continuous,thorsson,SKCM,Eosinophils,291,,,C,medium,not applicable,,239f675d8810e3726e656264b8610c780ec23814ef4f7dee58a2f2c6355e9e04,FALSE,titan-representative-benchmark-v1,FALSE,one lowest salted SHA-256 endpoint per non-empty outcome-family and sample-size-tercile cell; binary cells additionally stratified by minority-class-fraction tercile
continuous,thorsson,CESC,T Cells CD4 Memory Resting,263,,,C,medium,not applicable,,2499522e7a78b4adabe7ff152ad8b2c6037b1534f7e075b79ba8153b5efe69b6,FALSE,titan-representative-benchmark-v1,FALSE,one lowest salted SHA-256 endpoint per non-empty outcome-family and sample-size-tercile cell; binary cells additionally stratified by minority-class-fraction tercile
continuous,thorsson,LIHC,Neutrophils,352,,,C,medium,not applicable,,25f8866eef3116d013e442107f0d3eb881f91782ce93addb15b156965c50fe8f,FALSE,titan-representative-benchmark-v1,FALSE,one lowest salted SHA-256 endpoint per non-empty outcome-family and sample-size-tercile cell; binary cells additionally stratified by minority-class-fraction tercile
continuous,thorsson,TGCT,T Cells CD8,148,,,C,medium,not applicable,,26dc242ce8b85cbb4a2cab93188a12d161a9d1b45ac00c7440c97f7bc45d3199,FALSE,titan-representative-benchmark-v1,FALSE,one lowest salted SHA-256 endpoint per non-empty outcome-family and sample-size-tercile cell; binary cells additionally stratified by minority-class-fraction tercile
continuous,thorsson,KIRC,BCR Shannon,246,,,C,medium,not applicable,,275826bcf54b5eeeba9808f47b128dff405ee2b7ec99c4eacddeee415bed0699,FALSE,titan-representative-benchmark-v1,FALSE,one lowest salted SHA-256 endpoint per non-empty outcome-family and sample-size-tercile cell; binary cells additionally stratified by minority-class-fraction tercile
continuous,thorsson,STAD,Macrophages M2,334,,,C,medium,not applicable,,29067f29231505d283b8d853189788c94a5b6582f025c5b2c02095a0c75fbc68,FALSE,titan-representative-benchmark-v1,FALSE,one lowest salted SHA-256 endpoint per non-empty outcome-family and sample-size-tercile cell; binary cells additionally stratified by minority-class-fraction tercile
continuous,thorsson,PRAD,T Cells Follicular Helper,325,,,C,medium,not applicable,,291c77ad507d130c6c9e52614aabd262c707fe7cdc6a4603c5027f887a0e1664,FALSE,titan-representative-benchmark-v1,FALSE,one lowest salted SHA-256 endpoint per non-empty outcome-family and sample-size-tercile cell; binary cells additionally stratified by minority-class-fraction tercile
continuous,thorsson,COAD,Nonsilent Mutation Rate,345,,,B,medium,not applicable,,293872db491a1fff3255410926f465ca8008b759de5715e47a80b73e0dff58aa,FALSE,titan-representative-benchmark-v1,FALSE,one lowest salted SHA-256 endpoint per non-empty outcome-family and sample-size-tercile cell; binary cells additionally stratified by minority-class-fraction tercile
continuous,thorsson,KIRP,Macrophages M0,261,,,C,medium,not applicable,,295d4e6758e4361cd0d0e784365b3ad890d33325b207bdd8a871b58ddb81dcc0,FALSE,titan-representative-benchmark-v1,FALSE,one lowest salted SHA-256 endpoint per non-empty outcome-family and sample-size-tercile cell; binary cells additionally stratified by minority-class-fraction tercile
continuous,thorsson,PCPG,Stromal Fraction,157,,,B,medium,not applicable,,29c970f300e8dca447e241a3b366b3c3741632455a7a9a750e3d76d8df5a1e63,FALSE,titan-representative-benchmark-v1,FALSE,one lowest salted SHA-256 endpoint per non-empty outcome-family and sample-size-tercile cell; binary cells additionally stratified by minority-class-fraction tercile
continuous,thorsson,SARC,B Cells Memory,218,,,C,medium,not applicable,,29e1e1661fa0adf683bb59243080413cb295adc55e865e9794a9808823920d6e,FALSE,titan-representative-benchmark-v1,FALSE,one lowest salted SHA-256 endpoint per non-empty outcome-family and sample-size-tercile cell; binary cells additionally stratified by minority-class-fraction tercile
continuous,thorsson,LIHC,TCR Shannon,299,,,C,medium,not applicable,,29e66276059b0a7d1a3546e2238ad1491ab0bef11ab425ad3f4fddfc82a3811b,FALSE,titan-representative-benchmark-v1,FALSE,one lowest salted SHA-256 endpoint per non-empty outcome-family and sample-size-tercile cell; binary cells additionally stratified by minority-class-fraction tercile
continuous,thorsson,PRAD,B Cells Naive,325,,,C,medium,not applicable,,2a1f83653947d6eff3b0b64ac5db4b9174510bad20f814c46ec4d689cc7ad7cf,FALSE,titan-representative-benchmark-v1,FALSE,one lowest salted SHA-256 endpoint per non-empty outcome-family and sample-size-tercile cell; binary cells additionally stratified by minority-class-fraction tercile
continuous,thorsson,COAD,Indel Neoantigens,322,,,C,medium,not applicable,,2af38aeb61ae4f5f3b56d4796ec99b66bb73d85ca70e3b53fdc9afc130cab10e,FALSE,titan-representative-benchmark-v1,FALSE,one lowest salted SHA-256 endpoint per non-empty outcome-family and sample-size-tercile cell; binary cells additionally stratified by minority-class-fraction tercile
continuous,thorsson,KIRP,Lymphocyte Infiltration Signature Score,261,,,B,medium,not applicable,,2c7204b7f77c69365eda301dbb669751fd3f8f59ed3e0ac15bc16f2e38b7ebc8,FALSE,titan-representative-benchmark-v1,FALSE,one lowest salted SHA-256 endpoint per non-empty outcome-family and sample-size-tercile cell; binary cells additionally stratified by minority-class-fraction tercile
continuous,thorsson,LIHC,T Cells CD8,352,,,C,medium,not applicable,,2c739988d3b103bace9315e40820d2464f8d671a9d0912494a70441129b23eb5,FALSE,titan-representative-benchmark-v1,FALSE,one lowest salted SHA-256 endpoint per non-empty outcome-family and sample-size-tercile cell; binary cells additionally stratified by minority-class-fraction tercile
continuous,thorsson,SARC,T Cells Regulatory Tregs,218,,,C,medium,not applicable,,2c8ae6b35312528e0a0b0f6a6f88335b141b6024954b38e846ddfa6404ffcf8b,FALSE,titan-representative-benchmark-v1,FALSE,one lowest salted SHA-256 endpoint per non-empty outcome-family and sample-size-tercile cell; binary cells additionally stratified by minority-class-fraction tercile
continuous,thorsson,CESC,T Cells Follicular Helper,263,,,C,medium,not applicable,,2e4522463f92a8465173800e2e955eb45aa64df198fae5001eea6df616426067,FALSE,titan-representative-benchmark-v1,FALSE,one lowest salted SHA-256 endpoint per non-empty outcome-family and sample-size-tercile cell; binary cells additionally stratified by minority-class-fraction tercile
continuous,thorsson,KIRP,Macrophages M1,261,,,B,medium,not applicable,,2e6b5c70ef3d37da3c26a84c4b097b7823047168e46619832bed3677c8e28316,FALSE,titan-representative-benchmark-v1,FALSE,one lowest salted SHA-256 endpoint per non-empty outcome-family and sample-size-tercile cell; binary cells additionally stratified by minority-class-fraction tercile
continuous,thorsson,STAD,T Cells gamma delta,334,,,C,medium,not applicable,,2e727e88b526c4d46c4df1b71215bcdd2ad92755f44446a801cc3f73e25b09e3,FALSE,titan-representative-benchmark-v1,FALSE,one lowest salted SHA-256 endpoint per non-empty outcome-family and sample-size-tercile cell; binary cells additionally stratified by minority-class-fraction tercile
continuous,thorsson,PRAD,T Cells gamma delta,325,,,C,medium,not applicable,,2ed760307f39da2938a8296aea8f1cc5d31477c850ce185860704d095ce2a339,FALSE,titan-representative-benchmark-v1,FALSE,one lowest salted SHA-256 endpoint per non-empty outcome-family and sample-size-tercile cell; binary cells additionally stratified by minority-class-fraction tercile
continuous,thorsson,CESC,Dendritic Cells Activated,263,,,C,medium,not applicable,,2f39a0bfa988847ad5824339e767ad7bdf1cbd775c8623ac4238f780cb87d9e9,FALSE,titan-representative-benchmark-v1,FALSE,one lowest salted SHA-256 endpoint per non-empty outcome-family and sample-size-tercile cell; binary cells additionally stratified by minority-class-fraction tercile
continuous,thorsson,BLCA,TCR Evenness,288,,,C,medium,not applicable,,2ffb2862e90dab7da491ff765f096149e333ce5b9c38eed9c7903d70c8261e19,FALSE,titan-representative-benchmark-v1,FALSE,one lowest salted SHA-256 endpoint per non-empty outcome-family and sample-size-tercile cell; binary cells additionally stratified by minority-class-fraction tercile
continuous,thorsson,THCA,Indel Neoantigens,171,,,C,medium,not applicable,,306818919efe49b567b2607fa2191bb00206b924ddc6b8b6570ebd091bf15b7a,FALSE,titan-representative-benchmark-v1,FALSE,one lowest salted SHA-256 endpoint per non-empty outcome-family and sample-size-tercile cell; binary cells additionally stratified by minority-class-fraction tercile
continuous,thorsson,PRAD,CTA Score,325,,,C,medium,not applicable,,309bf993810cd5b35b4e315604f18eef9c149e740ccf1d7c9d2f393612afd24d,FALSE,titan-representative-benchmark-v1,FALSE,one lowest salted SHA-256 endpoint per non-empty outcome-family and sample-size-tercile cell; binary cells additionally stratified by minority-class-fraction tercile
continuous,thorsson,KIRP,TCR Evenness,208,,,C,medium,not applicable,,312d0a01f207be548a7bcfc9899216f6c1b93a7971114666ba3c888ffa6a117a,FALSE,titan-representative-benchmark-v1,FALSE,one lowest salted SHA-256 endpoint per non-empty outcome-family and sample-size-tercile cell; binary cells additionally stratified by minority-class-fraction tercile
continuous,thorsson,SKCM,Th1 Cells,291,,,B,medium,not applicable,,31e5c2f4163be00dca794992e52aac3e6f8915d9337b866e230917444860b9a1,FALSE,titan-representative-benchmark-v1,FALSE,one lowest salted SHA-256 endpoint per non-empty outcome-family and sample-size-tercile cell; binary cells additionally stratified by minority-class-fraction tercile
continuous,thorsson,TGCT,Monocytes,148,,,C,medium,not applicable,,32617981f5a91b20407f513f91d81caad33fa7467f00f6b4a1a67b54daa98529,FALSE,titan-representative-benchmark-v1,FALSE,one lowest salted SHA-256 endpoint per non-empty outcome-family and sample-size-tercile cell; binary cells additionally stratified by minority-class-fraction tercile
continuous,thorsson,TGCT,Intratumor Heterogeneity,148,,,C,medium,not applicable,,329bb96851ea1fcc1fb9e5e5966dd05782257dfa7aa943da65890241444e02b8,FALSE,titan-representative-benchmark-v1,FALSE,one lowest salted SHA-256 endpoint per non-empty outcome-family and sample-size-tercile cell; binary cells additionally stratified by minority-class-fraction tercile
continuous,thorsson,SARC,Wound Healing,218,,,B,medium,not applicable,,333fdb4107633b9bda575647f4bee52e04e6c07909dfaa8a0e3b101a97f2cec5,FALSE,titan-representative-benchmark-v1,FALSE,one lowest salted SHA-256 endpoint per non-empty outcome-family and sample-size-tercile cell; binary cells additionally stratified by minority-class-fraction tercile
continuous,thorsson,TGCT,T Cells Regulatory Tregs,148,,,C,medium,not applicable,,335e3aa0581d6f4017e8283033bc57f07e1017d4eea004baf76485e8b2115f7f,FALSE,titan-representative-benchmark-v1,FALSE,one lowest salted SHA-256 endpoint per non-empty outcome-family and sample-size-tercile cell; binary cells additionally stratified by minority-class-fraction tercile
continuous,thorsson,STAD,NK Cells Activated,334,,,C,medium,not applicable,,3572ef47d6e38009d29cfc93a326f50b591d9d57c327af4240f66498dfa36d78,FALSE,titan-representative-benchmark-v1,FALSE,one lowest salted SHA-256 endpoint per non-empty outcome-family and sample-size-tercile cell; binary cells additionally stratified by minority-class-fraction tercile
continuous,thorsson,SKCM,Macrophages M0,291,,,C,medium,not applicable,,35c28c1d1cbea3c21b0c613f4402c9c9a9a9b0a3498e5d1fa5a6ca4214abd19f,FALSE,titan-representative-benchmark-v1,FALSE,one lowest salted SHA-256 endpoint per non-empty outcome-family and sample-size-tercile cell; binary cells additionally stratified by minority-class-fraction tercile
continuous,thorsson,KIRC,BCR Richness,246,,,C,medium,not applicable,,35c8dd0c6ec2595bd86657bb5e5685443683aa917e42c6cb50f335e0686d98d9,FALSE,titan-representative-benchmark-v1,FALSE,one lowest salted SHA-256 endpoint per non-empty outcome-family and sample-size-tercile cell; binary cells additionally stratified by minority-class-fraction tercile
continuous,thorsson,LIHC,T Cells CD4 Memory Resting,352,,,C,medium,not applicable,,37690d6c2ac15e69ded597e96b3c5b2b0e096a84f14da7bf9161b29ac8d5ba5c,FALSE,titan-representative-benchmark-v1,FALSE,one lowest salted SHA-256 endpoint per non-empty outcome-family and sample-size-tercile cell; binary cells additionally stratified by minority-class-fraction tercile
continuous,thorsson,KIRP,Dendritic Cells Activated,261,,,C,medium,not applicable,,37b65edfb6093952cc2343626747a76882a49f20ba11c2f8bd49a0bf2c2a23e1,FALSE,titan-representative-benchmark-v1,FALSE,one lowest salted SHA-256 endpoint per non-empty outcome-family and sample-size-tercile cell; binary cells additionally stratified by minority-class-fraction tercile
continuous,thorsson,GBM,Leukocyte Fraction,245,,,B,medium,not applicable,,37ce586415d811cca0761e3c4d0a304286fe8bf03d88c85a80b74440e1e565ed,FALSE,titan-representative-benchmark-v1,FALSE,one lowest salted SHA-256 endpoint per non-empty outcome-family and sample-size-tercile cell; binary cells additionally stratified by minority-class-fraction tercile
continuous,thorsson,GBM,Nonsilent Mutation Rate,242,,,C,medium,not applicable,,38257845a1401a6982ff7bbd00669fc615660cbb1e468a22321297958eb74a40,FALSE,titan-representative-benchmark-v1,FALSE,one lowest salted SHA-256 endpoint per non-empty outcome-family and sample-size-tercile cell; binary cells additionally stratified by minority-class-fraction tercile
continuous,thorsson,CESC,Macrophage Regulation,263,,,B,medium,not applicable,,384020408c3330354d94f644ea95b4e761859e7f0e2465a82f9de921baa8d0d4,FALSE,titan-representative-benchmark-v1,FALSE,one lowest salted SHA-256 endpoint per non-empty outcome-family and sample-size-tercile cell; binary cells additionally stratified by minority-class-fraction tercile
continuous,thorsson,KIRP,Proliferation,261,,,A,medium,not applicable,,389f3a9e3dc72f3e18ff6b334dc33694b38253363263c08c4d82418242159cc8,FALSE,titan-representative-benchmark-v1,FALSE,one lowest salted SHA-256 endpoint per non-empty outcome-family and sample-size-tercile cell; binary cells additionally stratified by minority-class-fraction tercile
continuous,thorsson,SKCM,Intratumor Heterogeneity,287,,,C,medium,not applicable,,38ae6ec4f80b0454dcb00f01435c8e3656bbc718f35ddf5fab41f0cd16604172,FALSE,titan-representative-benchmark-v1,FALSE,one lowest salted SHA-256 endpoint per non-empty outcome-family and sample-size-tercile cell; binary cells additionally stratified by minority-class-fraction tercile
continuous,thorsson,LIHC,Nonsilent Mutation Rate,320,,,C,medium,not applicable,,38b8dced672a28e071c07df186bd09dfeb704af6dfb11b32249542b25a986e17,FALSE,titan-representative-benchmark-v1,FALSE,one lowest salted SHA-256 endpoint per non-empty outcome-family and sample-size-tercile cell; binary cells additionally stratified by minority-class-fraction tercile
continuous,thorsson,COAD,Silent Mutation Rate,345,,,B,medium,not applicable,,38d0fc775ba53b3af4e88aba6a3774c4552617f253d9ab5db1266d25bf0675df,FALSE,titan-representative-benchmark-v1,FALSE,one lowest salted SHA-256 endpoint per non-empty outcome-family and sample-size-tercile cell; binary cells additionally stratified by minority-class-fraction tercile
continuous,thorsson,SKCM,NK Cells Resting,291,,,C,medium,not applicable,,3941fbaf9bb51c13ddc1c2b6db46c80509f266b0e1b7f18c4b6b832e7e00225f,FALSE,titan-representative-benchmark-v1,FALSE,one lowest salted SHA-256 endpoint per non-empty outcome-family and sample-size-tercile cell; binary cells additionally stratified by minority-class-fraction tercile
continuous,thorsson,STAD,Mast Cells Activated,334,,,C,medium,not applicable,,39923f2874f593cb765db2232532b780066266e724529d95c015247fed3588e4,FALSE,titan-representative-benchmark-v1,FALSE,one lowest salted SHA-256 endpoint per non-empty outcome-family and sample-size-tercile cell; binary cells additionally stratified by minority-class-fraction tercile
continuous,thorsson,PCPG,B Cells Naive,175,,,C,medium,not applicable,,39bde832ca1979d8c115f6a8d945616ca6f85d49a5982ed16c53086af8a368ef,FALSE,titan-representative-benchmark-v1,FALSE,one lowest salted SHA-256 endpoint per non-empty outcome-family and sample-size-tercile cell; binary cells additionally stratified by minority-class-fraction tercile
continuous,thorsson,TGCT,B Cells Memory,148,,,C,medium,not applicable,,39c663c89433f872a400b0670b1ad4f4220d19967bf4f03f6192d2dc2d0bd873,FALSE,titan-representative-benchmark-v1,FALSE,one lowest salted SHA-256 endpoint per non-empty outcome-family and sample-size-tercile cell; binary cells additionally stratified by minority-class-fraction tercile
continuous,thorsson,STAD,Th1 Cells,334,,,C,medium,not applicable,,3a8be450013d04c651f4f24070103e69ff76fa8a00fec15a81fc2268b5521cac,FALSE,titan-representative-benchmark-v1,FALSE,one lowest salted SHA-256 endpoint per non-empty outcome-family and sample-size-tercile cell; binary cells additionally stratified by minority-class-fraction tercile
continuous,thorsson,PCPG,B Cells Memory,175,,,C,medium,not applicable,,3a9e630be0966659418a691230f78f354ce22f8a783b97675d0b69ebe839951b,FALSE,titan-representative-benchmark-v1,FALSE,one lowest salted SHA-256 endpoint per non-empty outcome-family and sample-size-tercile cell; binary cells additionally stratified by minority-class-fraction tercile
continuous,thorsson,LIHC,Mast Cells Activated,352,,,C,medium,not applicable,,3b9373658e81c1623790f181059d0380bc5a7429262eb8fdab567902c99c6e52,FALSE,titan-representative-benchmark-v1,FALSE,one lowest salted SHA-256 endpoint per non-empty outcome-family and sample-size-tercile cell; binary cells additionally stratified by minority-class-fraction tercile
continuous,thorsson,PRAD,Indel Neoantigens,274,,,C,medium,not applicable,,3c2811225128f643899c2da4f88ba78eb3f555f5e44828e1c3aa82ebf22788b2,FALSE,titan-representative-benchmark-v1,FALSE,one lowest salted SHA-256 endpoint per non-empty outcome-family and sample-size-tercile cell; binary cells additionally stratified by minority-class-fraction tercile
continuous,thorsson,PAAD,Fraction Altered,181,,,C,medium,not applicable,,3c826a05df8aa5fa1a9f648e09e791f35c0d9c4840bc5289dd22f2e61cd2722d,FALSE,titan-representative-benchmark-v1,FALSE,one lowest salted SHA-256 endpoint per non-empty outcome-family and sample-size-tercile cell; binary cells additionally stratified by minority-class-fraction tercile
continuous,thorsson,PAAD,Macrophage Regulation,149,,,C,medium,not applicable,,3cc10a1ec46c86d028bf0ddb123864cfee7ac74cf6809ab1fa4882c2daf8e613,FALSE,titan-representative-benchmark-v1,FALSE,one lowest salted SHA-256 endpoint per non-empty outcome-family and sample-size-tercile cell; binary cells additionally stratified by minority-class-fraction tercile
continuous,thorsson,PRAD,NK Cells Activated,325,,,C,medium,not applicable,,3ce3206daf048bc3127c960f043c1369179651a8344886d4a0fe487c929e4c89,FALSE,titan-representative-benchmark-v1,FALSE,one lowest salted SHA-256 endpoint per non-empty outcome-family and sample-size-tercile cell; binary cells additionally stratified by minority-class-fraction tercile
continuous,thorsson,CESC,T Cells CD4 Memory Activated,263,,,C,medium,not applicable,,3cfdb2c563fbc3e2d1ec0dc10c6629eb888d6effc218675263a32a2f38649803,FALSE,titan-representative-benchmark-v1,FALSE,one lowest salted SHA-256 endpoint per non-empty outcome-family and sample-size-tercile cell; binary cells additionally stratified by minority-class-fraction tercile
continuous,thorsson,KIRP,Macrophage Regulation,261,,,B,medium,not applicable,,3d508aa6f5cb66a5bad9f46888a0ac14fd0db910e6362d903ee3d2c3602f7be3,FALSE,titan-representative-benchmark-v1,FALSE,one lowest salted SHA-256 endpoint per non-empty outcome-family and sample-size-tercile cell; binary cells additionally stratified by minority-class-fraction tercile
continuous,thorsson,TGCT,T Cells CD4 Memory Activated,148,,,C,medium,not applicable,,3d5e0f096508fb00d39bcf29e4d443c62ee7fe3cba24316996389ebd6fdbe1f3,FALSE,titan-representative-benchmark-v1,FALSE,one lowest salted SHA-256 endpoint per non-empty outcome-family and sample-size-tercile cell; binary cells additionally stratified by minority-class-fraction tercile
continuous,thorsson,PAAD,T Cells Regulatory Tregs,149,,,C,medium,not applicable,,3e59da0612fc5cd45289c8b23a4574e1f73f3a426efba1cf49efe55ec51762bc,FALSE,titan-representative-benchmark-v1,FALSE,one lowest salted SHA-256 endpoint per non-empty outcome-family and sample-size-tercile cell; binary cells additionally stratified by minority-class-fraction tercile
continuous,thorsson,STAD,T Cells CD4 Memory Activated,334,,,B,medium,not applicable,,3e8f18c5750fa57e38a3ffa48bf75c8708f64b423fcc9b12f9762053c0c7c3dd,FALSE,titan-representative-benchmark-v1,FALSE,one lowest salted SHA-256 endpoint per non-empty outcome-family and sample-size-tercile cell; binary cells additionally stratified by minority-class-fraction tercile
continuous,thorsson,LIHC,NK Cells Activated,352,,,C,medium,not applicable,,3eac30cd6429600cc1241707cbe8c49de1472cde1eb077e3f557de32250b2f5b,FALSE,titan-representative-benchmark-v1,FALSE,one lowest salted SHA-256 endpoint per non-empty outcome-family and sample-size-tercile cell; binary cells additionally stratified by minority-class-fraction tercile
continuous,thorsson,CESC,Wound Healing,263,,,C,medium,not applicable,,3fcd039c89a6a6f9a120e34c5c717113c1f5a30d2b373941f5df824e41fdd95d,FALSE,titan-representative-benchmark-v1,FALSE,one lowest salted SHA-256 endpoint per non-empty outcome-family and sample-size-tercile cell; binary cells additionally stratified by minority-class-fraction tercile
continuous,thorsson,GBM,Silent Mutation Rate,242,,,C,medium,not applicable,,3fcee8892a7f31da510b7236e452d5aa27060feca9847cfa3fad9933bf4dbfc9,FALSE,titan-representative-benchmark-v1,FALSE,one lowest salted SHA-256 endpoint per non-empty outcome-family and sample-size-tercile cell; binary cells additionally stratified by minority-class-fraction tercile
continuous,thorsson,TGCT,T Cells CD4 Naive,148,,,C,medium,not applicable,,4095eba9d1c65e729e220e95536e3c19482185b08f98236d52208a530caa5158,FALSE,titan-representative-benchmark-v1,FALSE,one lowest salted SHA-256 endpoint per non-empty outcome-family and sample-size-tercile cell; binary cells additionally stratified by minority-class-fraction tercile
continuous,thorsson,PCPG,Macrophages M2,175,,,C,medium,not applicable,,40f519017f3a02d3c68c203e50f46ff7e1fee3c2304ce63e5d1b393ece623ae4,FALSE,titan-representative-benchmark-v1,FALSE,one lowest salted SHA-256 endpoint per non-empty outcome-family and sample-size-tercile cell; binary cells additionally stratified by minority-class-fraction tercile
continuous,thorsson,PRAD,NK Cells Resting,325,,,C,medium,not applicable,,40fe5a07e0cbd6663cd11d5d884ec1c0f6b91f9e702c1905721b31f42ad98642,FALSE,titan-representative-benchmark-v1,FALSE,one lowest salted SHA-256 endpoint per non-empty outcome-family and sample-size-tercile cell; binary cells additionally stratified by minority-class-fraction tercile
continuous,thorsson,KIRP,T Cells CD4 Memory Activated,261,,,C,medium,not applicable,,412d9e91260249986532ddf28c98eda514c080efd3500c5dd367663d20e62b42,FALSE,titan-representative-benchmark-v1,FALSE,one lowest salted SHA-256 endpoint per non-empty outcome-family and sample-size-tercile cell; binary cells additionally stratified by minority-class-fraction tercile
continuous,thorsson,SKCM,T Cells Follicular Helper,291,,,C,medium,not applicable,,415879d8fea3b0e1042bc3629ab8a06fb9dd5c913f9efd503b7d2292bbb91a98,FALSE,titan-representative-benchmark-v1,FALSE,one lowest salted SHA-256 endpoint per non-empty outcome-family and sample-size-tercile cell; binary cells additionally stratified by minority-class-fraction tercile
continuous,thorsson,PRAD,Lymphocyte Infiltration Signature Score,325,,,C,medium,not applicable,,41dbd94a6215232dcadb35a73e2039b0126672d02c0d5d95e795074abd285733,FALSE,titan-representative-benchmark-v1,FALSE,one lowest salted SHA-256 endpoint per non-empty outcome-family and sample-size-tercile cell; binary cells additionally stratified by minority-class-fraction tercile
continuous,thorsson,COAD,BCR Evenness,178,,,C,medium,not applicable,,41e20f17f9743822747ddd99cd398c93243cdff62b4dc5d1c7ef70925e821c6e,FALSE,titan-representative-benchmark-v1,FALSE,one lowest salted SHA-256 endpoint per non-empty outcome-family and sample-size-tercile cell; binary cells additionally stratified by minority-class-fraction tercile
continuous,thorsson,PAAD,Dendritic Cells Resting,149,,,C,medium,not applicable,,427e3b68d6190aed8c940297ebcf6a6377b5cd858530f9755e59f4f36bba57eb,FALSE,titan-representative-benchmark-v1,FALSE,one lowest salted SHA-256 endpoint per non-empty outcome-family and sample-size-tercile cell; binary cells additionally stratified by minority-class-fraction tercile
continuous,thorsson,KIRP,Leukocyte Fraction,268,,,B,medium,not applicable,,4323140ef4c6f325cab181c82d0ecb87ea3dd6c511135763ed4f701b04357ebd,FALSE,titan-representative-benchmark-v1,FALSE,one lowest salted SHA-256 endpoint per non-empty outcome-family and sample-size-tercile cell; binary cells additionally stratified by minority-class-fraction tercile
continuous,thorsson,LIHC,Fraction Altered,356,,,C,medium,not applicable,,432df32f63be686fec03d4bcf0286356b7906cf8bcd70e09d5798403603439bb,FALSE,titan-representative-benchmark-v1,FALSE,one lowest salted SHA-256 endpoint per non-empty outcome-family and sample-size-tercile cell; binary cells additionally stratified by minority-class-fraction tercile
continuous,thorsson,TGCT,Macrophages M0,148,,,C,medium,not applicable,,4360ae5d517443b9eaf01faf8212e9d42b0a320c4ebb0efa63b69788eba6e526,FALSE,titan-representative-benchmark-v1,FALSE,one lowest salted SHA-256 endpoint per non-empty outcome-family and sample-size-tercile cell; binary cells additionally stratified by minority-class-fraction tercile
continuous,thorsson,TGCT,TCR Richness,148,,,B,medium,not applicable,,438b9fff8cd552c548da5c1d65d5dca2ab3fc803aa2a4982c02337540af2d7b1,FALSE,titan-representative-benchmark-v1,FALSE,one lowest salted SHA-256 endpoint per non-empty outcome-family and sample-size-tercile cell; binary cells additionally stratified by minority-class-fraction tercile
continuous,thorsson,TGCT,Stromal Fraction,148,,,B,medium,not applicable,,441bd317f203943d340e7d25159fe554eea7acc9c205aa501fd99575125e3f4f,FALSE,titan-representative-benchmark-v1,FALSE,one lowest salted SHA-256 endpoint per non-empty outcome-family and sample-size-tercile cell; binary cells additionally stratified by minority-class-fraction tercile
continuous,thorsson,BLCA,Indel Neoantigens,350,,,C,medium,not applicable,,44aff338adcae8180bdf547b2dbeb3cc7fc81c9b370d00aa0d82024ede18d50c,FALSE,titan-representative-benchmark-v1,FALSE,one lowest salted SHA-256 endpoint per non-empty outcome-family and sample-size-tercile cell; binary cells additionally stratified by minority-class-fraction tercile
continuous,thorsson,KIRP,TCR Richness,261,,,C,medium,not applicable,,4521c159c34b65ea63f85ec16e247abc09a3890d01cc2aa5c4bcbda7dd383faa,FALSE,titan-representative-benchmark-v1,FALSE,one lowest salted SHA-256 endpoint per non-empty outcome-family and sample-size-tercile cell; binary cells additionally stratified by minority-class-fraction tercile
continuous,thorsson,KIRP,Fraction Altered,265,,,C,medium,not applicable,,45ff382880e116115d9e27b1a43ed1e3404cd2fe53571f0a6067ec1c7084517d,FALSE,titan-representative-benchmark-v1,FALSE,one lowest salted SHA-256 endpoint per non-empty outcome-family and sample-size-tercile cell; binary cells additionally stratified by minority-class-fraction tercile
continuous,thorsson,KIRP,T Cells gamma delta,261,,,C,medium,not applicable,,467676f000d61b24b79e4e3a9417c38f288f579fb70ca493a0cefc101dec68c7,FALSE,titan-representative-benchmark-v1,FALSE,one lowest salted SHA-256 endpoint per non-empty outcome-family and sample-size-tercile cell; binary cells additionally stratified by minority-class-fraction tercile
continuous,thorsson,LIHC,Proliferation,352,,,A,medium,not applicable,,488f48f17dc420cef1a0093cfe80a5321ec2783b01b3f6b066ca0cf65690718f,FALSE,titan-representative-benchmark-v1,FALSE,one lowest salted SHA-256 endpoint per non-empty outcome-family and sample-size-tercile cell; binary cells additionally stratified by minority-class-fraction tercile
continuous,thorsson,KIRC,Intratumor Heterogeneity,316,,,C,medium,not applicable,,48b7d4f72b83e2ebb61519cc7690fe24738df86eec9444e52da7222d455df55e,FALSE,titan-representative-benchmark-v1,FALSE,one lowest salted SHA-256 endpoint per non-empty outcome-family and sample-size-tercile cell; binary cells additionally stratified by minority-class-fraction tercile
continuous,thorsson,PRAD,Macrophages M0,325,,,C,medium,not applicable,,49d966954b7584dd34f4e4c8bd1c58d6c7f56a4214b89ea85f10a54c394ea80f,FALSE,titan-representative-benchmark-v1,FALSE,one lowest salted SHA-256 endpoint per non-empty outcome-family and sample-size-tercile cell; binary cells additionally stratified by minority-class-fraction tercile
continuous,thorsson,LIHC,Dendritic Cells Resting,352,,,C,medium,not applicable,,49e52ad9dc26c09dc133af01dd187d2e379c544e257bc49841897be10072dfdc,FALSE,titan-representative-benchmark-v1,FALSE,one lowest salted SHA-256 endpoint per non-empty outcome-family and sample-size-tercile cell; binary cells additionally stratified by minority-class-fraction tercile
continuous,thorsson,PCPG,SNV Neoantigens,173,,,C,medium,not applicable,,4a2a1ac23411279eb1bff293c5316db54b28c9a3d3fc197928406251faa72973,FALSE,titan-representative-benchmark-v1,FALSE,one lowest salted SHA-256 endpoint per non-empty outcome-family and sample-size-tercile cell; binary cells additionally stratified by minority-class-fraction tercile
continuous,thorsson,SARC,NK Cells Activated,218,,,C,medium,not applicable,,4b50d136046a896448211b1188c17a1c6ed8d26d9ac5f896a03bccbea990803c,FALSE,titan-representative-benchmark-v1,FALSE,one lowest salted SHA-256 endpoint per non-empty outcome-family and sample-size-tercile cell; binary cells additionally stratified by minority-class-fraction tercile
continuous,thorsson,PAAD,Dendritic Cells Activated,149,,,C,medium,not applicable,,4b61e8a860f47c1bd5c87395ae668d1deea85faa4918f3872f0462a104dbfe90,FALSE,titan-representative-benchmark-v1,FALSE,one lowest salted SHA-256 endpoint per non-empty outcome-family and sample-size-tercile cell; binary cells additionally stratified by minority-class-fraction tercile
continuous,thorsson,TGCT,Macrophages M2,148,,,A,medium,not applicable,,4b8e5053d4acba65810d69f629dfa29b4e1a07204da015c416e67940510bca14,FALSE,titan-representative-benchmark-v1,FALSE,one lowest salted SHA-256 endpoint per non-empty outcome-family and sample-size-tercile cell; binary cells additionally stratified by minority-class-fraction tercile
continuous,thorsson,TGCT,Neutrophils,148,,,C,medium,not applicable,,4bd9696036e8acb20e53a9c018d8d5e63ee2fa1e2bdd5717235d3da0e9b1efd9,FALSE,titan-representative-benchmark-v1,FALSE,one lowest salted SHA-256 endpoint per non-empty outcome-family and sample-size-tercile cell; binary cells additionally stratified by minority-class-fraction tercile
continuous,thorsson,PAAD,IFN-gamma Response,149,,,C,medium,not applicable,,4c5c8e2ff19ba636b0caae00a58cb33dd2e2f84f2d085009c67042837e945c4d,FALSE,titan-representative-benchmark-v1,FALSE,one lowest salted SHA-256 endpoint per non-empty outcome-family and sample-size-tercile cell; binary cells additionally stratified by minority-class-fraction tercile
continuous,thorsson,PCPG,IFN-gamma Response,175,,,C,medium,not applicable,,4c5f7d86846161a3a1621085fa42bf375556eefdab93c9c9a1fd5679ca1847b3,FALSE,titan-representative-benchmark-v1,FALSE,one lowest salted SHA-256 endpoint per non-empty outcome-family and sample-size-tercile cell; binary cells additionally stratified by minority-class-fraction tercile
continuous,thorsson,PRAD,TCR Richness,319,,,C,medium,not applicable,,4c66fd367a63ddb8e76e18dbc005436192cdd1fb2e8456ef9df47486cb3f9c99,FALSE,titan-representative-benchmark-v1,FALSE,one lowest salted SHA-256 endpoint per non-empty outcome-family and sample-size-tercile cell; binary cells additionally stratified by minority-class-fraction tercile
continuous,thorsson,SARC,Lymphocyte Infiltration Signature Score,218,,,A,medium,not applicable,,4c93c939f7f108d2589baf4c28c0f6d0b27a76550996ac9c280d19361a5cd5e1,FALSE,titan-representative-benchmark-v1,FALSE,one lowest salted SHA-256 endpoint per non-empty outcome-family and sample-size-tercile cell; binary cells additionally stratified by minority-class-fraction tercile
continuous,thorsson,SARC,Mast Cells Resting,218,,,C,medium,not applicable,,4c98fa46602bb3c474a42ed2d52291eefeba0e051d715711fc80c6d10bdff544,FALSE,titan-representative-benchmark-v1,FALSE,one lowest salted SHA-256 endpoint per non-empty outcome-family and sample-size-tercile cell; binary cells additionally stratified by minority-class-fraction tercile
continuous,thorsson,PRAD,T Cells CD4 Memory Activated,325,,,C,medium,not applicable,,4d05c6d5486984df7f1c728d90ef013b1b0644e5b8165054ab6f0fb0163818d2,FALSE,titan-representative-benchmark-v1,FALSE,one lowest salted SHA-256 endpoint per non-empty outcome-family and sample-size-tercile cell; binary cells additionally stratified by minority-class-fraction tercile
continuous,thorsson,LIHC,T Cells gamma delta,352,,,C,medium,not applicable,,4d127278216b5704aa06ace31135cfa5dd3268652c2296bfa6dd3e9623c09ccd,FALSE,titan-representative-benchmark-v1,FALSE,one lowest salted SHA-256 endpoint per non-empty outcome-family and sample-size-tercile cell; binary cells additionally stratified by minority-class-fraction tercile
continuous,thorsson,COAD,TCR Richness,250,,,C,medium,not applicable,,4d29897071d081468ec57cc5e1b06f92474e816ecd7f5a80b8eb5c88b1f728a5,FALSE,titan-representative-benchmark-v1,FALSE,one lowest salted SHA-256 endpoint per non-empty outcome-family and sample-size-tercile cell; binary cells additionally stratified by minority-class-fraction tercile
continuous,thorsson,PRAD,Proliferation,325,,,B,medium,not applicable,,4d9a310ea21e7c8b6a58d29194fa5ecd09d94accbd52e9c104f5f1e2be7fe45d,FALSE,titan-representative-benchmark-v1,FALSE,one lowest salted SHA-256 endpoint per non-empty outcome-family and sample-size-tercile cell; binary cells additionally stratified by minority-class-fraction tercile
continuous,thorsson,PAAD,NK Cells Activated,149,,,C,medium,not applicable,,4da2574dd6a300686bdb9d1c0d0f73b78501e845f93cd97ef8b2b82fe459766a,FALSE,titan-representative-benchmark-v1,FALSE,one lowest salted SHA-256 endpoint per non-empty outcome-family and sample-size-tercile cell; binary cells additionally stratified by minority-class-fraction tercile
continuous,thorsson,PAAD,B Cells Memory,149,,,C,medium,not applicable,,4dcfa34a7576da32a3d4030699f8ec75411f4f13d63ed45a02b7e843a5b259aa,FALSE,titan-representative-benchmark-v1,FALSE,one lowest salted SHA-256 endpoint per non-empty outcome-family and sample-size-tercile cell; binary cells additionally stratified by minority-class-fraction tercile
continuous,thorsson,SKCM,T Cells CD4 Memory Activated,291,,,C,medium,not applicable,,4f667ab5941d949b03df4bbdc05097e9e914746c667a3cddc9f4a04103525d72,FALSE,titan-representative-benchmark-v1,FALSE,one lowest salted SHA-256 endpoint per non-empty outcome-family and sample-size-tercile cell; binary cells additionally stratified by minority-class-fraction tercile
continuous,thorsson,LIHC,SNV Neoantigens,340,,,C,medium,not applicable,,50026b6ab793911752ae9d0acf3763da88f6d47f06ed287befadca9005879275,FALSE,titan-representative-benchmark-v1,FALSE,one lowest salted SHA-256 endpoint per non-empty outcome-family and sample-size-tercile cell; binary cells additionally stratified by minority-class-fraction tercile
continuous,thorsson,PAAD,Macrophages M1,149,,,C,medium,not applicable,,528659ee701d65d84d41c1a814f784cd9243ddffe5e992acbafde7126008d4db,FALSE,titan-representative-benchmark-v1,FALSE,one lowest salted SHA-256 endpoint per non-empty outcome-family and sample-size-tercile cell; binary cells additionally stratified by minority-class-fraction tercile
continuous,thorsson,STAD,Macrophage Regulation,334,,,B,medium,not applicable,,533a9301b12202c939b94640356b0cca8ee1f63347b439253176c4d091607cb8,FALSE,titan-representative-benchmark-v1,FALSE,one lowest salted SHA-256 endpoint per non-empty outcome-family and sample-size-tercile cell; binary cells additionally stratified by minority-class-fraction tercile
continuous,thorsson,SARC,T Cells Follicular Helper,218,,,C,medium,not applicable,,533bd7cd7342c3504ee95349b653c2a7973142ef20338aa7c117b19474a2f17b,FALSE,titan-representative-benchmark-v1,FALSE,one lowest salted SHA-256 endpoint per non-empty outcome-family and sample-size-tercile cell; binary cells additionally stratified by minority-class-fraction tercile
continuous,thorsson,CESC,TIL Regional Fraction,229,,,B,medium,not applicable,,534ecb4b7f76c768e7ade58feb05ff2d19f1fdd8631f610cd1953bb5568c3f70,FALSE,titan-representative-benchmark-v1,FALSE,one lowest salted SHA-256 endpoint per non-empty outcome-family and sample-size-tercile cell; binary cells additionally stratified by minority-class-fraction tercile
continuous,thorsson,STAD,B Cells Memory,334,,,C,medium,not applicable,,53bbe89b2758784c46b8bdc42f34d11c5d9298633781cfeb5c8635643887b061,FALSE,titan-representative-benchmark-v1,FALSE,one lowest salted SHA-256 endpoint per non-empty outcome-family and sample-size-tercile cell; binary cells additionally stratified by minority-class-fraction tercile
continuous,thorsson,PRAD,TCR Shannon,311,,,C,medium,not applicable,,5407bdcbbd9b0c1caa510ba75158f87684cd701c66d8e0c1aa0b7d3d4d239a2e,FALSE,titan-representative-benchmark-v1,FALSE,one lowest salted SHA-256 endpoint per non-empty outcome-family and sample-size-tercile cell; binary cells additionally stratified by minority-class-fraction tercile
continuous,thorsson,KIRP,Aneuploidy Score,264,,,C,medium,not applicable,,5472b3003f6e97becb6dedcbe93e9706aabc6aae64138688f017c066aad3765e,FALSE,titan-representative-benchmark-v1,FALSE,one lowest salted SHA-256 endpoint per non-empty outcome-family and sample-size-tercile cell; binary cells additionally stratified by minority-class-fraction tercile
continuous,thorsson,STAD,Mast Cells Resting,334,,,C,medium,not applicable,,55df4e6b1c8bf90c253fbcb5c6bc3c4aac33141175dc383164d1595b31dc9e5d,FALSE,titan-representative-benchmark-v1,FALSE,one lowest salted SHA-256 endpoint per non-empty outcome-family and sample-size-tercile cell; binary cells additionally stratified by minority-class-fraction tercile
continuous,thorsson,LIHC,Th1 Cells,352,,,C,medium,not applicable,,55f3c6594f4e7c6fbcd4f1bca1dff38f9653d96a2aa622a42be3d532b581f13b,FALSE,titan-representative-benchmark-v1,FALSE,one lowest salted SHA-256 endpoint per non-empty outcome-family and sample-size-tercile cell; binary cells additionally stratified by minority-class-fraction tercile
continuous,thorsson,LIHC,T Cells Follicular Helper,352,,,C,medium,not applicable,,5692fd89c165378f329a5975c4251aaa2ba887be481e9090de6b2b646cdc60d6,FALSE,titan-representative-benchmark-v1,FALSE,one lowest salted SHA-256 endpoint per non-empty outcome-family and sample-size-tercile cell; binary cells additionally stratified by minority-class-fraction tercile
continuous,thorsson,PCPG,Macrophage Regulation,175,,,C,medium,not applicable,,573928eb38de0a04e096e2e9d3bde7a6c8554561fe573a140680edd752db37eb,FALSE,titan-representative-benchmark-v1,FALSE,one lowest salted SHA-256 endpoint per non-empty outcome-family and sample-size-tercile cell; binary cells additionally stratified by minority-class-fraction tercile
continuous,thorsson,PRAD,Macrophages M1,325,,,C,medium,not applicable,,573d62dd68613f4942170b2bdacf5551865aab1cf73e0bc012c14251d1fc42a1,FALSE,titan-representative-benchmark-v1,FALSE,one lowest salted SHA-256 endpoint per non-empty outcome-family and sample-size-tercile cell; binary cells additionally stratified by minority-class-fraction tercile
continuous,thorsson,STAD,T Cells CD8,334,,,C,medium,not applicable,,575a5d4fb0f2885da2e175eccad16b2060733aa244c99a62d5ee5f0ce86b70aa,FALSE,titan-representative-benchmark-v1,FALSE,one lowest salted SHA-256 endpoint per non-empty outcome-family and sample-size-tercile cell; binary cells additionally stratified by minority-class-fraction tercile
continuous,thorsson,TGCT,Number of Segments,148,,,C,medium,not applicable,,57921594fb78fd0dd904a1272b4828721e903505db0b6ef199f9bebf9b4c6cd5,FALSE,titan-representative-benchmark-v1,FALSE,one lowest salted SHA-256 endpoint per non-empty outcome-family and sample-size-tercile cell; binary cells additionally stratified by minority-class-fraction tercile
continuous,thorsson,LIHC,IFN-gamma Response,352,,,C,medium,not applicable,,57ce3d6b410d4fc5698edf507ff7fd98dc8bf20aeaf7cb6d2b1bbe9850e367a2,FALSE,titan-representative-benchmark-v1,FALSE,one lowest salted SHA-256 endpoint per non-empty outcome-family and sample-size-tercile cell; binary cells additionally stratified by minority-class-fraction tercile
continuous,thorsson,CESC,Th1 Cells,263,,,C,medium,not applicable,,587dcd6b14cd28a66c33899bb0278eba61afc1d999e442669a9d3c9445df2cb9,FALSE,titan-representative-benchmark-v1,FALSE,one lowest salted SHA-256 endpoint per non-empty outcome-family and sample-size-tercile cell; binary cells additionally stratified by minority-class-fraction tercile
continuous,thorsson,PRAD,Wound Healing,325,,,C,medium,not applicable,,5a4ccbfa8547f17bc7d6476a0b9035d69f2e1063d690e5a338ea6ee92c6b7f42,FALSE,titan-representative-benchmark-v1,FALSE,one lowest salted SHA-256 endpoint per non-empty outcome-family and sample-size-tercile cell; binary cells additionally stratified by minority-class-fraction tercile
continuous,thorsson,SKCM,T Cells gamma delta,291,,,C,medium,not applicable,,5b8e498f0826899bc5ff224e9ffde6ff93d16cde4264bf485af237f22b31d50d,FALSE,titan-representative-benchmark-v1,FALSE,one lowest salted SHA-256 endpoint per non-empty outcome-family and sample-size-tercile cell; binary cells additionally stratified by minority-class-fraction tercile
continuous,thorsson,STAD,T Cells Regulatory Tregs,334,,,C,medium,not applicable,,5c0166150d951a4a15672363299af6c6c1c00f691069a164deea57468aa220e5,FALSE,titan-representative-benchmark-v1,FALSE,one lowest salted SHA-256 endpoint per non-empty outcome-family and sample-size-tercile cell; binary cells additionally stratified by minority-class-fraction tercile
continuous,thorsson,STAD,T Cells Follicular Helper,334,,,C,medium,not applicable,,5cc49a1a942c3308fff9a8d3872c53f2296c51f4069719ab857e4d849a422c14,FALSE,titan-representative-benchmark-v1,FALSE,one lowest salted SHA-256 endpoint per non-empty outcome-family and sample-size-tercile cell; binary cells additionally stratified by minority-class-fraction tercile
continuous,thorsson,CESC,Th2 Cells,263,,,C,medium,not applicable,,5cd1913667372a4275812b133d932d9179ea84144542230848c68554f0ad4a3b,FALSE,titan-representative-benchmark-v1,FALSE,one lowest salted SHA-256 endpoint per non-empty outcome-family and sample-size-tercile cell; binary cells additionally stratified by minority-class-fraction tercile
continuous,thorsson,LIHC,T Cells CD4 Naive,352,,,C,medium,not applicable,,5d595beeb81c6d1c6bcffa10b782c48cee816b15d217c3052ec25148cb355570,FALSE,titan-representative-benchmark-v1,FALSE,one lowest salted SHA-256 endpoint per non-empty outcome-family and sample-size-tercile cell; binary cells additionally stratified by minority-class-fraction tercile
continuous,thorsson,SKCM,Fraction Altered,196,,,C,medium,not applicable,,5de282365304396ae5bc8f8637361bcf42f3cf3bf8ad82a67fccc2558601a47f,FALSE,titan-representative-benchmark-v1,FALSE,one lowest salted SHA-256 endpoint per non-empty outcome-family and sample-size-tercile cell; binary cells additionally stratified by minority-class-fraction tercile
continuous,thorsson,CESC,Macrophages M0,263,,,C,medium,not applicable,,5dedcde02c3e7fe759791dcd85e370c14fea94338b54f224a98587fb10d4b836,FALSE,titan-representative-benchmark-v1,FALSE,one lowest salted SHA-256 endpoint per non-empty outcome-family and sample-size-tercile cell; binary cells additionally stratified by minority-class-fraction tercile
continuous,thorsson,PRAD,Th1 Cells,325,,,C,medium,not applicable,,5e8bfaba7d255167748638b400c3371174c5926deb0c6c7a78884ad00cde4b1e,FALSE,titan-representative-benchmark-v1,FALSE,one lowest salted SHA-256 endpoint per non-empty outcome-family and sample-size-tercile cell; binary cells additionally stratified by minority-class-fraction tercile
continuous,thorsson,CESC,Proliferation,263,,,C,medium,not applicable,,5ea379fcaddf31762fe37f9af13394591ff035ee0c48cf32f487d041e1d46895,FALSE,titan-representative-benchmark-v1,FALSE,one lowest salted SHA-256 endpoint per non-empty outcome-family and sample-size-tercile cell; binary cells additionally stratified by minority-class-fraction tercile
continuous,thorsson,PRAD,T Cells CD8,325,,,C,medium,not applicable,,5ecc2789dfa7a9ded4d477e3ca18462a21f518ddf533e0cd12a856cf94dee13e,FALSE,titan-representative-benchmark-v1,FALSE,one lowest salted SHA-256 endpoint per non-empty outcome-family and sample-size-tercile cell; binary cells additionally stratified by minority-class-fraction tercile
continuous,thorsson,PCPG,Eosinophils,175,,,C,medium,not applicable,,5f8d8e7fa574123864036a53b04f5034e852167528863d827c4c0cc8db6fd102,FALSE,titan-representative-benchmark-v1,FALSE,one lowest salted SHA-256 endpoint per non-empty outcome-family and sample-size-tercile cell; binary cells additionally stratified by minority-class-fraction tercile
continuous,thorsson,STAD,Th2 Cells,334,,,C,medium,not applicable,,6124561e329651777d71287af19615cc1b225174bbc4b0c2517899ce8f4bf562,FALSE,titan-representative-benchmark-v1,FALSE,one lowest salted SHA-256 endpoint per non-empty outcome-family and sample-size-tercile cell; binary cells additionally stratified by minority-class-fraction tercile
continuous,thorsson,PAAD,Silent Mutation Rate,181,,,C,medium,not applicable,,6193c0054afc57f931d28318fda913da55e7bf67ecd253cc3c2a843871b1f9a7,FALSE,titan-representative-benchmark-v1,FALSE,one lowest salted SHA-256 endpoint per non-empty outcome-family and sample-size-tercile cell; binary cells additionally stratified by minority-class-fraction tercile
continuous,thorsson,PAAD,Mast Cells Activated,149,,,C,medium,not applicable,,61bdad06d879480ed9634ba02060bfb3a818bb04c7d1706db4e4db744e3cbbb9,FALSE,titan-representative-benchmark-v1,FALSE,one lowest salted SHA-256 endpoint per non-empty outcome-family and sample-size-tercile cell; binary cells additionally stratified by minority-class-fraction tercile
continuous,thorsson,SKCM,Neutrophils,291,,,C,medium,not applicable,,6220323ed97675dfadbf4436a4150eaa0bac4e30f7131cdf60af20aa542796e2,FALSE,titan-representative-benchmark-v1,FALSE,one lowest salted SHA-256 endpoint per non-empty outcome-family and sample-size-tercile cell; binary cells additionally stratified by minority-class-fraction tercile
continuous,thorsson,SARC,T Cells CD4 Naive,218,,,C,medium,not applicable,,6376a1b99cc826fc36481f71b10960dc56ddcb254f1ce8417b7e39bd2804ecaa,FALSE,titan-representative-benchmark-v1,FALSE,one lowest salted SHA-256 endpoint per non-empty outcome-family and sample-size-tercile cell; binary cells additionally stratified by minority-class-fraction tercile
continuous,thorsson,KIRP,Eosinophils,261,,,C,medium,not applicable,,639304ca82c38eaa6c7502b368909bb2187e4e475d4856336598e4f63bf9dbc8,FALSE,titan-representative-benchmark-v1,FALSE,one lowest salted SHA-256 endpoint per non-empty outcome-family and sample-size-tercile cell; binary cells additionally stratified by minority-class-fraction tercile
continuous,thorsson,STAD,Dendritic Cells Resting,334,,,C,medium,not applicable,,644e6fb4050c3c9d601a9f2dedc299c2093bcd22185d9d09d70ab2eb22e17c7c,FALSE,titan-representative-benchmark-v1,FALSE,one lowest salted SHA-256 endpoint per non-empty outcome-family and sample-size-tercile cell; binary cells additionally stratified by minority-class-fraction tercile
continuous,thorsson,KIRC,Stromal Fraction,316,,,C,medium,not applicable,,64d1f87cdf6b4a3df4889de282db0ad454c185483e030c159c1c37e3d0c14823,FALSE,titan-representative-benchmark-v1,FALSE,one lowest salted SHA-256 endpoint per non-empty outcome-family and sample-size-tercile cell; binary cells additionally stratified by minority-class-fraction tercile
continuous,thorsson,LIHC,Wound Healing,352,,,B,medium,not applicable,,65341890080ed7f9e576d068481f9455d7cfd2325ab6d19f0b663ed5b14604d1,FALSE,titan-representative-benchmark-v1,FALSE,one lowest salted SHA-256 endpoint per non-empty outcome-family and sample-size-tercile cell; binary cells additionally stratified by minority-class-fraction tercile
continuous,thorsson,KIRP,NK Cells Resting,261,,,C,medium,not applicable,,6599d952f7a08e816d5c154a3f03cfed145f2a28be0bbba29f3f66156f3553ea,FALSE,titan-representative-benchmark-v1,FALSE,one lowest salted SHA-256 endpoint per non-empty outcome-family and sample-size-tercile cell; binary cells additionally stratified by minority-class-fraction tercile
continuous,thorsson,PAAD,NK Cells Resting,149,,,C,medium,not applicable,,69b5a8cf6fa093206fff4128ab77b65aac0f7630d9048af7d82d853ec99cd414,FALSE,titan-representative-benchmark-v1,FALSE,one lowest salted SHA-256 endpoint per non-empty outcome-family and sample-size-tercile cell; binary cells additionally stratified by minority-class-fraction tercile
continuous,thorsson,SARC,Macrophages M1,218,,,C,medium,not applicable,,6a912396112901224a56027b75e19d117040aec67fa6cabed7c685b5ba1dd3e7,FALSE,titan-representative-benchmark-v1,FALSE,one lowest salted SHA-256 endpoint per non-empty outcome-family and sample-size-tercile cell; binary cells additionally stratified by minority-class-fraction tercile
continuous,thorsson,SKCM,Plasma Cells,291,,,C,medium,not applicable,,6c1593a6a49a97ab390c544f5cfe66509b7e290e9bb9823bb80340d21b87e0b9,FALSE,titan-representative-benchmark-v1,FALSE,one lowest salted SHA-256 endpoint per non-empty outcome-family and sample-size-tercile cell; binary cells additionally stratified by minority-class-fraction tercile
continuous,thorsson,KIRP,T Cells Follicular Helper,261,,,C,medium,not applicable,,6d1d8a67768c2dcc62ed2d2b0a330f5629852bcf7ac9552d90a81cc43af2f54b,FALSE,titan-representative-benchmark-v1,FALSE,one lowest salted SHA-256 endpoint per non-empty outcome-family and sample-size-tercile cell; binary cells additionally stratified by minority-class-fraction tercile
continuous,thorsson,CESC,Leukocyte Fraction,268,,,C,medium,not applicable,,6d4026b3ed3bb0aa1363be0a4ce2d2bd1cd650a8ee67791714eadaf2890c3d76,FALSE,titan-representative-benchmark-v1,FALSE,one lowest salted SHA-256 endpoint per non-empty outcome-family and sample-size-tercile cell; binary cells additionally stratified by minority-class-fraction tercile
continuous,thorsson,LIHC,Macrophages M0,352,,,C,medium,not applicable,,6d85a417e79e0b57bc7fbe14b52f230525c6fcbe416e7ee6687daa7c6a9f910b,FALSE,titan-representative-benchmark-v1,FALSE,one lowest salted SHA-256 endpoint per non-empty outcome-family and sample-size-tercile cell; binary cells additionally stratified by minority-class-fraction tercile
continuous,thorsson,ESCA,Number of Segments,155,,,C,medium,not applicable,,6de2546f4c9396c20dbc67b2df53272c554c3ca55c5274b777ffe0a4b6c9e596,FALSE,titan-representative-benchmark-v1,FALSE,one lowest salted SHA-256 endpoint per non-empty outcome-family and sample-size-tercile cell; binary cells additionally stratified by minority-class-fraction tercile
continuous,thorsson,PAAD,Neutrophils,149,,,C,medium,not applicable,,6e4cfabfd2d0c041a7352caf3d5d740ff69a4469ca6ab7b13c0f60215b0ad634,FALSE,titan-representative-benchmark-v1,FALSE,one lowest salted SHA-256 endpoint per non-empty outcome-family and sample-size-tercile cell; binary cells additionally stratified by minority-class-fraction tercile
continuous,thorsson,SARC,Macrophages M0,218,,,B,medium,not applicable,,6ee1e8b66048c401011e88ef69f5621339f6e22ac4b1b064ce2367fc703241c9,FALSE,titan-representative-benchmark-v1,FALSE,one lowest salted SHA-256 endpoint per non-empty outcome-family and sample-size-tercile cell; binary cells additionally stratified by minority-class-fraction tercile
continuous,thorsson,STAD,TIL Regional Fraction,335,,,B,medium,not applicable,,6fcd6fdd22d49cce916f15dc0d6652fbfb8882893d870f7bc73fea4c9cad1a4c,FALSE,titan-representative-benchmark-v1,FALSE,one lowest salted SHA-256 endpoint per non-empty outcome-family and sample-size-tercile cell; binary cells additionally stratified by minority-class-fraction tercile
continuous,thorsson,PCPG,Number of Segments,158,,,C,medium,not applicable,,6ffe5f9167d7df0a1d623c28fa0d281b497ef7d5e1d068a68da95e36c87c5933,FALSE,titan-representative-benchmark-v1,FALSE,one lowest salted SHA-256 endpoint per non-empty outcome-family and sample-size-tercile cell; binary cells additionally stratified by minority-class-fraction tercile
continuous,thorsson,GBM,Aneuploidy Score,362,,,C,medium,not applicable,,708bcb3d8281898beed1cc2639860e7a4aef9432fee4c280f75e1feb2792e601,FALSE,titan-representative-benchmark-v1,FALSE,one lowest salted SHA-256 endpoint per non-empty outcome-family and sample-size-tercile cell; binary cells additionally stratified by minority-class-fraction tercile
continuous,thorsson,STAD,Neutrophils,334,,,C,medium,not applicable,,7155d7d9b356febf033539cbee2e25e01878eeaedbf9c66c9c501b0fa836ec91,FALSE,titan-representative-benchmark-v1,FALSE,one lowest salted SHA-256 endpoint per non-empty outcome-family and sample-size-tercile cell; binary cells additionally stratified by minority-class-fraction tercile
continuous,thorsson,CESC,Monocytes,263,,,C,medium,not applicable,,720319f9e2280169b9615b4de7329b21c43fe9fbe345d9f3f6db78f4f2a77856,FALSE,titan-representative-benchmark-v1,FALSE,one lowest salted SHA-256 endpoint per non-empty outcome-family and sample-size-tercile cell; binary cells additionally stratified by minority-class-fraction tercile
continuous,thorsson,HNSC,BCR Evenness,282,,,C,medium,not applicable,,7386d397277d26b63a1192d7b5d40c3d9b48fbbcc9536ac9a85b9d8fdbefbf75,FALSE,titan-representative-benchmark-v1,FALSE,one lowest salted SHA-256 endpoint per non-empty outcome-family and sample-size-tercile cell; binary cells additionally stratified by minority-class-fraction tercile
continuous,thorsson,ESCA,Leukocyte Fraction,156,,,C,medium,not applicable,,73b5fe4feb8216e89eea3f0291890da859cf22b9f813af6ee2b13139b4cdaa0c,FALSE,titan-representative-benchmark-v1,FALSE,one lowest salted SHA-256 endpoint per non-empty outcome-family and sample-size-tercile cell; binary cells additionally stratified by minority-class-fraction tercile
continuous,thorsson,STAD,T Cells CD4 Naive,334,,,C,medium,not applicable,,73bf221f4ab059ae070b179cb2d2d8878fd0f3861482f385a9978bee5e5cb878,FALSE,titan-representative-benchmark-v1,FALSE,one lowest salted SHA-256 endpoint per non-empty outcome-family and sample-size-tercile cell; binary cells additionally stratified by minority-class-fraction tercile
continuous,thorsson,PAAD,Lymphocyte Infiltration Signature Score,149,,,C,medium,not applicable,,73c6238fa6ca1736b1824685180186363b6cf7cf289333775282f6432d9e8654,FALSE,titan-representative-benchmark-v1,FALSE,one lowest salted SHA-256 endpoint per non-empty outcome-family and sample-size-tercile cell; binary cells additionally stratified by minority-class-fraction tercile
continuous,thorsson,LIHC,Th2 Cells,352,,,B,medium,not applicable,,741130792afbc21cbffd9def06f96cf97ab4833451f80444ecee989a8c3ca82a,FALSE,titan-representative-benchmark-v1,FALSE,one lowest salted SHA-256 endpoint per non-empty outcome-family and sample-size-tercile cell; binary cells additionally stratified by minority-class-fraction tercile
continuous,thorsson,SKCM,TGF-beta Response,291,,,C,medium,not applicable,,755806290aaa1ea35a5f646038bf696f29b9a7340aeb7d3e34486937c544e21f,FALSE,titan-representative-benchmark-v1,FALSE,one lowest salted SHA-256 endpoint per non-empty outcome-family and sample-size-tercile cell; binary cells additionally stratified by minority-class-fraction tercile
continuous,thorsson,PRAD,Eosinophils,325,,,C,medium,not applicable,,797a73f86e35482a6e2dc0e14459d8d872a0a7197999682ba45fe2d54187c44f,FALSE,titan-representative-benchmark-v1,FALSE,one lowest salted SHA-256 endpoint per non-empty outcome-family and sample-size-tercile cell; binary cells additionally stratified by minority-class-fraction tercile
continuous,thorsson,PAAD,Macrophages M2,149,,,C,medium,not applicable,,79e7b0be1c6c320a0e6ad07bdc087a8a131ba6fc6b27a45f4b05c36a9b71d0a5,FALSE,titan-representative-benchmark-v1,FALSE,one lowest salted SHA-256 endpoint per non-empty outcome-family and sample-size-tercile cell; binary cells additionally stratified by minority-class-fraction tercile
continuous,thorsson,TGCT,Th2 Cells,148,,,C,medium,not applicable,,7b7a9d5fe78c4e75014c66b06856e716bc92b99e313c4ddbaf8e12580064316c,FALSE,titan-representative-benchmark-v1,FALSE,one lowest salted SHA-256 endpoint per non-empty outcome-family and sample-size-tercile cell; binary cells additionally stratified by minority-class-fraction tercile
continuous,thorsson,LIHC,Macrophages M2,352,,,C,medium,not applicable,,7c188bc707784bb866a0570d1b175bbba764314e394aaab54f20a2bf6d69889d,FALSE,titan-representative-benchmark-v1,FALSE,one lowest salted SHA-256 endpoint per non-empty outcome-family and sample-size-tercile cell; binary cells additionally stratified by minority-class-fraction tercile
continuous,thorsson,LIHC,NK Cells Resting,352,,,C,medium,not applicable,,7c53b4058b5cd3105f56575f17631a2b192a19f3b6861ef8b68ea3c3d8867365,FALSE,titan-representative-benchmark-v1,FALSE,one lowest salted SHA-256 endpoint per non-empty outcome-family and sample-size-tercile cell; binary cells additionally stratified by minority-class-fraction tercile
continuous,thorsson,STAD,B Cells Naive,334,,,C,medium,not applicable,,7cac2d85de3ca954fa3ded6e56ae85b661640e36c2b2e3f239f56908b6803705,FALSE,titan-representative-benchmark-v1,FALSE,one lowest salted SHA-256 endpoint per non-empty outcome-family and sample-size-tercile cell; binary cells additionally stratified by minority-class-fraction tercile
continuous,thorsson,SKCM,BCR Shannon,212,,,C,medium,not applicable,,7cb36e85634705d757fe857bca054231487ddf6028c95f2634ce3b8cfd846c50,FALSE,titan-representative-benchmark-v1,FALSE,one lowest salted SHA-256 endpoint per non-empty outcome-family and sample-size-tercile cell; binary cells additionally stratified by minority-class-fraction tercile
continuous,thorsson,CESC,T Cells CD8,263,,,C,medium,not applicable,,7dc432df0e91eae4666c0c628ebbaad51fa54b2512736e9aedc54106d115a372,FALSE,titan-representative-benchmark-v1,FALSE,one lowest salted SHA-256 endpoint per non-empty outcome-family and sample-size-tercile cell; binary cells additionally stratified by minority-class-fraction tercile
continuous,thorsson,PAAD,CTA Score,148,,,C,medium,not applicable,,7dd6d3142a4ff2fc8163184b53dbb57a71fff0efae44b8efb70e0ff83c72fb81,FALSE,titan-representative-benchmark-v1,FALSE,one lowest salted SHA-256 endpoint per non-empty outcome-family and sample-size-tercile cell; binary cells additionally stratified by minority-class-fraction tercile
continuous,thorsson,PCPG,Monocytes,175,,,C,medium,not applicable,,7e07a228c461f1d067e85b5ec99f95452876fa5b390c703a25bd23c5679f232a,FALSE,titan-representative-benchmark-v1,FALSE,one lowest salted SHA-256 endpoint per non-empty outcome-family and sample-size-tercile cell; binary cells additionally stratified by minority-class-fraction tercile
continuous,thorsson,STAD,TCR Shannon,331,,,C,medium,not applicable,,7f06d131303a4cd958f4b833726e96e11095030fc0064d86230b166d562a21e1,FALSE,titan-representative-benchmark-v1,FALSE,one lowest salted SHA-256 endpoint per non-empty outcome-family and sample-size-tercile cell; binary cells additionally stratified by minority-class-fraction tercile
continuous,thorsson,SARC,SNV Neoantigens,223,,,C,medium,not applicable,,7fdb34225c10edb7f7fb27d27e96f1fb8fb0afe178c36f7ae5b817e5acc2e6a4,FALSE,titan-representative-benchmark-v1,FALSE,one lowest salted SHA-256 endpoint per non-empty outcome-family and sample-size-tercile cell; binary cells additionally stratified by minority-class-fraction tercile
continuous,thorsson,STAD,CTA Score,323,,,B,medium,not applicable,,807a9ce26c5792c6130363fb1740c04e1dcbe1b6aec8da4508d43bd5127df771,FALSE,titan-representative-benchmark-v1,FALSE,one lowest salted SHA-256 endpoint per non-empty outcome-family and sample-size-tercile cell; binary cells additionally stratified by minority-class-fraction tercile
continuous,thorsson,CESC,BCR Shannon,199,,,C,medium,not applicable,,80ea852618a4adfa2ca0d42c66447bdfbc9fee09fccc6b8e52d9698b3bbff23b,FALSE,titan-representative-benchmark-v1,FALSE,one lowest salted SHA-256 endpoint per non-empty outcome-family and sample-size-tercile cell; binary cells additionally stratified by minority-class-fraction tercile
continuous,thorsson,SKCM,T Cells CD8,291,,,C,medium,not applicable,,81b519ea4790abc253b2a26461492e4f813c6f072cbc05105075ef3b455b395e,FALSE,titan-representative-benchmark-v1,FALSE,one lowest salted SHA-256 endpoint per non-empty outcome-family and sample-size-tercile cell; binary cells additionally stratified by minority-class-fraction tercile
continuous,thorsson,SKCM,NK Cells Activated,291,,,C,medium,not applicable,,82119b12bead091d2d42ee5367fa4c62b794711666dafc154584acfc1675050b,FALSE,titan-representative-benchmark-v1,FALSE,one lowest salted SHA-256 endpoint per non-empty outcome-family and sample-size-tercile cell; binary cells additionally stratified by minority-class-fraction tercile
continuous,thorsson,KIRC,BCR Evenness,198,,,C,medium,not applicable,,82413f11f177a104718a52cf032921214534dad2a3258f86a227c7dd3bcf5db7,FALSE,titan-representative-benchmark-v1,FALSE,one lowest salted SHA-256 endpoint per non-empty outcome-family and sample-size-tercile cell; binary cells additionally stratified by minority-class-fraction tercile
continuous,thorsson,CESC,BCR Evenness,183,,,C,medium,not applicable,,824473c889fe9f287662180a789dec7356056f30e843cc5fe6f9b35c9ca02d0d,FALSE,titan-representative-benchmark-v1,FALSE,one lowest salted SHA-256 endpoint per non-empty outcome-family and sample-size-tercile cell; binary cells additionally stratified by minority-class-fraction tercile
continuous,thorsson,CESC,Plasma Cells,263,,,C,medium,not applicable,,8289c6e0b15c83953a6edb0341a0ffbaef52c4de8738fd46a49da82a8e568abb,FALSE,titan-representative-benchmark-v1,FALSE,one lowest salted SHA-256 endpoint per non-empty outcome-family and sample-size-tercile cell; binary cells additionally stratified by minority-class-fraction tercile
continuous,thorsson,SKCM,Number of Segments,196,,,C,medium,not applicable,,831dc3e8cb246b2394f5179161c9a5905cb64389f4676eef891590a13de038be,FALSE,titan-representative-benchmark-v1,FALSE,one lowest salted SHA-256 endpoint per non-empty outcome-family and sample-size-tercile cell; binary cells additionally stratified by minority-class-fraction tercile
continuous,thorsson,PCPG,T Cells Regulatory Tregs,175,,,C,medium,not applicable,,833b646ff1dd4581ef8ef26bb7df424e64b93b14f50da4f1ac1bc40f1725e6d4,FALSE,titan-representative-benchmark-v1,FALSE,one lowest salted SHA-256 endpoint per non-empty outcome-family and sample-size-tercile cell; binary cells additionally stratified by minority-class-fraction tercile
continuous,thorsson,KIRP,T Cells CD4 Naive,261,,,C,medium,not applicable,,8367b98821185b4c31d86a8859a8a4ef41bc71a08bc3e42503733d03ca445e30,FALSE,titan-representative-benchmark-v1,FALSE,one lowest salted SHA-256 endpoint per non-empty outcome-family and sample-size-tercile cell; binary cells additionally stratified by minority-class-fraction tercile
continuous,thorsson,BLCA,BCR Richness,249,,,C,medium,not applicable,,85471be1adb2cde8edfe9cfeadc9950c933fb71988a9e890fa13837e634ade5c,FALSE,titan-representative-benchmark-v1,FALSE,one lowest salted SHA-256 endpoint per non-empty outcome-family and sample-size-tercile cell; binary cells additionally stratified by minority-class-fraction tercile
continuous,thorsson,CESC,TCR Richness,263,,,C,medium,not applicable,,85472a7fb35f83ad306d71204a5d9d58dc1e27b910a2d0b613e5c6b275c74149,FALSE,titan-representative-benchmark-v1,FALSE,one lowest salted SHA-256 endpoint per non-empty outcome-family and sample-size-tercile cell; binary cells additionally stratified by minority-class-fraction tercile
continuous,thorsson,COAD,BCR Richness,200,,,C,medium,not applicable,,85922a358a662601364f2ab4f68cd48bbd249e85ac9551418dd90d1fa084e38b,FALSE,titan-representative-benchmark-v1,FALSE,one lowest salted SHA-256 endpoint per non-empty outcome-family and sample-size-tercile cell; binary cells additionally stratified by minority-class-fraction tercile
continuous,thorsson,SARC,Eosinophils,218,,,C,medium,not applicable,,85b5ac25fdcb6f19ae058ad08e83706db33ad1758fb180980dd30c45d3608de7,FALSE,titan-representative-benchmark-v1,FALSE,one lowest salted SHA-256 endpoint per non-empty outcome-family and sample-size-tercile cell; binary cells additionally stratified by minority-class-fraction tercile
continuous,thorsson,PCPG,Th17 Cells,175,,,C,medium,not applicable,,873cdba5fed4f33ccee00bc8e52c0b6b422f1b9bde76e573b0c774da74838d4c,FALSE,titan-representative-benchmark-v1,FALSE,one lowest salted SHA-256 endpoint per non-empty outcome-family and sample-size-tercile cell; binary cells additionally stratified by minority-class-fraction tercile
continuous,thorsson,CESC,T Cells Regulatory Tregs,263,,,C,medium,not applicable,,87aba668c2f29056ebcf3d43a881a7393883af9cd381d4abc686fd87df44ca6d,FALSE,titan-representative-benchmark-v1,FALSE,one lowest salted SHA-256 endpoint per non-empty outcome-family and sample-size-tercile cell; binary cells additionally stratified by minority-class-fraction tercile
continuous,thorsson,LIHC,Aneuploidy Score,350,,,C,medium,not applicable,,87c7001567209d5a3123f6e2c591bdd4d9e17f49f92e5897257c8c51a2d28753,FALSE,titan-representative-benchmark-v1,FALSE,one lowest salted SHA-256 endpoint per non-empty outcome-family and sample-size-tercile cell; binary cells additionally stratified by minority-class-fraction tercile
continuous,thorsson,TGCT,Nonsilent Mutation Rate,148,,,C,medium,not applicable,,87e915920432be11d8359fc8fe4a9e651c9e8048a764ba98ece8e53e6cfa50eb,FALSE,titan-representative-benchmark-v1,FALSE,one lowest salted SHA-256 endpoint per non-empty outcome-family and sample-size-tercile cell; binary cells additionally stratified by minority-class-fraction tercile
continuous,thorsson,CESC,Intratumor Heterogeneity,259,,,C,medium,not applicable,,88cc0f86e9801595a9359e53857a13812d149b9a070bde99cea2fa3c36a8fadb,FALSE,titan-representative-benchmark-v1,FALSE,one lowest salted SHA-256 endpoint per non-empty outcome-family and sample-size-tercile cell; binary cells additionally stratified by minority-class-fraction tercile
continuous,thorsson,KIRP,T Cells CD4 Memory Resting,261,,,C,medium,not applicable,,88fc9890f4627b742713d9bc73db544dff33d725055f582f627d224194e0818e,FALSE,titan-representative-benchmark-v1,FALSE,one lowest salted SHA-256 endpoint per non-empty outcome-family and sample-size-tercile cell; binary cells additionally stratified by minority-class-fraction tercile
continuous,thorsson,PAAD,Th2 Cells,149,,,C,medium,not applicable,,8955865182ce49672918cd2c1224ab8b37f0402abfadaa11535490c57ec3937d,FALSE,titan-representative-benchmark-v1,FALSE,one lowest salted SHA-256 endpoint per non-empty outcome-family and sample-size-tercile cell; binary cells additionally stratified by minority-class-fraction tercile
continuous,thorsson,CESC,B Cells Memory,263,,,C,medium,not applicable,,89e7c56a8c667a7c24566e7c3f14a45ba415bbc60578b388e9fd624b15cf33f2,FALSE,titan-representative-benchmark-v1,FALSE,one lowest salted SHA-256 endpoint per non-empty outcome-family and sample-size-tercile cell; binary cells additionally stratified by minority-class-fraction tercile
continuous,thorsson,LIHC,Monocytes,352,,,C,medium,not applicable,,8a1051d6eb8ccf6759512ab72339f8056cf06baf3780183d98cfd2e041cc7243,FALSE,titan-representative-benchmark-v1,FALSE,one lowest salted SHA-256 endpoint per non-empty outcome-family and sample-size-tercile cell; binary cells additionally stratified by minority-class-fraction tercile
continuous,thorsson,KIRP,Th2 Cells,261,,,B,medium,not applicable,,8a74f87ed42973612e20e97005602a8b3ae033de7702b4e54c62f3a35baee050,FALSE,titan-representative-benchmark-v1,FALSE,one lowest salted SHA-256 endpoint per non-empty outcome-family and sample-size-tercile cell; binary cells additionally stratified by minority-class-fraction tercile
continuous,thorsson,ESCA,Fraction Altered,155,,,C,medium,not applicable,,8a9dc82581e15d06aa6c33c1f68e4e25e509f337aa110dec64c50399abe87795,FALSE,titan-representative-benchmark-v1,FALSE,one lowest salted SHA-256 endpoint per non-empty outcome-family and sample-size-tercile cell; binary cells additionally stratified by minority-class-fraction tercile
continuous,thorsson,PCPG,Th1 Cells,175,,,C,medium,not applicable,,8b0515364318674d22ab1a6b8c62372bb5de81706473735b7576419e2527c725,FALSE,titan-representative-benchmark-v1,FALSE,one lowest salted SHA-256 endpoint per non-empty outcome-family and sample-size-tercile cell; binary cells additionally stratified by minority-class-fraction tercile
continuous,thorsson,STAD,NK Cells Resting,334,,,C,medium,not applicable,,8b1b8ca41b9110e3271288fdd1cf2579773b8df79af902929c20dd19015028f6,FALSE,titan-representative-benchmark-v1,FALSE,one lowest salted SHA-256 endpoint per non-empty outcome-family and sample-size-tercile cell; binary cells additionally stratified by minority-class-fraction tercile
continuous,thorsson,TGCT,T Cells CD4 Memory Resting,148,,,C,medium,not applicable,,8b9248c7f07ab332dc6ba614e96447e8a7a188d3a5209fefb70506abdbdff14a,FALSE,titan-representative-benchmark-v1,FALSE,one lowest salted SHA-256 endpoint per non-empty outcome-family and sample-size-tercile cell; binary cells additionally stratified by minority-class-fraction tercile
continuous,thorsson,KIRP,B Cells Memory,261,,,C,medium,not applicable,,8bc48249921a65b6039d58e2628729f23a946a0c4daf0fa78dab55cc72c13438,FALSE,titan-representative-benchmark-v1,FALSE,one lowest salted SHA-256 endpoint per non-empty outcome-family and sample-size-tercile cell; binary cells additionally stratified by minority-class-fraction tercile
continuous,thorsson,CESC,T Cells CD4 Naive,263,,,C,medium,not applicable,,8c34258705e18de26b3415b866267c2d3716bec7fef75f93501e265239da05f2,FALSE,titan-representative-benchmark-v1,FALSE,one lowest salted SHA-256 endpoint per non-empty outcome-family and sample-size-tercile cell; binary cells additionally stratified by minority-class-fraction tercile
continuous,thorsson,TGCT,Lymphocyte Infiltration Signature Score,148,,,A,medium,not applicable,,8c8f2e5558894654dfd7ec2c2bb341a1aff7e46ecddc13b366e8f8c288b8e938,FALSE,titan-representative-benchmark-v1,FALSE,one lowest salted SHA-256 endpoint per non-empty outcome-family and sample-size-tercile cell; binary cells additionally stratified by minority-class-fraction tercile
continuous,thorsson,PAAD,Plasma Cells,149,,,C,medium,not applicable,,8c9c1d79ed01da4796a9c11c740619f59d5f1cdbc64aabaf616ce48f73c3aa04,FALSE,titan-representative-benchmark-v1,FALSE,one lowest salted SHA-256 endpoint per non-empty outcome-family and sample-size-tercile cell; binary cells additionally stratified by minority-class-fraction tercile
continuous,thorsson,SKCM,B Cells Naive,291,,,C,medium,not applicable,,8cbc25014f371838dfeec3e0bbabceac1122facda39615b5e19e9a94ceb34bc5,FALSE,titan-representative-benchmark-v1,FALSE,one lowest salted SHA-256 endpoint per non-empty outcome-family and sample-size-tercile cell; binary cells additionally stratified by minority-class-fraction tercile
continuous,thorsson,SARC,Aneuploidy Score,238,,,C,medium,not applicable,,8df65606eb75bae334cbbf3dbe132d24f6176e39e9e3d6e7312ecc40630151e8,FALSE,titan-representative-benchmark-v1,FALSE,one lowest salted SHA-256 endpoint per non-empty outcome-family and sample-size-tercile cell; binary cells additionally stratified by minority-class-fraction tercile
continuous,thorsson,KIRP,T Cells CD8,261,,,C,medium,not applicable,,8e1311412bef8d77047dcccea4de525ecfb8527a6bd9eda2c4a353b5fb4e5b32,FALSE,titan-representative-benchmark-v1,FALSE,one lowest salted SHA-256 endpoint per non-empty outcome-family and sample-size-tercile cell; binary cells additionally stratified by minority-class-fraction tercile
continuous,thorsson,STAD,TGF-beta Response,334,,,C,medium,not applicable,,8e46a1783b7370327e3ad95cd3cd11dbb229b402552ba67addad367dd3538c73,FALSE,titan-representative-benchmark-v1,FALSE,one lowest salted SHA-256 endpoint per non-empty outcome-family and sample-size-tercile cell; binary cells additionally stratified by minority-class-fraction tercile
continuous,thorsson,LIHC,TCR Richness,352,,,C,medium,not applicable,,8eaf559305ac565c65718f377818c0b17b2e8bd9f16e84ed565a68e96fb33f77,FALSE,titan-representative-benchmark-v1,FALSE,one lowest salted SHA-256 endpoint per non-empty outcome-family and sample-size-tercile cell; binary cells additionally stratified by minority-class-fraction tercile
continuous,thorsson,SKCM,Macrophages M2,291,,,C,medium,not applicable,,905b4b21d8254dc1fa79ce5911c8868172785324b36fa363b585760fa3552543,FALSE,titan-representative-benchmark-v1,FALSE,one lowest salted SHA-256 endpoint per non-empty outcome-family and sample-size-tercile cell; binary cells additionally stratified by minority-class-fraction tercile
continuous,thorsson,PAAD,Monocytes,149,,,C,medium,not applicable,,9065ad45edf4d2a1ea43af30375488e2ad485c1070e95fe325cb46c120021bb2,FALSE,titan-representative-benchmark-v1,FALSE,one lowest salted SHA-256 endpoint per non-empty outcome-family and sample-size-tercile cell; binary cells additionally stratified by minority-class-fraction tercile
continuous,thorsson,KIRP,Mast Cells Activated,261,,,C,medium,not applicable,,90a107fb6cdf7b8bafcac0ac83a12d65cdf7f4a5e9b6eadb62a84c61c3595b6a,FALSE,titan-representative-benchmark-v1,FALSE,one lowest salted SHA-256 endpoint per non-empty outcome-family and sample-size-tercile cell; binary cells additionally stratified by minority-class-fraction tercile
continuous,thorsson,PRAD,Dendritic Cells Resting,325,,,C,medium,not applicable,,9122466e1c8d94e3ffebbc5f47cf1d3616d5ca7e8630254fcb9d3015fcfa106b,FALSE,titan-representative-benchmark-v1,FALSE,one lowest salted SHA-256 endpoint per non-empty outcome-family and sample-size-tercile cell; binary cells additionally stratified by minority-class-fraction tercile
continuous,thorsson,KIRP,Plasma Cells,261,,,C,medium,not applicable,,917f07b3988e51933189195cc574c80b26229413bac8e37e152f117189170dbf,FALSE,titan-representative-benchmark-v1,FALSE,one lowest salted SHA-256 endpoint per non-empty outcome-family and sample-size-tercile cell; binary cells additionally stratified by minority-class-fraction tercile
continuous,thorsson,SARC,Mast Cells Activated,218,,,C,medium,not applicable,,92524a784b2030e8740cf3635d37a8d97661e4e4ebae3b147e3211d5cfba61c3,FALSE,titan-representative-benchmark-v1,FALSE,one lowest salted SHA-256 endpoint per non-empty outcome-family and sample-size-tercile cell; binary cells additionally stratified by minority-class-fraction tercile
continuous,thorsson,PRAD,Dendritic Cells Activated,325,,,C,medium,not applicable,,925d364f490d2396deeb47a88d9fadbc13c7fac75cf6f7fb5a780b102f05512c,FALSE,titan-representative-benchmark-v1,FALSE,one lowest salted SHA-256 endpoint per non-empty outcome-family and sample-size-tercile cell; binary cells additionally stratified by minority-class-fraction tercile
continuous,thorsson,TGCT,NK Cells Resting,148,,,C,medium,not applicable,,92d9b2b54a25e08194f6e8ea5f1dd184a9b367f2da51b80d51b91611cff8260d,FALSE,titan-representative-benchmark-v1,FALSE,one lowest salted SHA-256 endpoint per non-empty outcome-family and sample-size-tercile cell; binary cells additionally stratified by minority-class-fraction tercile
continuous,thorsson,STAD,Lymphocyte Infiltration Signature Score,334,,,B,medium,not applicable,,92e45603d396d08106ba8ded4502bc3b5937f29c32a6c7e777d0d918df1d5ac3,FALSE,titan-representative-benchmark-v1,FALSE,one lowest salted SHA-256 endpoint per non-empty outcome-family and sample-size-tercile cell; binary cells additionally stratified by minority-class-fraction tercile
continuous,thorsson,PAAD,T Cells CD4 Memory Resting,149,,,C,medium,not applicable,,93771eb56b558e587e251a5ac0ccb1fdd9198bad71e37c4527cbe4417ceb4c90,FALSE,titan-representative-benchmark-v1,FALSE,one lowest salted SHA-256 endpoint per non-empty outcome-family and sample-size-tercile cell; binary cells additionally stratified by minority-class-fraction tercile
continuous,thorsson,PCPG,T Cells CD8,175,,,C,medium,not applicable,,937a7dc916b80d1a9218b7acd4091614d1e25301b5f75a7f79f7ba66730d4379,FALSE,titan-representative-benchmark-v1,FALSE,one lowest salted SHA-256 endpoint per non-empty outcome-family and sample-size-tercile cell; binary cells additionally stratified by minority-class-fraction tercile
continuous,thorsson,SKCM,BCR Evenness,193,,,C,medium,not applicable,,939326b502fe6aa89361ada9141a7e6fe8a843f67dcc7f3b842eb6278dd166ec,FALSE,titan-representative-benchmark-v1,FALSE,one lowest salted SHA-256 endpoint per non-empty outcome-family and sample-size-tercile cell; binary cells additionally stratified by minority-class-fraction tercile
continuous,thorsson,KIRC,Nonsilent Mutation Rate,351,,,C,medium,not applicable,,93b3cfd9930288dde35d5f0f024de5c6b428e81e4dfb1dda24e983724b1a929d,FALSE,titan-representative-benchmark-v1,FALSE,one lowest salted SHA-256 endpoint per non-empty outcome-family and sample-size-tercile cell; binary cells additionally stratified by minority-class-fraction tercile
continuous,thorsson,STAD,Monocytes,334,,,C,medium,not applicable,,943c5450e81ba1aca2bd184096ca27971602837415e73c8247610595bd897ac3,FALSE,titan-representative-benchmark-v1,FALSE,one lowest salted SHA-256 endpoint per non-empty outcome-family and sample-size-tercile cell; binary cells additionally stratified by minority-class-fraction tercile
continuous,thorsson,SARC,Th17 Cells,218,,,C,medium,not applicable,,9534c86cb7154a0df661d3714c1fee7845c556e030562bd1d16e48d20db64f91,FALSE,titan-representative-benchmark-v1,FALSE,one lowest salted SHA-256 endpoint per non-empty outcome-family and sample-size-tercile cell; binary cells additionally stratified by minority-class-fraction tercile
continuous,thorsson,SARC,Leukocyte Fraction,250,,,A,medium,not applicable,,968b00eefaec92ef7162045ba3f1f561a779e2218eda7a66e8c812d2317696b4,FALSE,titan-representative-benchmark-v1,FALSE,one lowest salted SHA-256 endpoint per non-empty outcome-family and sample-size-tercile cell; binary cells additionally stratified by minority-class-fraction tercile
continuous,thorsson,CESC,NK Cells Activated,263,,,C,medium,not applicable,,97eac9540c819ad7ceb1ee9554637440d609854ca76fdb851dfe15774ce97356,FALSE,titan-representative-benchmark-v1,FALSE,one lowest salted SHA-256 endpoint per non-empty outcome-family and sample-size-tercile cell; binary cells additionally stratified by minority-class-fraction tercile
continuous,thorsson,SARC,Macrophages M2,218,,,C,medium,not applicable,,98d54dcc0c50818110dafd2c7c3412dd8c281a93c06f489f2712d23e5dcdb857,FALSE,titan-representative-benchmark-v1,FALSE,one lowest salted SHA-256 endpoint per non-empty outcome-family and sample-size-tercile cell; binary cells additionally stratified by minority-class-fraction tercile
continuous,thorsson,SARC,Dendritic Cells Activated,218,,,C,medium,not applicable,,98edebe502d65aee19c664c3df8e624d4e7428d4eef1d570c2277f4a2c1fcf6e,FALSE,titan-representative-benchmark-v1,FALSE,one lowest salted SHA-256 endpoint per non-empty outcome-family and sample-size-tercile cell; binary cells additionally stratified by minority-class-fraction tercile
continuous,thorsson,KIRP,Th17 Cells,261,,,C,medium,not applicable,,992e12f1f4abab1a894a7e1e9d4d9d58b7bd318fe1c89faacd21894cf041df6b,FALSE,titan-representative-benchmark-v1,FALSE,one lowest salted SHA-256 endpoint per non-empty outcome-family and sample-size-tercile cell; binary cells additionally stratified by minority-class-fraction tercile
continuous,thorsson,SARC,Nonsilent Mutation Rate,242,,,C,medium,not applicable,,99fb8234bce4454d7ff1cbe7020dd8d43b9da90b519e6fe6d5cd63a51766113b,FALSE,titan-representative-benchmark-v1,FALSE,one lowest salted SHA-256 endpoint per non-empty outcome-family and sample-size-tercile cell; binary cells additionally stratified by minority-class-fraction tercile
continuous,thorsson,LIHC,Number of Segments,356,,,C,medium,not applicable,,9a8f7dd7dc001d53aa95ea253d1fb0dea1653e1ebd80c18a97fb25e1738949c5,FALSE,titan-representative-benchmark-v1,FALSE,one lowest salted SHA-256 endpoint per non-empty outcome-family and sample-size-tercile cell; binary cells additionally stratified by minority-class-fraction tercile
continuous,thorsson,PAAD,SNV Neoantigens,159,,,C,medium,not applicable,,9aaba0fb4e9545e86d26e9ac55b74febc4fe10db9288f1848ff67199669cbceb,FALSE,titan-representative-benchmark-v1,FALSE,one lowest salted SHA-256 endpoint per non-empty outcome-family and sample-size-tercile cell; binary cells additionally stratified by minority-class-fraction tercile
continuous,thorsson,PAAD,Eosinophils,149,,,C,medium,not applicable,,9ac37f71ab20679021279dcb2685321550228138c4e54796e21d9bd069bae81b,FALSE,titan-representative-benchmark-v1,FALSE,one lowest salted SHA-256 endpoint per non-empty outcome-family and sample-size-tercile cell; binary cells additionally stratified by minority-class-fraction tercile
continuous,thorsson,CESC,TCR Shannon,247,,,C,medium,not applicable,,9ae82377f0ae85efa661d63a1fd26e30384475ae59b6dd0ad3c3cafd373e57b6,FALSE,titan-representative-benchmark-v1,FALSE,one lowest salted SHA-256 endpoint per non-empty outcome-family and sample-size-tercile cell; binary cells additionally stratified by minority-class-fraction tercile
continuous,thorsson,SARC,Macrophage Regulation,218,,,A,medium,not applicable,,9bb136c8115f0041a73c14b4aba699e4176bbcc389ae0e8817717e1ff4a7e2ea,FALSE,titan-representative-benchmark-v1,FALSE,one lowest salted SHA-256 endpoint per non-empty outcome-family and sample-size-tercile cell; binary cells additionally stratified by minority-class-fraction tercile
continuous,thorsson,STAD,Aneuploidy Score,360,,,B,medium,not applicable,,9be314aba146b40abed60226e1ce430aae6cdf22a828ddb5ac59a8d19899d295,FALSE,titan-representative-benchmark-v1,FALSE,one lowest salted SHA-256 endpoint per non-empty outcome-family and sample-size-tercile cell; binary cells additionally stratified by minority-class-fraction tercile
continuous,thorsson,SKCM,Wound Healing,291,,,B,medium,not applicable,,9ce30b44a4cda4a528923ac20ee68d6f2159e752407e401e429364a0e215a9c6,FALSE,titan-representative-benchmark-v1,FALSE,one lowest salted SHA-256 endpoint per non-empty outcome-family and sample-size-tercile cell; binary cells additionally stratified by minority-class-fraction tercile
continuous,thorsson,PAAD,TIL Regional Fraction,169,,,C,medium,not applicable,,9d823f4e0beea092aa44ab1d183c7dfca7fdd3d82f61f5d4fd76fe5ef1aef637,FALSE,titan-representative-benchmark-v1,FALSE,one lowest salted SHA-256 endpoint per non-empty outcome-family and sample-size-tercile cell; binary cells additionally stratified by minority-class-fraction tercile
continuous,thorsson,SARC,Plasma Cells,218,,,C,medium,not applicable,,9dc592ecd7d109478f8a35f3f6e3a318e0fc6cc9effb1402b1c17d5f7d92292a,FALSE,titan-representative-benchmark-v1,FALSE,one lowest salted SHA-256 endpoint per non-empty outcome-family and sample-size-tercile cell; binary cells additionally stratified by minority-class-fraction tercile
continuous,thorsson,SARC,Neutrophils,218,,,C,medium,not applicable,,9e0957e217671f83a8caf9482d9c4396b736e20e2a3502f9b5891f129c537033,FALSE,titan-representative-benchmark-v1,FALSE,one lowest salted SHA-256 endpoint per non-empty outcome-family and sample-size-tercile cell; binary cells additionally stratified by minority-class-fraction tercile
continuous,thorsson,GBM,Homologous Recombination Defects,362,,,C,medium,not applicable,,9e0eb208dafbb2a15fd58efaec32adee9ab22f3a66a11d8819cfdf245c32db16,FALSE,titan-representative-benchmark-v1,FALSE,one lowest salted SHA-256 endpoint per non-empty outcome-family and sample-size-tercile cell; binary cells additionally stratified by minority-class-fraction tercile
continuous,thorsson,PRAD,Neutrophils,325,,,C,medium,not applicable,,9ea96fd86ff85eff328ed8bd3fcca79d3a8f596baf075c0463ba89cd2624f27d,FALSE,titan-representative-benchmark-v1,FALSE,one lowest salted SHA-256 endpoint per non-empty outcome-family and sample-size-tercile cell; binary cells additionally stratified by minority-class-fraction tercile
continuous,thorsson,STAD,Plasma Cells,334,,,C,medium,not applicable,,9ed762e06bbeba87d69c5d3293f5f815720689d39e8efbfdea76473d622326d1,FALSE,titan-representative-benchmark-v1,FALSE,one lowest salted SHA-256 endpoint per non-empty outcome-family and sample-size-tercile cell; binary cells additionally stratified by minority-class-fraction tercile
continuous,thorsson,SKCM,Monocytes,291,,,C,medium,not applicable,,a014c7211a8fd8fc21e88cee53e37c3525ce6fc69d3c146fd256b8b746d4aa04,FALSE,titan-representative-benchmark-v1,FALSE,one lowest salted SHA-256 endpoint per non-empty outcome-family and sample-size-tercile cell; binary cells additionally stratified by minority-class-fraction tercile
continuous,thorsson,SKCM,Th2 Cells,291,,,C,medium,not applicable,,a04a4e642885769ccbcb665db66cf2351bd69f64f277122262a756e4cb4c7576,FALSE,titan-representative-benchmark-v1,FALSE,one lowest salted SHA-256 endpoint per non-empty outcome-family and sample-size-tercile cell; binary cells additionally stratified by minority-class-fraction tercile
continuous,thorsson,SKCM,Dendritic Cells Activated,291,,,C,medium,not applicable,,a08175c4d5fa9d5d45c6a05fa5e32085c346be7abe415b67d64c119ae861e102,FALSE,titan-representative-benchmark-v1,FALSE,one lowest salted SHA-256 endpoint per non-empty outcome-family and sample-size-tercile cell; binary cells additionally stratified by minority-class-fraction tercile
continuous,thorsson,CESC,BCR Richness,199,,,C,medium,not applicable,,a0fcb31537ebae578e26782b5539a8305bc7a43c412bf550701b3abb62c0dcfc,FALSE,titan-representative-benchmark-v1,FALSE,one lowest salted SHA-256 endpoint per non-empty outcome-family and sample-size-tercile cell; binary cells additionally stratified by minority-class-fraction tercile
continuous,thorsson,HNSC,BCR Richness,315,,,C,medium,not applicable,,a29e77a5dd75adf9f9621e73b5f2cca22b3ea4958e7f8c97d726d661152158ee,FALSE,titan-representative-benchmark-v1,FALSE,one lowest salted SHA-256 endpoint per non-empty outcome-family and sample-size-tercile cell; binary cells additionally stratified by minority-class-fraction tercile
continuous,thorsson,PRAD,Th17 Cells,325,,,C,medium,not applicable,,a321ff5b7f22647be5e61e6f814b39901e78d1868d2061983fc7acf1d1f39f05,FALSE,titan-representative-benchmark-v1,FALSE,one lowest salted SHA-256 endpoint per non-empty outcome-family and sample-size-tercile cell; binary cells additionally stratified by minority-class-fraction tercile
continuous,thorsson,PAAD,Th17 Cells,149,,,C,medium,not applicable,,a3529244bc00ecb7d0d9bfdb0a02a3e0be8090a6d307076009eeeb7e34625453,FALSE,titan-representative-benchmark-v1,FALSE,one lowest salted SHA-256 endpoint per non-empty outcome-family and sample-size-tercile cell; binary cells additionally stratified by minority-class-fraction tercile
continuous,thorsson,PAAD,Leukocyte Fraction,181,,,C,medium,not applicable,,a3f2828b7febf28ac74d38759bc54cb5f065e0af4db2d1c1d745a6a5703f71a1,FALSE,titan-representative-benchmark-v1,FALSE,one lowest salted SHA-256 endpoint per non-empty outcome-family and sample-size-tercile cell; binary cells additionally stratified by minority-class-fraction tercile
continuous,thorsson,CESC,T Cells gamma delta,263,,,C,medium,not applicable,,a4f060b04d0d2a9ba00faaa1c06240dd27d1a0653021b2c979e5c0f187b226f3,FALSE,titan-representative-benchmark-v1,FALSE,one lowest salted SHA-256 endpoint per non-empty outcome-family and sample-size-tercile cell; binary cells additionally stratified by minority-class-fraction tercile
continuous,thorsson,PCPG,TCR Richness,175,,,C,medium,not applicable,,a567f73bf62220cd9a2017d68b004bbd6ead9f3e3abb34d9f4adb7077261facd,FALSE,titan-representative-benchmark-v1,FALSE,one lowest salted SHA-256 endpoint per non-empty outcome-family and sample-size-tercile cell; binary cells additionally stratified by minority-class-fraction tercile
continuous,thorsson,CESC,TCR Evenness,237,,,C,medium,not applicable,,a56f3befd63ab4695b9b887e27742a4e7c090bb2f0c623828152f6d18a0d061b,FALSE,titan-representative-benchmark-v1,FALSE,one lowest salted SHA-256 endpoint per non-empty outcome-family and sample-size-tercile cell; binary cells additionally stratified by minority-class-fraction tercile
continuous,thorsson,KIRP,NK Cells Activated,261,,,C,medium,not applicable,,a81f4b6222557a52a42e64aa26b18e1cc064e90a34271f80cd5135b9dafd381d,FALSE,titan-representative-benchmark-v1,FALSE,one lowest salted SHA-256 endpoint per non-empty outcome-family and sample-size-tercile cell; binary cells additionally stratified by minority-class-fraction tercile
continuous,thorsson,SARC,B Cells Naive,218,,,C,medium,not applicable,,a8c22d5e97f5b26ffb704a58d9689193318c3a7abbf9fb80d424e5730f6e0257,FALSE,titan-representative-benchmark-v1,FALSE,one lowest salted SHA-256 endpoint per non-empty outcome-family and sample-size-tercile cell; binary cells additionally stratified by minority-class-fraction tercile
continuous,thorsson,TGCT,Wound Healing,148,,,A,medium,not applicable,,aaa944431944a69d429ec1c0b5cfe4512c7c8da09e8827227ba8c76b657f9965,FALSE,titan-representative-benchmark-v1,FALSE,one lowest salted SHA-256 endpoint per non-empty outcome-family and sample-size-tercile cell; binary cells additionally stratified by minority-class-fraction tercile
continuous,thorsson,KIRP,T Cells Regulatory Tregs,261,,,C,medium,not applicable,,aabdde501fed80878ab1e94bcfb05e05fb4853edda2b57c707b72a9828de4128,FALSE,titan-representative-benchmark-v1,FALSE,one lowest salted SHA-256 endpoint per non-empty outcome-family and sample-size-tercile cell; binary cells additionally stratified by minority-class-fraction tercile
continuous,thorsson,PCPG,Wound Healing,175,,,C,medium,not applicable,,ab4624d16b0c2e985ca09dc0d2b99e933281b4286d38beee823fc807d3c8b80c,FALSE,titan-representative-benchmark-v1,FALSE,one lowest salted SHA-256 endpoint per non-empty outcome-family and sample-size-tercile cell; binary cells additionally stratified by minority-class-fraction tercile
continuous,thorsson,TGCT,Fraction Altered,148,,,C,medium,not applicable,,abaf04cb3a101d903d93cd2c283a5fce6d6ec4b0a85e957e55b2d0efedbe9b4f,FALSE,titan-representative-benchmark-v1,FALSE,one lowest salted SHA-256 endpoint per non-empty outcome-family and sample-size-tercile cell; binary cells additionally stratified by minority-class-fraction tercile
continuous,thorsson,PRAD,Plasma Cells,325,,,C,medium,not applicable,,ac3e0d2232bb3e7b3eaad0de6868d7d07e504d0c9101acb57939a7fff6d9adb0,FALSE,titan-representative-benchmark-v1,FALSE,one lowest salted SHA-256 endpoint per non-empty outcome-family and sample-size-tercile cell; binary cells additionally stratified by minority-class-fraction tercile
continuous,thorsson,TGCT,Homologous Recombination Defects,148,,,C,medium,not applicable,,ac506a796b673a21ea728d575ab595f21df54ff17b1aeba067b6cd48b3d0f207,FALSE,titan-representative-benchmark-v1,FALSE,one lowest salted SHA-256 endpoint per non-empty outcome-family and sample-size-tercile cell; binary cells additionally stratified by minority-class-fraction tercile
continuous,thorsson,CESC,SNV Neoantigens,246,,,C,medium,not applicable,,ac7d4bb7dedbee515a06ebe5bfa5c3c7592d1492b75c7a07e4e4fdbafdc3e4cf,FALSE,titan-representative-benchmark-v1,FALSE,one lowest salted SHA-256 endpoint per non-empty outcome-family and sample-size-tercile cell; binary cells additionally stratified by minority-class-fraction tercile
continuous,thorsson,PCPG,Macrophages M1,175,,,C,medium,not applicable,,adaf18b95bbee3b0ddcaa740b70d3d3696ce59076a2901e84f502d0278c26db1,FALSE,titan-representative-benchmark-v1,FALSE,one lowest salted SHA-256 endpoint per non-empty outcome-family and sample-size-tercile cell; binary cells additionally stratified by minority-class-fraction tercile
continuous,thorsson,SARC,TCR Richness,218,,,C,medium,not applicable,,af79cf43879867c0a8092473ed5e6457494d68e396de8eb2fbe769b2399705a4,FALSE,titan-representative-benchmark-v1,FALSE,one lowest salted SHA-256 endpoint per non-empty outcome-family and sample-size-tercile cell; binary cells additionally stratified by minority-class-fraction tercile
continuous,thorsson,LIHC,Lymphocyte Infiltration Signature Score,352,,,B,medium,not applicable,,afc6ced52588d0ef2b715f9dd5edfe27b0afbec7b1d0d4ad630547c1075dff79,FALSE,titan-representative-benchmark-v1,FALSE,one lowest salted SHA-256 endpoint per non-empty outcome-family and sample-size-tercile cell; binary cells additionally stratified by minority-class-fraction tercile
continuous,thorsson,TGCT,Mast Cells Activated,148,,,C,medium,not applicable,,aff265032cc0212e88ab88e8e1902a307cf0efd2f06ea807baf6d2e7ba49b47d,FALSE,titan-representative-benchmark-v1,FALSE,one lowest salted SHA-256 endpoint per non-empty outcome-family and sample-size-tercile cell; binary cells additionally stratified by minority-class-fraction tercile
continuous,thorsson,PAAD,Th1 Cells,149,,,C,medium,not applicable,,b05676954ef3812e4cbe774c439c0ad5b61dee752c06263fa188f7c16be227c3,FALSE,titan-representative-benchmark-v1,FALSE,one lowest salted SHA-256 endpoint per non-empty outcome-family and sample-size-tercile cell; binary cells additionally stratified by minority-class-fraction tercile
continuous,thorsson,PRAD,Monocytes,325,,,C,medium,not applicable,,b0568a04e08fd0ad5fd4508b00643ca37f6e43ff2b198670a9a591be855330d0,FALSE,titan-representative-benchmark-v1,FALSE,one lowest salted SHA-256 endpoint per non-empty outcome-family and sample-size-tercile cell; binary cells additionally stratified by minority-class-fraction tercile
continuous,thorsson,SARC,Fraction Altered,246,,,C,medium,not applicable,,b0c1beb2d33610c5b6189435dd8aab4e9433129c317e6c5a23471464c4830ab6,FALSE,titan-representative-benchmark-v1,FALSE,one lowest salted SHA-256 endpoint per non-empty outcome-family and sample-size-tercile cell; binary cells additionally stratified by minority-class-fraction tercile
continuous,thorsson,SKCM,B Cells Memory,291,,,C,medium,not applicable,,b0e1e812a83c5e25b13a667f6c954c7523c3d2b355fbc90f1f5c616eb2af9c37,FALSE,titan-representative-benchmark-v1,FALSE,one lowest salted SHA-256 endpoint per non-empty outcome-family and sample-size-tercile cell; binary cells additionally stratified by minority-class-fraction tercile
continuous,thorsson,THCA,BCR Shannon,239,,,B,medium,not applicable,,b1ccdaec5a649661f220638881af73de7fd177608510ea81206d9157a4742332,FALSE,titan-representative-benchmark-v1,FALSE,one lowest salted SHA-256 endpoint per non-empty outcome-family and sample-size-tercile cell; binary cells additionally stratified by minority-class-fraction tercile
continuous,thorsson,SARC,Number of Segments,246,,,B,medium,not applicable,,b27f7c5c887ae6d750d0b80596553946a1f8dbf020d88f73612348bc3c5d530e,FALSE,titan-representative-benchmark-v1,FALSE,one lowest salted SHA-256 endpoint per non-empty outcome-family and sample-size-tercile cell; binary cells additionally stratified by minority-class-fraction tercile
continuous,thorsson,KIRC,SNV Neoantigens,335,,,C,medium,not applicable,,b30ade122569b90758f94f553ecf1e246be7beab9c748f7abff0ae77d7eca435,FALSE,titan-representative-benchmark-v1,FALSE,one lowest salted SHA-256 endpoint per non-empty outcome-family and sample-size-tercile cell; binary cells additionally stratified by minority-class-fraction tercile
continuous,thorsson,PAAD,Proliferation,149,,,C,medium,not applicable,,b427d2374a645a8f89f94482e86a123b636c576961d12b8ee28437e61097d64e,FALSE,titan-representative-benchmark-v1,FALSE,one lowest salted SHA-256 endpoint per non-empty outcome-family and sample-size-tercile cell; binary cells additionally stratified by minority-class-fraction tercile
continuous,thorsson,LIHC,B Cells Memory,352,,,C,medium,not applicable,,b44441ce0d7187d2e38488178a061dd7caa72cab1fd0f3df90fce3e45e66dda5,FALSE,titan-representative-benchmark-v1,FALSE,one lowest salted SHA-256 endpoint per non-empty outcome-family and sample-size-tercile cell; binary cells additionally stratified by minority-class-fraction tercile
continuous,thorsson,LIHC,Eosinophils,352,,,C,medium,not applicable,,b4f5422c9f900032430c64df63985c264f447f3610692511b446aa7172ba6f0b,FALSE,titan-representative-benchmark-v1,FALSE,one lowest salted SHA-256 endpoint per non-empty outcome-family and sample-size-tercile cell; binary cells additionally stratified by minority-class-fraction tercile
continuous,thorsson,CESC,B Cells Naive,263,,,C,medium,not applicable,,b55c471fa8b56fc079bb862f2f73f02b15fcee88d4947e665537f4bdd50301ca,FALSE,titan-representative-benchmark-v1,FALSE,one lowest salted SHA-256 endpoint per non-empty outcome-family and sample-size-tercile cell; binary cells additionally stratified by minority-class-fraction tercile
continuous,thorsson,CESC,Macrophages M1,263,,,C,medium,not applicable,,b585e696c246257124f863be3616846d71ffe0dda4cafed497f8ffd11fda8506,FALSE,titan-representative-benchmark-v1,FALSE,one lowest salted SHA-256 endpoint per non-empty outcome-family and sample-size-tercile cell; binary cells additionally stratified by minority-class-fraction tercile
continuous,thorsson,KIRP,Dendritic Cells Resting,261,,,C,medium,not applicable,,b59312088e4f822395c597f39e03344844e0207219a4a327a033b1479b6089c8,FALSE,titan-representative-benchmark-v1,FALSE,one lowest salted SHA-256 endpoint per non-empty outcome-family and sample-size-tercile cell; binary cells additionally stratified by minority-class-fraction tercile
continuous,thorsson,STAD,Dendritic Cells Activated,334,,,C,medium,not applicable,,b5d57fc01c6704068fb7908f8240deb0cca8a94b9e2e0d6878372b6d824f8e69,FALSE,titan-representative-benchmark-v1,FALSE,one lowest salted SHA-256 endpoint per non-empty outcome-family and sample-size-tercile cell; binary cells additionally stratified by minority-class-fraction tercile
continuous,thorsson,PCPG,T Cells Follicular Helper,175,,,C,medium,not applicable,,b5e6382149487ed7c5abc2055cb08da81b86e3a183bc28543667d44a435075eb,FALSE,titan-representative-benchmark-v1,FALSE,one lowest salted SHA-256 endpoint per non-empty outcome-family and sample-size-tercile cell; binary cells additionally stratified by minority-class-fraction tercile
continuous,thorsson,PCPG,T Cells CD4 Memory Resting,175,,,C,medium,not applicable,,b63ebcf402b8a1a48646502802be355cf26de598ee0ace94bf868ce1e48ad8e0,FALSE,titan-representative-benchmark-v1,FALSE,one lowest salted SHA-256 endpoint per non-empty outcome-family and sample-size-tercile cell; binary cells additionally stratified by minority-class-fraction tercile
continuous,thorsson,PCPG,NK Cells Activated,175,,,C,medium,not applicable,,b6e245d761ec049fd8862cb718dff109aeb000049d1cd0a5e2d0160ac5beeb29,FALSE,titan-representative-benchmark-v1,FALSE,one lowest salted SHA-256 endpoint per non-empty outcome-family and sample-size-tercile cell; binary cells additionally stratified by minority-class-fraction tercile
continuous,thorsson,KIRC,Indel Neoantigens,321,,,C,medium,not applicable,,b72066ade903dc4dd97fd5ae130064986b72d77738098478deccca9ca81fefa9,FALSE,titan-representative-benchmark-v1,FALSE,one lowest salted SHA-256 endpoint per non-empty outcome-family and sample-size-tercile cell; binary cells additionally stratified by minority-class-fraction tercile
continuous,thorsson,SKCM,Leukocyte Fraction,292,,,B,medium,not applicable,,b7a2ead736bb05fd292c1511ada933667aeaf854bdad975ad91a8143f6cb28bd,FALSE,titan-representative-benchmark-v1,FALSE,one lowest salted SHA-256 endpoint per non-empty outcome-family and sample-size-tercile cell; binary cells additionally stratified by minority-class-fraction tercile
continuous,thorsson,PRAD,Mast Cells Resting,325,,,C,medium,not applicable,,b7bd8a82092446b9c7d38401352e262453b1de26b8c72c965ab4040f61535cdd,FALSE,titan-representative-benchmark-v1,FALSE,one lowest salted SHA-256 endpoint per non-empty outcome-family and sample-size-tercile cell; binary cells additionally stratified by minority-class-fraction tercile
continuous,thorsson,TGCT,Macrophages M1,148,,,C,medium,not applicable,,b7e5c03031bdda0ad031bec01decffdecb92cc01fda5644b894dc3d9228eeb2d,FALSE,titan-representative-benchmark-v1,FALSE,one lowest salted SHA-256 endpoint per non-empty outcome-family and sample-size-tercile cell; binary cells additionally stratified by minority-class-fraction tercile
continuous,thorsson,STAD,T Cells CD4 Memory Resting,334,,,C,medium,not applicable,,b7f2ce6a9c6cfc1fda2b0abca4aa67b4d8fb8c8d22261968126afc552da31450,FALSE,titan-representative-benchmark-v1,FALSE,one lowest salted SHA-256 endpoint per non-empty outcome-family and sample-size-tercile cell; binary cells additionally stratified by minority-class-fraction tercile
continuous,thorsson,SKCM,Homologous Recombination Defects,290,,,C,medium,not applicable,,b816544016388144b738a29f338f794ee28da3f18ca5e3343dd8691e18f0bfe1,FALSE,titan-representative-benchmark-v1,FALSE,one lowest salted SHA-256 endpoint per non-empty outcome-family and sample-size-tercile cell; binary cells additionally stratified by minority-class-fraction tercile
continuous,thorsson,PAAD,TCR Richness,149,,,C,medium,not applicable,,b823d90ba3395fc437847899f1d68ae8fdcd2c9f673b3b5eecaa2e0fcabac399,FALSE,titan-representative-benchmark-v1,FALSE,one lowest salted SHA-256 endpoint per non-empty outcome-family and sample-size-tercile cell; binary cells additionally stratified by minority-class-fraction tercile
continuous,thorsson,SARC,Silent Mutation Rate,242,,,C,medium,not applicable,,b836c3fb9c409ded64aca0b6e083607485a28fbd27956201473295e66e96dbe6,FALSE,titan-representative-benchmark-v1,FALSE,one lowest salted SHA-256 endpoint per non-empty outcome-family and sample-size-tercile cell; binary cells additionally stratified by minority-class-fraction tercile
continuous,thorsson,STAD,BCR Shannon,334,,,C,medium,not applicable,,b9577cc5e376000f76d0cb1925b5ddb4b12a400efa37fbb279f9c89b9405662a,FALSE,titan-representative-benchmark-v1,FALSE,one lowest salted SHA-256 endpoint per non-empty outcome-family and sample-size-tercile cell; binary cells additionally stratified by minority-class-fraction tercile
continuous,thorsson,LIHC,TGF-beta Response,352,,,B,medium,not applicable,,b9a124e18151f28f8771de05190d52c86b5285a1bcbf7e9c3ff8adc4f876afac,FALSE,titan-representative-benchmark-v1,FALSE,one lowest salted SHA-256 endpoint per non-empty outcome-family and sample-size-tercile cell; binary cells additionally stratified by minority-class-fraction tercile
continuous,thorsson,CESC,Mast Cells Resting,263,,,C,medium,not applicable,,b9c2c2db0d3bed8664e04f226bae55ff523c5f576cd36061010d15900a3064ef,FALSE,titan-representative-benchmark-v1,FALSE,one lowest salted SHA-256 endpoint per non-empty outcome-family and sample-size-tercile cell; binary cells additionally stratified by minority-class-fraction tercile
continuous,thorsson,ESCA,Nonsilent Mutation Rate,151,,,C,medium,not applicable,,bb0d83910c8bf41071559ed377e55779c487705af3c09886084156b2aa7bff56,FALSE,titan-representative-benchmark-v1,FALSE,one lowest salted SHA-256 endpoint per non-empty outcome-family and sample-size-tercile cell; binary cells additionally stratified by minority-class-fraction tercile
continuous,thorsson,SKCM,T Cells CD4 Memory Resting,291,,,C,medium,not applicable,,bc4edba265c9ae873649ba60ba7b367391cb3965072336c1f2ca6704ea6ef15d,FALSE,titan-representative-benchmark-v1,FALSE,one lowest salted SHA-256 endpoint per non-empty outcome-family and sample-size-tercile cell; binary cells additionally stratified by minority-class-fraction tercile
continuous,thorsson,BLCA,BCR Shannon,249,,,C,medium,not applicable,,bcd81b36db8dc8009e366c5d378d929c6fb355435092800d1a25874da90d14df,FALSE,titan-representative-benchmark-v1,FALSE,one lowest salted SHA-256 endpoint per non-empty outcome-family and sample-size-tercile cell; binary cells additionally stratified by minority-class-fraction tercile
continuous,thorsson,STAD,Th17 Cells,334,,,C,medium,not applicable,,bd35effb72d5bea4a37ffd0226b2811011c48e4ee879de43f60a698966b5bc93,FALSE,titan-representative-benchmark-v1,FALSE,one lowest salted SHA-256 endpoint per non-empty outcome-family and sample-size-tercile cell; binary cells additionally stratified by minority-class-fraction tercile
continuous,thorsson,STAD,Wound Healing,334,,,B,medium,not applicable,,be2a16bbf7adccc064c62cca5c9bf3f85be5f5bbdfd4be0a487ffb5fd62b5113,FALSE,titan-representative-benchmark-v1,FALSE,one lowest salted SHA-256 endpoint per non-empty outcome-family and sample-size-tercile cell; binary cells additionally stratified by minority-class-fraction tercile
continuous,thorsson,PCPG,Dendritic Cells Activated,175,,,C,medium,not applicable,,bf6d4cc22ec1d29776eb01dde2cdc8a24b3d93b878eb42c1ab99d85c20d1dad7,FALSE,titan-representative-benchmark-v1,FALSE,one lowest salted SHA-256 endpoint per non-empty outcome-family and sample-size-tercile cell; binary cells additionally stratified by minority-class-fraction tercile
continuous,thorsson,TGCT,T Cells gamma delta,148,,,C,medium,not applicable,,bf8a0649671f527188d4aaf7e6686f23836d172a9250ee19138def0150fd8e5c,FALSE,titan-representative-benchmark-v1,FALSE,one lowest salted SHA-256 endpoint per non-empty outcome-family and sample-size-tercile cell; binary cells additionally stratified by minority-class-fraction tercile
continuous,thorsson,PRAD,T Cells CD4 Memory Resting,325,,,C,medium,not applicable,,bf953a3af5e319b27f4b97a8209ca58e012a2bbc2b1dab88474d1f713be181f8,FALSE,titan-representative-benchmark-v1,FALSE,one lowest salted SHA-256 endpoint per non-empty outcome-family and sample-size-tercile cell; binary cells additionally stratified by minority-class-fraction tercile
continuous,thorsson,KIRP,Homologous Recombination Defects,264,,,B,medium,not applicable,,c04fe31564ec3f766404fdb5ae7df572254944362283d6601da104e65f3e1b19,FALSE,titan-representative-benchmark-v1,FALSE,one lowest salted SHA-256 endpoint per non-empty outcome-family and sample-size-tercile cell; binary cells additionally stratified by minority-class-fraction tercile
continuous,thorsson,KIRP,Intratumor Heterogeneity,254,,,C,medium,not applicable,,c0542b1d48a401c513b68d05bdca0a598996b311d31b0449b9b18c570071f8c3,FALSE,titan-representative-benchmark-v1,FALSE,one lowest salted SHA-256 endpoint per non-empty outcome-family and sample-size-tercile cell; binary cells additionally stratified by minority-class-fraction tercile
continuous,thorsson,TGCT,Aneuploidy Score,148,,,C,medium,not applicable,,c08e50a3776606318147dc777d447eb8c93f66464e00e51f6107e8b1f3a59080,FALSE,titan-representative-benchmark-v1,FALSE,one lowest salted SHA-256 endpoint per non-empty outcome-family and sample-size-tercile cell; binary cells additionally stratified by minority-class-fraction tercile
continuous,thorsson,CESC,Th17 Cells,263,,,C,medium,not applicable,,c0d84a7b53c9e6019a152de2657c51b3e5c017fef18cf3f54c2cb63bd87ac73d,FALSE,titan-representative-benchmark-v1,FALSE,one lowest salted SHA-256 endpoint per non-empty outcome-family and sample-size-tercile cell; binary cells additionally stratified by minority-class-fraction tercile
continuous,thorsson,TGCT,IFN-gamma Response,148,,,C,medium,not applicable,,c0ed60e8a96ff0e9cc1fea5c80aabdfc2efa1b68e179e52dcf775c14e2e04885,FALSE,titan-representative-benchmark-v1,FALSE,one lowest salted SHA-256 endpoint per non-empty outcome-family and sample-size-tercile cell; binary cells additionally stratified by minority-class-fraction tercile
continuous,thorsson,CESC,CTA Score,251,,,C,medium,not applicable,,c14ad0040c7d54e53d0643d8842cf06175d91d777fb0a0f71890f0b75f232585,FALSE,titan-representative-benchmark-v1,FALSE,one lowest salted SHA-256 endpoint per non-empty outcome-family and sample-size-tercile cell; binary cells additionally stratified by minority-class-fraction tercile
continuous,thorsson,PRAD,B Cells Memory,325,,,C,medium,not applicable,,c18487964f05253b8a4ff057bdc49253eb7e92ba4293a4e3ac36898fdcbacc0b,FALSE,titan-representative-benchmark-v1,FALSE,one lowest salted SHA-256 endpoint per non-empty outcome-family and sample-size-tercile cell; binary cells additionally stratified by minority-class-fraction tercile
continuous,thorsson,THCA,BCR Evenness,206,,,C,medium,not applicable,,c1fc031c5e2866ad1702f877258f7d003317638df3d6e3669ccab5fdc3dbd4a0,FALSE,titan-representative-benchmark-v1,FALSE,one lowest salted SHA-256 endpoint per non-empty outcome-family and sample-size-tercile cell; binary cells additionally stratified by minority-class-fraction tercile
continuous,thorsson,SKCM,Aneuploidy Score,287,,,C,medium,not applicable,,c250f074b60f124af4210ba9d206972ce02b59eeed1864dfdf76c20d298de44a,FALSE,titan-representative-benchmark-v1,FALSE,one lowest salted SHA-256 endpoint per non-empty outcome-family and sample-size-tercile cell; binary cells additionally stratified by minority-class-fraction tercile
continuous,thorsson,CESC,Indel Neoantigens,214,,,C,medium,not applicable,,c2655fd822d4d3e7f73ceda804cc4c9e927aa82b420b2f24fed2c11b06122ce1,FALSE,titan-representative-benchmark-v1,FALSE,one lowest salted SHA-256 endpoint per non-empty outcome-family and sample-size-tercile cell; binary cells additionally stratified by minority-class-fraction tercile
continuous,thorsson,PRAD,Macrophage Regulation,325,,,C,medium,not applicable,,c333bfdd40acdfbcbe1c52ce47695291681054b4592ad223b3d65db6fbacb4de,FALSE,titan-representative-benchmark-v1,FALSE,one lowest salted SHA-256 endpoint per non-empty outcome-family and sample-size-tercile cell; binary cells additionally stratified by minority-class-fraction tercile
continuous,thorsson,SKCM,TCR Richness,291,,,B,medium,not applicable,,c3e1792b72a887790c589b448f0ab28fb73b4e46c75bb0bc537ad7f73b185f0c,FALSE,titan-representative-benchmark-v1,FALSE,one lowest salted SHA-256 endpoint per non-empty outcome-family and sample-size-tercile cell; binary cells additionally stratified by minority-class-fraction tercile
continuous,thorsson,ESCA,Silent Mutation Rate,151,,,C,medium,not applicable,,c402637e099d27ba5fc5d3d1777d9ec27f15c7b523272d36e21ebea9feb61d44,FALSE,titan-representative-benchmark-v1,FALSE,one lowest salted SHA-256 endpoint per non-empty outcome-family and sample-size-tercile cell; binary cells additionally stratified by minority-class-fraction tercile
continuous,thorsson,SKCM,BCR Richness,212,,,C,medium,not applicable,,c512b75c6f56e69ccc3f59807e1d211f44316088680c69db239bdbfc881f45c3,FALSE,titan-representative-benchmark-v1,FALSE,one lowest salted SHA-256 endpoint per non-empty outcome-family and sample-size-tercile cell; binary cells additionally stratified by minority-class-fraction tercile
continuous,thorsson,STAD,Intratumor Heterogeneity,360,,,C,medium,not applicable,,c52510f47cf3cbc652608231c8dd2b9df0931867827cdfb58be379476c14180e,FALSE,titan-representative-benchmark-v1,FALSE,one lowest salted SHA-256 endpoint per non-empty outcome-family and sample-size-tercile cell; binary cells additionally stratified by minority-class-fraction tercile
continuous,thorsson,PRAD,Macrophages M2,325,,,C,medium,not applicable,,c55616f767504bf24a56f23db729db25baa7bcd9774a3963b917f189257a12d2,FALSE,titan-representative-benchmark-v1,FALSE,one lowest salted SHA-256 endpoint per non-empty outcome-family and sample-size-tercile cell; binary cells additionally stratified by minority-class-fraction tercile
continuous,thorsson,BLCA,TIL Regional Fraction,297,,,A,medium,not applicable,,c567f8b821dc1118911d9ce7e25bec264943850397398ce2fc0374c1758ebde3,FALSE,titan-representative-benchmark-v1,FALSE,one lowest salted SHA-256 endpoint per non-empty outcome-family and sample-size-tercile cell; binary cells additionally stratified by minority-class-fraction tercile
continuous,thorsson,CESC,Mast Cells Activated,263,,,C,medium,not applicable,,c58fd1fccb77079395573f740c2cae432dd20542d97afc527b0a4046a346683a,FALSE,titan-representative-benchmark-v1,FALSE,one lowest salted SHA-256 endpoint per non-empty outcome-family and sample-size-tercile cell; binary cells additionally stratified by minority-class-fraction tercile
continuous,thorsson,TGCT,Macrophage Regulation,148,,,A,medium,not applicable,,c594d2690099a3d634f3b80e91b1adf4d5bb3d51710dd2a80c0272378df9a410,FALSE,titan-representative-benchmark-v1,FALSE,one lowest salted SHA-256 endpoint per non-empty outcome-family and sample-size-tercile cell; binary cells additionally stratified by minority-class-fraction tercile
continuous,thorsson,GBM,Intratumor Heterogeneity,229,,,C,medium,not applicable,,c66b01cce54d9d03e062614108ade04ce2e48b968df6088fbf90b8200e546641,FALSE,titan-representative-benchmark-v1,FALSE,one lowest salted SHA-256 endpoint per non-empty outcome-family and sample-size-tercile cell; binary cells additionally stratified by minority-class-fraction tercile
continuous,thorsson,PAAD,Homologous Recombination Defects,163,,,C,medium,not applicable,,c7b273a175eb5e186fd8d468ae854d87be892e03b917752ea594370761189d96,FALSE,titan-representative-benchmark-v1,FALSE,one lowest salted SHA-256 endpoint per non-empty outcome-family and sample-size-tercile cell; binary cells additionally stratified by minority-class-fraction tercile
continuous,thorsson,PRAD,TIL Regional Fraction,332,,,B,medium,not applicable,,c7e3655aeb6cdd81808a309d82bf8f2d9cbf4cb8ebe6d99de1a55235c229ec91,FALSE,titan-representative-benchmark-v1,FALSE,one lowest salted SHA-256 endpoint per non-empty outcome-family and sample-size-tercile cell; binary cells additionally stratified by minority-class-fraction tercile
continuous,thorsson,PCPG,T Cells CD4 Naive,175,,,C,medium,not applicable,,c8607df9de8299ede8199384d9ab981dc8d2ed9a4297d17e3068164e1f0d05cf,FALSE,titan-representative-benchmark-v1,FALSE,one lowest salted SHA-256 endpoint per non-empty outcome-family and sample-size-tercile cell; binary cells additionally stratified by minority-class-fraction tercile
continuous,thorsson,CESC,Homologous Recombination Defects,259,,,C,medium,not applicable,,c99e56fd2fd536020ecc0f4c4d89905a0768ea8d64cc4b9e8e6a2e57f1aecded,FALSE,titan-representative-benchmark-v1,FALSE,one lowest salted SHA-256 endpoint per non-empty outcome-family and sample-size-tercile cell; binary cells additionally stratified by minority-class-fraction tercile
continuous,thorsson,TGCT,TGF-beta Response,148,,,A,medium,not applicable,,cb12b9e8ffa3ec7449aae42d61c567e85b88d5d82b61f1cbea11c94f5587587c,FALSE,titan-representative-benchmark-v1,FALSE,one lowest salted SHA-256 endpoint per non-empty outcome-family and sample-size-tercile cell; binary cells additionally stratified by minority-class-fraction tercile
continuous,thorsson,LIHC,CTA Score,346,,,C,medium,not applicable,,cbd92c57557545ad67ca57a07f07edc9e1b281f47b4374f2634e21f45133330c,FALSE,titan-representative-benchmark-v1,FALSE,one lowest salted SHA-256 endpoint per non-empty outcome-family and sample-size-tercile cell; binary cells additionally stratified by minority-class-fraction tercile
continuous,thorsson,PCPG,Neutrophils,175,,,C,medium,not applicable,,ccb258a2f33937199863f57a1db5e7ae6e794c45ef44d8142d472a925d61c1ba,FALSE,titan-representative-benchmark-v1,FALSE,one lowest salted SHA-256 endpoint per non-empty outcome-family and sample-size-tercile cell; binary cells additionally stratified by minority-class-fraction tercile
continuous,thorsson,SARC,Monocytes,218,,,C,medium,not applicable,,ccbc360e552f5ea8be9603f0fac80141df5e901c63b1afe6118585bd5daff7b4,FALSE,titan-representative-benchmark-v1,FALSE,one lowest salted SHA-256 endpoint per non-empty outcome-family and sample-size-tercile cell; binary cells additionally stratified by minority-class-fraction tercile
continuous,thorsson,PCPG,Leukocyte Fraction,175,,,C,medium,not applicable,,cd48816effabe97b14b07a3898e667f455c7d8e8bb625fda86efc34f9562e09d,FALSE,titan-representative-benchmark-v1,FALSE,one lowest salted SHA-256 endpoint per non-empty outcome-family and sample-size-tercile cell; binary cells additionally stratified by minority-class-fraction tercile
continuous,thorsson,STAD,Stromal Fraction,360,,,C,medium,not applicable,,ce6d08c187e15466d8a7b018ebb061b33e48a12f49a4920928c6d2f5c5815e69,FALSE,titan-representative-benchmark-v1,FALSE,one lowest salted SHA-256 endpoint per non-empty outcome-family and sample-size-tercile cell; binary cells additionally stratified by minority-class-fraction tercile
continuous,thorsson,TGCT,Silent Mutation Rate,148,,,C,medium,not applicable,,cf35c26f0fa75434c23135cfafd95a8a547fe3bd0be3b75969e48ede3a7aebf5,FALSE,titan-representative-benchmark-v1,FALSE,one lowest salted SHA-256 endpoint per non-empty outcome-family and sample-size-tercile cell; binary cells additionally stratified by minority-class-fraction tercile
continuous,thorsson,LIHC,B Cells Naive,352,,,C,medium,not applicable,,cf3a25d059facfd6221e0a1258cb4420c58e4aa075f16d96e64ee3b86a781b7e,FALSE,titan-representative-benchmark-v1,FALSE,one lowest salted SHA-256 endpoint per non-empty outcome-family and sample-size-tercile cell; binary cells additionally stratified by minority-class-fraction tercile
continuous,thorsson,STAD,BCR Evenness,330,,,C,medium,not applicable,,cf9e50a27c420f9cc07cca2cf2a2128a28e7dddf1344181467964062065d5191,FALSE,titan-representative-benchmark-v1,FALSE,one lowest salted SHA-256 endpoint per non-empty outcome-family and sample-size-tercile cell; binary cells additionally stratified by minority-class-fraction tercile
continuous,thorsson,PCPG,Aneuploidy Score,157,,,C,medium,not applicable,,d03d1a806ebc0016a2235f74ff958dc49122be4a072956f877c6066075c10028,FALSE,titan-representative-benchmark-v1,FALSE,one lowest salted SHA-256 endpoint per non-empty outcome-family and sample-size-tercile cell; binary cells additionally stratified by minority-class-fraction tercile
continuous,thorsson,STAD,IFN-gamma Response,334,,,C,medium,not applicable,,d0c9faba2f06a45fa76d16bfe6a51af4e090da7a49646590f71e1ef0d076e62c,FALSE,titan-representative-benchmark-v1,FALSE,one lowest salted SHA-256 endpoint per non-empty outcome-family and sample-size-tercile cell; binary cells additionally stratified by minority-class-fraction tercile
continuous,thorsson,GBM,Stromal Fraction,229,,,B,medium,not applicable,,d39e1b168c89e0886255f05c1b22ad965f8ce9ce2af2d04fce175044f378609b,FALSE,titan-representative-benchmark-v1,FALSE,one lowest salted SHA-256 endpoint per non-empty outcome-family and sample-size-tercile cell; binary cells additionally stratified by minority-class-fraction tercile
continuous,thorsson,CESC,IFN-gamma Response,263,,,B,medium,not applicable,,d43545f97cacdc2175a8506e25b9bce1a4879fb65363b1d8098ebe7705e7f53d,FALSE,titan-representative-benchmark-v1,FALSE,one lowest salted SHA-256 endpoint per non-empty outcome-family and sample-size-tercile cell; binary cells additionally stratified by minority-class-fraction tercile
continuous,thorsson,PAAD,Macrophages M0,149,,,C,medium,not applicable,,d54c1b46b99075df637659f15ddf9adeb70949062d0f74fcbbd1ee3c8b8ce0dc,FALSE,titan-representative-benchmark-v1,FALSE,one lowest salted SHA-256 endpoint per non-empty outcome-family and sample-size-tercile cell; binary cells additionally stratified by minority-class-fraction tercile
continuous,thorsson,LIHC,TCR Evenness,266,,,C,medium,not applicable,,d58c739d5c7f068a9230dd0137ea15738ec4d968ff7e42e57f2a42fa8a211d32,FALSE,titan-representative-benchmark-v1,FALSE,one lowest salted SHA-256 endpoint per non-empty outcome-family and sample-size-tercile cell; binary cells additionally stratified by minority-class-fraction tercile
continuous,thorsson,LIHC,Silent Mutation Rate,320,,,C,medium,not applicable,,d58d978129e901ff3a7bf746b5d2f72782f86b7fc6dd690d7248fb334ea1820a,FALSE,titan-representative-benchmark-v1,FALSE,one lowest salted SHA-256 endpoint per non-empty outcome-family and sample-size-tercile cell; binary cells additionally stratified by minority-class-fraction tercile
continuous,thorsson,TGCT,Th17 Cells,148,,,C,medium,not applicable,,d5a292ff7fba6a812ad3ff06e7d5fe4fba7f97569ad86af9f2511f9ee4177a69,FALSE,titan-representative-benchmark-v1,FALSE,one lowest salted SHA-256 endpoint per non-empty outcome-family and sample-size-tercile cell; binary cells additionally stratified by minority-class-fraction tercile
continuous,thorsson,CESC,Dendritic Cells Resting,263,,,C,medium,not applicable,,d655a8b771d478b92d110ac8c35d6f16c70a85f88d19cbf3abfb81e194d0e134,FALSE,titan-representative-benchmark-v1,FALSE,one lowest salted SHA-256 endpoint per non-empty outcome-family and sample-size-tercile cell; binary cells additionally stratified by minority-class-fraction tercile
continuous,thorsson,SKCM,T Cells CD4 Naive,291,,,C,medium,not applicable,,d680e167ef290eae76c40c1a8c566d4dd95bc34680052132ca1d80f639d71037,FALSE,titan-representative-benchmark-v1,FALSE,one lowest salted SHA-256 endpoint per non-empty outcome-family and sample-size-tercile cell; binary cells additionally stratified by minority-class-fraction tercile
continuous,thorsson,CESC,Stromal Fraction,259,,,C,medium,not applicable,,d69974ca2ee39c91ba5079168ec63932bbad3ac1ef898dd435ba8fffe2055ee0,FALSE,titan-representative-benchmark-v1,FALSE,one lowest salted SHA-256 endpoint per non-empty outcome-family and sample-size-tercile cell; binary cells additionally stratified by minority-class-fraction tercile
continuous,thorsson,BLCA,BCR Evenness,213,,,C,medium,not applicable,,d6a9d83053535716967d98ce58280e1cc482b933c97e0a102bc1668802a8e9f7,FALSE,titan-representative-benchmark-v1,FALSE,one lowest salted SHA-256 endpoint per non-empty outcome-family and sample-size-tercile cell; binary cells additionally stratified by minority-class-fraction tercile
continuous,thorsson,LIHC,Macrophages M1,352,,,C,medium,not applicable,,d6e75a12ef86cf0796f5e240a31509f07dd1b609ad944a427b1355b44bd95ba3,FALSE,titan-representative-benchmark-v1,FALSE,one lowest salted SHA-256 endpoint per non-empty outcome-family and sample-size-tercile cell; binary cells additionally stratified by minority-class-fraction tercile
continuous,thorsson,KIRP,Number of Segments,265,,,C,medium,not applicable,,d76b6d8bbd1b170ab976352d388eaa5b07185afa1500215efcbe663a6f55eae0,FALSE,titan-representative-benchmark-v1,FALSE,one lowest salted SHA-256 endpoint per non-empty outcome-family and sample-size-tercile cell; binary cells additionally stratified by minority-class-fraction tercile
continuous,thorsson,STAD,Macrophages M1,334,,,C,medium,not applicable,,d7db5421d80b76f377839ee5cac0acb7c442eea0fa8626bf252a42e06a46cee3,FALSE,titan-representative-benchmark-v1,FALSE,one lowest salted SHA-256 endpoint per non-empty outcome-family and sample-size-tercile cell; binary cells additionally stratified by minority-class-fraction tercile
continuous,thorsson,PAAD,Wound Healing,149,,,C,medium,not applicable,,d81a9e8dc6623457909d6e4f8a3727f8184b9e7f804ced9d60aae608a1ff39e2,FALSE,titan-representative-benchmark-v1,FALSE,one lowest salted SHA-256 endpoint per non-empty outcome-family and sample-size-tercile cell; binary cells additionally stratified by minority-class-fraction tercile
continuous,thorsson,SARC,T Cells CD4 Memory Resting,218,,,C,medium,not applicable,,d9822a84e6f2ccd6ce16b705a3a8ab67d52d9a227bab358cd245776109f23c6a,FALSE,titan-representative-benchmark-v1,FALSE,one lowest salted SHA-256 endpoint per non-empty outcome-family and sample-size-tercile cell; binary cells additionally stratified by minority-class-fraction tercile
continuous,thorsson,CESC,Fraction Altered,259,,,C,medium,not applicable,,d9b56c6bd115ccdfb76d171a4925897118cf1aaaca6f9f6b3e3e33446351645b,FALSE,titan-representative-benchmark-v1,FALSE,one lowest salted SHA-256 endpoint per non-empty outcome-family and sample-size-tercile cell; binary cells additionally stratified by minority-class-fraction tercile
continuous,thorsson,TGCT,NK Cells Activated,148,,,C,medium,not applicable,,dac9f2a92ba4618c0bee471866dc2fb108341d99edf0060490f467b20e026424,FALSE,titan-representative-benchmark-v1,FALSE,one lowest salted SHA-256 endpoint per non-empty outcome-family and sample-size-tercile cell; binary cells additionally stratified by minority-class-fraction tercile
continuous,thorsson,SARC,T Cells gamma delta,218,,,C,medium,not applicable,,dae0c756ac92548aa9cd6cf283e34862f0e9e461213e8e1186d9170e770edcb3,FALSE,titan-representative-benchmark-v1,FALSE,one lowest salted SHA-256 endpoint per non-empty outcome-family and sample-size-tercile cell; binary cells additionally stratified by minority-class-fraction tercile
continuous,thorsson,KIRP,CTA Score,258,,,C,medium,not applicable,,db1713e70812a5303dc90395a996738b2a168062fa8fb81d3a8cc2adbb057bad,FALSE,titan-representative-benchmark-v1,FALSE,one lowest salted SHA-256 endpoint per non-empty outcome-family and sample-size-tercile cell; binary cells additionally stratified by minority-class-fraction tercile
continuous,thorsson,SARC,Th1 Cells,218,,,B,medium,not applicable,,db4ff948181a2b4d0057f41388f039c71a7b802cdf239a4d2ef7708861efe390,FALSE,titan-representative-benchmark-v1,FALSE,one lowest salted SHA-256 endpoint per non-empty outcome-family and sample-size-tercile cell; binary cells additionally stratified by minority-class-fraction tercile
continuous,thorsson,KIRP,Indel Neoantigens,245,,,C,medium,not applicable,,dbae09deefa53f1851d5539f8ac0ff93db623c65872bf67158b8a556e9c62f0e,FALSE,titan-representative-benchmark-v1,FALSE,one lowest salted SHA-256 endpoint per non-empty outcome-family and sample-size-tercile cell; binary cells additionally stratified by minority-class-fraction tercile
continuous,thorsson,PAAD,T Cells gamma delta,149,,,C,medium,not applicable,,dbc0012eedefeff529b334782fcb49fabf050fe7caa0fbb2d3e0292c09ed7fdf,FALSE,titan-representative-benchmark-v1,FALSE,one lowest salted SHA-256 endpoint per non-empty outcome-family and sample-size-tercile cell; binary cells additionally stratified by minority-class-fraction tercile
continuous,thorsson,PCPG,Homologous Recombination Defects,157,,,C,medium,not applicable,,dc2dd712ff8f659389eb1cf8be8adea765b73700c2c84c70337ad3a95e34bdd2,FALSE,titan-representative-benchmark-v1,FALSE,one lowest salted SHA-256 endpoint per non-empty outcome-family and sample-size-tercile cell; binary cells additionally stratified by minority-class-fraction tercile
continuous,thorsson,SKCM,IFN-gamma Response,291,,,C,medium,not applicable,,df59955cdbf24a80c618cb7800bd2e6c221fd5b61a954e90eaadb7eb3d9e2f2b,FALSE,titan-representative-benchmark-v1,FALSE,one lowest salted SHA-256 endpoint per non-empty outcome-family and sample-size-tercile cell; binary cells additionally stratified by minority-class-fraction tercile
continuous,thorsson,CESC,TGF-beta Response,263,,,C,medium,not applicable,,df8fd562a00977fccd757d597d628a88175c62a44337114336438e74d65ede9a,FALSE,titan-representative-benchmark-v1,FALSE,one lowest salted SHA-256 endpoint per non-empty outcome-family and sample-size-tercile cell; binary cells additionally stratified by minority-class-fraction tercile
continuous,thorsson,SKCM,Silent Mutation Rate,292,,,C,medium,not applicable,,dff965440d1edf3eb898f166f5c346d29cbca0b9c75ed1b95170f1d1c280c344,FALSE,titan-representative-benchmark-v1,FALSE,one lowest salted SHA-256 endpoint per non-empty outcome-family and sample-size-tercile cell; binary cells additionally stratified by minority-class-fraction tercile
continuous,thorsson,SARC,T Cells CD4 Memory Activated,218,,,C,medium,not applicable,,e0ccc63755fa82ffe496997d41d1b92a7104f6c2fb96c99645337b6615cf0db9,FALSE,titan-representative-benchmark-v1,FALSE,one lowest salted SHA-256 endpoint per non-empty outcome-family and sample-size-tercile cell; binary cells additionally stratified by minority-class-fraction tercile
continuous,thorsson,SKCM,Mast Cells Activated,291,,,C,medium,not applicable,,e10b5c2357a7e330e720e970dd70b65702bb7311f1b7e07b03032e053e69fae8,FALSE,titan-representative-benchmark-v1,FALSE,one lowest salted SHA-256 endpoint per non-empty outcome-family and sample-size-tercile cell; binary cells additionally stratified by minority-class-fraction tercile
continuous,thorsson,PRAD,TGF-beta Response,325,,,C,medium,not applicable,,e1536a74a47e3447bc1d066fe06c9dc6cbc315a64a182830bceb00be01b5917b,FALSE,titan-representative-benchmark-v1,FALSE,one lowest salted SHA-256 endpoint per non-empty outcome-family and sample-size-tercile cell; binary cells additionally stratified by minority-class-fraction tercile
continuous,thorsson,SARC,NK Cells Resting,218,,,C,medium,not applicable,,e1d487dcf7185abc780cfda68d1ed9077a0445a77bd6f7f1e5970ac78e1a7b88,FALSE,titan-representative-benchmark-v1,FALSE,one lowest salted SHA-256 endpoint per non-empty outcome-family and sample-size-tercile cell; binary cells additionally stratified by minority-class-fraction tercile
continuous,thorsson,PCPG,Mast Cells Resting,175,,,C,medium,not applicable,,e1d7af86f5c65a22c57844065e653d64714254fb20542a12fbef85bc7b229e05,FALSE,titan-representative-benchmark-v1,FALSE,one lowest salted SHA-256 endpoint per non-empty outcome-family and sample-size-tercile cell; binary cells additionally stratified by minority-class-fraction tercile
continuous,thorsson,PAAD,B Cells Naive,149,,,C,medium,not applicable,,e3c69fd8928f7ad394ec68a725b65fede64e4123979921bb748ef2bacb92ed71,FALSE,titan-representative-benchmark-v1,FALSE,one lowest salted SHA-256 endpoint per non-empty outcome-family and sample-size-tercile cell; binary cells additionally stratified by minority-class-fraction tercile
continuous,thorsson,LIHC,T Cells CD4 Memory Activated,352,,,C,medium,not applicable,,e3ef769a2883fb202aa1ecfbf460de3b6908fe73ced0d3d016e7892c19d52954,FALSE,titan-representative-benchmark-v1,FALSE,one lowest salted SHA-256 endpoint per non-empty outcome-family and sample-size-tercile cell; binary cells additionally stratified by minority-class-fraction tercile
continuous,thorsson,TGCT,Dendritic Cells Activated,148,,,C,medium,not applicable,,e3f457541837acbfa19345733a56b5a049a245596503b9a59c382688deaff6f3,FALSE,titan-representative-benchmark-v1,FALSE,one lowest salted SHA-256 endpoint per non-empty outcome-family and sample-size-tercile cell; binary cells additionally stratified by minority-class-fraction tercile
continuous,thorsson,CESC,Macrophages M2,263,,,C,medium,not applicable,,e4da09d891c5349650e179a3dd9a441e57805fda213d964fa231b6277d7d71e4,FALSE,titan-representative-benchmark-v1,FALSE,one lowest salted SHA-256 endpoint per non-empty outcome-family and sample-size-tercile cell; binary cells additionally stratified by minority-class-fraction tercile
continuous,thorsson,LIHC,T Cells Regulatory Tregs,352,,,C,medium,not applicable,,e5f0d6dd7013ec2a860ae6a21e313fcf7746337442ec199b48d5de45a4163a24,FALSE,titan-representative-benchmark-v1,FALSE,one lowest salted SHA-256 endpoint per non-empty outcome-family and sample-size-tercile cell; binary cells additionally stratified by minority-class-fraction tercile
continuous,thorsson,TGCT,Th1 Cells,148,,,C,medium,not applicable,,e5f12cb35c182d47fc8970cf5d3732619b1bd0479b997a99a41a04aa3726cdff,FALSE,titan-representative-benchmark-v1,FALSE,one lowest salted SHA-256 endpoint per non-empty outcome-family and sample-size-tercile cell; binary cells additionally stratified by minority-class-fraction tercile
continuous,thorsson,KIRP,SNV Neoantigens,252,,,C,medium,not applicable,,e60e2c49b90232cff08a6c82cb7be808d37a2e4d21e22c6b6b8325ae17e647ee,FALSE,titan-representative-benchmark-v1,FALSE,one lowest salted SHA-256 endpoint per non-empty outcome-family and sample-size-tercile cell; binary cells additionally stratified by minority-class-fraction tercile
continuous,thorsson,TGCT,Eosinophils,148,,,C,medium,not applicable,,e69a208ec41d4a096deead0f3b3aaf88c29070e1f08962f5535f9a6b587f7b74,FALSE,titan-representative-benchmark-v1,FALSE,one lowest salted SHA-256 endpoint per non-empty outcome-family and sample-size-tercile cell; binary cells additionally stratified by minority-class-fraction tercile
continuous,thorsson,SARC,Homologous Recombination Defects,238,,,B,medium,not applicable,,e7d6edc7a01f3d61ff4df09497a3afb2316f95e11b2f3fc331ac4ab47a639209,FALSE,titan-representative-benchmark-v1,FALSE,one lowest salted SHA-256 endpoint per non-empty outcome-family and sample-size-tercile cell; binary cells additionally stratified by minority-class-fraction tercile
continuous,thorsson,COAD,SNV Neoantigens,350,,,B,medium,not applicable,,e8499f340bd7c92be34cf189d2b142baed140e6fb457e6d9a8d5d2603e68ae8d,FALSE,titan-representative-benchmark-v1,FALSE,one lowest salted SHA-256 endpoint per non-empty outcome-family and sample-size-tercile cell; binary cells additionally stratified by minority-class-fraction tercile
continuous,thorsson,TGCT,B Cells Naive,148,,,B,medium,not applicable,,e8a0a733afede0574eff689e6f3b3e16b67ddbba59abf42f2dc299481c1b5666,FALSE,titan-representative-benchmark-v1,FALSE,one lowest salted SHA-256 endpoint per non-empty outcome-family and sample-size-tercile cell; binary cells additionally stratified by minority-class-fraction tercile
continuous,thorsson,PCPG,Mast Cells Activated,175,,,C,medium,not applicable,,e8fa85284202108cab0881443ec180657ab7fffaf18eec08b595c2752121105d,FALSE,titan-representative-benchmark-v1,FALSE,one lowest salted SHA-256 endpoint per non-empty outcome-family and sample-size-tercile cell; binary cells additionally stratified by minority-class-fraction tercile
continuous,thorsson,SARC,Dendritic Cells Resting,218,,,C,medium,not applicable,,e93b79ac9472005f9222e1ce16f9d1ed74a41dac8defa39fc11b059ba40dbfda,FALSE,titan-representative-benchmark-v1,FALSE,one lowest salted SHA-256 endpoint per non-empty outcome-family and sample-size-tercile cell; binary cells additionally stratified by minority-class-fraction tercile
continuous,thorsson,TGCT,Mast Cells Resting,148,,,C,medium,not applicable,,e9830d1be5614b50ed11f16213b5b1c4d1196c27c9c2bea1917b9d137c3a6ece,FALSE,titan-representative-benchmark-v1,FALSE,one lowest salted SHA-256 endpoint per non-empty outcome-family and sample-size-tercile cell; binary cells additionally stratified by minority-class-fraction tercile
continuous,thorsson,PCPG,Dendritic Cells Resting,175,,,C,medium,not applicable,,ea2d3f48edf4590b3c8c1241c68ffc422697fb59aed30b6540377229916bf880,FALSE,titan-representative-benchmark-v1,FALSE,one lowest salted SHA-256 endpoint per non-empty outcome-family and sample-size-tercile cell; binary cells additionally stratified by minority-class-fraction tercile
continuous,thorsson,PAAD,Stromal Fraction,163,,,C,medium,not applicable,,ea44575d0532e662432be084622b83eea566cb345c71ffa1290eb5878d839df0,FALSE,titan-representative-benchmark-v1,FALSE,one lowest salted SHA-256 endpoint per non-empty outcome-family and sample-size-tercile cell; binary cells additionally stratified by minority-class-fraction tercile
continuous,thorsson,LIHC,Indel Neoantigens,324,,,C,medium,not applicable,,ea9896098e691035a583eaf21fd1489048d51dd6ab4ddbf7335026d847aea91f,FALSE,titan-representative-benchmark-v1,FALSE,one lowest salted SHA-256 endpoint per non-empty outcome-family and sample-size-tercile cell; binary cells additionally stratified by minority-class-fraction tercile
continuous,thorsson,PCPG,Th2 Cells,175,,,C,medium,not applicable,,eae0601aaff3d7a7dfe745078a35ececa26bf874817cab415e41885a0680238f,FALSE,titan-representative-benchmark-v1,FALSE,one lowest salted SHA-256 endpoint per non-empty outcome-family and sample-size-tercile cell; binary cells additionally stratified by minority-class-fraction tercile
continuous,thorsson,PRAD,TCR Evenness,297,,,C,medium,not applicable,,ebaac3804208b138b404699ef2ab80fb14e39ed37d25ad24ab8061436707b440,FALSE,titan-representative-benchmark-v1,FALSE,one lowest salted SHA-256 endpoint per non-empty outcome-family and sample-size-tercile cell; binary cells additionally stratified by minority-class-fraction tercile
continuous,thorsson,PCPG,Silent Mutation Rate,175,,,C,medium,not applicable,,ebc363a2f03b366ed78d82c1c569fd1b7691af6333ee453dc4bd01eaee227afb,FALSE,titan-representative-benchmark-v1,FALSE,one lowest salted SHA-256 endpoint per non-empty outcome-family and sample-size-tercile cell; binary cells additionally stratified by minority-class-fraction tercile
continuous,thorsson,SARC,T Cells CD8,218,,,C,medium,not applicable,,ecacd8808a9e7c021135aa54b8faf3b4ba7ebf172f1cfdebda947b1fc38b6b42,FALSE,titan-representative-benchmark-v1,FALSE,one lowest salted SHA-256 endpoint per non-empty outcome-family and sample-size-tercile cell; binary cells additionally stratified by minority-class-fraction tercile
continuous,thorsson,SARC,Stromal Fraction,238,,,B,medium,not applicable,,ee0bb63b8e8d56a27cece4c82da1ad5e3f563092b172022328396c34e8fac331,FALSE,titan-representative-benchmark-v1,FALSE,one lowest salted SHA-256 endpoint per non-empty outcome-family and sample-size-tercile cell; binary cells additionally stratified by minority-class-fraction tercile
continuous,thorsson,PCPG,Fraction Altered,158,,,C,medium,not applicable,,ee5214845d8726314574b709368755bb5367654245bddcc6923f1eaf7effd0b0,FALSE,titan-representative-benchmark-v1,FALSE,one lowest salted SHA-256 endpoint per non-empty outcome-family and sample-size-tercile cell; binary cells additionally stratified by minority-class-fraction tercile
continuous,thorsson,PCPG,Macrophages M0,175,,,C,medium,not applicable,,ee88db2c8e9438f5017f8b6ce4f29851d35bf3dcef1c26c33a5d94117bbaf294,FALSE,titan-representative-benchmark-v1,FALSE,one lowest salted SHA-256 endpoint per non-empty outcome-family and sample-size-tercile cell; binary cells additionally stratified by minority-class-fraction tercile
continuous,thorsson,KIRP,Macrophages M2,261,,,B,medium,not applicable,,ef2a9a8af02815ad640e2bff6804aafe97230203d6225f448ee280406d482a19,FALSE,titan-representative-benchmark-v1,FALSE,one lowest salted SHA-256 endpoint per non-empty outcome-family and sample-size-tercile cell; binary cells additionally stratified by minority-class-fraction tercile
continuous,thorsson,SKCM,TCR Shannon,276,,,B,medium,not applicable,,f087ceb78e0d0625c7cbdd9880c3117d1a71f18cfa9389f712121020446014ce,FALSE,titan-representative-benchmark-v1,FALSE,one lowest salted SHA-256 endpoint per non-empty outcome-family and sample-size-tercile cell; binary cells additionally stratified by minority-class-fraction tercile
continuous,thorsson,SARC,CTA Score,218,,,B,medium,not applicable,,f17557446f290ba79d636343f57a04e54f0d91dba2f0b9e3e2c13fdddd9cb300,FALSE,titan-representative-benchmark-v1,FALSE,one lowest salted SHA-256 endpoint per non-empty outcome-family and sample-size-tercile cell; binary cells additionally stratified by minority-class-fraction tercile
continuous,thorsson,PAAD,TGF-beta Response,149,,,C,medium,not applicable,,f1a4e9ace7b4966b291460afd325b5f42758692ff25c4111d9cc6233a82eaa76,FALSE,titan-representative-benchmark-v1,FALSE,one lowest salted SHA-256 endpoint per non-empty outcome-family and sample-size-tercile cell; binary cells additionally stratified by minority-class-fraction tercile
continuous,thorsson,KIRP,Th1 Cells,261,,,C,medium,not applicable,,f1ff7ab5e9ab16af3b5a7a22e7087f78f493767cde6d5b60b9949649d86c658b,FALSE,titan-representative-benchmark-v1,FALSE,one lowest salted SHA-256 endpoint per non-empty outcome-family and sample-size-tercile cell; binary cells additionally stratified by minority-class-fraction tercile
continuous,thorsson,PAAD,T Cells CD4 Memory Activated,149,,,C,medium,not applicable,,f21315bb4aabe16778b6a01e4878421056aabd1e217aa8001133bc30dafda492,FALSE,titan-representative-benchmark-v1,FALSE,one lowest salted SHA-256 endpoint per non-empty outcome-family and sample-size-tercile cell; binary cells additionally stratified by minority-class-fraction tercile
continuous,thorsson,SKCM,Mast Cells Resting,291,,,C,medium,not applicable,,f3950c7739aa81e0ac31cd9fe120d347b07aa76ee3895ad129376f468848e6bc,FALSE,titan-representative-benchmark-v1,FALSE,one lowest salted SHA-256 endpoint per non-empty outcome-family and sample-size-tercile cell; binary cells additionally stratified by minority-class-fraction tercile
continuous,thorsson,BLCA,TCR Shannon,321,,,C,medium,not applicable,,f3a11bc488888ad42bae31ecd4a1d231f98058946aacdb3452c540ec84e7a9f9,FALSE,titan-representative-benchmark-v1,FALSE,one lowest salted SHA-256 endpoint per non-empty outcome-family and sample-size-tercile cell; binary cells additionally stratified by minority-class-fraction tercile
continuous,thorsson,SKCM,TCR Evenness,251,,,C,medium,not applicable,,f4c0c48142eff6977b806d49650348b5f933cbb0bce4372a2c985e38796f49b3,FALSE,titan-representative-benchmark-v1,FALSE,one lowest salted SHA-256 endpoint per non-empty outcome-family and sample-size-tercile cell; binary cells additionally stratified by minority-class-fraction tercile
continuous,thorsson,SKCM,Stromal Fraction,287,,,B,medium,not applicable,,f59aa05b0c31f8cf50468d532d9b9203d70086c35f0f61e3aa2d33e3be1238a0,FALSE,titan-representative-benchmark-v1,FALSE,one lowest salted SHA-256 endpoint per non-empty outcome-family and sample-size-tercile cell; binary cells additionally stratified by minority-class-fraction tercile
continuous,thorsson,STAD,TCR Richness,331,,,C,medium,not applicable,,f6581ff02d4f23b7b52081b68a7f4d8b748b6865d9377f27720b85fd115d5896,FALSE,titan-representative-benchmark-v1,FALSE,one lowest salted SHA-256 endpoint per non-empty outcome-family and sample-size-tercile cell; binary cells additionally stratified by minority-class-fraction tercile
continuous,thorsson,SKCM,Macrophages M1,291,,,C,medium,not applicable,,f6d64ec567ab18e23858acf1d53d46bb04297c1282b32b33099a25d38f967081,FALSE,titan-representative-benchmark-v1,FALSE,one lowest salted SHA-256 endpoint per non-empty outcome-family and sample-size-tercile cell; binary cells additionally stratified by minority-class-fraction tercile
continuous,thorsson,LGG,TCR Shannon,207,,,C,medium,not applicable,,f7233dc1a6963a9150c575645eae9ca7887ea4331f01ff0d6aaf7c1a92011f68,FALSE,titan-representative-benchmark-v1,FALSE,one lowest salted SHA-256 endpoint per non-empty outcome-family and sample-size-tercile cell; binary cells additionally stratified by minority-class-fraction tercile
continuous,thorsson,CESC,NK Cells Resting,263,,,C,medium,not applicable,,f7f8cb8ae157e8d2619e7541ffb5331b3827bd7c5d37b13f20aa1df7665ccb18,FALSE,titan-representative-benchmark-v1,FALSE,one lowest salted SHA-256 endpoint per non-empty outcome-family and sample-size-tercile cell; binary cells additionally stratified by minority-class-fraction tercile
continuous,thorsson,COAD,TCR Shannon,244,,,C,medium,not applicable,,f8d8de522fb947d09f4b750302a364b1278ed1736f9e242bc2e1374da1f380a8,FALSE,titan-representative-benchmark-v1,FALSE,one lowest salted SHA-256 endpoint per non-empty outcome-family and sample-size-tercile cell; binary cells additionally stratified by minority-class-fraction tercile
continuous,thorsson,PCPG,Nonsilent Mutation Rate,175,,,C,medium,not applicable,,f97d32716d3400a6fc2999d8bb1a465f42d5594863cb0142d97ca3e0511f13a9,FALSE,titan-representative-benchmark-v1,FALSE,one lowest salted SHA-256 endpoint per non-empty outcome-family and sample-size-tercile cell; binary cells additionally stratified by minority-class-fraction tercile
continuous,thorsson,LIHC,Stromal Fraction,348,,,B,medium,not applicable,,fa268d6005cb5bb615851341f223371cf67f649c002fa1f1e4c5b515b5a94829,FALSE,titan-representative-benchmark-v1,FALSE,one lowest salted SHA-256 endpoint per non-empty outcome-family and sample-size-tercile cell; binary cells additionally stratified by minority-class-fraction tercile
continuous,thorsson,HNSC,BCR Shannon,315,,,C,medium,not applicable,,fb330987d765a4edc8654caeb8ee82f0dbcde8b23b81f69571f8fc7b1850df75,FALSE,titan-representative-benchmark-v1,FALSE,one lowest salted SHA-256 endpoint per non-empty outcome-family and sample-size-tercile cell; binary cells additionally stratified by minority-class-fraction tercile
continuous,thorsson,PAAD,T Cells Follicular Helper,149,,,C,medium,not applicable,,fbe8b18ba11777f143923bcfc494a884cf29f5acf65c5664b49a4757e2737983,FALSE,titan-representative-benchmark-v1,FALSE,one lowest salted SHA-256 endpoint per non-empty outcome-family and sample-size-tercile cell; binary cells additionally stratified by minority-class-fraction tercile
continuous,thorsson,PRAD,T Cells Regulatory Tregs,325,,,C,medium,not applicable,,fcb46bd3f7ef27fa6948fcdf2ec8d7b50ae9c2c66ed74b724cdb5490f9860e17,FALSE,titan-representative-benchmark-v1,FALSE,one lowest salted SHA-256 endpoint per non-empty outcome-family and sample-size-tercile cell; binary cells additionally stratified by minority-class-fraction tercile
continuous,thorsson,LIHC,Mast Cells Resting,352,,,C,medium,not applicable,,fcec27463f7dcf23e7a4b5da13a87bc327e6a727860a9131cb12aa13c5824a64,FALSE,titan-representative-benchmark-v1,FALSE,one lowest salted SHA-256 endpoint per non-empty outcome-family and sample-size-tercile cell; binary cells additionally stratified by minority-class-fraction tercile
continuous,thorsson,TGCT,Plasma Cells,148,,,C,medium,not applicable,,fcfc0ad59989ac37e4ef9191e0cb18a337a0a1d3dad339c3bd8341e03b4b4a02,FALSE,titan-representative-benchmark-v1,FALSE,one lowest salted SHA-256 endpoint per non-empty outcome-family and sample-size-tercile cell; binary cells additionally stratified by minority-class-fraction tercile
continuous,thorsson,KIRP,Silent Mutation Rate,266,,,C,medium,not applicable,,fd1989554b5899b48dec155584afa11f4adf57778fbd537bbc03c051b2f05ae0,FALSE,titan-representative-benchmark-v1,FALSE,one lowest salted SHA-256 endpoint per non-empty outcome-family and sample-size-tercile cell; binary cells additionally stratified by minority-class-fraction tercile
continuous,thorsson,CESC,Eosinophils,263,,,C,medium,not applicable,,fd30c9c31ad3875d98124be53e710638bd3dee61a6640d44d7125b960129d482,FALSE,titan-representative-benchmark-v1,FALSE,one lowest salted SHA-256 endpoint per non-empty outcome-family and sample-size-tercile cell; binary cells additionally stratified by minority-class-fraction tercile
continuous,thorsson,KIRP,Monocytes,261,,,C,medium,not applicable,,fd37c92da72d54d8eba8c05b7856977d21a3ad7d35b194e64b8d513242116491,FALSE,titan-representative-benchmark-v1,FALSE,one lowest salted SHA-256 endpoint per non-empty outcome-family and sample-size-tercile cell; binary cells additionally stratified by minority-class-fraction tercile
continuous,thorsson,PCPG,Plasma Cells,175,,,C,medium,not applicable,,fe17934399d693c6698d69c0f241e1cc21e5b2080fcdf4fcf5f5ad5fb591ad36,FALSE,titan-representative-benchmark-v1,FALSE,one lowest salted SHA-256 endpoint per non-empty outcome-family and sample-size-tercile cell; binary cells additionally stratified by minority-class-fraction tercile
continuous,thorsson,ACC,Plasma Cells,54,,,C,small,not applicable,,023ddc15583e90dd900c347ade17b5c8eec8393614253dd4aa8bd61cbf8ade62,TRUE,titan-representative-benchmark-v1,FALSE,one lowest salted SHA-256 endpoint per non-empty outcome-family and sample-size-tercile cell; binary cells additionally stratified by minority-class-fraction tercile
continuous,thorsson,MESO,Macrophages M1,72,,,C,small,not applicable,,025e59e93179e0303627ac37fbf5508c4e380262bdad605dd37257b266f5f5d5,FALSE,titan-representative-benchmark-v1,FALSE,one lowest salted SHA-256 endpoint per non-empty outcome-family and sample-size-tercile cell; binary cells additionally stratified by minority-class-fraction tercile
continuous,thorsson,ESCA,Macrophage Regulation,147,,,C,small,not applicable,,04a43c1bbe627a5db9e3593fc36af1b197f4792e9031ca94be90a2df81fddd11,FALSE,titan-representative-benchmark-v1,FALSE,one lowest salted SHA-256 endpoint per non-empty outcome-family and sample-size-tercile cell; binary cells additionally stratified by minority-class-fraction tercile
continuous,thorsson,ESCA,BCR Evenness,140,,,C,small,not applicable,,04a664c62e52110e791928d50da94fe7855128a7a572804b0d4fdbcbfbdfda2c,FALSE,titan-representative-benchmark-v1,FALSE,one lowest salted SHA-256 endpoint per non-empty outcome-family and sample-size-tercile cell; binary cells additionally stratified by minority-class-fraction tercile
continuous,thorsson,SKCM,CTA Score,96,,,C,small,not applicable,,04b25d82e1a188ee3296f5fc5502c72d1bb3875d932ba78cad0a476401421a50,FALSE,titan-representative-benchmark-v1,FALSE,one lowest salted SHA-256 endpoint per non-empty outcome-family and sample-size-tercile cell; binary cells additionally stratified by minority-class-fraction tercile
continuous,thorsson,UCS,Homologous Recombination Defects,52,,,C,small,not applicable,,06155a85e0e6a4d331f4da45b6b7e9774c734901f4b8b3dbb59c4103c4bad36a,FALSE,titan-representative-benchmark-v1,FALSE,one lowest salted SHA-256 endpoint per non-empty outcome-family and sample-size-tercile cell; binary cells additionally stratified by minority-class-fraction tercile
continuous,thorsson,OV,Leukocyte Fraction,106,,,C,small,not applicable,,06353067b08056f783675ca0ef8c74ce2ec34a620daf4c2b6262a24ff34ad2ea,FALSE,titan-representative-benchmark-v1,FALSE,one lowest salted SHA-256 endpoint per non-empty outcome-family and sample-size-tercile cell; binary cells additionally stratified by minority-class-fraction tercile
continuous,thorsson,CESC,Nonsilent Mutation Rate,131,,,C,small,not applicable,,06f51339ff271d1e6396a34502d08863708af42d833c8077ebd025a8d08b2fff,FALSE,titan-representative-benchmark-v1,FALSE,one lowest salted SHA-256 endpoint per non-empty outcome-family and sample-size-tercile cell; binary cells additionally stratified by minority-class-fraction tercile
continuous,thorsson,ACC,Number of Segments,54,,,C,small,not applicable,,07229cbcd1b7970eb20b5cc65e981e7e5bec9595c31db815ca70d8e9a8a00289,FALSE,titan-representative-benchmark-v1,FALSE,one lowest salted SHA-256 endpoint per non-empty outcome-family and sample-size-tercile cell; binary cells additionally stratified by minority-class-fraction tercile
continuous,thorsson,OV,Plasma Cells,69,,,C,small,not applicable,,07dd8c69ae4e1bab8651920036353e2c1c5d59f64e04c487684baaddbeb1b694,FALSE,titan-representative-benchmark-v1,FALSE,one lowest salted SHA-256 endpoint per non-empty outcome-family and sample-size-tercile cell; binary cells additionally stratified by minority-class-fraction tercile
continuous,thorsson,TGCT,BCR Shannon,126,,,C,small,not applicable,,08138122c161227bebdf33ed8843c24d5e1c95beed19ba81323402356f40bdc7,FALSE,titan-representative-benchmark-v1,FALSE,one lowest salted SHA-256 endpoint per non-empty outcome-family and sample-size-tercile cell; binary cells additionally stratified by minority-class-fraction tercile
continuous,thorsson,MESO,Dendritic Cells Activated,72,,,C,small,not applicable,,083cdc8c337c444b6ae957812f339c46b51857b834f9ff5dee9c93b350c0c4e5,FALSE,titan-representative-benchmark-v1,FALSE,one lowest salted SHA-256 endpoint per non-empty outcome-family and sample-size-tercile cell; binary cells additionally stratified by minority-class-fraction tercile
continuous,thorsson,OV,T Cells gamma delta,69,,,C,small,not applicable,,08b031e97ea1a08a035c9ec1c7ee00deea7afd9f501c33c1a47a6522b1251308,FALSE,titan-representative-benchmark-v1,FALSE,one lowest salted SHA-256 endpoint per non-empty outcome-family and sample-size-tercile cell; binary cells additionally stratified by minority-class-fraction tercile
continuous,thorsson,MESO,IFN-gamma Response,72,,,C,small,not applicable,,08bc0213dd50a94a2069e1a980e1f7e7bb4c7cdcd8eb51991cc4819fa3aab951,FALSE,titan-representative-benchmark-v1,FALSE,one lowest salted SHA-256 endpoint per non-empty outcome-family and sample-size-tercile cell; binary cells additionally stratified by minority-class-fraction tercile
continuous,thorsson,READ,Dendritic Cells Activated,144,,,C,small,not applicable,,0a46ab306e6e8ab93674441b1bc4b59f5d32ff39bdf3b91ef6bc2e7d31caa07d,FALSE,titan-representative-benchmark-v1,FALSE,one lowest salted SHA-256 endpoint per non-empty outcome-family and sample-size-tercile cell; binary cells additionally stratified by minority-class-fraction tercile
continuous,thorsson,ACC,Dendritic Cells Activated,54,,,C,small,not applicable,,0a51d4c701a8045425512b7814dd5e91e4a1d1b477e17211d24be3f34ec1c715,FALSE,titan-representative-benchmark-v1,FALSE,one lowest salted SHA-256 endpoint per non-empty outcome-family and sample-size-tercile cell; binary cells additionally stratified by minority-class-fraction tercile
continuous,thorsson,TGCT,BCR Richness,126,,,C,small,not applicable,,0bc61c0452c50cc25ba097b6e3c73485cb7dbba4939d355d4a8d4316865ecf64,FALSE,titan-representative-benchmark-v1,FALSE,one lowest salted SHA-256 endpoint per non-empty outcome-family and sample-size-tercile cell; binary cells additionally stratified by minority-class-fraction tercile
continuous,thorsson,UVM,Monocytes,80,,,C,small,not applicable,,0beedd308aa03049d3e00aafbdab899f66037bcf575938336add3b13b9e7c901,FALSE,titan-representative-benchmark-v1,FALSE,one lowest salted SHA-256 endpoint per non-empty outcome-family and sample-size-tercile cell; binary cells additionally stratified by minority-class-fraction tercile
continuous,thorsson,GBM,Macrophage Regulation,96,,,B,small,not applicable,,0c72802a0fca5ed0002b195250cc844fa7983e78a48a69d77b11d0ba891cc7e5,FALSE,titan-representative-benchmark-v1,FALSE,one lowest salted SHA-256 endpoint per non-empty outcome-family and sample-size-tercile cell; binary cells additionally stratified by minority-class-fraction tercile
continuous,thorsson,THYM,Intratumor Heterogeneity,104,,,C,small,not applicable,,0c87445fb3b55e2f85c2c6c389d4e040e7a490c9f5474f5b7978b8c736cdff7f,FALSE,titan-representative-benchmark-v1,FALSE,one lowest salted SHA-256 endpoint per non-empty outcome-family and sample-size-tercile cell; binary cells additionally stratified by minority-class-fraction tercile
continuous,thorsson,UVM,Homologous Recombination Defects,80,,,C,small,not applicable,,0c95ff99fb6fce1aab3f5ced61f2cbd77a8258e93e938326dd199dce9cdb60cf,FALSE,titan-representative-benchmark-v1,FALSE,one lowest salted SHA-256 endpoint per non-empty outcome-family and sample-size-tercile cell; binary cells additionally stratified by minority-class-fraction tercile
continuous,thorsson,UVM,Fraction Altered,80,,,C,small,not applicable,,0cf582b33b13cf2388a5077770dcf973df34de43e5bf9018196bcd1595e5447d,FALSE,titan-representative-benchmark-v1,FALSE,one lowest salted SHA-256 endpoint per non-empty outcome-family and sample-size-tercile cell; binary cells additionally stratified by minority-class-fraction tercile
continuous,thorsson,MESO,Aneuploidy Score,69,,,C,small,not applicable,,0d15e3b7039a538483f69b3b3acfcc16179375801b591cee57ab50c7e93e1901,FALSE,titan-representative-benchmark-v1,FALSE,one lowest salted SHA-256 endpoint per non-empty outcome-family and sample-size-tercile cell; binary cells additionally stratified by minority-class-fraction tercile
continuous,thorsson,ACC,T Cells CD4 Naive,54,,,C,small,not applicable,,0d5df1f1c4a06a12cdb62ec23661695b1956a9ea4c7970c7c0257da7cfc016db,FALSE,titan-representative-benchmark-v1,FALSE,one lowest salted SHA-256 endpoint per non-empty outcome-family and sample-size-tercile cell; binary cells additionally stratified by minority-class-fraction tercile
continuous,thorsson,ACC,T Cells CD8,54,,,C,small,not applicable,,0d87a8d9e54d0399eb7dd6b7fa29833224304eb57c3ea32146ff1b29caa98172,FALSE,titan-representative-benchmark-v1,FALSE,one lowest salted SHA-256 endpoint per non-empty outcome-family and sample-size-tercile cell; binary cells additionally stratified by minority-class-fraction tercile
continuous,thorsson,UVM,Macrophages M1,80,,,C,small,not applicable,,0ea32b49642abcd1c50faceaf40520bc919409d9f4f10d7e2980db6b04a3d635,FALSE,titan-representative-benchmark-v1,FALSE,one lowest salted SHA-256 endpoint per non-empty outcome-family and sample-size-tercile cell; binary cells additionally stratified by minority-class-fraction tercile
continuous,thorsson,ESCA,Lymphocyte Infiltration Signature Score,147,,,C,small,not applicable,,0ed4d9b6154741a4857462351167feac61973bbedfa25ac576b7400e946d99dc,FALSE,titan-representative-benchmark-v1,FALSE,one lowest salted SHA-256 endpoint per non-empty outcome-family and sample-size-tercile cell; binary cells additionally stratified by minority-class-fraction tercile
continuous,thorsson,GBM,T Cells CD4 Naive,96,,,C,small,not applicable,,0f10100e631634554f6fc4065e6dc855cb0f872734bacc53ed52577bbaa2d9cf,FALSE,titan-representative-benchmark-v1,FALSE,one lowest salted SHA-256 endpoint per non-empty outcome-family and sample-size-tercile cell; binary cells additionally stratified by minority-class-fraction tercile
continuous,thorsson,ESCA,TGF-beta Response,147,,,C,small,not applicable,,0fe18a8e8336c0b1b5767d6167c8f29f6dc20922ad809aed875d1e6252fbaa6e,FALSE,titan-representative-benchmark-v1,FALSE,one lowest salted SHA-256 endpoint per non-empty outcome-family and sample-size-tercile cell; binary cells additionally stratified by minority-class-fraction tercile
continuous,thorsson,THYM,Th17 Cells,117,,,A,small,not applicable,,104acd59f970f59746e49297ba5945bd7e5610c9b5e8fdbc7edf151dbd608eac,FALSE,titan-representative-benchmark-v1,FALSE,one lowest salted SHA-256 endpoint per non-empty outcome-family and sample-size-tercile cell; binary cells additionally stratified by minority-class-fraction tercile
continuous,thorsson,PRAD,BCR Shannon,138,,,C,small,not applicable,,106dac19560c0d1d607eb33b53308b99c06c6f64a587672af0be145c314341c1,FALSE,titan-representative-benchmark-v1,FALSE,one lowest salted SHA-256 endpoint per non-empty outcome-family and sample-size-tercile cell; binary cells additionally stratified by minority-class-fraction tercile
continuous,thorsson,OV,IFN-gamma Response,61,,,C,small,not applicable,,10c40ea17f80f07d4678f398f55cfb4e0a41e7436ad0620649856251a70e2845,FALSE,titan-representative-benchmark-v1,FALSE,one lowest salted SHA-256 endpoint per non-empty outcome-family and sample-size-tercile cell; binary cells additionally stratified by minority-class-fraction tercile
continuous,thorsson,UCS,TCR Richness,53,,,C,small,not applicable,,113e4db3175e7979e53855790200e08e9f4f96f2a42649860983c38c0bb70544,FALSE,titan-representative-benchmark-v1,FALSE,one lowest salted SHA-256 endpoint per non-empty outcome-family and sample-size-tercile cell; binary cells additionally stratified by minority-class-fraction tercile
continuous,thorsson,UVM,Intratumor Heterogeneity,80,,,C,small,not applicable,,1153c745ec416bff04305603f06fb9b8ab67a314e740ff56139e8c131ad4f7ac,FALSE,titan-representative-benchmark-v1,FALSE,one lowest salted SHA-256 endpoint per non-empty outcome-family and sample-size-tercile cell; binary cells additionally stratified by minority-class-fraction tercile
continuous,thorsson,READ,Th1 Cells,144,,,C,small,not applicable,,11615e70f20138968c781065564aca0950d1a648f5353ea7cb52585b6f4bb1c3,FALSE,titan-representative-benchmark-v1,FALSE,one lowest salted SHA-256 endpoint per non-empty outcome-family and sample-size-tercile cell; binary cells additionally stratified by minority-class-fraction tercile
continuous,thorsson,MESO,T Cells Follicular Helper,72,,,C,small,not applicable,,138858093e7c611cc25753845cc365494210c82926172364058d27d20aad18c9,FALSE,titan-representative-benchmark-v1,FALSE,one lowest salted SHA-256 endpoint per non-empty outcome-family and sample-size-tercile cell; binary cells additionally stratified by minority-class-fraction tercile
continuous,thorsson,GBM,CTA Score,96,,,C,small,not applicable,,13e6d9eb6108837ae330b93db84e5d40064420b7a4c0f40c00db184c20fc1109,FALSE,titan-representative-benchmark-v1,FALSE,one lowest salted SHA-256 endpoint per non-empty outcome-family and sample-size-tercile cell; binary cells additionally stratified by minority-class-fraction tercile
continuous,thorsson,ESCA,NK Cells Resting,147,,,C,small,not applicable,,14854f54f468684d6f49fa8e8362c507a5055f236462751ecc4b9a65936cd2c2,FALSE,titan-representative-benchmark-v1,FALSE,one lowest salted SHA-256 endpoint per non-empty outcome-family and sample-size-tercile cell; binary cells additionally stratified by minority-class-fraction tercile
continuous,thorsson,KICH,Homologous Recombination Defects,65,,,C,small,not applicable,,14886402c22035bf938fe761893d92fa9f2635895d24f915a9770829aa33cfa3,FALSE,titan-representative-benchmark-v1,FALSE,one lowest salted SHA-256 endpoint per non-empty outcome-family and sample-size-tercile cell; binary cells additionally stratified by minority-class-fraction tercile
continuous,thorsson,READ,Leukocyte Fraction,143,,,C,small,not applicable,,149bdd5afb046ad1b5e3860e1cb5a505726019fecc9a6be26e60de476a169d2f,FALSE,titan-representative-benchmark-v1,FALSE,one lowest salted SHA-256 endpoint per non-empty outcome-family and sample-size-tercile cell; binary cells additionally stratified by minority-class-fraction tercile
continuous,thorsson,UVM,Eosinophils,80,,,C,small,not applicable,,14c09b57421b5b07acba54dabfddc185d09e7d34a8e15e26466f6041f8b88657,FALSE,titan-representative-benchmark-v1,FALSE,one lowest salted SHA-256 endpoint per non-empty outcome-family and sample-size-tercile cell; binary cells additionally stratified by minority-class-fraction tercile
continuous,thorsson,THYM,BCR Richness,65,,,C,small,not applicable,,15508485f1dbc3710ea169c1298747e8c8aaaccb97cd85b62ceb36c2915c911c,FALSE,titan-representative-benchmark-v1,FALSE,one lowest salted SHA-256 endpoint per non-empty outcome-family and sample-size-tercile cell; binary cells additionally stratified by minority-class-fraction tercile
continuous,thorsson,ESCA,Stromal Fraction,136,,,C,small,not applicable,,1569ad44ffd38bdfccfaa1351536bec7c9faf9eaffaca1eba642e2b2892439fe,FALSE,titan-representative-benchmark-v1,FALSE,one lowest salted SHA-256 endpoint per non-empty outcome-family and sample-size-tercile cell; binary cells additionally stratified by minority-class-fraction tercile
continuous,thorsson,UCS,Wound Healing,53,,,C,small,not applicable,,1607fba8d7706ef3dbbcf3fd81b85894850415e1c7991e957377ecfad61dfb57,FALSE,titan-representative-benchmark-v1,FALSE,one lowest salted SHA-256 endpoint per non-empty outcome-family and sample-size-tercile cell; binary cells additionally stratified by minority-class-fraction tercile
continuous,thorsson,KICH,T Cells CD4 Memory Resting,65,,,C,small,not applicable,,167cba5a3bf2a78ac00cbbce63997a32971540face368dd9002fedcd39390a8b,FALSE,titan-representative-benchmark-v1,FALSE,one lowest salted SHA-256 endpoint per non-empty outcome-family and sample-size-tercile cell; binary cells additionally stratified by minority-class-fraction tercile
continuous,thorsson,ESCA,CTA Score,147,,,C,small,not applicable,,1695ce5fadfd61302ca683efa13caaba2613c2734b90d45056b4358d59a64d0f,FALSE,titan-representative-benchmark-v1,FALSE,one lowest salted SHA-256 endpoint per non-empty outcome-family and sample-size-tercile cell; binary cells additionally stratified by minority-class-fraction tercile
continuous,thorsson,THYM,TCR Evenness,117,,,C,small,not applicable,,17397f70ba0f1ec7fb6b5bf3bb172b0b87bcd929af56a00a0e9b815c6bb3d336,FALSE,titan-representative-benchmark-v1,FALSE,one lowest salted SHA-256 endpoint per non-empty outcome-family and sample-size-tercile cell; binary cells additionally stratified by minority-class-fraction tercile
continuous,thorsson,GBM,Dendritic Cells Resting,96,,,C,small,not applicable,,1740a850d4f373548094d7bd25bc5d4081cad7fc213fca1c1dbc563e6dcbef09,FALSE,titan-representative-benchmark-v1,FALSE,one lowest salted SHA-256 endpoint per non-empty outcome-family and sample-size-tercile cell; binary cells additionally stratified by minority-class-fraction tercile
continuous,thorsson,THYM,Neutrophils,117,,,C,small,not applicable,,17b1dd1b45f99d64850c5a502cae1ba96aa56a8783e582405014993ebf0b67ef,FALSE,titan-representative-benchmark-v1,FALSE,one lowest salted SHA-256 endpoint per non-empty outcome-family and sample-size-tercile cell; binary cells additionally stratified by minority-class-fraction tercile
continuous,thorsson,UCS,CTA Score,52,,,C,small,not applicable,,18f7157bd116c833bad086117c9dd6bba453ea9c3c3b689464344f535fe8413a,FALSE,titan-representative-benchmark-v1,FALSE,one lowest salted SHA-256 endpoint per non-empty outcome-family and sample-size-tercile cell; binary cells additionally stratified by minority-class-fraction tercile
continuous,thorsson,OV,Dendritic Cells Activated,69,,,C,small,not applicable,,1a88b457a3a98cd54dbd831349636e71528d4d481f7f9c0e9b748948c4278765,FALSE,titan-representative-benchmark-v1,FALSE,one lowest salted SHA-256 endpoint per non-empty outcome-family and sample-size-tercile cell; binary cells additionally stratified by minority-class-fraction tercile
continuous,thorsson,UCS,Macrophages M1,53,,,C,small,not applicable,,1c91ffbed4482341c863cb2cdf8b28d3f95770aa02d9ef84cd261c36f54d4dde,FALSE,titan-representative-benchmark-v1,FALSE,one lowest salted SHA-256 endpoint per non-empty outcome-family and sample-size-tercile cell; binary cells additionally stratified by minority-class-fraction tercile
continuous,thorsson,UCS,Macrophage Regulation,53,,,C,small,not applicable,,1c948b81c99aa3e14a01ff070516353c74ec47042d3a86c3811c3c9cd4274a18,FALSE,titan-representative-benchmark-v1,FALSE,one lowest salted SHA-256 endpoint per non-empty outcome-family and sample-size-tercile cell; binary cells additionally stratified by minority-class-fraction tercile
continuous,thorsson,MESO,SNV Neoantigens,67,,,C,small,not applicable,,1da24eb8431c0a548d0cf32cd12df4efdbc8993ce61036f72fe8a095732818e7,FALSE,titan-representative-benchmark-v1,FALSE,one lowest salted SHA-256 endpoint per non-empty outcome-family and sample-size-tercile cell; binary cells additionally stratified by minority-class-fraction tercile
continuous,thorsson,KICH,Macrophages M0,65,,,C,small,not applicable,,1da8007438f069938d21cfc67081d83c6bdae8ed9c7b889c48947cb9267332f2,FALSE,titan-representative-benchmark-v1,FALSE,one lowest salted SHA-256 endpoint per non-empty outcome-family and sample-size-tercile cell; binary cells additionally stratified by minority-class-fraction tercile
continuous,thorsson,KICH,IFN-gamma Response,65,,,C,small,not applicable,,1dfa679a52217f9b91387cb418d6f930057375a5a5cc140776788935114b5b29,FALSE,titan-representative-benchmark-v1,FALSE,one lowest salted SHA-256 endpoint per non-empty outcome-family and sample-size-tercile cell; binary cells additionally stratified by minority-class-fraction tercile
continuous,thorsson,GBM,Macrophages M1,96,,,C,small,not applicable,,1e7f04a524db73c6d2fe4df84617411f1203b4d28f06e35cc809c04020e31a2d,FALSE,titan-representative-benchmark-v1,FALSE,one lowest salted SHA-256 endpoint per non-empty outcome-family and sample-size-tercile cell; binary cells additionally stratified by minority-class-fraction tercile
continuous,thorsson,MESO,Fraction Altered,75,,,C,small,not applicable,,1f509fb08d31eaffb8bd3281cdcf779a6031a3e460280d7553db961fba46c359,FALSE,titan-representative-benchmark-v1,FALSE,one lowest salted SHA-256 endpoint per non-empty outcome-family and sample-size-tercile cell; binary cells additionally stratified by minority-class-fraction tercile
continuous,thorsson,THYM,TCR Richness,117,,,B,small,not applicable,,1ff2bd814fe5dbb2212eec3790ceeda7fe53e4417cb5bbdf44e64a267fbce863,FALSE,titan-representative-benchmark-v1,FALSE,one lowest salted SHA-256 endpoint per non-empty outcome-family and sample-size-tercile cell; binary cells additionally stratified by minority-class-fraction tercile
continuous,thorsson,OV,T Cells CD4 Naive,69,,,C,small,not applicable,,212d3c1c79fe54b294fce5ca2ee5faeff4fc2e44b279ee1a257cdac1f17b99b8,FALSE,titan-representative-benchmark-v1,FALSE,one lowest salted SHA-256 endpoint per non-empty outcome-family and sample-size-tercile cell; binary cells additionally stratified by minority-class-fraction tercile
continuous,thorsson,KICH,Th17 Cells,65,,,C,small,not applicable,,2154298e30392d6dd3e1148cfea0c07cd82cde9669fcd815a3acf9117568539e,FALSE,titan-representative-benchmark-v1,FALSE,one lowest salted SHA-256 endpoint per non-empty outcome-family and sample-size-tercile cell; binary cells additionally stratified by minority-class-fraction tercile
continuous,thorsson,ESCA,Th2 Cells,147,,,C,small,not applicable,,2176ab505e7704358ff48eba9d1a1d38f2592b2b4e265425b5227695a7af1dc6,FALSE,titan-representative-benchmark-v1,FALSE,one lowest salted SHA-256 endpoint per non-empty outcome-family and sample-size-tercile cell; binary cells additionally stratified by minority-class-fraction tercile
continuous,thorsson,READ,T Cells CD4 Naive,144,,,C,small,not applicable,,21c8a2fd5ca41a7f407bc28d4e2495bf873f65a125a3089542afaa92dcefe79e,FALSE,titan-representative-benchmark-v1,FALSE,one lowest salted SHA-256 endpoint per non-empty outcome-family and sample-size-tercile cell; binary cells additionally stratified by minority-class-fraction tercile
continuous,thorsson,UVM,Neutrophils,80,,,C,small,not applicable,,220ca560fe47a49d7b9ef75c02716252f3bb3a9351d5e41fa2a6b19f3df00a4e,FALSE,titan-representative-benchmark-v1,FALSE,one lowest salted SHA-256 endpoint per non-empty outcome-family and sample-size-tercile cell; binary cells additionally stratified by minority-class-fraction tercile
continuous,thorsson,GBM,Eosinophils,96,,,C,small,not applicable,,22bab5fa2085406587a0af5ea838eec8950b3d7f703da50b004005da685ec690,FALSE,titan-representative-benchmark-v1,FALSE,one lowest salted SHA-256 endpoint per non-empty outcome-family and sample-size-tercile cell; binary cells additionally stratified by minority-class-fraction tercile
continuous,thorsson,UVM,B Cells Naive,80,,,C,small,not applicable,,22c90434ba04c597aa626c81d377d580f57adc084dfacb00614db3f2585f731d,FALSE,titan-representative-benchmark-v1,FALSE,one lowest salted SHA-256 endpoint per non-empty outcome-family and sample-size-tercile cell; binary cells additionally stratified by minority-class-fraction tercile
continuous,thorsson,SKCM,SNV Neoantigens,96,,,C,small,not applicable,,237f36f9ade786a3613d43c46a33faa80a58b6fdfcd10c706621364014ff0599,FALSE,titan-representative-benchmark-v1,FALSE,one lowest salted SHA-256 endpoint per non-empty outcome-family and sample-size-tercile cell; binary cells additionally stratified by minority-class-fraction tercile
continuous,thorsson,OV,T Cells CD4 Memory Resting,69,,,C,small,not applicable,,23cdeccf9a22b3f1cb329d95514e3d5ca081c9cf3f80b6cbae3df70eddec72c3,FALSE,titan-representative-benchmark-v1,FALSE,one lowest salted SHA-256 endpoint per non-empty outcome-family and sample-size-tercile cell; binary cells additionally stratified by minority-class-fraction tercile
continuous,thorsson,UVM,Number of Segments,80,,,C,small,not applicable,,23ecd9aa9323d892eb7e2147583f40dcb309d115032ee0da474dc8ad26fea685,FALSE,titan-representative-benchmark-v1,FALSE,one lowest salted SHA-256 endpoint per non-empty outcome-family and sample-size-tercile cell; binary cells additionally stratified by minority-class-fraction tercile
continuous,thorsson,TGCT,BCR Evenness,122,,,C,small,not applicable,,24476e2f60c9acdd367f58049e5b51705677054fbd214d69085b9ebc4a0708df,FALSE,titan-representative-benchmark-v1,FALSE,one lowest salted SHA-256 endpoint per non-empty outcome-family and sample-size-tercile cell; binary cells additionally stratified by minority-class-fraction tercile
continuous,thorsson,ACC,Lymphocyte Infiltration Signature Score,54,,,C,small,not applicable,,24d7921b46b4a75bdee914f2732fc2b67bcd653e65ebc52fdd8f9e14be86c77f,FALSE,titan-representative-benchmark-v1,FALSE,one lowest salted SHA-256 endpoint per non-empty outcome-family and sample-size-tercile cell; binary cells additionally stratified by minority-class-fraction tercile
continuous,thorsson,GBM,Th17 Cells,96,,,C,small,not applicable,,24f49009ebeb7b645486b9fc047006f8a8b70b346ed79a8eb2732b95f87c5b95,FALSE,titan-representative-benchmark-v1,FALSE,one lowest salted SHA-256 endpoint per non-empty outcome-family and sample-size-tercile cell; binary cells additionally stratified by minority-class-fraction tercile
continuous,thorsson,THYM,NK Cells Resting,117,,,C,small,not applicable,,2691da63ed2ea2eacf5cf8b2e994822c07edd61945e3b1ed5da9e366ad2d9705,FALSE,titan-representative-benchmark-v1,FALSE,one lowest salted SHA-256 endpoint per non-empty outcome-family and sample-size-tercile cell; binary cells additionally stratified by minority-class-fraction tercile
continuous,thorsson,THYM,Wound Healing,117,,,B,small,not applicable,,27119309d7a89b93db08d0a003e1c5ee9c02a0a4a42a5bcdffe00f94540398f1,FALSE,titan-representative-benchmark-v1,FALSE,one lowest salted SHA-256 endpoint per non-empty outcome-family and sample-size-tercile cell; binary cells additionally stratified by minority-class-fraction tercile
continuous,thorsson,PCPG,Indel Neoantigens,58,,,C,small,not applicable,,27558ad4a813dd363e4ea18dc61425108973f72a368944cb8b28109d0c2cda31,FALSE,titan-representative-benchmark-v1,FALSE,one lowest salted SHA-256 endpoint per non-empty outcome-family and sample-size-tercile cell; binary cells additionally stratified by minority-class-fraction tercile
continuous,thorsson,READ,Nonsilent Mutation Rate,115,,,C,small,not applicable,,27a5fab7aec395f1d1214b64144695889c2f4c577c13ba568f9cc94d3b31153e,FALSE,titan-representative-benchmark-v1,FALSE,one lowest salted SHA-256 endpoint per non-empty outcome-family and sample-size-tercile cell; binary cells additionally stratified by minority-class-fraction tercile
continuous,thorsson,READ,Proliferation,144,,,C,small,not applicable,,285db4dd1be13e24332c164e213f53fae4747099fb93276ca0084ffcc7ab258c,FALSE,titan-representative-benchmark-v1,FALSE,one lowest salted SHA-256 endpoint per non-empty outcome-family and sample-size-tercile cell; binary cells additionally stratified by minority-class-fraction tercile
continuous,thorsson,READ,Wound Healing,144,,,C,small,not applicable,,28bcf039c3cb3663640f7aa0ce78c9be8f81d0010f3583736d552c5b71e61e0a,FALSE,titan-representative-benchmark-v1,FALSE,one lowest salted SHA-256 endpoint per non-empty outcome-family and sample-size-tercile cell; binary cells additionally stratified by minority-class-fraction tercile
continuous,thorsson,UVM,TGF-beta Response,80,,,C,small,not applicable,,29b506f2e01c8eb6faccc6eb9847feecf1dd5e5d0b0bacf4751f515b6de35c76,FALSE,titan-representative-benchmark-v1,FALSE,one lowest salted SHA-256 endpoint per non-empty outcome-family and sample-size-tercile cell; binary cells additionally stratified by minority-class-fraction tercile
continuous,thorsson,OV,Fraction Altered,97,,,C,small,not applicable,,2a7008c67f691a533735e7d6554392b93487235033876d9dafb74ee9af180eeb,FALSE,titan-representative-benchmark-v1,FALSE,one lowest salted SHA-256 endpoint per non-empty outcome-family and sample-size-tercile cell; binary cells additionally stratified by minority-class-fraction tercile
continuous,thorsson,ESCA,Th1 Cells,147,,,C,small,not applicable,,2b14681dd044a45d4fe7ece66147bdd544ace010c97dc53fa8cf46418b8d43f0,FALSE,titan-representative-benchmark-v1,FALSE,one lowest salted SHA-256 endpoint per non-empty outcome-family and sample-size-tercile cell; binary cells additionally stratified by minority-class-fraction tercile
continuous,thorsson,UVM,T Cells CD4 Memory Activated,80,,,C,small,not applicable,,2b58bb6b9e965313ab3104e21b82ed097d10bb6d549b9a0734715cb25f4abf1c,FALSE,titan-representative-benchmark-v1,FALSE,one lowest salted SHA-256 endpoint per non-empty outcome-family and sample-size-tercile cell; binary cells additionally stratified by minority-class-fraction tercile
continuous,thorsson,MESO,CTA Score,70,,,C,small,not applicable,,2bbcc999ad2a830cbcd6409ca5bf760ff8ad73edb9c129bf803c3e4b52a20180,FALSE,titan-representative-benchmark-v1,FALSE,one lowest salted SHA-256 endpoint per non-empty outcome-family and sample-size-tercile cell; binary cells additionally stratified by minority-class-fraction tercile
continuous,thorsson,MESO,Stromal Fraction,69,,,C,small,not applicable,,2c25f17563f2615e56ffeb0ea04d8fc3c7efe35b9bd0cb3593b0858cfa86189b,FALSE,titan-representative-benchmark-v1,FALSE,one lowest salted SHA-256 endpoint per non-empty outcome-family and sample-size-tercile cell; binary cells additionally stratified by minority-class-fraction tercile
continuous,thorsson,GBM,T Cells gamma delta,96,,,C,small,not applicable,,2c58b2596088f9beef0bb5993e70d0c7548a844cdb3ce785b9845560df18a8d0,FALSE,titan-representative-benchmark-v1,FALSE,one lowest salted SHA-256 endpoint per non-empty outcome-family and sample-size-tercile cell; binary cells additionally stratified by minority-class-fraction tercile
continuous,thorsson,UCEC,BCR Richness,73,,,C,small,not applicable,,2cf679353f61946b2ffde6d6bb08e7263dc2f076000892385de706a159d20f7a,FALSE,titan-representative-benchmark-v1,FALSE,one lowest salted SHA-256 endpoint per non-empty outcome-family and sample-size-tercile cell; binary cells additionally stratified by minority-class-fraction tercile
continuous,thorsson,MESO,TCR Shannon,69,,,C,small,not applicable,,2cfd7aa2acb1f113d82b3e08ef7180004bd206e09b3f2f7c743619c3cb6070e2,FALSE,titan-representative-benchmark-v1,FALSE,one lowest salted SHA-256 endpoint per non-empty outcome-family and sample-size-tercile cell; binary cells additionally stratified by minority-class-fraction tercile
continuous,thorsson,READ,TGF-beta Response,144,,,C,small,not applicable,,2f27760fb222841030e2823f40abb01b80ca5a5b41d52615ccef61d9344a990e,FALSE,titan-representative-benchmark-v1,FALSE,one lowest salted SHA-256 endpoint per non-empty outcome-family and sample-size-tercile cell; binary cells additionally stratified by minority-class-fraction tercile
continuous,thorsson,KICH,T Cells CD4 Memory Activated,65,,,C,small,not applicable,,30556355f3622d33962b635997bcc059b4060af0b250d91f5c0d2baa2fc92e3f,FALSE,titan-representative-benchmark-v1,FALSE,one lowest salted SHA-256 endpoint per non-empty outcome-family and sample-size-tercile cell; binary cells additionally stratified by minority-class-fraction tercile
continuous,thorsson,OV,Mast Cells Activated,69,,,C,small,not applicable,,30a49468cd5e136ac08b087e90ec3f727857eb4e773f9f4287210140d5043be8,FALSE,titan-representative-benchmark-v1,FALSE,one lowest salted SHA-256 endpoint per non-empty outcome-family and sample-size-tercile cell; binary cells additionally stratified by minority-class-fraction tercile
continuous,thorsson,UVM,NK Cells Resting,80,,,C,small,not applicable,,31f38fa0011cdf89b4bf3d879726b56c7b992bddce9c1590ede4595fdc8f77c5,FALSE,titan-representative-benchmark-v1,FALSE,one lowest salted SHA-256 endpoint per non-empty outcome-family and sample-size-tercile cell; binary cells additionally stratified by minority-class-fraction tercile
continuous,thorsson,UCS,Proliferation,53,,,C,small,not applicable,,3209c7d448ae8f1520ac215a107f22b203568be3b3dc3f89c9455310d7195ba7,FALSE,titan-representative-benchmark-v1,FALSE,one lowest salted SHA-256 endpoint per non-empty outcome-family and sample-size-tercile cell; binary cells additionally stratified by minority-class-fraction tercile
continuous,thorsson,UVM,Aneuploidy Score,80,,,C,small,not applicable,,320c56d44f8d89ec55f68143956bfba213b466ff230e54517b6d13cb5b39a2dc,FALSE,titan-representative-benchmark-v1,FALSE,one lowest salted SHA-256 endpoint per non-empty outcome-family and sample-size-tercile cell; binary cells additionally stratified by minority-class-fraction tercile
continuous,thorsson,SARC,BCR Evenness,61,,,C,small,not applicable,,325655da4af374c11c9796c5a71901fcd8fb908a5ab26033f6598636e0733475,FALSE,titan-representative-benchmark-v1,FALSE,one lowest salted SHA-256 endpoint per non-empty outcome-family and sample-size-tercile cell; binary cells additionally stratified by minority-class-fraction tercile
continuous,thorsson,UVM,Silent Mutation Rate,80,,,C,small,not applicable,,32a7bc7bf2269cc1ced7f1563dbd95d86024e194220c617d0428b39a4810335d,FALSE,titan-representative-benchmark-v1,FALSE,one lowest salted SHA-256 endpoint per non-empty outcome-family and sample-size-tercile cell; binary cells additionally stratified by minority-class-fraction tercile
continuous,thorsson,THYM,Eosinophils,117,,,C,small,not applicable,,334bdf919ef0b3b1ec5ccc6c05e93ad52a055076aecedb78e10259c0fd7f6c89,FALSE,titan-representative-benchmark-v1,FALSE,one lowest salted SHA-256 endpoint per non-empty outcome-family and sample-size-tercile cell; binary cells additionally stratified by minority-class-fraction tercile
continuous,thorsson,THYM,B Cells Naive,117,,,C,small,not applicable,,3351b7ced5a7df61e76de25d391bd455bfbf55e310e75e05e0f61bbcdf0d5d8a,FALSE,titan-representative-benchmark-v1,FALSE,one lowest salted SHA-256 endpoint per non-empty outcome-family and sample-size-tercile cell; binary cells additionally stratified by minority-class-fraction tercile
continuous,thorsson,TGCT,SNV Neoantigens,142,,,C,small,not applicable,,335b60ac7067dff633915b67a875898721002477d2efa953500b4e76471bcd33,FALSE,titan-representative-benchmark-v1,FALSE,one lowest salted SHA-256 endpoint per non-empty outcome-family and sample-size-tercile cell; binary cells additionally stratified by minority-class-fraction tercile
continuous,thorsson,READ,Homologous Recombination Defects,143,,,C,small,not applicable,,34055b0a1289471471cd1122c9634d6a1d8f3379f3ad2cba8404008f179a9a75,FALSE,titan-representative-benchmark-v1,FALSE,one lowest salted SHA-256 endpoint per non-empty outcome-family and sample-size-tercile cell; binary cells additionally stratified by minority-class-fraction tercile
continuous,thorsson,MESO,T Cells CD8,72,,,C,small,not applicable,,356f3e9371dd11cd6b8b89d1462578d2b7a41896cb6393339bf54fbf00a70daa,FALSE,titan-representative-benchmark-v1,FALSE,one lowest salted SHA-256 endpoint per non-empty outcome-family and sample-size-tercile cell; binary cells additionally stratified by minority-class-fraction tercile
continuous,thorsson,UCEC,BCR Shannon,73,,,C,small,not applicable,,35b86204fa828014f366834807450ee04c69e6f49e8f4f6f86d4709e6916f834,FALSE,titan-representative-benchmark-v1,FALSE,one lowest salted SHA-256 endpoint per non-empty outcome-family and sample-size-tercile cell; binary cells additionally stratified by minority-class-fraction tercile
continuous,thorsson,KICH,T Cells gamma delta,65,,,C,small,not applicable,,35c2506b271b702c40ea49c0d41e7e29c73825dcf391a502175a3c6d27c85f58,FALSE,titan-representative-benchmark-v1,FALSE,one lowest salted SHA-256 endpoint per non-empty outcome-family and sample-size-tercile cell; binary cells additionally stratified by minority-class-fraction tercile
continuous,thorsson,UVM,Dendritic Cells Activated,80,,,B,small,not applicable,,37cb9f0889cc3a7747c19ccb234bf2011c8a4ddb720aeb5112b9ca951cbd4927,FALSE,titan-representative-benchmark-v1,FALSE,one lowest salted SHA-256 endpoint per non-empty outcome-family and sample-size-tercile cell; binary cells additionally stratified by minority-class-fraction tercile
continuous,thorsson,READ,TIL Regional Fraction,142,,,C,small,not applicable,,39881d58ff54dfb2101c6cfe74bc3d5683c3f154a827b318ca9f72c73b75fa08,FALSE,titan-representative-benchmark-v1,FALSE,one lowest salted SHA-256 endpoint per non-empty outcome-family and sample-size-tercile cell; binary cells additionally stratified by minority-class-fraction tercile
continuous,thorsson,ACC,T Cells CD4 Memory Resting,54,,,C,small,not applicable,,39f6ed13bb51dc4f20d1a035db6f320ac12d7ed81041d37228b5178c4c2bfa4a,FALSE,titan-representative-benchmark-v1,FALSE,one lowest salted SHA-256 endpoint per non-empty outcome-family and sample-size-tercile cell; binary cells additionally stratified by minority-class-fraction tercile
continuous,thorsson,GBM,TCR Evenness,81,,,C,small,not applicable,,3b9209070bddf7a341131825a5e03a72c59f48d53a3dcf0544ad3e7099e2ab89,FALSE,titan-representative-benchmark-v1,FALSE,one lowest salted SHA-256 endpoint per non-empty outcome-family and sample-size-tercile cell; binary cells additionally stratified by minority-class-fraction tercile
continuous,thorsson,MESO,Macrophages M0,72,,,C,small,not applicable,,3c618f32f287cec3cbf298bf5586f0fc1c4e2d2704a856cd824cd5ba7d0b7bdc,FALSE,titan-representative-benchmark-v1,FALSE,one lowest salted SHA-256 endpoint per non-empty outcome-family and sample-size-tercile cell; binary cells additionally stratified by minority-class-fraction tercile
continuous,thorsson,OV,Eosinophils,69,,,C,small,not applicable,,3cd29ab14991fd19ae566a03223f4e085170bf86aa672541cf976c6f8d68ad41,FALSE,titan-representative-benchmark-v1,FALSE,one lowest salted SHA-256 endpoint per non-empty outcome-family and sample-size-tercile cell; binary cells additionally stratified by minority-class-fraction tercile
continuous,thorsson,READ,Number of Segments,143,,,C,small,not applicable,,3d397847da4b86e5c5889484e990e20f45367b85b43ed31834770899eeca9e5f,FALSE,titan-representative-benchmark-v1,FALSE,one lowest salted SHA-256 endpoint per non-empty outcome-family and sample-size-tercile cell; binary cells additionally stratified by minority-class-fraction tercile
continuous,thorsson,THYM,Mast Cells Activated,117,,,C,small,not applicable,,3e3a3fe8dd0dd4e7e8a4ea21ea12ec2c556daf0bb5b1860797510ce1a3b94d81,FALSE,titan-representative-benchmark-v1,FALSE,one lowest salted SHA-256 endpoint per non-empty outcome-family and sample-size-tercile cell; binary cells additionally stratified by minority-class-fraction tercile
continuous,thorsson,KICH,Macrophages M2,65,,,C,small,not applicable,,3f75cd9ef074c15d58c873755092ceabc2bc6b997e0842cd0a691c1ff087f8ee,FALSE,titan-representative-benchmark-v1,FALSE,one lowest salted SHA-256 endpoint per non-empty outcome-family and sample-size-tercile cell; binary cells additionally stratified by minority-class-fraction tercile
continuous,thorsson,GBM,Plasma Cells,96,,,C,small,not applicable,,3fb5088298a1bdd871f7e9fe29ff82994d22429f6c5a107c26c80838d3ba42ab,FALSE,titan-representative-benchmark-v1,FALSE,one lowest salted SHA-256 endpoint per non-empty outcome-family and sample-size-tercile cell; binary cells additionally stratified by minority-class-fraction tercile
continuous,thorsson,UCS,B Cells Naive,53,,,C,small,not applicable,,3fe9fbaff0ff736e7019f021c6e53f30c3a2de283f02c2741e27faea4df9446f,FALSE,titan-representative-benchmark-v1,FALSE,one lowest salted SHA-256 endpoint per non-empty outcome-family and sample-size-tercile cell; binary cells additionally stratified by minority-class-fraction tercile
continuous,thorsson,UCS,TGF-beta Response,53,,,C,small,not applicable,,40a3c21d669d44fd14b8350d0d0c62806d492f4a88dda85ed0fbcea7f33143dc,FALSE,titan-representative-benchmark-v1,FALSE,one lowest salted SHA-256 endpoint per non-empty outcome-family and sample-size-tercile cell; binary cells additionally stratified by minority-class-fraction tercile
continuous,thorsson,UVM,Th1 Cells,80,,,B,small,not applicable,,41c2d45316fad267bfdc9abbb444e1d9cdeca67f04089e7c64c3a984acb06a74,FALSE,titan-representative-benchmark-v1,FALSE,one lowest salted SHA-256 endpoint per non-empty outcome-family and sample-size-tercile cell; binary cells additionally stratified by minority-class-fraction tercile
continuous,thorsson,READ,Eosinophils,144,,,C,small,not applicable,,42062a537fe221552ea5371fa16b0c4b9cde5ecb4612d467a368e01061a60a88,FALSE,titan-representative-benchmark-v1,FALSE,one lowest salted SHA-256 endpoint per non-empty outcome-family and sample-size-tercile cell; binary cells additionally stratified by minority-class-fraction tercile
continuous,thorsson,OV,Monocytes,69,,,C,small,not applicable,,420730d79fc9367c1bff7679bba703567e997dba2bdd23753b084a739c2fc722,FALSE,titan-representative-benchmark-v1,FALSE,one lowest salted SHA-256 endpoint per non-empty outcome-family and sample-size-tercile cell; binary cells additionally stratified by minority-class-fraction tercile
continuous,thorsson,ACC,Leukocyte Fraction,54,,,C,small,not applicable,,4279d959772b86e47b65dabd1df6584408dfa1dc47a6abbe98489a5790be00c6,FALSE,titan-representative-benchmark-v1,FALSE,one lowest salted SHA-256 endpoint per non-empty outcome-family and sample-size-tercile cell; binary cells additionally stratified by minority-class-fraction tercile
continuous,thorsson,UVM,T Cells CD8,80,,,C,small,not applicable,,4319c01459e1a26856f79eab2b3fc4832ec16796f62ad07279eb24bad15f26ba,FALSE,titan-representative-benchmark-v1,FALSE,one lowest salted SHA-256 endpoint per non-empty outcome-family and sample-size-tercile cell; binary cells additionally stratified by minority-class-fraction tercile
continuous,thorsson,UVM,Macrophage Regulation,80,,,B,small,not applicable,,4370490ef63d70aba68fc63b93cb3a9ec13a9d36b2562f947b0d6a268f0faa9f,FALSE,titan-representative-benchmark-v1,FALSE,one lowest salted SHA-256 endpoint per non-empty outcome-family and sample-size-tercile cell; binary cells additionally stratified by minority-class-fraction tercile
continuous,thorsson,UVM,NK Cells Activated,80,,,C,small,not applicable,,446311ccc57088e09db941da1a81b27141394cff1154d9a6d6110ac745632fe6,FALSE,titan-representative-benchmark-v1,FALSE,one lowest salted SHA-256 endpoint per non-empty outcome-family and sample-size-tercile cell; binary cells additionally stratified by minority-class-fraction tercile
continuous,thorsson,MESO,B Cells Naive,72,,,C,small,not applicable,,44fb3869472fff3f76b37b87fbc467a1a1c40f354056d7ee658feaf899529429,FALSE,titan-representative-benchmark-v1,FALSE,one lowest salted SHA-256 endpoint per non-empty outcome-family and sample-size-tercile cell; binary cells additionally stratified by minority-class-fraction tercile
continuous,thorsson,ACC,NK Cells Resting,54,,,C,small,not applicable,,45130625e3119097c3ff0c390249b3c523f0fb15e1b53be837159a4d1819283c,FALSE,titan-representative-benchmark-v1,FALSE,one lowest salted SHA-256 endpoint per non-empty outcome-family and sample-size-tercile cell; binary cells additionally stratified by minority-class-fraction tercile
continuous,thorsson,KICH,CTA Score,65,,,C,small,not applicable,,46a3658dd6d2e39b4f33653a994a9d4125d5e8e47c6c0c979ae59a3c05733c57,FALSE,titan-representative-benchmark-v1,FALSE,one lowest salted SHA-256 endpoint per non-empty outcome-family and sample-size-tercile cell; binary cells additionally stratified by minority-class-fraction tercile
continuous,thorsson,READ,SNV Neoantigens,112,,,C,small,not applicable,,46b4fb6756b94c722b9182e3ae895b181ff0a04ea5416cf866f501180f3aa4b9,FALSE,titan-representative-benchmark-v1,FALSE,one lowest salted SHA-256 endpoint per non-empty outcome-family and sample-size-tercile cell; binary cells additionally stratified by minority-class-fraction tercile
continuous,thorsson,READ,Fraction Altered,143,,,C,small,not applicable,,46c2de598a779353ab64ff65758145ed4a99489520ff8e80e6110bb10259c20f,FALSE,titan-representative-benchmark-v1,FALSE,one lowest salted SHA-256 endpoint per non-empty outcome-family and sample-size-tercile cell; binary cells additionally stratified by minority-class-fraction tercile
continuous,thorsson,LIHC,BCR Richness,114,,,C,small,not applicable,,470ea24eb57da88832a67ca6680e4681c8d70a320f026a798db668dbc4b24588,FALSE,titan-representative-benchmark-v1,FALSE,one lowest salted SHA-256 endpoint per non-empty outcome-family and sample-size-tercile cell; binary cells additionally stratified by minority-class-fraction tercile
continuous,thorsson,ESCA,IFN-gamma Response,147,,,C,small,not applicable,,484f6a2b94222defea7d082cad0607c5f7a374d41f0175ac091b432dc68e72e0,FALSE,titan-representative-benchmark-v1,FALSE,one lowest salted SHA-256 endpoint per non-empty outcome-family and sample-size-tercile cell; binary cells additionally stratified by minority-class-fraction tercile
continuous,thorsson,ESCA,Macrophages M1,147,,,C,small,not applicable,,4863d9db86b6ba668c360c744695082aad69a68cce711033a31b88367a0487a2,FALSE,titan-representative-benchmark-v1,FALSE,one lowest salted SHA-256 endpoint per non-empty outcome-family and sample-size-tercile cell; binary cells additionally stratified by minority-class-fraction tercile
continuous,thorsson,THYM,TGF-beta Response,117,,,B,small,not applicable,,4873e478c10bd9c53b71e28496fcd57494a49b6e2239c712fa354a7c6c323f73,FALSE,titan-representative-benchmark-v1,FALSE,one lowest salted SHA-256 endpoint per non-empty outcome-family and sample-size-tercile cell; binary cells additionally stratified by minority-class-fraction tercile
continuous,thorsson,GBM,IFN-gamma Response,96,,,C,small,not applicable,,488bfd6cfb33dc5757d15b17cbddd508013e6cceacb7f131a7e19e66bc994cb3,FALSE,titan-representative-benchmark-v1,FALSE,one lowest salted SHA-256 endpoint per non-empty outcome-family and sample-size-tercile cell; binary cells additionally stratified by minority-class-fraction tercile
continuous,thorsson,THYM,Macrophage Regulation,117,,,C,small,not applicable,,496772afa5ca9f02333fb898dffbc93a3746c53e5065a93e7663bf9f487ce431,FALSE,titan-representative-benchmark-v1,FALSE,one lowest salted SHA-256 endpoint per non-empty outcome-family and sample-size-tercile cell; binary cells additionally stratified by minority-class-fraction tercile
continuous,thorsson,ESCA,NK Cells Activated,147,,,C,small,not applicable,,49bd81b61a090da2fc1ff23a5ea2c48379cdc30fcdfd633a00cb61cccedcbb01,FALSE,titan-representative-benchmark-v1,FALSE,one lowest salted SHA-256 endpoint per non-empty outcome-family and sample-size-tercile cell; binary cells additionally stratified by minority-class-fraction tercile
continuous,thorsson,KICH,SNV Neoantigens,65,,,C,small,not applicable,,4afe66550009aa03acd9f0e5551b4f672c985390156b6bd5232b5a70018c33e0,FALSE,titan-representative-benchmark-v1,FALSE,one lowest salted SHA-256 endpoint per non-empty outcome-family and sample-size-tercile cell; binary cells additionally stratified by minority-class-fraction tercile
continuous,thorsson,MESO,T Cells CD4 Memory Activated,72,,,C,small,not applicable,,4baff1e983b17c901e3d41feb6c9c2415f6cdbc2ab2bdbe43bd61e9301373d42,FALSE,titan-representative-benchmark-v1,FALSE,one lowest salted SHA-256 endpoint per non-empty outcome-family and sample-size-tercile cell; binary cells additionally stratified by minority-class-fraction tercile
continuous,thorsson,OV,Neutrophils,69,,,C,small,not applicable,,4d203879b0033cb598b59c116f91deaff2530947ab2dd585e9c079f3e85f613e,FALSE,titan-representative-benchmark-v1,FALSE,one lowest salted SHA-256 endpoint per non-empty outcome-family and sample-size-tercile cell; binary cells additionally stratified by minority-class-fraction tercile
continuous,thorsson,OV,Homologous Recombination Defects,97,,,C,small,not applicable,,4d3e2e54e341d71ea6853404e0167b639313bdc45ea343abefa1f0b0de4ad486,FALSE,titan-representative-benchmark-v1,FALSE,one lowest salted SHA-256 endpoint per non-empty outcome-family and sample-size-tercile cell; binary cells additionally stratified by minority-class-fraction tercile
continuous,thorsson,OV,Th2 Cells,61,,,C,small,not applicable,,4e5ccac2fe17ee2fdb934bb8b806b16b0c36983d47ba28da9351f5bd114c484b,FALSE,titan-representative-benchmark-v1,FALSE,one lowest salted SHA-256 endpoint per non-empty outcome-family and sample-size-tercile cell; binary cells additionally stratified by minority-class-fraction tercile
continuous,thorsson,THYM,NK Cells Activated,117,,,C,small,not applicable,,4f45b85747125959cb9c65b95d717b23da45b89b0258438afcb2abe665e3b771,FALSE,titan-representative-benchmark-v1,FALSE,one lowest salted SHA-256 endpoint per non-empty outcome-family and sample-size-tercile cell; binary cells additionally stratified by minority-class-fraction tercile
continuous,thorsson,ESCA,Macrophages M2,147,,,C,small,not applicable,,4f85c33ab9156e61cfbb24aa8719987e312f580703ed8781ee13ea5b9d5f5c6e,FALSE,titan-representative-benchmark-v1,FALSE,one lowest salted SHA-256 endpoint per non-empty outcome-family and sample-size-tercile cell; binary cells additionally stratified by minority-class-fraction tercile
continuous,thorsson,THYM,T Cells CD4 Memory Resting,117,,,B,small,not applicable,,50ac51a95a5635c68e7b8067dc01b201dd103c0c08aee06e014a681572ed27ce,FALSE,titan-representative-benchmark-v1,FALSE,one lowest salted SHA-256 endpoint per non-empty outcome-family and sample-size-tercile cell; binary cells additionally stratified by minority-class-fraction tercile
continuous,thorsson,UVM,B Cells Memory,80,,,C,small,not applicable,,50f63e8b96cae0205e5d586430e976b02ed0f91f7d2e8f412d40b1bf60e95d56,FALSE,titan-representative-benchmark-v1,FALSE,one lowest salted SHA-256 endpoint per non-empty outcome-family and sample-size-tercile cell; binary cells additionally stratified by minority-class-fraction tercile
continuous,thorsson,KICH,Aneuploidy Score,65,,,C,small,not applicable,,511d6cd4dfe3d8a258a7d813d4c036f8d3c185f16ccc132c4d33b04827966d21,FALSE,titan-representative-benchmark-v1,FALSE,one lowest salted SHA-256 endpoint per non-empty outcome-family and sample-size-tercile cell; binary cells additionally stratified by minority-class-fraction tercile
continuous,thorsson,UCS,T Cells Follicular Helper,53,,,C,small,not applicable,,516e8f1f36d133c7f5d073b5ee29207d197b11741ff4fd454c9565e20747334c,FALSE,titan-representative-benchmark-v1,FALSE,one lowest salted SHA-256 endpoint per non-empty outcome-family and sample-size-tercile cell; binary cells additionally stratified by minority-class-fraction tercile
continuous,thorsson,UCS,Th2 Cells,53,,,C,small,not applicable,,51dfdc5e37fb5903361f9401467d8969d1d80e02f41a3f8a3771739255aba068,FALSE,titan-representative-benchmark-v1,FALSE,one lowest salted SHA-256 endpoint per non-empty outcome-family and sample-size-tercile cell; binary cells additionally stratified by minority-class-fraction tercile
continuous,thorsson,READ,NK Cells Activated,144,,,C,small,not applicable,,52996e21c23065579401bcf94702970faed0bea2c052d4c8a4c05e438000e69b,FALSE,titan-representative-benchmark-v1,FALSE,one lowest salted SHA-256 endpoint per non-empty outcome-family and sample-size-tercile cell; binary cells additionally stratified by minority-class-fraction tercile
continuous,thorsson,MESO,NK Cells Resting,72,,,C,small,not applicable,,534a788962b2423b5e56bff0f707e4e9e8f8fae70459d87a224db5c8770f33f2,FALSE,titan-representative-benchmark-v1,FALSE,one lowest salted SHA-256 endpoint per non-empty outcome-family and sample-size-tercile cell; binary cells additionally stratified by minority-class-fraction tercile
continuous,thorsson,READ,T Cells Regulatory Tregs,144,,,C,small,not applicable,,53805cf8a2fe1b69286140302237055d7e6f650e49c52616124fc95c0477aa5f,FALSE,titan-representative-benchmark-v1,FALSE,one lowest salted SHA-256 endpoint per non-empty outcome-family and sample-size-tercile cell; binary cells additionally stratified by minority-class-fraction tercile
continuous,thorsson,READ,T Cells CD4 Memory Resting,144,,,C,small,not applicable,,54e86487a269469d54fcfbe785553a254eabfc21865627160b2dc3e94235ec9e,FALSE,titan-representative-benchmark-v1,FALSE,one lowest salted SHA-256 endpoint per non-empty outcome-family and sample-size-tercile cell; binary cells additionally stratified by minority-class-fraction tercile
continuous,thorsson,ACC,B Cells Naive,54,,,C,small,not applicable,,5644153130c1a03143b7f73d294a8da3a319aa15a4421d80940773fddd7733dc,FALSE,titan-representative-benchmark-v1,FALSE,one lowest salted SHA-256 endpoint per non-empty outcome-family and sample-size-tercile cell; binary cells additionally stratified by minority-class-fraction tercile
continuous,thorsson,UCS,T Cells Regulatory Tregs,53,,,C,small,not applicable,,569c2294d7bfc2b325ce0c871e8f21796741951ee49911dcfb1615ff18279730,FALSE,titan-representative-benchmark-v1,FALSE,one lowest salted SHA-256 endpoint per non-empty outcome-family and sample-size-tercile cell; binary cells additionally stratified by minority-class-fraction tercile
continuous,thorsson,OV,B Cells Naive,69,,,C,small,not applicable,,56b1bb65ba39c62017ce8fc74a789b5266cffcc87edde63ca834044f83bcf5ea,FALSE,titan-representative-benchmark-v1,FALSE,one lowest salted SHA-256 endpoint per non-empty outcome-family and sample-size-tercile cell; binary cells additionally stratified by minority-class-fraction tercile
continuous,thorsson,THYM,Dendritic Cells Resting,117,,,C,small,not applicable,,56b43b9dbdd9042c3db1c77fcccfb18bae7cf65eb9a0bacff47408466aa82440,FALSE,titan-representative-benchmark-v1,FALSE,one lowest salted SHA-256 endpoint per non-empty outcome-family and sample-size-tercile cell; binary cells additionally stratified by minority-class-fraction tercile
continuous,thorsson,UCS,T Cells CD4 Naive,53,,,C,small,not applicable,,574a39fad15d22520489f1b4947b9ddaae7055f1ad0daa49c5d52cd363becc7a,FALSE,titan-representative-benchmark-v1,FALSE,one lowest salted SHA-256 endpoint per non-empty outcome-family and sample-size-tercile cell; binary cells additionally stratified by minority-class-fraction tercile
continuous,thorsson,UCS,Fraction Altered,52,,,C,small,not applicable,,580007b36d88844f6e74909c290ac4f4e4ad806dfcce713ea72d692e77808e80,FALSE,titan-representative-benchmark-v1,FALSE,one lowest salted SHA-256 endpoint per non-empty outcome-family and sample-size-tercile cell; binary cells additionally stratified by minority-class-fraction tercile
continuous,thorsson,ESCA,T Cells Regulatory Tregs,147,,,C,small,not applicable,,587768ae4bec9cec7473987685cad824c5608b953fc74e15414596d4104426f3,FALSE,titan-representative-benchmark-v1,FALSE,one lowest salted SHA-256 endpoint per non-empty outcome-family and sample-size-tercile cell; binary cells additionally stratified by minority-class-fraction tercile
continuous,thorsson,GBM,TCR Richness,96,,,C,small,not applicable,,5902b3f85cb9a859b3e1e8a96bc449956b86bc25bae51f921b5d2c2d368adba6,FALSE,titan-representative-benchmark-v1,FALSE,one lowest salted SHA-256 endpoint per non-empty outcome-family and sample-size-tercile cell; binary cells additionally stratified by minority-class-fraction tercile
continuous,thorsson,OV,Macrophage Regulation,61,,,C,small,not applicable,,5955de48e5c8c2988d4e4a18d596850bb04a7c8f7aec0168e6ae573d72f1be49,FALSE,titan-representative-benchmark-v1,FALSE,one lowest salted SHA-256 endpoint per non-empty outcome-family and sample-size-tercile cell; binary cells additionally stratified by minority-class-fraction tercile
continuous,thorsson,OV,B Cells Memory,69,,,C,small,not applicable,,59f0e52afcf332b699a7b254666764fd1cbb53923af1b7ed3b8601a47b869abf,FALSE,titan-representative-benchmark-v1,FALSE,one lowest salted SHA-256 endpoint per non-empty outcome-family and sample-size-tercile cell; binary cells additionally stratified by minority-class-fraction tercile
continuous,thorsson,GBM,Th1 Cells,96,,,C,small,not applicable,,5a4af636badcba80519ef5271b61d5f2e66532b00c893a9c67dd5aa149f2461a,FALSE,titan-representative-benchmark-v1,FALSE,one lowest salted SHA-256 endpoint per non-empty outcome-family and sample-size-tercile cell; binary cells additionally stratified by minority-class-fraction tercile
continuous,thorsson,KIRP,BCR Evenness,53,,,C,small,not applicable,,5a965018c83fddeca1663646994b152862d08e851a46c5a594daf4992ac4f22f,FALSE,titan-representative-benchmark-v1,FALSE,one lowest salted SHA-256 endpoint per non-empty outcome-family and sample-size-tercile cell; binary cells additionally stratified by minority-class-fraction tercile
continuous,thorsson,THYM,T Cells CD4 Memory Activated,117,,,C,small,not applicable,,5afac8a71b710894353f35a91db9f9aac503b72b063845b88191fe79ad1f7fda,FALSE,titan-representative-benchmark-v1,FALSE,one lowest salted SHA-256 endpoint per non-empty outcome-family and sample-size-tercile cell; binary cells additionally stratified by minority-class-fraction tercile
continuous,thorsson,UCS,Mast Cells Resting,53,,,C,small,not applicable,,5b44368ceb199e5d43311284f3d8b0432112c0095b932892cf2e8a327916e301,FALSE,titan-representative-benchmark-v1,FALSE,one lowest salted SHA-256 endpoint per non-empty outcome-family and sample-size-tercile cell; binary cells additionally stratified by minority-class-fraction tercile
continuous,thorsson,KICH,Mast Cells Activated,65,,,C,small,not applicable,,5b97ff5b48dee67b2e856c4d22e01fa1d4048d5d8803c6a83e0605190715878f,FALSE,titan-representative-benchmark-v1,FALSE,one lowest salted SHA-256 endpoint per non-empty outcome-family and sample-size-tercile cell; binary cells additionally stratified by minority-class-fraction tercile
continuous,thorsson,ESCA,T Cells CD4 Naive,147,,,C,small,not applicable,,5b9e0d484623b47f6099b06d83eaf8f472c2e1b91c3e66658a9b6c2824f6a91b,FALSE,titan-representative-benchmark-v1,FALSE,one lowest salted SHA-256 endpoint per non-empty outcome-family and sample-size-tercile cell; binary cells additionally stratified by minority-class-fraction tercile
continuous,thorsson,MESO,TCR Richness,72,,,C,small,not applicable,,5d0812322f327b020c775f202961612b3d7941026c40eec0ce1fd93b63e6547d,FALSE,titan-representative-benchmark-v1,FALSE,one lowest salted SHA-256 endpoint per non-empty outcome-family and sample-size-tercile cell; binary cells additionally stratified by minority-class-fraction tercile
continuous,thorsson,ACC,T Cells CD4 Memory Activated,54,,,C,small,not applicable,,5e71300dce760ef2b32f96a6f78c085f529d8e14f9d947eb4ce1901b5aa040f6,FALSE,titan-representative-benchmark-v1,FALSE,one lowest salted SHA-256 endpoint per non-empty outcome-family and sample-size-tercile cell; binary cells additionally stratified by minority-class-fraction tercile
continuous,thorsson,OV,T Cells CD4 Memory Activated,69,,,C,small,not applicable,,5f6255fba7af9cc28c63e52c98b30f77ab0648a51b4634dac3ca7e9b24dc9194,FALSE,titan-representative-benchmark-v1,FALSE,one lowest salted SHA-256 endpoint per non-empty outcome-family and sample-size-tercile cell; binary cells additionally stratified by minority-class-fraction tercile
continuous,thorsson,OV,CTA Score,61,,,C,small,not applicable,,5fa1df74c9aad63e6673ad2c21be1f3968fff259dccc17fe2c9cc1b053d77aec,FALSE,titan-representative-benchmark-v1,FALSE,one lowest salted SHA-256 endpoint per non-empty outcome-family and sample-size-tercile cell; binary cells additionally stratified by minority-class-fraction tercile
continuous,thorsson,READ,T Cells CD8,144,,,C,small,not applicable,,5fcdbfe290b3950af7cfb140761aa3540c84a3837d5fdd98045eae97b508c0d8,FALSE,titan-representative-benchmark-v1,FALSE,one lowest salted SHA-256 endpoint per non-empty outcome-family and sample-size-tercile cell; binary cells additionally stratified by minority-class-fraction tercile
continuous,thorsson,THYM,T Cells CD4 Naive,117,,,C,small,not applicable,,6028573f330fbd073f5092eb69e59f87ec8b96bcfcef1ebbd3ad5bb4a1344180,FALSE,titan-representative-benchmark-v1,FALSE,one lowest salted SHA-256 endpoint per non-empty outcome-family and sample-size-tercile cell; binary cells additionally stratified by minority-class-fraction tercile
continuous,thorsson,READ,Lymphocyte Infiltration Signature Score,144,,,C,small,not applicable,,609a63a989f92359bf9b1c7f848fe66ba740c67a89af140ddbf044d5a9189216,FALSE,titan-representative-benchmark-v1,FALSE,one lowest salted SHA-256 endpoint per non-empty outcome-family and sample-size-tercile cell; binary cells additionally stratified by minority-class-fraction tercile
continuous,thorsson,THYM,Macrophages M1,117,,,B,small,not applicable,,618ea5b2d859ae663d82deb6c6a2415cdf88dd2fc1d69dea337646e6e248782a,FALSE,titan-representative-benchmark-v1,FALSE,one lowest salted SHA-256 endpoint per non-empty outcome-family and sample-size-tercile cell; binary cells additionally stratified by minority-class-fraction tercile
continuous,thorsson,KICH,Neutrophils,65,,,C,small,not applicable,,62bfd67023af5c12200ca1865f4efcebea550d02fad9892ab4131adc0c0b5167,FALSE,titan-representative-benchmark-v1,FALSE,one lowest salted SHA-256 endpoint per non-empty outcome-family and sample-size-tercile cell; binary cells additionally stratified by minority-class-fraction tercile
continuous,thorsson,OV,Mast Cells Resting,69,,,C,small,not applicable,,63b4dcc25d057581e0f9eb968bf9d402cca15201919ee38dd8d8eb4e7323406f,FALSE,titan-representative-benchmark-v1,FALSE,one lowest salted SHA-256 endpoint per non-empty outcome-family and sample-size-tercile cell; binary cells additionally stratified by minority-class-fraction tercile
continuous,thorsson,ACC,Fraction Altered,54,,,C,small,not applicable,,6475986e0b4b655dfe2a5bc22d601476d86ee07c5aa2d9003c7119bbade31944,FALSE,titan-representative-benchmark-v1,FALSE,one lowest salted SHA-256 endpoint per non-empty outcome-family and sample-size-tercile cell; binary cells additionally stratified by minority-class-fraction tercile
continuous,thorsson,TGCT,TCR Evenness,140,,,C,small,not applicable,,64bf06385d907ce6a30961ea5eec54e4beb2e4969ef7084b15fabddf4a9e7eba,FALSE,titan-representative-benchmark-v1,FALSE,one lowest salted SHA-256 endpoint per non-empty outcome-family and sample-size-tercile cell; binary cells additionally stratified by minority-class-fraction tercile
continuous,thorsson,READ,Macrophages M0,144,,,C,small,not applicable,,64eee9494de7eda18ce6ae74d829962265a8727b1489b991d582084843ee1713,FALSE,titan-representative-benchmark-v1,FALSE,one lowest salted SHA-256 endpoint per non-empty outcome-family and sample-size-tercile cell; binary cells additionally stratified by minority-class-fraction tercile
continuous,thorsson,PRAD,BCR Evenness,88,,,C,small,not applicable,,6538c2330a52a8dc91f2be7cb07e996e5b92729d17a29b7d614743371e223d1e,FALSE,titan-representative-benchmark-v1,FALSE,one lowest salted SHA-256 endpoint per non-empty outcome-family and sample-size-tercile cell; binary cells additionally stratified by minority-class-fraction tercile
continuous,thorsson,ESCA,T Cells CD8,147,,,C,small,not applicable,,65dcb9f6b87ccb27eedf6a677496d8023a1ba36331b389bf1f9b916203233f8e,FALSE,titan-representative-benchmark-v1,FALSE,one lowest salted SHA-256 endpoint per non-empty outcome-family and sample-size-tercile cell; binary cells additionally stratified by minority-class-fraction tercile
continuous,thorsson,UCEC,TCR Shannon,126,,,C,small,not applicable,,6669eb39d9adf0c6a67fda6f7ee25f643a9b45702ba23a764408ce453aefdf3d,FALSE,titan-representative-benchmark-v1,FALSE,one lowest salted SHA-256 endpoint per non-empty outcome-family and sample-size-tercile cell; binary cells additionally stratified by minority-class-fraction tercile
continuous,thorsson,KICH,Nonsilent Mutation Rate,65,,,C,small,not applicable,,6790413a12d6bddea835e86cb132be13b7138af0de8011c04777185e9ce47914,FALSE,titan-representative-benchmark-v1,FALSE,one lowest salted SHA-256 endpoint per non-empty outcome-family and sample-size-tercile cell; binary cells additionally stratified by minority-class-fraction tercile
continuous,thorsson,ESCA,TCR Richness,145,,,C,small,not applicable,,67dc2a33649456411c0d8330373f44be00342433f0de17ec54699088a3bcbc1e,FALSE,titan-representative-benchmark-v1,FALSE,one lowest salted SHA-256 endpoint per non-empty outcome-family and sample-size-tercile cell; binary cells additionally stratified by minority-class-fraction tercile
continuous,thorsson,READ,Indel Neoantigens,101,,,C,small,not applicable,,67ede6d99de80fd88d6d1cdaf824fc1f498a8dfc5a8d9dba480dfbf43b1298e9,FALSE,titan-representative-benchmark-v1,FALSE,one lowest salted SHA-256 endpoint per non-empty outcome-family and sample-size-tercile cell; binary cells additionally stratified by minority-class-fraction tercile
continuous,thorsson,READ,Intratumor Heterogeneity,128,,,C,small,not applicable,,681fce74eb96914a6578bfe6b77eadc054c31cb67f8435dc4d5838ba162a262e,FALSE,titan-representative-benchmark-v1,FALSE,one lowest salted SHA-256 endpoint per non-empty outcome-family and sample-size-tercile cell; binary cells additionally stratified by minority-class-fraction tercile
continuous,thorsson,ESCA,T Cells CD4 Memory Resting,147,,,C,small,not applicable,,68e77f4a44a7f3b102c6b2a6b635bcb0a72c532f99bff008c27e2d69083fc279,FALSE,titan-representative-benchmark-v1,FALSE,one lowest salted SHA-256 endpoint per non-empty outcome-family and sample-size-tercile cell; binary cells additionally stratified by minority-class-fraction tercile
continuous,thorsson,READ,TCR Richness,78,,,C,small,not applicable,,68e9660d19a839af250fa75eab41a1f60a0b427d85a8ad2fdb3b6bc6f112c352,FALSE,titan-representative-benchmark-v1,FALSE,one lowest salted SHA-256 endpoint per non-empty outcome-family and sample-size-tercile cell; binary cells additionally stratified by minority-class-fraction tercile
continuous,thorsson,OV,Proliferation,61,,,C,small,not applicable,,6a4ba4e517ecc677a137d2cf18097d147151e8365e51e2bea0ac36f9f5535255,FALSE,titan-representative-benchmark-v1,FALSE,one lowest salted SHA-256 endpoint per non-empty outcome-family and sample-size-tercile cell; binary cells additionally stratified by minority-class-fraction tercile
continuous,thorsson,OV,Aneuploidy Score,96,,,C,small,not applicable,,6b670f3a388f37368ad5a0abc56ef98ba183b1753e346bc3c84f27d4dd06af3d,FALSE,titan-representative-benchmark-v1,FALSE,one lowest salted SHA-256 endpoint per non-empty outcome-family and sample-size-tercile cell; binary cells additionally stratified by minority-class-fraction tercile
continuous,thorsson,GBM,Neutrophils,96,,,C,small,not applicable,,6c06e7c7b905a01cb6eb53122ff303e2633e485ab5e3e1f74473fe5c5ffa048e,FALSE,titan-representative-benchmark-v1,FALSE,one lowest salted SHA-256 endpoint per non-empty outcome-family and sample-size-tercile cell; binary cells additionally stratified by minority-class-fraction tercile
continuous,thorsson,OV,Silent Mutation Rate,68,,,C,small,not applicable,,6c76f7aa95d33ec72bc229c03581ea6a2c48474a298e5947356a2c65061dc2eb,FALSE,titan-representative-benchmark-v1,FALSE,one lowest salted SHA-256 endpoint per non-empty outcome-family and sample-size-tercile cell; binary cells additionally stratified by minority-class-fraction tercile
continuous,thorsson,OV,Number of Segments,97,,,C,small,not applicable,,6c8c6fb9c37735ae2de452db6426819f8ac17669314ce4e00f63069e3f1fb997,FALSE,titan-representative-benchmark-v1,FALSE,one lowest salted SHA-256 endpoint per non-empty outcome-family and sample-size-tercile cell; binary cells additionally stratified by minority-class-fraction tercile
continuous,thorsson,GBM,T Cells CD4 Memory Resting,96,,,C,small,not applicable,,6d0849313836b56a0c89a3fd4ed40d774c787b8029284738a9acfdb78c9b259a,FALSE,titan-representative-benchmark-v1,FALSE,one lowest salted SHA-256 endpoint per non-empty outcome-family and sample-size-tercile cell; binary cells additionally stratified by minority-class-fraction tercile
continuous,thorsson,UVM,Mast Cells Activated,80,,,C,small,not applicable,,6de7ebb83cfd61d405fe06f97a204bfec8477082936254fc99eff3abb40bd33a,FALSE,titan-representative-benchmark-v1,FALSE,one lowest salted SHA-256 endpoint per non-empty outcome-family and sample-size-tercile cell; binary cells additionally stratified by minority-class-fraction tercile
continuous,thorsson,KIRP,BCR Shannon,75,,,C,small,not applicable,,6f6e26281a5e2a5a0b18179d1f7a46ca52eb5ab8dcd6d03012947b81f8ee317a,FALSE,titan-representative-benchmark-v1,FALSE,one lowest salted SHA-256 endpoint per non-empty outcome-family and sample-size-tercile cell; binary cells additionally stratified by minority-class-fraction tercile
continuous,thorsson,ESCA,Mast Cells Resting,147,,,C,small,not applicable,,6f750b35b6b96923fddfca6fa05eef490626d9f177f76d60c37b0f112cf8346b,FALSE,titan-representative-benchmark-v1,FALSE,one lowest salted SHA-256 endpoint per non-empty outcome-family and sample-size-tercile cell; binary cells additionally stratified by minority-class-fraction tercile
continuous,thorsson,THYM,Nonsilent Mutation Rate,120,,,B,small,not applicable,,7026483013ee2106256d380e0f352c17a26a9581d37ca09a8b60e118e89ae2d3,FALSE,titan-representative-benchmark-v1,FALSE,one lowest salted SHA-256 endpoint per non-empty outcome-family and sample-size-tercile cell; binary cells additionally stratified by minority-class-fraction tercile
continuous,thorsson,SARC,BCR Richness,74,,,C,small,not applicable,,7043acf7193fb16a54f7bc8d00fcfcfc4a22a3833d03f74531d2e1d2979b743c,FALSE,titan-representative-benchmark-v1,FALSE,one lowest salted SHA-256 endpoint per non-empty outcome-family and sample-size-tercile cell; binary cells additionally stratified by minority-class-fraction tercile
continuous,thorsson,MESO,Th17 Cells,72,,,C,small,not applicable,,70f60b898c92e6776cfda1d687889c78da9bdbab0c5df967ab9e20fc327b6664,FALSE,titan-representative-benchmark-v1,FALSE,one lowest salted SHA-256 endpoint per non-empty outcome-family and sample-size-tercile cell; binary cells additionally stratified by minority-class-fraction tercile
continuous,thorsson,ESCA,TCR Shannon,145,,,C,small,not applicable,,72d129f9b8b387605cb44a86a9925ef35b7a1a98f8575d2554345a68413239c5,FALSE,titan-representative-benchmark-v1,FALSE,one lowest salted SHA-256 endpoint per non-empty outcome-family and sample-size-tercile cell; binary cells additionally stratified by minority-class-fraction tercile
continuous,thorsson,TGCT,Leukocyte Fraction,132,,,A,small,not applicable,,73405bead7fb04399f88c15140d2aae1c565042ec4c9a40b07e4cc023eda3143,FALSE,titan-representative-benchmark-v1,FALSE,one lowest salted SHA-256 endpoint per non-empty outcome-family and sample-size-tercile cell; binary cells additionally stratified by minority-class-fraction tercile
continuous,thorsson,GBM,Lymphocyte Infiltration Signature Score,96,,,C,small,not applicable,,73661029864661276915dcfc37623200594c866f51a982889f1f65254a0af617,FALSE,titan-representative-benchmark-v1,FALSE,one lowest salted SHA-256 endpoint per non-empty outcome-family and sample-size-tercile cell; binary cells additionally stratified by minority-class-fraction tercile
continuous,thorsson,GBM,Mast Cells Resting,96,,,C,small,not applicable,,73beb850ebf34f2fae2fcb1c320647a6ed29b4ebf9fffdf2ea5a30d3b772a353,FALSE,titan-representative-benchmark-v1,FALSE,one lowest salted SHA-256 endpoint per non-empty outcome-family and sample-size-tercile cell; binary cells additionally stratified by minority-class-fraction tercile
continuous,thorsson,MESO,Silent Mutation Rate,71,,,C,small,not applicable,,743efef87b2cbcf237bd8fbfc175ee8894cf06c389876e411cd0a2ca852aa1d3,FALSE,titan-representative-benchmark-v1,FALSE,one lowest salted SHA-256 endpoint per non-empty outcome-family and sample-size-tercile cell; binary cells additionally stratified by minority-class-fraction tercile
continuous,thorsson,READ,B Cells Memory,144,,,C,small,not applicable,,74a0c5349cd2ec3f273b3d614909eef8023346931daa60b18ac07a8be8e2581d,FALSE,titan-representative-benchmark-v1,FALSE,one lowest salted SHA-256 endpoint per non-empty outcome-family and sample-size-tercile cell; binary cells additionally stratified by minority-class-fraction tercile
continuous,thorsson,ESCA,Plasma Cells,147,,,C,small,not applicable,,750bd1b2bd70f6c9c26733c9f4d6dab635c5a165b7e42b23c1e5d51ff64ecc07,FALSE,titan-representative-benchmark-v1,FALSE,one lowest salted SHA-256 endpoint per non-empty outcome-family and sample-size-tercile cell; binary cells additionally stratified by minority-class-fraction tercile
continuous,thorsson,UVM,Stromal Fraction,80,,,C,small,not applicable,,7529e6424f5f519032ed072c9eee3738425d6969a83d8e2a7bcc3ecd951e4558,FALSE,titan-representative-benchmark-v1,FALSE,one lowest salted SHA-256 endpoint per non-empty outcome-family and sample-size-tercile cell; binary cells additionally stratified by minority-class-fraction tercile
continuous,thorsson,GBM,Dendritic Cells Activated,96,,,C,small,not applicable,,756187ac5ef6bedf686cab6fcdf4331a9c663cfda0e860118e63ff8d19b0abff,FALSE,titan-representative-benchmark-v1,FALSE,one lowest salted SHA-256 endpoint per non-empty outcome-family and sample-size-tercile cell; binary cells additionally stratified by minority-class-fraction tercile
continuous,thorsson,MESO,TGF-beta Response,72,,,C,small,not applicable,,75b775d0359effdc2e64b168f815b467972203e6e475ce77359d6b5035f36490,FALSE,titan-representative-benchmark-v1,FALSE,one lowest salted SHA-256 endpoint per non-empty outcome-family and sample-size-tercile cell; binary cells additionally stratified by minority-class-fraction tercile
continuous,thorsson,MESO,Indel Neoantigens,55,,,C,small,not applicable,,75d8841b801979a5da7d3da25b18d2132726e936870ed7ae7074b1d766874fd9,FALSE,titan-representative-benchmark-v1,FALSE,one lowest salted SHA-256 endpoint per non-empty outcome-family and sample-size-tercile cell; binary cells additionally stratified by minority-class-fraction tercile
continuous,thorsson,GBM,Mast Cells Activated,96,,,C,small,not applicable,,760fa38090de805ec9c6954bbfba16f0d81110ebf81c507b8462db1fef17842d,FALSE,titan-representative-benchmark-v1,FALSE,one lowest salted SHA-256 endpoint per non-empty outcome-family and sample-size-tercile cell; binary cells additionally stratified by minority-class-fraction tercile
continuous,thorsson,ESCA,Mast Cells Activated,147,,,C,small,not applicable,,764c5e5ceab5b777e7043e32466049117dc2179aa281a492e95044fed4c1a429,FALSE,titan-representative-benchmark-v1,FALSE,one lowest salted SHA-256 endpoint per non-empty outcome-family and sample-size-tercile cell; binary cells additionally stratified by minority-class-fraction tercile
continuous,thorsson,READ,B Cells Naive,144,,,C,small,not applicable,,77262b730f9b27994e7e5cde7c662ea4cc12bd73c575eef82132f97d99300adc,FALSE,titan-representative-benchmark-v1,FALSE,one lowest salted SHA-256 endpoint per non-empty outcome-family and sample-size-tercile cell; binary cells additionally stratified by minority-class-fraction tercile
continuous,thorsson,UVM,Proliferation,80,,,C,small,not applicable,,77b30e08fcd438e6bcc081f38ff2500d56d18ed46e53de9e3f023794969fac69,FALSE,titan-representative-benchmark-v1,FALSE,one lowest salted SHA-256 endpoint per non-empty outcome-family and sample-size-tercile cell; binary cells additionally stratified by minority-class-fraction tercile
continuous,thorsson,ACC,Dendritic Cells Resting,54,,,C,small,not applicable,,78686a587128c6ab3e5abbc2081ef1e1829b51f119975269df6027080a6bc0c2,FALSE,titan-representative-benchmark-v1,FALSE,one lowest salted SHA-256 endpoint per non-empty outcome-family and sample-size-tercile cell; binary cells additionally stratified by minority-class-fraction tercile
continuous,thorsson,ACC,Homologous Recombination Defects,54,,,C,small,not applicable,,78828d3e988ea99ea0df0997874ecbb6e28108d1edc6b2ead010b301e62d5b68,FALSE,titan-representative-benchmark-v1,FALSE,one lowest salted SHA-256 endpoint per non-empty outcome-family and sample-size-tercile cell; binary cells additionally stratified by minority-class-fraction tercile
continuous,thorsson,ESCA,Eosinophils,147,,,C,small,not applicable,,788b7005c9dc23586d2c4ec054577bcf60c588e833f2b051bb808f6f4f7fcd7c,FALSE,titan-representative-benchmark-v1,FALSE,one lowest salted SHA-256 endpoint per non-empty outcome-family and sample-size-tercile cell; binary cells additionally stratified by minority-class-fraction tercile
continuous,thorsson,OV,T Cells Regulatory Tregs,69,,,C,small,not applicable,,78bfb568f6025191c82068bf720010950e3791d6990a62bb49054adbe0e53e99,FALSE,titan-representative-benchmark-v1,FALSE,one lowest salted SHA-256 endpoint per non-empty outcome-family and sample-size-tercile cell; binary cells additionally stratified by minority-class-fraction tercile
continuous,thorsson,THYM,Lymphocyte Infiltration Signature Score,117,,,A,small,not applicable,,78c44ac710b49674b610a6939e94d04287851d1888c00b33990c5aecd2ee9e1e,FALSE,titan-representative-benchmark-v1,FALSE,one lowest salted SHA-256 endpoint per non-empty outcome-family and sample-size-tercile cell; binary cells additionally stratified by minority-class-fraction tercile
continuous,thorsson,OV,TGF-beta Response,61,,,C,small,not applicable,,78d2a210a4d6d1f3268273c53590004643a3823fef0beddddae63b479b307b7c,FALSE,titan-representative-benchmark-v1,FALSE,one lowest salted SHA-256 endpoint per non-empty outcome-family and sample-size-tercile cell; binary cells additionally stratified by minority-class-fraction tercile
continuous,thorsson,MESO,T Cells gamma delta,72,,,C,small,not applicable,,796f14955baa7de793e874d3f1dda7a2cd40ab0fa28e88750e1395e03451768d,FALSE,titan-representative-benchmark-v1,FALSE,one lowest salted SHA-256 endpoint per non-empty outcome-family and sample-size-tercile cell; binary cells additionally stratified by minority-class-fraction tercile
continuous,thorsson,MESO,Plasma Cells,72,,,C,small,not applicable,,7a62473de5356c5420614a02b856d149e07f2819eb56172534b258ab0344b4de,FALSE,titan-representative-benchmark-v1,FALSE,one lowest salted SHA-256 endpoint per non-empty outcome-family and sample-size-tercile cell; binary cells additionally stratified by minority-class-fraction tercile
continuous,thorsson,ACC,TGF-beta Response,54,,,C,small,not applicable,,7bc36cbbb45acc95857432998cdfa309fcc06a0a5d83b8e4fe8bf67b31401a4b,FALSE,titan-representative-benchmark-v1,FALSE,one lowest salted SHA-256 endpoint per non-empty outcome-family and sample-size-tercile cell; binary cells additionally stratified by minority-class-fraction tercile
continuous,thorsson,STAD,SNV Neoantigens,84,,,C,small,not applicable,,7c522827493389508e284e3672c22377fc037c97b765df0e30f5158ee4ce7886,FALSE,titan-representative-benchmark-v1,FALSE,one lowest salted SHA-256 endpoint per non-empty outcome-family and sample-size-tercile cell; binary cells additionally stratified by minority-class-fraction tercile
continuous,thorsson,THYM,Silent Mutation Rate,120,,,C,small,not applicable,,7c614887e26964a5d3fb79b36806d18e6d1008d4f6390f9a3a07e0616ad2c146,FALSE,titan-representative-benchmark-v1,FALSE,one lowest salted SHA-256 endpoint per non-empty outcome-family and sample-size-tercile cell; binary cells additionally stratified by minority-class-fraction tercile
continuous,thorsson,ESCA,T Cells gamma delta,147,,,C,small,not applicable,,7cd462977c199c648bfe8d2c8dd2d1f91bd0dcd5b014dd9fb2a7fe2d18bb14c0,FALSE,titan-representative-benchmark-v1,FALSE,one lowest salted SHA-256 endpoint per non-empty outcome-family and sample-size-tercile cell; binary cells additionally stratified by minority-class-fraction tercile
continuous,thorsson,ACC,CTA Score,54,,,C,small,not applicable,,7d7336f90bcc659a8b4ed982bf259550c6149367687be553a08f9eacd9efe934,FALSE,titan-representative-benchmark-v1,FALSE,one lowest salted SHA-256 endpoint per non-empty outcome-family and sample-size-tercile cell; binary cells additionally stratified by minority-class-fraction tercile
continuous,thorsson,THYM,Number of Segments,120,,,C,small,not applicable,,7dd66d88c60d885e91c58db3a6c2e6b0df672369d8b186a2bdb6ee7c80e7f49f,FALSE,titan-representative-benchmark-v1,FALSE,one lowest salted SHA-256 endpoint per non-empty outcome-family and sample-size-tercile cell; binary cells additionally stratified by minority-class-fraction tercile
continuous,thorsson,UVM,SNV Neoantigens,76,,,C,small,not applicable,,7f07fce4f1c608ee7c0d083c2e9d17b41fae960c4ca34068331de40a60a875a1,FALSE,titan-representative-benchmark-v1,FALSE,one lowest salted SHA-256 endpoint per non-empty outcome-family and sample-size-tercile cell; binary cells additionally stratified by minority-class-fraction tercile
continuous,thorsson,ACC,Wound Healing,54,,,C,small,not applicable,,7f7dcbd043009a45d4904e518a7563c78bb022cc60cc1e8eaa658c64d55176de,FALSE,titan-representative-benchmark-v1,FALSE,one lowest salted SHA-256 endpoint per non-empty outcome-family and sample-size-tercile cell; binary cells additionally stratified by minority-class-fraction tercile
continuous,thorsson,ACC,T Cells Regulatory Tregs,54,,,C,small,not applicable,,7fb2036e13b1e087d7921e9eba2bb014316f1927379597ec6ee1b837fe68c5c5,FALSE,titan-representative-benchmark-v1,FALSE,one lowest salted SHA-256 endpoint per non-empty outcome-family and sample-size-tercile cell; binary cells additionally stratified by minority-class-fraction tercile
continuous,thorsson,THYM,T Cells gamma delta,117,,,C,small,not applicable,,7fe50bb4a6f6be3418469bd855659394cf376b2825313e55e5dd8b0fd1409080,FALSE,titan-representative-benchmark-v1,FALSE,one lowest salted SHA-256 endpoint per non-empty outcome-family and sample-size-tercile cell; binary cells additionally stratified by minority-class-fraction tercile
continuous,thorsson,ACC,TCR Richness,53,,,C,small,not applicable,,805f5c37a6e23d32ab149cc43dbce3c05bacf811954df04e3f700252b8804fa6,FALSE,titan-representative-benchmark-v1,FALSE,one lowest salted SHA-256 endpoint per non-empty outcome-family and sample-size-tercile cell; binary cells additionally stratified by minority-class-fraction tercile
continuous,thorsson,GBM,B Cells Naive,96,,,C,small,not applicable,,81aeb279012a9bbd07bae39454bf8a1f6aa186bb753758c5f4aa0feb79e232eb,FALSE,titan-representative-benchmark-v1,FALSE,one lowest salted SHA-256 endpoint per non-empty outcome-family and sample-size-tercile cell; binary cells additionally stratified by minority-class-fraction tercile
continuous,thorsson,ESCA,Proliferation,147,,,C,small,not applicable,,81bd927c4e4801d65081923c113a1d79c5e27eb58db815cb4b2a61513fcab0d9,FALSE,titan-representative-benchmark-v1,FALSE,one lowest salted SHA-256 endpoint per non-empty outcome-family and sample-size-tercile cell; binary cells additionally stratified by minority-class-fraction tercile
continuous,thorsson,KICH,Monocytes,65,,,C,small,not applicable,,82cd7585353cdd10ed19796f518e35ab71b31cbbd10c81854dca9a7f6d44ba55,FALSE,titan-representative-benchmark-v1,FALSE,one lowest salted SHA-256 endpoint per non-empty outcome-family and sample-size-tercile cell; binary cells additionally stratified by minority-class-fraction tercile
continuous,thorsson,UCS,T Cells CD8,53,,,C,small,not applicable,,8395d88aa8ee1837a4a37845a1b21185492ff7d54f575ad88b3194c3647d7010,FALSE,titan-representative-benchmark-v1,FALSE,one lowest salted SHA-256 endpoint per non-empty outcome-family and sample-size-tercile cell; binary cells additionally stratified by minority-class-fraction tercile
continuous,thorsson,UCS,B Cells Memory,53,,,C,small,not applicable,,8443653ad7cfa99bf64506b9b8fae8f3ba3f2bf17c95ac094eb64973dedef0b7,FALSE,titan-representative-benchmark-v1,FALSE,one lowest salted SHA-256 endpoint per non-empty outcome-family and sample-size-tercile cell; binary cells additionally stratified by minority-class-fraction tercile
continuous,thorsson,READ,T Cells CD4 Memory Activated,144,,,C,small,not applicable,,846aeb3ebc286971402134bcca8f2a0d276b1f2fa389c46dad2334a238a3e2e0,FALSE,titan-representative-benchmark-v1,FALSE,one lowest salted SHA-256 endpoint per non-empty outcome-family and sample-size-tercile cell; binary cells additionally stratified by minority-class-fraction tercile
continuous,thorsson,THYM,Stromal Fraction,104,,,B,small,not applicable,,84d921219dddccd43263c9a6c750693c7f9dce6c1b40a1cd632df787e58c2d08,FALSE,titan-representative-benchmark-v1,FALSE,one lowest salted SHA-256 endpoint per non-empty outcome-family and sample-size-tercile cell; binary cells additionally stratified by minority-class-fraction tercile
continuous,thorsson,OV,Stromal Fraction,65,,,B,small,not applicable,,854ad88a316eb361a4cc3dd196681e727c0950654a5fe02e937d84dfd63a1d93,FALSE,titan-representative-benchmark-v1,FALSE,one lowest salted SHA-256 endpoint per non-empty outcome-family and sample-size-tercile cell; binary cells additionally stratified by minority-class-fraction tercile
continuous,thorsson,UCS,T Cells CD4 Memory Activated,53,,,C,small,not applicable,,8608fb0be556990e392f0c7c64347c2f4a9ff904df4289c2d8865bf6065eadb3,FALSE,titan-representative-benchmark-v1,FALSE,one lowest salted SHA-256 endpoint per non-empty outcome-family and sample-size-tercile cell; binary cells additionally stratified by minority-class-fraction tercile
continuous,thorsson,OV,BCR Evenness,52,,,C,small,not applicable,,861f2ae9a7468f5ecaf515b3f4b78ae6a2fe38c50250434d24d17232b6644d34,FALSE,titan-representative-benchmark-v1,FALSE,one lowest salted SHA-256 endpoint per non-empty outcome-family and sample-size-tercile cell; binary cells additionally stratified by minority-class-fraction tercile
continuous,thorsson,READ,Mast Cells Activated,144,,,C,small,not applicable,,869ee5e6b09c9b0047f3781ac64d7ddfb18bc62a7fe0d377cac0d6c64d87d22d,FALSE,titan-representative-benchmark-v1,FALSE,one lowest salted SHA-256 endpoint per non-empty outcome-family and sample-size-tercile cell; binary cells additionally stratified by minority-class-fraction tercile
continuous,thorsson,MESO,Homologous Recombination Defects,69,,,C,small,not applicable,,86d795d46a52d364addea5eeac8b616dbf6c67ddcc8c5566bad46fb0bc923ea8,FALSE,titan-representative-benchmark-v1,FALSE,one lowest salted SHA-256 endpoint per non-empty outcome-family and sample-size-tercile cell; binary cells additionally stratified by minority-class-fraction tercile
continuous,thorsson,OV,TCR Richness,69,,,C,small,not applicable,,86ffe057cbcff249e28521f1ded05ee9497c71a87173fae6d1e3c3fa6b316869,FALSE,titan-representative-benchmark-v1,FALSE,one lowest salted SHA-256 endpoint per non-empty outcome-family and sample-size-tercile cell; binary cells additionally stratified by minority-class-fraction tercile
continuous,thorsson,READ,Neutrophils,144,,,C,small,not applicable,,872333e85c3fc0ad3775e13470b5b5d048eb284374486c4d823dbd1aefb44844,FALSE,titan-representative-benchmark-v1,FALSE,one lowest salted SHA-256 endpoint per non-empty outcome-family and sample-size-tercile cell; binary cells additionally stratified by minority-class-fraction tercile
continuous,thorsson,PRAD,BCR Richness,138,,,C,small,not applicable,,87e6bcafeaf56ffa36404e6fce00318ac97acbd5d7f51602c242f5c0f87305fb,FALSE,titan-representative-benchmark-v1,FALSE,one lowest salted SHA-256 endpoint per non-empty outcome-family and sample-size-tercile cell; binary cells additionally stratified by minority-class-fraction tercile
continuous,thorsson,OV,BCR Shannon,60,,,C,small,not applicable,,88020781e15f616155e00733c80bb7c12d8f3cbf25ca95e1d0b780f9ddc50b64,FALSE,titan-representative-benchmark-v1,FALSE,one lowest salted SHA-256 endpoint per non-empty outcome-family and sample-size-tercile cell; binary cells additionally stratified by minority-class-fraction tercile
continuous,thorsson,KICH,Macrophages M1,65,,,C,small,not applicable,,882c463165090a5a92378cfa78c2cf89be0c9251d331fffe90bc9b97c405e82e,FALSE,titan-representative-benchmark-v1,FALSE,one lowest salted SHA-256 endpoint per non-empty outcome-family and sample-size-tercile cell; binary cells additionally stratified by minority-class-fraction tercile
continuous,thorsson,UVM,Wound Healing,80,,,C,small,not applicable,,889710074b26d6ca82f9fb9c26acdcdc4cd64af693cea0a2814ba39e6273ae03,FALSE,titan-representative-benchmark-v1,FALSE,one lowest salted SHA-256 endpoint per non-empty outcome-family and sample-size-tercile cell; binary cells additionally stratified by minority-class-fraction tercile
continuous,thorsson,ESCA,Dendritic Cells Resting,147,,,C,small,not applicable,,88c814d53136b5b1fbba340a4a286e5c3ba9f998fb1d851dbe21681e6ac3e436,FALSE,titan-representative-benchmark-v1,FALSE,one lowest salted SHA-256 endpoint per non-empty outcome-family and sample-size-tercile cell; binary cells additionally stratified by minority-class-fraction tercile
continuous,thorsson,ACC,Macrophages M2,54,,,C,small,not applicable,,88d9492d3a3d57f3a4d773e5c018b6f7c172b3cf132aaab528954cbf7d08d856,FALSE,titan-representative-benchmark-v1,FALSE,one lowest salted SHA-256 endpoint per non-empty outcome-family and sample-size-tercile cell; binary cells additionally stratified by minority-class-fraction tercile
continuous,thorsson,TGCT,CTA Score,132,,,C,small,not applicable,,8914aa341886638fa4bd2377c946e0281fa84ccca8ee28d08eb320ebe0337227,FALSE,titan-representative-benchmark-v1,FALSE,one lowest salted SHA-256 endpoint per non-empty outcome-family and sample-size-tercile cell; binary cells additionally stratified by minority-class-fraction tercile
continuous,thorsson,ESCA,T Cells CD4 Memory Activated,147,,,C,small,not applicable,,8a01dea15388aaae1629a69b8753062b78c3d41d2c9b7c9e7c5130a0786ae75e,FALSE,titan-representative-benchmark-v1,FALSE,one lowest salted SHA-256 endpoint per non-empty outcome-family and sample-size-tercile cell; binary cells additionally stratified by minority-class-fraction tercile
continuous,thorsson,GBM,TCR Shannon,92,,,C,small,not applicable,,8b90af238520f9b354dc8b5ec0e7874720e43eb93e183124bbfebf567b49ea88,FALSE,titan-representative-benchmark-v1,FALSE,one lowest salted SHA-256 endpoint per non-empty outcome-family and sample-size-tercile cell; binary cells additionally stratified by minority-class-fraction tercile
continuous,thorsson,MESO,Proliferation,72,,,C,small,not applicable,,8b976a7dd6fba801a3ed35098e19052db35e56e8837746348910e5693fc7a63e,FALSE,titan-representative-benchmark-v1,FALSE,one lowest salted SHA-256 endpoint per non-empty outcome-family and sample-size-tercile cell; binary cells additionally stratified by minority-class-fraction tercile
continuous,thorsson,GBM,Proliferation,96,,,C,small,not applicable,,8b9b422feb09fd0268177f06c3426c9c2cd4097ea2e6a3983bbf85e341183887,FALSE,titan-representative-benchmark-v1,FALSE,one lowest salted SHA-256 endpoint per non-empty outcome-family and sample-size-tercile cell; binary cells additionally stratified by minority-class-fraction tercile
continuous,thorsson,UCS,NK Cells Activated,53,,,C,small,not applicable,,8bd51b3c384ce0969619be41954a21b996205b8b88b31f9a57f1277125b33882,FALSE,titan-representative-benchmark-v1,FALSE,one lowest salted SHA-256 endpoint per non-empty outcome-family and sample-size-tercile cell; binary cells additionally stratified by minority-class-fraction tercile
continuous,thorsson,UCEC,TCR Richness,147,,,C,small,not applicable,,8d3cbf1178c97d129dfd23ccd1772fe3d5b6cf75bae8b74b20df342eee29f9cc,FALSE,titan-representative-benchmark-v1,FALSE,one lowest salted SHA-256 endpoint per non-empty outcome-family and sample-size-tercile cell; binary cells additionally stratified by minority-class-fraction tercile
continuous,thorsson,ACC,T Cells Follicular Helper,54,,,C,small,not applicable,,8d513283f83e339f7dadde70f74bff4f4083c2231cc360bdafe26b2c2bedbc6f,FALSE,titan-representative-benchmark-v1,FALSE,one lowest salted SHA-256 endpoint per non-empty outcome-family and sample-size-tercile cell; binary cells additionally stratified by minority-class-fraction tercile
continuous,thorsson,MESO,TCR Evenness,67,,,C,small,not applicable,,8d7404b8ec64c3d670a517bd155a78e636c63b42c2fe4393a9958c2380228f37,FALSE,titan-representative-benchmark-v1,FALSE,one lowest salted SHA-256 endpoint per non-empty outcome-family and sample-size-tercile cell; binary cells additionally stratified by minority-class-fraction tercile
continuous,thorsson,KICH,Th2 Cells,65,,,C,small,not applicable,,8e78aee29e8e5d05e3ed8d2ba7f89d16a51f31533ec4abb59df95fd4aae5c2a3,FALSE,titan-representative-benchmark-v1,FALSE,one lowest salted SHA-256 endpoint per non-empty outcome-family and sample-size-tercile cell; binary cells additionally stratified by minority-class-fraction tercile
continuous,thorsson,TGCT,TCR Shannon,144,,,C,small,not applicable,,9051fff3be6385e8ed566e75ff9fb5b5eb8d81fbad263831685fe52382c18d04,FALSE,titan-representative-benchmark-v1,FALSE,one lowest salted SHA-256 endpoint per non-empty outcome-family and sample-size-tercile cell; binary cells additionally stratified by minority-class-fraction tercile
continuous,thorsson,OV,NK Cells Activated,69,,,C,small,not applicable,,90598f7f8508e7e93234da08044c6981a3a3d8ad975b92b22987081c12adc3e3,FALSE,titan-representative-benchmark-v1,FALSE,one lowest salted SHA-256 endpoint per non-empty outcome-family and sample-size-tercile cell; binary cells additionally stratified by minority-class-fraction tercile
continuous,thorsson,UVM,Lymphocyte Infiltration Signature Score,80,,,B,small,not applicable,,90921042d16b477c51e65eb79faa4b6998245ddc10959ed86da1fa0dc1aeb1c9,FALSE,titan-representative-benchmark-v1,FALSE,one lowest salted SHA-256 endpoint per non-empty outcome-family and sample-size-tercile cell; binary cells additionally stratified by minority-class-fraction tercile
continuous,thorsson,TGCT,Indel Neoantigens,90,,,C,small,not applicable,,90fb8353c2ad749359ca3f7bb4755ac56a01e75a6d1eb56791581b28d1f28f3e,FALSE,titan-representative-benchmark-v1,FALSE,one lowest salted SHA-256 endpoint per non-empty outcome-family and sample-size-tercile cell; binary cells additionally stratified by minority-class-fraction tercile
continuous,thorsson,ACC,Neutrophils,54,,,C,small,not applicable,,9146494367448c3a57a8f237445f11fbfbde67420e26394af634aab692576f2a,FALSE,titan-representative-benchmark-v1,FALSE,one lowest salted SHA-256 endpoint per non-empty outcome-family and sample-size-tercile cell; binary cells additionally stratified by minority-class-fraction tercile
continuous,thorsson,READ,Aneuploidy Score,143,,,C,small,not applicable,,92b710b2a8fadbb96da80b64325bfab928332f3a6eb9b1b659c238ae1670c73e,FALSE,titan-representative-benchmark-v1,FALSE,one lowest salted SHA-256 endpoint per non-empty outcome-family and sample-size-tercile cell; binary cells additionally stratified by minority-class-fraction tercile
continuous,thorsson,KICH,Leukocyte Fraction,65,,,C,small,not applicable,,938fe82258616bb6474b8059ac14053391d84f94099bcafe97bfb8af9754066c,FALSE,titan-representative-benchmark-v1,FALSE,one lowest salted SHA-256 endpoint per non-empty outcome-family and sample-size-tercile cell; binary cells additionally stratified by minority-class-fraction tercile
continuous,thorsson,UVM,CTA Score,80,,,C,small,not applicable,,93e5afaaac33f0d0aea1e5bd68d3e810b1f5a1570111e931e48ac5e4af373f75,FALSE,titan-representative-benchmark-v1,FALSE,one lowest salted SHA-256 endpoint per non-empty outcome-family and sample-size-tercile cell; binary cells additionally stratified by minority-class-fraction tercile
continuous,thorsson,READ,Macrophages M2,144,,,C,small,not applicable,,95393330b6c8734b9ec11806b34a8d1829872932424a3789a778302fadf0802b,FALSE,titan-representative-benchmark-v1,FALSE,one lowest salted SHA-256 endpoint per non-empty outcome-family and sample-size-tercile cell; binary cells additionally stratified by minority-class-fraction tercile
continuous,thorsson,ACC,Macrophages M0,54,,,C,small,not applicable,,95596f425ea8515d653861c4d1b68077a6134ae819c04215aa402d8dfc5bd0ee,FALSE,titan-representative-benchmark-v1,FALSE,one lowest salted SHA-256 endpoint per non-empty outcome-family and sample-size-tercile cell; binary cells additionally stratified by minority-class-fraction tercile
continuous,thorsson,MESO,Th2 Cells,72,,,C,small,not applicable,,9690e34ca3c0f6f4dbc58e1386de4de5fb09a4f429a5250e94353c6b3fc98823,FALSE,titan-representative-benchmark-v1,FALSE,one lowest salted SHA-256 endpoint per non-empty outcome-family and sample-size-tercile cell; binary cells additionally stratified by minority-class-fraction tercile
continuous,thorsson,GBM,SNV Neoantigens,103,,,C,small,not applicable,,96a3d87d0f73a1cb1438f6311e3deb443062a5fc3e2466beb5bc9c0d8382bd62,FALSE,titan-representative-benchmark-v1,FALSE,one lowest salted SHA-256 endpoint per non-empty outcome-family and sample-size-tercile cell; binary cells additionally stratified by minority-class-fraction tercile
continuous,thorsson,UCS,Silent Mutation Rate,53,,,C,small,not applicable,,97c0bafcada31ad06fc96906eac257c0565ce947ecb752b6480255948e517b09,FALSE,titan-representative-benchmark-v1,FALSE,one lowest salted SHA-256 endpoint per non-empty outcome-family and sample-size-tercile cell; binary cells additionally stratified by minority-class-fraction tercile
continuous,thorsson,KICH,Th1 Cells,65,,,C,small,not applicable,,99202848360edc6ca17fb4bbbbd7833f66742635c4848c80084dc1f27fc2283a,FALSE,titan-representative-benchmark-v1,FALSE,one lowest salted SHA-256 endpoint per non-empty outcome-family and sample-size-tercile cell; binary cells additionally stratified by minority-class-fraction tercile
continuous,thorsson,READ,Stromal Fraction,128,,,C,small,not applicable,,992332ebbf04199f42313e680e4342c62b5cc2c8975d82f90e093248c67e0789,FALSE,titan-representative-benchmark-v1,FALSE,one lowest salted SHA-256 endpoint per non-empty outcome-family and sample-size-tercile cell; binary cells additionally stratified by minority-class-fraction tercile
continuous,thorsson,KICH,NK Cells Activated,65,,,C,small,not applicable,,9a32903ad8675025e4984f20f77ee05b79983329e2dc4f305bc145d22f2da516,FALSE,titan-representative-benchmark-v1,FALSE,one lowest salted SHA-256 endpoint per non-empty outcome-family and sample-size-tercile cell; binary cells additionally stratified by minority-class-fraction tercile
continuous,thorsson,PAAD,BCR Evenness,97,,,C,small,not applicable,,9a67847eecf7fe780ce1791dfa2ee4a16b3b374ec5f335d75545f6ac81512d97,FALSE,titan-representative-benchmark-v1,FALSE,one lowest salted SHA-256 endpoint per non-empty outcome-family and sample-size-tercile cell; binary cells additionally stratified by minority-class-fraction tercile
continuous,thorsson,GBM,T Cells Regulatory Tregs,96,,,C,small,not applicable,,9abd20d463e5443a9c937e72c05074b1bf126404e1c0d93284e4e3a709aa9248,FALSE,titan-representative-benchmark-v1,FALSE,one lowest salted SHA-256 endpoint per non-empty outcome-family and sample-size-tercile cell; binary cells additionally stratified by minority-class-fraction tercile
continuous,thorsson,THYM,Indel Neoantigens,62,,,C,small,not applicable,,9b0fd010821db114ee6f6589dbac1b7698ed65de022e702890c4e0d298ba32e7,FALSE,titan-representative-benchmark-v1,FALSE,one lowest salted SHA-256 endpoint per non-empty outcome-family and sample-size-tercile cell; binary cells additionally stratified by minority-class-fraction tercile
continuous,thorsson,UCS,Th1 Cells,53,,,C,small,not applicable,,9c5d557b75e5ae0435553fae13e939b183e3992677cdd5b91ce0d89861f9e5de,FALSE,titan-representative-benchmark-v1,FALSE,one lowest salted SHA-256 endpoint per non-empty outcome-family and sample-size-tercile cell; binary cells additionally stratified by minority-class-fraction tercile
continuous,thorsson,UCS,Macrophages M0,53,,,C,small,not applicable,,9c8554b728c5228d48b8402c8ae69fd60a85c991418de668005fbd08f0cfee65,FALSE,titan-representative-benchmark-v1,FALSE,one lowest salted SHA-256 endpoint per non-empty outcome-family and sample-size-tercile cell; binary cells additionally stratified by minority-class-fraction tercile
continuous,thorsson,UCS,Th17 Cells,53,,,C,small,not applicable,,9cd6cfb81119c40c224b1079967cae6cf1a45db4545eca1fc77af0a6b288b584,FALSE,titan-representative-benchmark-v1,FALSE,one lowest salted SHA-256 endpoint per non-empty outcome-family and sample-size-tercile cell; binary cells additionally stratified by minority-class-fraction tercile
continuous,thorsson,KICH,Macrophage Regulation,65,,,C,small,not applicable,,9d7cc6cf64e62cdd8bb10b939ff6dd89e88cc35148a49402c95361ba36c9344a,FALSE,titan-representative-benchmark-v1,FALSE,one lowest salted SHA-256 endpoint per non-empty outcome-family and sample-size-tercile cell; binary cells additionally stratified by minority-class-fraction tercile
continuous,thorsson,UCS,T Cells gamma delta,53,,,C,small,not applicable,,9de89cbb2989652064bc6657fe5f3365c8ed9be001292df8f578552d9a251bbc,FALSE,titan-representative-benchmark-v1,FALSE,one lowest salted SHA-256 endpoint per non-empty outcome-family and sample-size-tercile cell; binary cells additionally stratified by minority-class-fraction tercile
continuous,thorsson,THYM,T Cells CD8,117,,,C,small,not applicable,,9e1177417db816d8ade59e359b6c3d49fbcc31dae1599c43879f46c7499dffd1,FALSE,titan-representative-benchmark-v1,FALSE,one lowest salted SHA-256 endpoint per non-empty outcome-family and sample-size-tercile cell; binary cells additionally stratified by minority-class-fraction tercile
continuous,thorsson,MESO,NK Cells Activated,72,,,C,small,not applicable,,9e89d5871b9f50ac934a24b16c5387959b97b70222d51615c827f744581ddad3,FALSE,titan-representative-benchmark-v1,FALSE,one lowest salted SHA-256 endpoint per non-empty outcome-family and sample-size-tercile cell; binary cells additionally stratified by minority-class-fraction tercile
continuous,thorsson,UVM,TCR Richness,80,,,C,small,not applicable,,9eb4d3729b8dea57399caf5cf1eebbdd36754987bc5b59ae602ce531e8d39c56,FALSE,titan-representative-benchmark-v1,FALSE,one lowest salted SHA-256 endpoint per non-empty outcome-family and sample-size-tercile cell; binary cells additionally stratified by minority-class-fraction tercile
continuous,thorsson,UCS,Dendritic Cells Resting,53,,,C,small,not applicable,,9eb505c2e5c82f803f0f74e81ff0df67f4fd1313e80c476dfca2c164a6220ec1,FALSE,titan-representative-benchmark-v1,FALSE,one lowest salted SHA-256 endpoint per non-empty outcome-family and sample-size-tercile cell; binary cells additionally stratified by minority-class-fraction tercile
continuous,thorsson,READ,Th2 Cells,144,,,C,small,not applicable,,a0f09df55bfb3dc9be4e0bd2107f6a327de84c15f216aaae85cdcc8837ec731c,FALSE,titan-representative-benchmark-v1,FALSE,one lowest salted SHA-256 endpoint per non-empty outcome-family and sample-size-tercile cell; binary cells additionally stratified by minority-class-fraction tercile
continuous,thorsson,KICH,B Cells Memory,65,,,C,small,not applicable,,a0fdcba5ee9ddfa231f662dcd77b6672bb0f3c2c68f06c58fa2ce9ab2e812f92,FALSE,titan-representative-benchmark-v1,FALSE,one lowest salted SHA-256 endpoint per non-empty outcome-family and sample-size-tercile cell; binary cells additionally stratified by minority-class-fraction tercile
continuous,thorsson,MESO,Th1 Cells,72,,,C,small,not applicable,,a135d20933222d5a3f6d25365c3d493f43cc7c0f124e12afb136d1ea9c441907,FALSE,titan-representative-benchmark-v1,FALSE,one lowest salted SHA-256 endpoint per non-empty outcome-family and sample-size-tercile cell; binary cells additionally stratified by minority-class-fraction tercile
continuous,thorsson,UCS,Neutrophils,53,,,C,small,not applicable,,a2accc0901431429d2c0d3cf72b2d6515d0727318287c4351405f3808d806a54,FALSE,titan-representative-benchmark-v1,FALSE,one lowest salted SHA-256 endpoint per non-empty outcome-family and sample-size-tercile cell; binary cells additionally stratified by minority-class-fraction tercile
continuous,thorsson,THYM,B Cells Memory,117,,,C,small,not applicable,,a2e247a9716a8ac4ee057cec4f23d08bebd3272f68a2eb80a9587d6f0abe10ce,FALSE,titan-representative-benchmark-v1,FALSE,one lowest salted SHA-256 endpoint per non-empty outcome-family and sample-size-tercile cell; binary cells additionally stratified by minority-class-fraction tercile
continuous,thorsson,READ,NK Cells Resting,144,,,C,small,not applicable,,a2fadf04124c78c5825d8f18a9205b75dca70300b544555c6e1694118a9f5983,FALSE,titan-representative-benchmark-v1,FALSE,one lowest salted SHA-256 endpoint per non-empty outcome-family and sample-size-tercile cell; binary cells additionally stratified by minority-class-fraction tercile
continuous,thorsson,ESCA,BCR Richness,145,,,C,small,not applicable,,a308971db4ee5586ac29a4e500ca46f44f6324f1e02a113d6e02e366e228fd7f,FALSE,titan-representative-benchmark-v1,FALSE,one lowest salted SHA-256 endpoint per non-empty outcome-family and sample-size-tercile cell; binary cells additionally stratified by minority-class-fraction tercile
continuous,thorsson,THYM,Dendritic Cells Activated,117,,,C,small,not applicable,,a39321128f7f7de4a62921a7cd70ffbf914c7688fdc829bc39f2c14a4ff3f6aa,FALSE,titan-representative-benchmark-v1,FALSE,one lowest salted SHA-256 endpoint per non-empty outcome-family and sample-size-tercile cell; binary cells additionally stratified by minority-class-fraction tercile
continuous,thorsson,READ,IFN-gamma Response,144,,,C,small,not applicable,,a48af78c0ba97dfc1a69feb8e9a8fb6f76ac978025f563a3cf89a47cc39c2b4f,FALSE,titan-representative-benchmark-v1,FALSE,one lowest salted SHA-256 endpoint per non-empty outcome-family and sample-size-tercile cell; binary cells additionally stratified by minority-class-fraction tercile
continuous,thorsson,MESO,Dendritic Cells Resting,72,,,C,small,not applicable,,a5179db7bbdb1a4c57dfd22c609f028be7c3ca62ba13ae9191a6db21b8f7eedc,FALSE,titan-representative-benchmark-v1,FALSE,one lowest salted SHA-256 endpoint per non-empty outcome-family and sample-size-tercile cell; binary cells additionally stratified by minority-class-fraction tercile
continuous,thorsson,LIHC,BCR Evenness,86,,,C,small,not applicable,,a584dda0bdbce25689b0c63c75e2b71317db6adf8dcf2efc7df0717c5d853162,FALSE,titan-representative-benchmark-v1,FALSE,one lowest salted SHA-256 endpoint per non-empty outcome-family and sample-size-tercile cell; binary cells additionally stratified by minority-class-fraction tercile
continuous,thorsson,PAAD,TCR Shannon,143,,,C,small,not applicable,,a5bf3ef9cbe186935d19bb4b2b115fcc9fac53a958e17a59c196b36bbc753e02,FALSE,titan-representative-benchmark-v1,FALSE,one lowest salted SHA-256 endpoint per non-empty outcome-family and sample-size-tercile cell; binary cells additionally stratified by minority-class-fraction tercile
continuous,thorsson,ACC,IFN-gamma Response,54,,,C,small,not applicable,,a5d008196044eb132130b04bfa815f23d3348450479133a8af9831f961e80ff4,FALSE,titan-representative-benchmark-v1,FALSE,one lowest salted SHA-256 endpoint per non-empty outcome-family and sample-size-tercile cell; binary cells additionally stratified by minority-class-fraction tercile
continuous,thorsson,OV,TCR Shannon,68,,,B,small,not applicable,,a699db92b93159cfd444d914ad690309a6b40c99487d059064e1ca430fff47eb,FALSE,titan-representative-benchmark-v1,FALSE,one lowest salted SHA-256 endpoint per non-empty outcome-family and sample-size-tercile cell; binary cells additionally stratified by minority-class-fraction tercile
continuous,thorsson,OV,Lymphocyte Infiltration Signature Score,61,,,C,small,not applicable,,a799c2badeceed32f69238d2c2f52efd206ab3a495208d0002809e7c18c9f15f,FALSE,titan-representative-benchmark-v1,FALSE,one lowest salted SHA-256 endpoint per non-empty outcome-family and sample-size-tercile cell; binary cells additionally stratified by minority-class-fraction tercile
continuous,thorsson,ACC,Stromal Fraction,54,,,C,small,not applicable,,a7edc6340d9e312cd7e08fcdd247397e95a236cb779773d2f5320cc502fed08a,FALSE,titan-representative-benchmark-v1,FALSE,one lowest salted SHA-256 endpoint per non-empty outcome-family and sample-size-tercile cell; binary cells additionally stratified by minority-class-fraction tercile
continuous,thorsson,THYM,Mast Cells Resting,117,,,C,small,not applicable,,a828a9524f195d890dea44456956047710767f62f41b3a1b0da64e342e07142c,FALSE,titan-representative-benchmark-v1,FALSE,one lowest salted SHA-256 endpoint per non-empty outcome-family and sample-size-tercile cell; binary cells additionally stratified by minority-class-fraction tercile
continuous,thorsson,THYM,Th2 Cells,117,,,B,small,not applicable,,a89f503fe9f295e95a4e1301420f259a97f580b69859e9aa43ecc1ebca7469eb,FALSE,titan-representative-benchmark-v1,FALSE,one lowest salted SHA-256 endpoint per non-empty outcome-family and sample-size-tercile cell; binary cells additionally stratified by minority-class-fraction tercile
continuous,thorsson,READ,Dendritic Cells Resting,144,,,C,small,not applicable,,a91a3ede5a4d71867a35260d5913cbb27486c750f585b5a3875f30078cf9d2af,FALSE,titan-representative-benchmark-v1,FALSE,one lowest salted SHA-256 endpoint per non-empty outcome-family and sample-size-tercile cell; binary cells additionally stratified by minority-class-fraction tercile
continuous,thorsson,KICH,TGF-beta Response,65,,,C,small,not applicable,,a939b8436c581c1871d68b41088d792985e068d7a09f5989f7111b5d90b2a6ba,FALSE,titan-representative-benchmark-v1,FALSE,one lowest salted SHA-256 endpoint per non-empty outcome-family and sample-size-tercile cell; binary cells additionally stratified by minority-class-fraction tercile
continuous,thorsson,PAAD,BCR Shannon,114,,,C,small,not applicable,,a9559d4606dfa38d47013ba43513de63318605f0cb44ed29bd94da53f8f8ffbf,FALSE,titan-representative-benchmark-v1,FALSE,one lowest salted SHA-256 endpoint per non-empty outcome-family and sample-size-tercile cell; binary cells additionally stratified by minority-class-fraction tercile
continuous,thorsson,ESCA,Intratumor Heterogeneity,136,,,C,small,not applicable,,a9e2ef2d40b9c771e2e65b212bb9bcac255e616e4db268b9c8035648ccf21aa2,FALSE,titan-representative-benchmark-v1,FALSE,one lowest salted SHA-256 endpoint per non-empty outcome-family and sample-size-tercile cell; binary cells additionally stratified by minority-class-fraction tercile
continuous,thorsson,THYM,Monocytes,117,,,C,small,not applicable,,aa2d81e2859e59cf831e42ce3f70e2c2d7db6951b2352c599fcb46949f1790ba,FALSE,titan-representative-benchmark-v1,FALSE,one lowest salted SHA-256 endpoint per non-empty outcome-family and sample-size-tercile cell; binary cells additionally stratified by minority-class-fraction tercile
continuous,thorsson,KICH,Silent Mutation Rate,65,,,C,small,not applicable,,ab5d4f1cc5308b983a57919c2ca99dd047c8e223c9ff52de37cda6ae9bbf1795,FALSE,titan-representative-benchmark-v1,FALSE,one lowest salted SHA-256 endpoint per non-empty outcome-family and sample-size-tercile cell; binary cells additionally stratified by minority-class-fraction tercile
continuous,thorsson,ACC,Mast Cells Activated,54,,,C,small,not applicable,,ac17dde7ce22945f7891a0c3401ff3a59a65c58256ad2d28198d0572b6e982b8,FALSE,titan-representative-benchmark-v1,FALSE,one lowest salted SHA-256 endpoint per non-empty outcome-family and sample-size-tercile cell; binary cells additionally stratified by minority-class-fraction tercile
continuous,thorsson,OV,Macrophages M1,69,,,C,small,not applicable,,ac5fd591989303aa4e4a4ebda6c4dbc0e28603103ebd67441e00149dde980807,FALSE,titan-representative-benchmark-v1,FALSE,one lowest salted SHA-256 endpoint per non-empty outcome-family and sample-size-tercile cell; binary cells additionally stratified by minority-class-fraction tercile
continuous,thorsson,UCS,Aneuploidy Score,52,,,C,small,not applicable,,acd79d8ceb4ffde1d69d24d0966e55859f4d9c2a6f4bb4dc6f024b970d667d18,FALSE,titan-representative-benchmark-v1,FALSE,one lowest salted SHA-256 endpoint per non-empty outcome-family and sample-size-tercile cell; binary cells additionally stratified by minority-class-fraction tercile
continuous,thorsson,KICH,Mast Cells Resting,65,,,C,small,not applicable,,aceabbd9584a289a7e6f9dcdd18a956da65f2bdb911713b248eec746f21dddae,FALSE,titan-representative-benchmark-v1,FALSE,one lowest salted SHA-256 endpoint per non-empty outcome-family and sample-size-tercile cell; binary cells additionally stratified by minority-class-fraction tercile
continuous,thorsson,KICH,T Cells Regulatory Tregs,65,,,C,small,not applicable,,add28d931b1b29ee9815c4b089c8816d6a72a5d5f23f1119a8b4ddef8432100f,FALSE,titan-representative-benchmark-v1,FALSE,one lowest salted SHA-256 endpoint per non-empty outcome-family and sample-size-tercile cell; binary cells additionally stratified by minority-class-fraction tercile
continuous,thorsson,KICH,TCR Richness,65,,,C,small,not applicable,,add35e85b6b9b8314d142d0cd0653d2cd920b2efe47afa3b6cded40a1a285490,FALSE,titan-representative-benchmark-v1,FALSE,one lowest salted SHA-256 endpoint per non-empty outcome-family and sample-size-tercile cell; binary cells additionally stratified by minority-class-fraction tercile
continuous,thorsson,GBM,Monocytes,96,,,C,small,not applicable,,add494c2c2ffc684ad1c1c4549518d0c7af9c931d84c384380020c3cb5de4820,FALSE,titan-representative-benchmark-v1,FALSE,one lowest salted SHA-256 endpoint per non-empty outcome-family and sample-size-tercile cell; binary cells additionally stratified by minority-class-fraction tercile
continuous,thorsson,READ,BCR Evenness,62,,,C,small,not applicable,,aece17d08aeeeab59b38930ed2dd263d4fcb92a66c14f35c8fa0c5cdc0ee0bcc,FALSE,titan-representative-benchmark-v1,FALSE,one lowest salted SHA-256 endpoint per non-empty outcome-family and sample-size-tercile cell; binary cells additionally stratified by minority-class-fraction tercile
continuous,thorsson,READ,TCR Evenness,69,,,C,small,not applicable,,af45c484336eace08c421c43856acb9fa5288aa2f3cede99356a087153443aba,FALSE,titan-representative-benchmark-v1,FALSE,one lowest salted SHA-256 endpoint per non-empty outcome-family and sample-size-tercile cell; binary cells additionally stratified by minority-class-fraction tercile
continuous,thorsson,UCEC,BCR Evenness,64,,,C,small,not applicable,,af6f36ab56120d4e60e5ed8f7d8e8150fe9fc6a1676fde82f08cc5040715eb46,FALSE,titan-representative-benchmark-v1,FALSE,one lowest salted SHA-256 endpoint per non-empty outcome-family and sample-size-tercile cell; binary cells additionally stratified by minority-class-fraction tercile
continuous,thorsson,OV,Wound Healing,61,,,C,small,not applicable,,b00f9e50030c9e84181b5c754f1e6228e5dda59d323f8b3566dc7f2420181c1d,FALSE,titan-representative-benchmark-v1,FALSE,one lowest salted SHA-256 endpoint per non-empty outcome-family and sample-size-tercile cell; binary cells additionally stratified by minority-class-fraction tercile
continuous,thorsson,UVM,Macrophages M2,80,,,C,small,not applicable,,b047c40d138ba769d696420bee3667b97e951af32c38f0d315df9b13b1216459,FALSE,titan-representative-benchmark-v1,FALSE,one lowest salted SHA-256 endpoint per non-empty outcome-family and sample-size-tercile cell; binary cells additionally stratified by minority-class-fraction tercile
continuous,thorsson,UCS,Mast Cells Activated,53,,,C,small,not applicable,,b104f4614e73918ad52355e4d2512707c07571579fe0df4c706ecde86f7cf5d6,FALSE,titan-representative-benchmark-v1,FALSE,one lowest salted SHA-256 endpoint per non-empty outcome-family and sample-size-tercile cell; binary cells additionally stratified by minority-class-fraction tercile
continuous,thorsson,PCPG,TCR Shannon,110,,,C,small,not applicable,,b11f404d588fd6108515119a77f64a8a4c8b4db0a88867e620356ed43a1b64f6,FALSE,titan-representative-benchmark-v1,FALSE,one lowest salted SHA-256 endpoint per non-empty outcome-family and sample-size-tercile cell; binary cells additionally stratified by minority-class-fraction tercile
continuous,thorsson,OV,T Cells CD8,69,,,C,small,not applicable,,b2d8f1865dc3749afa8067d905c43c7d53218595af2e07fdee75cabcf3cdd4f8,FALSE,titan-representative-benchmark-v1,FALSE,one lowest salted SHA-256 endpoint per non-empty outcome-family and sample-size-tercile cell; binary cells additionally stratified by minority-class-fraction tercile
continuous,thorsson,ACC,Macrophages M1,54,,,C,small,not applicable,,b3b071b974998fb63f9da5e1dea8d1fe8707d5ea77b93a9cee52fc461dfebf42,FALSE,titan-representative-benchmark-v1,FALSE,one lowest salted SHA-256 endpoint per non-empty outcome-family and sample-size-tercile cell; binary cells additionally stratified by minority-class-fraction tercile
continuous,thorsson,ACC,Intratumor Heterogeneity,54,,,C,small,not applicable,,b40dd7018eabfe8d1f1595ff6fee1880fdc0b175838dcb6c09eb2302d3feb65f,FALSE,titan-representative-benchmark-v1,FALSE,one lowest salted SHA-256 endpoint per non-empty outcome-family and sample-size-tercile cell; binary cells additionally stratified by minority-class-fraction tercile
continuous,thorsson,UVM,IFN-gamma Response,80,,,C,small,not applicable,,b41759e0a43ad928599e4e48af9e5513eba951d8d2517dcdf6c4b6e3265bea5a,FALSE,titan-representative-benchmark-v1,FALSE,one lowest salted SHA-256 endpoint per non-empty outcome-family and sample-size-tercile cell; binary cells additionally stratified by minority-class-fraction tercile
continuous,thorsson,UVM,T Cells CD4 Naive,80,,,C,small,not applicable,,b55a5922149fba952de16d43ed2853dea54c1bdced46395b1a98a4f404996273,FALSE,titan-representative-benchmark-v1,FALSE,one lowest salted SHA-256 endpoint per non-empty outcome-family and sample-size-tercile cell; binary cells additionally stratified by minority-class-fraction tercile
continuous,thorsson,KICH,Wound Healing,65,,,B,small,not applicable,,b55ae17fde907e22528c638c61470d6699110cca141a37d2d220ff85c5312c71,FALSE,titan-representative-benchmark-v1,FALSE,one lowest salted SHA-256 endpoint per non-empty outcome-family and sample-size-tercile cell; binary cells additionally stratified by minority-class-fraction tercile
continuous,thorsson,READ,Mast Cells Resting,144,,,C,small,not applicable,,b5a1e6077829fe8ecf3fc1840b85d75502e25b329b08f935efc9d8486eef1656,FALSE,titan-representative-benchmark-v1,FALSE,one lowest salted SHA-256 endpoint per non-empty outcome-family and sample-size-tercile cell; binary cells additionally stratified by minority-class-fraction tercile
continuous,thorsson,KICH,Proliferation,65,,,B,small,not applicable,,b5eaafbeccee89a1413ebf7b8587100f3eb1382a4c7220e6625b24fea893be63,FALSE,titan-representative-benchmark-v1,FALSE,one lowest salted SHA-256 endpoint per non-empty outcome-family and sample-size-tercile cell; binary cells additionally stratified by minority-class-fraction tercile
continuous,thorsson,MESO,Eosinophils,72,,,C,small,not applicable,,b5f382f0eed5540916d4f8a713fa32ab09386353520bb3a4f279c20ef946dd19,FALSE,titan-representative-benchmark-v1,FALSE,one lowest salted SHA-256 endpoint per non-empty outcome-family and sample-size-tercile cell; binary cells additionally stratified by minority-class-fraction tercile
continuous,thorsson,ESCA,Macrophages M0,147,,,C,small,not applicable,,b66a090dec830e8ade53bf37b67e5d366fd6485d570f2531d873c6ca0b25dd17,FALSE,titan-representative-benchmark-v1,FALSE,one lowest salted SHA-256 endpoint per non-empty outcome-family and sample-size-tercile cell; binary cells additionally stratified by minority-class-fraction tercile
continuous,thorsson,READ,Macrophages M1,144,,,C,small,not applicable,,b6a6a47806ee1d8dab160d9a8ed9c6d05c21e5acb142c23b45591425c2180817,FALSE,titan-representative-benchmark-v1,FALSE,one lowest salted SHA-256 endpoint per non-empty outcome-family and sample-size-tercile cell; binary cells additionally stratified by minority-class-fraction tercile
continuous,thorsson,ESCA,T Cells Follicular Helper,147,,,C,small,not applicable,,b710b8e36e12d1645516cef96db76d8e15cc400748ed8e7b844f229b64f49166,FALSE,titan-representative-benchmark-v1,FALSE,one lowest salted SHA-256 endpoint per non-empty outcome-family and sample-size-tercile cell; binary cells additionally stratified by minority-class-fraction tercile
continuous,thorsson,KICH,NK Cells Resting,65,,,C,small,not applicable,,b74ff4b83102ca55453539fbcd1adaa69ab74fa13dacfc335bfd92244b4ed9c6,FALSE,titan-representative-benchmark-v1,FALSE,one lowest salted SHA-256 endpoint per non-empty outcome-family and sample-size-tercile cell; binary cells additionally stratified by minority-class-fraction tercile
continuous,thorsson,ACC,Proliferation,54,,,C,small,not applicable,,b7664ee58490963934880bb145501224d0b0df750d58417afd35320b9b4f280c,FALSE,titan-representative-benchmark-v1,FALSE,one lowest salted SHA-256 endpoint per non-empty outcome-family and sample-size-tercile cell; binary cells additionally stratified by minority-class-fraction tercile
continuous,thorsson,ESCA,Homologous Recombination Defects,136,,,C,small,not applicable,,b77168f5daf3ced958c807c5be656bd41b76ef45ace8e4e3a153c41d6e80b1d9,FALSE,titan-representative-benchmark-v1,FALSE,one lowest salted SHA-256 endpoint per non-empty outcome-family and sample-size-tercile cell; binary cells additionally stratified by minority-class-fraction tercile
continuous,thorsson,MESO,Lymphocyte Infiltration Signature Score,72,,,B,small,not applicable,,b88bb184259d0cd7d32d5b184f63d47edbfeccf10d6afe4bf43cbbe3c385d1d0,FALSE,titan-representative-benchmark-v1,FALSE,one lowest salted SHA-256 endpoint per non-empty outcome-family and sample-size-tercile cell; binary cells additionally stratified by minority-class-fraction tercile
continuous,thorsson,PCPG,TCR Evenness,80,,,C,small,not applicable,,b89737e9264dbd483a6f04a2f4cd5ca9ec7908ebc3fcb7050e233b833ab733a7,FALSE,titan-representative-benchmark-v1,FALSE,one lowest salted SHA-256 endpoint per non-empty outcome-family and sample-size-tercile cell; binary cells additionally stratified by minority-class-fraction tercile
continuous,thorsson,MESO,T Cells CD4 Memory Resting,72,,,C,small,not applicable,,b9041a2461b55edd3d2560111132c0aa2cd5fcfc60643554123c7ae312b2986a,FALSE,titan-representative-benchmark-v1,FALSE,one lowest salted SHA-256 endpoint per non-empty outcome-family and sample-size-tercile cell; binary cells additionally stratified by minority-class-fraction tercile
continuous,thorsson,CESC,Silent Mutation Rate,131,,,C,small,not applicable,,b92f3dc74cbc3b96cba496afcc7a3504fdbf8a42e3eace075d2c39b41aa21721,FALSE,titan-representative-benchmark-v1,FALSE,one lowest salted SHA-256 endpoint per non-empty outcome-family and sample-size-tercile cell; binary cells additionally stratified by minority-class-fraction tercile
continuous,thorsson,UVM,Leukocyte Fraction,80,,,C,small,not applicable,,b97bfbefc899f10ba204e74b85e85c18021a849dc0228c10e9e066d5291b4be5,FALSE,titan-representative-benchmark-v1,FALSE,one lowest salted SHA-256 endpoint per non-empty outcome-family and sample-size-tercile cell; binary cells additionally stratified by minority-class-fraction tercile
continuous,thorsson,KICH,B Cells Naive,65,,,C,small,not applicable,,b985e44ad761c92daf61aa935fc019536bd1bde2bc83164983501c6ecd114dee,FALSE,titan-representative-benchmark-v1,FALSE,one lowest salted SHA-256 endpoint per non-empty outcome-family and sample-size-tercile cell; binary cells additionally stratified by minority-class-fraction tercile
continuous,thorsson,ACC,Nonsilent Mutation Rate,55,,,C,small,not applicable,,b9eea333c0f38764fa454c33e2cbc0d1470da329f98c6e252b9181179fdcb750,FALSE,titan-representative-benchmark-v1,FALSE,one lowest salted SHA-256 endpoint per non-empty outcome-family and sample-size-tercile cell; binary cells additionally stratified by minority-class-fraction tercile
continuous,thorsson,READ,TCR Shannon,73,,,C,small,not applicable,,bb6349e658013e2fcf5adbf720fc11a115db16e9286638210f65a1fd5351c42c,FALSE,titan-representative-benchmark-v1,FALSE,one lowest salted SHA-256 endpoint per non-empty outcome-family and sample-size-tercile cell; binary cells additionally stratified by minority-class-fraction tercile
continuous,thorsson,UCS,IFN-gamma Response,53,,,C,small,not applicable,,bc488016f0fd671a101f9451a29d7fe1abbb767f43807530859dbf86776af8eb,FALSE,titan-representative-benchmark-v1,FALSE,one lowest salted SHA-256 endpoint per non-empty outcome-family and sample-size-tercile cell; binary cells additionally stratified by minority-class-fraction tercile
continuous,thorsson,ACC,NK Cells Activated,54,,,C,small,not applicable,,bcccdb086d455822ff59c86a1dd90e7c8a6af68c7680cdbcef604d85eb637da3,FALSE,titan-representative-benchmark-v1,FALSE,one lowest salted SHA-256 endpoint per non-empty outcome-family and sample-size-tercile cell; binary cells additionally stratified by minority-class-fraction tercile
continuous,thorsson,ESCA,B Cells Naive,147,,,C,small,not applicable,,c0072428fca0f1445404d1456cddd40c6ff08df84379e6fbb87d73b22f224cc0,FALSE,titan-representative-benchmark-v1,FALSE,one lowest salted SHA-256 endpoint per non-empty outcome-family and sample-size-tercile cell; binary cells additionally stratified by minority-class-fraction tercile
continuous,thorsson,ACC,Th17 Cells,54,,,C,small,not applicable,,c07c228287e9feb979a4476a6cf997eff772589f9d950ad2af5748fb786af32e,FALSE,titan-representative-benchmark-v1,FALSE,one lowest salted SHA-256 endpoint per non-empty outcome-family and sample-size-tercile cell; binary cells additionally stratified by minority-class-fraction tercile
continuous,thorsson,UVM,T Cells gamma delta,80,,,C,small,not applicable,,c07fac1fa5efaf45513e588d4dcc6750d05f5c4d9fe3234b6725613b2876e01f,FALSE,titan-representative-benchmark-v1,FALSE,one lowest salted SHA-256 endpoint per non-empty outcome-family and sample-size-tercile cell; binary cells additionally stratified by minority-class-fraction tercile
continuous,thorsson,ACC,Th2 Cells,54,,,C,small,not applicable,,c0c0d42d19e84bb8f8f83fc927b1a50a30e6209006935ba62688e715936dec8e,FALSE,titan-representative-benchmark-v1,FALSE,one lowest salted SHA-256 endpoint per non-empty outcome-family and sample-size-tercile cell; binary cells additionally stratified by minority-class-fraction tercile
continuous,thorsson,ESCA,Th17 Cells,147,,,C,small,not applicable,,c0cc7ef9361650fc14c9e1fdda14341a465bbee7f51a8c47e4eaf00ac32c0c1c,FALSE,titan-representative-benchmark-v1,FALSE,one lowest salted SHA-256 endpoint per non-empty outcome-family and sample-size-tercile cell; binary cells additionally stratified by minority-class-fraction tercile
continuous,thorsson,OV,TCR Evenness,66,,,C,small,not applicable,,c150af97b72e57fbd21641e69e109082d732db5039ecfb12c8e2f00640dbe564,FALSE,titan-representative-benchmark-v1,FALSE,one lowest salted SHA-256 endpoint per non-empty outcome-family and sample-size-tercile cell; binary cells additionally stratified by minority-class-fraction tercile
continuous,thorsson,KICH,Dendritic Cells Resting,65,,,C,small,not applicable,,c15673d1870792fd9400d200ea4c2edf2faf70ee5e6ec6fb537287cc1311d6c1,FALSE,titan-representative-benchmark-v1,FALSE,one lowest salted SHA-256 endpoint per non-empty outcome-family and sample-size-tercile cell; binary cells additionally stratified by minority-class-fraction tercile
continuous,thorsson,UVM,Dendritic Cells Resting,80,,,C,small,not applicable,,c16667bc09794ec986f7fe1224f21a3c04d39165ff7af0c172df444ef84575bc,FALSE,titan-representative-benchmark-v1,FALSE,one lowest salted SHA-256 endpoint per non-empty outcome-family and sample-size-tercile cell; binary cells additionally stratified by minority-class-fraction tercile
continuous,thorsson,UVM,Th2 Cells,80,,,C,small,not applicable,,c1950848087fff34c9a4109143b1b6901add8ee20bdfa398114e73b68868aba8,FALSE,titan-representative-benchmark-v1,FALSE,one lowest salted SHA-256 endpoint per non-empty outcome-family and sample-size-tercile cell; binary cells additionally stratified by minority-class-fraction tercile
continuous,thorsson,GBM,Macrophages M0,96,,,C,small,not applicable,,c1a22124dc78ffc6823b6420f17b9364ef4b9d17f5a464ebfcf1421b497d5623,FALSE,titan-representative-benchmark-v1,FALSE,one lowest salted SHA-256 endpoint per non-empty outcome-family and sample-size-tercile cell; binary cells additionally stratified by minority-class-fraction tercile
continuous,thorsson,OV,T Cells Follicular Helper,69,,,C,small,not applicable,,c22e5bcba96ae078560a594b30d4270e798fe5fdf79d82f16dbd74a624b78d22,FALSE,titan-representative-benchmark-v1,FALSE,one lowest salted SHA-256 endpoint per non-empty outcome-family and sample-size-tercile cell; binary cells additionally stratified by minority-class-fraction tercile
continuous,thorsson,ESCA,SNV Neoantigens,121,,,C,small,not applicable,,c2796dd5e38538011cec7f5ff7b905f64856ca5dc0c64fc2d3586a3146895d33,FALSE,titan-representative-benchmark-v1,FALSE,one lowest salted SHA-256 endpoint per non-empty outcome-family and sample-size-tercile cell; binary cells additionally stratified by minority-class-fraction tercile
continuous,thorsson,THYM,Th1 Cells,117,,,C,small,not applicable,,c37ea8495479cd3bf7b895c0b7e94a5f5357eec43ea59f84af0682be93de8382,FALSE,titan-representative-benchmark-v1,FALSE,one lowest salted SHA-256 endpoint per non-empty outcome-family and sample-size-tercile cell; binary cells additionally stratified by minority-class-fraction tercile
continuous,thorsson,UCS,Plasma Cells,53,,,C,small,not applicable,,c523d521f73236474547d11127c961073cf1f358bd89608d6bbe2f355b8053de,FALSE,titan-representative-benchmark-v1,FALSE,one lowest salted SHA-256 endpoint per non-empty outcome-family and sample-size-tercile cell; binary cells additionally stratified by minority-class-fraction tercile
continuous,thorsson,ACC,Silent Mutation Rate,55,,,C,small,not applicable,,c568a8136e388834c3e258d3bf2f7ccbfb8204d0870ad0cafde112fb181177f9,FALSE,titan-representative-benchmark-v1,FALSE,one lowest salted SHA-256 endpoint per non-empty outcome-family and sample-size-tercile cell; binary cells additionally stratified by minority-class-fraction tercile
continuous,thorsson,THYM,Plasma Cells,117,,,C,small,not applicable,,c596cac8ffcaccd68639ca70d715123d77c0f350ca89ef1173babfe229b298a5,FALSE,titan-representative-benchmark-v1,FALSE,one lowest salted SHA-256 endpoint per non-empty outcome-family and sample-size-tercile cell; binary cells additionally stratified by minority-class-fraction tercile
continuous,thorsson,UVM,T Cells Follicular Helper,80,,,C,small,not applicable,,c5c1bbed082e2b62b6cac776bad115faebddb41867464ad3b3f911622a15a041,FALSE,titan-representative-benchmark-v1,FALSE,one lowest salted SHA-256 endpoint per non-empty outcome-family and sample-size-tercile cell; binary cells additionally stratified by minority-class-fraction tercile
continuous,thorsson,KICH,Eosinophils,65,,,C,small,not applicable,,c6d382a6beb6957fb81f6a524fda0c1713852901b700baa7b1418acd0a7a487e,FALSE,titan-representative-benchmark-v1,FALSE,one lowest salted SHA-256 endpoint per non-empty outcome-family and sample-size-tercile cell; binary cells additionally stratified by minority-class-fraction tercile
continuous,thorsson,MESO,T Cells Regulatory Tregs,72,,,C,small,not applicable,,c7036311c1303369dd6aea546c6ffc9dd601112974e67efbeb8a5e0497e28233,FALSE,titan-representative-benchmark-v1,FALSE,one lowest salted SHA-256 endpoint per non-empty outcome-family and sample-size-tercile cell; binary cells additionally stratified by minority-class-fraction tercile
continuous,thorsson,UVM,TIL Regional Fraction,63,,,C,small,not applicable,,c771f851acf3541f564f030d22fde5c7d14eb8bc70763ac691029f5378cda56b,FALSE,titan-representative-benchmark-v1,FALSE,one lowest salted SHA-256 endpoint per non-empty outcome-family and sample-size-tercile cell; binary cells additionally stratified by minority-class-fraction tercile
continuous,thorsson,ACC,Th1 Cells,54,,,C,small,not applicable,,c7f3146f588a1b26442fc50883707cde9eabc1a9e379be13d7e23c6ac016d12f,FALSE,titan-representative-benchmark-v1,FALSE,one lowest salted SHA-256 endpoint per non-empty outcome-family and sample-size-tercile cell; binary cells additionally stratified by minority-class-fraction tercile
continuous,thorsson,OV,Nonsilent Mutation Rate,68,,,C,small,not applicable,,c804c751d2f27fe8054885ab15582acebd5dd643a74f6e507b0ef6f30b4a04ce,FALSE,titan-representative-benchmark-v1,FALSE,one lowest salted SHA-256 endpoint per non-empty outcome-family and sample-size-tercile cell; binary cells additionally stratified by minority-class-fraction tercile
continuous,thorsson,UCS,Nonsilent Mutation Rate,53,,,C,small,not applicable,,c8221af15da75dd7064e144a504a7c1f6c811a7e8021de543ee7d5dbf01ada76,FALSE,titan-representative-benchmark-v1,FALSE,one lowest salted SHA-256 endpoint per non-empty outcome-family and sample-size-tercile cell; binary cells additionally stratified by minority-class-fraction tercile
continuous,thorsson,THYM,Aneuploidy Score,103,,,C,small,not applicable,,c84b6ad894be436a9b80a88b6cb73acde2d70f88a297738dd09cb737d474d7bb,FALSE,titan-representative-benchmark-v1,FALSE,one lowest salted SHA-256 endpoint per non-empty outcome-family and sample-size-tercile cell; binary cells additionally stratified by minority-class-fraction tercile
continuous,thorsson,LIHC,BCR Shannon,114,,,C,small,not applicable,,c9aa560a97746dea03711dca5d7b81f102f38f822b4361803a498b66a8185472,FALSE,titan-representative-benchmark-v1,FALSE,one lowest salted SHA-256 endpoint per non-empty outcome-family and sample-size-tercile cell; binary cells additionally stratified by minority-class-fraction tercile
continuous,thorsson,THYM,Macrophages M2,117,,,B,small,not applicable,,ca3b6caa0564c7d3433f9c2c5aaff5ec71cdca05cd7c4c3aa2782690e2280921,FALSE,titan-representative-benchmark-v1,FALSE,one lowest salted SHA-256 endpoint per non-empty outcome-family and sample-size-tercile cell; binary cells additionally stratified by minority-class-fraction tercile
continuous,thorsson,ESCA,TCR Evenness,145,,,C,small,not applicable,,ca6d6591f6099291ca279f72fb4126a1a684d98030dade5161f1ba067ce14894,FALSE,titan-representative-benchmark-v1,FALSE,one lowest salted SHA-256 endpoint per non-empty outcome-family and sample-size-tercile cell; binary cells additionally stratified by minority-class-fraction tercile
continuous,thorsson,UCS,Eosinophils,53,,,C,small,not applicable,,cb41ce237c14f51e6a15675510abd6888b9a2acfc116a5cdb156e45cd694c3e9,FALSE,titan-representative-benchmark-v1,FALSE,one lowest salted SHA-256 endpoint per non-empty outcome-family and sample-size-tercile cell; binary cells additionally stratified by minority-class-fraction tercile
continuous,thorsson,ESCA,BCR Shannon,145,,,C,small,not applicable,,cb9d7a822da6ad456c53b48c05448fffa1e5953249f0a580adbc60f68c15e88b,FALSE,titan-representative-benchmark-v1,FALSE,one lowest salted SHA-256 endpoint per non-empty outcome-family and sample-size-tercile cell; binary cells additionally stratified by minority-class-fraction tercile
continuous,thorsson,MESO,Intratumor Heterogeneity,69,,,C,small,not applicable,,cbe3bfd1834bdfde14eadbdec7020066b93c04082916eac15254584c136b8963,FALSE,titan-representative-benchmark-v1,FALSE,one lowest salted SHA-256 endpoint per non-empty outcome-family and sample-size-tercile cell; binary cells additionally stratified by minority-class-fraction tercile
continuous,thorsson,OV,BCR Richness,60,,,C,small,not applicable,,cc361ee6bc4486dda39ae7151ff2665a442ee28f3f34361fb41923d9aa8ca3fc,FALSE,titan-representative-benchmark-v1,FALSE,one lowest salted SHA-256 endpoint per non-empty outcome-family and sample-size-tercile cell; binary cells additionally stratified by minority-class-fraction tercile
continuous,thorsson,UVM,T Cells CD4 Memory Resting,80,,,C,small,not applicable,,cc3f5bbe0a03baad37da097452bf7d6b3a6968b98ff3a0ba45d18e78d3caee48,FALSE,titan-representative-benchmark-v1,FALSE,one lowest salted SHA-256 endpoint per non-empty outcome-family and sample-size-tercile cell; binary cells additionally stratified by minority-class-fraction tercile
continuous,thorsson,THYM,T Cells Regulatory Tregs,117,,,B,small,not applicable,,cca51e4a5bd038ead021351d25b0f5c4c002c99dd2dd75e50c816844ea6b960c,FALSE,titan-representative-benchmark-v1,FALSE,one lowest salted SHA-256 endpoint per non-empty outcome-family and sample-size-tercile cell; binary cells additionally stratified by minority-class-fraction tercile
continuous,thorsson,KIRP,BCR Richness,75,,,C,small,not applicable,,cce1a5e297622f895a5b8d17e6cccd9d17715d17cad1b6fe2b45811ed250c665,FALSE,titan-representative-benchmark-v1,FALSE,one lowest salted SHA-256 endpoint per non-empty outcome-family and sample-size-tercile cell; binary cells additionally stratified by minority-class-fraction tercile
continuous,thorsson,GBM,B Cells Memory,96,,,C,small,not applicable,,cd1c07b598786792baf5830977fc6baa9f59126a266572a86d2271b81fca7ab6,FALSE,titan-representative-benchmark-v1,FALSE,one lowest salted SHA-256 endpoint per non-empty outcome-family and sample-size-tercile cell; binary cells additionally stratified by minority-class-fraction tercile
continuous,thorsson,GBM,T Cells CD8,96,,,C,small,not applicable,,cd4f37c142ad745d40d4112284730df094a1d9b11bba7afa3b8236b88698ea8f,FALSE,titan-representative-benchmark-v1,FALSE,one lowest salted SHA-256 endpoint per non-empty outcome-family and sample-size-tercile cell; binary cells additionally stratified by minority-class-fraction tercile
continuous,thorsson,ESCA,Aneuploidy Score,136,,,C,small,not applicable,,ce092f7cc6c166bb490c777169c375b6c1b5b898f1fac51412dc33dc1a9ce63f,FALSE,titan-representative-benchmark-v1,FALSE,one lowest salted SHA-256 endpoint per non-empty outcome-family and sample-size-tercile cell; binary cells additionally stratified by minority-class-fraction tercile
continuous,thorsson,OV,NK Cells Resting,69,,,C,small,not applicable,,cfb5e7bc230ad4a45553e69da233f8b7778a02c3b7ca962c5dc15a49565bab75,FALSE,titan-representative-benchmark-v1,FALSE,one lowest salted SHA-256 endpoint per non-empty outcome-family and sample-size-tercile cell; binary cells additionally stratified by minority-class-fraction tercile
continuous,thorsson,THYM,TCR Shannon,117,,,B,small,not applicable,,d01b3ea4c0d4d79d3166cad7e18f71724b54cbd4f4ebe17834115d397ddb03d2,FALSE,titan-representative-benchmark-v1,FALSE,one lowest salted SHA-256 endpoint per non-empty outcome-family and sample-size-tercile cell; binary cells additionally stratified by minority-class-fraction tercile
continuous,thorsson,PAAD,Indel Neoantigens,110,,,C,small,not applicable,,d066d358a77c718a3bf7c8267e9f8c1e4449f5be77e3ecc2037ca9d2037c488c,FALSE,titan-representative-benchmark-v1,FALSE,one lowest salted SHA-256 endpoint per non-empty outcome-family and sample-size-tercile cell; binary cells additionally stratified by minority-class-fraction tercile
continuous,thorsson,READ,CTA Score,137,,,C,small,not applicable,,d0a67626ddd724add0054238e9a3b7246136ff4df26ae80539f8f6e81c6d1f10,FALSE,titan-representative-benchmark-v1,FALSE,one lowest salted SHA-256 endpoint per non-empty outcome-family and sample-size-tercile cell; binary cells additionally stratified by minority-class-fraction tercile
continuous,thorsson,UCEC,TCR Evenness,111,,,C,small,not applicable,,d133e2a3d16788234cdd6d7363606ce6ca8cf0d7e936051f520c77c2658ad560,FALSE,titan-representative-benchmark-v1,FALSE,one lowest salted SHA-256 endpoint per non-empty outcome-family and sample-size-tercile cell; binary cells additionally stratified by minority-class-fraction tercile
continuous,thorsson,MESO,Leukocyte Fraction,75,,,C,small,not applicable,,d139f71b9447a9aa8f592dc39bc730875ee5bb6cdcd141c0301d51ea6eda92e3,FALSE,titan-representative-benchmark-v1,FALSE,one lowest salted SHA-256 endpoint per non-empty outcome-family and sample-size-tercile cell; binary cells additionally stratified by minority-class-fraction tercile
continuous,thorsson,MESO,B Cells Memory,72,,,C,small,not applicable,,d1ef00ac182d76acf034c0a7f587e9d61ea2da2dfd1fa7ddb451e00b83e1c7fe,FALSE,titan-representative-benchmark-v1,FALSE,one lowest salted SHA-256 endpoint per non-empty outcome-family and sample-size-tercile cell; binary cells additionally stratified by minority-class-fraction tercile
continuous,thorsson,UCS,T Cells CD4 Memory Resting,53,,,C,small,not applicable,,d200b9986982d832aa3ffaf9b65232ba66cf46137581b1f79c8005ad7aa44822,FALSE,titan-representative-benchmark-v1,FALSE,one lowest salted SHA-256 endpoint per non-empty outcome-family and sample-size-tercile cell; binary cells additionally stratified by minority-class-fraction tercile
continuous,thorsson,READ,T Cells gamma delta,144,,,C,small,not applicable,,d2cd37a98815bd2a7549a43380b94aec35b32567c0905f3fc8ded26f0ba3d5ab,FALSE,titan-representative-benchmark-v1,FALSE,one lowest salted SHA-256 endpoint per non-empty outcome-family and sample-size-tercile cell; binary cells additionally stratified by minority-class-fraction tercile
continuous,thorsson,UVM,Th17 Cells,80,,,C,small,not applicable,,d2da50120b84f5e42fe6ad258bfb93a29f800b97383edcc96d292b731784c21c,FALSE,titan-representative-benchmark-v1,FALSE,one lowest salted SHA-256 endpoint per non-empty outcome-family and sample-size-tercile cell; binary cells additionally stratified by minority-class-fraction tercile
continuous,thorsson,ESCA,Monocytes,147,,,C,small,not applicable,,d52b64f0607ed8400e912a5305faf6a3f6f0de8feee26981436efc4d683fd6fc,FALSE,titan-representative-benchmark-v1,FALSE,one lowest salted SHA-256 endpoint per non-empty outcome-family and sample-size-tercile cell; binary cells additionally stratified by minority-class-fraction tercile
continuous,thorsson,THYM,Proliferation,117,,,A,small,not applicable,,d5a741b95e615a8350647a66018f58d6939aaaa3da55f89a7b09c84820c4000f,FALSE,titan-representative-benchmark-v1,FALSE,one lowest salted SHA-256 endpoint per non-empty outcome-family and sample-size-tercile cell; binary cells additionally stratified by minority-class-fraction tercile
continuous,thorsson,THYM,IFN-gamma Response,117,,,C,small,not applicable,,d64c377baa5e7acfef87adbbe67a97dd2ed6094831eb923b3c40a738e1b17578,FALSE,titan-representative-benchmark-v1,FALSE,one lowest salted SHA-256 endpoint per non-empty outcome-family and sample-size-tercile cell; binary cells additionally stratified by minority-class-fraction tercile
continuous,thorsson,GBM,Macrophages M2,96,,,C,small,not applicable,,d7df3f7c7d7d7b678eee6b763f358ded9c1c3f9154f04f8eeaebf11da31cbc32,FALSE,titan-representative-benchmark-v1,FALSE,one lowest salted SHA-256 endpoint per non-empty outcome-family and sample-size-tercile cell; binary cells additionally stratified by minority-class-fraction tercile
continuous,thorsson,OV,Dendritic Cells Resting,69,,,C,small,not applicable,,d81dac6bcf19bbd2a3fd2a7c96944cee59c70b910e0b7ebef7a7f8d0d431a5c6,FALSE,titan-representative-benchmark-v1,FALSE,one lowest salted SHA-256 endpoint per non-empty outcome-family and sample-size-tercile cell; binary cells additionally stratified by minority-class-fraction tercile
continuous,thorsson,READ,Macrophage Regulation,144,,,C,small,not applicable,,d828dc1c7e1d2d36cffe71e1586e990d9207a5468a3479068f85fa6537736a4a,FALSE,titan-representative-benchmark-v1,FALSE,one lowest salted SHA-256 endpoint per non-empty outcome-family and sample-size-tercile cell; binary cells additionally stratified by minority-class-fraction tercile
continuous,thorsson,OV,Macrophages M0,69,,,C,small,not applicable,,d8a04b18881783a88d4f61f0edbce7a5885fed928fd5064ee783c9be9002e30e,FALSE,titan-representative-benchmark-v1,FALSE,one lowest salted SHA-256 endpoint per non-empty outcome-family and sample-size-tercile cell; binary cells additionally stratified by minority-class-fraction tercile
continuous,thorsson,GBM,NK Cells Resting,96,,,C,small,not applicable,,d9de924e2a0a43c7db9cb984117a48afebc728b32b842326d6f1582cabb26704,FALSE,titan-representative-benchmark-v1,FALSE,one lowest salted SHA-256 endpoint per non-empty outcome-family and sample-size-tercile cell; binary cells additionally stratified by minority-class-fraction tercile
continuous,thorsson,ACC,Macrophage Regulation,54,,,C,small,not applicable,,da4c13e380037d6e1b7c555710187083f3eced141d0ad4053ddc2c5a707a5633,FALSE,titan-representative-benchmark-v1,FALSE,one lowest salted SHA-256 endpoint per non-empty outcome-family and sample-size-tercile cell; binary cells additionally stratified by minority-class-fraction tercile
continuous,thorsson,THYM,Macrophages M0,117,,,C,small,not applicable,,da67ed1f893d6f46b5d444addc3aa5e7e8a171249f9cb0cb952be8fa90746dd7,FALSE,titan-representative-benchmark-v1,FALSE,one lowest salted SHA-256 endpoint per non-empty outcome-family and sample-size-tercile cell; binary cells additionally stratified by minority-class-fraction tercile
continuous,thorsson,UCS,Macrophages M2,53,,,C,small,not applicable,,db48d24c18de191e946ccfb1902bdcd5160c7647dc9edc507b41513f595bcbb7,FALSE,titan-representative-benchmark-v1,FALSE,one lowest salted SHA-256 endpoint per non-empty outcome-family and sample-size-tercile cell; binary cells additionally stratified by minority-class-fraction tercile
continuous,thorsson,KICH,T Cells CD8,65,,,C,small,not applicable,,dca23852cdadb615d7cda8eb051e29c6f87faf76065b39f02c55abd466f37842,FALSE,titan-representative-benchmark-v1,FALSE,one lowest salted SHA-256 endpoint per non-empty outcome-family and sample-size-tercile cell; binary cells additionally stratified by minority-class-fraction tercile
continuous,thorsson,MESO,Nonsilent Mutation Rate,71,,,C,small,not applicable,,dca4be934afd3561c835796b3699041f52d73ac0a90d20e2eeafa19a1b235d82,FALSE,titan-representative-benchmark-v1,FALSE,one lowest salted SHA-256 endpoint per non-empty outcome-family and sample-size-tercile cell; binary cells additionally stratified by minority-class-fraction tercile
continuous,thorsson,THYM,T Cells Follicular Helper,117,,,C,small,not applicable,,dceb07cb591a56bcc7f8c607d700b6ee84297e1421a9074123c5e22f031d16a0,FALSE,titan-representative-benchmark-v1,FALSE,one lowest salted SHA-256 endpoint per non-empty outcome-family and sample-size-tercile cell; binary cells additionally stratified by minority-class-fraction tercile
continuous,thorsson,UCS,Leukocyte Fraction,53,,,C,small,not applicable,,dd81bb7c7905cb32b6f8e9295eb022939549effbec193ed90207991b92187317,FALSE,titan-representative-benchmark-v1,FALSE,one lowest salted SHA-256 endpoint per non-empty outcome-family and sample-size-tercile cell; binary cells additionally stratified by minority-class-fraction tercile
continuous,thorsson,THYM,SNV Neoantigens,113,,,B,small,not applicable,,dd900c8940871f1674245a3822ad5f6222373a2d3399302d9053b03707bd500c,FALSE,titan-representative-benchmark-v1,FALSE,one lowest salted SHA-256 endpoint per non-empty outcome-family and sample-size-tercile cell; binary cells additionally stratified by minority-class-fraction tercile
continuous,thorsson,MESO,Macrophages M2,72,,,C,small,not applicable,,dfe37d0bc7dd72528831fd48afa641bcb9e3c1715d39ddce8ab42c9346f106de,FALSE,titan-representative-benchmark-v1,FALSE,one lowest salted SHA-256 endpoint per non-empty outcome-family and sample-size-tercile cell; binary cells additionally stratified by minority-class-fraction tercile
continuous,thorsson,ACC,Eosinophils,54,,,C,small,not applicable,,e00923dc808470fb31fa1250da191b9eed1535a9beb80716feb38336743c0659,FALSE,titan-representative-benchmark-v1,FALSE,one lowest salted SHA-256 endpoint per non-empty outcome-family and sample-size-tercile cell; binary cells additionally stratified by minority-class-fraction tercile
continuous,thorsson,PAAD,BCR Richness,114,,,C,small,not applicable,,e0160c6a6be475bfcfd9fd31836987527e42298de9e5b01e6ba38e1e77407076,FALSE,titan-representative-benchmark-v1,FALSE,one lowest salted SHA-256 endpoint per non-empty outcome-family and sample-size-tercile cell; binary cells additionally stratified by minority-class-fraction tercile
continuous,thorsson,MESO,Mast Cells Resting,72,,,C,small,not applicable,,e06d8cd4490bde288597cf2b241b3f2cd558e4cde07d70c8cf3485762032e235,FALSE,titan-representative-benchmark-v1,FALSE,one lowest salted SHA-256 endpoint per non-empty outcome-family and sample-size-tercile cell; binary cells additionally stratified by minority-class-fraction tercile
continuous,thorsson,READ,Plasma Cells,144,,,C,small,not applicable,,e0c44068ea7a6470bde97b0c42d73d30785955eb744a59f6206411aee26d0016,FALSE,titan-representative-benchmark-v1,FALSE,one lowest salted SHA-256 endpoint per non-empty outcome-family and sample-size-tercile cell; binary cells additionally stratified by minority-class-fraction tercile
continuous,thorsson,READ,Th17 Cells,144,,,C,small,not applicable,,e1355342876865e9f48ad94ffa49fb5ffc90af16ec0390972678f7c117d7d082,FALSE,titan-representative-benchmark-v1,FALSE,one lowest salted SHA-256 endpoint per non-empty outcome-family and sample-size-tercile cell; binary cells additionally stratified by minority-class-fraction tercile
continuous,thorsson,THYM,BCR Shannon,65,,,C,small,not applicable,,e1a090fbaeb8cf7ebe2683b15af69c7b0c3066346e14ae339478fea6ae5c117e,FALSE,titan-representative-benchmark-v1,FALSE,one lowest salted SHA-256 endpoint per non-empty outcome-family and sample-size-tercile cell; binary cells additionally stratified by minority-class-fraction tercile
continuous,thorsson,ESCA,Dendritic Cells Activated,147,,,C,small,not applicable,,e1c92a7331b82e6e42bce3c9767cc60fad505472f83559680cf49e6d41ac940d,FALSE,titan-representative-benchmark-v1,FALSE,one lowest salted SHA-256 endpoint per non-empty outcome-family and sample-size-tercile cell; binary cells additionally stratified by minority-class-fraction tercile
continuous,thorsson,GBM,Indel Neoantigens,70,,,C,small,not applicable,,e21c4563fe2bdc5f86afb6cc703a45507fedb45c5c95c18dc308d87fe48a2436,FALSE,titan-representative-benchmark-v1,FALSE,one lowest salted SHA-256 endpoint per non-empty outcome-family and sample-size-tercile cell; binary cells additionally stratified by minority-class-fraction tercile
continuous,thorsson,KICH,Intratumor Heterogeneity,61,,,C,small,not applicable,,e2f90e20243d322411200dc2208347bf13cd17798e9ce701131e28f12ed6f075,FALSE,titan-representative-benchmark-v1,FALSE,one lowest salted SHA-256 endpoint per non-empty outcome-family and sample-size-tercile cell; binary cells additionally stratified by minority-class-fraction tercile
continuous,thorsson,MESO,Macrophage Regulation,72,,,C,small,not applicable,,e36468af91af06d00a2f4670d07c7ab0242050d41d06e7f9da8795978df55f5c,FALSE,titan-representative-benchmark-v1,FALSE,one lowest salted SHA-256 endpoint per non-empty outcome-family and sample-size-tercile cell; binary cells additionally stratified by minority-class-fraction tercile
continuous,thorsson,ESCA,Wound Healing,147,,,C,small,not applicable,,e3db221c2d75f79e346b6eaa74c8a5de62121787eea5a36f7afc7fbdfea97b0e,FALSE,titan-representative-benchmark-v1,FALSE,one lowest salted SHA-256 endpoint per non-empty outcome-family and sample-size-tercile cell; binary cells additionally stratified by minority-class-fraction tercile
continuous,thorsson,OV,Th1 Cells,61,,,B,small,not applicable,,e45f3c4007e48eaa8c5ca22afe2d9cac3f1a5b542ca6055315b3d272abd9e96f,FALSE,titan-representative-benchmark-v1,FALSE,one lowest salted SHA-256 endpoint per non-empty outcome-family and sample-size-tercile cell; binary cells additionally stratified by minority-class-fraction tercile
continuous,thorsson,PAAD,TCR Evenness,141,,,C,small,not applicable,,e71bcbcf31be466da0d54d6c7ddf359f214621101d953a3a8741331dabdd8073,FALSE,titan-representative-benchmark-v1,FALSE,one lowest salted SHA-256 endpoint per non-empty outcome-family and sample-size-tercile cell; binary cells additionally stratified by minority-class-fraction tercile
continuous,thorsson,UCS,Number of Segments,52,,,C,small,not applicable,,e78e74be43d8a9f2d2ae5739f6a0915c8a5a663ccab557aeecef44a49d2d1e0f,FALSE,titan-representative-benchmark-v1,FALSE,one lowest salted SHA-256 endpoint per non-empty outcome-family and sample-size-tercile cell; binary cells additionally stratified by minority-class-fraction tercile
continuous,thorsson,SARC,BCR Shannon,74,,,C,small,not applicable,,e8047b4a18da3be17e9d2c25d3e8e226c2ae216d5968273861c64576fe5d5f7c,FALSE,titan-representative-benchmark-v1,FALSE,one lowest salted SHA-256 endpoint per non-empty outcome-family and sample-size-tercile cell; binary cells additionally stratified by minority-class-fraction tercile
continuous,thorsson,ACC,Mast Cells Resting,54,,,C,small,not applicable,,e9aff14139974e4674d8a044c6720d9b5b65f83e09394515ca4735610a3f5af2,FALSE,titan-representative-benchmark-v1,FALSE,one lowest salted SHA-256 endpoint per non-empty outcome-family and sample-size-tercile cell; binary cells additionally stratified by minority-class-fraction tercile
continuous,thorsson,THYM,Homologous Recombination Defects,104,,,B,small,not applicable,,e9c98ce2866a04c7e8a363ce5a8054ee76b9406b7e16855f2e53a000a33feb5d,FALSE,titan-representative-benchmark-v1,FALSE,one lowest salted SHA-256 endpoint per non-empty outcome-family and sample-size-tercile cell; binary cells additionally stratified by minority-class-fraction tercile
continuous,thorsson,READ,BCR Richness,67,,,C,small,not applicable,,e9f99070c5342deb84669ab6ac038ab88da00c188fc4ce3bff8e5dc21fe79f9b,FALSE,titan-representative-benchmark-v1,FALSE,one lowest salted SHA-256 endpoint per non-empty outcome-family and sample-size-tercile cell; binary cells additionally stratified by minority-class-fraction tercile
continuous,thorsson,READ,BCR Shannon,67,,,C,small,not applicable,,ea303835abf2b61004584a8d9dc5d5f1198ee315528d1c997e6a4ae35e299bc1,FALSE,titan-representative-benchmark-v1,FALSE,one lowest salted SHA-256 endpoint per non-empty outcome-family and sample-size-tercile cell; binary cells additionally stratified by minority-class-fraction tercile
continuous,thorsson,UCS,SNV Neoantigens,53,,,C,small,not applicable,,eaacbd22ffd3f7d49423f39ae5d9d21370ea72759ca74e51c49f56175c550bdd,FALSE,titan-representative-benchmark-v1,FALSE,one lowest salted SHA-256 endpoint per non-empty outcome-family and sample-size-tercile cell; binary cells additionally stratified by minority-class-fraction tercile
continuous,thorsson,GBM,Wound Healing,96,,,C,small,not applicable,,eb188edc192924139c21c9e233ac6827028c7b9ecebfc952a8ee174da8a38c0a,FALSE,titan-representative-benchmark-v1,FALSE,one lowest salted SHA-256 endpoint per non-empty outcome-family and sample-size-tercile cell; binary cells additionally stratified by minority-class-fraction tercile
continuous,thorsson,KICH,Stromal Fraction,61,,,C,small,not applicable,,eb2aac3992788ae8efe2e2e73e780ac9ed8385ea7de7b64489c0c5526873c95b,FALSE,titan-representative-benchmark-v1,FALSE,one lowest salted SHA-256 endpoint per non-empty outcome-family and sample-size-tercile cell; binary cells additionally stratified by minority-class-fraction tercile
continuous,thorsson,MESO,Neutrophils,72,,,C,small,not applicable,,eb4816820b9531631c37360983277096c869673c6d2319a6dc940a5e1011b593,FALSE,titan-representative-benchmark-v1,FALSE,one lowest salted SHA-256 endpoint per non-empty outcome-family and sample-size-tercile cell; binary cells additionally stratified by minority-class-fraction tercile
continuous,thorsson,ESCA,B Cells Memory,147,,,C,small,not applicable,,eb501bd05133f21079d0537ed9d52b796ece674dc9b390dbaf68ff90df6c3a65,FALSE,titan-representative-benchmark-v1,FALSE,one lowest salted SHA-256 endpoint per non-empty outcome-family and sample-size-tercile cell; binary cells additionally stratified by minority-class-fraction tercile
continuous,thorsson,MESO,Wound Healing,72,,,C,small,not applicable,,ece5cc5637af9bbdae2802bad6fd19ba95107debb57de34154294c28fa9392d7,FALSE,titan-representative-benchmark-v1,FALSE,one lowest salted SHA-256 endpoint per non-empty outcome-family and sample-size-tercile cell; binary cells additionally stratified by minority-class-fraction tercile
continuous,thorsson,ESCA,Neutrophils,147,,,C,small,not applicable,,edebdcc2c9a847f2b7dd6a6a6052233de7cabf25652056e467fe5e90e7b8b61d,FALSE,titan-representative-benchmark-v1,FALSE,one lowest salted SHA-256 endpoint per non-empty outcome-family and sample-size-tercile cell; binary cells additionally stratified by minority-class-fraction tercile
continuous,thorsson,OV,Th17 Cells,61,,,C,small,not applicable,,edfd8e51336b8bdd08ac7694f74f766d0a394bd846b7df19ed1c86858ebba3a3,FALSE,titan-representative-benchmark-v1,FALSE,one lowest salted SHA-256 endpoint per non-empty outcome-family and sample-size-tercile cell; binary cells additionally stratified by minority-class-fraction tercile
continuous,thorsson,READ,Monocytes,144,,,C,small,not applicable,,ee654289cc6c35f728c46f7c54bbff543a2b250a5d4ba53c646a1de1759dffd9,FALSE,titan-representative-benchmark-v1,FALSE,one lowest salted SHA-256 endpoint per non-empty outcome-family and sample-size-tercile cell; binary cells additionally stratified by minority-class-fraction tercile
continuous,thorsson,KICH,Plasma Cells,65,,,C,small,not applicable,,ee6bf95cda752dbae7385770001c056f6e6e6235cdb856b9c041f72674f32a57,FALSE,titan-representative-benchmark-v1,FALSE,one lowest salted SHA-256 endpoint per non-empty outcome-family and sample-size-tercile cell; binary cells additionally stratified by minority-class-fraction tercile
continuous,thorsson,MESO,Number of Segments,75,,,C,small,not applicable,,ee78c390252586ebce593f5a24394ca889cf2ffa9448be406bb792c2ddf323dd,FALSE,titan-representative-benchmark-v1,FALSE,one lowest salted SHA-256 endpoint per non-empty outcome-family and sample-size-tercile cell; binary cells additionally stratified by minority-class-fraction tercile
continuous,thorsson,UCS,Dendritic Cells Activated,53,,,C,small,not applicable,,eef17b17853090c1740f0fadfa694d02357774e58daab73a554830ffebfc85c4,FALSE,titan-representative-benchmark-v1,FALSE,one lowest salted SHA-256 endpoint per non-empty outcome-family and sample-size-tercile cell; binary cells additionally stratified by minority-class-fraction tercile
continuous,thorsson,READ,T Cells Follicular Helper,144,,,C,small,not applicable,,eff8e69a7a2fcc9f5ba441e4cd82ae4b0ca42dfc38840d516e4c54a9dff0d6e1,FALSE,titan-representative-benchmark-v1,FALSE,one lowest salted SHA-256 endpoint per non-empty outcome-family and sample-size-tercile cell; binary cells additionally stratified by minority-class-fraction tercile
continuous,thorsson,OV,Intratumor Heterogeneity,65,,,C,small,not applicable,,f05886526403096248e19def21157fcff419fc2568c4797f0ebadc8a2d972cbc,FALSE,titan-representative-benchmark-v1,FALSE,one lowest salted SHA-256 endpoint per non-empty outcome-family and sample-size-tercile cell; binary cells additionally stratified by minority-class-fraction tercile
continuous,thorsson,GBM,TGF-beta Response,96,,,B,small,not applicable,,f114cc74f82657678261090a27bcbf2f1fd50181fd244cab7ef1b523cb6f07e7,FALSE,titan-representative-benchmark-v1,FALSE,one lowest salted SHA-256 endpoint per non-empty outcome-family and sample-size-tercile cell; binary cells additionally stratified by minority-class-fraction tercile
continuous,thorsson,SKCM,Indel Neoantigens,78,,,C,small,not applicable,,f16e630d97d28150754c8b2491e6be1a27c8e4eae118db7246137c29c4cc24ad,FALSE,titan-representative-benchmark-v1,FALSE,one lowest salted SHA-256 endpoint per non-empty outcome-family and sample-size-tercile cell; binary cells additionally stratified by minority-class-fraction tercile
continuous,thorsson,GBM,Th2 Cells,96,,,C,small,not applicable,,f24a2bb28e7cb369080ff4940ce66894f3cb40fdb9286db62f07026364a33aea,FALSE,titan-representative-benchmark-v1,FALSE,one lowest salted SHA-256 endpoint per non-empty outcome-family and sample-size-tercile cell; binary cells additionally stratified by minority-class-fraction tercile
continuous,thorsson,UVM,Nonsilent Mutation Rate,80,,,C,small,not applicable,,f28383427af7bafb874de674c52e8b8b68881e114a036a440d402ceb9c5fc4e3,FALSE,titan-representative-benchmark-v1,FALSE,one lowest salted SHA-256 endpoint per non-empty outcome-family and sample-size-tercile cell; binary cells additionally stratified by minority-class-fraction tercile
continuous,thorsson,MESO,Mast Cells Activated,72,,,C,small,not applicable,,f2a4438cc32adb74a2b64a2d2dd9f1eed342f052f155beb94e28b75252aff0c2,FALSE,titan-representative-benchmark-v1,FALSE,one lowest salted SHA-256 endpoint per non-empty outcome-family and sample-size-tercile cell; binary cells additionally stratified by minority-class-fraction tercile
continuous,thorsson,UVM,Mast Cells Resting,80,,,C,small,not applicable,,f399ee9c4008ccaf0b649267c35063f3c338136c4167abf0c2cca8cf9283d70f,FALSE,titan-representative-benchmark-v1,FALSE,one lowest salted SHA-256 endpoint per non-empty outcome-family and sample-size-tercile cell; binary cells additionally stratified by minority-class-fraction tercile
continuous,thorsson,ACC,B Cells Memory,54,,,C,small,not applicable,,f4062cc60da6460b43b05551b7fe2ad5ac81f6982ae4a9da68e70c422ea396da,FALSE,titan-representative-benchmark-v1,FALSE,one lowest salted SHA-256 endpoint per non-empty outcome-family and sample-size-tercile cell; binary cells additionally stratified by minority-class-fraction tercile
continuous,thorsson,KICH,Number of Segments,65,,,C,small,not applicable,,f493bb789d5aeee39cc146fb4d0740dacc537a0bdb0fbf7813ba05bb2f9dfb51,FALSE,titan-representative-benchmark-v1,FALSE,one lowest salted SHA-256 endpoint per non-empty outcome-family and sample-size-tercile cell; binary cells additionally stratified by minority-class-fraction tercile
continuous,thorsson,KICH,T Cells Follicular Helper,65,,,C,small,not applicable,,f49ca5a63fa299229bcb2ee9ddb00d7f5bed0bcc44dc629a8e6716b83b99b77c,FALSE,titan-representative-benchmark-v1,FALSE,one lowest salted SHA-256 endpoint per non-empty outcome-family and sample-size-tercile cell; binary cells additionally stratified by minority-class-fraction tercile
continuous,thorsson,UCS,Monocytes,53,,,C,small,not applicable,,f4db705356e15fa67b4c5350cb7c5aded7104d28335c932de6c5a05b6977fb9b,FALSE,titan-representative-benchmark-v1,FALSE,one lowest salted SHA-256 endpoint per non-empty outcome-family and sample-size-tercile cell; binary cells additionally stratified by minority-class-fraction tercile
continuous,thorsson,THYM,Fraction Altered,120,,,C,small,not applicable,,f5469e3721af309afa496e428bf04126ab9e307232c5ad1a4255e2c533507265,FALSE,titan-representative-benchmark-v1,FALSE,one lowest salted SHA-256 endpoint per non-empty outcome-family and sample-size-tercile cell; binary cells additionally stratified by minority-class-fraction tercile
continuous,thorsson,OV,Macrophages M2,69,,,C,small,not applicable,,f61198627506d0d23e3ea383afb3ebcb957d400bb4305659943ba8b3c26fe131,FALSE,titan-representative-benchmark-v1,FALSE,one lowest salted SHA-256 endpoint per non-empty outcome-family and sample-size-tercile cell; binary cells additionally stratified by minority-class-fraction tercile
continuous,thorsson,GBM,T Cells Follicular Helper,96,,,C,small,not applicable,,f63f0c241ecbf6828d949a9b31f9db2794d1e49bd0add96d447f269788d6f287,FALSE,titan-representative-benchmark-v1,FALSE,one lowest salted SHA-256 endpoint per non-empty outcome-family and sample-size-tercile cell; binary cells additionally stratified by minority-class-fraction tercile
continuous,thorsson,ACC,Monocytes,54,,,C,small,not applicable,,f6438876ee8c38401d396c1ad284afe9a81ac061c4e4e93ad994fa06ec5b38a5,FALSE,titan-representative-benchmark-v1,FALSE,one lowest salted SHA-256 endpoint per non-empty outcome-family and sample-size-tercile cell; binary cells additionally stratified by minority-class-fraction tercile
continuous,thorsson,KICH,Lymphocyte Infiltration Signature Score,65,,,C,small,not applicable,,f7b41e51ff5b10ecdacfd927c21c2dd9f92a604f303fea2772f0004170e36635,FALSE,titan-representative-benchmark-v1,FALSE,one lowest salted SHA-256 endpoint per non-empty outcome-family and sample-size-tercile cell; binary cells additionally stratified by minority-class-fraction tercile
continuous,thorsson,GBM,T Cells CD4 Memory Activated,96,,,C,small,not applicable,,f8143793607d7f22da853d6ec8634c7503c5607d2d575560a39d4e859e1f3a2d,FALSE,titan-representative-benchmark-v1,FALSE,one lowest salted SHA-256 endpoint per non-empty outcome-family and sample-size-tercile cell; binary cells additionally stratified by minority-class-fraction tercile
continuous,thorsson,LGG,TCR Evenness,102,,,C,small,not applicable,,f83afbdd76bbfb4780a81d32dd5a55a6ebe57344bd0626a46c66e077296ba8c6,FALSE,titan-representative-benchmark-v1,FALSE,one lowest salted SHA-256 endpoint per non-empty outcome-family and sample-size-tercile cell; binary cells additionally stratified by minority-class-fraction tercile
continuous,thorsson,ACC,SNV Neoantigens,54,,,C,small,not applicable,,f8ea9afcbf51974a206479303d55f6b48de15369e02750cbe48b026ba8eb6ef4,FALSE,titan-representative-benchmark-v1,FALSE,one lowest salted SHA-256 endpoint per non-empty outcome-family and sample-size-tercile cell; binary cells additionally stratified by minority-class-fraction tercile
continuous,thorsson,GBM,NK Cells Activated,96,,,C,small,not applicable,,f9c80867b6e18c630697d60d690c8e823dcb732c445546fd049058468c58dcd0,FALSE,titan-representative-benchmark-v1,FALSE,one lowest salted SHA-256 endpoint per non-empty outcome-family and sample-size-tercile cell; binary cells additionally stratified by minority-class-fraction tercile
continuous,thorsson,UVM,T Cells Regulatory Tregs,80,,,C,small,not applicable,,faeb499972051e009c6b77dc43e33f1bc0f9b7ba5b24273942750e9ddddd5cb8,FALSE,titan-representative-benchmark-v1,FALSE,one lowest salted SHA-256 endpoint per non-empty outcome-family and sample-size-tercile cell; binary cells additionally stratified by minority-class-fraction tercile
continuous,thorsson,READ,Silent Mutation Rate,115,,,C,small,not applicable,,fb3d29aaae67edbbeeb14ae58d42277a71ed1cdb766306f0206fe895ce6c5e13,FALSE,titan-representative-benchmark-v1,FALSE,one lowest salted SHA-256 endpoint per non-empty outcome-family and sample-size-tercile cell; binary cells additionally stratified by minority-class-fraction tercile
continuous,thorsson,KICH,Fraction Altered,65,,,C,small,not applicable,,fba9143f05bc922fbd02784c06f4f870fac38be08cd5bc0d97b4d8f57f88d4bd,FALSE,titan-representative-benchmark-v1,FALSE,one lowest salted SHA-256 endpoint per non-empty outcome-family and sample-size-tercile cell; binary cells additionally stratified by minority-class-fraction tercile
continuous,thorsson,UCS,NK Cells Resting,53,,,C,small,not applicable,,fbb24177e9a738197949b8b7a284b755aba927a241256d8d5d0a6447a5a6d317,FALSE,titan-representative-benchmark-v1,FALSE,one lowest salted SHA-256 endpoint per non-empty outcome-family and sample-size-tercile cell; binary cells additionally stratified by minority-class-fraction tercile
continuous,thorsson,UVM,Plasma Cells,80,,,C,small,not applicable,,fc17664914ab429de53689a331c7fcb8c66a7b035e27c284564890acb8e62ef2,FALSE,titan-representative-benchmark-v1,FALSE,one lowest salted SHA-256 endpoint per non-empty outcome-family and sample-size-tercile cell; binary cells additionally stratified by minority-class-fraction tercile
continuous,thorsson,MESO,Monocytes,72,,,C,small,not applicable,,fc6859d669589d76c78d061004aa01c81531591d2c7056ac6a308aba14c15972,FALSE,titan-representative-benchmark-v1,FALSE,one lowest salted SHA-256 endpoint per non-empty outcome-family and sample-size-tercile cell; binary cells additionally stratified by minority-class-fraction tercile
continuous,thorsson,UCS,Lymphocyte Infiltration Signature Score,53,,,C,small,not applicable,,fcd2f1fc5c76d321750522ced4fc7c6c321446273eeb0f571f76611c68246b7f,FALSE,titan-representative-benchmark-v1,FALSE,one lowest salted SHA-256 endpoint per non-empty outcome-family and sample-size-tercile cell; binary cells additionally stratified by minority-class-fraction tercile
continuous,thorsson,UVM,Macrophages M0,80,,,C,small,not applicable,,fd2ec2d397a7a5d30ed17c927457898cc4d4ff8bfe61b444e8f60185fcd61e7d,FALSE,titan-representative-benchmark-v1,FALSE,one lowest salted SHA-256 endpoint per non-empty outcome-family and sample-size-tercile cell; binary cells additionally stratified by minority-class-fraction tercile
continuous,thorsson,ACC,Aneuploidy Score,54,,,C,small,not applicable,,fdaf068c59c07ad75a3074938ee90e7a72989f485ff7297e67c623e1241de3fd,FALSE,titan-representative-benchmark-v1,FALSE,one lowest salted SHA-256 endpoint per non-empty outcome-family and sample-size-tercile cell; binary cells additionally stratified by minority-class-fraction tercile
continuous,thorsson,KICH,T Cells CD4 Naive,65,,,C,small,not applicable,,fec8108b0ee2c949b30df2bd6623028fd12cd6cd00072f3d69382b536ce557a3,FALSE,titan-representative-benchmark-v1,FALSE,one lowest salted SHA-256 endpoint per non-empty outcome-family and sample-size-tercile cell; binary cells additionally stratified by minority-class-fraction tercile
continuous,thorsson,KICH,Dendritic Cells Activated,65,,,C,small,not applicable,,ff1cb4de06d78962fe4428fb5f9d63128d992b793b1f8801bc41efc3a15ad37f,FALSE,titan-representative-benchmark-v1,FALSE,one lowest salted SHA-256 endpoint per non-empty outcome-family and sample-size-tercile cell; binary cells additionally stratified by minority-class-fraction tercile
