outcome_type,family,tumor_type,endpoint,highlighted,model_n,high_volume,subgroup_variable,subgroup,subgroup_n,positive,negative,denominator_adequate,reason,q2,rmse,spearman,sensitivity,specificity,balanced_accuracy,auc,pr_auc
binary,driver_mutation,COAD,APC,TRUE,382,TRUE,Broad race,Asian,11,6,5,FALSE,fewer than 20 positive and 20 negative subgroup patients,,,,,,,,
binary,driver_mutation,COAD,APC,TRUE,382,TRUE,Broad race,Black or African American,54,42,12,FALSE,fewer than 20 negative subgroup patients,,,,,,,,
binary,driver_mutation,COAD,APC,TRUE,382,TRUE,Broad race,Missing,118,5,113,FALSE,demographic field missing,,,,,,,,
binary,driver_mutation,COAD,APC,TRUE,382,TRUE,Broad race,Other recorded race,1,0,1,FALSE,fewer than 20 positive and 20 negative subgroup patients,,,,,,,,
binary,driver_mutation,COAD,APC,TRUE,382,TRUE,Broad race,White,198,143,55,TRUE,performance estimated,,,,0.92027972027972,0.232727272727273,0.576503496503497,0.678448823903369,0.837241825110304
binary,driver_mutation,COAD,APC,TRUE,382,TRUE,Recorded sex,FEMALE,190,95,95,TRUE,performance estimated,,,,0.892631578947369,0.703157894736842,0.797894736842105,0.861141274238227,0.849667003380188
binary,driver_mutation,COAD,APC,TRUE,382,TRUE,Recorded sex,MALE,192,101,91,TRUE,performance estimated,,,,0.873267326732673,0.705494505494506,0.789380916113589,0.843869002284844,0.803350369663594
binary,driver_mutation,LGG,CIC,TRUE,485,TRUE,Broad race,Asian,7,2,5,FALSE,fewer than 20 positive and 20 negative subgroup patients,,,,,,,,
binary,driver_mutation,LGG,CIC,TRUE,485,TRUE,Broad race,Black or African American,20,2,18,FALSE,fewer than 20 positive and 20 negative subgroup patients,,,,,,,,
binary,driver_mutation,LGG,CIC,TRUE,485,TRUE,Broad race,Missing,10,3,7,FALSE,demographic field missing,,,,,,,,
binary,driver_mutation,LGG,CIC,TRUE,485,TRUE,Broad race,Other recorded race,1,0,1,FALSE,fewer than 20 positive and 20 negative subgroup patients,,,,,,,,
binary,driver_mutation,LGG,CIC,TRUE,485,TRUE,Broad race,White,447,98,349,TRUE,performance estimated,,,,0.606122448979592,0.897994269340974,0.752058359160283,0.875194433074089,0.627769634839771
binary,driver_mutation,LGG,CIC,TRUE,485,TRUE,Recorded sex,FEMALE,216,53,163,TRUE,performance estimated,,,,0.592452830188679,0.896932515337423,0.744692672763051,0.859474476212525,0.673236683824286
binary,driver_mutation,LGG,CIC,TRUE,485,TRUE,Recorded sex,MALE,269,52,217,TRUE,performance estimated,,,,0.669230769230769,0.883870967741935,0.776550868486353,0.891084721729883,0.580591805055088
binary,driver_mutation,LGG,IDH1,TRUE,485,TRUE,Broad race,Asian,7,5,2,FALSE,fewer than 20 positive and 20 negative subgroup patients,,,,,,,,
binary,driver_mutation,LGG,IDH1,TRUE,485,TRUE,Broad race,Black or African American,20,12,8,FALSE,fewer than 20 positive and 20 negative subgroup patients,,,,,,,,
binary,driver_mutation,LGG,IDH1,TRUE,485,TRUE,Broad race,Missing,10,8,2,FALSE,demographic field missing,,,,,,,,
binary,driver_mutation,LGG,IDH1,TRUE,485,TRUE,Broad race,Other recorded race,1,0,1,FALSE,fewer than 20 positive and 20 negative subgroup patients,,,,,,,,
binary,driver_mutation,LGG,IDH1,TRUE,485,TRUE,Broad race,White,447,350,97,TRUE,performance estimated,,,,0.926285714285714,0.620618556701031,0.773452135493373,0.846839469808542,0.936858904388638
binary,driver_mutation,LGG,IDH1,TRUE,485,TRUE,Recorded sex,FEMALE,216,166,50,TRUE,performance estimated,,,,0.925301204819277,0.672,0.798650602409639,0.854289156626506,0.941113308139471
binary,driver_mutation,LGG,IDH1,TRUE,485,TRUE,Recorded sex,MALE,269,209,60,TRUE,performance estimated,,,,0.934928229665072,0.583333333333333,0.759130781499203,0.848755980861244,0.931405964804038
binary,driver_mutation,LGG,TP53,TRUE,485,TRUE,Broad race,Asian,7,1,6,FALSE,fewer than 20 positive and 20 negative subgroup patients,,,,,,,,
binary,driver_mutation,LGG,TP53,TRUE,485,TRUE,Broad race,Black or African American,20,7,13,FALSE,fewer than 20 positive and 20 negative subgroup patients,,,,,,,,
binary,driver_mutation,LGG,TP53,TRUE,485,TRUE,Broad race,Missing,10,2,8,FALSE,demographic field missing,,,,,,,,
binary,driver_mutation,LGG,TP53,TRUE,485,TRUE,Broad race,Other recorded race,1,0,1,FALSE,fewer than 20 positive and 20 negative subgroup patients,,,,,,,,
binary,driver_mutation,LGG,TP53,TRUE,485,TRUE,Broad race,White,447,222,225,TRUE,performance estimated,,,,0.826126126126126,0.872888888888889,0.849507507507508,0.901325325325325,0.884682843848145
binary,driver_mutation,LGG,TP53,TRUE,485,TRUE,Recorded sex,FEMALE,216,98,118,TRUE,performance estimated,,,,0.83265306122449,0.888135593220339,0.860394327222415,0.907506053268765,0.867021954218568
binary,driver_mutation,LGG,TP53,TRUE,485,TRUE,Recorded sex,MALE,269,134,135,TRUE,performance estimated,,,,0.83134328358209,0.863703703703704,0.847523493642897,0.903250414593698,0.900355122958432
binary,driver_mutation,READ,APC,TRUE,135,FALSE,Broad race,Asian,1,0,1,FALSE,model has fewer than 200 outcome-labelled patients,,,,,,,,
binary,driver_mutation,READ,APC,TRUE,135,FALSE,Broad race,Black or African American,6,5,1,FALSE,model has fewer than 200 outcome-labelled patients,,,,,,,,
binary,driver_mutation,READ,APC,TRUE,135,FALSE,Broad race,Missing,55,2,53,FALSE,model has fewer than 200 outcome-labelled patients,,,,,,,,
binary,driver_mutation,READ,APC,TRUE,135,FALSE,Broad race,White,73,58,15,FALSE,model has fewer than 200 outcome-labelled patients,,,,,,,,
binary,driver_mutation,READ,APC,TRUE,135,FALSE,Recorded sex,FEMALE,62,30,32,FALSE,model has fewer than 200 outcome-labelled patients,,,,,,,,
binary,driver_mutation,READ,APC,TRUE,135,FALSE,Recorded sex,MALE,73,35,38,FALSE,model has fewer than 200 outcome-labelled patients,,,,,,,,
binary,driver_mutation,READ,TP53,TRUE,135,FALSE,Broad race,Asian,1,1,0,FALSE,model has fewer than 200 outcome-labelled patients,,,,,,,,
binary,driver_mutation,READ,TP53,TRUE,135,FALSE,Broad race,Black or African American,6,5,1,FALSE,model has fewer than 200 outcome-labelled patients,,,,,,,,
binary,driver_mutation,READ,TP53,TRUE,135,FALSE,Broad race,Missing,55,3,52,FALSE,model has fewer than 200 outcome-labelled patients,,,,,,,,
binary,driver_mutation,READ,TP53,TRUE,135,FALSE,Broad race,White,73,57,16,FALSE,model has fewer than 200 outcome-labelled patients,,,,,,,,
binary,driver_mutation,READ,TP53,TRUE,135,FALSE,Recorded sex,FEMALE,62,30,32,FALSE,model has fewer than 200 outcome-labelled patients,,,,,,,,
binary,driver_mutation,READ,TP53,TRUE,135,FALSE,Recorded sex,MALE,73,36,37,FALSE,model has fewer than 200 outcome-labelled patients,,,,,,,,
binary,driver_mutation,THCA,BRAF,TRUE,490,TRUE,Broad race,Asian,51,31,20,TRUE,performance estimated,,,,0.961290322580645,0.61,0.785645161290323,0.87,0.884786588483771
binary,driver_mutation,THCA,BRAF,TRUE,490,TRUE,Broad race,Black or African American,26,15,11,FALSE,fewer than 20 positive and 20 negative subgroup patients,,,,,,,,
binary,driver_mutation,THCA,BRAF,TRUE,490,TRUE,Broad race,Missing,92,38,54,FALSE,demographic field missing,,,,,,,,
binary,driver_mutation,THCA,BRAF,TRUE,490,TRUE,Broad race,Other recorded race,1,1,0,FALSE,fewer than 20 positive and 20 negative subgroup patients,,,,,,,,
binary,driver_mutation,THCA,BRAF,TRUE,490,TRUE,Broad race,White,320,204,116,TRUE,performance estimated,,,,0.925490196078431,0.698275862068966,0.811883029073698,0.875312711291413,0.900988812919671
binary,driver_mutation,THCA,BRAF,TRUE,490,TRUE,Recorded sex,FEMALE,361,212,149,TRUE,performance estimated,,,,0.921698113207547,0.716778523489933,0.81923831834874,0.881714575155122,0.88678662818579
binary,driver_mutation,THCA,BRAF,TRUE,490,TRUE,Recorded sex,MALE,129,77,52,TRUE,performance estimated,,,,0.932467532467533,0.826923076923077,0.879695304695305,0.927622377622378,0.934686431582293
binary,driver_mutation,THYM,GTF2I,TRUE,120,FALSE,Broad race,Asian,13,7,6,FALSE,model has fewer than 200 outcome-labelled patients,,,,,,,,
binary,driver_mutation,THYM,GTF2I,TRUE,120,FALSE,Broad race,Black or African American,6,3,3,FALSE,model has fewer than 200 outcome-labelled patients,,,,,,,,
binary,driver_mutation,THYM,GTF2I,TRUE,120,FALSE,Broad race,Missing,2,1,1,FALSE,model has fewer than 200 outcome-labelled patients,,,,,,,,
binary,driver_mutation,THYM,GTF2I,TRUE,120,FALSE,Broad race,White,99,48,51,FALSE,model has fewer than 200 outcome-labelled patients,,,,,,,,
binary,driver_mutation,THYM,GTF2I,TRUE,120,FALSE,Recorded sex,FEMALE,59,28,31,FALSE,model has fewer than 200 outcome-labelled patients,,,,,,,,
binary,driver_mutation,THYM,GTF2I,TRUE,120,FALSE,Recorded sex,MALE,61,31,30,FALSE,model has fewer than 200 outcome-labelled patients,,,,,,,,
binary,fusion,UCEC,Any called fusion,TRUE,153,FALSE,Broad race,Asian,1,0,1,FALSE,model has fewer than 200 outcome-labelled patients,,,,,,,,
binary,fusion,UCEC,Any called fusion,TRUE,153,FALSE,Broad race,Black or African American,62,32,30,FALSE,model has fewer than 200 outcome-labelled patients,,,,,,,,
binary,fusion,UCEC,Any called fusion,TRUE,153,FALSE,Broad race,Missing,18,8,10,FALSE,model has fewer than 200 outcome-labelled patients,,,,,,,,
binary,fusion,UCEC,Any called fusion,TRUE,153,FALSE,Broad race,Other recorded race,3,1,2,FALSE,model has fewer than 200 outcome-labelled patients,,,,,,,,
binary,fusion,UCEC,Any called fusion,TRUE,153,FALSE,Broad race,White,69,39,30,FALSE,model has fewer than 200 outcome-labelled patients,,,,,,,,
binary,fusion,UCEC,Any called fusion,TRUE,153,FALSE,Recorded sex,FEMALE,153,80,73,FALSE,model has fewer than 200 outcome-labelled patients,,,,,,,,
binary,microsatellite_instability_sensitivity,COAD,MSI-H strict (MANTIS >0.6),TRUE,374,TRUE,Broad race,Asian,11,1,10,FALSE,fewer than 20 positive and 20 negative subgroup patients,,,,,,,,
binary,microsatellite_instability_sensitivity,COAD,MSI-H strict (MANTIS >0.6),TRUE,374,TRUE,Broad race,Black or African American,53,7,46,FALSE,fewer than 20 positive subgroup patients,,,,,,,,
binary,microsatellite_instability_sensitivity,COAD,MSI-H strict (MANTIS >0.6),TRUE,374,TRUE,Broad race,Missing,121,16,105,FALSE,demographic field missing,,,,,,,,
binary,microsatellite_instability_sensitivity,COAD,MSI-H strict (MANTIS >0.6),TRUE,374,TRUE,Broad race,Other recorded race,1,0,1,FALSE,fewer than 20 positive and 20 negative subgroup patients,,,,,,,,
binary,microsatellite_instability_sensitivity,COAD,MSI-H strict (MANTIS >0.6),TRUE,374,TRUE,Broad race,White,188,33,155,TRUE,performance estimated,,,,0.642424242424242,0.95741935483871,0.799921798631476,0.900762463343109,0.76512534902192
binary,microsatellite_instability_sensitivity,COAD,MSI-H strict (MANTIS >0.6),TRUE,374,TRUE,Recorded sex,FEMALE,186,36,150,TRUE,performance estimated,,,,0.627777777777778,0.948,0.787888888888889,0.913407407407407,0.792793144010737
binary,microsatellite_instability_sensitivity,COAD,MSI-H strict (MANTIS >0.6),TRUE,374,TRUE,Recorded sex,MALE,187,21,166,TRUE,performance estimated,,,,0.533333333333333,0.963855421686747,0.74859437751004,0.880263912794033,0.609567912675072
binary,microsatellite_instability_sensitivity,COAD,MSI-H strict (MANTIS >0.6),TRUE,374,TRUE,Recorded sex,Missing,1,0,1,FALSE,demographic field missing,,,,,,,,
binary,oncogenic_pathway,LGG,HIPPO,TRUE,481,TRUE,Broad race,Asian,6,3,3,FALSE,fewer than 20 positive and 20 negative subgroup patients,,,,,,,,
binary,oncogenic_pathway,LGG,HIPPO,TRUE,481,TRUE,Broad race,Black or African American,20,13,7,FALSE,fewer than 20 positive and 20 negative subgroup patients,,,,,,,,
binary,oncogenic_pathway,LGG,HIPPO,TRUE,481,TRUE,Broad race,Missing,11,9,2,FALSE,demographic field missing,,,,,,,,
binary,oncogenic_pathway,LGG,HIPPO,TRUE,481,TRUE,Broad race,Other recorded race,1,0,1,FALSE,fewer than 20 positive and 20 negative subgroup patients,,,,,,,,
binary,oncogenic_pathway,LGG,HIPPO,TRUE,481,TRUE,Broad race,White,443,354,89,TRUE,performance estimated,,,,0.93728813559322,0.692134831460674,0.814711483526947,0.875883958611058,0.948283736422559
binary,oncogenic_pathway,LGG,HIPPO,TRUE,481,TRUE,Recorded sex,FEMALE,212,167,45,TRUE,performance estimated,,,,0.931736526946108,0.693333333333333,0.812534930139721,0.877445109780439,0.946795462717668
binary,oncogenic_pathway,LGG,HIPPO,TRUE,481,TRUE,Recorded sex,MALE,268,211,57,TRUE,performance estimated,,,,0.946919431279621,0.68421052631579,0.815564978797705,0.884908954851584,0.950847842516253
binary,oncogenic_pathway,LGG,HIPPO,TRUE,481,TRUE,Recorded sex,Missing,1,1,0,FALSE,demographic field missing,,,,,,,,
binary,oncogenic_pathway,LGG,TP53,TRUE,481,TRUE,Broad race,Asian,6,2,4,FALSE,fewer than 20 positive and 20 negative subgroup patients,,,,,,,,
binary,oncogenic_pathway,LGG,TP53,TRUE,481,TRUE,Broad race,Black or African American,20,9,11,FALSE,fewer than 20 positive and 20 negative subgroup patients,,,,,,,,
binary,oncogenic_pathway,LGG,TP53,TRUE,481,TRUE,Broad race,Missing,11,3,8,FALSE,demographic field missing,,,,,,,,
binary,oncogenic_pathway,LGG,TP53,TRUE,481,TRUE,Broad race,Other recorded race,1,0,1,FALSE,fewer than 20 positive and 20 negative subgroup patients,,,,,,,,
binary,oncogenic_pathway,LGG,TP53,TRUE,481,TRUE,Broad race,White,443,234,209,TRUE,performance estimated,,,,0.816239316239316,0.856459330143541,0.836349323191428,0.888782562466773,0.887358831820503
binary,oncogenic_pathway,LGG,TP53,TRUE,481,TRUE,Recorded sex,FEMALE,212,103,109,TRUE,performance estimated,,,,0.801941747572815,0.867889908256881,0.834915827914848,0.88076957334996,0.860478050486811
binary,oncogenic_pathway,LGG,TP53,TRUE,481,TRUE,Recorded sex,MALE,268,144,124,TRUE,performance estimated,,,,0.820833333333333,0.848387096774194,0.834610215053763,0.887847222222222,0.897166727637475
binary,oncogenic_pathway,LGG,TP53,TRUE,481,TRUE,Recorded sex,Missing,1,1,0,FALSE,demographic field missing,,,,,,,,
continuous,rna_pathway_activity,TGCT,HALLMARK_ANGIOGENESIS,TRUE,149,FALSE,Broad race,Asian,4,,,FALSE,model has fewer than 200 outcome-labelled patients,,,,,,,,
continuous,rna_pathway_activity,TGCT,HALLMARK_ANGIOGENESIS,TRUE,149,FALSE,Broad race,Black or African American,6,,,FALSE,model has fewer than 200 outcome-labelled patients,,,,,,,,
continuous,rna_pathway_activity,TGCT,HALLMARK_ANGIOGENESIS,TRUE,149,FALSE,Broad race,Missing,21,,,FALSE,model has fewer than 200 outcome-labelled patients,,,,,,,,
continuous,rna_pathway_activity,TGCT,HALLMARK_ANGIOGENESIS,TRUE,149,FALSE,Broad race,White,118,,,FALSE,model has fewer than 200 outcome-labelled patients,,,,,,,,
continuous,rna_pathway_activity,TGCT,HALLMARK_ANGIOGENESIS,TRUE,149,FALSE,Recorded sex,MALE,133,,,FALSE,model has fewer than 200 outcome-labelled patients,,,,,,,,
continuous,rna_pathway_activity,TGCT,HALLMARK_ANGIOGENESIS,TRUE,149,FALSE,Recorded sex,Missing,16,,,FALSE,model has fewer than 200 outcome-labelled patients,,,,,,,,
continuous,rna_pathway_activity,TGCT,HALLMARK_APICAL_JUNCTION,TRUE,149,FALSE,Broad race,Asian,4,,,FALSE,model has fewer than 200 outcome-labelled patients,,,,,,,,
continuous,rna_pathway_activity,TGCT,HALLMARK_APICAL_JUNCTION,TRUE,149,FALSE,Broad race,Black or African American,6,,,FALSE,model has fewer than 200 outcome-labelled patients,,,,,,,,
continuous,rna_pathway_activity,TGCT,HALLMARK_APICAL_JUNCTION,TRUE,149,FALSE,Broad race,Missing,21,,,FALSE,model has fewer than 200 outcome-labelled patients,,,,,,,,
continuous,rna_pathway_activity,TGCT,HALLMARK_APICAL_JUNCTION,TRUE,149,FALSE,Broad race,White,118,,,FALSE,model has fewer than 200 outcome-labelled patients,,,,,,,,
continuous,rna_pathway_activity,TGCT,HALLMARK_APICAL_JUNCTION,TRUE,149,FALSE,Recorded sex,MALE,133,,,FALSE,model has fewer than 200 outcome-labelled patients,,,,,,,,
continuous,rna_pathway_activity,TGCT,HALLMARK_APICAL_JUNCTION,TRUE,149,FALSE,Recorded sex,Missing,16,,,FALSE,model has fewer than 200 outcome-labelled patients,,,,,,,,
continuous,rna_pathway_activity,TGCT,HALLMARK_CHOLESTEROL_HOMEOSTASIS,TRUE,149,FALSE,Broad race,Asian,4,,,FALSE,model has fewer than 200 outcome-labelled patients,,,,,,,,
continuous,rna_pathway_activity,TGCT,HALLMARK_CHOLESTEROL_HOMEOSTASIS,TRUE,149,FALSE,Broad race,Black or African American,6,,,FALSE,model has fewer than 200 outcome-labelled patients,,,,,,,,
continuous,rna_pathway_activity,TGCT,HALLMARK_CHOLESTEROL_HOMEOSTASIS,TRUE,149,FALSE,Broad race,Missing,21,,,FALSE,model has fewer than 200 outcome-labelled patients,,,,,,,,
continuous,rna_pathway_activity,TGCT,HALLMARK_CHOLESTEROL_HOMEOSTASIS,TRUE,149,FALSE,Broad race,White,118,,,FALSE,model has fewer than 200 outcome-labelled patients,,,,,,,,
continuous,rna_pathway_activity,TGCT,HALLMARK_CHOLESTEROL_HOMEOSTASIS,TRUE,149,FALSE,Recorded sex,MALE,133,,,FALSE,model has fewer than 200 outcome-labelled patients,,,,,,,,
continuous,rna_pathway_activity,TGCT,HALLMARK_CHOLESTEROL_HOMEOSTASIS,TRUE,149,FALSE,Recorded sex,Missing,16,,,FALSE,model has fewer than 200 outcome-labelled patients,,,,,,,,
continuous,rna_pathway_activity,TGCT,HALLMARK_EPITHELIAL_MESENCHYMAL_TRANSITION,TRUE,149,FALSE,Broad race,Asian,4,,,FALSE,model has fewer than 200 outcome-labelled patients,,,,,,,,
continuous,rna_pathway_activity,TGCT,HALLMARK_EPITHELIAL_MESENCHYMAL_TRANSITION,TRUE,149,FALSE,Broad race,Black or African American,6,,,FALSE,model has fewer than 200 outcome-labelled patients,,,,,,,,
continuous,rna_pathway_activity,TGCT,HALLMARK_EPITHELIAL_MESENCHYMAL_TRANSITION,TRUE,149,FALSE,Broad race,Missing,21,,,FALSE,model has fewer than 200 outcome-labelled patients,,,,,,,,
continuous,rna_pathway_activity,TGCT,HALLMARK_EPITHELIAL_MESENCHYMAL_TRANSITION,TRUE,149,FALSE,Broad race,White,118,,,FALSE,model has fewer than 200 outcome-labelled patients,,,,,,,,
continuous,rna_pathway_activity,TGCT,HALLMARK_EPITHELIAL_MESENCHYMAL_TRANSITION,TRUE,149,FALSE,Recorded sex,MALE,133,,,FALSE,model has fewer than 200 outcome-labelled patients,,,,,,,,
continuous,rna_pathway_activity,TGCT,HALLMARK_EPITHELIAL_MESENCHYMAL_TRANSITION,TRUE,149,FALSE,Recorded sex,Missing,16,,,FALSE,model has fewer than 200 outcome-labelled patients,,,,,,,,
continuous,rna_pathway_activity,TGCT,HALLMARK_ESTROGEN_RESPONSE_EARLY,TRUE,149,FALSE,Broad race,Asian,4,,,FALSE,model has fewer than 200 outcome-labelled patients,,,,,,,,
continuous,rna_pathway_activity,TGCT,HALLMARK_ESTROGEN_RESPONSE_EARLY,TRUE,149,FALSE,Broad race,Black or African American,6,,,FALSE,model has fewer than 200 outcome-labelled patients,,,,,,,,
continuous,rna_pathway_activity,TGCT,HALLMARK_ESTROGEN_RESPONSE_EARLY,TRUE,149,FALSE,Broad race,Missing,21,,,FALSE,model has fewer than 200 outcome-labelled patients,,,,,,,,
continuous,rna_pathway_activity,TGCT,HALLMARK_ESTROGEN_RESPONSE_EARLY,TRUE,149,FALSE,Broad race,White,118,,,FALSE,model has fewer than 200 outcome-labelled patients,,,,,,,,
continuous,rna_pathway_activity,TGCT,HALLMARK_ESTROGEN_RESPONSE_EARLY,TRUE,149,FALSE,Recorded sex,MALE,133,,,FALSE,model has fewer than 200 outcome-labelled patients,,,,,,,,
continuous,rna_pathway_activity,TGCT,HALLMARK_ESTROGEN_RESPONSE_EARLY,TRUE,149,FALSE,Recorded sex,Missing,16,,,FALSE,model has fewer than 200 outcome-labelled patients,,,,,,,,
continuous,rna_pathway_activity,TGCT,HALLMARK_ESTROGEN_RESPONSE_LATE,TRUE,149,FALSE,Broad race,Asian,4,,,FALSE,model has fewer than 200 outcome-labelled patients,,,,,,,,
continuous,rna_pathway_activity,TGCT,HALLMARK_ESTROGEN_RESPONSE_LATE,TRUE,149,FALSE,Broad race,Black or African American,6,,,FALSE,model has fewer than 200 outcome-labelled patients,,,,,,,,
continuous,rna_pathway_activity,TGCT,HALLMARK_ESTROGEN_RESPONSE_LATE,TRUE,149,FALSE,Broad race,Missing,21,,,FALSE,model has fewer than 200 outcome-labelled patients,,,,,,,,
continuous,rna_pathway_activity,TGCT,HALLMARK_ESTROGEN_RESPONSE_LATE,TRUE,149,FALSE,Broad race,White,118,,,FALSE,model has fewer than 200 outcome-labelled patients,,,,,,,,
continuous,rna_pathway_activity,TGCT,HALLMARK_ESTROGEN_RESPONSE_LATE,TRUE,149,FALSE,Recorded sex,MALE,133,,,FALSE,model has fewer than 200 outcome-labelled patients,,,,,,,,
continuous,rna_pathway_activity,TGCT,HALLMARK_ESTROGEN_RESPONSE_LATE,TRUE,149,FALSE,Recorded sex,Missing,16,,,FALSE,model has fewer than 200 outcome-labelled patients,,,,,,,,
continuous,rna_pathway_activity,TGCT,HALLMARK_GLYCOLYSIS,TRUE,149,FALSE,Broad race,Asian,4,,,FALSE,model has fewer than 200 outcome-labelled patients,,,,,,,,
continuous,rna_pathway_activity,TGCT,HALLMARK_GLYCOLYSIS,TRUE,149,FALSE,Broad race,Black or African American,6,,,FALSE,model has fewer than 200 outcome-labelled patients,,,,,,,,
continuous,rna_pathway_activity,TGCT,HALLMARK_GLYCOLYSIS,TRUE,149,FALSE,Broad race,Missing,21,,,FALSE,model has fewer than 200 outcome-labelled patients,,,,,,,,
continuous,rna_pathway_activity,TGCT,HALLMARK_GLYCOLYSIS,TRUE,149,FALSE,Broad race,White,118,,,FALSE,model has fewer than 200 outcome-labelled patients,,,,,,,,
continuous,rna_pathway_activity,TGCT,HALLMARK_GLYCOLYSIS,TRUE,149,FALSE,Recorded sex,MALE,133,,,FALSE,model has fewer than 200 outcome-labelled patients,,,,,,,,
continuous,rna_pathway_activity,TGCT,HALLMARK_GLYCOLYSIS,TRUE,149,FALSE,Recorded sex,Missing,16,,,FALSE,model has fewer than 200 outcome-labelled patients,,,,,,,,
continuous,rna_pathway_activity,TGCT,HALLMARK_HYPOXIA,TRUE,149,FALSE,Broad race,Asian,4,,,FALSE,model has fewer than 200 outcome-labelled patients,,,,,,,,
continuous,rna_pathway_activity,TGCT,HALLMARK_HYPOXIA,TRUE,149,FALSE,Broad race,Black or African American,6,,,FALSE,model has fewer than 200 outcome-labelled patients,,,,,,,,
continuous,rna_pathway_activity,TGCT,HALLMARK_HYPOXIA,TRUE,149,FALSE,Broad race,Missing,21,,,FALSE,model has fewer than 200 outcome-labelled patients,,,,,,,,
continuous,rna_pathway_activity,TGCT,HALLMARK_HYPOXIA,TRUE,149,FALSE,Broad race,White,118,,,FALSE,model has fewer than 200 outcome-labelled patients,,,,,,,,
continuous,rna_pathway_activity,TGCT,HALLMARK_HYPOXIA,TRUE,149,FALSE,Recorded sex,MALE,133,,,FALSE,model has fewer than 200 outcome-labelled patients,,,,,,,,
continuous,rna_pathway_activity,TGCT,HALLMARK_HYPOXIA,TRUE,149,FALSE,Recorded sex,Missing,16,,,FALSE,model has fewer than 200 outcome-labelled patients,,,,,,,,
continuous,rna_pathway_activity,TGCT,HALLMARK_MYOGENESIS,TRUE,149,FALSE,Broad race,Asian,4,,,FALSE,model has fewer than 200 outcome-labelled patients,,,,,,,,
continuous,rna_pathway_activity,TGCT,HALLMARK_MYOGENESIS,TRUE,149,FALSE,Broad race,Black or African American,6,,,FALSE,model has fewer than 200 outcome-labelled patients,,,,,,,,
continuous,rna_pathway_activity,TGCT,HALLMARK_MYOGENESIS,TRUE,149,FALSE,Broad race,Missing,21,,,FALSE,model has fewer than 200 outcome-labelled patients,,,,,,,,
continuous,rna_pathway_activity,TGCT,HALLMARK_MYOGENESIS,TRUE,149,FALSE,Broad race,White,118,,,FALSE,model has fewer than 200 outcome-labelled patients,,,,,,,,
continuous,rna_pathway_activity,TGCT,HALLMARK_MYOGENESIS,TRUE,149,FALSE,Recorded sex,MALE,133,,,FALSE,model has fewer than 200 outcome-labelled patients,,,,,,,,
continuous,rna_pathway_activity,TGCT,HALLMARK_MYOGENESIS,TRUE,149,FALSE,Recorded sex,Missing,16,,,FALSE,model has fewer than 200 outcome-labelled patients,,,,,,,,
continuous,rna_pathway_activity,TGCT,HALLMARK_NOTCH_SIGNALING,TRUE,149,FALSE,Broad race,Asian,4,,,FALSE,model has fewer than 200 outcome-labelled patients,,,,,,,,
continuous,rna_pathway_activity,TGCT,HALLMARK_NOTCH_SIGNALING,TRUE,149,FALSE,Broad race,Black or African American,6,,,FALSE,model has fewer than 200 outcome-labelled patients,,,,,,,,
continuous,rna_pathway_activity,TGCT,HALLMARK_NOTCH_SIGNALING,TRUE,149,FALSE,Broad race,Missing,21,,,FALSE,model has fewer than 200 outcome-labelled patients,,,,,,,,
continuous,rna_pathway_activity,TGCT,HALLMARK_NOTCH_SIGNALING,TRUE,149,FALSE,Broad race,White,118,,,FALSE,model has fewer than 200 outcome-labelled patients,,,,,,,,
continuous,rna_pathway_activity,TGCT,HALLMARK_NOTCH_SIGNALING,TRUE,149,FALSE,Recorded sex,MALE,133,,,FALSE,model has fewer than 200 outcome-labelled patients,,,,,,,,
continuous,rna_pathway_activity,TGCT,HALLMARK_NOTCH_SIGNALING,TRUE,149,FALSE,Recorded sex,Missing,16,,,FALSE,model has fewer than 200 outcome-labelled patients,,,,,,,,
continuous,thorsson,TGCT,TGF-beta Response,TRUE,148,FALSE,Broad race,Asian,4,,,FALSE,model has fewer than 200 outcome-labelled patients,,,,,,,,
continuous,thorsson,TGCT,TGF-beta Response,TRUE,148,FALSE,Broad race,Black or African American,6,,,FALSE,model has fewer than 200 outcome-labelled patients,,,,,,,,
continuous,thorsson,TGCT,TGF-beta Response,TRUE,148,FALSE,Broad race,Missing,21,,,FALSE,model has fewer than 200 outcome-labelled patients,,,,,,,,
continuous,thorsson,TGCT,TGF-beta Response,TRUE,148,FALSE,Broad race,White,117,,,FALSE,model has fewer than 200 outcome-labelled patients,,,,,,,,
continuous,thorsson,TGCT,TGF-beta Response,TRUE,148,FALSE,Recorded sex,MALE,132,,,FALSE,model has fewer than 200 outcome-labelled patients,,,,,,,,
continuous,thorsson,TGCT,TGF-beta Response,TRUE,148,FALSE,Recorded sex,Missing,16,,,FALSE,model has fewer than 200 outcome-labelled patients,,,,,,,,
continuous,thorsson,THYM,Th17 Cells,TRUE,117,FALSE,Broad race,Asian,12,,,FALSE,model has fewer than 200 outcome-labelled patients,,,,,,,,
continuous,thorsson,THYM,Th17 Cells,TRUE,117,FALSE,Broad race,Black or African American,6,,,FALSE,model has fewer than 200 outcome-labelled patients,,,,,,,,
continuous,thorsson,THYM,Th17 Cells,TRUE,117,FALSE,Broad race,Missing,2,,,FALSE,model has fewer than 200 outcome-labelled patients,,,,,,,,
continuous,thorsson,THYM,Th17 Cells,TRUE,117,FALSE,Broad race,White,97,,,FALSE,model has fewer than 200 outcome-labelled patients,,,,,,,,
continuous,thorsson,THYM,Th17 Cells,TRUE,117,FALSE,Recorded sex,FEMALE,57,,,FALSE,model has fewer than 200 outcome-labelled patients,,,,,,,,
continuous,thorsson,THYM,Th17 Cells,TRUE,117,FALSE,Recorded sex,MALE,60,,,FALSE,model has fewer than 200 outcome-labelled patients,,,,,,,,
binary,aneuploidy,BLCA,Genome doubling,FALSE,376,TRUE,Broad race,Asian,43,15,28,FALSE,fewer than 20 positive subgroup patients,,,,,,,,
binary,aneuploidy,BLCA,Genome doubling,FALSE,376,TRUE,Broad race,Black or African American,20,14,6,FALSE,fewer than 20 positive and 20 negative subgroup patients,,,,,,,,
binary,aneuploidy,BLCA,Genome doubling,FALSE,376,TRUE,Broad race,Missing,15,11,4,FALSE,demographic field missing,,,,,,,,
binary,aneuploidy,BLCA,Genome doubling,FALSE,376,TRUE,Broad race,White,298,188,110,TRUE,performance estimated,,,,0.786170212765958,0.52,0.653085106382979,0.711450676982592,0.772872448283944
binary,aneuploidy,BLCA,Genome doubling,FALSE,376,TRUE,Recorded sex,FEMALE,98,53,45,TRUE,performance estimated,,,,0.750943396226415,0.546666666666667,0.648805031446541,0.708763102725367,0.719914022293087
binary,aneuploidy,BLCA,Genome doubling,FALSE,376,TRUE,Recorded sex,MALE,278,175,103,TRUE,performance estimated,,,,0.8,0.584466019417476,0.692233009708738,0.744632454923717,0.797946679508733
binary,aneuploidy,BRCA,Genome doubling,FALSE,998,TRUE,Broad race,Asian,59,32,27,TRUE,performance estimated,,,,0.75,0.503703703703704,0.626851851851852,0.674768518518519,0.709961792644756
binary,aneuploidy,BRCA,Genome doubling,FALSE,998,TRUE,Broad race,Black or African American,159,83,76,TRUE,performance estimated,,,,0.686746987951807,0.694736842105263,0.690741915028535,0.764743183259353,0.774733677850251
binary,aneuploidy,BRCA,Genome doubling,FALSE,998,TRUE,Broad race,Missing,86,41,45,FALSE,demographic field missing,,,,,,,,
binary,aneuploidy,BRCA,Genome doubling,FALSE,998,TRUE,Broad race,Other recorded race,1,1,0,FALSE,fewer than 20 positive and 20 negative subgroup patients,,,,,,,,
binary,aneuploidy,BRCA,Genome doubling,FALSE,998,TRUE,Broad race,White,693,281,412,TRUE,performance estimated,,,,0.587900355871886,0.795145631067961,0.691522993469924,0.765414780776008,0.660740504844232
binary,aneuploidy,BRCA,Genome doubling,FALSE,998,TRUE,Recorded sex,FEMALE,987,433,554,TRUE,performance estimated,,,,0.629561200923788,0.765342960288809,0.697452080606298,0.768604563910589,0.698870116016022
binary,aneuploidy,BRCA,Genome doubling,FALSE,998,TRUE,Recorded sex,MALE,11,5,6,FALSE,fewer than 20 positive and 20 negative subgroup patients,,,,,,,,
binary,aneuploidy,CESC,Genome doubling,FALSE,259,TRUE,Broad race,Asian,19,4,15,FALSE,fewer than 20 positive and 20 negative subgroup patients,,,,,,,,
binary,aneuploidy,CESC,Genome doubling,FALSE,259,TRUE,Broad race,Black or African American,25,11,14,FALSE,fewer than 20 positive and 20 negative subgroup patients,,,,,,,,
binary,aneuploidy,CESC,Genome doubling,FALSE,259,TRUE,Broad race,Missing,34,16,18,FALSE,demographic field missing,,,,,,,,
binary,aneuploidy,CESC,Genome doubling,FALSE,259,TRUE,Broad race,Other recorded race,5,1,4,FALSE,fewer than 20 positive and 20 negative subgroup patients,,,,,,,,
binary,aneuploidy,CESC,Genome doubling,FALSE,259,TRUE,Broad race,White,176,53,123,TRUE,performance estimated,,,,0.369811320754717,0.808130081300813,0.588970701027765,0.628900138057984,0.414746186755734
binary,aneuploidy,CESC,Genome doubling,FALSE,259,TRUE,Recorded sex,FEMALE,259,85,174,TRUE,performance estimated,,,,0.367058823529412,0.791954022988506,0.579506423258959,0.616822177146721,0.421530031160107
binary,aneuploidy,COAD,Genome doubling,FALSE,408,TRUE,Broad race,Asian,10,6,4,FALSE,fewer than 20 positive and 20 negative subgroup patients,,,,,,,,
binary,aneuploidy,COAD,Genome doubling,FALSE,408,TRUE,Broad race,Black or African American,57,25,32,TRUE,performance estimated,,,,0.664,0.6875,0.67575,0.6975,0.646209135783562
binary,aneuploidy,COAD,Genome doubling,FALSE,408,TRUE,Broad race,Missing,141,49,92,FALSE,demographic field missing,,,,,,,,
binary,aneuploidy,COAD,Genome doubling,FALSE,408,TRUE,Broad race,Other recorded race,1,1,0,FALSE,fewer than 20 positive and 20 negative subgroup patients,,,,,,,,
binary,aneuploidy,COAD,Genome doubling,FALSE,408,TRUE,Broad race,White,199,84,115,TRUE,performance estimated,,,,0.633333333333333,0.72,0.676666666666667,0.722898550724638,0.638307915303332
binary,aneuploidy,COAD,Genome doubling,FALSE,408,TRUE,Recorded sex,FEMALE,200,76,124,TRUE,performance estimated,,,,0.615789473684211,0.766129032258064,0.690959252971138,0.749066213921902,0.667652987414631
binary,aneuploidy,COAD,Genome doubling,FALSE,408,TRUE,Recorded sex,MALE,207,89,118,TRUE,performance estimated,,,,0.649438202247191,0.713559322033898,0.681498762140545,0.721024566749191,0.633579714761996
binary,aneuploidy,COAD,Genome doubling,FALSE,408,TRUE,Recorded sex,Missing,1,0,1,FALSE,demographic field missing,,,,,,,,
binary,aneuploidy,HNSC,Genome doubling,FALSE,435,TRUE,Broad race,Asian,8,2,6,FALSE,fewer than 20 positive and 20 negative subgroup patients,,,,,,,,
binary,aneuploidy,HNSC,Genome doubling,FALSE,435,TRUE,Broad race,Black or African American,42,21,21,TRUE,performance estimated,,,,0.590476190476191,0.676190476190476,0.633333333333333,0.683446712018141,0.696082706622722
binary,aneuploidy,HNSC,Genome doubling,FALSE,435,TRUE,Broad race,Missing,12,6,6,FALSE,demographic field missing,,,,,,,,
binary,aneuploidy,HNSC,Genome doubling,FALSE,435,TRUE,Broad race,Other recorded race,2,1,1,FALSE,fewer than 20 positive and 20 negative subgroup patients,,,,,,,,
binary,aneuploidy,HNSC,Genome doubling,FALSE,435,TRUE,Broad race,White,371,146,225,TRUE,performance estimated,,,,0.504109589041096,0.749333333333333,0.626721461187215,0.649686453576865,0.537417623903883
binary,aneuploidy,HNSC,Genome doubling,FALSE,435,TRUE,Recorded sex,FEMALE,119,40,79,TRUE,performance estimated,,,,0.455,0.784810126582279,0.619905063291139,0.663544303797468,0.515011534242304
binary,aneuploidy,HNSC,Genome doubling,FALSE,435,TRUE,Recorded sex,MALE,316,136,180,TRUE,performance estimated,,,,0.527941176470588,0.728888888888889,0.628415032679739,0.653880718954248,0.573285777545298
binary,aneuploidy,LUAD,Genome doubling,FALSE,449,TRUE,Broad race,Asian,7,4,3,FALSE,fewer than 20 positive and 20 negative subgroup patients,,,,,,,,
binary,aneuploidy,LUAD,Genome doubling,FALSE,449,TRUE,Broad race,Black or African American,49,28,21,TRUE,performance estimated,,,,0.778571428571429,0.380952380952381,0.579761904761905,0.720068027210884,0.801736033556753
binary,aneuploidy,LUAD,Genome doubling,FALSE,449,TRUE,Broad race,Missing,51,34,17,FALSE,demographic field missing,,,,,,,,
binary,aneuploidy,LUAD,Genome doubling,FALSE,449,TRUE,Broad race,Other recorded race,1,1,0,FALSE,fewer than 20 positive and 20 negative subgroup patients,,,,,,,,
binary,aneuploidy,LUAD,Genome doubling,FALSE,449,TRUE,Broad race,White,341,197,144,TRUE,performance estimated,,,,0.775634517766498,0.545833333333333,0.660733925549915,0.713310772701636,0.754343633962364
binary,aneuploidy,LUAD,Genome doubling,FALSE,449,TRUE,Recorded sex,FEMALE,240,142,98,TRUE,performance estimated,,,,0.791549295774648,0.538775510204082,0.665162402989365,0.732322506467376,0.777869198415518
binary,aneuploidy,LUAD,Genome doubling,FALSE,449,TRUE,Recorded sex,MALE,209,122,87,TRUE,performance estimated,,,,0.781967213114754,0.494252873563218,0.638110043338986,0.688769549651404,0.743278767839114
binary,aneuploidy,LUSC,Genome doubling,FALSE,459,TRUE,Broad race,Asian,9,4,5,FALSE,fewer than 20 positive and 20 negative subgroup patients,,,,,,,,
binary,aneuploidy,LUSC,Genome doubling,FALSE,459,TRUE,Broad race,Black or African American,28,16,12,FALSE,fewer than 20 positive and 20 negative subgroup patients,,,,,,,,
binary,aneuploidy,LUSC,Genome doubling,FALSE,459,TRUE,Broad race,Missing,107,60,47,FALSE,demographic field missing,,,,,,,,
binary,aneuploidy,LUSC,Genome doubling,FALSE,459,TRUE,Broad race,White,315,169,146,TRUE,performance estimated,,,,0.698224852071006,0.523287671232877,0.610756261651941,0.668087865769636,0.688121020729545
binary,aneuploidy,LUSC,Genome doubling,FALSE,459,TRUE,Recorded sex,FEMALE,116,47,69,TRUE,performance estimated,,,,0.6,0.663768115942029,0.631884057971015,0.697440641381437,0.611300634515708
binary,aneuploidy,LUSC,Genome doubling,FALSE,459,TRUE,Recorded sex,MALE,343,202,141,TRUE,performance estimated,,,,0.731683168316832,0.490780141843972,0.611231655080402,0.658661610841935,0.717472679181587
binary,aneuploidy,OV,Genome doubling,FALSE,96,FALSE,Broad race,Asian,1,1,0,FALSE,model has fewer than 200 outcome-labelled patients,,,,,,,,
binary,aneuploidy,OV,Genome doubling,FALSE,96,FALSE,Broad race,Black or African American,11,9,2,FALSE,model has fewer than 200 outcome-labelled patients,,,,,,,,
binary,aneuploidy,OV,Genome doubling,FALSE,96,FALSE,Broad race,Missing,2,1,1,FALSE,model has fewer than 200 outcome-labelled patients,,,,,,,,
binary,aneuploidy,OV,Genome doubling,FALSE,96,FALSE,Broad race,Other recorded race,3,2,1,FALSE,model has fewer than 200 outcome-labelled patients,,,,,,,,
binary,aneuploidy,OV,Genome doubling,FALSE,96,FALSE,Broad race,White,79,53,26,FALSE,model has fewer than 200 outcome-labelled patients,,,,,,,,
binary,aneuploidy,OV,Genome doubling,FALSE,96,FALSE,Recorded sex,FEMALE,96,66,30,FALSE,model has fewer than 200 outcome-labelled patients,,,,,,,,
binary,aneuploidy,PCPG,Genome doubling,FALSE,157,FALSE,Broad race,Asian,5,1,4,FALSE,model has fewer than 200 outcome-labelled patients,,,,,,,,
binary,aneuploidy,PCPG,Genome doubling,FALSE,157,FALSE,Broad race,Black or African American,19,3,16,FALSE,model has fewer than 200 outcome-labelled patients,,,,,,,,
binary,aneuploidy,PCPG,Genome doubling,FALSE,157,FALSE,Broad race,Missing,3,0,3,FALSE,model has fewer than 200 outcome-labelled patients,,,,,,,,
binary,aneuploidy,PCPG,Genome doubling,FALSE,157,FALSE,Broad race,Other recorded race,1,0,1,FALSE,model has fewer than 200 outcome-labelled patients,,,,,,,,
binary,aneuploidy,PCPG,Genome doubling,FALSE,157,FALSE,Broad race,White,129,20,109,FALSE,model has fewer than 200 outcome-labelled patients,,,,,,,,
binary,aneuploidy,PCPG,Genome doubling,FALSE,157,FALSE,Recorded sex,FEMALE,87,10,77,FALSE,model has fewer than 200 outcome-labelled patients,,,,,,,,
binary,aneuploidy,PCPG,Genome doubling,FALSE,157,FALSE,Recorded sex,MALE,70,14,56,FALSE,model has fewer than 200 outcome-labelled patients,,,,,,,,
binary,aneuploidy,SARC,Genome doubling,FALSE,238,TRUE,Broad race,Asian,6,4,2,FALSE,fewer than 20 positive and 20 negative subgroup patients,,,,,,,,
binary,aneuploidy,SARC,Genome doubling,FALSE,238,TRUE,Broad race,Black or African American,17,8,9,FALSE,fewer than 20 positive and 20 negative subgroup patients,,,,,,,,
binary,aneuploidy,SARC,Genome doubling,FALSE,238,TRUE,Broad race,Missing,7,4,3,FALSE,demographic field missing,,,,,,,,
binary,aneuploidy,SARC,Genome doubling,FALSE,238,TRUE,Broad race,White,208,96,112,TRUE,performance estimated,,,,0.677083333333333,0.664285714285714,0.670684523809524,0.73500744047619,0.698996710557116
binary,aneuploidy,SARC,Genome doubling,FALSE,238,TRUE,Recorded sex,FEMALE,128,56,72,TRUE,performance estimated,,,,0.646428571428571,0.691666666666667,0.669047619047619,0.727132936507936,0.666778168345774
binary,aneuploidy,SARC,Genome doubling,FALSE,238,TRUE,Recorded sex,MALE,110,56,54,TRUE,performance estimated,,,,0.667857142857143,0.618518518518519,0.643187830687831,0.703439153439154,0.714630814818845
binary,aneuploidy,STAD,Genome doubling,FALSE,360,TRUE,Broad race,Asian,80,36,44,TRUE,performance estimated,,,,0.566666666666667,0.672727272727273,0.61969696969697,0.697474747474747,0.66643503403756
binary,aneuploidy,STAD,Genome doubling,FALSE,360,TRUE,Broad race,Black or African American,10,7,3,FALSE,fewer than 20 positive and 20 negative subgroup patients,,,,,,,,
binary,aneuploidy,STAD,Genome doubling,FALSE,360,TRUE,Broad race,Missing,41,15,26,FALSE,demographic field missing,,,,,,,,
binary,aneuploidy,STAD,Genome doubling,FALSE,360,TRUE,Broad race,Other recorded race,1,1,0,FALSE,fewer than 20 positive and 20 negative subgroup patients,,,,,,,,
binary,aneuploidy,STAD,Genome doubling,FALSE,360,TRUE,Broad race,White,228,95,133,TRUE,performance estimated,,,,0.633684210526316,0.796992481203008,0.715338345864662,0.77994459833795,0.707952402054405
binary,aneuploidy,STAD,Genome doubling,FALSE,360,TRUE,Recorded sex,FEMALE,121,55,66,TRUE,performance estimated,,,,0.694545454545455,0.854545454545455,0.774545454545455,0.856694214876033,0.844661697648121
binary,aneuploidy,STAD,Genome doubling,FALSE,360,TRUE,Recorded sex,MALE,239,99,140,TRUE,performance estimated,,,,0.56969696969697,0.722857142857143,0.646277056277056,0.711313131313131,0.619445601566537
binary,aneuploidy,UCEC,Genome doubling,FALSE,477,TRUE,Broad race,Asian,19,2,17,FALSE,fewer than 20 positive and 20 negative subgroup patients,,,,,,,,
binary,aneuploidy,UCEC,Genome doubling,FALSE,477,TRUE,Broad race,Black or African American,97,27,70,TRUE,performance estimated,,,,0.533333333333333,0.854285714285714,0.693809523809524,0.798624338624339,0.594033826148293
binary,aneuploidy,UCEC,Genome doubling,FALSE,477,TRUE,Broad race,Missing,30,9,21,FALSE,demographic field missing,,,,,,,,
binary,aneuploidy,UCEC,Genome doubling,FALSE,477,TRUE,Broad race,Other recorded race,11,3,8,FALSE,fewer than 20 positive and 20 negative subgroup patients,,,,,,,,
binary,aneuploidy,UCEC,Genome doubling,FALSE,477,TRUE,Broad race,White,320,56,264,TRUE,performance estimated,,,,0.546428571428571,0.921212121212121,0.733820346320346,0.831682900432901,0.542094944588393
binary,aneuploidy,UCEC,Genome doubling,FALSE,477,TRUE,Recorded sex,FEMALE,477,97,380,TRUE,performance estimated,,,,0.54639175257732,0.904736842105263,0.725564297341291,0.835729788388497,0.567823897373826
binary,driver_mutation,BLCA,FGFR3,FALSE,384,TRUE,Broad race,Asian,44,12,32,FALSE,fewer than 20 positive subgroup patients,,,,,,,,
binary,driver_mutation,BLCA,FGFR3,FALSE,384,TRUE,Broad race,Black or African American,21,1,20,FALSE,fewer than 20 positive subgroup patients,,,,,,,,
binary,driver_mutation,BLCA,FGFR3,FALSE,384,TRUE,Broad race,Missing,17,2,15,FALSE,demographic field missing,,,,,,,,
binary,driver_mutation,BLCA,FGFR3,FALSE,384,TRUE,Broad race,White,302,39,263,TRUE,performance estimated,,,,0.328205128205128,0.961216730038023,0.644710929121576,0.777127815150629,0.404947026832277
binary,driver_mutation,BLCA,FGFR3,FALSE,384,TRUE,Recorded sex,FEMALE,99,8,91,FALSE,fewer than 20 positive subgroup patients,,,,,,,,
binary,driver_mutation,BLCA,FGFR3,FALSE,384,TRUE,Recorded sex,MALE,285,46,239,TRUE,performance estimated,,,,0.465217391304348,0.930543933054393,0.697880662179371,0.792923412770602,0.45407077158418
binary,driver_mutation,BLCA,TP53,FALSE,384,TRUE,Broad race,Asian,44,9,35,FALSE,fewer than 20 positive subgroup patients,,,,,,,,
binary,driver_mutation,BLCA,TP53,FALSE,384,TRUE,Broad race,Black or African American,21,10,11,FALSE,fewer than 20 positive and 20 negative subgroup patients,,,,,,,,
binary,driver_mutation,BLCA,TP53,FALSE,384,TRUE,Broad race,Missing,17,8,9,FALSE,demographic field missing,,,,,,,,
binary,driver_mutation,BLCA,TP53,FALSE,384,TRUE,Broad race,White,302,158,144,TRUE,performance estimated,,,,0.692405063291139,0.555555555555556,0.623980309423347,0.654861111111111,0.650136289185232
binary,driver_mutation,BLCA,TP53,FALSE,384,TRUE,Recorded sex,FEMALE,99,50,49,TRUE,performance estimated,,,,0.684,0.546938775510204,0.615469387755102,0.649224489795918,0.619073711251848
binary,driver_mutation,BLCA,TP53,FALSE,384,TRUE,Recorded sex,MALE,285,135,150,TRUE,performance estimated,,,,0.66962962962963,0.633333333333333,0.651481481481481,0.688385185185185,0.636715187047476
binary,driver_mutation,BRCA,CDH1,FALSE,981,TRUE,Broad race,Asian,59,6,53,FALSE,fewer than 20 positive subgroup patients,,,,,,,,
binary,driver_mutation,BRCA,CDH1,FALSE,981,TRUE,Broad race,Black or African American,151,6,145,FALSE,fewer than 20 positive subgroup patients,,,,,,,,
binary,driver_mutation,BRCA,CDH1,FALSE,981,TRUE,Broad race,Missing,91,0,91,FALSE,demographic field missing,,,,,,,,
binary,driver_mutation,BRCA,CDH1,FALSE,981,TRUE,Broad race,Other recorded race,1,0,1,FALSE,fewer than 20 positive and 20 negative subgroup patients,,,,,,,,
binary,driver_mutation,BRCA,CDH1,FALSE,981,TRUE,Broad race,White,679,84,595,TRUE,performance estimated,,,,0.542857142857143,0.929747899159664,0.736302521008403,0.869499799919968,0.475481066335607
binary,driver_mutation,BRCA,CDH1,FALSE,981,TRUE,Recorded sex,FEMALE,970,96,874,TRUE,performance estimated,,,,0.514583333333333,0.940732265446224,0.727657799389779,0.877207284515637,0.440020358657327
binary,driver_mutation,BRCA,CDH1,FALSE,981,TRUE,Recorded sex,MALE,11,0,11,FALSE,fewer than 20 positive and 20 negative subgroup patients,,,,,,,,
binary,driver_mutation,BRCA,FOXA1,FALSE,981,TRUE,Broad race,Asian,59,0,59,FALSE,fewer than 20 positive subgroup patients,,,,,,,,
binary,driver_mutation,BRCA,FOXA1,FALSE,981,TRUE,Broad race,Black or African American,151,2,149,FALSE,fewer than 20 positive subgroup patients,,,,,,,,
binary,driver_mutation,BRCA,FOXA1,FALSE,981,TRUE,Broad race,Missing,91,1,90,FALSE,demographic field missing,,,,,,,,
binary,driver_mutation,BRCA,FOXA1,FALSE,981,TRUE,Broad race,Other recorded race,1,0,1,FALSE,fewer than 20 positive and 20 negative subgroup patients,,,,,,,,
binary,driver_mutation,BRCA,FOXA1,FALSE,981,TRUE,Broad race,White,679,25,654,TRUE,performance estimated,,,,0.152,0.989908256880734,0.570954128440367,0.673896024464832,0.171521640918085
binary,driver_mutation,BRCA,FOXA1,FALSE,981,TRUE,Recorded sex,FEMALE,970,28,942,TRUE,performance estimated,,,,0.171428571428571,0.989808917197452,0.580618744313012,0.6875720351835,0.151620679752373
binary,driver_mutation,BRCA,FOXA1,FALSE,981,TRUE,Recorded sex,MALE,11,0,11,FALSE,fewer than 20 positive and 20 negative subgroup patients,,,,,,,,
binary,driver_mutation,BRCA,PIK3CA,FALSE,981,TRUE,Broad race,Asian,59,23,36,TRUE,performance estimated,,,,0.243478260869565,0.905555555555556,0.57451690821256,0.628260869565217,0.561155757718974
binary,driver_mutation,BRCA,PIK3CA,FALSE,981,TRUE,Broad race,Black or African American,151,25,126,TRUE,performance estimated,,,,0.264,0.888888888888889,0.576444444444444,0.682920634920635,0.286217475270829
binary,driver_mutation,BRCA,PIK3CA,FALSE,981,TRUE,Broad race,Missing,91,4,87,FALSE,demographic field missing,,,,,,,,
binary,driver_mutation,BRCA,PIK3CA,FALSE,981,TRUE,Broad race,Other recorded race,1,0,1,FALSE,fewer than 20 positive and 20 negative subgroup patients,,,,,,,,
binary,driver_mutation,BRCA,PIK3CA,FALSE,981,TRUE,Broad race,White,679,214,465,TRUE,performance estimated,,,,0.430841121495327,0.822365591397849,0.626603356446588,0.694587478645362,0.497306320023515
binary,driver_mutation,BRCA,PIK3CA,FALSE,981,TRUE,Recorded sex,FEMALE,970,263,707,TRUE,performance estimated,,,,0.396197718631179,0.854596888260255,0.625397303445717,0.71373930440301,0.457234676233023
binary,driver_mutation,BRCA,PIK3CA,FALSE,981,TRUE,Recorded sex,MALE,11,3,8,FALSE,fewer than 20 positive and 20 negative subgroup patients,,,,,,,,
binary,driver_mutation,BRCA,TP53,FALSE,981,TRUE,Broad race,Asian,59,28,31,TRUE,performance estimated,,,,0.671428571428572,0.825806451612903,0.748617511520737,0.848847926267281,0.803309881299955
binary,driver_mutation,BRCA,TP53,FALSE,981,TRUE,Broad race,Black or African American,151,62,89,TRUE,performance estimated,,,,0.645161290322581,0.793258426966292,0.719209858644437,0.819934758970642,0.760058385853974
binary,driver_mutation,BRCA,TP53,FALSE,981,TRUE,Broad race,Missing,91,4,87,FALSE,demographic field missing,,,,,,,,
binary,driver_mutation,BRCA,TP53,FALSE,981,TRUE,Broad race,Other recorded race,1,1,0,FALSE,fewer than 20 positive and 20 negative subgroup patients,,,,,,,,
binary,driver_mutation,BRCA,TP53,FALSE,981,TRUE,Broad race,White,679,164,515,TRUE,performance estimated,,,,0.567073170731707,0.90873786407767,0.737905517404689,0.817115794458915,0.596334205214646
binary,driver_mutation,BRCA,TP53,FALSE,981,TRUE,Recorded sex,FEMALE,970,259,711,TRUE,performance estimated,,,,0.590733590733591,0.894514767932489,0.74262417933304,0.834270074776404,0.635756927140055
binary,driver_mutation,BRCA,TP53,FALSE,981,TRUE,Recorded sex,MALE,11,0,11,FALSE,fewer than 20 positive and 20 negative subgroup patients,,,,,,,,
binary,driver_mutation,CESC,TP53,FALSE,252,TRUE,Broad race,Asian,18,2,16,FALSE,fewer than 20 positive and 20 negative subgroup patients,,,,,,,,
binary,driver_mutation,CESC,TP53,FALSE,252,TRUE,Broad race,Black or African American,26,3,23,FALSE,fewer than 20 positive subgroup patients,,,,,,,,
binary,driver_mutation,CESC,TP53,FALSE,252,TRUE,Broad race,Missing,34,2,32,FALSE,demographic field missing,,,,,,,,
binary,driver_mutation,CESC,TP53,FALSE,252,TRUE,Broad race,Other recorded race,5,0,5,FALSE,fewer than 20 positive and 20 negative subgroup patients,,,,,,,,
binary,driver_mutation,CESC,TP53,FALSE,252,TRUE,Broad race,White,169,14,155,FALSE,fewer than 20 positive subgroup patients,,,,,,,,
binary,driver_mutation,CESC,TP53,FALSE,252,TRUE,Recorded sex,FEMALE,252,21,231,TRUE,performance estimated,,,,0.333333333333333,0.946320346320346,0.63982683982684,0.712719027004741,0.287763558029431
binary,driver_mutation,COAD,KRAS,FALSE,382,TRUE,Broad race,Asian,11,4,7,FALSE,fewer than 20 positive and 20 negative subgroup patients,,,,,,,,
binary,driver_mutation,COAD,KRAS,FALSE,382,TRUE,Broad race,Black or African American,54,31,23,TRUE,performance estimated,,,,0.574193548387097,0.582608695652174,0.578401122019635,0.591584852734923,0.647341062816486
binary,driver_mutation,COAD,KRAS,FALSE,382,TRUE,Broad race,Missing,118,2,116,FALSE,demographic field missing,,,,,,,,
binary,driver_mutation,COAD,KRAS,FALSE,382,TRUE,Broad race,Other recorded race,1,0,1,FALSE,fewer than 20 positive and 20 negative subgroup patients,,,,,,,,
binary,driver_mutation,COAD,KRAS,FALSE,382,TRUE,Broad race,White,198,89,109,TRUE,performance estimated,,,,0.573033707865169,0.660550458715597,0.616792083290383,0.658117719822699,0.582368312391574
binary,driver_mutation,COAD,KRAS,FALSE,382,TRUE,Recorded sex,FEMALE,190,59,131,TRUE,performance estimated,,,,0.579661016949153,0.790839694656489,0.685250355802821,0.777176866347522,0.562809498959534
binary,driver_mutation,COAD,KRAS,FALSE,382,TRUE,Recorded sex,MALE,192,67,125,TRUE,performance estimated,,,,0.534328358208955,0.8112,0.672764179104478,0.742686567164179,0.566571469743034
binary,driver_mutation,COAD,TP53,FALSE,382,TRUE,Broad race,Asian,11,4,7,FALSE,fewer than 20 positive and 20 negative subgroup patients,,,,,,,,
binary,driver_mutation,COAD,TP53,FALSE,382,TRUE,Broad race,Black or African American,54,35,19,FALSE,fewer than 20 negative subgroup patients,,,,,,,,
binary,driver_mutation,COAD,TP53,FALSE,382,TRUE,Broad race,Missing,118,1,117,FALSE,demographic field missing,,,,,,,,
binary,driver_mutation,COAD,TP53,FALSE,382,TRUE,Broad race,Other recorded race,1,0,1,FALSE,fewer than 20 positive and 20 negative subgroup patients,,,,,,,,
binary,driver_mutation,COAD,TP53,FALSE,382,TRUE,Broad race,White,198,121,77,TRUE,performance estimated,,,,0.788429752066116,0.511688311688312,0.650059031877214,0.731394225609102,0.805687130070672
binary,driver_mutation,COAD,TP53,FALSE,382,TRUE,Recorded sex,FEMALE,190,74,116,TRUE,performance estimated,,,,0.775675675675676,0.763793103448276,0.769734389561976,0.835927306616962,0.748069390035143
binary,driver_mutation,COAD,TP53,FALSE,382,TRUE,Recorded sex,MALE,192,87,105,TRUE,performance estimated,,,,0.772413793103448,0.775238095238095,0.773825944170772,0.865024630541872,0.827346204963043
binary,driver_mutation,HNSC,NSD1,FALSE,431,TRUE,Broad race,Asian,8,0,8,FALSE,fewer than 20 positive and 20 negative subgroup patients,,,,,,,,
binary,driver_mutation,HNSC,NSD1,FALSE,431,TRUE,Broad race,Black or African American,42,5,37,FALSE,fewer than 20 positive subgroup patients,,,,,,,,
binary,driver_mutation,HNSC,NSD1,FALSE,431,TRUE,Broad race,Missing,13,1,12,FALSE,demographic field missing,,,,,,,,
binary,driver_mutation,HNSC,NSD1,FALSE,431,TRUE,Broad race,Other recorded race,2,0,2,FALSE,fewer than 20 positive and 20 negative subgroup patients,,,,,,,,
binary,driver_mutation,HNSC,NSD1,FALSE,431,TRUE,Broad race,White,366,45,321,TRUE,performance estimated,,,,0.324444444444444,0.934579439252336,0.629511941848391,0.737833160263067,0.365005445611777
binary,driver_mutation,HNSC,NSD1,FALSE,431,TRUE,Recorded sex,FEMALE,118,10,108,FALSE,fewer than 20 positive subgroup patients,,,,,,,,
binary,driver_mutation,HNSC,NSD1,FALSE,431,TRUE,Recorded sex,MALE,313,41,272,TRUE,performance estimated,,,,0.31219512195122,0.927941176470588,0.620068149210904,0.728604734576758,0.375106482900076
binary,driver_mutation,HNSC,TP53,FALSE,431,TRUE,Broad race,Asian,8,7,1,FALSE,fewer than 20 positive and 20 negative subgroup patients,,,,,,,,
binary,driver_mutation,HNSC,TP53,FALSE,431,TRUE,Broad race,Black or African American,42,35,7,FALSE,fewer than 20 negative subgroup patients,,,,,,,,
binary,driver_mutation,HNSC,TP53,FALSE,431,TRUE,Broad race,Missing,13,13,0,FALSE,demographic field missing,,,,,,,,
binary,driver_mutation,HNSC,TP53,FALSE,431,TRUE,Broad race,Other recorded race,2,2,0,FALSE,fewer than 20 positive and 20 negative subgroup patients,,,,,,,,
binary,driver_mutation,HNSC,TP53,FALSE,431,TRUE,Broad race,White,366,263,103,TRUE,performance estimated,,,,0.883650190114068,0.357281553398058,0.620465871756063,0.661500978256857,0.798936608630182
binary,driver_mutation,HNSC,TP53,FALSE,431,TRUE,Recorded sex,FEMALE,118,87,31,TRUE,performance estimated,,,,0.87816091954023,0.341935483870968,0.610048201705599,0.671486837226548,0.816024290622758
binary,driver_mutation,HNSC,TP53,FALSE,431,TRUE,Recorded sex,MALE,313,233,80,TRUE,performance estimated,,,,0.895278969957082,0.3725,0.633889484978541,0.669109442060086,0.828012160099486
binary,driver_mutation,KIRC,SETD2,FALSE,353,TRUE,Broad race,Asian,7,2,5,FALSE,fewer than 20 positive and 20 negative subgroup patients,,,,,,,,
binary,driver_mutation,KIRC,SETD2,FALSE,353,TRUE,Broad race,Black or African American,51,6,45,FALSE,fewer than 20 positive subgroup patients,,,,,,,,
binary,driver_mutation,KIRC,SETD2,FALSE,353,TRUE,Broad race,Missing,6,2,4,FALSE,demographic field missing,,,,,,,,
binary,driver_mutation,KIRC,SETD2,FALSE,353,TRUE,Broad race,White,289,37,252,TRUE,performance estimated,,,,0.248648648648649,0.901587301587302,0.575117975117975,0.633268983268983,0.216039741849823
binary,driver_mutation,KIRC,SETD2,FALSE,353,TRUE,Recorded sex,FEMALE,130,16,114,FALSE,fewer than 20 positive subgroup patients,,,,,,,,
binary,driver_mutation,KIRC,SETD2,FALSE,353,TRUE,Recorded sex,MALE,223,31,192,TRUE,performance estimated,,,,0.187096774193548,0.904166666666667,0.545631720430108,0.617674731182796,0.2231058772625
binary,driver_mutation,KIRC,VHL,FALSE,353,TRUE,Broad race,Asian,7,2,5,FALSE,fewer than 20 positive and 20 negative subgroup patients,,,,,,,,
binary,driver_mutation,KIRC,VHL,FALSE,353,TRUE,Broad race,Black or African American,51,12,39,FALSE,fewer than 20 positive subgroup patients,,,,,,,,
binary,driver_mutation,KIRC,VHL,FALSE,353,TRUE,Broad race,Missing,6,3,3,FALSE,demographic field missing,,,,,,,,
binary,driver_mutation,KIRC,VHL,FALSE,353,TRUE,Broad race,White,289,144,145,TRUE,performance estimated,,,,0.595833333333333,0.522758620689655,0.559295977011494,0.562308429118774,0.52679159301273
binary,driver_mutation,KIRC,VHL,FALSE,353,TRUE,Recorded sex,FEMALE,130,61,69,TRUE,performance estimated,,,,0.59672131147541,0.533333333333333,0.565027322404372,0.567498218104063,0.519159077441684
binary,driver_mutation,KIRC,VHL,FALSE,353,TRUE,Recorded sex,MALE,223,100,123,TRUE,performance estimated,,,,0.566,0.586991869918699,0.57649593495935,0.598650406504065,0.503819683718554
binary,driver_mutation,LGG,ATRX,FALSE,485,TRUE,Broad race,Asian,7,1,6,FALSE,fewer than 20 positive and 20 negative subgroup patients,,,,,,,,
binary,driver_mutation,LGG,ATRX,FALSE,485,TRUE,Broad race,Black or African American,20,8,12,FALSE,fewer than 20 positive and 20 negative subgroup patients,,,,,,,,
binary,driver_mutation,LGG,ATRX,FALSE,485,TRUE,Broad race,Missing,10,0,10,FALSE,demographic field missing,,,,,,,,
binary,driver_mutation,LGG,ATRX,FALSE,485,TRUE,Broad race,Other recorded race,1,0,1,FALSE,fewer than 20 positive and 20 negative subgroup patients,,,,,,,,
binary,driver_mutation,LGG,ATRX,FALSE,485,TRUE,Broad race,White,447,172,275,TRUE,performance estimated,,,,0.715116279069767,0.834181818181818,0.774649048625793,0.845940803382664,0.750143691101072
binary,driver_mutation,LGG,ATRX,FALSE,485,TRUE,Recorded sex,FEMALE,216,82,134,TRUE,performance estimated,,,,0.719512195121951,0.862686567164179,0.791099381143065,0.861721878412814,0.77506999236316
binary,driver_mutation,LGG,ATRX,FALSE,485,TRUE,Recorded sex,MALE,269,99,170,TRUE,performance estimated,,,,0.727272727272727,0.82,0.773636363636364,0.839857397504456,0.705284263291568
binary,driver_mutation,LGG,EGFR,FALSE,485,TRUE,Broad race,Asian,7,0,7,FALSE,fewer than 20 positive and 20 negative subgroup patients,,,,,,,,
binary,driver_mutation,LGG,EGFR,FALSE,485,TRUE,Broad race,Black or African American,20,3,17,FALSE,fewer than 20 positive and 20 negative subgroup patients,,,,,,,,
binary,driver_mutation,LGG,EGFR,FALSE,485,TRUE,Broad race,Missing,10,0,10,FALSE,demographic field missing,,,,,,,,
binary,driver_mutation,LGG,EGFR,FALSE,485,TRUE,Broad race,Other recorded race,1,0,1,FALSE,fewer than 20 positive and 20 negative subgroup patients,,,,,,,,
binary,driver_mutation,LGG,EGFR,FALSE,485,TRUE,Broad race,White,447,31,416,TRUE,performance estimated,,,,0.4,0.957211538461539,0.678605769230769,0.863399503722085,0.335491942775943
binary,driver_mutation,LGG,EGFR,FALSE,485,TRUE,Recorded sex,FEMALE,216,15,201,FALSE,fewer than 20 positive subgroup patients,,,,,,,,
binary,driver_mutation,LGG,EGFR,FALSE,485,TRUE,Recorded sex,MALE,269,19,250,FALSE,fewer than 20 positive subgroup patients,,,,,,,,
binary,driver_mutation,LGG,FUBP1,FALSE,485,TRUE,Broad race,Asian,7,0,7,FALSE,fewer than 20 positive and 20 negative subgroup patients,,,,,,,,
binary,driver_mutation,LGG,FUBP1,FALSE,485,TRUE,Broad race,Black or African American,20,2,18,FALSE,fewer than 20 positive and 20 negative subgroup patients,,,,,,,,
binary,driver_mutation,LGG,FUBP1,FALSE,485,TRUE,Broad race,Missing,10,2,8,FALSE,demographic field missing,,,,,,,,
binary,driver_mutation,LGG,FUBP1,FALSE,485,TRUE,Broad race,Other recorded race,1,0,1,FALSE,fewer than 20 positive and 20 negative subgroup patients,,,,,,,,
binary,driver_mutation,LGG,FUBP1,FALSE,485,TRUE,Broad race,White,447,40,407,TRUE,performance estimated,,,,0.315,0.924324324324324,0.619662162162162,0.761535626535627,0.238844508170248
binary,driver_mutation,LGG,FUBP1,FALSE,485,TRUE,Recorded sex,FEMALE,216,15,201,FALSE,fewer than 20 positive subgroup patients,,,,,,,,
binary,driver_mutation,LGG,FUBP1,FALSE,485,TRUE,Recorded sex,MALE,269,29,240,TRUE,performance estimated,,,,0.296551724137931,0.935833333333333,0.616192528735632,0.756436781609195,0.30279879066294
binary,driver_mutation,LGG,PTEN,FALSE,485,TRUE,Broad race,Asian,7,0,7,FALSE,fewer than 20 positive and 20 negative subgroup patients,,,,,,,,
binary,driver_mutation,LGG,PTEN,FALSE,485,TRUE,Broad race,Black or African American,20,3,17,FALSE,fewer than 20 positive and 20 negative subgroup patients,,,,,,,,
binary,driver_mutation,LGG,PTEN,FALSE,485,TRUE,Broad race,Missing,10,0,10,FALSE,demographic field missing,,,,,,,,
binary,driver_mutation,LGG,PTEN,FALSE,485,TRUE,Broad race,Other recorded race,1,0,1,FALSE,fewer than 20 positive and 20 negative subgroup patients,,,,,,,,
binary,driver_mutation,LGG,PTEN,FALSE,485,TRUE,Broad race,White,447,20,427,TRUE,performance estimated,,,,0.24,0.972833723653396,0.606416861826698,0.722060889929742,0.199397977124832
binary,driver_mutation,LGG,PTEN,FALSE,485,TRUE,Recorded sex,FEMALE,216,9,207,FALSE,fewer than 20 positive subgroup patients,,,,,,,,
binary,driver_mutation,LGG,PTEN,FALSE,485,TRUE,Recorded sex,MALE,269,14,255,FALSE,fewer than 20 positive subgroup patients,,,,,,,,
binary,driver_mutation,LIHC,BAP1,FALSE,350,TRUE,Broad race,Asian,157,5,152,FALSE,fewer than 20 positive subgroup patients,,,,,,,,
binary,driver_mutation,LIHC,BAP1,FALSE,350,TRUE,Broad race,Black or African American,13,0,13,FALSE,fewer than 20 positive and 20 negative subgroup patients,,,,,,,,
binary,driver_mutation,LIHC,BAP1,FALSE,350,TRUE,Broad race,Missing,8,0,8,FALSE,demographic field missing,,,,,,,,
binary,driver_mutation,LIHC,BAP1,FALSE,350,TRUE,Broad race,Other recorded race,1,0,1,FALSE,fewer than 20 positive and 20 negative subgroup patients,,,,,,,,
binary,driver_mutation,LIHC,BAP1,FALSE,350,TRUE,Broad race,White,171,15,156,FALSE,fewer than 20 positive subgroup patients,,,,,,,,
binary,driver_mutation,LIHC,BAP1,FALSE,350,TRUE,Recorded sex,FEMALE,116,16,100,FALSE,fewer than 20 positive subgroup patients,,,,,,,,
binary,driver_mutation,LIHC,BAP1,FALSE,350,TRUE,Recorded sex,MALE,234,4,230,FALSE,fewer than 20 positive subgroup patients,,,,,,,,
binary,driver_mutation,LIHC,CTNNB1,FALSE,350,TRUE,Broad race,Asian,157,41,116,TRUE,performance estimated,,,,0.468292682926829,0.85,0.659146341463415,0.747560975609756,0.526342982782654
binary,driver_mutation,LIHC,CTNNB1,FALSE,350,TRUE,Broad race,Black or African American,13,5,8,FALSE,fewer than 20 positive and 20 negative subgroup patients,,,,,,,,
binary,driver_mutation,LIHC,CTNNB1,FALSE,350,TRUE,Broad race,Missing,8,2,6,FALSE,demographic field missing,,,,,,,,
binary,driver_mutation,LIHC,CTNNB1,FALSE,350,TRUE,Broad race,Other recorded race,1,0,1,FALSE,fewer than 20 positive and 20 negative subgroup patients,,,,,,,,
binary,driver_mutation,LIHC,CTNNB1,FALSE,350,TRUE,Broad race,White,171,45,126,TRUE,performance estimated,,,,0.524444444444444,0.822222222222222,0.673333333333333,0.743456790123457,0.49676684492609
binary,driver_mutation,LIHC,CTNNB1,FALSE,350,TRUE,Recorded sex,FEMALE,116,13,103,FALSE,fewer than 20 positive subgroup patients,,,,,,,,
binary,driver_mutation,LIHC,CTNNB1,FALSE,350,TRUE,Recorded sex,MALE,234,80,154,TRUE,performance estimated,,,,0.4925,0.796103896103896,0.644301948051948,0.705454545454546,0.547293829135741
binary,driver_mutation,LIHC,TP53,FALSE,350,TRUE,Broad race,Asian,157,57,100,TRUE,performance estimated,,,,0.396491228070175,0.838,0.617245614035088,0.683719298245614,0.567836406382745
binary,driver_mutation,LIHC,TP53,FALSE,350,TRUE,Broad race,Black or African American,13,10,3,FALSE,fewer than 20 positive and 20 negative subgroup patients,,,,,,,,
binary,driver_mutation,LIHC,TP53,FALSE,350,TRUE,Broad race,Missing,8,2,6,FALSE,demographic field missing,,,,,,,,
binary,driver_mutation,LIHC,TP53,FALSE,350,TRUE,Broad race,Other recorded race,1,0,1,FALSE,fewer than 20 positive and 20 negative subgroup patients,,,,,,,,
binary,driver_mutation,LIHC,TP53,FALSE,350,TRUE,Broad race,White,171,38,133,TRUE,performance estimated,,,,0.352631578947368,0.908270676691729,0.630451127819549,0.714562722595964,0.475760023945985
binary,driver_mutation,LIHC,TP53,FALSE,350,TRUE,Recorded sex,FEMALE,116,22,94,TRUE,performance estimated,,,,0.372727272727273,0.85531914893617,0.614023210831721,0.691682785299807,0.361882941135273
binary,driver_mutation,LIHC,TP53,FALSE,350,TRUE,Recorded sex,MALE,234,85,149,TRUE,performance estimated,,,,0.343529411764706,0.89261744966443,0.618073430714568,0.699423608369522,0.598135016742844
binary,driver_mutation,LUAD,TP53,FALSE,463,TRUE,Broad race,Asian,8,4,4,FALSE,fewer than 20 positive and 20 negative subgroup patients,,,,,,,,
binary,driver_mutation,LUAD,TP53,FALSE,463,TRUE,Broad race,Black or African American,50,33,17,FALSE,fewer than 20 negative subgroup patients,,,,,,,,
binary,driver_mutation,LUAD,TP53,FALSE,463,TRUE,Broad race,Missing,54,26,28,FALSE,demographic field missing,,,,,,,,
binary,driver_mutation,LUAD,TP53,FALSE,463,TRUE,Broad race,Other recorded race,1,0,1,FALSE,fewer than 20 positive and 20 negative subgroup patients,,,,,,,,
binary,driver_mutation,LUAD,TP53,FALSE,463,TRUE,Broad race,White,350,171,179,TRUE,performance estimated,,,,0.733333333333333,0.66927374301676,0.701303538175046,0.762527361233624,0.713486199757667
binary,driver_mutation,LUAD,TP53,FALSE,463,TRUE,Recorded sex,FEMALE,251,124,127,TRUE,performance estimated,,,,0.740322580645161,0.623622047244095,0.681972313944628,0.722872745745492,0.666055232823224
binary,driver_mutation,LUAD,TP53,FALSE,463,TRUE,Recorded sex,MALE,212,110,102,TRUE,performance estimated,,,,0.745454545454546,0.717647058823529,0.731550802139037,0.804224598930481,0.789209267506955
binary,driver_mutation,OV,TP53,FALSE,72,FALSE,Broad race,Asian,2,1,1,FALSE,model has fewer than 200 outcome-labelled patients,,,,,,,,
binary,driver_mutation,OV,TP53,FALSE,72,FALSE,Broad race,Black or African American,10,8,2,FALSE,model has fewer than 200 outcome-labelled patients,,,,,,,,
binary,driver_mutation,OV,TP53,FALSE,72,FALSE,Broad race,Missing,2,0,2,FALSE,model has fewer than 200 outcome-labelled patients,,,,,,,,
binary,driver_mutation,OV,TP53,FALSE,72,FALSE,Broad race,Other recorded race,3,1,2,FALSE,model has fewer than 200 outcome-labelled patients,,,,,,,,
binary,driver_mutation,OV,TP53,FALSE,72,FALSE,Broad race,White,55,12,43,FALSE,model has fewer than 200 outcome-labelled patients,,,,,,,,
binary,driver_mutation,OV,TP53,FALSE,72,FALSE,Recorded sex,FEMALE,72,22,50,FALSE,model has fewer than 200 outcome-labelled patients,,,,,,,,
binary,driver_mutation,PAAD,TP53,FALSE,175,FALSE,Broad race,Asian,11,7,4,FALSE,model has fewer than 200 outcome-labelled patients,,,,,,,,
binary,driver_mutation,PAAD,TP53,FALSE,175,FALSE,Broad race,Black or African American,7,4,3,FALSE,model has fewer than 200 outcome-labelled patients,,,,,,,,
binary,driver_mutation,PAAD,TP53,FALSE,175,FALSE,Broad race,Missing,5,5,0,FALSE,model has fewer than 200 outcome-labelled patients,,,,,,,,
binary,driver_mutation,PAAD,TP53,FALSE,175,FALSE,Broad race,White,152,90,62,FALSE,model has fewer than 200 outcome-labelled patients,,,,,,,,
binary,driver_mutation,PAAD,TP53,FALSE,175,FALSE,Recorded sex,FEMALE,78,46,32,FALSE,model has fewer than 200 outcome-labelled patients,,,,,,,,
binary,driver_mutation,PAAD,TP53,FALSE,175,FALSE,Recorded sex,MALE,97,60,37,FALSE,model has fewer than 200 outcome-labelled patients,,,,,,,,
binary,driver_mutation,SKCM,BRAF,FALSE,98,FALSE,Broad race,Asian,7,1,6,FALSE,model has fewer than 200 outcome-labelled patients,,,,,,,,
binary,driver_mutation,SKCM,BRAF,FALSE,98,FALSE,Broad race,Missing,2,2,0,FALSE,model has fewer than 200 outcome-labelled patients,,,,,,,,
binary,driver_mutation,SKCM,BRAF,FALSE,98,FALSE,Broad race,White,89,49,40,FALSE,model has fewer than 200 outcome-labelled patients,,,,,,,,
binary,driver_mutation,SKCM,BRAF,FALSE,98,FALSE,Recorded sex,FEMALE,41,19,22,FALSE,model has fewer than 200 outcome-labelled patients,,,,,,,,
binary,driver_mutation,SKCM,BRAF,FALSE,98,FALSE,Recorded sex,MALE,57,33,24,FALSE,model has fewer than 200 outcome-labelled patients,,,,,,,,
binary,driver_mutation,STAD,ARID1A,FALSE,371,TRUE,Broad race,Asian,83,18,65,FALSE,fewer than 20 positive subgroup patients,,,,,,,,
binary,driver_mutation,STAD,ARID1A,FALSE,371,TRUE,Broad race,Black or African American,13,5,8,FALSE,fewer than 20 positive and 20 negative subgroup patients,,,,,,,,
binary,driver_mutation,STAD,ARID1A,FALSE,371,TRUE,Broad race,Missing,42,12,30,FALSE,demographic field missing,,,,,,,,
binary,driver_mutation,STAD,ARID1A,FALSE,371,TRUE,Broad race,Other recorded race,1,0,1,FALSE,fewer than 20 positive and 20 negative subgroup patients,,,,,,,,
binary,driver_mutation,STAD,ARID1A,FALSE,371,TRUE,Broad race,White,232,56,176,TRUE,performance estimated,,,,0.346428571428571,0.8375,0.591964285714286,0.619257305194805,0.380253532958541
binary,driver_mutation,STAD,ARID1A,FALSE,371,TRUE,Recorded sex,FEMALE,128,34,94,TRUE,performance estimated,,,,0.294117647058824,0.819148936170213,0.556633291614518,0.587046307884856,0.356754757112537
binary,driver_mutation,STAD,ARID1A,FALSE,371,TRUE,Recorded sex,MALE,243,57,186,TRUE,performance estimated,,,,0.326315789473684,0.858064516129032,0.592190152801358,0.618222976796831,0.389129926160657
binary,driver_mutation,STAD,PIK3CA,FALSE,371,TRUE,Broad race,Asian,83,14,69,FALSE,fewer than 20 positive subgroup patients,,,,,,,,
binary,driver_mutation,STAD,PIK3CA,FALSE,371,TRUE,Broad race,Black or African American,13,1,12,FALSE,fewer than 20 positive and 20 negative subgroup patients,,,,,,,,
binary,driver_mutation,STAD,PIK3CA,FALSE,371,TRUE,Broad race,Missing,42,8,34,FALSE,demographic field missing,,,,,,,,
binary,driver_mutation,STAD,PIK3CA,FALSE,371,TRUE,Broad race,Other recorded race,1,0,1,FALSE,fewer than 20 positive and 20 negative subgroup patients,,,,,,,,
binary,driver_mutation,STAD,PIK3CA,FALSE,371,TRUE,Broad race,White,232,35,197,TRUE,performance estimated,,,,0.32,0.891370558375635,0.605685279187817,0.723683828861494,0.293049769007943
binary,driver_mutation,STAD,PIK3CA,FALSE,371,TRUE,Recorded sex,FEMALE,128,16,112,FALSE,fewer than 20 positive subgroup patients,,,,,,,,
binary,driver_mutation,STAD,PIK3CA,FALSE,371,TRUE,Recorded sex,MALE,243,42,201,TRUE,performance estimated,,,,0.4,0.924378109452736,0.662189054726368,0.782587064676617,0.444651491443327
binary,driver_mutation,STAD,TP53,FALSE,371,TRUE,Broad race,Asian,83,41,42,TRUE,performance estimated,,,,0.536585365853659,0.728571428571429,0.632578397212544,0.704529616724739,0.680488571548917
binary,driver_mutation,STAD,TP53,FALSE,371,TRUE,Broad race,Black or African American,13,8,5,FALSE,fewer than 20 positive and 20 negative subgroup patients,,,,,,,,
binary,driver_mutation,STAD,TP53,FALSE,371,TRUE,Broad race,Missing,42,19,23,FALSE,demographic field missing,,,,,,,,
binary,driver_mutation,STAD,TP53,FALSE,371,TRUE,Broad race,Other recorded race,1,0,1,FALSE,fewer than 20 positive and 20 negative subgroup patients,,,,,,,,
binary,driver_mutation,STAD,TP53,FALSE,371,TRUE,Broad race,White,232,111,121,TRUE,performance estimated,,,,0.664864864864865,0.710743801652893,0.687804333258879,0.754359317995682,0.713071086120374
binary,driver_mutation,STAD,TP53,FALSE,371,TRUE,Recorded sex,FEMALE,128,61,67,TRUE,performance estimated,,,,0.60327868852459,0.737313432835821,0.670296060680206,0.751309028627355,0.726533780818569
binary,driver_mutation,STAD,TP53,FALSE,371,TRUE,Recorded sex,MALE,243,118,125,TRUE,performance estimated,,,,0.672881355932203,0.6736,0.673240677966102,0.727186440677966,0.663020047895069
binary,driver_mutation,THCA,NRAS,FALSE,490,TRUE,Broad race,Asian,51,1,50,FALSE,fewer than 20 positive subgroup patients,,,,,,,,
binary,driver_mutation,THCA,NRAS,FALSE,490,TRUE,Broad race,Black or African American,26,1,25,FALSE,fewer than 20 positive subgroup patients,,,,,,,,
binary,driver_mutation,THCA,NRAS,FALSE,490,TRUE,Broad race,Missing,92,15,77,FALSE,demographic field missing,,,,,,,,
binary,driver_mutation,THCA,NRAS,FALSE,490,TRUE,Broad race,Other recorded race,1,0,1,FALSE,fewer than 20 positive and 20 negative subgroup patients,,,,,,,,
binary,driver_mutation,THCA,NRAS,FALSE,490,TRUE,Broad race,White,320,22,298,TRUE,performance estimated,,,,0.272727272727273,0.969798657718121,0.621262965222697,0.795637583892618,0.338311681368026
binary,driver_mutation,THCA,NRAS,FALSE,490,TRUE,Recorded sex,FEMALE,361,28,333,TRUE,performance estimated,,,,0.321428571428571,0.962762762762763,0.642095667095667,0.777069927069927,0.353859231818005
binary,driver_mutation,THCA,NRAS,FALSE,490,TRUE,Recorded sex,MALE,129,11,118,FALSE,fewer than 20 positive subgroup patients,,,,,,,,
binary,driver_mutation,UCEC,ARID1A,FALSE,487,TRUE,Broad race,Asian,19,7,12,FALSE,fewer than 20 positive and 20 negative subgroup patients,,,,,,,,
binary,driver_mutation,UCEC,ARID1A,FALSE,487,TRUE,Broad race,Black or African American,98,29,69,TRUE,performance estimated,,,,0.393103448275862,0.852173913043478,0.62263868065967,0.704147926036982,0.496921009070668
binary,driver_mutation,UCEC,ARID1A,FALSE,487,TRUE,Broad race,Missing,29,12,17,FALSE,demographic field missing,,,,,,,,
binary,driver_mutation,UCEC,ARID1A,FALSE,487,TRUE,Broad race,Other recorded race,11,3,8,FALSE,fewer than 20 positive and 20 negative subgroup patients,,,,,,,,
binary,driver_mutation,UCEC,ARID1A,FALSE,487,TRUE,Broad race,White,330,125,205,TRUE,performance estimated,,,,0.5056,0.779512195121951,0.642556097560976,0.71622243902439,0.580900045447245
binary,driver_mutation,UCEC,ARID1A,FALSE,487,TRUE,Recorded sex,FEMALE,487,176,311,TRUE,performance estimated,,,,0.501136363636364,0.783279742765273,0.642208053200818,0.719734726688103,0.578342908628648
binary,driver_mutation,UCEC,ATM,FALSE,487,TRUE,Broad race,Asian,19,5,14,FALSE,fewer than 20 positive and 20 negative subgroup patients,,,,,,,,
binary,driver_mutation,UCEC,ATM,FALSE,487,TRUE,Broad race,Black or African American,98,16,82,FALSE,fewer than 20 positive subgroup patients,,,,,,,,
binary,driver_mutation,UCEC,ATM,FALSE,487,TRUE,Broad race,Missing,29,10,19,FALSE,demographic field missing,,,,,,,,
binary,driver_mutation,UCEC,ATM,FALSE,487,TRUE,Broad race,Other recorded race,11,3,8,FALSE,fewer than 20 positive and 20 negative subgroup patients,,,,,,,,
binary,driver_mutation,UCEC,ATM,FALSE,487,TRUE,Broad race,White,330,40,290,TRUE,performance estimated,,,,0.185,0.931724137931035,0.558362068965517,0.685034482758621,0.235723597662336
binary,driver_mutation,UCEC,ATM,FALSE,487,TRUE,Recorded sex,FEMALE,487,74,413,TRUE,performance estimated,,,,0.297297297297297,0.925423728813559,0.611360513055428,0.712996531640599,0.358493642383757
binary,driver_mutation,UCEC,CTNNB1,FALSE,487,TRUE,Broad race,Asian,19,4,15,FALSE,fewer than 20 positive and 20 negative subgroup patients,,,,,,,,
binary,driver_mutation,UCEC,CTNNB1,FALSE,487,TRUE,Broad race,Black or African American,98,16,82,FALSE,fewer than 20 positive subgroup patients,,,,,,,,
binary,driver_mutation,UCEC,CTNNB1,FALSE,487,TRUE,Broad race,Missing,29,5,24,FALSE,demographic field missing,,,,,,,,
binary,driver_mutation,UCEC,CTNNB1,FALSE,487,TRUE,Broad race,Other recorded race,11,5,6,FALSE,fewer than 20 positive and 20 negative subgroup patients,,,,,,,,
binary,driver_mutation,UCEC,CTNNB1,FALSE,487,TRUE,Broad race,White,330,67,263,TRUE,performance estimated,,,,0.355223880597015,0.857034220532319,0.606129050564667,0.659996594971909,0.34603282572993
binary,driver_mutation,UCEC,CTNNB1,FALSE,487,TRUE,Recorded sex,FEMALE,487,97,390,TRUE,performance estimated,,,,0.364948453608247,0.852820512820513,0.60888448321438,0.670806238435104,0.337426461286842
binary,driver_mutation,UCEC,PTEN,FALSE,487,TRUE,Broad race,Asian,19,11,8,FALSE,fewer than 20 positive and 20 negative subgroup patients,,,,,,,,
binary,driver_mutation,UCEC,PTEN,FALSE,487,TRUE,Broad race,Black or African American,98,42,56,TRUE,performance estimated,,,,0.742857142857143,0.735714285714286,0.739285714285714,0.831122448979592,0.804966607133695
binary,driver_mutation,UCEC,PTEN,FALSE,487,TRUE,Broad race,Missing,29,18,11,FALSE,demographic field missing,,,,,,,,
binary,driver_mutation,UCEC,PTEN,FALSE,487,TRUE,Broad race,Other recorded race,11,7,4,FALSE,fewer than 20 positive and 20 negative subgroup patients,,,,,,,,
binary,driver_mutation,UCEC,PTEN,FALSE,487,TRUE,Broad race,White,330,183,147,TRUE,performance estimated,,,,0.784699453551913,0.634013605442177,0.709356529497045,0.771227835396454,0.759941919288188
binary,driver_mutation,UCEC,PTEN,FALSE,487,TRUE,Recorded sex,FEMALE,487,261,226,TRUE,performance estimated,,,,0.787739463601533,0.674336283185841,0.731037873393687,0.801135862747093,0.78831297872802
binary,driver_mutation,UCEC,TP53,FALSE,487,TRUE,Broad race,Asian,19,4,15,FALSE,fewer than 20 positive and 20 negative subgroup patients,,,,,,,,
binary,driver_mutation,UCEC,TP53,FALSE,487,TRUE,Broad race,Black or African American,98,42,56,TRUE,performance estimated,,,,0.680952380952381,0.810714285714286,0.745833333333333,0.797789115646259,0.721987842655414
binary,driver_mutation,UCEC,TP53,FALSE,487,TRUE,Broad race,Missing,29,15,14,FALSE,demographic field missing,,,,,,,,
binary,driver_mutation,UCEC,TP53,FALSE,487,TRUE,Broad race,Other recorded race,11,3,8,FALSE,fewer than 20 positive and 20 negative subgroup patients,,,,,,,,
binary,driver_mutation,UCEC,TP53,FALSE,487,TRUE,Broad race,White,330,91,239,TRUE,performance estimated,,,,0.558241758241758,0.891213389121339,0.724727573681549,0.818152558738333,0.675889368607985
binary,driver_mutation,UCEC,TP53,FALSE,487,TRUE,Recorded sex,FEMALE,487,155,332,TRUE,performance estimated,,,,0.603870967741936,0.874698795180723,0.739284881461329,0.820680139914497,0.699076202295811
binary,driver_mutation,UVM,GNA11,FALSE,80,FALSE,Broad race,Missing,25,10,15,FALSE,model has fewer than 200 outcome-labelled patients,,,,,,,,
binary,driver_mutation,UVM,GNA11,FALSE,80,FALSE,Broad race,White,55,26,29,FALSE,model has fewer than 200 outcome-labelled patients,,,,,,,,
binary,driver_mutation,UVM,GNA11,FALSE,80,FALSE,Recorded sex,FEMALE,35,17,18,FALSE,model has fewer than 200 outcome-labelled patients,,,,,,,,
binary,driver_mutation,UVM,GNA11,FALSE,80,FALSE,Recorded sex,MALE,45,19,26,FALSE,model has fewer than 200 outcome-labelled patients,,,,,,,,
binary,fusion,LGG,Any called fusion,FALSE,487,TRUE,Broad race,Asian,7,3,4,FALSE,fewer than 20 positive and 20 negative subgroup patients,,,,,,,,
binary,fusion,LGG,Any called fusion,FALSE,487,TRUE,Broad race,Black or African American,20,11,9,FALSE,fewer than 20 positive and 20 negative subgroup patients,,,,,,,,
binary,fusion,LGG,Any called fusion,FALSE,487,TRUE,Broad race,Missing,11,3,8,FALSE,demographic field missing,,,,,,,,
binary,fusion,LGG,Any called fusion,FALSE,487,TRUE,Broad race,Other recorded race,1,1,0,FALSE,fewer than 20 positive and 20 negative subgroup patients,,,,,,,,
binary,fusion,LGG,Any called fusion,FALSE,487,TRUE,Broad race,White,448,218,230,TRUE,performance estimated,,,,0.675229357798165,0.749565217391304,0.712397287594735,0.775133625847627,0.752068292575009
binary,fusion,LGG,Any called fusion,FALSE,487,TRUE,Recorded sex,FEMALE,215,106,109,TRUE,performance estimated,,,,0.649056603773585,0.737614678899083,0.693335641336334,0.745109918642894,0.719251237716787
binary,fusion,LGG,Any called fusion,FALSE,487,TRUE,Recorded sex,MALE,271,130,141,TRUE,performance estimated,,,,0.684615384615385,0.747517730496454,0.716066557555919,0.77632296781233,0.757426723965035
binary,fusion,LGG,Any called fusion,FALSE,487,TRUE,Recorded sex,Missing,1,0,1,FALSE,demographic field missing,,,,,,,,
binary,fusion,PRAD,Fusion pair: TMPRSS2--ERG,FALSE,400,TRUE,Broad race,Asian,2,2,0,FALSE,fewer than 20 positive and 20 negative subgroup patients,,,,,,,,
binary,fusion,PRAD,Fusion pair: TMPRSS2--ERG,FALSE,400,TRUE,Broad race,Black or African American,7,2,5,FALSE,fewer than 20 positive and 20 negative subgroup patients,,,,,,,,
binary,fusion,PRAD,Fusion pair: TMPRSS2--ERG,FALSE,400,TRUE,Broad race,Missing,254,87,167,FALSE,demographic field missing,,,,,,,,
binary,fusion,PRAD,Fusion pair: TMPRSS2--ERG,FALSE,400,TRUE,Broad race,White,137,68,69,TRUE,performance estimated,,,,0.55,0.678260869565217,0.614130434782609,0.637425404944587,0.595795723313239
binary,fusion,PRAD,Fusion pair: TMPRSS2--ERG,FALSE,400,TRUE,Recorded sex,MALE,400,159,241,TRUE,performance estimated,,,,0.563522012578616,0.721991701244813,0.642756856911715,0.693875101124768,0.557560395712119
binary,fusion,SARC,Any called fusion,FALSE,252,TRUE,Broad race,Asian,6,4,2,FALSE,fewer than 20 positive and 20 negative subgroup patients,,,,,,,,
binary,fusion,SARC,Any called fusion,FALSE,252,TRUE,Broad race,Black or African American,18,17,1,FALSE,fewer than 20 positive and 20 negative subgroup patients,,,,,,,,
binary,fusion,SARC,Any called fusion,FALSE,252,TRUE,Broad race,Missing,9,7,2,FALSE,demographic field missing,,,,,,,,
binary,fusion,SARC,Any called fusion,FALSE,252,TRUE,Broad race,White,219,188,31,TRUE,performance estimated,,,,0.882978723404255,0.309677419354839,0.596328071379547,0.653568977350721,0.909998840161976
binary,fusion,SARC,Any called fusion,FALSE,252,TRUE,Recorded sex,FEMALE,137,120,17,FALSE,fewer than 20 negative subgroup patients,,,,,,,,
binary,fusion,SARC,Any called fusion,FALSE,252,TRUE,Recorded sex,MALE,115,96,19,FALSE,fewer than 20 negative subgroup patients,,,,,,,,
binary,fusion,THCA,Any called fusion,FALSE,502,TRUE,Broad race,Asian,51,17,34,FALSE,fewer than 20 positive subgroup patients,,,,,,,,
binary,fusion,THCA,Any called fusion,FALSE,502,TRUE,Broad race,Black or African American,27,9,18,FALSE,fewer than 20 positive and 20 negative subgroup patients,,,,,,,,
binary,fusion,THCA,Any called fusion,FALSE,502,TRUE,Broad race,Missing,92,26,66,FALSE,demographic field missing,,,,,,,,
binary,fusion,THCA,Any called fusion,FALSE,502,TRUE,Broad race,Other recorded race,1,0,1,FALSE,fewer than 20 positive and 20 negative subgroup patients,,,,,,,,
binary,fusion,THCA,Any called fusion,FALSE,502,TRUE,Broad race,White,331,86,245,TRUE,performance estimated,,,,0.383720930232558,0.844081632653061,0.61390128144281,0.654874228761272,0.422340860100592
binary,fusion,THCA,Any called fusion,FALSE,502,TRUE,Recorded sex,FEMALE,366,100,266,TRUE,performance estimated,,,,0.434,0.845864661654135,0.639932330827068,0.677624060150376,0.469182485702825
binary,fusion,THCA,Any called fusion,FALSE,502,TRUE,Recorded sex,MALE,136,38,98,TRUE,performance estimated,,,,0.415789473684211,0.853061224489796,0.634425349087003,0.667937701396348,0.459969219629626
binary,fusion,THCA,Fusion pair: CCDC6--RET,FALSE,502,TRUE,Broad race,Asian,51,5,46,FALSE,fewer than 20 positive subgroup patients,,,,,,,,
binary,fusion,THCA,Fusion pair: CCDC6--RET,FALSE,502,TRUE,Broad race,Black or African American,27,1,26,FALSE,fewer than 20 positive subgroup patients,,,,,,,,
binary,fusion,THCA,Fusion pair: CCDC6--RET,FALSE,502,TRUE,Broad race,Missing,92,1,91,FALSE,demographic field missing,,,,,,,,
binary,fusion,THCA,Fusion pair: CCDC6--RET,FALSE,502,TRUE,Broad race,Other recorded race,1,0,1,FALSE,fewer than 20 positive and 20 negative subgroup patients,,,,,,,,
binary,fusion,THCA,Fusion pair: CCDC6--RET,FALSE,502,TRUE,Broad race,White,331,14,317,FALSE,fewer than 20 positive subgroup patients,,,,,,,,
binary,fusion,THCA,Fusion pair: CCDC6--RET,FALSE,502,TRUE,Recorded sex,FEMALE,366,15,351,FALSE,fewer than 20 positive subgroup patients,,,,,,,,
binary,fusion,THCA,Fusion pair: CCDC6--RET,FALSE,502,TRUE,Recorded sex,MALE,136,6,130,FALSE,fewer than 20 positive subgroup patients,,,,,,,,
binary,microsatellite_instability,COAD,MSI-H (MANTIS >0.4),FALSE,391,TRUE,Broad race,Asian,11,1,10,FALSE,fewer than 20 positive and 20 negative subgroup patients,,,,,,,,
binary,microsatellite_instability,COAD,MSI-H (MANTIS >0.4),FALSE,391,TRUE,Broad race,Black or African American,56,10,46,FALSE,fewer than 20 positive subgroup patients,,,,,,,,
binary,microsatellite_instability,COAD,MSI-H (MANTIS >0.4),FALSE,391,TRUE,Broad race,Missing,123,18,105,FALSE,demographic field missing,,,,,,,,
binary,microsatellite_instability,COAD,MSI-H (MANTIS >0.4),FALSE,391,TRUE,Broad race,Other recorded race,1,0,1,FALSE,fewer than 20 positive and 20 negative subgroup patients,,,,,,,,
binary,microsatellite_instability,COAD,MSI-H (MANTIS >0.4),FALSE,391,TRUE,Broad race,White,200,45,155,TRUE,performance estimated,,,,0.56,0.939354838709678,0.749677419354839,0.827670250896058,0.694845898025869
binary,microsatellite_instability,COAD,MSI-H (MANTIS >0.4),FALSE,391,TRUE,Recorded sex,FEMALE,195,45,150,TRUE,performance estimated,,,,0.6,0.934666666666667,0.767333333333333,0.8736,0.721508893976413
binary,microsatellite_instability,COAD,MSI-H (MANTIS >0.4),FALSE,391,TRUE,Recorded sex,MALE,195,29,166,TRUE,performance estimated,,,,0.4,0.939759036144578,0.669879518072289,0.744869131699211,0.498816177143525
binary,microsatellite_instability,COAD,MSI-H (MANTIS >0.4),FALSE,391,TRUE,Recorded sex,Missing,1,0,1,FALSE,demographic field missing,,,,,,,,
binary,microsatellite_instability,STAD,MSI-H (MANTIS >0.4),FALSE,371,TRUE,Broad race,Asian,83,12,71,FALSE,fewer than 20 positive subgroup patients,,,,,,,,
binary,microsatellite_instability,STAD,MSI-H (MANTIS >0.4),FALSE,371,TRUE,Broad race,Black or African American,13,2,11,FALSE,fewer than 20 positive and 20 negative subgroup patients,,,,,,,,
binary,microsatellite_instability,STAD,MSI-H (MANTIS >0.4),FALSE,371,TRUE,Broad race,Missing,40,10,30,FALSE,demographic field missing,,,,,,,,
binary,microsatellite_instability,STAD,MSI-H (MANTIS >0.4),FALSE,371,TRUE,Broad race,Other recorded race,1,0,1,FALSE,fewer than 20 positive and 20 negative subgroup patients,,,,,,,,
binary,microsatellite_instability,STAD,MSI-H (MANTIS >0.4),FALSE,371,TRUE,Broad race,White,234,39,195,TRUE,performance estimated,,,,0.58974358974359,0.900512820512821,0.745128205128205,0.865746219592374,0.544680045358085
binary,microsatellite_instability,STAD,MSI-H (MANTIS >0.4),FALSE,371,TRUE,Recorded sex,FEMALE,127,30,97,TRUE,performance estimated,,,,0.6,0.919587628865979,0.75979381443299,0.871890034364261,0.679383448922965
binary,microsatellite_instability,STAD,MSI-H (MANTIS >0.4),FALSE,371,TRUE,Recorded sex,MALE,244,33,211,TRUE,performance estimated,,,,0.521212121212121,0.904265402843602,0.712738762027862,0.836535975872469,0.468149120191487
binary,microsatellite_instability,UCEC,MSI-H (MANTIS >0.4),FALSE,487,TRUE,Broad race,Asian,19,5,14,FALSE,fewer than 20 positive and 20 negative subgroup patients,,,,,,,,
binary,microsatellite_instability,UCEC,MSI-H (MANTIS >0.4),FALSE,487,TRUE,Broad race,Black or African American,100,27,73,TRUE,performance estimated,,,,0.474074074074074,0.843835616438356,0.658954845256215,0.755454084221207,0.503052457750661
binary,microsatellite_instability,UCEC,MSI-H (MANTIS >0.4),FALSE,487,TRUE,Broad race,Missing,30,9,21,FALSE,demographic field missing,,,,,,,,
binary,microsatellite_instability,UCEC,MSI-H (MANTIS >0.4),FALSE,487,TRUE,Broad race,Other recorded race,9,2,7,FALSE,fewer than 20 positive and 20 negative subgroup patients,,,,,,,,
binary,microsatellite_instability,UCEC,MSI-H (MANTIS >0.4),FALSE,487,TRUE,Broad race,White,329,112,217,TRUE,performance estimated,,,,0.5,0.816589861751152,0.658294930875576,0.729147465437788,0.577448954851589
binary,microsatellite_instability,UCEC,MSI-H (MANTIS >0.4),FALSE,487,TRUE,Recorded sex,FEMALE,487,155,332,TRUE,performance estimated,,,,0.48258064516129,0.824698795180723,0.653639720171007,0.719786241741158,0.538693900963788
binary,microsatellite_instability_sensitivity,STAD,MSI-H strict (MANTIS >0.6),FALSE,364,TRUE,Broad race,Asian,82,11,71,FALSE,fewer than 20 positive subgroup patients,,,,,,,,
binary,microsatellite_instability_sensitivity,STAD,MSI-H strict (MANTIS >0.6),FALSE,364,TRUE,Broad race,Black or African American,13,2,11,FALSE,fewer than 20 positive and 20 negative subgroup patients,,,,,,,,
binary,microsatellite_instability_sensitivity,STAD,MSI-H strict (MANTIS >0.6),FALSE,364,TRUE,Broad race,Missing,39,9,30,FALSE,demographic field missing,,,,,,,,
binary,microsatellite_instability_sensitivity,STAD,MSI-H strict (MANTIS >0.6),FALSE,364,TRUE,Broad race,Other recorded race,1,0,1,FALSE,fewer than 20 positive and 20 negative subgroup patients,,,,,,,,
binary,microsatellite_instability_sensitivity,STAD,MSI-H strict (MANTIS >0.6),FALSE,364,TRUE,Broad race,White,229,34,195,TRUE,performance estimated,,,,0.635294117647059,0.923076923076923,0.779185520361991,0.857586726998492,0.59830322944854
binary,microsatellite_instability_sensitivity,STAD,MSI-H strict (MANTIS >0.6),FALSE,364,TRUE,Recorded sex,FEMALE,124,27,97,TRUE,performance estimated,,,,0.644444444444444,0.944329896907217,0.79438717067583,0.874074074074074,0.702156988214889
binary,microsatellite_instability_sensitivity,STAD,MSI-H strict (MANTIS >0.6),FALSE,364,TRUE,Recorded sex,MALE,240,29,211,TRUE,performance estimated,,,,0.489655172413793,0.911848341232227,0.70075175682301,0.846053276679196,0.481631148998182
binary,microsatellite_instability_sensitivity,UCEC,MSI-H strict (MANTIS >0.6),FALSE,438,TRUE,Broad race,Asian,17,3,14,FALSE,fewer than 20 positive and 20 negative subgroup patients,,,,,,,,
binary,microsatellite_instability_sensitivity,UCEC,MSI-H strict (MANTIS >0.6),FALSE,438,TRUE,Broad race,Black or African American,95,22,73,TRUE,performance estimated,,,,0.427272727272727,0.843835616438356,0.635554171855542,0.695890410958904,0.456114263543734
binary,microsatellite_instability_sensitivity,UCEC,MSI-H strict (MANTIS >0.6),FALSE,438,TRUE,Broad race,Missing,29,8,21,FALSE,demographic field missing,,,,,,,,
binary,microsatellite_instability_sensitivity,UCEC,MSI-H strict (MANTIS >0.6),FALSE,438,TRUE,Broad race,Other recorded race,7,0,7,FALSE,fewer than 20 positive and 20 negative subgroup patients,,,,,,,,
binary,microsatellite_instability_sensitivity,UCEC,MSI-H strict (MANTIS >0.6),FALSE,438,TRUE,Broad race,White,290,73,217,TRUE,performance estimated,,,,0.561643835616438,0.856221198156682,0.70893251688656,0.791995454832397,0.60051149705853
binary,microsatellite_instability_sensitivity,UCEC,MSI-H strict (MANTIS >0.6),FALSE,438,TRUE,Recorded sex,FEMALE,438,106,332,TRUE,performance estimated,,,,0.515094339622642,0.854819277108434,0.684956808365538,0.756842464196408,0.521626205061602
binary,oncogenic_pathway,ACC,WNT,FALSE,53,FALSE,Broad race,Asian,1,0,1,FALSE,model has fewer than 200 outcome-labelled patients,,,,,,,,
binary,oncogenic_pathway,ACC,WNT,FALSE,53,FALSE,Broad race,Black or African American,1,0,1,FALSE,model has fewer than 200 outcome-labelled patients,,,,,,,,
binary,oncogenic_pathway,ACC,WNT,FALSE,53,FALSE,Broad race,Missing,11,3,8,FALSE,model has fewer than 200 outcome-labelled patients,,,,,,,,
binary,oncogenic_pathway,ACC,WNT,FALSE,53,FALSE,Broad race,White,40,17,23,FALSE,model has fewer than 200 outcome-labelled patients,,,,,,,,
binary,oncogenic_pathway,ACC,WNT,FALSE,53,FALSE,Recorded sex,FEMALE,29,13,16,FALSE,model has fewer than 200 outcome-labelled patients,,,,,,,,
binary,oncogenic_pathway,ACC,WNT,FALSE,53,FALSE,Recorded sex,MALE,24,7,17,FALSE,model has fewer than 200 outcome-labelled patients,,,,,,,,
binary,oncogenic_pathway,BLCA,TP53,FALSE,373,TRUE,Broad race,Asian,42,17,25,FALSE,fewer than 20 positive subgroup patients,,,,,,,,
binary,oncogenic_pathway,BLCA,TP53,FALSE,373,TRUE,Broad race,Black or African American,20,13,7,FALSE,fewer than 20 positive and 20 negative subgroup patients,,,,,,,,
binary,oncogenic_pathway,BLCA,TP53,FALSE,373,TRUE,Broad race,Missing,13,7,6,FALSE,demographic field missing,,,,,,,,
binary,oncogenic_pathway,BLCA,TP53,FALSE,373,TRUE,Broad race,White,298,195,103,TRUE,performance estimated,,,,0.852307692307692,0.361165048543689,0.606736370425691,0.662673637042569,0.77405861221614
binary,oncogenic_pathway,BLCA,TP53,FALSE,373,TRUE,Recorded sex,FEMALE,96,61,35,TRUE,performance estimated,,,,0.819672131147541,0.331428571428571,0.575550351288056,0.635971896955503,0.72472482072153
binary,oncogenic_pathway,BLCA,TP53,FALSE,373,TRUE,Recorded sex,MALE,277,171,106,TRUE,performance estimated,,,,0.822222222222222,0.479245283018868,0.650733752620545,0.696413990952223,0.772783265273584
binary,oncogenic_pathway,BRCA,TP53,FALSE,942,TRUE,Broad race,Asian,59,37,22,TRUE,performance estimated,,,,0.713513513513514,0.754545454545455,0.734029484029484,0.798034398034398,0.879401099246481
binary,oncogenic_pathway,BRCA,TP53,FALSE,942,TRUE,Broad race,Black or African American,147,83,64,TRUE,performance estimated,,,,0.797590361445783,0.71875,0.758170180722892,0.842055722891566,0.886627696008769
binary,oncogenic_pathway,BRCA,TP53,FALSE,942,TRUE,Broad race,Missing,83,42,41,FALSE,demographic field missing,,,,,,,,
binary,oncogenic_pathway,BRCA,TP53,FALSE,942,TRUE,Broad race,Other recorded race,1,1,0,FALSE,fewer than 20 positive and 20 negative subgroup patients,,,,,,,,
binary,oncogenic_pathway,BRCA,TP53,FALSE,942,TRUE,Broad race,White,652,274,378,TRUE,performance estimated,,,,0.618248175182482,0.847089947089947,0.732669061136214,0.801255165488742,0.761995924062796
binary,oncogenic_pathway,BRCA,TP53,FALSE,942,TRUE,Recorded sex,FEMALE,942,437,505,TRUE,performance estimated,,,,0.669565217391304,0.808316831683168,0.738941024537236,0.807034460883159,0.797314487747905
binary,oncogenic_pathway,COAD,MYC,FALSE,323,TRUE,Broad race,Asian,11,4,7,FALSE,fewer than 20 positive and 20 negative subgroup patients,,,,,,,,
binary,oncogenic_pathway,COAD,MYC,FALSE,323,TRUE,Broad race,Black or African American,54,12,42,FALSE,fewer than 20 positive subgroup patients,,,,,,,,
binary,oncogenic_pathway,COAD,MYC,FALSE,323,TRUE,Broad race,Missing,75,11,64,FALSE,demographic field missing,,,,,,,,
binary,oncogenic_pathway,COAD,MYC,FALSE,323,TRUE,Broad race,Other recorded race,1,1,0,FALSE,fewer than 20 positive and 20 negative subgroup patients,,,,,,,,
binary,oncogenic_pathway,COAD,MYC,FALSE,323,TRUE,Broad race,White,182,51,131,TRUE,performance estimated,,,,0.32156862745098,0.848854961832061,0.585211794641521,0.663224068253255,0.42016097686683
binary,oncogenic_pathway,COAD,MYC,FALSE,323,TRUE,Recorded sex,FEMALE,164,42,122,TRUE,performance estimated,,,,0.29047619047619,0.855737704918033,0.573106947697112,0.636143637782982,0.386040703132391
binary,oncogenic_pathway,COAD,MYC,FALSE,323,TRUE,Recorded sex,MALE,158,37,121,TRUE,performance estimated,,,,0.297297297297297,0.910743801652893,0.604020549475095,0.652847889211525,0.380852932360244
binary,oncogenic_pathway,COAD,MYC,FALSE,323,TRUE,Recorded sex,Missing,1,0,1,FALSE,demographic field missing,,,,,,,,
binary,oncogenic_pathway,COAD,TP53,FALSE,323,TRUE,Broad race,Asian,11,6,5,FALSE,fewer than 20 positive and 20 negative subgroup patients,,,,,,,,
binary,oncogenic_pathway,COAD,TP53,FALSE,323,TRUE,Broad race,Black or African American,54,37,17,FALSE,fewer than 20 negative subgroup patients,,,,,,,,
binary,oncogenic_pathway,COAD,TP53,FALSE,323,TRUE,Broad race,Missing,75,42,33,FALSE,demographic field missing,,,,,,,,
binary,oncogenic_pathway,COAD,TP53,FALSE,323,TRUE,Broad race,Other recorded race,1,0,1,FALSE,fewer than 20 positive and 20 negative subgroup patients,,,,,,,,
binary,oncogenic_pathway,COAD,TP53,FALSE,323,TRUE,Broad race,White,182,123,59,TRUE,performance estimated,,,,0.830894308943089,0.386440677966102,0.608667493454596,0.686785172936475,0.816023707574334
binary,oncogenic_pathway,COAD,TP53,FALSE,323,TRUE,Recorded sex,FEMALE,164,101,63,TRUE,performance estimated,,,,0.841584158415842,0.514285714285714,0.677934936350778,0.735785007072136,0.800718042003547
binary,oncogenic_pathway,COAD,TP53,FALSE,323,TRUE,Recorded sex,MALE,158,106,52,TRUE,performance estimated,,,,0.837735849056604,0.496153846153846,0.666944847605225,0.726342525399129,0.825958511743387
binary,oncogenic_pathway,COAD,TP53,FALSE,323,TRUE,Recorded sex,Missing,1,1,0,FALSE,demographic field missing,,,,,,,,
binary,oncogenic_pathway,GBM,TP53,FALSE,71,FALSE,Broad race,Asian,2,2,0,FALSE,model has fewer than 200 outcome-labelled patients,,,,,,,,
binary,oncogenic_pathway,GBM,TP53,FALSE,71,FALSE,Broad race,Black or African American,3,1,2,FALSE,model has fewer than 200 outcome-labelled patients,,,,,,,,
binary,oncogenic_pathway,GBM,TP53,FALSE,71,FALSE,Broad race,Missing,1,1,0,FALSE,model has fewer than 200 outcome-labelled patients,,,,,,,,
binary,oncogenic_pathway,GBM,TP53,FALSE,71,FALSE,Broad race,White,65,34,31,FALSE,model has fewer than 200 outcome-labelled patients,,,,,,,,
binary,oncogenic_pathway,GBM,TP53,FALSE,71,FALSE,Recorded sex,FEMALE,25,15,10,FALSE,model has fewer than 200 outcome-labelled patients,,,,,,,,
binary,oncogenic_pathway,GBM,TP53,FALSE,71,FALSE,Recorded sex,MALE,46,23,23,FALSE,model has fewer than 200 outcome-labelled patients,,,,,,,,
binary,oncogenic_pathway,HNSC,TP53,FALSE,412,TRUE,Broad race,Asian,8,7,1,FALSE,fewer than 20 positive and 20 negative subgroup patients,,,,,,,,
binary,oncogenic_pathway,HNSC,TP53,FALSE,412,TRUE,Broad race,Black or African American,41,35,6,FALSE,fewer than 20 negative subgroup patients,,,,,,,,
binary,oncogenic_pathway,HNSC,TP53,FALSE,412,TRUE,Broad race,Missing,13,13,0,FALSE,demographic field missing,,,,,,,,
binary,oncogenic_pathway,HNSC,TP53,FALSE,412,TRUE,Broad race,Other recorded race,2,2,0,FALSE,fewer than 20 positive and 20 negative subgroup patients,,,,,,,,
binary,oncogenic_pathway,HNSC,TP53,FALSE,412,TRUE,Broad race,White,348,255,93,TRUE,performance estimated,,,,0.88078431372549,0.363440860215054,0.622112586970272,0.661792114695341,0.815433299254718
binary,oncogenic_pathway,HNSC,TP53,FALSE,412,TRUE,Recorded sex,FEMALE,108,81,27,TRUE,performance estimated,,,,0.888888888888889,0.288888888888889,0.588888888888889,0.662277091906722,0.832447444027937
binary,oncogenic_pathway,HNSC,TP53,FALSE,412,TRUE,Recorded sex,MALE,304,231,73,TRUE,performance estimated,,,,0.89004329004329,0.397260273972603,0.643651782007946,0.680234833659491,0.847438329414293
binary,oncogenic_pathway,KIRP,Cell Cycle,FALSE,243,TRUE,Broad race,Asian,6,2,4,FALSE,fewer than 20 positive and 20 negative subgroup patients,,,,,,,,
binary,oncogenic_pathway,KIRP,Cell Cycle,FALSE,243,TRUE,Broad race,Black or African American,50,7,43,FALSE,fewer than 20 positive subgroup patients,,,,,,,,
binary,oncogenic_pathway,KIRP,Cell Cycle,FALSE,243,TRUE,Broad race,Missing,12,1,11,FALSE,demographic field missing,,,,,,,,
binary,oncogenic_pathway,KIRP,Cell Cycle,FALSE,243,TRUE,Broad race,Other recorded race,2,0,2,FALSE,fewer than 20 positive and 20 negative subgroup patients,,,,,,,,
binary,oncogenic_pathway,KIRP,Cell Cycle,FALSE,243,TRUE,Broad race,White,173,21,152,TRUE,performance estimated,,,,0.419047619047619,0.95,0.68452380952381,0.780075187969925,0.47479294542545
binary,oncogenic_pathway,KIRP,Cell Cycle,FALSE,243,TRUE,Recorded sex,FEMALE,60,14,46,FALSE,fewer than 20 positive subgroup patients,,,,,,,,
binary,oncogenic_pathway,KIRP,Cell Cycle,FALSE,243,TRUE,Recorded sex,MALE,183,17,166,FALSE,fewer than 20 positive subgroup patients,,,,,,,,
binary,oncogenic_pathway,LGG,Cell Cycle,FALSE,476,TRUE,Broad race,Asian,6,3,3,FALSE,fewer than 20 positive and 20 negative subgroup patients,,,,,,,,
binary,oncogenic_pathway,LGG,Cell Cycle,FALSE,476,TRUE,Broad race,Black or African American,19,9,10,FALSE,fewer than 20 positive and 20 negative subgroup patients,,,,,,,,
binary,oncogenic_pathway,LGG,Cell Cycle,FALSE,476,TRUE,Broad race,Missing,11,3,8,FALSE,demographic field missing,,,,,,,,
binary,oncogenic_pathway,LGG,Cell Cycle,FALSE,476,TRUE,Broad race,Other recorded race,1,1,0,FALSE,fewer than 20 positive and 20 negative subgroup patients,,,,,,,,
binary,oncogenic_pathway,LGG,Cell Cycle,FALSE,476,TRUE,Broad race,White,439,179,260,TRUE,performance estimated,,,,0.436871508379888,0.801538461538462,0.619204984959175,0.643167168027503,0.572745181020872
binary,oncogenic_pathway,LGG,Cell Cycle,FALSE,476,TRUE,Recorded sex,FEMALE,209,96,113,TRUE,performance estimated,,,,0.454166666666667,0.808849557522124,0.631508112094395,0.64443215339233,0.645184435242671
binary,oncogenic_pathway,LGG,Cell Cycle,FALSE,476,TRUE,Recorded sex,MALE,266,99,167,TRUE,performance estimated,,,,0.42020202020202,0.777245508982036,0.598723764592028,0.631089336478558,0.509484566008031
binary,oncogenic_pathway,LGG,Cell Cycle,FALSE,476,TRUE,Recorded sex,Missing,1,0,1,FALSE,demographic field missing,,,,,,,,
binary,oncogenic_pathway,LGG,RTK RAS,FALSE,481,TRUE,Broad race,Asian,6,3,3,FALSE,fewer than 20 positive and 20 negative subgroup patients,,,,,,,,
binary,oncogenic_pathway,LGG,RTK RAS,FALSE,481,TRUE,Broad race,Black or African American,20,8,12,FALSE,fewer than 20 positive and 20 negative subgroup patients,,,,,,,,
binary,oncogenic_pathway,LGG,RTK RAS,FALSE,481,TRUE,Broad race,Missing,11,2,9,FALSE,demographic field missing,,,,,,,,
binary,oncogenic_pathway,LGG,RTK RAS,FALSE,481,TRUE,Broad race,Other recorded race,1,1,0,FALSE,fewer than 20 positive and 20 negative subgroup patients,,,,,,,,
binary,oncogenic_pathway,LGG,RTK RAS,FALSE,481,TRUE,Broad race,White,443,121,322,TRUE,performance estimated,,,,0.472727272727273,0.881366459627329,0.677046866177301,0.735634721010215,0.555562543597486
binary,oncogenic_pathway,LGG,RTK RAS,FALSE,481,TRUE,Recorded sex,FEMALE,212,62,150,TRUE,performance estimated,,,,0.47741935483871,0.872,0.674709677419355,0.726086021505376,0.560223801783445
binary,oncogenic_pathway,LGG,RTK RAS,FALSE,481,TRUE,Recorded sex,MALE,268,73,195,TRUE,performance estimated,,,,0.457534246575342,0.888205128205128,0.672869687390235,0.739023533544081,0.56956204895051
binary,oncogenic_pathway,LGG,RTK RAS,FALSE,481,TRUE,Recorded sex,Missing,1,0,1,FALSE,demographic field missing,,,,,,,,
binary,oncogenic_pathway,LGG,TGF-Beta,FALSE,481,TRUE,Broad race,Asian,6,2,4,FALSE,fewer than 20 positive and 20 negative subgroup patients,,,,,,,,
binary,oncogenic_pathway,LGG,TGF-Beta,FALSE,481,TRUE,Broad race,Black or African American,20,6,14,FALSE,fewer than 20 positive and 20 negative subgroup patients,,,,,,,,
binary,oncogenic_pathway,LGG,TGF-Beta,FALSE,481,TRUE,Broad race,Missing,11,5,6,FALSE,demographic field missing,,,,,,,,
binary,oncogenic_pathway,LGG,TGF-Beta,FALSE,481,TRUE,Broad race,Other recorded race,1,0,1,FALSE,fewer than 20 positive and 20 negative subgroup patients,,,,,,,,
binary,oncogenic_pathway,LGG,TGF-Beta,FALSE,481,TRUE,Broad race,White,443,117,326,TRUE,performance estimated,,,,0.408547008547009,0.828834355828221,0.618690682187615,0.714765874888574,0.452720539052565
binary,oncogenic_pathway,LGG,TGF-Beta,FALSE,481,TRUE,Recorded sex,FEMALE,212,62,150,TRUE,performance estimated,,,,0.448387096774194,0.818666666666667,0.63352688172043,0.730215053763441,0.515914651209471
binary,oncogenic_pathway,LGG,TGF-Beta,FALSE,481,TRUE,Recorded sex,MALE,268,67,201,TRUE,performance estimated,,,,0.397014925373134,0.83681592039801,0.616915422885572,0.712853642236578,0.42156991651777
binary,oncogenic_pathway,LGG,TGF-Beta,FALSE,481,TRUE,Recorded sex,Missing,1,1,0,FALSE,demographic field missing,,,,,,,,
binary,oncogenic_pathway,LGG,WNT,FALSE,481,TRUE,Broad race,Asian,6,1,5,FALSE,fewer than 20 positive and 20 negative subgroup patients,,,,,,,,
binary,oncogenic_pathway,LGG,WNT,FALSE,481,TRUE,Broad race,Black or African American,20,7,13,FALSE,fewer than 20 positive and 20 negative subgroup patients,,,,,,,,
binary,oncogenic_pathway,LGG,WNT,FALSE,481,TRUE,Broad race,Missing,11,5,6,FALSE,demographic field missing,,,,,,,,
binary,oncogenic_pathway,LGG,WNT,FALSE,481,TRUE,Broad race,Other recorded race,1,0,1,FALSE,fewer than 20 positive and 20 negative subgroup patients,,,,,,,,
binary,oncogenic_pathway,LGG,WNT,FALSE,481,TRUE,Broad race,White,443,118,325,TRUE,performance estimated,,,,0.569491525423729,0.872615384615385,0.721053455019557,0.809554106910039,0.601544024381169
binary,oncogenic_pathway,LGG,WNT,FALSE,481,TRUE,Recorded sex,FEMALE,212,66,146,TRUE,performance estimated,,,,0.584848484848485,0.894520547945206,0.739684516396845,0.830489829804898,0.682122850822364
binary,oncogenic_pathway,LGG,WNT,FALSE,481,TRUE,Recorded sex,MALE,268,65,203,TRUE,performance estimated,,,,0.550769230769231,0.861083743842365,0.705926487305798,0.79337627889352,0.538779206855091
binary,oncogenic_pathway,LGG,WNT,FALSE,481,TRUE,Recorded sex,Missing,1,0,1,FALSE,demographic field missing,,,,,,,,
binary,oncogenic_pathway,LIHC,Cell Cycle,FALSE,337,TRUE,Broad race,Asian,151,106,45,TRUE,performance estimated,,,,0.860377358490566,0.346666666666667,0.603522012578616,0.683941299790356,0.809392619896195
binary,oncogenic_pathway,LIHC,Cell Cycle,FALSE,337,TRUE,Broad race,Black or African American,13,11,2,FALSE,fewer than 20 positive and 20 negative subgroup patients,,,,,,,,
binary,oncogenic_pathway,LIHC,Cell Cycle,FALSE,337,TRUE,Broad race,Missing,8,7,1,FALSE,demographic field missing,,,,,,,,
binary,oncogenic_pathway,LIHC,Cell Cycle,FALSE,337,TRUE,Broad race,Other recorded race,1,1,0,FALSE,fewer than 20 positive and 20 negative subgroup patients,,,,,,,,
binary,oncogenic_pathway,LIHC,Cell Cycle,FALSE,337,TRUE,Broad race,White,164,107,57,TRUE,performance estimated,,,,0.814953271028037,0.52280701754386,0.668880144285948,0.695195933759633,0.774561456387411
binary,oncogenic_pathway,LIHC,Cell Cycle,FALSE,337,TRUE,Recorded sex,FEMALE,111,60,51,TRUE,performance estimated,,,,0.81,0.454901960784314,0.632450980392157,0.669542483660131,0.656426654336337
binary,oncogenic_pathway,LIHC,Cell Cycle,FALSE,337,TRUE,Recorded sex,MALE,226,172,54,TRUE,performance estimated,,,,0.845348837209302,0.425925925925926,0.635637381567614,0.697868217054264,0.859533628310628
binary,oncogenic_pathway,LIHC,TP53,FALSE,337,TRUE,Broad race,Asian,151,66,85,TRUE,performance estimated,,,,0.509090909090909,0.72,0.614545454545455,0.643992869875223,0.570605918492145
binary,oncogenic_pathway,LIHC,TP53,FALSE,337,TRUE,Broad race,Black or African American,13,10,3,FALSE,fewer than 20 positive and 20 negative subgroup patients,,,,,,,,
binary,oncogenic_pathway,LIHC,TP53,FALSE,337,TRUE,Broad race,Missing,8,2,6,FALSE,demographic field missing,,,,,,,,
binary,oncogenic_pathway,LIHC,TP53,FALSE,337,TRUE,Broad race,Other recorded race,1,0,1,FALSE,fewer than 20 positive and 20 negative subgroup patients,,,,,,,,
binary,oncogenic_pathway,LIHC,TP53,FALSE,337,TRUE,Broad race,White,164,49,115,TRUE,performance estimated,,,,0.387755102040816,0.820869565217391,0.604312333629104,0.660479148181012,0.4609570951653
binary,oncogenic_pathway,LIHC,TP53,FALSE,337,TRUE,Recorded sex,FEMALE,111,33,78,TRUE,performance estimated,,,,0.424242424242424,0.725641025641026,0.574941724941725,0.608469308469308,0.378748594855989
binary,oncogenic_pathway,LIHC,TP53,FALSE,337,TRUE,Recorded sex,MALE,226,94,132,TRUE,performance estimated,,,,0.429787234042553,0.812121212121212,0.620954223081883,0.662830431979368,0.603170819188148
binary,oncogenic_pathway,LIHC,WNT,FALSE,337,TRUE,Broad race,Asian,151,71,80,TRUE,performance estimated,,,,0.563380281690141,0.615,0.58919014084507,0.616619718309859,0.568455761595354
binary,oncogenic_pathway,LIHC,WNT,FALSE,337,TRUE,Broad race,Black or African American,13,7,6,FALSE,fewer than 20 positive and 20 negative subgroup patients,,,,,,,,
binary,oncogenic_pathway,LIHC,WNT,FALSE,337,TRUE,Broad race,Missing,8,3,5,FALSE,demographic field missing,,,,,,,,
binary,oncogenic_pathway,LIHC,WNT,FALSE,337,TRUE,Broad race,Other recorded race,1,0,1,FALSE,fewer than 20 positive and 20 negative subgroup patients,,,,,,,,
binary,oncogenic_pathway,LIHC,WNT,FALSE,337,TRUE,Broad race,White,164,66,98,TRUE,performance estimated,,,,0.503030303030303,0.683673469387755,0.593351886209029,0.604700061842919,0.493008644097189
binary,oncogenic_pathway,LIHC,WNT,FALSE,337,TRUE,Recorded sex,FEMALE,111,33,78,TRUE,performance estimated,,,,0.418181818181818,0.684615384615385,0.551398601398601,0.567987567987568,0.357732170488679
binary,oncogenic_pathway,LIHC,WNT,FALSE,337,TRUE,Recorded sex,MALE,226,114,112,TRUE,performance estimated,,,,0.57719298245614,0.619642857142857,0.598417919799499,0.622587719298246,0.610803652030307
binary,oncogenic_pathway,LUAD,TP53,FALSE,451,TRUE,Broad race,Asian,7,4,3,FALSE,fewer than 20 positive and 20 negative subgroup patients,,,,,,,,
binary,oncogenic_pathway,LUAD,TP53,FALSE,451,TRUE,Broad race,Black or African American,50,36,14,FALSE,fewer than 20 negative subgroup patients,,,,,,,,
binary,oncogenic_pathway,LUAD,TP53,FALSE,451,TRUE,Broad race,Missing,54,33,21,FALSE,demographic field missing,,,,,,,,
binary,oncogenic_pathway,LUAD,TP53,FALSE,451,TRUE,Broad race,Other recorded race,1,0,1,FALSE,fewer than 20 positive and 20 negative subgroup patients,,,,,,,,
binary,oncogenic_pathway,LUAD,TP53,FALSE,451,TRUE,Broad race,White,339,201,138,TRUE,performance estimated,,,,0.790049751243781,0.556521739130435,0.673285745187108,0.73525127983272,0.770751143770085
binary,oncogenic_pathway,LUAD,TP53,FALSE,451,TRUE,Recorded sex,FEMALE,244,147,97,TRUE,performance estimated,,,,0.768707482993197,0.517525773195876,0.643116628094537,0.674984220492321,0.71422195389646
binary,oncogenic_pathway,LUAD,TP53,FALSE,451,TRUE,Recorded sex,MALE,207,127,80,TRUE,performance estimated,,,,0.82992125984252,0.565,0.69746062992126,0.77492125984252,0.822517018081427
binary,oncogenic_pathway,LUSC,NRF2,FALSE,443,TRUE,Broad race,Asian,9,1,8,FALSE,fewer than 20 positive and 20 negative subgroup patients,,,,,,,,
binary,oncogenic_pathway,LUSC,NRF2,FALSE,443,TRUE,Broad race,Black or African American,27,8,19,FALSE,fewer than 20 positive and 20 negative subgroup patients,,,,,,,,
binary,oncogenic_pathway,LUSC,NRF2,FALSE,443,TRUE,Broad race,Missing,101,25,76,FALSE,demographic field missing,,,,,,,,
binary,oncogenic_pathway,LUSC,NRF2,FALSE,443,TRUE,Broad race,White,306,75,231,TRUE,performance estimated,,,,0.269333333333333,0.802597402597403,0.535965367965368,0.599988455988456,0.312928524023498
binary,oncogenic_pathway,LUSC,NRF2,FALSE,443,TRUE,Recorded sex,FEMALE,113,22,91,TRUE,performance estimated,,,,0.372727272727273,0.848351648351648,0.610539460539461,0.691708291708292,0.378839761997344
binary,oncogenic_pathway,LUSC,NRF2,FALSE,443,TRUE,Recorded sex,MALE,330,87,243,TRUE,performance estimated,,,,0.296551724137931,0.804115226337449,0.55033347523769,0.615940589376094,0.350546402290958
binary,oncogenic_pathway,PCPG,Cell Cycle,FALSE,155,FALSE,Broad race,Asian,5,1,4,FALSE,model has fewer than 200 outcome-labelled patients,,,,,,,,
binary,oncogenic_pathway,PCPG,Cell Cycle,FALSE,155,FALSE,Broad race,Black or African American,19,3,16,FALSE,model has fewer than 200 outcome-labelled patients,,,,,,,,
binary,oncogenic_pathway,PCPG,Cell Cycle,FALSE,155,FALSE,Broad race,Missing,3,1,2,FALSE,model has fewer than 200 outcome-labelled patients,,,,,,,,
binary,oncogenic_pathway,PCPG,Cell Cycle,FALSE,155,FALSE,Broad race,Other recorded race,1,0,1,FALSE,model has fewer than 200 outcome-labelled patients,,,,,,,,
binary,oncogenic_pathway,PCPG,Cell Cycle,FALSE,155,FALSE,Broad race,White,127,18,109,FALSE,model has fewer than 200 outcome-labelled patients,,,,,,,,
binary,oncogenic_pathway,PCPG,Cell Cycle,FALSE,155,FALSE,Recorded sex,FEMALE,87,11,76,FALSE,model has fewer than 200 outcome-labelled patients,,,,,,,,
binary,oncogenic_pathway,PCPG,Cell Cycle,FALSE,155,FALSE,Recorded sex,MALE,68,12,56,FALSE,model has fewer than 200 outcome-labelled patients,,,,,,,,
binary,oncogenic_pathway,PCPG,RTK RAS,FALSE,158,FALSE,Broad race,Asian,5,4,1,FALSE,model has fewer than 200 outcome-labelled patients,,,,,,,,
binary,oncogenic_pathway,PCPG,RTK RAS,FALSE,158,FALSE,Broad race,Black or African American,19,5,14,FALSE,model has fewer than 200 outcome-labelled patients,,,,,,,,
binary,oncogenic_pathway,PCPG,RTK RAS,FALSE,158,FALSE,Broad race,Missing,3,1,2,FALSE,model has fewer than 200 outcome-labelled patients,,,,,,,,
binary,oncogenic_pathway,PCPG,RTK RAS,FALSE,158,FALSE,Broad race,Other recorded race,1,1,0,FALSE,model has fewer than 200 outcome-labelled patients,,,,,,,,
binary,oncogenic_pathway,PCPG,RTK RAS,FALSE,158,FALSE,Broad race,White,130,41,89,FALSE,model has fewer than 200 outcome-labelled patients,,,,,,,,
binary,oncogenic_pathway,PCPG,RTK RAS,FALSE,158,FALSE,Recorded sex,FEMALE,87,29,58,FALSE,model has fewer than 200 outcome-labelled patients,,,,,,,,
binary,oncogenic_pathway,PCPG,RTK RAS,FALSE,158,FALSE,Recorded sex,MALE,71,23,48,FALSE,model has fewer than 200 outcome-labelled patients,,,,,,,,
binary,oncogenic_pathway,SARC,RTK RAS,FALSE,222,TRUE,Broad race,Asian,5,1,4,FALSE,fewer than 20 positive and 20 negative subgroup patients,,,,,,,,
binary,oncogenic_pathway,SARC,RTK RAS,FALSE,222,TRUE,Broad race,Black or African American,17,2,15,FALSE,fewer than 20 positive and 20 negative subgroup patients,,,,,,,,
binary,oncogenic_pathway,SARC,RTK RAS,FALSE,222,TRUE,Broad race,Missing,5,4,1,FALSE,demographic field missing,,,,,,,,
binary,oncogenic_pathway,SARC,RTK RAS,FALSE,222,TRUE,Broad race,White,195,79,116,TRUE,performance estimated,,,,0.448101265822785,0.774137931034483,0.611119598428634,0.64375818419904,0.537359036464421
binary,oncogenic_pathway,SARC,RTK RAS,FALSE,222,TRUE,Recorded sex,FEMALE,119,45,74,TRUE,performance estimated,,,,0.431111111111111,0.818918918918919,0.625015015015015,0.671471471471472,0.550707450716973
binary,oncogenic_pathway,SARC,RTK RAS,FALSE,222,TRUE,Recorded sex,MALE,103,41,62,TRUE,performance estimated,,,,0.468292682926829,0.712903225806452,0.590597954366641,0.613690007867821,0.487598156432386
binary,oncogenic_pathway,SARC,TP53,FALSE,222,TRUE,Broad race,Asian,5,3,2,FALSE,fewer than 20 positive and 20 negative subgroup patients,,,,,,,,
binary,oncogenic_pathway,SARC,TP53,FALSE,222,TRUE,Broad race,Black or African American,17,11,6,FALSE,fewer than 20 positive and 20 negative subgroup patients,,,,,,,,
binary,oncogenic_pathway,SARC,TP53,FALSE,222,TRUE,Broad race,Missing,5,3,2,FALSE,demographic field missing,,,,,,,,
binary,oncogenic_pathway,SARC,TP53,FALSE,222,TRUE,Broad race,White,195,129,66,TRUE,performance estimated,,,,0.896124031007752,0.406060606060606,0.651092318534179,0.635705896171013,0.730343008086919
binary,oncogenic_pathway,SARC,TP53,FALSE,222,TRUE,Recorded sex,FEMALE,119,78,41,TRUE,performance estimated,,,,0.846153846153846,0.448780487804878,0.647467166979362,0.622514071294559,0.716010677381552
binary,oncogenic_pathway,SARC,TP53,FALSE,222,TRUE,Recorded sex,MALE,103,68,35,TRUE,performance estimated,,,,0.941176470588235,0.348571428571429,0.644873949579832,0.671428571428571,0.765259876861479
binary,oncogenic_pathway,STAD,HIPPO,FALSE,327,TRUE,Broad race,Asian,72,17,55,FALSE,fewer than 20 positive subgroup patients,,,,,,,,
binary,oncogenic_pathway,STAD,HIPPO,FALSE,327,TRUE,Broad race,Black or African American,11,2,9,FALSE,fewer than 20 positive and 20 negative subgroup patients,,,,,,,,
binary,oncogenic_pathway,STAD,HIPPO,FALSE,327,TRUE,Broad race,Missing,37,9,28,FALSE,demographic field missing,,,,,,,,
binary,oncogenic_pathway,STAD,HIPPO,FALSE,327,TRUE,Broad race,White,207,42,165,TRUE,performance estimated,,,,0.395238095238095,0.876363636363636,0.635800865800866,0.698441558441559,0.416536384103754
binary,oncogenic_pathway,STAD,HIPPO,FALSE,327,TRUE,Recorded sex,FEMALE,107,23,84,TRUE,performance estimated,,,,0.434782608695652,0.885714285714286,0.660248447204969,0.726604554865424,0.517127371397266
binary,oncogenic_pathway,STAD,HIPPO,FALSE,327,TRUE,Recorded sex,MALE,220,47,173,TRUE,performance estimated,,,,0.323404255319149,0.842774566473988,0.583089410896569,0.634042553191489,0.329782795314295
binary,oncogenic_pathway,STAD,NOTCH,FALSE,327,TRUE,Broad race,Asian,72,27,45,TRUE,performance estimated,,,,0.496296296296296,0.76,0.628148148148148,0.667160493827161,0.506245455258634
binary,oncogenic_pathway,STAD,NOTCH,FALSE,327,TRUE,Broad race,Black or African American,11,3,8,FALSE,fewer than 20 positive and 20 negative subgroup patients,,,,,,,,
binary,oncogenic_pathway,STAD,NOTCH,FALSE,327,TRUE,Broad race,Missing,37,13,24,FALSE,demographic field missing,,,,,,,,
binary,oncogenic_pathway,STAD,NOTCH,FALSE,327,TRUE,Broad race,White,207,82,125,TRUE,performance estimated,,,,0.502439024390244,0.7712,0.636819512195122,0.660917073170732,0.576026090356698
binary,oncogenic_pathway,STAD,NOTCH,FALSE,327,TRUE,Recorded sex,FEMALE,107,39,68,TRUE,performance estimated,,,,0.466666666666667,0.75,0.608333333333333,0.616440422322775,0.524774448770682
binary,oncogenic_pathway,STAD,NOTCH,FALSE,327,TRUE,Recorded sex,MALE,220,86,134,TRUE,performance estimated,,,,0.518604651162791,0.777611940298508,0.648108295730649,0.692016660881638,0.566916232949295
binary,oncogenic_pathway,STAD,PI3K,FALSE,327,TRUE,Broad race,Asian,72,22,50,TRUE,performance estimated,,,,0.490909090909091,0.7,0.595454545454546,0.669636363636364,0.438424211097504
binary,oncogenic_pathway,STAD,PI3K,FALSE,327,TRUE,Broad race,Black or African American,11,4,7,FALSE,fewer than 20 positive and 20 negative subgroup patients,,,,,,,,
binary,oncogenic_pathway,STAD,PI3K,FALSE,327,TRUE,Broad race,Missing,37,16,21,FALSE,demographic field missing,,,,,,,,
binary,oncogenic_pathway,STAD,PI3K,FALSE,327,TRUE,Broad race,White,207,91,116,TRUE,performance estimated,,,,0.424175824175824,0.727586206896552,0.575881015536188,0.609302766199318,0.539338562555294
binary,oncogenic_pathway,STAD,PI3K,FALSE,327,TRUE,Recorded sex,FEMALE,107,45,62,TRUE,performance estimated,,,,0.413333333333333,0.680645161290323,0.546989247311828,0.597491039426523,0.49040297339198
binary,oncogenic_pathway,STAD,PI3K,FALSE,327,TRUE,Recorded sex,MALE,220,88,132,TRUE,performance estimated,,,,0.438636363636364,0.703030303030303,0.570833333333333,0.607696280991736,0.496462580946926
binary,oncogenic_pathway,STAD,RTK RAS,FALSE,327,TRUE,Broad race,Asian,72,37,35,TRUE,performance estimated,,,,0.681081081081081,0.542857142857143,0.611969111969112,0.663783783783784,0.671619014624464
binary,oncogenic_pathway,STAD,RTK RAS,FALSE,327,TRUE,Broad race,Black or African American,11,8,3,FALSE,fewer than 20 positive and 20 negative subgroup patients,,,,,,,,
binary,oncogenic_pathway,STAD,RTK RAS,FALSE,327,TRUE,Broad race,Missing,37,25,12,FALSE,demographic field missing,,,,,,,,
binary,oncogenic_pathway,STAD,RTK RAS,FALSE,327,TRUE,Broad race,White,207,122,85,TRUE,performance estimated,,,,0.750819672131147,0.482352941176471,0.616586306653809,0.67228543876567,0.743021471046776
binary,oncogenic_pathway,STAD,RTK RAS,FALSE,327,TRUE,Recorded sex,FEMALE,107,68,39,TRUE,performance estimated,,,,0.723529411764706,0.517948717948718,0.620739064856712,0.657164404223228,0.767591588538325
binary,oncogenic_pathway,STAD,RTK RAS,FALSE,327,TRUE,Recorded sex,MALE,220,124,96,TRUE,performance estimated,,,,0.743548387096774,0.49375,0.618649193548387,0.677066532258065,0.720228837075496
binary,oncogenic_pathway,STAD,TP53,FALSE,327,TRUE,Broad race,Asian,72,39,33,TRUE,performance estimated,,,,0.6,0.587878787878788,0.593939393939394,0.653302253302253,0.712685685797056
binary,oncogenic_pathway,STAD,TP53,FALSE,327,TRUE,Broad race,Black or African American,11,7,4,FALSE,fewer than 20 positive and 20 negative subgroup patients,,,,,,,,
binary,oncogenic_pathway,STAD,TP53,FALSE,327,TRUE,Broad race,Missing,37,23,14,FALSE,demographic field missing,,,,,,,,
binary,oncogenic_pathway,STAD,TP53,FALSE,327,TRUE,Broad race,White,207,115,92,TRUE,performance estimated,,,,0.707826086956522,0.576086956521739,0.64195652173913,0.698884688090737,0.725245966515747
binary,oncogenic_pathway,STAD,TP53,FALSE,327,TRUE,Recorded sex,FEMALE,107,62,45,TRUE,performance estimated,,,,0.596774193548387,0.635555555555556,0.616164874551972,0.668100358422939,0.74495121368736
binary,oncogenic_pathway,STAD,TP53,FALSE,327,TRUE,Recorded sex,MALE,220,122,98,TRUE,performance estimated,,,,0.737704918032787,0.5,0.618852459016394,0.675041820006691,0.694584292416504
binary,oncogenic_pathway,TGCT,RTK RAS,FALSE,143,FALSE,Broad race,Asian,4,2,2,FALSE,model has fewer than 200 outcome-labelled patients,,,,,,,,
binary,oncogenic_pathway,TGCT,RTK RAS,FALSE,143,FALSE,Broad race,Black or African American,6,2,4,FALSE,model has fewer than 200 outcome-labelled patients,,,,,,,,
binary,oncogenic_pathway,TGCT,RTK RAS,FALSE,143,FALSE,Broad race,Missing,21,8,13,FALSE,model has fewer than 200 outcome-labelled patients,,,,,,,,
binary,oncogenic_pathway,TGCT,RTK RAS,FALSE,143,FALSE,Broad race,White,112,42,70,FALSE,model has fewer than 200 outcome-labelled patients,,,,,,,,
binary,oncogenic_pathway,TGCT,RTK RAS,FALSE,143,FALSE,Recorded sex,MALE,127,50,77,FALSE,model has fewer than 200 outcome-labelled patients,,,,,,,,
binary,oncogenic_pathway,TGCT,RTK RAS,FALSE,143,FALSE,Recorded sex,Missing,16,4,12,FALSE,model has fewer than 200 outcome-labelled patients,,,,,,,,
binary,oncogenic_pathway,THCA,RTK RAS,FALSE,478,TRUE,Broad race,Asian,50,47,3,FALSE,fewer than 20 negative subgroup patients,,,,,,,,
binary,oncogenic_pathway,THCA,RTK RAS,FALSE,478,TRUE,Broad race,Black or African American,26,23,3,FALSE,fewer than 20 negative subgroup patients,,,,,,,,
binary,oncogenic_pathway,THCA,RTK RAS,FALSE,478,TRUE,Broad race,Missing,88,63,25,FALSE,demographic field missing,,,,,,,,
binary,oncogenic_pathway,THCA,RTK RAS,FALSE,478,TRUE,Broad race,Other recorded race,1,1,0,FALSE,fewer than 20 positive and 20 negative subgroup patients,,,,,,,,
binary,oncogenic_pathway,THCA,RTK RAS,FALSE,478,TRUE,Broad race,White,313,269,44,TRUE,performance estimated,,,,0.951672862453532,0.404545454545455,0.678109158499493,0.787191618790132,0.948772275885062
binary,oncogenic_pathway,THCA,RTK RAS,FALSE,478,TRUE,Recorded sex,FEMALE,352,298,54,TRUE,performance estimated,,,,0.935570469798658,0.544444444444445,0.740007457121551,0.844345016157097,0.960922570678954
binary,oncogenic_pathway,THCA,RTK RAS,FALSE,478,TRUE,Recorded sex,MALE,126,105,21,TRUE,performance estimated,,,,0.923809523809524,0.447619047619048,0.685714285714286,0.732517006802721,0.920269343955814
binary,oncogenic_pathway,THCA,WNT,FALSE,478,TRUE,Broad race,Asian,50,4,46,FALSE,fewer than 20 positive subgroup patients,,,,,,,,
binary,oncogenic_pathway,THCA,WNT,FALSE,478,TRUE,Broad race,Black or African American,26,1,25,FALSE,fewer than 20 positive subgroup patients,,,,,,,,
binary,oncogenic_pathway,THCA,WNT,FALSE,478,TRUE,Broad race,Missing,88,18,70,FALSE,demographic field missing,,,,,,,,
binary,oncogenic_pathway,THCA,WNT,FALSE,478,TRUE,Broad race,Other recorded race,1,0,1,FALSE,fewer than 20 positive and 20 negative subgroup patients,,,,,,,,
binary,oncogenic_pathway,THCA,WNT,FALSE,478,TRUE,Broad race,White,313,39,274,TRUE,performance estimated,,,,0.4,0.947445255474453,0.673722627737226,0.704772599663111,0.3837036157971
binary,oncogenic_pathway,THCA,WNT,FALSE,478,TRUE,Recorded sex,FEMALE,352,48,304,TRUE,performance estimated,,,,0.470833333333333,0.9375,0.704166666666667,0.749054276315789,0.447090644484465
binary,oncogenic_pathway,THCA,WNT,FALSE,478,TRUE,Recorded sex,MALE,126,14,112,FALSE,fewer than 20 positive subgroup patients,,,,,,,,
binary,oncogenic_pathway,UCEC,TP53,FALSE,468,TRUE,Broad race,Asian,19,8,11,FALSE,fewer than 20 positive and 20 negative subgroup patients,,,,,,,,
binary,oncogenic_pathway,UCEC,TP53,FALSE,468,TRUE,Broad race,Black or African American,94,57,37,TRUE,performance estimated,,,,0.712280701754386,0.778378378378378,0.745329540066382,0.767472735893789,0.797510720650988
binary,oncogenic_pathway,UCEC,TP53,FALSE,468,TRUE,Broad race,Missing,29,21,8,FALSE,demographic field missing,,,,,,,,
binary,oncogenic_pathway,UCEC,TP53,FALSE,468,TRUE,Broad race,Other recorded race,11,5,6,FALSE,fewer than 20 positive and 20 negative subgroup patients,,,,,,,,
binary,oncogenic_pathway,UCEC,TP53,FALSE,468,TRUE,Broad race,White,315,127,188,TRUE,performance estimated,,,,0.645669291338583,0.860638297872341,0.753153794605462,0.820782375607304,0.781345745999235
binary,oncogenic_pathway,UCEC,TP53,FALSE,468,TRUE,Recorded sex,FEMALE,468,218,250,TRUE,performance estimated,,,,0.685321100917431,0.832,0.758660550458716,0.809816513761468,0.783343542061311
binary,oncogenic_pathway,UCEC,WNT,FALSE,468,TRUE,Broad race,Asian,19,9,10,FALSE,fewer than 20 positive and 20 negative subgroup patients,,,,,,,,
binary,oncogenic_pathway,UCEC,WNT,FALSE,468,TRUE,Broad race,Black or African American,94,41,53,TRUE,performance estimated,,,,0.653658536585366,0.633962264150943,0.643810400368155,0.72185918085596,0.660301800762069
binary,oncogenic_pathway,UCEC,WNT,FALSE,468,TRUE,Broad race,Missing,29,15,14,FALSE,demographic field missing,,,,,,,,
binary,oncogenic_pathway,UCEC,WNT,FALSE,468,TRUE,Broad race,Other recorded race,11,6,5,FALSE,fewer than 20 positive and 20 negative subgroup patients,,,,,,,,
binary,oncogenic_pathway,UCEC,WNT,FALSE,468,TRUE,Broad race,White,315,159,156,TRUE,performance estimated,,,,0.670440251572327,0.582051282051282,0.626245766811804,0.663554265441058,0.658590162359997
binary,oncogenic_pathway,UCEC,WNT,FALSE,468,TRUE,Recorded sex,FEMALE,468,230,238,TRUE,performance estimated,,,,0.651304347826087,0.600840336134454,0.62607234198027,0.670800146145415,0.652997970640816
continuous,aneuploidy,BRCA,Aneuploidy score,FALSE,998,TRUE,Broad race,Asian,59,,,TRUE,performance estimated,0.107379545930714,7.05885536947294,0.365877833970076,,,,,
continuous,aneuploidy,BRCA,Aneuploidy score,FALSE,998,TRUE,Broad race,Black or African American,159,,,TRUE,performance estimated,0.30004100444054,6.39059212934996,0.555862186374062,,,,,
continuous,aneuploidy,BRCA,Aneuploidy score,FALSE,998,TRUE,Broad race,Missing,86,,,FALSE,demographic field missing,,,,,,,,
continuous,aneuploidy,BRCA,Aneuploidy score,FALSE,998,TRUE,Broad race,Other recorded race,1,,,FALSE,fewer than 50 subgroup patients,,,,,,,,
continuous,aneuploidy,BRCA,Aneuploidy score,FALSE,998,TRUE,Broad race,White,693,,,TRUE,performance estimated,0.194262566800142,7.06836763580262,0.483675879075156,,,,,
continuous,aneuploidy,BRCA,Aneuploidy score,FALSE,998,TRUE,Recorded sex,FEMALE,987,,,TRUE,performance estimated,0.216279967738002,6.9316571557713,0.493646604280974,,,,,
continuous,aneuploidy,BRCA,Aneuploidy score,FALSE,998,TRUE,Recorded sex,MALE,11,,,FALSE,fewer than 50 subgroup patients,,,,,,,,
continuous,aneuploidy,BRCA,Deleted arm count,FALSE,998,TRUE,Broad race,Asian,59,,,TRUE,performance estimated,0.0984855977031816,3.87643157028756,0.358075906922275,,,,,
continuous,aneuploidy,BRCA,Deleted arm count,FALSE,998,TRUE,Broad race,Black or African American,159,,,TRUE,performance estimated,0.255615087449358,4.8630962443326,0.525353491493529,,,,,
continuous,aneuploidy,BRCA,Deleted arm count,FALSE,998,TRUE,Broad race,Missing,86,,,FALSE,demographic field missing,,,,,,,,
continuous,aneuploidy,BRCA,Deleted arm count,FALSE,998,TRUE,Broad race,Other recorded race,1,,,FALSE,fewer than 50 subgroup patients,,,,,,,,
continuous,aneuploidy,BRCA,Deleted arm count,FALSE,998,TRUE,Broad race,White,693,,,TRUE,performance estimated,0.191258828239921,4.85858078604367,0.506419460769496,,,,,
continuous,aneuploidy,BRCA,Deleted arm count,FALSE,998,TRUE,Recorded sex,FEMALE,987,,,TRUE,performance estimated,0.214375020957292,4.80399274082607,0.510515399612723,,,,,
continuous,aneuploidy,BRCA,Deleted arm count,FALSE,998,TRUE,Recorded sex,MALE,11,,,FALSE,fewer than 50 subgroup patients,,,,,,,,
continuous,aneuploidy,COAD,Aneuploidy score,FALSE,408,TRUE,Broad race,Asian,10,,,FALSE,fewer than 50 subgroup patients,,,,,,,,
continuous,aneuploidy,COAD,Aneuploidy score,FALSE,408,TRUE,Broad race,Black or African American,57,,,TRUE,performance estimated,0.0924181818081627,7.96086124124784,0.421564417133043,,,,,
continuous,aneuploidy,COAD,Aneuploidy score,FALSE,408,TRUE,Broad race,Missing,141,,,FALSE,demographic field missing,,,,,,,,
continuous,aneuploidy,COAD,Aneuploidy score,FALSE,408,TRUE,Broad race,Other recorded race,1,,,FALSE,fewer than 50 subgroup patients,,,,,,,,
continuous,aneuploidy,COAD,Aneuploidy score,FALSE,408,TRUE,Broad race,White,199,,,TRUE,performance estimated,0.312819591615545,6.95930038335684,0.591644941512463,,,,,
continuous,aneuploidy,COAD,Aneuploidy score,FALSE,408,TRUE,Recorded sex,FEMALE,200,,,TRUE,performance estimated,0.240973190376152,7.1361108279565,0.54674782640128,,,,,
continuous,aneuploidy,COAD,Aneuploidy score,FALSE,408,TRUE,Recorded sex,MALE,207,,,TRUE,performance estimated,0.308362441373194,6.77327290541906,0.574580165599879,,,,,
continuous,aneuploidy,COAD,Aneuploidy score,FALSE,408,TRUE,Recorded sex,Missing,1,,,FALSE,demographic field missing,,,,,,,,
continuous,aneuploidy,COAD,Deleted arm count,FALSE,408,TRUE,Broad race,Asian,10,,,FALSE,fewer than 50 subgroup patients,,,,,,,,
continuous,aneuploidy,COAD,Deleted arm count,FALSE,408,TRUE,Broad race,Black or African American,57,,,TRUE,performance estimated,0.214823049070235,5.70950580862647,0.589813338239961,,,,,
continuous,aneuploidy,COAD,Deleted arm count,FALSE,408,TRUE,Broad race,Missing,141,,,FALSE,demographic field missing,,,,,,,,
continuous,aneuploidy,COAD,Deleted arm count,FALSE,408,TRUE,Broad race,Other recorded race,1,,,FALSE,fewer than 50 subgroup patients,,,,,,,,
continuous,aneuploidy,COAD,Deleted arm count,FALSE,408,TRUE,Broad race,White,199,,,TRUE,performance estimated,0.22204718856966,5.88965379551062,0.571934667078219,,,,,
continuous,aneuploidy,COAD,Deleted arm count,FALSE,408,TRUE,Recorded sex,FEMALE,200,,,TRUE,performance estimated,0.201861217181686,5.60947755817357,0.572658434583095,,,,,
continuous,aneuploidy,COAD,Deleted arm count,FALSE,408,TRUE,Recorded sex,MALE,207,,,TRUE,performance estimated,0.176241835751855,5.89953861273748,0.529436076129707,,,,,
continuous,aneuploidy,COAD,Deleted arm count,FALSE,408,TRUE,Recorded sex,Missing,1,,,FALSE,demographic field missing,,,,,,,,
continuous,aneuploidy,STAD,Aneuploidy score,FALSE,360,TRUE,Broad race,Asian,80,,,TRUE,performance estimated,0.240830680702595,7.13483002210476,0.519916151878438,,,,,
continuous,aneuploidy,STAD,Aneuploidy score,FALSE,360,TRUE,Broad race,Black or African American,10,,,FALSE,fewer than 50 subgroup patients,,,,,,,,
continuous,aneuploidy,STAD,Aneuploidy score,FALSE,360,TRUE,Broad race,Missing,41,,,FALSE,demographic field missing,,,,,,,,
continuous,aneuploidy,STAD,Aneuploidy score,FALSE,360,TRUE,Broad race,Other recorded race,1,,,FALSE,fewer than 50 subgroup patients,,,,,,,,
continuous,aneuploidy,STAD,Aneuploidy score,FALSE,360,TRUE,Broad race,White,228,,,TRUE,performance estimated,0.247905728749477,7.36226885531944,0.545533295802919,,,,,
continuous,aneuploidy,STAD,Aneuploidy score,FALSE,360,TRUE,Recorded sex,FEMALE,121,,,TRUE,performance estimated,0.392882422868506,6.64170663691384,0.635842073729572,,,,,
continuous,aneuploidy,STAD,Aneuploidy score,FALSE,360,TRUE,Recorded sex,MALE,239,,,TRUE,performance estimated,0.163844581841114,7.52644443213179,0.470529517092759,,,,,
continuous,aneuploidy,THYM,Aneuploidy score,FALSE,103,FALSE,Broad race,Asian,13,,,FALSE,model has fewer than 200 outcome-labelled patients,,,,,,,,
continuous,aneuploidy,THYM,Aneuploidy score,FALSE,103,FALSE,Broad race,Black or African American,5,,,FALSE,model has fewer than 200 outcome-labelled patients,,,,,,,,
continuous,aneuploidy,THYM,Aneuploidy score,FALSE,103,FALSE,Broad race,Missing,1,,,FALSE,model has fewer than 200 outcome-labelled patients,,,,,,,,
continuous,aneuploidy,THYM,Aneuploidy score,FALSE,103,FALSE,Broad race,White,84,,,FALSE,model has fewer than 200 outcome-labelled patients,,,,,,,,
continuous,aneuploidy,THYM,Aneuploidy score,FALSE,103,FALSE,Recorded sex,FEMALE,48,,,FALSE,model has fewer than 200 outcome-labelled patients,,,,,,,,
continuous,aneuploidy,THYM,Aneuploidy score,FALSE,103,FALSE,Recorded sex,MALE,55,,,FALSE,model has fewer than 200 outcome-labelled patients,,,,,,,,
continuous,aneuploidy,UCEC,Aneuploidy score,FALSE,477,TRUE,Broad race,Asian,19,,,FALSE,fewer than 50 subgroup patients,,,,,,,,
continuous,aneuploidy,UCEC,Aneuploidy score,FALSE,477,TRUE,Broad race,Black or African American,97,,,TRUE,performance estimated,0.313949264228565,6.47263207278951,0.595956072444095,,,,,
continuous,aneuploidy,UCEC,Aneuploidy score,FALSE,477,TRUE,Broad race,Missing,30,,,FALSE,demographic field missing,,,,,,,,
continuous,aneuploidy,UCEC,Aneuploidy score,FALSE,477,TRUE,Broad race,Other recorded race,11,,,FALSE,fewer than 50 subgroup patients,,,,,,,,
continuous,aneuploidy,UCEC,Aneuploidy score,FALSE,477,TRUE,Broad race,White,320,,,TRUE,performance estimated,0.323794381074481,5.66388618800994,0.567996684344582,,,,,
continuous,aneuploidy,UCEC,Aneuploidy score,FALSE,477,TRUE,Recorded sex,FEMALE,477,,,TRUE,performance estimated,0.340914203836818,5.79060434989839,0.592241437148388,,,,,
continuous,aneuploidy,UCEC,Deleted arm count,FALSE,477,TRUE,Broad race,Asian,19,,,FALSE,fewer than 50 subgroup patients,,,,,,,,
continuous,aneuploidy,UCEC,Deleted arm count,FALSE,477,TRUE,Broad race,Black or African American,97,,,TRUE,performance estimated,0.233530625420479,4.47176820363075,0.615405472196391,,,,,
continuous,aneuploidy,UCEC,Deleted arm count,FALSE,477,TRUE,Broad race,Missing,30,,,FALSE,demographic field missing,,,,,,,,
continuous,aneuploidy,UCEC,Deleted arm count,FALSE,477,TRUE,Broad race,Other recorded race,11,,,FALSE,fewer than 50 subgroup patients,,,,,,,,
continuous,aneuploidy,UCEC,Deleted arm count,FALSE,477,TRUE,Broad race,White,320,,,TRUE,performance estimated,0.328573094804181,3.97279210412268,0.594612871097232,,,,,
continuous,aneuploidy,UCEC,Deleted arm count,FALSE,477,TRUE,Recorded sex,FEMALE,477,,,TRUE,performance estimated,0.323570336965568,4.03527976273282,0.620356921462214,,,,,
continuous,aneuploidy,UVM,Deleted arm count,FALSE,80,FALSE,Broad race,Missing,25,,,FALSE,model has fewer than 200 outcome-labelled patients,,,,,,,,
continuous,aneuploidy,UVM,Deleted arm count,FALSE,80,FALSE,Broad race,White,55,,,FALSE,model has fewer than 200 outcome-labelled patients,,,,,,,,
continuous,aneuploidy,UVM,Deleted arm count,FALSE,80,FALSE,Recorded sex,FEMALE,35,,,FALSE,model has fewer than 200 outcome-labelled patients,,,,,,,,
continuous,aneuploidy,UVM,Deleted arm count,FALSE,80,FALSE,Recorded sex,MALE,45,,,FALSE,model has fewer than 200 outcome-labelled patients,,,,,,,,
continuous,fusion,BRCA,Fusion burden,FALSE,1051,TRUE,Broad race,Asian,61,,,TRUE,performance estimated,0.151659806918358,0.891682545302955,0.43235841288372,,,,,
continuous,fusion,BRCA,Fusion burden,FALSE,1051,TRUE,Broad race,Black or African American,167,,,TRUE,performance estimated,0.150857850156265,0.843573614783555,0.396993129157283,,,,,
continuous,fusion,BRCA,Fusion burden,FALSE,1051,TRUE,Broad race,Missing,94,,,FALSE,demographic field missing,,,,,,,,
continuous,fusion,BRCA,Fusion burden,FALSE,1051,TRUE,Broad race,Other recorded race,1,,,FALSE,fewer than 50 subgroup patients,,,,,,,,
continuous,fusion,BRCA,Fusion burden,FALSE,1051,TRUE,Broad race,White,728,,,TRUE,performance estimated,0.25497940188767,0.810948279317855,0.510026434335534,,,,,
continuous,fusion,BRCA,Fusion burden,FALSE,1051,TRUE,Recorded sex,FEMALE,1039,,,TRUE,performance estimated,0.25653670993222,0.823721102984115,0.519451666816721,,,,,
continuous,fusion,BRCA,Fusion burden,FALSE,1051,TRUE,Recorded sex,MALE,12,,,FALSE,fewer than 50 subgroup patients,,,,,,,,
continuous,fusion,LGG,Fusion burden,FALSE,487,TRUE,Broad race,Asian,7,,,FALSE,fewer than 50 subgroup patients,,,,,,,,
continuous,fusion,LGG,Fusion burden,FALSE,487,TRUE,Broad race,Black or African American,20,,,FALSE,fewer than 50 subgroup patients,,,,,,,,
continuous,fusion,LGG,Fusion burden,FALSE,487,TRUE,Broad race,Missing,11,,,FALSE,demographic field missing,,,,,,,,
continuous,fusion,LGG,Fusion burden,FALSE,487,TRUE,Broad race,Other recorded race,1,,,FALSE,fewer than 50 subgroup patients,,,,,,,,
continuous,fusion,LGG,Fusion burden,FALSE,487,TRUE,Broad race,White,448,,,TRUE,performance estimated,0.225767513545822,0.643096092298815,0.501557325688842,,,,,
continuous,fusion,LGG,Fusion burden,FALSE,487,TRUE,Recorded sex,FEMALE,215,,,TRUE,performance estimated,0.171337597693793,0.673811956297469,0.455814191171307,,,,,
continuous,fusion,LGG,Fusion burden,FALSE,487,TRUE,Recorded sex,MALE,271,,,TRUE,performance estimated,0.259024288928896,0.616051322300778,0.515446590613741,,,,,
continuous,fusion,LGG,Fusion burden,FALSE,487,TRUE,Recorded sex,Missing,1,,,FALSE,demographic field missing,,,,,,,,
continuous,fusion,UCEC,Fusion burden,FALSE,153,FALSE,Broad race,Asian,1,,,FALSE,model has fewer than 200 outcome-labelled patients,,,,,,,,
continuous,fusion,UCEC,Fusion burden,FALSE,153,FALSE,Broad race,Black or African American,62,,,FALSE,model has fewer than 200 outcome-labelled patients,,,,,,,,
continuous,fusion,UCEC,Fusion burden,FALSE,153,FALSE,Broad race,Missing,18,,,FALSE,model has fewer than 200 outcome-labelled patients,,,,,,,,
continuous,fusion,UCEC,Fusion burden,FALSE,153,FALSE,Broad race,Other recorded race,3,,,FALSE,model has fewer than 200 outcome-labelled patients,,,,,,,,
continuous,fusion,UCEC,Fusion burden,FALSE,153,FALSE,Broad race,White,69,,,FALSE,model has fewer than 200 outcome-labelled patients,,,,,,,,
continuous,fusion,UCEC,Fusion burden,FALSE,153,FALSE,Recorded sex,FEMALE,153,,,FALSE,model has fewer than 200 outcome-labelled patients,,,,,,,,
continuous,microsatellite_instability,COAD,MANTIS score,FALSE,391,TRUE,Broad race,Asian,11,,,FALSE,fewer than 50 subgroup patients,,,,,,,,
continuous,microsatellite_instability,COAD,MANTIS score,FALSE,391,TRUE,Broad race,Black or African American,56,,,TRUE,performance estimated,-0.241995912745508,0.225056497381501,0.264602344732278,,,,,
continuous,microsatellite_instability,COAD,MANTIS score,FALSE,391,TRUE,Broad race,Missing,123,,,FALSE,demographic field missing,,,,,,,,
continuous,microsatellite_instability,COAD,MANTIS score,FALSE,391,TRUE,Broad race,Other recorded race,1,,,FALSE,fewer than 50 subgroup patients,,,,,,,,
continuous,microsatellite_instability,COAD,MANTIS score,FALSE,391,TRUE,Broad race,White,200,,,TRUE,performance estimated,0.307525794996215,0.189956372015882,0.428589375556407,,,,,
continuous,microsatellite_instability,COAD,MANTIS score,FALSE,391,TRUE,Recorded sex,FEMALE,195,,,TRUE,performance estimated,0.302833885891228,0.224125006991114,0.473719010812336,,,,,
continuous,microsatellite_instability,COAD,MANTIS score,FALSE,391,TRUE,Recorded sex,MALE,195,,,TRUE,performance estimated,0.0324938845699138,0.179266208814504,0.320564083956712,,,,,
continuous,microsatellite_instability,COAD,MANTIS score,FALSE,391,TRUE,Recorded sex,Missing,1,,,FALSE,demographic field missing,,,,,,,,
continuous,microsatellite_instability,COAD,MSIsensor score,FALSE,411,TRUE,Broad race,Asian,11,,,FALSE,fewer than 50 subgroup patients,,,,,,,,
continuous,microsatellite_instability,COAD,MSIsensor score,FALSE,411,TRUE,Broad race,Black or African American,57,,,TRUE,performance estimated,0.0141629224073242,9.24603885609008,0.332073181219042,,,,,
continuous,microsatellite_instability,COAD,MSIsensor score,FALSE,411,TRUE,Broad race,Missing,144,,,FALSE,demographic field missing,,,,,,,,
continuous,microsatellite_instability,COAD,MSIsensor score,FALSE,411,TRUE,Broad race,Other recorded race,1,,,FALSE,fewer than 50 subgroup patients,,,,,,,,
continuous,microsatellite_instability,COAD,MSIsensor score,FALSE,411,TRUE,Broad race,White,198,,,TRUE,performance estimated,0.30134545614381,9.77519385173666,0.358534096255935,,,,,
continuous,microsatellite_instability,COAD,MSIsensor score,FALSE,411,TRUE,Recorded sex,FEMALE,201,,,TRUE,performance estimated,0.324065305894507,10.4678391244756,0.406322896325971,,,,,
continuous,microsatellite_instability,COAD,MSIsensor score,FALSE,411,TRUE,Recorded sex,MALE,209,,,TRUE,performance estimated,0.0491025203065614,8.54564159910209,0.116277911469837,,,,,
continuous,microsatellite_instability,COAD,MSIsensor score,FALSE,411,TRUE,Recorded sex,Missing,1,,,FALSE,demographic field missing,,,,,,,,
continuous,microsatellite_instability,STAD,MANTIS score,FALSE,371,TRUE,Broad race,Asian,83,,,TRUE,performance estimated,0.146136129081876,0.212538640035067,0.257197281799247,,,,,
continuous,microsatellite_instability,STAD,MANTIS score,FALSE,371,TRUE,Broad race,Black or African American,13,,,FALSE,fewer than 50 subgroup patients,,,,,,,,
continuous,microsatellite_instability,STAD,MANTIS score,FALSE,371,TRUE,Broad race,Missing,40,,,FALSE,demographic field missing,,,,,,,,
continuous,microsatellite_instability,STAD,MANTIS score,FALSE,371,TRUE,Broad race,Other recorded race,1,,,FALSE,fewer than 50 subgroup patients,,,,,,,,
continuous,microsatellite_instability,STAD,MANTIS score,FALSE,371,TRUE,Broad race,White,234,,,TRUE,performance estimated,0.199344903485587,0.199361509355055,0.330795874656789,,,,,
continuous,microsatellite_instability,STAD,MANTIS score,FALSE,371,TRUE,Recorded sex,FEMALE,127,,,TRUE,performance estimated,0.280071939084169,0.22506978729179,0.452274581488555,,,,,
continuous,microsatellite_instability,STAD,MANTIS score,FALSE,371,TRUE,Recorded sex,MALE,244,,,TRUE,performance estimated,0.116841001558186,0.204770078376593,0.227426751933849,,,,,
continuous,microsatellite_instability,TGCT,MSIsensor score,FALSE,148,FALSE,Broad race,Asian,4,,,FALSE,model has fewer than 200 outcome-labelled patients,,,,,,,,
continuous,microsatellite_instability,TGCT,MSIsensor score,FALSE,148,FALSE,Broad race,Black or African American,6,,,FALSE,model has fewer than 200 outcome-labelled patients,,,,,,,,
continuous,microsatellite_instability,TGCT,MSIsensor score,FALSE,148,FALSE,Broad race,Missing,21,,,FALSE,model has fewer than 200 outcome-labelled patients,,,,,,,,
continuous,microsatellite_instability,TGCT,MSIsensor score,FALSE,148,FALSE,Broad race,White,117,,,FALSE,model has fewer than 200 outcome-labelled patients,,,,,,,,
continuous,microsatellite_instability,TGCT,MSIsensor score,FALSE,148,FALSE,Recorded sex,MALE,132,,,FALSE,model has fewer than 200 outcome-labelled patients,,,,,,,,
continuous,microsatellite_instability,TGCT,MSIsensor score,FALSE,148,FALSE,Recorded sex,Missing,16,,,FALSE,model has fewer than 200 outcome-labelled patients,,,,,,,,
continuous,rna_pathway_activity,ACC,HALLMARK_ADIPOGENESIS,FALSE,55,FALSE,Broad race,Asian,1,,,FALSE,model has fewer than 200 outcome-labelled patients,,,,,,,,
continuous,rna_pathway_activity,ACC,HALLMARK_ADIPOGENESIS,FALSE,55,FALSE,Broad race,Black or African American,1,,,FALSE,model has fewer than 200 outcome-labelled patients,,,,,,,,
continuous,rna_pathway_activity,ACC,HALLMARK_ADIPOGENESIS,FALSE,55,FALSE,Broad race,Missing,11,,,FALSE,model has fewer than 200 outcome-labelled patients,,,,,,,,
continuous,rna_pathway_activity,ACC,HALLMARK_ADIPOGENESIS,FALSE,55,FALSE,Broad race,White,42,,,FALSE,model has fewer than 200 outcome-labelled patients,,,,,,,,
continuous,rna_pathway_activity,ACC,HALLMARK_ADIPOGENESIS,FALSE,55,FALSE,Recorded sex,FEMALE,30,,,FALSE,model has fewer than 200 outcome-labelled patients,,,,,,,,
continuous,rna_pathway_activity,ACC,HALLMARK_ADIPOGENESIS,FALSE,55,FALSE,Recorded sex,MALE,25,,,FALSE,model has fewer than 200 outcome-labelled patients,,,,,,,,
continuous,rna_pathway_activity,ACC,HALLMARK_ALLOGRAFT_REJECTION,FALSE,55,FALSE,Broad race,Asian,1,,,FALSE,model has fewer than 200 outcome-labelled patients,,,,,,,,
continuous,rna_pathway_activity,ACC,HALLMARK_ALLOGRAFT_REJECTION,FALSE,55,FALSE,Broad race,Black or African American,1,,,FALSE,model has fewer than 200 outcome-labelled patients,,,,,,,,
continuous,rna_pathway_activity,ACC,HALLMARK_ALLOGRAFT_REJECTION,FALSE,55,FALSE,Broad race,Missing,11,,,FALSE,model has fewer than 200 outcome-labelled patients,,,,,,,,
continuous,rna_pathway_activity,ACC,HALLMARK_ALLOGRAFT_REJECTION,FALSE,55,FALSE,Broad race,White,42,,,FALSE,model has fewer than 200 outcome-labelled patients,,,,,,,,
continuous,rna_pathway_activity,ACC,HALLMARK_ALLOGRAFT_REJECTION,FALSE,55,FALSE,Recorded sex,FEMALE,30,,,FALSE,model has fewer than 200 outcome-labelled patients,,,,,,,,
continuous,rna_pathway_activity,ACC,HALLMARK_ALLOGRAFT_REJECTION,FALSE,55,FALSE,Recorded sex,MALE,25,,,FALSE,model has fewer than 200 outcome-labelled patients,,,,,,,,
continuous,rna_pathway_activity,ACC,HALLMARK_APOPTOSIS,FALSE,55,FALSE,Broad race,Asian,1,,,FALSE,model has fewer than 200 outcome-labelled patients,,,,,,,,
continuous,rna_pathway_activity,ACC,HALLMARK_APOPTOSIS,FALSE,55,FALSE,Broad race,Black or African American,1,,,FALSE,model has fewer than 200 outcome-labelled patients,,,,,,,,
continuous,rna_pathway_activity,ACC,HALLMARK_APOPTOSIS,FALSE,55,FALSE,Broad race,Missing,11,,,FALSE,model has fewer than 200 outcome-labelled patients,,,,,,,,
continuous,rna_pathway_activity,ACC,HALLMARK_APOPTOSIS,FALSE,55,FALSE,Broad race,White,42,,,FALSE,model has fewer than 200 outcome-labelled patients,,,,,,,,
continuous,rna_pathway_activity,ACC,HALLMARK_APOPTOSIS,FALSE,55,FALSE,Recorded sex,FEMALE,30,,,FALSE,model has fewer than 200 outcome-labelled patients,,,,,,,,
continuous,rna_pathway_activity,ACC,HALLMARK_APOPTOSIS,FALSE,55,FALSE,Recorded sex,MALE,25,,,FALSE,model has fewer than 200 outcome-labelled patients,,,,,,,,
continuous,rna_pathway_activity,ACC,HALLMARK_BILE_ACID_METABOLISM,FALSE,55,FALSE,Broad race,Asian,1,,,FALSE,model has fewer than 200 outcome-labelled patients,,,,,,,,
continuous,rna_pathway_activity,ACC,HALLMARK_BILE_ACID_METABOLISM,FALSE,55,FALSE,Broad race,Black or African American,1,,,FALSE,model has fewer than 200 outcome-labelled patients,,,,,,,,
continuous,rna_pathway_activity,ACC,HALLMARK_BILE_ACID_METABOLISM,FALSE,55,FALSE,Broad race,Missing,11,,,FALSE,model has fewer than 200 outcome-labelled patients,,,,,,,,
continuous,rna_pathway_activity,ACC,HALLMARK_BILE_ACID_METABOLISM,FALSE,55,FALSE,Broad race,White,42,,,FALSE,model has fewer than 200 outcome-labelled patients,,,,,,,,
continuous,rna_pathway_activity,ACC,HALLMARK_BILE_ACID_METABOLISM,FALSE,55,FALSE,Recorded sex,FEMALE,30,,,FALSE,model has fewer than 200 outcome-labelled patients,,,,,,,,
continuous,rna_pathway_activity,ACC,HALLMARK_BILE_ACID_METABOLISM,FALSE,55,FALSE,Recorded sex,MALE,25,,,FALSE,model has fewer than 200 outcome-labelled patients,,,,,,,,
continuous,rna_pathway_activity,ACC,HALLMARK_CHOLESTEROL_HOMEOSTASIS,FALSE,55,FALSE,Broad race,Asian,1,,,FALSE,model has fewer than 200 outcome-labelled patients,,,,,,,,
continuous,rna_pathway_activity,ACC,HALLMARK_CHOLESTEROL_HOMEOSTASIS,FALSE,55,FALSE,Broad race,Black or African American,1,,,FALSE,model has fewer than 200 outcome-labelled patients,,,,,,,,
continuous,rna_pathway_activity,ACC,HALLMARK_CHOLESTEROL_HOMEOSTASIS,FALSE,55,FALSE,Broad race,Missing,11,,,FALSE,model has fewer than 200 outcome-labelled patients,,,,,,,,
continuous,rna_pathway_activity,ACC,HALLMARK_CHOLESTEROL_HOMEOSTASIS,FALSE,55,FALSE,Broad race,White,42,,,FALSE,model has fewer than 200 outcome-labelled patients,,,,,,,,
continuous,rna_pathway_activity,ACC,HALLMARK_CHOLESTEROL_HOMEOSTASIS,FALSE,55,FALSE,Recorded sex,FEMALE,30,,,FALSE,model has fewer than 200 outcome-labelled patients,,,,,,,,
continuous,rna_pathway_activity,ACC,HALLMARK_CHOLESTEROL_HOMEOSTASIS,FALSE,55,FALSE,Recorded sex,MALE,25,,,FALSE,model has fewer than 200 outcome-labelled patients,,,,,,,,
continuous,rna_pathway_activity,ACC,HALLMARK_COAGULATION,FALSE,55,FALSE,Broad race,Asian,1,,,FALSE,model has fewer than 200 outcome-labelled patients,,,,,,,,
continuous,rna_pathway_activity,ACC,HALLMARK_COAGULATION,FALSE,55,FALSE,Broad race,Black or African American,1,,,FALSE,model has fewer than 200 outcome-labelled patients,,,,,,,,
continuous,rna_pathway_activity,ACC,HALLMARK_COAGULATION,FALSE,55,FALSE,Broad race,Missing,11,,,FALSE,model has fewer than 200 outcome-labelled patients,,,,,,,,
continuous,rna_pathway_activity,ACC,HALLMARK_COAGULATION,FALSE,55,FALSE,Broad race,White,42,,,FALSE,model has fewer than 200 outcome-labelled patients,,,,,,,,
continuous,rna_pathway_activity,ACC,HALLMARK_COAGULATION,FALSE,55,FALSE,Recorded sex,FEMALE,30,,,FALSE,model has fewer than 200 outcome-labelled patients,,,,,,,,
continuous,rna_pathway_activity,ACC,HALLMARK_COAGULATION,FALSE,55,FALSE,Recorded sex,MALE,25,,,FALSE,model has fewer than 200 outcome-labelled patients,,,,,,,,
continuous,rna_pathway_activity,ACC,HALLMARK_E2F_TARGETS,FALSE,55,FALSE,Broad race,Asian,1,,,FALSE,model has fewer than 200 outcome-labelled patients,,,,,,,,
continuous,rna_pathway_activity,ACC,HALLMARK_E2F_TARGETS,FALSE,55,FALSE,Broad race,Black or African American,1,,,FALSE,model has fewer than 200 outcome-labelled patients,,,,,,,,
continuous,rna_pathway_activity,ACC,HALLMARK_E2F_TARGETS,FALSE,55,FALSE,Broad race,Missing,11,,,FALSE,model has fewer than 200 outcome-labelled patients,,,,,,,,
continuous,rna_pathway_activity,ACC,HALLMARK_E2F_TARGETS,FALSE,55,FALSE,Broad race,White,42,,,FALSE,model has fewer than 200 outcome-labelled patients,,,,,,,,
continuous,rna_pathway_activity,ACC,HALLMARK_E2F_TARGETS,FALSE,55,FALSE,Recorded sex,FEMALE,30,,,FALSE,model has fewer than 200 outcome-labelled patients,,,,,,,,
continuous,rna_pathway_activity,ACC,HALLMARK_E2F_TARGETS,FALSE,55,FALSE,Recorded sex,MALE,25,,,FALSE,model has fewer than 200 outcome-labelled patients,,,,,,,,
continuous,rna_pathway_activity,ACC,HALLMARK_EPITHELIAL_MESENCHYMAL_TRANSITION,FALSE,55,FALSE,Broad race,Asian,1,,,FALSE,model has fewer than 200 outcome-labelled patients,,,,,,,,
continuous,rna_pathway_activity,ACC,HALLMARK_EPITHELIAL_MESENCHYMAL_TRANSITION,FALSE,55,FALSE,Broad race,Black or African American,1,,,FALSE,model has fewer than 200 outcome-labelled patients,,,,,,,,
continuous,rna_pathway_activity,ACC,HALLMARK_EPITHELIAL_MESENCHYMAL_TRANSITION,FALSE,55,FALSE,Broad race,Missing,11,,,FALSE,model has fewer than 200 outcome-labelled patients,,,,,,,,
continuous,rna_pathway_activity,ACC,HALLMARK_EPITHELIAL_MESENCHYMAL_TRANSITION,FALSE,55,FALSE,Broad race,White,42,,,FALSE,model has fewer than 200 outcome-labelled patients,,,,,,,,
continuous,rna_pathway_activity,ACC,HALLMARK_EPITHELIAL_MESENCHYMAL_TRANSITION,FALSE,55,FALSE,Recorded sex,FEMALE,30,,,FALSE,model has fewer than 200 outcome-labelled patients,,,,,,,,
continuous,rna_pathway_activity,ACC,HALLMARK_EPITHELIAL_MESENCHYMAL_TRANSITION,FALSE,55,FALSE,Recorded sex,MALE,25,,,FALSE,model has fewer than 200 outcome-labelled patients,,,,,,,,
continuous,rna_pathway_activity,ACC,HALLMARK_FATTY_ACID_METABOLISM,FALSE,55,FALSE,Broad race,Asian,1,,,FALSE,model has fewer than 200 outcome-labelled patients,,,,,,,,
continuous,rna_pathway_activity,ACC,HALLMARK_FATTY_ACID_METABOLISM,FALSE,55,FALSE,Broad race,Black or African American,1,,,FALSE,model has fewer than 200 outcome-labelled patients,,,,,,,,
continuous,rna_pathway_activity,ACC,HALLMARK_FATTY_ACID_METABOLISM,FALSE,55,FALSE,Broad race,Missing,11,,,FALSE,model has fewer than 200 outcome-labelled patients,,,,,,,,
continuous,rna_pathway_activity,ACC,HALLMARK_FATTY_ACID_METABOLISM,FALSE,55,FALSE,Broad race,White,42,,,FALSE,model has fewer than 200 outcome-labelled patients,,,,,,,,
continuous,rna_pathway_activity,ACC,HALLMARK_FATTY_ACID_METABOLISM,FALSE,55,FALSE,Recorded sex,FEMALE,30,,,FALSE,model has fewer than 200 outcome-labelled patients,,,,,,,,
continuous,rna_pathway_activity,ACC,HALLMARK_FATTY_ACID_METABOLISM,FALSE,55,FALSE,Recorded sex,MALE,25,,,FALSE,model has fewer than 200 outcome-labelled patients,,,,,,,,
continuous,rna_pathway_activity,ACC,HALLMARK_G2M_CHECKPOINT,FALSE,55,FALSE,Broad race,Asian,1,,,FALSE,model has fewer than 200 outcome-labelled patients,,,,,,,,
continuous,rna_pathway_activity,ACC,HALLMARK_G2M_CHECKPOINT,FALSE,55,FALSE,Broad race,Black or African American,1,,,FALSE,model has fewer than 200 outcome-labelled patients,,,,,,,,
continuous,rna_pathway_activity,ACC,HALLMARK_G2M_CHECKPOINT,FALSE,55,FALSE,Broad race,Missing,11,,,FALSE,model has fewer than 200 outcome-labelled patients,,,,,,,,
continuous,rna_pathway_activity,ACC,HALLMARK_G2M_CHECKPOINT,FALSE,55,FALSE,Broad race,White,42,,,FALSE,model has fewer than 200 outcome-labelled patients,,,,,,,,
continuous,rna_pathway_activity,ACC,HALLMARK_G2M_CHECKPOINT,FALSE,55,FALSE,Recorded sex,FEMALE,30,,,FALSE,model has fewer than 200 outcome-labelled patients,,,,,,,,
continuous,rna_pathway_activity,ACC,HALLMARK_G2M_CHECKPOINT,FALSE,55,FALSE,Recorded sex,MALE,25,,,FALSE,model has fewer than 200 outcome-labelled patients,,,,,,,,
continuous,rna_pathway_activity,ACC,HALLMARK_IL2_STAT5_SIGNALING,FALSE,55,FALSE,Broad race,Asian,1,,,FALSE,model has fewer than 200 outcome-labelled patients,,,,,,,,
continuous,rna_pathway_activity,ACC,HALLMARK_IL2_STAT5_SIGNALING,FALSE,55,FALSE,Broad race,Black or African American,1,,,FALSE,model has fewer than 200 outcome-labelled patients,,,,,,,,
continuous,rna_pathway_activity,ACC,HALLMARK_IL2_STAT5_SIGNALING,FALSE,55,FALSE,Broad race,Missing,11,,,FALSE,model has fewer than 200 outcome-labelled patients,,,,,,,,
continuous,rna_pathway_activity,ACC,HALLMARK_IL2_STAT5_SIGNALING,FALSE,55,FALSE,Broad race,White,42,,,FALSE,model has fewer than 200 outcome-labelled patients,,,,,,,,
continuous,rna_pathway_activity,ACC,HALLMARK_IL2_STAT5_SIGNALING,FALSE,55,FALSE,Recorded sex,FEMALE,30,,,FALSE,model has fewer than 200 outcome-labelled patients,,,,,,,,
continuous,rna_pathway_activity,ACC,HALLMARK_IL2_STAT5_SIGNALING,FALSE,55,FALSE,Recorded sex,MALE,25,,,FALSE,model has fewer than 200 outcome-labelled patients,,,,,,,,
continuous,rna_pathway_activity,ACC,HALLMARK_IL6_JAK_STAT3_SIGNALING,FALSE,55,FALSE,Broad race,Asian,1,,,FALSE,model has fewer than 200 outcome-labelled patients,,,,,,,,
continuous,rna_pathway_activity,ACC,HALLMARK_IL6_JAK_STAT3_SIGNALING,FALSE,55,FALSE,Broad race,Black or African American,1,,,FALSE,model has fewer than 200 outcome-labelled patients,,,,,,,,
continuous,rna_pathway_activity,ACC,HALLMARK_IL6_JAK_STAT3_SIGNALING,FALSE,55,FALSE,Broad race,Missing,11,,,FALSE,model has fewer than 200 outcome-labelled patients,,,,,,,,
continuous,rna_pathway_activity,ACC,HALLMARK_IL6_JAK_STAT3_SIGNALING,FALSE,55,FALSE,Broad race,White,42,,,FALSE,model has fewer than 200 outcome-labelled patients,,,,,,,,
continuous,rna_pathway_activity,ACC,HALLMARK_IL6_JAK_STAT3_SIGNALING,FALSE,55,FALSE,Recorded sex,FEMALE,30,,,FALSE,model has fewer than 200 outcome-labelled patients,,,,,,,,
continuous,rna_pathway_activity,ACC,HALLMARK_IL6_JAK_STAT3_SIGNALING,FALSE,55,FALSE,Recorded sex,MALE,25,,,FALSE,model has fewer than 200 outcome-labelled patients,,,,,,,,
continuous,rna_pathway_activity,ACC,HALLMARK_INFLAMMATORY_RESPONSE,FALSE,55,FALSE,Broad race,Asian,1,,,FALSE,model has fewer than 200 outcome-labelled patients,,,,,,,,
continuous,rna_pathway_activity,ACC,HALLMARK_INFLAMMATORY_RESPONSE,FALSE,55,FALSE,Broad race,Black or African American,1,,,FALSE,model has fewer than 200 outcome-labelled patients,,,,,,,,
continuous,rna_pathway_activity,ACC,HALLMARK_INFLAMMATORY_RESPONSE,FALSE,55,FALSE,Broad race,Missing,11,,,FALSE,model has fewer than 200 outcome-labelled patients,,,,,,,,
continuous,rna_pathway_activity,ACC,HALLMARK_INFLAMMATORY_RESPONSE,FALSE,55,FALSE,Broad race,White,42,,,FALSE,model has fewer than 200 outcome-labelled patients,,,,,,,,
continuous,rna_pathway_activity,ACC,HALLMARK_INFLAMMATORY_RESPONSE,FALSE,55,FALSE,Recorded sex,FEMALE,30,,,FALSE,model has fewer than 200 outcome-labelled patients,,,,,,,,
continuous,rna_pathway_activity,ACC,HALLMARK_INFLAMMATORY_RESPONSE,FALSE,55,FALSE,Recorded sex,MALE,25,,,FALSE,model has fewer than 200 outcome-labelled patients,,,,,,,,
continuous,rna_pathway_activity,ACC,HALLMARK_MYC_TARGETS_V1,FALSE,55,FALSE,Broad race,Asian,1,,,FALSE,model has fewer than 200 outcome-labelled patients,,,,,,,,
continuous,rna_pathway_activity,ACC,HALLMARK_MYC_TARGETS_V1,FALSE,55,FALSE,Broad race,Black or African American,1,,,FALSE,model has fewer than 200 outcome-labelled patients,,,,,,,,
continuous,rna_pathway_activity,ACC,HALLMARK_MYC_TARGETS_V1,FALSE,55,FALSE,Broad race,Missing,11,,,FALSE,model has fewer than 200 outcome-labelled patients,,,,,,,,
continuous,rna_pathway_activity,ACC,HALLMARK_MYC_TARGETS_V1,FALSE,55,FALSE,Broad race,White,42,,,FALSE,model has fewer than 200 outcome-labelled patients,,,,,,,,
continuous,rna_pathway_activity,ACC,HALLMARK_MYC_TARGETS_V1,FALSE,55,FALSE,Recorded sex,FEMALE,30,,,FALSE,model has fewer than 200 outcome-labelled patients,,,,,,,,
continuous,rna_pathway_activity,ACC,HALLMARK_MYC_TARGETS_V1,FALSE,55,FALSE,Recorded sex,MALE,25,,,FALSE,model has fewer than 200 outcome-labelled patients,,,,,,,,
continuous,rna_pathway_activity,ACC,HALLMARK_MYC_TARGETS_V2,FALSE,55,FALSE,Broad race,Asian,1,,,FALSE,model has fewer than 200 outcome-labelled patients,,,,,,,,
continuous,rna_pathway_activity,ACC,HALLMARK_MYC_TARGETS_V2,FALSE,55,FALSE,Broad race,Black or African American,1,,,FALSE,model has fewer than 200 outcome-labelled patients,,,,,,,,
continuous,rna_pathway_activity,ACC,HALLMARK_MYC_TARGETS_V2,FALSE,55,FALSE,Broad race,Missing,11,,,FALSE,model has fewer than 200 outcome-labelled patients,,,,,,,,
continuous,rna_pathway_activity,ACC,HALLMARK_MYC_TARGETS_V2,FALSE,55,FALSE,Broad race,White,42,,,FALSE,model has fewer than 200 outcome-labelled patients,,,,,,,,
continuous,rna_pathway_activity,ACC,HALLMARK_MYC_TARGETS_V2,FALSE,55,FALSE,Recorded sex,FEMALE,30,,,FALSE,model has fewer than 200 outcome-labelled patients,,,,,,,,
continuous,rna_pathway_activity,ACC,HALLMARK_MYC_TARGETS_V2,FALSE,55,FALSE,Recorded sex,MALE,25,,,FALSE,model has fewer than 200 outcome-labelled patients,,,,,,,,
continuous,rna_pathway_activity,ACC,HALLMARK_OXIDATIVE_PHOSPHORYLATION,FALSE,55,FALSE,Broad race,Asian,1,,,FALSE,model has fewer than 200 outcome-labelled patients,,,,,,,,
continuous,rna_pathway_activity,ACC,HALLMARK_OXIDATIVE_PHOSPHORYLATION,FALSE,55,FALSE,Broad race,Black or African American,1,,,FALSE,model has fewer than 200 outcome-labelled patients,,,,,,,,
continuous,rna_pathway_activity,ACC,HALLMARK_OXIDATIVE_PHOSPHORYLATION,FALSE,55,FALSE,Broad race,Missing,11,,,FALSE,model has fewer than 200 outcome-labelled patients,,,,,,,,
continuous,rna_pathway_activity,ACC,HALLMARK_OXIDATIVE_PHOSPHORYLATION,FALSE,55,FALSE,Broad race,White,42,,,FALSE,model has fewer than 200 outcome-labelled patients,,,,,,,,
continuous,rna_pathway_activity,ACC,HALLMARK_OXIDATIVE_PHOSPHORYLATION,FALSE,55,FALSE,Recorded sex,FEMALE,30,,,FALSE,model has fewer than 200 outcome-labelled patients,,,,,,,,
continuous,rna_pathway_activity,ACC,HALLMARK_OXIDATIVE_PHOSPHORYLATION,FALSE,55,FALSE,Recorded sex,MALE,25,,,FALSE,model has fewer than 200 outcome-labelled patients,,,,,,,,
continuous,rna_pathway_activity,ACC,HALLMARK_PEROXISOME,FALSE,55,FALSE,Broad race,Asian,1,,,FALSE,model has fewer than 200 outcome-labelled patients,,,,,,,,
continuous,rna_pathway_activity,ACC,HALLMARK_PEROXISOME,FALSE,55,FALSE,Broad race,Black or African American,1,,,FALSE,model has fewer than 200 outcome-labelled patients,,,,,,,,
continuous,rna_pathway_activity,ACC,HALLMARK_PEROXISOME,FALSE,55,FALSE,Broad race,Missing,11,,,FALSE,model has fewer than 200 outcome-labelled patients,,,,,,,,
continuous,rna_pathway_activity,ACC,HALLMARK_PEROXISOME,FALSE,55,FALSE,Broad race,White,42,,,FALSE,model has fewer than 200 outcome-labelled patients,,,,,,,,
continuous,rna_pathway_activity,ACC,HALLMARK_PEROXISOME,FALSE,55,FALSE,Recorded sex,FEMALE,30,,,FALSE,model has fewer than 200 outcome-labelled patients,,,,,,,,
continuous,rna_pathway_activity,ACC,HALLMARK_PEROXISOME,FALSE,55,FALSE,Recorded sex,MALE,25,,,FALSE,model has fewer than 200 outcome-labelled patients,,,,,,,,
continuous,rna_pathway_activity,ACC,HALLMARK_PI3K_AKT_MTOR_SIGNALING,FALSE,55,FALSE,Broad race,Asian,1,,,FALSE,model has fewer than 200 outcome-labelled patients,,,,,,,,
continuous,rna_pathway_activity,ACC,HALLMARK_PI3K_AKT_MTOR_SIGNALING,FALSE,55,FALSE,Broad race,Black or African American,1,,,FALSE,model has fewer than 200 outcome-labelled patients,,,,,,,,
continuous,rna_pathway_activity,ACC,HALLMARK_PI3K_AKT_MTOR_SIGNALING,FALSE,55,FALSE,Broad race,Missing,11,,,FALSE,model has fewer than 200 outcome-labelled patients,,,,,,,,
continuous,rna_pathway_activity,ACC,HALLMARK_PI3K_AKT_MTOR_SIGNALING,FALSE,55,FALSE,Broad race,White,42,,,FALSE,model has fewer than 200 outcome-labelled patients,,,,,,,,
continuous,rna_pathway_activity,ACC,HALLMARK_PI3K_AKT_MTOR_SIGNALING,FALSE,55,FALSE,Recorded sex,FEMALE,30,,,FALSE,model has fewer than 200 outcome-labelled patients,,,,,,,,
continuous,rna_pathway_activity,ACC,HALLMARK_PI3K_AKT_MTOR_SIGNALING,FALSE,55,FALSE,Recorded sex,MALE,25,,,FALSE,model has fewer than 200 outcome-labelled patients,,,,,,,,
continuous,rna_pathway_activity,ACC,HALLMARK_TNFA_SIGNALING_VIA_NFKB,FALSE,55,FALSE,Broad race,Asian,1,,,FALSE,model has fewer than 200 outcome-labelled patients,,,,,,,,
continuous,rna_pathway_activity,ACC,HALLMARK_TNFA_SIGNALING_VIA_NFKB,FALSE,55,FALSE,Broad race,Black or African American,1,,,FALSE,model has fewer than 200 outcome-labelled patients,,,,,,,,
continuous,rna_pathway_activity,ACC,HALLMARK_TNFA_SIGNALING_VIA_NFKB,FALSE,55,FALSE,Broad race,Missing,11,,,FALSE,model has fewer than 200 outcome-labelled patients,,,,,,,,
continuous,rna_pathway_activity,ACC,HALLMARK_TNFA_SIGNALING_VIA_NFKB,FALSE,55,FALSE,Broad race,White,42,,,FALSE,model has fewer than 200 outcome-labelled patients,,,,,,,,
continuous,rna_pathway_activity,ACC,HALLMARK_TNFA_SIGNALING_VIA_NFKB,FALSE,55,FALSE,Recorded sex,FEMALE,30,,,FALSE,model has fewer than 200 outcome-labelled patients,,,,,,,,
continuous,rna_pathway_activity,ACC,HALLMARK_TNFA_SIGNALING_VIA_NFKB,FALSE,55,FALSE,Recorded sex,MALE,25,,,FALSE,model has fewer than 200 outcome-labelled patients,,,,,,,,
continuous,rna_pathway_activity,BLCA,HALLMARK_ALLOGRAFT_REJECTION,FALSE,382,TRUE,Broad race,Asian,44,,,FALSE,fewer than 50 subgroup patients,,,,,,,,
continuous,rna_pathway_activity,BLCA,HALLMARK_ALLOGRAFT_REJECTION,FALSE,382,TRUE,Broad race,Black or African American,21,,,FALSE,fewer than 50 subgroup patients,,,,,,,,
continuous,rna_pathway_activity,BLCA,HALLMARK_ALLOGRAFT_REJECTION,FALSE,382,TRUE,Broad race,Missing,16,,,FALSE,demographic field missing,,,,,,,,
continuous,rna_pathway_activity,BLCA,HALLMARK_ALLOGRAFT_REJECTION,FALSE,382,TRUE,Broad race,White,301,,,TRUE,performance estimated,0.433698455936807,0.369569121067039,0.646498866911619,,,,,
continuous,rna_pathway_activity,BLCA,HALLMARK_ALLOGRAFT_REJECTION,FALSE,382,TRUE,Recorded sex,FEMALE,99,,,TRUE,performance estimated,0.397684378845484,0.374657837085055,0.630080395794681,,,,,
continuous,rna_pathway_activity,BLCA,HALLMARK_ALLOGRAFT_REJECTION,FALSE,382,TRUE,Recorded sex,MALE,283,,,TRUE,performance estimated,0.455216036655767,0.376563031161429,0.661541703419525,,,,,
continuous,rna_pathway_activity,BLCA,HALLMARK_ANGIOGENESIS,FALSE,382,TRUE,Broad race,Asian,44,,,FALSE,fewer than 50 subgroup patients,,,,,,,,
continuous,rna_pathway_activity,BLCA,HALLMARK_ANGIOGENESIS,FALSE,382,TRUE,Broad race,Black or African American,21,,,FALSE,fewer than 50 subgroup patients,,,,,,,,
continuous,rna_pathway_activity,BLCA,HALLMARK_ANGIOGENESIS,FALSE,382,TRUE,Broad race,Missing,16,,,FALSE,demographic field missing,,,,,,,,
continuous,rna_pathway_activity,BLCA,HALLMARK_ANGIOGENESIS,FALSE,382,TRUE,Broad race,White,301,,,TRUE,performance estimated,0.218358698532697,0.379208258989549,0.45459162614684,,,,,
continuous,rna_pathway_activity,BLCA,HALLMARK_ANGIOGENESIS,FALSE,382,TRUE,Recorded sex,FEMALE,99,,,TRUE,performance estimated,0.14542807963185,0.374545994091421,0.457756338899196,,,,,
continuous,rna_pathway_activity,BLCA,HALLMARK_ANGIOGENESIS,FALSE,382,TRUE,Recorded sex,MALE,283,,,TRUE,performance estimated,0.252870665587128,0.379233208016169,0.520552833579176,,,,,
continuous,rna_pathway_activity,BLCA,HALLMARK_APICAL_JUNCTION,FALSE,382,TRUE,Broad race,Asian,44,,,FALSE,fewer than 50 subgroup patients,,,,,,,,
continuous,rna_pathway_activity,BLCA,HALLMARK_APICAL_JUNCTION,FALSE,382,TRUE,Broad race,Black or African American,21,,,FALSE,fewer than 50 subgroup patients,,,,,,,,
continuous,rna_pathway_activity,BLCA,HALLMARK_APICAL_JUNCTION,FALSE,382,TRUE,Broad race,Missing,16,,,FALSE,demographic field missing,,,,,,,,
continuous,rna_pathway_activity,BLCA,HALLMARK_APICAL_JUNCTION,FALSE,382,TRUE,Broad race,White,301,,,TRUE,performance estimated,0.270326012773361,0.224890021912072,0.529719302105564,,,,,
continuous,rna_pathway_activity,BLCA,HALLMARK_APICAL_JUNCTION,FALSE,382,TRUE,Recorded sex,FEMALE,99,,,TRUE,performance estimated,0.20075469441429,0.227938181935235,0.490038342609771,,,,,
continuous,rna_pathway_activity,BLCA,HALLMARK_APICAL_JUNCTION,FALSE,382,TRUE,Recorded sex,MALE,283,,,TRUE,performance estimated,0.315718515733301,0.224053808166989,0.58794880401876,,,,,
continuous,rna_pathway_activity,BLCA,HALLMARK_APICAL_SURFACE,FALSE,382,TRUE,Broad race,Asian,44,,,FALSE,fewer than 50 subgroup patients,,,,,,,,
continuous,rna_pathway_activity,BLCA,HALLMARK_APICAL_SURFACE,FALSE,382,TRUE,Broad race,Black or African American,21,,,FALSE,fewer than 50 subgroup patients,,,,,,,,
continuous,rna_pathway_activity,BLCA,HALLMARK_APICAL_SURFACE,FALSE,382,TRUE,Broad race,Missing,16,,,FALSE,demographic field missing,,,,,,,,
continuous,rna_pathway_activity,BLCA,HALLMARK_APICAL_SURFACE,FALSE,382,TRUE,Broad race,White,301,,,TRUE,performance estimated,0.242876575837783,0.196896854827112,0.500314976568172,,,,,
continuous,rna_pathway_activity,BLCA,HALLMARK_APICAL_SURFACE,FALSE,382,TRUE,Recorded sex,FEMALE,99,,,TRUE,performance estimated,0.169901007947796,0.194510543952804,0.487854050711194,,,,,
continuous,rna_pathway_activity,BLCA,HALLMARK_APICAL_SURFACE,FALSE,382,TRUE,Recorded sex,MALE,283,,,TRUE,performance estimated,0.249921357762759,0.208624824399263,0.525790605598859,,,,,
continuous,rna_pathway_activity,BLCA,HALLMARK_APOPTOSIS,FALSE,382,TRUE,Broad race,Asian,44,,,FALSE,fewer than 50 subgroup patients,,,,,,,,
continuous,rna_pathway_activity,BLCA,HALLMARK_APOPTOSIS,FALSE,382,TRUE,Broad race,Black or African American,21,,,FALSE,fewer than 50 subgroup patients,,,,,,,,
continuous,rna_pathway_activity,BLCA,HALLMARK_APOPTOSIS,FALSE,382,TRUE,Broad race,Missing,16,,,FALSE,demographic field missing,,,,,,,,
continuous,rna_pathway_activity,BLCA,HALLMARK_APOPTOSIS,FALSE,382,TRUE,Broad race,White,301,,,TRUE,performance estimated,0.37888055647319,0.185139471336079,0.600055092297199,,,,,
continuous,rna_pathway_activity,BLCA,HALLMARK_APOPTOSIS,FALSE,382,TRUE,Recorded sex,FEMALE,99,,,TRUE,performance estimated,0.383910610682868,0.18170858835923,0.608103896103896,,,,,
continuous,rna_pathway_activity,BLCA,HALLMARK_APOPTOSIS,FALSE,382,TRUE,Recorded sex,MALE,283,,,TRUE,performance estimated,0.360213159158386,0.198339417761913,0.603619763842812,,,,,
continuous,rna_pathway_activity,BLCA,HALLMARK_COAGULATION,FALSE,382,TRUE,Broad race,Asian,44,,,FALSE,fewer than 50 subgroup patients,,,,,,,,
continuous,rna_pathway_activity,BLCA,HALLMARK_COAGULATION,FALSE,382,TRUE,Broad race,Black or African American,21,,,FALSE,fewer than 50 subgroup patients,,,,,,,,
continuous,rna_pathway_activity,BLCA,HALLMARK_COAGULATION,FALSE,382,TRUE,Broad race,Missing,16,,,FALSE,demographic field missing,,,,,,,,
continuous,rna_pathway_activity,BLCA,HALLMARK_COAGULATION,FALSE,382,TRUE,Broad race,White,301,,,TRUE,performance estimated,0.202852389714408,0.28771421415734,0.458817187740644,,,,,
continuous,rna_pathway_activity,BLCA,HALLMARK_COAGULATION,FALSE,382,TRUE,Recorded sex,FEMALE,99,,,TRUE,performance estimated,0.0620398468690587,0.278076012267497,0.434025974025974,,,,,
continuous,rna_pathway_activity,BLCA,HALLMARK_COAGULATION,FALSE,382,TRUE,Recorded sex,MALE,283,,,TRUE,performance estimated,0.224270233688795,0.288543667203121,0.514686918594493,,,,,
continuous,rna_pathway_activity,BLCA,HALLMARK_COMPLEMENT,FALSE,382,TRUE,Broad race,Asian,44,,,FALSE,fewer than 50 subgroup patients,,,,,,,,
continuous,rna_pathway_activity,BLCA,HALLMARK_COMPLEMENT,FALSE,382,TRUE,Broad race,Black or African American,21,,,FALSE,fewer than 50 subgroup patients,,,,,,,,
continuous,rna_pathway_activity,BLCA,HALLMARK_COMPLEMENT,FALSE,382,TRUE,Broad race,Missing,16,,,FALSE,demographic field missing,,,,,,,,
continuous,rna_pathway_activity,BLCA,HALLMARK_COMPLEMENT,FALSE,382,TRUE,Broad race,White,301,,,TRUE,performance estimated,0.368953337461753,0.25794048503142,0.617215462806099,,,,,
continuous,rna_pathway_activity,BLCA,HALLMARK_COMPLEMENT,FALSE,382,TRUE,Recorded sex,FEMALE,99,,,TRUE,performance estimated,0.311316204323309,0.269655670465593,0.585880024737168,,,,,
continuous,rna_pathway_activity,BLCA,HALLMARK_COMPLEMENT,FALSE,382,TRUE,Recorded sex,MALE,283,,,TRUE,performance estimated,0.400769450453013,0.264265100869821,0.649293868617312,,,,,
continuous,rna_pathway_activity,BLCA,HALLMARK_E2F_TARGETS,FALSE,382,TRUE,Broad race,Asian,44,,,FALSE,fewer than 50 subgroup patients,,,,,,,,
continuous,rna_pathway_activity,BLCA,HALLMARK_E2F_TARGETS,FALSE,382,TRUE,Broad race,Black or African American,21,,,FALSE,fewer than 50 subgroup patients,,,,,,,,
continuous,rna_pathway_activity,BLCA,HALLMARK_E2F_TARGETS,FALSE,382,TRUE,Broad race,Missing,16,,,FALSE,demographic field missing,,,,,,,,
continuous,rna_pathway_activity,BLCA,HALLMARK_E2F_TARGETS,FALSE,382,TRUE,Broad race,White,301,,,TRUE,performance estimated,0.365272871993947,0.416857476377257,0.592758971199754,,,,,
continuous,rna_pathway_activity,BLCA,HALLMARK_E2F_TARGETS,FALSE,382,TRUE,Recorded sex,FEMALE,99,,,TRUE,performance estimated,0.243765037401577,0.43003846379626,0.532257266542981,,,,,
continuous,rna_pathway_activity,BLCA,HALLMARK_E2F_TARGETS,FALSE,382,TRUE,Recorded sex,MALE,283,,,TRUE,performance estimated,0.453975354744183,0.430496019033166,0.663054456352429,,,,,
continuous,rna_pathway_activity,BLCA,HALLMARK_EPITHELIAL_MESENCHYMAL_TRANSITION,FALSE,382,TRUE,Broad race,Asian,44,,,FALSE,fewer than 50 subgroup patients,,,,,,,,
continuous,rna_pathway_activity,BLCA,HALLMARK_EPITHELIAL_MESENCHYMAL_TRANSITION,FALSE,382,TRUE,Broad race,Black or African American,21,,,FALSE,fewer than 50 subgroup patients,,,,,,,,
continuous,rna_pathway_activity,BLCA,HALLMARK_EPITHELIAL_MESENCHYMAL_TRANSITION,FALSE,382,TRUE,Broad race,Missing,16,,,FALSE,demographic field missing,,,,,,,,
continuous,rna_pathway_activity,BLCA,HALLMARK_EPITHELIAL_MESENCHYMAL_TRANSITION,FALSE,382,TRUE,Broad race,White,301,,,TRUE,performance estimated,0.272464879559027,0.461178952440928,0.51398719500121,,,,,
continuous,rna_pathway_activity,BLCA,HALLMARK_EPITHELIAL_MESENCHYMAL_TRANSITION,FALSE,382,TRUE,Recorded sex,FEMALE,99,,,TRUE,performance estimated,0.26073806831199,0.458399241486353,0.520277056277056,,,,,
continuous,rna_pathway_activity,BLCA,HALLMARK_EPITHELIAL_MESENCHYMAL_TRANSITION,FALSE,382,TRUE,Recorded sex,MALE,283,,,TRUE,performance estimated,0.338772539988965,0.456812512473991,0.589242469326144,,,,,
continuous,rna_pathway_activity,BLCA,HALLMARK_ESTROGEN_RESPONSE_EARLY,FALSE,382,TRUE,Broad race,Asian,44,,,FALSE,fewer than 50 subgroup patients,,,,,,,,
continuous,rna_pathway_activity,BLCA,HALLMARK_ESTROGEN_RESPONSE_EARLY,FALSE,382,TRUE,Broad race,Black or African American,21,,,FALSE,fewer than 50 subgroup patients,,,,,,,,
continuous,rna_pathway_activity,BLCA,HALLMARK_ESTROGEN_RESPONSE_EARLY,FALSE,382,TRUE,Broad race,Missing,16,,,FALSE,demographic field missing,,,,,,,,
continuous,rna_pathway_activity,BLCA,HALLMARK_ESTROGEN_RESPONSE_EARLY,FALSE,382,TRUE,Broad race,White,301,,,TRUE,performance estimated,0.375688324068981,0.156412711081174,0.551742139886911,,,,,
continuous,rna_pathway_activity,BLCA,HALLMARK_ESTROGEN_RESPONSE_EARLY,FALSE,382,TRUE,Recorded sex,FEMALE,99,,,TRUE,performance estimated,0.380203001066182,0.136111538048716,0.533034013605442,,,,,
continuous,rna_pathway_activity,BLCA,HALLMARK_ESTROGEN_RESPONSE_EARLY,FALSE,382,TRUE,Recorded sex,MALE,283,,,TRUE,performance estimated,0.305972295595512,0.166398596590089,0.521295126597492,,,,,
continuous,rna_pathway_activity,BLCA,HALLMARK_ESTROGEN_RESPONSE_LATE,FALSE,382,TRUE,Broad race,Asian,44,,,FALSE,fewer than 50 subgroup patients,,,,,,,,
continuous,rna_pathway_activity,BLCA,HALLMARK_ESTROGEN_RESPONSE_LATE,FALSE,382,TRUE,Broad race,Black or African American,21,,,FALSE,fewer than 50 subgroup patients,,,,,,,,
continuous,rna_pathway_activity,BLCA,HALLMARK_ESTROGEN_RESPONSE_LATE,FALSE,382,TRUE,Broad race,Missing,16,,,FALSE,demographic field missing,,,,,,,,
continuous,rna_pathway_activity,BLCA,HALLMARK_ESTROGEN_RESPONSE_LATE,FALSE,382,TRUE,Broad race,White,301,,,TRUE,performance estimated,0.339003702167772,0.142327889290964,0.517542672328442,,,,,
continuous,rna_pathway_activity,BLCA,HALLMARK_ESTROGEN_RESPONSE_LATE,FALSE,382,TRUE,Recorded sex,FEMALE,99,,,TRUE,performance estimated,0.305279667137499,0.123656758848921,0.528235003092146,,,,,
continuous,rna_pathway_activity,BLCA,HALLMARK_ESTROGEN_RESPONSE_LATE,FALSE,382,TRUE,Recorded sex,MALE,283,,,TRUE,performance estimated,0.256055392983743,0.154600665169121,0.474075442807964,,,,,
continuous,rna_pathway_activity,BLCA,HALLMARK_G2M_CHECKPOINT,FALSE,382,TRUE,Broad race,Asian,44,,,FALSE,fewer than 50 subgroup patients,,,,,,,,
continuous,rna_pathway_activity,BLCA,HALLMARK_G2M_CHECKPOINT,FALSE,382,TRUE,Broad race,Black or African American,21,,,FALSE,fewer than 50 subgroup patients,,,,,,,,
continuous,rna_pathway_activity,BLCA,HALLMARK_G2M_CHECKPOINT,FALSE,382,TRUE,Broad race,Missing,16,,,FALSE,demographic field missing,,,,,,,,
continuous,rna_pathway_activity,BLCA,HALLMARK_G2M_CHECKPOINT,FALSE,382,TRUE,Broad race,White,301,,,TRUE,performance estimated,0.338133543272644,0.372783701642925,0.577267122835581,,,,,
continuous,rna_pathway_activity,BLCA,HALLMARK_G2M_CHECKPOINT,FALSE,382,TRUE,Recorded sex,FEMALE,99,,,TRUE,performance estimated,0.182844422016153,0.391166799989419,0.500531849103278,,,,,
continuous,rna_pathway_activity,BLCA,HALLMARK_G2M_CHECKPOINT,FALSE,382,TRUE,Recorded sex,MALE,283,,,TRUE,performance estimated,0.442725332221329,0.380702998870207,0.652547674589753,,,,,
continuous,rna_pathway_activity,BLCA,HALLMARK_IL2_STAT5_SIGNALING,FALSE,382,TRUE,Broad race,Asian,44,,,FALSE,fewer than 50 subgroup patients,,,,,,,,
continuous,rna_pathway_activity,BLCA,HALLMARK_IL2_STAT5_SIGNALING,FALSE,382,TRUE,Broad race,Black or African American,21,,,FALSE,fewer than 50 subgroup patients,,,,,,,,
continuous,rna_pathway_activity,BLCA,HALLMARK_IL2_STAT5_SIGNALING,FALSE,382,TRUE,Broad race,Missing,16,,,FALSE,demographic field missing,,,,,,,,
continuous,rna_pathway_activity,BLCA,HALLMARK_IL2_STAT5_SIGNALING,FALSE,382,TRUE,Broad race,White,301,,,TRUE,performance estimated,0.326418207673668,0.239652882564552,0.58166429781523,,,,,
continuous,rna_pathway_activity,BLCA,HALLMARK_IL2_STAT5_SIGNALING,FALSE,382,TRUE,Recorded sex,FEMALE,99,,,TRUE,performance estimated,0.323542135790854,0.247637532046611,0.54461100803958,,,,,
continuous,rna_pathway_activity,BLCA,HALLMARK_IL2_STAT5_SIGNALING,FALSE,382,TRUE,Recorded sex,MALE,283,,,TRUE,performance estimated,0.367757390641205,0.242678856927323,0.617826786294793,,,,,
continuous,rna_pathway_activity,BLCA,HALLMARK_IL6_JAK_STAT3_SIGNALING,FALSE,382,TRUE,Broad race,Asian,44,,,FALSE,fewer than 50 subgroup patients,,,,,,,,
continuous,rna_pathway_activity,BLCA,HALLMARK_IL6_JAK_STAT3_SIGNALING,FALSE,382,TRUE,Broad race,Black or African American,21,,,FALSE,fewer than 50 subgroup patients,,,,,,,,
continuous,rna_pathway_activity,BLCA,HALLMARK_IL6_JAK_STAT3_SIGNALING,FALSE,382,TRUE,Broad race,Missing,16,,,FALSE,demographic field missing,,,,,,,,
continuous,rna_pathway_activity,BLCA,HALLMARK_IL6_JAK_STAT3_SIGNALING,FALSE,382,TRUE,Broad race,White,301,,,TRUE,performance estimated,0.384501632966746,0.326337656681698,0.612599942795538,,,,,
continuous,rna_pathway_activity,BLCA,HALLMARK_IL6_JAK_STAT3_SIGNALING,FALSE,382,TRUE,Recorded sex,FEMALE,99,,,TRUE,performance estimated,0.355366668747218,0.342395562940278,0.578988249845393,,,,,
continuous,rna_pathway_activity,BLCA,HALLMARK_IL6_JAK_STAT3_SIGNALING,FALSE,382,TRUE,Recorded sex,MALE,283,,,TRUE,performance estimated,0.399773267437779,0.341804159729746,0.638220360430382,,,,,
continuous,rna_pathway_activity,BLCA,HALLMARK_INFLAMMATORY_RESPONSE,FALSE,382,TRUE,Broad race,Asian,44,,,FALSE,fewer than 50 subgroup patients,,,,,,,,
continuous,rna_pathway_activity,BLCA,HALLMARK_INFLAMMATORY_RESPONSE,FALSE,382,TRUE,Broad race,Black or African American,21,,,FALSE,fewer than 50 subgroup patients,,,,,,,,
continuous,rna_pathway_activity,BLCA,HALLMARK_INFLAMMATORY_RESPONSE,FALSE,382,TRUE,Broad race,Missing,16,,,FALSE,demographic field missing,,,,,,,,
continuous,rna_pathway_activity,BLCA,HALLMARK_INFLAMMATORY_RESPONSE,FALSE,382,TRUE,Broad race,White,301,,,TRUE,performance estimated,0.426341192404073,0.319144134509516,0.645945655761149,,,,,
continuous,rna_pathway_activity,BLCA,HALLMARK_INFLAMMATORY_RESPONSE,FALSE,382,TRUE,Recorded sex,FEMALE,99,,,TRUE,performance estimated,0.393647836787979,0.330666907131671,0.619252937538652,,,,,
continuous,rna_pathway_activity,BLCA,HALLMARK_INFLAMMATORY_RESPONSE,FALSE,382,TRUE,Recorded sex,MALE,283,,,TRUE,performance estimated,0.446375488929696,0.329845359548454,0.669874339639824,,,,,
continuous,rna_pathway_activity,BLCA,HALLMARK_INTERFERON_ALPHA_RESPONSE,FALSE,382,TRUE,Broad race,Asian,44,,,FALSE,fewer than 50 subgroup patients,,,,,,,,
continuous,rna_pathway_activity,BLCA,HALLMARK_INTERFERON_ALPHA_RESPONSE,FALSE,382,TRUE,Broad race,Black or African American,21,,,FALSE,fewer than 50 subgroup patients,,,,,,,,
continuous,rna_pathway_activity,BLCA,HALLMARK_INTERFERON_ALPHA_RESPONSE,FALSE,382,TRUE,Broad race,Missing,16,,,FALSE,demographic field missing,,,,,,,,
continuous,rna_pathway_activity,BLCA,HALLMARK_INTERFERON_ALPHA_RESPONSE,FALSE,382,TRUE,Broad race,White,301,,,TRUE,performance estimated,0.327520903487336,0.487738824936065,0.575904072517657,,,,,
continuous,rna_pathway_activity,BLCA,HALLMARK_INTERFERON_ALPHA_RESPONSE,FALSE,382,TRUE,Recorded sex,FEMALE,99,,,TRUE,performance estimated,0.294132606118002,0.530508201649725,0.561038961038961,,,,,
continuous,rna_pathway_activity,BLCA,HALLMARK_INTERFERON_ALPHA_RESPONSE,FALSE,382,TRUE,Recorded sex,MALE,283,,,TRUE,performance estimated,0.34070515645912,0.49739495213851,0.568688365059918,,,,,
continuous,rna_pathway_activity,BLCA,HALLMARK_INTERFERON_GAMMA_RESPONSE,FALSE,382,TRUE,Broad race,Asian,44,,,FALSE,fewer than 50 subgroup patients,,,,,,,,
continuous,rna_pathway_activity,BLCA,HALLMARK_INTERFERON_GAMMA_RESPONSE,FALSE,382,TRUE,Broad race,Black or African American,21,,,FALSE,fewer than 50 subgroup patients,,,,,,,,
continuous,rna_pathway_activity,BLCA,HALLMARK_INTERFERON_GAMMA_RESPONSE,FALSE,382,TRUE,Broad race,Missing,16,,,FALSE,demographic field missing,,,,,,,,
continuous,rna_pathway_activity,BLCA,HALLMARK_INTERFERON_GAMMA_RESPONSE,FALSE,382,TRUE,Broad race,White,301,,,TRUE,performance estimated,0.397260240023697,0.395137334135204,0.626993201469715,,,,,
continuous,rna_pathway_activity,BLCA,HALLMARK_INTERFERON_GAMMA_RESPONSE,FALSE,382,TRUE,Recorded sex,FEMALE,99,,,TRUE,performance estimated,0.381460657342297,0.412465093745126,0.620158317872604,,,,,
continuous,rna_pathway_activity,BLCA,HALLMARK_INTERFERON_GAMMA_RESPONSE,FALSE,382,TRUE,Recorded sex,MALE,283,,,TRUE,performance estimated,0.401521218650307,0.409188757188836,0.618797697091503,,,,,
continuous,rna_pathway_activity,BLCA,HALLMARK_KRAS_SIGNALING_UP,FALSE,382,TRUE,Broad race,Asian,44,,,FALSE,fewer than 50 subgroup patients,,,,,,,,
continuous,rna_pathway_activity,BLCA,HALLMARK_KRAS_SIGNALING_UP,FALSE,382,TRUE,Broad race,Black or African American,21,,,FALSE,fewer than 50 subgroup patients,,,,,,,,
continuous,rna_pathway_activity,BLCA,HALLMARK_KRAS_SIGNALING_UP,FALSE,382,TRUE,Broad race,Missing,16,,,FALSE,demographic field missing,,,,,,,,
continuous,rna_pathway_activity,BLCA,HALLMARK_KRAS_SIGNALING_UP,FALSE,382,TRUE,Broad race,White,301,,,TRUE,performance estimated,0.254680705982682,0.261310734449491,0.534201755736948,,,,,
continuous,rna_pathway_activity,BLCA,HALLMARK_KRAS_SIGNALING_UP,FALSE,382,TRUE,Recorded sex,FEMALE,99,,,TRUE,performance estimated,0.225887106233128,0.270802453345048,0.518270871985158,,,,,
continuous,rna_pathway_activity,BLCA,HALLMARK_KRAS_SIGNALING_UP,FALSE,382,TRUE,Recorded sex,MALE,283,,,TRUE,performance estimated,0.274424483276361,0.264973101202608,0.567445315453355,,,,,
continuous,rna_pathway_activity,BLCA,HALLMARK_MTORC1_SIGNALING,FALSE,382,TRUE,Broad race,Asian,44,,,FALSE,fewer than 50 subgroup patients,,,,,,,,
continuous,rna_pathway_activity,BLCA,HALLMARK_MTORC1_SIGNALING,FALSE,382,TRUE,Broad race,Black or African American,21,,,FALSE,fewer than 50 subgroup patients,,,,,,,,
continuous,rna_pathway_activity,BLCA,HALLMARK_MTORC1_SIGNALING,FALSE,382,TRUE,Broad race,Missing,16,,,FALSE,demographic field missing,,,,,,,,
continuous,rna_pathway_activity,BLCA,HALLMARK_MTORC1_SIGNALING,FALSE,382,TRUE,Broad race,White,301,,,TRUE,performance estimated,0.169433084357954,0.241940960362066,0.419537083892544,,,,,
continuous,rna_pathway_activity,BLCA,HALLMARK_MTORC1_SIGNALING,FALSE,382,TRUE,Recorded sex,FEMALE,99,,,TRUE,performance estimated,0.163258272138015,0.243370804045536,0.424544217687075,,,,,
continuous,rna_pathway_activity,BLCA,HALLMARK_MTORC1_SIGNALING,FALSE,382,TRUE,Recorded sex,MALE,283,,,TRUE,performance estimated,0.303521745718441,0.248793096899793,0.533548679491429,,,,,
continuous,rna_pathway_activity,BLCA,HALLMARK_MYC_TARGETS_V1,FALSE,382,TRUE,Broad race,Asian,44,,,FALSE,fewer than 50 subgroup patients,,,,,,,,
continuous,rna_pathway_activity,BLCA,HALLMARK_MYC_TARGETS_V1,FALSE,382,TRUE,Broad race,Black or African American,21,,,FALSE,fewer than 50 subgroup patients,,,,,,,,
continuous,rna_pathway_activity,BLCA,HALLMARK_MYC_TARGETS_V1,FALSE,382,TRUE,Broad race,Missing,16,,,FALSE,demographic field missing,,,,,,,,
continuous,rna_pathway_activity,BLCA,HALLMARK_MYC_TARGETS_V1,FALSE,382,TRUE,Broad race,White,301,,,TRUE,performance estimated,0.291276611838985,0.355958069515461,0.513224175485688,,,,,
continuous,rna_pathway_activity,BLCA,HALLMARK_MYC_TARGETS_V1,FALSE,382,TRUE,Recorded sex,FEMALE,99,,,TRUE,performance estimated,0.233833055096547,0.352982312076604,0.519678416821274,,,,,
continuous,rna_pathway_activity,BLCA,HALLMARK_MYC_TARGETS_V1,FALSE,382,TRUE,Recorded sex,MALE,283,,,TRUE,performance estimated,0.31823355465367,0.36200986826815,0.532120427247342,,,,,
continuous,rna_pathway_activity,BLCA,HALLMARK_MYC_TARGETS_V2,FALSE,382,TRUE,Broad race,Asian,44,,,FALSE,fewer than 50 subgroup patients,,,,,,,,
continuous,rna_pathway_activity,BLCA,HALLMARK_MYC_TARGETS_V2,FALSE,382,TRUE,Broad race,Black or African American,21,,,FALSE,fewer than 50 subgroup patients,,,,,,,,
continuous,rna_pathway_activity,BLCA,HALLMARK_MYC_TARGETS_V2,FALSE,382,TRUE,Broad race,Missing,16,,,FALSE,demographic field missing,,,,,,,,
continuous,rna_pathway_activity,BLCA,HALLMARK_MYC_TARGETS_V2,FALSE,382,TRUE,Broad race,White,301,,,TRUE,performance estimated,0.181985407265465,0.424632721867483,0.420111504697366,,,,,
continuous,rna_pathway_activity,BLCA,HALLMARK_MYC_TARGETS_V2,FALSE,382,TRUE,Recorded sex,FEMALE,99,,,TRUE,performance estimated,0.122890748822435,0.4189613661772,0.398641929499072,,,,,
continuous,rna_pathway_activity,BLCA,HALLMARK_MYC_TARGETS_V2,FALSE,382,TRUE,Recorded sex,MALE,283,,,TRUE,performance estimated,0.191121872123149,0.414988796402157,0.430509407849246,,,,,
continuous,rna_pathway_activity,BLCA,HALLMARK_MYOGENESIS,FALSE,382,TRUE,Broad race,Asian,44,,,FALSE,fewer than 50 subgroup patients,,,,,,,,
continuous,rna_pathway_activity,BLCA,HALLMARK_MYOGENESIS,FALSE,382,TRUE,Broad race,Black or African American,21,,,FALSE,fewer than 50 subgroup patients,,,,,,,,
continuous,rna_pathway_activity,BLCA,HALLMARK_MYOGENESIS,FALSE,382,TRUE,Broad race,Missing,16,,,FALSE,demographic field missing,,,,,,,,
continuous,rna_pathway_activity,BLCA,HALLMARK_MYOGENESIS,FALSE,382,TRUE,Broad race,White,301,,,TRUE,performance estimated,0.225354876688506,0.298726956923903,0.496763019515522,,,,,
continuous,rna_pathway_activity,BLCA,HALLMARK_MYOGENESIS,FALSE,382,TRUE,Recorded sex,FEMALE,99,,,TRUE,performance estimated,0.0189213206888367,0.307494640684532,0.373442176870748,,,,,
continuous,rna_pathway_activity,BLCA,HALLMARK_MYOGENESIS,FALSE,382,TRUE,Recorded sex,MALE,283,,,TRUE,performance estimated,0.269868540640939,0.286463732317683,0.54982925142767,,,,,
continuous,rna_pathway_activity,BLCA,HALLMARK_P53_PATHWAY,FALSE,382,TRUE,Broad race,Asian,44,,,FALSE,fewer than 50 subgroup patients,,,,,,,,
continuous,rna_pathway_activity,BLCA,HALLMARK_P53_PATHWAY,FALSE,382,TRUE,Broad race,Black or African American,21,,,FALSE,fewer than 50 subgroup patients,,,,,,,,
continuous,rna_pathway_activity,BLCA,HALLMARK_P53_PATHWAY,FALSE,382,TRUE,Broad race,Missing,16,,,FALSE,demographic field missing,,,,,,,,
continuous,rna_pathway_activity,BLCA,HALLMARK_P53_PATHWAY,FALSE,382,TRUE,Broad race,White,301,,,TRUE,performance estimated,0.291280670918549,0.17210410378373,0.486051087984863,,,,,
continuous,rna_pathway_activity,BLCA,HALLMARK_P53_PATHWAY,FALSE,382,TRUE,Recorded sex,FEMALE,99,,,TRUE,performance estimated,0.312363555507051,0.163736124204623,0.462582560296846,,,,,
continuous,rna_pathway_activity,BLCA,HALLMARK_P53_PATHWAY,FALSE,382,TRUE,Recorded sex,MALE,283,,,TRUE,performance estimated,0.227514208099744,0.183501751664362,0.443919815411528,,,,,
continuous,rna_pathway_activity,BLCA,HALLMARK_TNFA_SIGNALING_VIA_NFKB,FALSE,382,TRUE,Broad race,Asian,44,,,FALSE,fewer than 50 subgroup patients,,,,,,,,
continuous,rna_pathway_activity,BLCA,HALLMARK_TNFA_SIGNALING_VIA_NFKB,FALSE,382,TRUE,Broad race,Black or African American,21,,,FALSE,fewer than 50 subgroup patients,,,,,,,,
continuous,rna_pathway_activity,BLCA,HALLMARK_TNFA_SIGNALING_VIA_NFKB,FALSE,382,TRUE,Broad race,Missing,16,,,FALSE,demographic field missing,,,,,,,,
continuous,rna_pathway_activity,BLCA,HALLMARK_TNFA_SIGNALING_VIA_NFKB,FALSE,382,TRUE,Broad race,White,301,,,TRUE,performance estimated,0.326331037291539,0.343238129353959,0.552463532155508,,,,,
continuous,rna_pathway_activity,BLCA,HALLMARK_TNFA_SIGNALING_VIA_NFKB,FALSE,382,TRUE,Recorded sex,FEMALE,99,,,TRUE,performance estimated,0.393670180686509,0.322638664977476,0.591059987631416,,,,,
continuous,rna_pathway_activity,BLCA,HALLMARK_TNFA_SIGNALING_VIA_NFKB,FALSE,382,TRUE,Recorded sex,MALE,283,,,TRUE,performance estimated,0.28733867881248,0.364993779821937,0.559706937210058,,,,,
continuous,rna_pathway_activity,BLCA,HALLMARK_UNFOLDED_PROTEIN_RESPONSE,FALSE,382,TRUE,Broad race,Asian,44,,,FALSE,fewer than 50 subgroup patients,,,,,,,,
continuous,rna_pathway_activity,BLCA,HALLMARK_UNFOLDED_PROTEIN_RESPONSE,FALSE,382,TRUE,Broad race,Black or African American,21,,,FALSE,fewer than 50 subgroup patients,,,,,,,,
continuous,rna_pathway_activity,BLCA,HALLMARK_UNFOLDED_PROTEIN_RESPONSE,FALSE,382,TRUE,Broad race,Missing,16,,,FALSE,demographic field missing,,,,,,,,
continuous,rna_pathway_activity,BLCA,HALLMARK_UNFOLDED_PROTEIN_RESPONSE,FALSE,382,TRUE,Broad race,White,301,,,TRUE,performance estimated,0.186237486429004,0.197958449837604,0.389470682713252,,,,,
continuous,rna_pathway_activity,BLCA,HALLMARK_UNFOLDED_PROTEIN_RESPONSE,FALSE,382,TRUE,Recorded sex,FEMALE,99,,,TRUE,performance estimated,0.07584243189961,0.203512337991447,0.312442795299938,,,,,
continuous,rna_pathway_activity,BLCA,HALLMARK_UNFOLDED_PROTEIN_RESPONSE,FALSE,382,TRUE,Recorded sex,MALE,283,,,TRUE,performance estimated,0.363215420438991,0.196724957451295,0.548928546090466,,,,,
continuous,rna_pathway_activity,BLCA,HALLMARK_UV_RESPONSE_DN,FALSE,382,TRUE,Broad race,Asian,44,,,FALSE,fewer than 50 subgroup patients,,,,,,,,
continuous,rna_pathway_activity,BLCA,HALLMARK_UV_RESPONSE_DN,FALSE,382,TRUE,Broad race,Black or African American,21,,,FALSE,fewer than 50 subgroup patients,,,,,,,,
continuous,rna_pathway_activity,BLCA,HALLMARK_UV_RESPONSE_DN,FALSE,382,TRUE,Broad race,Missing,16,,,FALSE,demographic field missing,,,,,,,,
continuous,rna_pathway_activity,BLCA,HALLMARK_UV_RESPONSE_DN,FALSE,382,TRUE,Broad race,White,301,,,TRUE,performance estimated,0.174341207438609,0.276677932142359,0.424493102461992,,,,,
continuous,rna_pathway_activity,BLCA,HALLMARK_UV_RESPONSE_DN,FALSE,382,TRUE,Recorded sex,FEMALE,99,,,TRUE,performance estimated,0.249232047926615,0.277893707466922,0.481570810142239,,,,,
continuous,rna_pathway_activity,BLCA,HALLMARK_UV_RESPONSE_DN,FALSE,382,TRUE,Recorded sex,MALE,283,,,TRUE,performance estimated,0.180709590676512,0.274380400182206,0.449095747328116,,,,,
continuous,rna_pathway_activity,BLCA,HALLMARK_UV_RESPONSE_UP,FALSE,382,TRUE,Broad race,Asian,44,,,FALSE,fewer than 50 subgroup patients,,,,,,,,
continuous,rna_pathway_activity,BLCA,HALLMARK_UV_RESPONSE_UP,FALSE,382,TRUE,Broad race,Black or African American,21,,,FALSE,fewer than 50 subgroup patients,,,,,,,,
continuous,rna_pathway_activity,BLCA,HALLMARK_UV_RESPONSE_UP,FALSE,382,TRUE,Broad race,Missing,16,,,FALSE,demographic field missing,,,,,,,,
continuous,rna_pathway_activity,BLCA,HALLMARK_UV_RESPONSE_UP,FALSE,382,TRUE,Broad race,White,301,,,TRUE,performance estimated,0.150236409566043,0.143925503965851,0.31908217640976,,,,,
continuous,rna_pathway_activity,BLCA,HALLMARK_UV_RESPONSE_UP,FALSE,382,TRUE,Recorded sex,FEMALE,99,,,TRUE,performance estimated,0.106748409699043,0.155535963755653,0.274122448979592,,,,,
continuous,rna_pathway_activity,BLCA,HALLMARK_UV_RESPONSE_UP,FALSE,382,TRUE,Recorded sex,MALE,283,,,TRUE,performance estimated,0.306450073788632,0.144229286549352,0.491165442394991,,,,,
continuous,rna_pathway_activity,BRCA,GOBP_VITAMIN_B6_METABOLIC_PROCESS,FALSE,1052,TRUE,Broad race,Asian,61,,,TRUE,performance estimated,0.203040512764635,0.489456041200467,0.485742993125331,,,,,
continuous,rna_pathway_activity,BRCA,GOBP_VITAMIN_B6_METABOLIC_PROCESS,FALSE,1052,TRUE,Broad race,Black or African American,167,,,TRUE,performance estimated,0.34915598589052,0.463161310926085,0.625353767508013,,,,,
continuous,rna_pathway_activity,BRCA,GOBP_VITAMIN_B6_METABOLIC_PROCESS,FALSE,1052,TRUE,Broad race,Missing,94,,,FALSE,demographic field missing,,,,,,,,
continuous,rna_pathway_activity,BRCA,GOBP_VITAMIN_B6_METABOLIC_PROCESS,FALSE,1052,TRUE,Broad race,Other recorded race,1,,,FALSE,fewer than 50 subgroup patients,,,,,,,,
continuous,rna_pathway_activity,BRCA,GOBP_VITAMIN_B6_METABOLIC_PROCESS,FALSE,1052,TRUE,Broad race,White,729,,,TRUE,performance estimated,0.303665059362912,0.399323047889645,0.475930510100982,,,,,
continuous,rna_pathway_activity,BRCA,GOBP_VITAMIN_B6_METABOLIC_PROCESS,FALSE,1052,TRUE,Recorded sex,FEMALE,1040,,,TRUE,performance estimated,0.345203346931197,0.413378167187478,0.52842997194965,,,,,
continuous,rna_pathway_activity,BRCA,GOBP_VITAMIN_B6_METABOLIC_PROCESS,FALSE,1052,TRUE,Recorded sex,MALE,12,,,FALSE,fewer than 50 subgroup patients,,,,,,,,
continuous,rna_pathway_activity,BRCA,HALLMARK_ALLOGRAFT_REJECTION,FALSE,1052,TRUE,Broad race,Asian,61,,,TRUE,performance estimated,0.279757012009313,0.452437130991341,0.533495505023797,,,,,
continuous,rna_pathway_activity,BRCA,HALLMARK_ALLOGRAFT_REJECTION,FALSE,1052,TRUE,Broad race,Black or African American,167,,,TRUE,performance estimated,0.493455204577782,0.404724317479043,0.71829696888495,,,,,
continuous,rna_pathway_activity,BRCA,HALLMARK_ALLOGRAFT_REJECTION,FALSE,1052,TRUE,Broad race,Missing,94,,,FALSE,demographic field missing,,,,,,,,
continuous,rna_pathway_activity,BRCA,HALLMARK_ALLOGRAFT_REJECTION,FALSE,1052,TRUE,Broad race,Other recorded race,1,,,FALSE,fewer than 50 subgroup patients,,,,,,,,
continuous,rna_pathway_activity,BRCA,HALLMARK_ALLOGRAFT_REJECTION,FALSE,1052,TRUE,Broad race,White,729,,,TRUE,performance estimated,0.422247300803521,0.388087614753752,0.624001291002813,,,,,
continuous,rna_pathway_activity,BRCA,HALLMARK_ALLOGRAFT_REJECTION,FALSE,1052,TRUE,Recorded sex,FEMALE,1040,,,TRUE,performance estimated,0.4155155304173,0.394983007393123,0.628193923995862,,,,,
continuous,rna_pathway_activity,BRCA,HALLMARK_ALLOGRAFT_REJECTION,FALSE,1052,TRUE,Recorded sex,MALE,12,,,FALSE,fewer than 50 subgroup patients,,,,,,,,
continuous,rna_pathway_activity,BRCA,HALLMARK_ANGIOGENESIS,FALSE,1052,TRUE,Broad race,Asian,61,,,TRUE,performance estimated,0.160718051595359,0.286880159063597,0.494986779481756,,,,,
continuous,rna_pathway_activity,BRCA,HALLMARK_ANGIOGENESIS,FALSE,1052,TRUE,Broad race,Black or African American,167,,,TRUE,performance estimated,0.301491433806572,0.35673965794005,0.509577231080009,,,,,
continuous,rna_pathway_activity,BRCA,HALLMARK_ANGIOGENESIS,FALSE,1052,TRUE,Broad race,Missing,94,,,FALSE,demographic field missing,,,,,,,,
continuous,rna_pathway_activity,BRCA,HALLMARK_ANGIOGENESIS,FALSE,1052,TRUE,Broad race,Other recorded race,1,,,FALSE,fewer than 50 subgroup patients,,,,,,,,
continuous,rna_pathway_activity,BRCA,HALLMARK_ANGIOGENESIS,FALSE,1052,TRUE,Broad race,White,729,,,TRUE,performance estimated,0.218207189136288,0.32322471693737,0.483273931097371,,,,,
continuous,rna_pathway_activity,BRCA,HALLMARK_ANGIOGENESIS,FALSE,1052,TRUE,Recorded sex,FEMALE,1040,,,TRUE,performance estimated,0.247938315598782,0.327726040406174,0.497631711510885,,,,,
continuous,rna_pathway_activity,BRCA,HALLMARK_ANGIOGENESIS,FALSE,1052,TRUE,Recorded sex,MALE,12,,,FALSE,fewer than 50 subgroup patients,,,,,,,,
continuous,rna_pathway_activity,BRCA,HALLMARK_APICAL_JUNCTION,FALSE,1052,TRUE,Broad race,Asian,61,,,TRUE,performance estimated,0.211044035515738,0.226997846702825,0.559746166049709,,,,,
continuous,rna_pathway_activity,BRCA,HALLMARK_APICAL_JUNCTION,FALSE,1052,TRUE,Broad race,Black or African American,167,,,TRUE,performance estimated,0.368001820173983,0.250725123305354,0.612714502148886,,,,,
continuous,rna_pathway_activity,BRCA,HALLMARK_APICAL_JUNCTION,FALSE,1052,TRUE,Broad race,Missing,94,,,FALSE,demographic field missing,,,,,,,,
continuous,rna_pathway_activity,BRCA,HALLMARK_APICAL_JUNCTION,FALSE,1052,TRUE,Broad race,Other recorded race,1,,,FALSE,fewer than 50 subgroup patients,,,,,,,,
continuous,rna_pathway_activity,BRCA,HALLMARK_APICAL_JUNCTION,FALSE,1052,TRUE,Broad race,White,729,,,TRUE,performance estimated,0.326956757831361,0.227152336108762,0.564346609475986,,,,,
continuous,rna_pathway_activity,BRCA,HALLMARK_APICAL_JUNCTION,FALSE,1052,TRUE,Recorded sex,FEMALE,1040,,,TRUE,performance estimated,0.324472896346261,0.23208137934261,0.571813567049981,,,,,
continuous,rna_pathway_activity,BRCA,HALLMARK_APICAL_JUNCTION,FALSE,1052,TRUE,Recorded sex,MALE,12,,,FALSE,fewer than 50 subgroup patients,,,,,,,,
continuous,rna_pathway_activity,BRCA,HALLMARK_APICAL_SURFACE,FALSE,1052,TRUE,Broad race,Asian,61,,,TRUE,performance estimated,0.0996742993454878,0.21427362959784,0.44806980433633,,,,,
continuous,rna_pathway_activity,BRCA,HALLMARK_APICAL_SURFACE,FALSE,1052,TRUE,Broad race,Black or African American,167,,,TRUE,performance estimated,0.268065454902901,0.22276387709988,0.532442516000701,,,,,
continuous,rna_pathway_activity,BRCA,HALLMARK_APICAL_SURFACE,FALSE,1052,TRUE,Broad race,Missing,94,,,FALSE,demographic field missing,,,,,,,,
continuous,rna_pathway_activity,BRCA,HALLMARK_APICAL_SURFACE,FALSE,1052,TRUE,Broad race,Other recorded race,1,,,FALSE,fewer than 50 subgroup patients,,,,,,,,
continuous,rna_pathway_activity,BRCA,HALLMARK_APICAL_SURFACE,FALSE,1052,TRUE,Broad race,White,729,,,TRUE,performance estimated,0.298178181711008,0.203060793221437,0.547193146782188,,,,,
continuous,rna_pathway_activity,BRCA,HALLMARK_APICAL_SURFACE,FALSE,1052,TRUE,Recorded sex,FEMALE,1040,,,TRUE,performance estimated,0.287277028294554,0.207738911937672,0.539813152706175,,,,,
continuous,rna_pathway_activity,BRCA,HALLMARK_APICAL_SURFACE,FALSE,1052,TRUE,Recorded sex,MALE,12,,,FALSE,fewer than 50 subgroup patients,,,,,,,,
continuous,rna_pathway_activity,BRCA,HALLMARK_APOPTOSIS,FALSE,1052,TRUE,Broad race,Asian,61,,,TRUE,performance estimated,0.217074834109097,0.206991381545168,0.500370174510841,,,,,
continuous,rna_pathway_activity,BRCA,HALLMARK_APOPTOSIS,FALSE,1052,TRUE,Broad race,Black or African American,167,,,TRUE,performance estimated,0.33788557081708,0.199610328046977,0.567817205520113,,,,,
continuous,rna_pathway_activity,BRCA,HALLMARK_APOPTOSIS,FALSE,1052,TRUE,Broad race,Missing,94,,,FALSE,demographic field missing,,,,,,,,
continuous,rna_pathway_activity,BRCA,HALLMARK_APOPTOSIS,FALSE,1052,TRUE,Broad race,Other recorded race,1,,,FALSE,fewer than 50 subgroup patients,,,,,,,,
continuous,rna_pathway_activity,BRCA,HALLMARK_APOPTOSIS,FALSE,1052,TRUE,Broad race,White,729,,,TRUE,performance estimated,0.276699634670267,0.195173658124857,0.512347772865277,,,,,
continuous,rna_pathway_activity,BRCA,HALLMARK_APOPTOSIS,FALSE,1052,TRUE,Recorded sex,FEMALE,1040,,,TRUE,performance estimated,0.283900267104912,0.196536457088911,0.521969125199038,,,,,
continuous,rna_pathway_activity,BRCA,HALLMARK_APOPTOSIS,FALSE,1052,TRUE,Recorded sex,MALE,12,,,FALSE,fewer than 50 subgroup patients,,,,,,,,
continuous,rna_pathway_activity,BRCA,HALLMARK_BILE_ACID_METABOLISM,FALSE,1052,TRUE,Broad race,Asian,61,,,TRUE,performance estimated,0.333924635158203,0.146806127452947,0.537292437863564,,,,,
continuous,rna_pathway_activity,BRCA,HALLMARK_BILE_ACID_METABOLISM,FALSE,1052,TRUE,Broad race,Black or African American,167,,,TRUE,performance estimated,0.282533235315202,0.182393089947794,0.547323940758758,,,,,
continuous,rna_pathway_activity,BRCA,HALLMARK_BILE_ACID_METABOLISM,FALSE,1052,TRUE,Broad race,Missing,94,,,FALSE,demographic field missing,,,,,,,,
continuous,rna_pathway_activity,BRCA,HALLMARK_BILE_ACID_METABOLISM,FALSE,1052,TRUE,Broad race,Other recorded race,1,,,FALSE,fewer than 50 subgroup patients,,,,,,,,
continuous,rna_pathway_activity,BRCA,HALLMARK_BILE_ACID_METABOLISM,FALSE,1052,TRUE,Broad race,White,729,,,TRUE,performance estimated,0.276428669807642,0.153452989177491,0.518287736278604,,,,,
continuous,rna_pathway_activity,BRCA,HALLMARK_BILE_ACID_METABOLISM,FALSE,1052,TRUE,Recorded sex,FEMALE,1040,,,TRUE,performance estimated,0.27940823315428,0.159912523929621,0.527769567236884,,,,,
continuous,rna_pathway_activity,BRCA,HALLMARK_BILE_ACID_METABOLISM,FALSE,1052,TRUE,Recorded sex,MALE,12,,,FALSE,fewer than 50 subgroup patients,,,,,,,,
continuous,rna_pathway_activity,BRCA,HALLMARK_CHOLESTEROL_HOMEOSTASIS,FALSE,1052,TRUE,Broad race,Asian,61,,,TRUE,performance estimated,0.225227504746986,0.223797482100384,0.519598096245373,,,,,
continuous,rna_pathway_activity,BRCA,HALLMARK_CHOLESTEROL_HOMEOSTASIS,FALSE,1052,TRUE,Broad race,Black or African American,167,,,TRUE,performance estimated,0.220259194780243,0.222008077568127,0.523133766889629,,,,,
continuous,rna_pathway_activity,BRCA,HALLMARK_CHOLESTEROL_HOMEOSTASIS,FALSE,1052,TRUE,Broad race,Missing,94,,,FALSE,demographic field missing,,,,,,,,
continuous,rna_pathway_activity,BRCA,HALLMARK_CHOLESTEROL_HOMEOSTASIS,FALSE,1052,TRUE,Broad race,Other recorded race,1,,,FALSE,fewer than 50 subgroup patients,,,,,,,,
continuous,rna_pathway_activity,BRCA,HALLMARK_CHOLESTEROL_HOMEOSTASIS,FALSE,1052,TRUE,Broad race,White,729,,,TRUE,performance estimated,0.179510677557342,0.206001752534393,0.41041802720646,,,,,
continuous,rna_pathway_activity,BRCA,HALLMARK_CHOLESTEROL_HOMEOSTASIS,FALSE,1052,TRUE,Recorded sex,FEMALE,1040,,,TRUE,performance estimated,0.209076504107809,0.207946094119189,0.446888009184692,,,,,
continuous,rna_pathway_activity,BRCA,HALLMARK_CHOLESTEROL_HOMEOSTASIS,FALSE,1052,TRUE,Recorded sex,MALE,12,,,FALSE,fewer than 50 subgroup patients,,,,,,,,
continuous,rna_pathway_activity,BRCA,HALLMARK_COAGULATION,FALSE,1052,TRUE,Broad race,Asian,61,,,TRUE,performance estimated,0.354114407686666,0.255620592960696,0.605795875198308,,,,,
continuous,rna_pathway_activity,BRCA,HALLMARK_COAGULATION,FALSE,1052,TRUE,Broad race,Black or African American,167,,,TRUE,performance estimated,0.271515675624183,0.279343028745465,0.507727745885166,,,,,
continuous,rna_pathway_activity,BRCA,HALLMARK_COAGULATION,FALSE,1052,TRUE,Broad race,Missing,94,,,FALSE,demographic field missing,,,,,,,,
continuous,rna_pathway_activity,BRCA,HALLMARK_COAGULATION,FALSE,1052,TRUE,Broad race,Other recorded race,1,,,FALSE,fewer than 50 subgroup patients,,,,,,,,
continuous,rna_pathway_activity,BRCA,HALLMARK_COAGULATION,FALSE,1052,TRUE,Broad race,White,729,,,TRUE,performance estimated,0.268091762469675,0.260910940724176,0.519197633078912,,,,,
continuous,rna_pathway_activity,BRCA,HALLMARK_COAGULATION,FALSE,1052,TRUE,Recorded sex,FEMALE,1040,,,TRUE,performance estimated,0.279150075325,0.262526712437911,0.52648089825982,,,,,
continuous,rna_pathway_activity,BRCA,HALLMARK_COAGULATION,FALSE,1052,TRUE,Recorded sex,MALE,12,,,FALSE,fewer than 50 subgroup patients,,,,,,,,
continuous,rna_pathway_activity,BRCA,HALLMARK_COMPLEMENT,FALSE,1052,TRUE,Broad race,Asian,61,,,TRUE,performance estimated,0.169383162621751,0.291833362027599,0.493178212585933,,,,,
continuous,rna_pathway_activity,BRCA,HALLMARK_COMPLEMENT,FALSE,1052,TRUE,Broad race,Black or African American,167,,,TRUE,performance estimated,0.363021063943569,0.275415436256237,0.647624887917796,,,,,
continuous,rna_pathway_activity,BRCA,HALLMARK_COMPLEMENT,FALSE,1052,TRUE,Broad race,Missing,94,,,FALSE,demographic field missing,,,,,,,,
continuous,rna_pathway_activity,BRCA,HALLMARK_COMPLEMENT,FALSE,1052,TRUE,Broad race,Other recorded race,1,,,FALSE,fewer than 50 subgroup patients,,,,,,,,
continuous,rna_pathway_activity,BRCA,HALLMARK_COMPLEMENT,FALSE,1052,TRUE,Broad race,White,729,,,TRUE,performance estimated,0.31406919260665,0.266842321980054,0.550680019005742,,,,,
continuous,rna_pathway_activity,BRCA,HALLMARK_COMPLEMENT,FALSE,1052,TRUE,Recorded sex,FEMALE,1040,,,TRUE,performance estimated,0.305671989797,0.269082541617596,0.555724838161619,,,,,
continuous,rna_pathway_activity,BRCA,HALLMARK_COMPLEMENT,FALSE,1052,TRUE,Recorded sex,MALE,12,,,FALSE,fewer than 50 subgroup patients,,,,,,,,
continuous,rna_pathway_activity,BRCA,HALLMARK_E2F_TARGETS,FALSE,1052,TRUE,Broad race,Asian,61,,,TRUE,performance estimated,0.614302133910836,0.342160841658795,0.732892649391856,,,,,
continuous,rna_pathway_activity,BRCA,HALLMARK_E2F_TARGETS,FALSE,1052,TRUE,Broad race,Black or African American,167,,,TRUE,performance estimated,0.351200619059321,0.399264407653383,0.656837272099519,,,,,
continuous,rna_pathway_activity,BRCA,HALLMARK_E2F_TARGETS,FALSE,1052,TRUE,Broad race,Missing,94,,,FALSE,demographic field missing,,,,,,,,
continuous,rna_pathway_activity,BRCA,HALLMARK_E2F_TARGETS,FALSE,1052,TRUE,Broad race,Other recorded race,1,,,FALSE,fewer than 50 subgroup patients,,,,,,,,
continuous,rna_pathway_activity,BRCA,HALLMARK_E2F_TARGETS,FALSE,1052,TRUE,Broad race,White,729,,,TRUE,performance estimated,0.538143225480213,0.365188177998876,0.728038028829506,,,,,
continuous,rna_pathway_activity,BRCA,HALLMARK_E2F_TARGETS,FALSE,1052,TRUE,Recorded sex,FEMALE,1040,,,TRUE,performance estimated,0.537935682726768,0.367329177320358,0.735794734675947,,,,,
continuous,rna_pathway_activity,BRCA,HALLMARK_E2F_TARGETS,FALSE,1052,TRUE,Recorded sex,MALE,12,,,FALSE,fewer than 50 subgroup patients,,,,,,,,
continuous,rna_pathway_activity,BRCA,HALLMARK_EPITHELIAL_MESENCHYMAL_TRANSITION,FALSE,1052,TRUE,Broad race,Asian,61,,,TRUE,performance estimated,0.290667470958758,0.385844028777209,0.603141195134849,,,,,
continuous,rna_pathway_activity,BRCA,HALLMARK_EPITHELIAL_MESENCHYMAL_TRANSITION,FALSE,1052,TRUE,Broad race,Black or African American,167,,,TRUE,performance estimated,0.326825089355498,0.46703217326434,0.591900192729859,,,,,
continuous,rna_pathway_activity,BRCA,HALLMARK_EPITHELIAL_MESENCHYMAL_TRANSITION,FALSE,1052,TRUE,Broad race,Missing,94,,,FALSE,demographic field missing,,,,,,,,
continuous,rna_pathway_activity,BRCA,HALLMARK_EPITHELIAL_MESENCHYMAL_TRANSITION,FALSE,1052,TRUE,Broad race,Other recorded race,1,,,FALSE,fewer than 50 subgroup patients,,,,,,,,
continuous,rna_pathway_activity,BRCA,HALLMARK_EPITHELIAL_MESENCHYMAL_TRANSITION,FALSE,1052,TRUE,Broad race,White,729,,,TRUE,performance estimated,0.296378688125819,0.416106142428799,0.551548100695742,,,,,
continuous,rna_pathway_activity,BRCA,HALLMARK_EPITHELIAL_MESENCHYMAL_TRANSITION,FALSE,1052,TRUE,Recorded sex,FEMALE,1040,,,TRUE,performance estimated,0.32002094211041,0.421850350957039,0.567688612308827,,,,,
continuous,rna_pathway_activity,BRCA,HALLMARK_EPITHELIAL_MESENCHYMAL_TRANSITION,FALSE,1052,TRUE,Recorded sex,MALE,12,,,FALSE,fewer than 50 subgroup patients,,,,,,,,
continuous,rna_pathway_activity,BRCA,HALLMARK_ESTROGEN_RESPONSE_EARLY,FALSE,1052,TRUE,Broad race,Asian,61,,,TRUE,performance estimated,0.443060583622848,0.206535449142862,0.634172395557906,,,,,
continuous,rna_pathway_activity,BRCA,HALLMARK_ESTROGEN_RESPONSE_EARLY,FALSE,1052,TRUE,Broad race,Black or African American,167,,,TRUE,performance estimated,0.529002951988246,0.206636204180122,0.743462129098086,,,,,
continuous,rna_pathway_activity,BRCA,HALLMARK_ESTROGEN_RESPONSE_EARLY,FALSE,1052,TRUE,Broad race,Missing,94,,,FALSE,demographic field missing,,,,,,,,
continuous,rna_pathway_activity,BRCA,HALLMARK_ESTROGEN_RESPONSE_EARLY,FALSE,1052,TRUE,Broad race,Other recorded race,1,,,FALSE,fewer than 50 subgroup patients,,,,,,,,
continuous,rna_pathway_activity,BRCA,HALLMARK_ESTROGEN_RESPONSE_EARLY,FALSE,1052,TRUE,Broad race,White,729,,,TRUE,performance estimated,0.414343652252783,0.217620479014628,0.532019471593292,,,,,
continuous,rna_pathway_activity,BRCA,HALLMARK_ESTROGEN_RESPONSE_EARLY,FALSE,1052,TRUE,Recorded sex,FEMALE,1040,,,TRUE,performance estimated,0.459857348905953,0.213694602415314,0.611310536174113,,,,,
continuous,rna_pathway_activity,BRCA,HALLMARK_ESTROGEN_RESPONSE_EARLY,FALSE,1052,TRUE,Recorded sex,MALE,12,,,FALSE,fewer than 50 subgroup patients,,,,,,,,
continuous,rna_pathway_activity,BRCA,HALLMARK_ESTROGEN_RESPONSE_LATE,FALSE,1052,TRUE,Broad race,Asian,61,,,TRUE,performance estimated,0.287802943754204,0.164240294263966,0.520877842411422,,,,,
continuous,rna_pathway_activity,BRCA,HALLMARK_ESTROGEN_RESPONSE_LATE,FALSE,1052,TRUE,Broad race,Black or African American,167,,,TRUE,performance estimated,0.361150648444218,0.168799202390302,0.622699867047317,,,,,
continuous,rna_pathway_activity,BRCA,HALLMARK_ESTROGEN_RESPONSE_LATE,FALSE,1052,TRUE,Broad race,Missing,94,,,FALSE,demographic field missing,,,,,,,,
continuous,rna_pathway_activity,BRCA,HALLMARK_ESTROGEN_RESPONSE_LATE,FALSE,1052,TRUE,Broad race,Other recorded race,1,,,FALSE,fewer than 50 subgroup patients,,,,,,,,
continuous,rna_pathway_activity,BRCA,HALLMARK_ESTROGEN_RESPONSE_LATE,FALSE,1052,TRUE,Broad race,White,729,,,TRUE,performance estimated,0.245301581527651,0.184438295110983,0.400420368852637,,,,,
continuous,rna_pathway_activity,BRCA,HALLMARK_ESTROGEN_RESPONSE_LATE,FALSE,1052,TRUE,Recorded sex,FEMALE,1040,,,TRUE,performance estimated,0.285653708475851,0.17910185511523,0.479328240304046,,,,,
continuous,rna_pathway_activity,BRCA,HALLMARK_ESTROGEN_RESPONSE_LATE,FALSE,1052,TRUE,Recorded sex,MALE,12,,,FALSE,fewer than 50 subgroup patients,,,,,,,,
continuous,rna_pathway_activity,BRCA,HALLMARK_G2M_CHECKPOINT,FALSE,1052,TRUE,Broad race,Asian,61,,,TRUE,performance estimated,0.626357952185386,0.285534879102395,0.762591221575886,,,,,
continuous,rna_pathway_activity,BRCA,HALLMARK_G2M_CHECKPOINT,FALSE,1052,TRUE,Broad race,Black or African American,167,,,TRUE,performance estimated,0.266729481628373,0.39386583162359,0.589975470745257,,,,,
continuous,rna_pathway_activity,BRCA,HALLMARK_G2M_CHECKPOINT,FALSE,1052,TRUE,Broad race,Missing,94,,,FALSE,demographic field missing,,,,,,,,
continuous,rna_pathway_activity,BRCA,HALLMARK_G2M_CHECKPOINT,FALSE,1052,TRUE,Broad race,Other recorded race,1,,,FALSE,fewer than 50 subgroup patients,,,,,,,,
continuous,rna_pathway_activity,BRCA,HALLMARK_G2M_CHECKPOINT,FALSE,1052,TRUE,Broad race,White,729,,,TRUE,performance estimated,0.510363051726899,0.328827718663739,0.712802838967223,,,,,
continuous,rna_pathway_activity,BRCA,HALLMARK_G2M_CHECKPOINT,FALSE,1052,TRUE,Recorded sex,FEMALE,1040,,,TRUE,performance estimated,0.499215982441528,0.333751439595234,0.714863841547419,,,,,
continuous,rna_pathway_activity,BRCA,HALLMARK_G2M_CHECKPOINT,FALSE,1052,TRUE,Recorded sex,MALE,12,,,FALSE,fewer than 50 subgroup patients,,,,,,,,
continuous,rna_pathway_activity,BRCA,HALLMARK_GLYCOLYSIS,FALSE,1052,TRUE,Broad race,Asian,61,,,TRUE,performance estimated,0.379386118016622,0.156531741648924,0.660095187731359,,,,,
continuous,rna_pathway_activity,BRCA,HALLMARK_GLYCOLYSIS,FALSE,1052,TRUE,Broad race,Black or African American,167,,,TRUE,performance estimated,0.33491553466685,0.166533472756379,0.601508858359014,,,,,
continuous,rna_pathway_activity,BRCA,HALLMARK_GLYCOLYSIS,FALSE,1052,TRUE,Broad race,Missing,94,,,FALSE,demographic field missing,,,,,,,,
continuous,rna_pathway_activity,BRCA,HALLMARK_GLYCOLYSIS,FALSE,1052,TRUE,Broad race,Other recorded race,1,,,FALSE,fewer than 50 subgroup patients,,,,,,,,
continuous,rna_pathway_activity,BRCA,HALLMARK_GLYCOLYSIS,FALSE,1052,TRUE,Broad race,White,729,,,TRUE,performance estimated,0.326025050069895,0.152901927254191,0.546473369350082,,,,,
continuous,rna_pathway_activity,BRCA,HALLMARK_GLYCOLYSIS,FALSE,1052,TRUE,Recorded sex,FEMALE,1040,,,TRUE,performance estimated,0.359788077912502,0.152321632520424,0.58740620350767,,,,,
continuous,rna_pathway_activity,BRCA,HALLMARK_GLYCOLYSIS,FALSE,1052,TRUE,Recorded sex,MALE,12,,,FALSE,fewer than 50 subgroup patients,,,,,,,,
continuous,rna_pathway_activity,BRCA,HALLMARK_HYPOXIA,FALSE,1052,TRUE,Broad race,Asian,61,,,TRUE,performance estimated,0.319870917904693,0.195639981299912,0.598826017979905,,,,,
continuous,rna_pathway_activity,BRCA,HALLMARK_HYPOXIA,FALSE,1052,TRUE,Broad race,Black or African American,167,,,TRUE,performance estimated,0.315545825836582,0.225909185771888,0.566898904428664,,,,,
continuous,rna_pathway_activity,BRCA,HALLMARK_HYPOXIA,FALSE,1052,TRUE,Broad race,Missing,94,,,FALSE,demographic field missing,,,,,,,,
continuous,rna_pathway_activity,BRCA,HALLMARK_HYPOXIA,FALSE,1052,TRUE,Broad race,Other recorded race,1,,,FALSE,fewer than 50 subgroup patients,,,,,,,,
continuous,rna_pathway_activity,BRCA,HALLMARK_HYPOXIA,FALSE,1052,TRUE,Broad race,White,729,,,TRUE,performance estimated,0.247044086913801,0.209063249753211,0.491537519924126,,,,,
continuous,rna_pathway_activity,BRCA,HALLMARK_HYPOXIA,FALSE,1052,TRUE,Recorded sex,FEMALE,1040,,,TRUE,performance estimated,0.270309949966656,0.210410515889148,0.518374475056055,,,,,
continuous,rna_pathway_activity,BRCA,HALLMARK_HYPOXIA,FALSE,1052,TRUE,Recorded sex,MALE,12,,,FALSE,fewer than 50 subgroup patients,,,,,,,,
continuous,rna_pathway_activity,BRCA,HALLMARK_IL2_STAT5_SIGNALING,FALSE,1052,TRUE,Broad race,Asian,61,,,TRUE,performance estimated,0.156321994496319,0.273031551329189,0.472607086197779,,,,,
continuous,rna_pathway_activity,BRCA,HALLMARK_IL2_STAT5_SIGNALING,FALSE,1052,TRUE,Broad race,Black or African American,167,,,TRUE,performance estimated,0.402722948856949,0.256689266351818,0.657787007740114,,,,,
continuous,rna_pathway_activity,BRCA,HALLMARK_IL2_STAT5_SIGNALING,FALSE,1052,TRUE,Broad race,Missing,94,,,FALSE,demographic field missing,,,,,,,,
continuous,rna_pathway_activity,BRCA,HALLMARK_IL2_STAT5_SIGNALING,FALSE,1052,TRUE,Broad race,Other recorded race,1,,,FALSE,fewer than 50 subgroup patients,,,,,,,,
continuous,rna_pathway_activity,BRCA,HALLMARK_IL2_STAT5_SIGNALING,FALSE,1052,TRUE,Broad race,White,729,,,TRUE,performance estimated,0.327466183690374,0.246211839022589,0.569106432774622,,,,,
continuous,rna_pathway_activity,BRCA,HALLMARK_IL2_STAT5_SIGNALING,FALSE,1052,TRUE,Recorded sex,FEMALE,1040,,,TRUE,performance estimated,0.324964656070078,0.248709037068169,0.574103559068209,,,,,
continuous,rna_pathway_activity,BRCA,HALLMARK_IL2_STAT5_SIGNALING,FALSE,1052,TRUE,Recorded sex,MALE,12,,,FALSE,fewer than 50 subgroup patients,,,,,,,,
continuous,rna_pathway_activity,BRCA,HALLMARK_IL6_JAK_STAT3_SIGNALING,FALSE,1052,TRUE,Broad race,Asian,61,,,TRUE,performance estimated,0.235880789011271,0.370248735477253,0.531433104177684,,,,,
continuous,rna_pathway_activity,BRCA,HALLMARK_IL6_JAK_STAT3_SIGNALING,FALSE,1052,TRUE,Broad race,Black or African American,167,,,TRUE,performance estimated,0.39452275450379,0.376887697249426,0.676750286002865,,,,,
continuous,rna_pathway_activity,BRCA,HALLMARK_IL6_JAK_STAT3_SIGNALING,FALSE,1052,TRUE,Broad race,Missing,94,,,FALSE,demographic field missing,,,,,,,,
continuous,rna_pathway_activity,BRCA,HALLMARK_IL6_JAK_STAT3_SIGNALING,FALSE,1052,TRUE,Broad race,Other recorded race,1,,,FALSE,fewer than 50 subgroup patients,,,,,,,,
continuous,rna_pathway_activity,BRCA,HALLMARK_IL6_JAK_STAT3_SIGNALING,FALSE,1052,TRUE,Broad race,White,729,,,TRUE,performance estimated,0.351443495381306,0.344982258312099,0.577589188532872,,,,,
continuous,rna_pathway_activity,BRCA,HALLMARK_IL6_JAK_STAT3_SIGNALING,FALSE,1052,TRUE,Recorded sex,FEMALE,1040,,,TRUE,performance estimated,0.337464162991469,0.351067934649994,0.58565876077918,,,,,
continuous,rna_pathway_activity,BRCA,HALLMARK_IL6_JAK_STAT3_SIGNALING,FALSE,1052,TRUE,Recorded sex,MALE,12,,,FALSE,fewer than 50 subgroup patients,,,,,,,,
continuous,rna_pathway_activity,BRCA,HALLMARK_INFLAMMATORY_RESPONSE,FALSE,1052,TRUE,Broad race,Asian,61,,,TRUE,performance estimated,0.185481492742015,0.385801014674131,0.507054468535167,,,,,
continuous,rna_pathway_activity,BRCA,HALLMARK_INFLAMMATORY_RESPONSE,FALSE,1052,TRUE,Broad race,Black or African American,167,,,TRUE,performance estimated,0.407483274042577,0.356970357351189,0.688556793469859,,,,,
continuous,rna_pathway_activity,BRCA,HALLMARK_INFLAMMATORY_RESPONSE,FALSE,1052,TRUE,Broad race,Missing,94,,,FALSE,demographic field missing,,,,,,,,
continuous,rna_pathway_activity,BRCA,HALLMARK_INFLAMMATORY_RESPONSE,FALSE,1052,TRUE,Broad race,Other recorded race,1,,,FALSE,fewer than 50 subgroup patients,,,,,,,,
continuous,rna_pathway_activity,BRCA,HALLMARK_INFLAMMATORY_RESPONSE,FALSE,1052,TRUE,Broad race,White,729,,,TRUE,performance estimated,0.32792684548099,0.346437919137631,0.558348953600095,,,,,
continuous,rna_pathway_activity,BRCA,HALLMARK_INFLAMMATORY_RESPONSE,FALSE,1052,TRUE,Recorded sex,FEMALE,1040,,,TRUE,performance estimated,0.325904452329535,0.348216204498115,0.574103868439227,,,,,
continuous,rna_pathway_activity,BRCA,HALLMARK_INFLAMMATORY_RESPONSE,FALSE,1052,TRUE,Recorded sex,MALE,12,,,FALSE,fewer than 50 subgroup patients,,,,,,,,
continuous,rna_pathway_activity,BRCA,HALLMARK_INTERFERON_GAMMA_RESPONSE,FALSE,1052,TRUE,Broad race,Asian,61,,,TRUE,performance estimated,0.118987130147862,0.520221560536,0.408133262823903,,,,,
continuous,rna_pathway_activity,BRCA,HALLMARK_INTERFERON_GAMMA_RESPONSE,FALSE,1052,TRUE,Broad race,Black or African American,167,,,TRUE,performance estimated,0.32405269328437,0.451421510342833,0.603810794933369,,,,,
continuous,rna_pathway_activity,BRCA,HALLMARK_INTERFERON_GAMMA_RESPONSE,FALSE,1052,TRUE,Broad race,Missing,94,,,FALSE,demographic field missing,,,,,,,,
continuous,rna_pathway_activity,BRCA,HALLMARK_INTERFERON_GAMMA_RESPONSE,FALSE,1052,TRUE,Broad race,Other recorded race,1,,,FALSE,fewer than 50 subgroup patients,,,,,,,,
continuous,rna_pathway_activity,BRCA,HALLMARK_INTERFERON_GAMMA_RESPONSE,FALSE,1052,TRUE,Broad race,White,729,,,TRUE,performance estimated,0.321564007702924,0.432644617271144,0.52644401204523,,,,,
continuous,rna_pathway_activity,BRCA,HALLMARK_INTERFERON_GAMMA_RESPONSE,FALSE,1052,TRUE,Recorded sex,FEMALE,1040,,,TRUE,performance estimated,0.294286424177193,0.441013448714765,0.523155211013438,,,,,
continuous,rna_pathway_activity,BRCA,HALLMARK_INTERFERON_GAMMA_RESPONSE,FALSE,1052,TRUE,Recorded sex,MALE,12,,,FALSE,fewer than 50 subgroup patients,,,,,,,,
continuous,rna_pathway_activity,BRCA,HALLMARK_KRAS_SIGNALING_DN,FALSE,1052,TRUE,Broad race,Asian,61,,,TRUE,performance estimated,0.106558202987578,0.182485152588355,0.435293495505024,,,,,
continuous,rna_pathway_activity,BRCA,HALLMARK_KRAS_SIGNALING_DN,FALSE,1052,TRUE,Broad race,Black or African American,167,,,TRUE,performance estimated,0.25101618569687,0.189334439209605,0.5464360435755,,,,,
continuous,rna_pathway_activity,BRCA,HALLMARK_KRAS_SIGNALING_DN,FALSE,1052,TRUE,Broad race,Missing,94,,,FALSE,demographic field missing,,,,,,,,
continuous,rna_pathway_activity,BRCA,HALLMARK_KRAS_SIGNALING_DN,FALSE,1052,TRUE,Broad race,Other recorded race,1,,,FALSE,fewer than 50 subgroup patients,,,,,,,,
continuous,rna_pathway_activity,BRCA,HALLMARK_KRAS_SIGNALING_DN,FALSE,1052,TRUE,Broad race,White,729,,,TRUE,performance estimated,0.258795710971635,0.171138468517558,0.505153746417065,,,,,
continuous,rna_pathway_activity,BRCA,HALLMARK_KRAS_SIGNALING_DN,FALSE,1052,TRUE,Recorded sex,FEMALE,1040,,,TRUE,performance estimated,0.254238820250476,0.174835560390351,0.517973897193664,,,,,
continuous,rna_pathway_activity,BRCA,HALLMARK_KRAS_SIGNALING_DN,FALSE,1052,TRUE,Recorded sex,MALE,12,,,FALSE,fewer than 50 subgroup patients,,,,,,,,
continuous,rna_pathway_activity,BRCA,HALLMARK_KRAS_SIGNALING_UP,FALSE,1052,TRUE,Broad race,Asian,61,,,TRUE,performance estimated,0.105174244150842,0.281654229029495,0.457165520888419,,,,,
continuous,rna_pathway_activity,BRCA,HALLMARK_KRAS_SIGNALING_UP,FALSE,1052,TRUE,Broad race,Black or African American,167,,,TRUE,performance estimated,0.308898968710859,0.320198779215528,0.601965432302349,,,,,
continuous,rna_pathway_activity,BRCA,HALLMARK_KRAS_SIGNALING_UP,FALSE,1052,TRUE,Broad race,Missing,94,,,FALSE,demographic field missing,,,,,,,,
continuous,rna_pathway_activity,BRCA,HALLMARK_KRAS_SIGNALING_UP,FALSE,1052,TRUE,Broad race,Other recorded race,1,,,FALSE,fewer than 50 subgroup patients,,,,,,,,
continuous,rna_pathway_activity,BRCA,HALLMARK_KRAS_SIGNALING_UP,FALSE,1052,TRUE,Broad race,White,729,,,TRUE,performance estimated,0.286114490736757,0.287942044494508,0.541421911985078,,,,,
continuous,rna_pathway_activity,BRCA,HALLMARK_KRAS_SIGNALING_UP,FALSE,1052,TRUE,Recorded sex,FEMALE,1040,,,TRUE,performance estimated,0.289543116940927,0.289879660259474,0.551565430156932,,,,,
continuous,rna_pathway_activity,BRCA,HALLMARK_KRAS_SIGNALING_UP,FALSE,1052,TRUE,Recorded sex,MALE,12,,,FALSE,fewer than 50 subgroup patients,,,,,,,,
continuous,rna_pathway_activity,BRCA,HALLMARK_MTORC1_SIGNALING,FALSE,1052,TRUE,Broad race,Asian,61,,,TRUE,performance estimated,0.490572804111033,0.231373246073651,0.729413008989952,,,,,
continuous,rna_pathway_activity,BRCA,HALLMARK_MTORC1_SIGNALING,FALSE,1052,TRUE,Broad race,Black or African American,167,,,TRUE,performance estimated,0.437980855309224,0.208872258844299,0.678705927216136,,,,,
continuous,rna_pathway_activity,BRCA,HALLMARK_MTORC1_SIGNALING,FALSE,1052,TRUE,Broad race,Missing,94,,,FALSE,demographic field missing,,,,,,,,
continuous,rna_pathway_activity,BRCA,HALLMARK_MTORC1_SIGNALING,FALSE,1052,TRUE,Broad race,Other recorded race,1,,,FALSE,fewer than 50 subgroup patients,,,,,,,,
continuous,rna_pathway_activity,BRCA,HALLMARK_MTORC1_SIGNALING,FALSE,1052,TRUE,Broad race,White,729,,,TRUE,performance estimated,0.569801166973489,0.198662007741971,0.745387644657051,,,,,
continuous,rna_pathway_activity,BRCA,HALLMARK_MTORC1_SIGNALING,FALSE,1052,TRUE,Recorded sex,FEMALE,1040,,,TRUE,performance estimated,0.564248467179221,0.199915913155009,0.75386124901828,,,,,
continuous,rna_pathway_activity,BRCA,HALLMARK_MTORC1_SIGNALING,FALSE,1052,TRUE,Recorded sex,MALE,12,,,FALSE,fewer than 50 subgroup patients,,,,,,,,
continuous,rna_pathway_activity,BRCA,HALLMARK_MYC_TARGETS_V1,FALSE,1052,TRUE,Broad race,Asian,61,,,TRUE,performance estimated,0.444668600690562,0.325744961718344,0.643733474352194,,,,,
continuous,rna_pathway_activity,BRCA,HALLMARK_MYC_TARGETS_V1,FALSE,1052,TRUE,Broad race,Black or African American,167,,,TRUE,performance estimated,0.427833046474093,0.327976402220495,0.652391087017016,,,,,
continuous,rna_pathway_activity,BRCA,HALLMARK_MYC_TARGETS_V1,FALSE,1052,TRUE,Broad race,Missing,94,,,FALSE,demographic field missing,,,,,,,,
continuous,rna_pathway_activity,BRCA,HALLMARK_MYC_TARGETS_V1,FALSE,1052,TRUE,Broad race,Other recorded race,1,,,FALSE,fewer than 50 subgroup patients,,,,,,,,
continuous,rna_pathway_activity,BRCA,HALLMARK_MYC_TARGETS_V1,FALSE,1052,TRUE,Broad race,White,729,,,TRUE,performance estimated,0.484135593363235,0.312281642762326,0.675109626829566,,,,,
continuous,rna_pathway_activity,BRCA,HALLMARK_MYC_TARGETS_V1,FALSE,1052,TRUE,Recorded sex,FEMALE,1040,,,TRUE,performance estimated,0.50563512131813,0.311717020710716,0.698495806102461,,,,,
continuous,rna_pathway_activity,BRCA,HALLMARK_MYC_TARGETS_V1,FALSE,1052,TRUE,Recorded sex,MALE,12,,,FALSE,fewer than 50 subgroup patients,,,,,,,,
continuous,rna_pathway_activity,BRCA,HALLMARK_MYC_TARGETS_V2,FALSE,1052,TRUE,Broad race,Asian,61,,,TRUE,performance estimated,0.38923481215776,0.33131624805682,0.583088313061872,,,,,
continuous,rna_pathway_activity,BRCA,HALLMARK_MYC_TARGETS_V2,FALSE,1052,TRUE,Broad race,Black or African American,167,,,TRUE,performance estimated,0.458225085664401,0.403613764080158,0.713107176352974,,,,,
continuous,rna_pathway_activity,BRCA,HALLMARK_MYC_TARGETS_V2,FALSE,1052,TRUE,Broad race,Missing,94,,,FALSE,demographic field missing,,,,,,,,
continuous,rna_pathway_activity,BRCA,HALLMARK_MYC_TARGETS_V2,FALSE,1052,TRUE,Broad race,Other recorded race,1,,,FALSE,fewer than 50 subgroup patients,,,,,,,,
continuous,rna_pathway_activity,BRCA,HALLMARK_MYC_TARGETS_V2,FALSE,1052,TRUE,Broad race,White,729,,,TRUE,performance estimated,0.388567094803618,0.364279645272553,0.59611156023637,,,,,
continuous,rna_pathway_activity,BRCA,HALLMARK_MYC_TARGETS_V2,FALSE,1052,TRUE,Recorded sex,FEMALE,1040,,,TRUE,performance estimated,0.459007931779862,0.364948686226252,0.648261426618581,,,,,
continuous,rna_pathway_activity,BRCA,HALLMARK_MYC_TARGETS_V2,FALSE,1052,TRUE,Recorded sex,MALE,12,,,FALSE,fewer than 50 subgroup patients,,,,,,,,
continuous,rna_pathway_activity,BRCA,HALLMARK_MYOGENESIS,FALSE,1052,TRUE,Broad race,Asian,61,,,TRUE,performance estimated,0.3433487052049,0.247721205361393,0.627435219460603,,,,,
continuous,rna_pathway_activity,BRCA,HALLMARK_MYOGENESIS,FALSE,1052,TRUE,Broad race,Black or African American,167,,,TRUE,performance estimated,0.187982052378021,0.301241476855161,0.547371350242716,,,,,
continuous,rna_pathway_activity,BRCA,HALLMARK_MYOGENESIS,FALSE,1052,TRUE,Broad race,Missing,94,,,FALSE,demographic field missing,,,,,,,,
continuous,rna_pathway_activity,BRCA,HALLMARK_MYOGENESIS,FALSE,1052,TRUE,Broad race,Other recorded race,1,,,FALSE,fewer than 50 subgroup patients,,,,,,,,
continuous,rna_pathway_activity,BRCA,HALLMARK_MYOGENESIS,FALSE,1052,TRUE,Broad race,White,729,,,TRUE,performance estimated,0.300829513719451,0.248723683987699,0.538140689571435,,,,,
continuous,rna_pathway_activity,BRCA,HALLMARK_MYOGENESIS,FALSE,1052,TRUE,Recorded sex,FEMALE,1040,,,TRUE,performance estimated,0.284830338787387,0.260310798850307,0.547830701083801,,,,,
continuous,rna_pathway_activity,BRCA,HALLMARK_MYOGENESIS,FALSE,1052,TRUE,Recorded sex,MALE,12,,,FALSE,fewer than 50 subgroup patients,,,,,,,,
continuous,rna_pathway_activity,BRCA,HALLMARK_NOTCH_SIGNALING,FALSE,1052,TRUE,Broad race,Asian,61,,,TRUE,performance estimated,0.0711966772874605,0.269144582708002,0.373252247488102,,,,,
continuous,rna_pathway_activity,BRCA,HALLMARK_NOTCH_SIGNALING,FALSE,1052,TRUE,Broad race,Black or African American,167,,,TRUE,performance estimated,0.270680966121854,0.254831172555584,0.540193451307368,,,,,
continuous,rna_pathway_activity,BRCA,HALLMARK_NOTCH_SIGNALING,FALSE,1052,TRUE,Broad race,Missing,94,,,FALSE,demographic field missing,,,,,,,,
continuous,rna_pathway_activity,BRCA,HALLMARK_NOTCH_SIGNALING,FALSE,1052,TRUE,Broad race,Other recorded race,1,,,FALSE,fewer than 50 subgroup patients,,,,,,,,
continuous,rna_pathway_activity,BRCA,HALLMARK_NOTCH_SIGNALING,FALSE,1052,TRUE,Broad race,White,729,,,TRUE,performance estimated,0.229962294644673,0.230082333261189,0.473503443396899,,,,,
continuous,rna_pathway_activity,BRCA,HALLMARK_NOTCH_SIGNALING,FALSE,1052,TRUE,Recorded sex,FEMALE,1040,,,TRUE,performance estimated,0.245459927648461,0.236549785679226,0.485857221220974,,,,,
continuous,rna_pathway_activity,BRCA,HALLMARK_NOTCH_SIGNALING,FALSE,1052,TRUE,Recorded sex,MALE,12,,,FALSE,fewer than 50 subgroup patients,,,,,,,,
continuous,rna_pathway_activity,BRCA,HALLMARK_P53_PATHWAY,FALSE,1052,TRUE,Broad race,Asian,61,,,TRUE,performance estimated,0.310610934190835,0.185071507923103,0.608746694870439,,,,,
continuous,rna_pathway_activity,BRCA,HALLMARK_P53_PATHWAY,FALSE,1052,TRUE,Broad race,Black or African American,167,,,TRUE,performance estimated,0.200952928326311,0.186882899476812,0.511907510280644,,,,,
continuous,rna_pathway_activity,BRCA,HALLMARK_P53_PATHWAY,FALSE,1052,TRUE,Broad race,Missing,94,,,FALSE,demographic field missing,,,,,,,,
continuous,rna_pathway_activity,BRCA,HALLMARK_P53_PATHWAY,FALSE,1052,TRUE,Broad race,Other recorded race,1,,,FALSE,fewer than 50 subgroup patients,,,,,,,,
continuous,rna_pathway_activity,BRCA,HALLMARK_P53_PATHWAY,FALSE,1052,TRUE,Broad race,White,729,,,TRUE,performance estimated,0.225616350226344,0.189782958842496,0.47366689401697,,,,,
continuous,rna_pathway_activity,BRCA,HALLMARK_P53_PATHWAY,FALSE,1052,TRUE,Recorded sex,FEMALE,1040,,,TRUE,performance estimated,0.248529119333608,0.187898090609075,0.498266402158002,,,,,
continuous,rna_pathway_activity,BRCA,HALLMARK_P53_PATHWAY,FALSE,1052,TRUE,Recorded sex,MALE,12,,,FALSE,fewer than 50 subgroup patients,,,,,,,,
continuous,rna_pathway_activity,BRCA,HALLMARK_PI3K_AKT_MTOR_SIGNALING,FALSE,1052,TRUE,Broad race,Asian,61,,,TRUE,performance estimated,0.264182016748674,0.141117133749597,0.603701745108408,,,,,
continuous,rna_pathway_activity,BRCA,HALLMARK_PI3K_AKT_MTOR_SIGNALING,FALSE,1052,TRUE,Broad race,Black or African American,167,,,TRUE,performance estimated,0.249518173110426,0.164201693334211,0.558646562297093,,,,,
continuous,rna_pathway_activity,BRCA,HALLMARK_PI3K_AKT_MTOR_SIGNALING,FALSE,1052,TRUE,Broad race,Missing,94,,,FALSE,demographic field missing,,,,,,,,
continuous,rna_pathway_activity,BRCA,HALLMARK_PI3K_AKT_MTOR_SIGNALING,FALSE,1052,TRUE,Broad race,Other recorded race,1,,,FALSE,fewer than 50 subgroup patients,,,,,,,,
continuous,rna_pathway_activity,BRCA,HALLMARK_PI3K_AKT_MTOR_SIGNALING,FALSE,1052,TRUE,Broad race,White,729,,,TRUE,performance estimated,0.311583326034945,0.136275671577434,0.539205234136741,,,,,
continuous,rna_pathway_activity,BRCA,HALLMARK_PI3K_AKT_MTOR_SIGNALING,FALSE,1052,TRUE,Recorded sex,FEMALE,1040,,,TRUE,performance estimated,0.307530625094792,0.141527551378776,0.553266968627005,,,,,
continuous,rna_pathway_activity,BRCA,HALLMARK_PI3K_AKT_MTOR_SIGNALING,FALSE,1052,TRUE,Recorded sex,MALE,12,,,FALSE,fewer than 50 subgroup patients,,,,,,,,
continuous,rna_pathway_activity,BRCA,HALLMARK_REACTIVE_OXYGEN_SPECIES_PATHWAY,FALSE,1052,TRUE,Broad race,Asian,61,,,TRUE,performance estimated,0.220717839744575,0.269620619547613,0.500719196192491,,,,,
continuous,rna_pathway_activity,BRCA,HALLMARK_REACTIVE_OXYGEN_SPECIES_PATHWAY,FALSE,1052,TRUE,Broad race,Black or African American,167,,,TRUE,performance estimated,0.14443002402251,0.271692877098827,0.490608284292001,,,,,
continuous,rna_pathway_activity,BRCA,HALLMARK_REACTIVE_OXYGEN_SPECIES_PATHWAY,FALSE,1052,TRUE,Broad race,Missing,94,,,FALSE,demographic field missing,,,,,,,,
continuous,rna_pathway_activity,BRCA,HALLMARK_REACTIVE_OXYGEN_SPECIES_PATHWAY,FALSE,1052,TRUE,Broad race,Other recorded race,1,,,FALSE,fewer than 50 subgroup patients,,,,,,,,
continuous,rna_pathway_activity,BRCA,HALLMARK_REACTIVE_OXYGEN_SPECIES_PATHWAY,FALSE,1052,TRUE,Broad race,White,729,,,TRUE,performance estimated,0.148434284806882,0.255623472055272,0.400414310307766,,,,,
continuous,rna_pathway_activity,BRCA,HALLMARK_REACTIVE_OXYGEN_SPECIES_PATHWAY,FALSE,1052,TRUE,Recorded sex,FEMALE,1040,,,TRUE,performance estimated,0.200201122422703,0.258190270198337,0.445020929482823,,,,,
continuous,rna_pathway_activity,BRCA,HALLMARK_REACTIVE_OXYGEN_SPECIES_PATHWAY,FALSE,1052,TRUE,Recorded sex,MALE,12,,,FALSE,fewer than 50 subgroup patients,,,,,,,,
continuous,rna_pathway_activity,BRCA,HALLMARK_SPERMATOGENESIS,FALSE,1052,TRUE,Broad race,Asian,61,,,TRUE,performance estimated,0.184917920470069,0.191210220024751,0.438614489687996,,,,,
continuous,rna_pathway_activity,BRCA,HALLMARK_SPERMATOGENESIS,FALSE,1052,TRUE,Broad race,Black or African American,167,,,TRUE,performance estimated,0.0881951837025771,0.150448518113283,0.462383151081658,,,,,
continuous,rna_pathway_activity,BRCA,HALLMARK_SPERMATOGENESIS,FALSE,1052,TRUE,Broad race,Missing,94,,,FALSE,demographic field missing,,,,,,,,
continuous,rna_pathway_activity,BRCA,HALLMARK_SPERMATOGENESIS,FALSE,1052,TRUE,Broad race,Other recorded race,1,,,FALSE,fewer than 50 subgroup patients,,,,,,,,
continuous,rna_pathway_activity,BRCA,HALLMARK_SPERMATOGENESIS,FALSE,1052,TRUE,Broad race,White,729,,,TRUE,performance estimated,0.213105960389377,0.154357067859089,0.456475258773585,,,,,
continuous,rna_pathway_activity,BRCA,HALLMARK_SPERMATOGENESIS,FALSE,1052,TRUE,Recorded sex,FEMALE,1040,,,TRUE,performance estimated,0.203665572825062,0.156675526028026,0.461650101804401,,,,,
continuous,rna_pathway_activity,BRCA,HALLMARK_SPERMATOGENESIS,FALSE,1052,TRUE,Recorded sex,MALE,12,,,FALSE,fewer than 50 subgroup patients,,,,,,,,
continuous,rna_pathway_activity,BRCA,HALLMARK_TNFA_SIGNALING_VIA_NFKB,FALSE,1052,TRUE,Broad race,Asian,61,,,TRUE,performance estimated,0.204667295528593,0.356407751818814,0.481597038603913,,,,,
continuous,rna_pathway_activity,BRCA,HALLMARK_TNFA_SIGNALING_VIA_NFKB,FALSE,1052,TRUE,Broad race,Black or African American,167,,,TRUE,performance estimated,0.35772945333104,0.346086000237294,0.632018407247467,,,,,
continuous,rna_pathway_activity,BRCA,HALLMARK_TNFA_SIGNALING_VIA_NFKB,FALSE,1052,TRUE,Broad race,Missing,94,,,FALSE,demographic field missing,,,,,,,,
continuous,rna_pathway_activity,BRCA,HALLMARK_TNFA_SIGNALING_VIA_NFKB,FALSE,1052,TRUE,Broad race,Other recorded race,1,,,FALSE,fewer than 50 subgroup patients,,,,,,,,
continuous,rna_pathway_activity,BRCA,HALLMARK_TNFA_SIGNALING_VIA_NFKB,FALSE,1052,TRUE,Broad race,White,729,,,TRUE,performance estimated,0.266599211093101,0.341603428231617,0.517156498161064,,,,,
continuous,rna_pathway_activity,BRCA,HALLMARK_TNFA_SIGNALING_VIA_NFKB,FALSE,1052,TRUE,Recorded sex,FEMALE,1040,,,TRUE,performance estimated,0.285449601326502,0.341075615067555,0.549283317498516,,,,,
continuous,rna_pathway_activity,BRCA,HALLMARK_TNFA_SIGNALING_VIA_NFKB,FALSE,1052,TRUE,Recorded sex,MALE,12,,,FALSE,fewer than 50 subgroup patients,,,,,,,,
continuous,rna_pathway_activity,BRCA,HALLMARK_UNFOLDED_PROTEIN_RESPONSE,FALSE,1052,TRUE,Broad race,Asian,61,,,TRUE,performance estimated,0.381698676789502,0.152678218154017,0.587075621364357,,,,,
continuous,rna_pathway_activity,BRCA,HALLMARK_UNFOLDED_PROTEIN_RESPONSE,FALSE,1052,TRUE,Broad race,Black or African American,167,,,TRUE,performance estimated,0.348993457676316,0.174386070661803,0.622364393416266,,,,,
continuous,rna_pathway_activity,BRCA,HALLMARK_UNFOLDED_PROTEIN_RESPONSE,FALSE,1052,TRUE,Broad race,Missing,94,,,FALSE,demographic field missing,,,,,,,,
continuous,rna_pathway_activity,BRCA,HALLMARK_UNFOLDED_PROTEIN_RESPONSE,FALSE,1052,TRUE,Broad race,Other recorded race,1,,,FALSE,fewer than 50 subgroup patients,,,,,,,,
continuous,rna_pathway_activity,BRCA,HALLMARK_UNFOLDED_PROTEIN_RESPONSE,FALSE,1052,TRUE,Broad race,White,729,,,TRUE,performance estimated,0.386126777549625,0.167880165252,0.622559933442734,,,,,
continuous,rna_pathway_activity,BRCA,HALLMARK_UNFOLDED_PROTEIN_RESPONSE,FALSE,1052,TRUE,Recorded sex,FEMALE,1040,,,TRUE,performance estimated,0.400849677440734,0.167790612781008,0.643835957404091,,,,,
continuous,rna_pathway_activity,BRCA,HALLMARK_UNFOLDED_PROTEIN_RESPONSE,FALSE,1052,TRUE,Recorded sex,MALE,12,,,FALSE,fewer than 50 subgroup patients,,,,,,,,
continuous,rna_pathway_activity,BRCA,HALLMARK_UV_RESPONSE_DN,FALSE,1052,TRUE,Broad race,Asian,61,,,TRUE,performance estimated,-0.0374223461751809,0.261280827135631,0.462369116869381,,,,,
continuous,rna_pathway_activity,BRCA,HALLMARK_UV_RESPONSE_DN,FALSE,1052,TRUE,Broad race,Black or African American,167,,,TRUE,performance estimated,0.109486387667469,0.390688275089531,0.487788965957929,,,,,
continuous,rna_pathway_activity,BRCA,HALLMARK_UV_RESPONSE_DN,FALSE,1052,TRUE,Broad race,Missing,94,,,FALSE,demographic field missing,,,,,,,,
continuous,rna_pathway_activity,BRCA,HALLMARK_UV_RESPONSE_DN,FALSE,1052,TRUE,Broad race,Other recorded race,1,,,FALSE,fewer than 50 subgroup patients,,,,,,,,
continuous,rna_pathway_activity,BRCA,HALLMARK_UV_RESPONSE_DN,FALSE,1052,TRUE,Broad race,White,729,,,TRUE,performance estimated,0.203304854504255,0.297638235866795,0.505376847066345,,,,,
continuous,rna_pathway_activity,BRCA,HALLMARK_UV_RESPONSE_DN,FALSE,1052,TRUE,Recorded sex,FEMALE,1040,,,TRUE,performance estimated,0.246982863915907,0.306377206684562,0.53325469193154,,,,,
continuous,rna_pathway_activity,BRCA,HALLMARK_UV_RESPONSE_DN,FALSE,1052,TRUE,Recorded sex,MALE,12,,,FALSE,fewer than 50 subgroup patients,,,,,,,,
continuous,rna_pathway_activity,BRCA,HALLMARK_UV_RESPONSE_UP,FALSE,1052,TRUE,Broad race,Asian,61,,,TRUE,performance estimated,0.236244927248342,0.168109895453823,0.516922263352724,,,,,
continuous,rna_pathway_activity,BRCA,HALLMARK_UV_RESPONSE_UP,FALSE,1052,TRUE,Broad race,Black or African American,167,,,TRUE,performance estimated,0.230506482290379,0.172665593632977,0.542644830820287,,,,,
continuous,rna_pathway_activity,BRCA,HALLMARK_UV_RESPONSE_UP,FALSE,1052,TRUE,Broad race,Missing,94,,,FALSE,demographic field missing,,,,,,,,
continuous,rna_pathway_activity,BRCA,HALLMARK_UV_RESPONSE_UP,FALSE,1052,TRUE,Broad race,Other recorded race,1,,,FALSE,fewer than 50 subgroup patients,,,,,,,,
continuous,rna_pathway_activity,BRCA,HALLMARK_UV_RESPONSE_UP,FALSE,1052,TRUE,Broad race,White,729,,,TRUE,performance estimated,0.158722472478056,0.159864010560266,0.416245102211617,,,,,
continuous,rna_pathway_activity,BRCA,HALLMARK_UV_RESPONSE_UP,FALSE,1052,TRUE,Recorded sex,FEMALE,1040,,,TRUE,performance estimated,0.243580511421972,0.161691950363612,0.483330814270922,,,,,
continuous,rna_pathway_activity,BRCA,HALLMARK_UV_RESPONSE_UP,FALSE,1052,TRUE,Recorded sex,MALE,12,,,FALSE,fewer than 50 subgroup patients,,,,,,,,
continuous,rna_pathway_activity,BRCA,HALLMARK_WNT_BETA_CATENIN_SIGNALING,FALSE,1052,TRUE,Broad race,Asian,61,,,TRUE,performance estimated,0.311178021062038,0.199226273108014,0.591560021152829,,,,,
continuous,rna_pathway_activity,BRCA,HALLMARK_WNT_BETA_CATENIN_SIGNALING,FALSE,1052,TRUE,Broad race,Black or African American,167,,,TRUE,performance estimated,0.249630880234065,0.298862349106634,0.51899419749142,,,,,
continuous,rna_pathway_activity,BRCA,HALLMARK_WNT_BETA_CATENIN_SIGNALING,FALSE,1052,TRUE,Broad race,Missing,94,,,FALSE,demographic field missing,,,,,,,,
continuous,rna_pathway_activity,BRCA,HALLMARK_WNT_BETA_CATENIN_SIGNALING,FALSE,1052,TRUE,Broad race,Other recorded race,1,,,FALSE,fewer than 50 subgroup patients,,,,,,,,
continuous,rna_pathway_activity,BRCA,HALLMARK_WNT_BETA_CATENIN_SIGNALING,FALSE,1052,TRUE,Broad race,White,729,,,TRUE,performance estimated,0.22036247169839,0.243286090822849,0.48076312266571,,,,,
continuous,rna_pathway_activity,BRCA,HALLMARK_WNT_BETA_CATENIN_SIGNALING,FALSE,1052,TRUE,Recorded sex,FEMALE,1040,,,TRUE,performance estimated,0.242560220111779,0.25149865352433,0.501437625788656,,,,,
continuous,rna_pathway_activity,BRCA,HALLMARK_WNT_BETA_CATENIN_SIGNALING,FALSE,1052,TRUE,Recorded sex,MALE,12,,,FALSE,fewer than 50 subgroup patients,,,,,,,,
continuous,rna_pathway_activity,CESC,HALLMARK_ALLOGRAFT_REJECTION,FALSE,267,TRUE,Broad race,Asian,19,,,FALSE,fewer than 50 subgroup patients,,,,,,,,
continuous,rna_pathway_activity,CESC,HALLMARK_ALLOGRAFT_REJECTION,FALSE,267,TRUE,Broad race,Black or African American,27,,,FALSE,fewer than 50 subgroup patients,,,,,,,,
continuous,rna_pathway_activity,CESC,HALLMARK_ALLOGRAFT_REJECTION,FALSE,267,TRUE,Broad race,Missing,34,,,FALSE,demographic field missing,,,,,,,,
continuous,rna_pathway_activity,CESC,HALLMARK_ALLOGRAFT_REJECTION,FALSE,267,TRUE,Broad race,Other recorded race,5,,,FALSE,fewer than 50 subgroup patients,,,,,,,,
continuous,rna_pathway_activity,CESC,HALLMARK_ALLOGRAFT_REJECTION,FALSE,267,TRUE,Broad race,White,182,,,TRUE,performance estimated,0.298869286492957,0.367918663495407,0.581831554913703,,,,,
continuous,rna_pathway_activity,CESC,HALLMARK_ALLOGRAFT_REJECTION,FALSE,267,TRUE,Recorded sex,FEMALE,267,,,TRUE,performance estimated,0.327331656428133,0.366429141207699,0.581558583697211,,,,,
continuous,rna_pathway_activity,CESC,HALLMARK_APOPTOSIS,FALSE,267,TRUE,Broad race,Asian,19,,,FALSE,fewer than 50 subgroup patients,,,,,,,,
continuous,rna_pathway_activity,CESC,HALLMARK_APOPTOSIS,FALSE,267,TRUE,Broad race,Black or African American,27,,,FALSE,fewer than 50 subgroup patients,,,,,,,,
continuous,rna_pathway_activity,CESC,HALLMARK_APOPTOSIS,FALSE,267,TRUE,Broad race,Missing,34,,,FALSE,demographic field missing,,,,,,,,
continuous,rna_pathway_activity,CESC,HALLMARK_APOPTOSIS,FALSE,267,TRUE,Broad race,Other recorded race,5,,,FALSE,fewer than 50 subgroup patients,,,,,,,,
continuous,rna_pathway_activity,CESC,HALLMARK_APOPTOSIS,FALSE,267,TRUE,Broad race,White,182,,,TRUE,performance estimated,0.223561840977485,0.170674753120562,0.468854051482437,,,,,
continuous,rna_pathway_activity,CESC,HALLMARK_APOPTOSIS,FALSE,267,TRUE,Recorded sex,FEMALE,267,,,TRUE,performance estimated,0.254274407438361,0.17081187732694,0.509873543493145,,,,,
continuous,rna_pathway_activity,CESC,HALLMARK_COMPLEMENT,FALSE,267,TRUE,Broad race,Asian,19,,,FALSE,fewer than 50 subgroup patients,,,,,,,,
continuous,rna_pathway_activity,CESC,HALLMARK_COMPLEMENT,FALSE,267,TRUE,Broad race,Black or African American,27,,,FALSE,fewer than 50 subgroup patients,,,,,,,,
continuous,rna_pathway_activity,CESC,HALLMARK_COMPLEMENT,FALSE,267,TRUE,Broad race,Missing,34,,,FALSE,demographic field missing,,,,,,,,
continuous,rna_pathway_activity,CESC,HALLMARK_COMPLEMENT,FALSE,267,TRUE,Broad race,Other recorded race,5,,,FALSE,fewer than 50 subgroup patients,,,,,,,,
continuous,rna_pathway_activity,CESC,HALLMARK_COMPLEMENT,FALSE,267,TRUE,Broad race,White,182,,,TRUE,performance estimated,0.187534132090194,0.236730045799774,0.462668913370843,,,,,
continuous,rna_pathway_activity,CESC,HALLMARK_COMPLEMENT,FALSE,267,TRUE,Recorded sex,FEMALE,267,,,TRUE,performance estimated,0.225500613450024,0.238881685989591,0.5060281510417,,,,,
continuous,rna_pathway_activity,CESC,HALLMARK_IL6_JAK_STAT3_SIGNALING,FALSE,267,TRUE,Broad race,Asian,19,,,FALSE,fewer than 50 subgroup patients,,,,,,,,
continuous,rna_pathway_activity,CESC,HALLMARK_IL6_JAK_STAT3_SIGNALING,FALSE,267,TRUE,Broad race,Black or African American,27,,,FALSE,fewer than 50 subgroup patients,,,,,,,,
continuous,rna_pathway_activity,CESC,HALLMARK_IL6_JAK_STAT3_SIGNALING,FALSE,267,TRUE,Broad race,Missing,34,,,FALSE,demographic field missing,,,,,,,,
continuous,rna_pathway_activity,CESC,HALLMARK_IL6_JAK_STAT3_SIGNALING,FALSE,267,TRUE,Broad race,Other recorded race,5,,,FALSE,fewer than 50 subgroup patients,,,,,,,,
continuous,rna_pathway_activity,CESC,HALLMARK_IL6_JAK_STAT3_SIGNALING,FALSE,267,TRUE,Broad race,White,182,,,TRUE,performance estimated,0.263404572875849,0.320671681509074,0.549876733175347,,,,,
continuous,rna_pathway_activity,CESC,HALLMARK_IL6_JAK_STAT3_SIGNALING,FALSE,267,TRUE,Recorded sex,FEMALE,267,,,TRUE,performance estimated,0.299892573757476,0.315013305318792,0.573504404983615,,,,,
continuous,rna_pathway_activity,CESC,HALLMARK_INFLAMMATORY_RESPONSE,FALSE,267,TRUE,Broad race,Asian,19,,,FALSE,fewer than 50 subgroup patients,,,,,,,,
continuous,rna_pathway_activity,CESC,HALLMARK_INFLAMMATORY_RESPONSE,FALSE,267,TRUE,Broad race,Black or African American,27,,,FALSE,fewer than 50 subgroup patients,,,,,,,,
continuous,rna_pathway_activity,CESC,HALLMARK_INFLAMMATORY_RESPONSE,FALSE,267,TRUE,Broad race,Missing,34,,,FALSE,demographic field missing,,,,,,,,
continuous,rna_pathway_activity,CESC,HALLMARK_INFLAMMATORY_RESPONSE,FALSE,267,TRUE,Broad race,Other recorded race,5,,,FALSE,fewer than 50 subgroup patients,,,,,,,,
continuous,rna_pathway_activity,CESC,HALLMARK_INFLAMMATORY_RESPONSE,FALSE,267,TRUE,Broad race,White,182,,,TRUE,performance estimated,0.256785635885502,0.298771606169247,0.532387076739943,,,,,
continuous,rna_pathway_activity,CESC,HALLMARK_INFLAMMATORY_RESPONSE,FALSE,267,TRUE,Recorded sex,FEMALE,267,,,TRUE,performance estimated,0.292670041652196,0.294858666243353,0.56404733954625,,,,,
continuous,rna_pathway_activity,CESC,HALLMARK_INTERFERON_ALPHA_RESPONSE,FALSE,267,TRUE,Broad race,Asian,19,,,FALSE,fewer than 50 subgroup patients,,,,,,,,
continuous,rna_pathway_activity,CESC,HALLMARK_INTERFERON_ALPHA_RESPONSE,FALSE,267,TRUE,Broad race,Black or African American,27,,,FALSE,fewer than 50 subgroup patients,,,,,,,,
continuous,rna_pathway_activity,CESC,HALLMARK_INTERFERON_ALPHA_RESPONSE,FALSE,267,TRUE,Broad race,Missing,34,,,FALSE,demographic field missing,,,,,,,,
continuous,rna_pathway_activity,CESC,HALLMARK_INTERFERON_ALPHA_RESPONSE,FALSE,267,TRUE,Broad race,Other recorded race,5,,,FALSE,fewer than 50 subgroup patients,,,,,,,,
continuous,rna_pathway_activity,CESC,HALLMARK_INTERFERON_ALPHA_RESPONSE,FALSE,267,TRUE,Broad race,White,182,,,TRUE,performance estimated,0.245138720931384,0.521937760397947,0.510718391290803,,,,,
continuous,rna_pathway_activity,CESC,HALLMARK_INTERFERON_ALPHA_RESPONSE,FALSE,267,TRUE,Recorded sex,FEMALE,267,,,TRUE,performance estimated,0.281829587844645,0.52372062366172,0.525227877676751,,,,,
continuous,rna_pathway_activity,CESC,HALLMARK_INTERFERON_GAMMA_RESPONSE,FALSE,267,TRUE,Broad race,Asian,19,,,FALSE,fewer than 50 subgroup patients,,,,,,,,
continuous,rna_pathway_activity,CESC,HALLMARK_INTERFERON_GAMMA_RESPONSE,FALSE,267,TRUE,Broad race,Black or African American,27,,,FALSE,fewer than 50 subgroup patients,,,,,,,,
continuous,rna_pathway_activity,CESC,HALLMARK_INTERFERON_GAMMA_RESPONSE,FALSE,267,TRUE,Broad race,Missing,34,,,FALSE,demographic field missing,,,,,,,,
continuous,rna_pathway_activity,CESC,HALLMARK_INTERFERON_GAMMA_RESPONSE,FALSE,267,TRUE,Broad race,Other recorded race,5,,,FALSE,fewer than 50 subgroup patients,,,,,,,,
continuous,rna_pathway_activity,CESC,HALLMARK_INTERFERON_GAMMA_RESPONSE,FALSE,267,TRUE,Broad race,White,182,,,TRUE,performance estimated,0.327265975637872,0.404982572606463,0.575047251453374,,,,,
continuous,rna_pathway_activity,CESC,HALLMARK_INTERFERON_GAMMA_RESPONSE,FALSE,267,TRUE,Recorded sex,FEMALE,267,,,TRUE,performance estimated,0.360251234237424,0.405716289719768,0.590955377711426,,,,,
continuous,rna_pathway_activity,CESC,HALLMARK_P53_PATHWAY,FALSE,267,TRUE,Broad race,Asian,19,,,FALSE,fewer than 50 subgroup patients,,,,,,,,
continuous,rna_pathway_activity,CESC,HALLMARK_P53_PATHWAY,FALSE,267,TRUE,Broad race,Black or African American,27,,,FALSE,fewer than 50 subgroup patients,,,,,,,,
continuous,rna_pathway_activity,CESC,HALLMARK_P53_PATHWAY,FALSE,267,TRUE,Broad race,Missing,34,,,FALSE,demographic field missing,,,,,,,,
continuous,rna_pathway_activity,CESC,HALLMARK_P53_PATHWAY,FALSE,267,TRUE,Broad race,Other recorded race,5,,,FALSE,fewer than 50 subgroup patients,,,,,,,,
continuous,rna_pathway_activity,CESC,HALLMARK_P53_PATHWAY,FALSE,267,TRUE,Broad race,White,182,,,TRUE,performance estimated,0.433271493772236,0.164834517703944,0.613745768767959,,,,,
continuous,rna_pathway_activity,CESC,HALLMARK_P53_PATHWAY,FALSE,267,TRUE,Recorded sex,FEMALE,267,,,TRUE,performance estimated,0.470594599679404,0.158855207004459,0.624879110403882,,,,,
continuous,rna_pathway_activity,CESC,HALLMARK_PANCREAS_BETA_CELLS,FALSE,267,TRUE,Broad race,Asian,19,,,FALSE,fewer than 50 subgroup patients,,,,,,,,
continuous,rna_pathway_activity,CESC,HALLMARK_PANCREAS_BETA_CELLS,FALSE,267,TRUE,Broad race,Black or African American,27,,,FALSE,fewer than 50 subgroup patients,,,,,,,,
continuous,rna_pathway_activity,CESC,HALLMARK_PANCREAS_BETA_CELLS,FALSE,267,TRUE,Broad race,Missing,34,,,FALSE,demographic field missing,,,,,,,,
continuous,rna_pathway_activity,CESC,HALLMARK_PANCREAS_BETA_CELLS,FALSE,267,TRUE,Broad race,Other recorded race,5,,,FALSE,fewer than 50 subgroup patients,,,,,,,,
continuous,rna_pathway_activity,CESC,HALLMARK_PANCREAS_BETA_CELLS,FALSE,267,TRUE,Broad race,White,182,,,TRUE,performance estimated,0.224783025780436,0.283580974746067,0.408671972896228,,,,,
continuous,rna_pathway_activity,CESC,HALLMARK_PANCREAS_BETA_CELLS,FALSE,267,TRUE,Recorded sex,FEMALE,267,,,TRUE,performance estimated,0.198900091752145,0.265213220465753,0.365119363896913,,,,,
continuous,rna_pathway_activity,CESC,HALLMARK_PI3K_AKT_MTOR_SIGNALING,FALSE,267,TRUE,Broad race,Asian,19,,,FALSE,fewer than 50 subgroup patients,,,,,,,,
continuous,rna_pathway_activity,CESC,HALLMARK_PI3K_AKT_MTOR_SIGNALING,FALSE,267,TRUE,Broad race,Black or African American,27,,,FALSE,fewer than 50 subgroup patients,,,,,,,,
continuous,rna_pathway_activity,CESC,HALLMARK_PI3K_AKT_MTOR_SIGNALING,FALSE,267,TRUE,Broad race,Missing,34,,,FALSE,demographic field missing,,,,,,,,
continuous,rna_pathway_activity,CESC,HALLMARK_PI3K_AKT_MTOR_SIGNALING,FALSE,267,TRUE,Broad race,Other recorded race,5,,,FALSE,fewer than 50 subgroup patients,,,,,,,,
continuous,rna_pathway_activity,CESC,HALLMARK_PI3K_AKT_MTOR_SIGNALING,FALSE,267,TRUE,Broad race,White,182,,,TRUE,performance estimated,0.241482379861805,0.137901404165025,0.489921182883777,,,,,
continuous,rna_pathway_activity,CESC,HALLMARK_PI3K_AKT_MTOR_SIGNALING,FALSE,267,TRUE,Recorded sex,FEMALE,267,,,TRUE,performance estimated,0.19174333289923,0.141066883496324,0.439479547434745,,,,,
continuous,rna_pathway_activity,CESC,HALLMARK_TNFA_SIGNALING_VIA_NFKB,FALSE,267,TRUE,Broad race,Asian,19,,,FALSE,fewer than 50 subgroup patients,,,,,,,,
continuous,rna_pathway_activity,CESC,HALLMARK_TNFA_SIGNALING_VIA_NFKB,FALSE,267,TRUE,Broad race,Black or African American,27,,,FALSE,fewer than 50 subgroup patients,,,,,,,,
continuous,rna_pathway_activity,CESC,HALLMARK_TNFA_SIGNALING_VIA_NFKB,FALSE,267,TRUE,Broad race,Missing,34,,,FALSE,demographic field missing,,,,,,,,
continuous,rna_pathway_activity,CESC,HALLMARK_TNFA_SIGNALING_VIA_NFKB,FALSE,267,TRUE,Broad race,Other recorded race,5,,,FALSE,fewer than 50 subgroup patients,,,,,,,,
continuous,rna_pathway_activity,CESC,HALLMARK_TNFA_SIGNALING_VIA_NFKB,FALSE,267,TRUE,Broad race,White,182,,,TRUE,performance estimated,0.289203610616143,0.327195908705507,0.544703607234175,,,,,
continuous,rna_pathway_activity,CESC,HALLMARK_TNFA_SIGNALING_VIA_NFKB,FALSE,267,TRUE,Recorded sex,FEMALE,267,,,TRUE,performance estimated,0.305526420745144,0.315510562905966,0.552396923887784,,,,,
continuous,rna_pathway_activity,COAD,HALLMARK_ALLOGRAFT_REJECTION,FALSE,424,TRUE,Broad race,Asian,11,,,FALSE,fewer than 50 subgroup patients,,,,,,,,
continuous,rna_pathway_activity,COAD,HALLMARK_ALLOGRAFT_REJECTION,FALSE,424,TRUE,Broad race,Black or African American,58,,,TRUE,performance estimated,0.238763944595968,0.418726157681802,0.520317450552155,,,,,
continuous,rna_pathway_activity,COAD,HALLMARK_ALLOGRAFT_REJECTION,FALSE,424,TRUE,Broad race,Missing,148,,,FALSE,demographic field missing,,,,,,,,
continuous,rna_pathway_activity,COAD,HALLMARK_ALLOGRAFT_REJECTION,FALSE,424,TRUE,Broad race,Other recorded race,1,,,FALSE,fewer than 50 subgroup patients,,,,,,,,
continuous,rna_pathway_activity,COAD,HALLMARK_ALLOGRAFT_REJECTION,FALSE,424,TRUE,Broad race,White,206,,,TRUE,performance estimated,0.201256769071947,0.437890000634707,0.487931582397293,,,,,
continuous,rna_pathway_activity,COAD,HALLMARK_ALLOGRAFT_REJECTION,FALSE,424,TRUE,Recorded sex,FEMALE,207,,,TRUE,performance estimated,0.258749524439767,0.4208657225693,0.506984987715254,,,,,
continuous,rna_pathway_activity,COAD,HALLMARK_ALLOGRAFT_REJECTION,FALSE,424,TRUE,Recorded sex,MALE,216,,,TRUE,performance estimated,0.180606075204045,0.412720517416271,0.439515831338787,,,,,
continuous,rna_pathway_activity,COAD,HALLMARK_ALLOGRAFT_REJECTION,FALSE,424,TRUE,Recorded sex,Missing,1,,,FALSE,demographic field missing,,,,,,,,
continuous,rna_pathway_activity,COAD,HALLMARK_IL6_JAK_STAT3_SIGNALING,FALSE,424,TRUE,Broad race,Asian,11,,,FALSE,fewer than 50 subgroup patients,,,,,,,,
continuous,rna_pathway_activity,COAD,HALLMARK_IL6_JAK_STAT3_SIGNALING,FALSE,424,TRUE,Broad race,Black or African American,58,,,TRUE,performance estimated,0.195589845981399,0.397540327898153,0.491267033744501,,,,,
continuous,rna_pathway_activity,COAD,HALLMARK_IL6_JAK_STAT3_SIGNALING,FALSE,424,TRUE,Broad race,Missing,148,,,FALSE,demographic field missing,,,,,,,,
continuous,rna_pathway_activity,COAD,HALLMARK_IL6_JAK_STAT3_SIGNALING,FALSE,424,TRUE,Broad race,Other recorded race,1,,,FALSE,fewer than 50 subgroup patients,,,,,,,,
continuous,rna_pathway_activity,COAD,HALLMARK_IL6_JAK_STAT3_SIGNALING,FALSE,424,TRUE,Broad race,White,206,,,TRUE,performance estimated,0.16804443606842,0.435793727615915,0.468467982442594,,,,,
continuous,rna_pathway_activity,COAD,HALLMARK_IL6_JAK_STAT3_SIGNALING,FALSE,424,TRUE,Recorded sex,FEMALE,207,,,TRUE,performance estimated,0.195580992594975,0.416462996215273,0.467452998668702,,,,,
continuous,rna_pathway_activity,COAD,HALLMARK_IL6_JAK_STAT3_SIGNALING,FALSE,424,TRUE,Recorded sex,MALE,216,,,TRUE,performance estimated,0.158548952903291,0.382870094988716,0.416826111289727,,,,,
continuous,rna_pathway_activity,COAD,HALLMARK_IL6_JAK_STAT3_SIGNALING,FALSE,424,TRUE,Recorded sex,Missing,1,,,FALSE,demographic field missing,,,,,,,,
continuous,rna_pathway_activity,COAD,HALLMARK_INTERFERON_ALPHA_RESPONSE,FALSE,424,TRUE,Broad race,Asian,11,,,FALSE,fewer than 50 subgroup patients,,,,,,,,
continuous,rna_pathway_activity,COAD,HALLMARK_INTERFERON_ALPHA_RESPONSE,FALSE,424,TRUE,Broad race,Black or African American,58,,,TRUE,performance estimated,0.0219337054726263,0.474588983370132,0.450933587621889,,,,,
continuous,rna_pathway_activity,COAD,HALLMARK_INTERFERON_ALPHA_RESPONSE,FALSE,424,TRUE,Broad race,Missing,148,,,FALSE,demographic field missing,,,,,,,,
continuous,rna_pathway_activity,COAD,HALLMARK_INTERFERON_ALPHA_RESPONSE,FALSE,424,TRUE,Broad race,Other recorded race,1,,,FALSE,fewer than 50 subgroup patients,,,,,,,,
continuous,rna_pathway_activity,COAD,HALLMARK_INTERFERON_ALPHA_RESPONSE,FALSE,424,TRUE,Broad race,White,206,,,TRUE,performance estimated,0.20742193359549,0.487966649063164,0.507693342530724,,,,,
continuous,rna_pathway_activity,COAD,HALLMARK_INTERFERON_ALPHA_RESPONSE,FALSE,424,TRUE,Recorded sex,FEMALE,207,,,TRUE,performance estimated,0.232190353474161,0.482684566669342,0.470506596962908,,,,,
continuous,rna_pathway_activity,COAD,HALLMARK_INTERFERON_ALPHA_RESPONSE,FALSE,424,TRUE,Recorded sex,MALE,216,,,TRUE,performance estimated,0.157089056405666,0.488698994816501,0.424623298681813,,,,,
continuous,rna_pathway_activity,COAD,HALLMARK_INTERFERON_ALPHA_RESPONSE,FALSE,424,TRUE,Recorded sex,Missing,1,,,FALSE,demographic field missing,,,,,,,,
continuous,rna_pathway_activity,COAD,HALLMARK_INTERFERON_GAMMA_RESPONSE,FALSE,424,TRUE,Broad race,Asian,11,,,FALSE,fewer than 50 subgroup patients,,,,,,,,
continuous,rna_pathway_activity,COAD,HALLMARK_INTERFERON_GAMMA_RESPONSE,FALSE,424,TRUE,Broad race,Black or African American,58,,,TRUE,performance estimated,0.193906776187626,0.41933337437007,0.565634132086499,,,,,
continuous,rna_pathway_activity,COAD,HALLMARK_INTERFERON_GAMMA_RESPONSE,FALSE,424,TRUE,Broad race,Missing,148,,,FALSE,demographic field missing,,,,,,,,
continuous,rna_pathway_activity,COAD,HALLMARK_INTERFERON_GAMMA_RESPONSE,FALSE,424,TRUE,Broad race,Other recorded race,1,,,FALSE,fewer than 50 subgroup patients,,,,,,,,
continuous,rna_pathway_activity,COAD,HALLMARK_INTERFERON_GAMMA_RESPONSE,FALSE,424,TRUE,Broad race,White,206,,,TRUE,performance estimated,0.221812424622849,0.460414978351582,0.5170334984059,,,,,
continuous,rna_pathway_activity,COAD,HALLMARK_INTERFERON_GAMMA_RESPONSE,FALSE,424,TRUE,Recorded sex,FEMALE,207,,,TRUE,performance estimated,0.270116966304277,0.449902719130036,0.530779242566917,,,,,
continuous,rna_pathway_activity,COAD,HALLMARK_INTERFERON_GAMMA_RESPONSE,FALSE,424,TRUE,Recorded sex,MALE,216,,,TRUE,performance estimated,0.198343764640075,0.435831713559025,0.462223412996106,,,,,
continuous,rna_pathway_activity,COAD,HALLMARK_INTERFERON_GAMMA_RESPONSE,FALSE,424,TRUE,Recorded sex,Missing,1,,,FALSE,demographic field missing,,,,,,,,
continuous,rna_pathway_activity,COAD,HALLMARK_MYOGENESIS,FALSE,424,TRUE,Broad race,Asian,11,,,FALSE,fewer than 50 subgroup patients,,,,,,,,
continuous,rna_pathway_activity,COAD,HALLMARK_MYOGENESIS,FALSE,424,TRUE,Broad race,Black or African American,58,,,TRUE,performance estimated,0.0129580226857387,0.371865326123266,0.238832323356609,,,,,
continuous,rna_pathway_activity,COAD,HALLMARK_MYOGENESIS,FALSE,424,TRUE,Broad race,Missing,148,,,FALSE,demographic field missing,,,,,,,,
continuous,rna_pathway_activity,COAD,HALLMARK_MYOGENESIS,FALSE,424,TRUE,Broad race,Other recorded race,1,,,FALSE,fewer than 50 subgroup patients,,,,,,,,
continuous,rna_pathway_activity,COAD,HALLMARK_MYOGENESIS,FALSE,424,TRUE,Broad race,White,206,,,TRUE,performance estimated,0.215633761001967,0.343191728016285,0.446938401507274,,,,,
continuous,rna_pathway_activity,COAD,HALLMARK_MYOGENESIS,FALSE,424,TRUE,Recorded sex,FEMALE,207,,,TRUE,performance estimated,0.185618781833044,0.354513652155505,0.396885789741425,,,,,
continuous,rna_pathway_activity,COAD,HALLMARK_MYOGENESIS,FALSE,424,TRUE,Recorded sex,MALE,216,,,TRUE,performance estimated,0.191320908352861,0.317390852037518,0.438876623917884,,,,,
continuous,rna_pathway_activity,COAD,HALLMARK_MYOGENESIS,FALSE,424,TRUE,Recorded sex,Missing,1,,,FALSE,demographic field missing,,,,,,,,
continuous,rna_pathway_activity,ESCA,HALLMARK_P53_PATHWAY,FALSE,155,FALSE,Broad race,Asian,46,,,FALSE,model has fewer than 200 outcome-labelled patients,,,,,,,,
continuous,rna_pathway_activity,ESCA,HALLMARK_P53_PATHWAY,FALSE,155,FALSE,Broad race,Black or African American,5,,,FALSE,model has fewer than 200 outcome-labelled patients,,,,,,,,
continuous,rna_pathway_activity,ESCA,HALLMARK_P53_PATHWAY,FALSE,155,FALSE,Broad race,Missing,19,,,FALSE,model has fewer than 200 outcome-labelled patients,,,,,,,,
continuous,rna_pathway_activity,ESCA,HALLMARK_P53_PATHWAY,FALSE,155,FALSE,Broad race,White,85,,,FALSE,model has fewer than 200 outcome-labelled patients,,,,,,,,
continuous,rna_pathway_activity,ESCA,HALLMARK_P53_PATHWAY,FALSE,155,FALSE,Recorded sex,FEMALE,20,,,FALSE,model has fewer than 200 outcome-labelled patients,,,,,,,,
continuous,rna_pathway_activity,ESCA,HALLMARK_P53_PATHWAY,FALSE,155,FALSE,Recorded sex,MALE,135,,,FALSE,model has fewer than 200 outcome-labelled patients,,,,,,,,
continuous,rna_pathway_activity,ESCA,HALLMARK_PANCREAS_BETA_CELLS,FALSE,155,FALSE,Broad race,Asian,46,,,FALSE,model has fewer than 200 outcome-labelled patients,,,,,,,,
continuous,rna_pathway_activity,ESCA,HALLMARK_PANCREAS_BETA_CELLS,FALSE,155,FALSE,Broad race,Black or African American,5,,,FALSE,model has fewer than 200 outcome-labelled patients,,,,,,,,
continuous,rna_pathway_activity,ESCA,HALLMARK_PANCREAS_BETA_CELLS,FALSE,155,FALSE,Broad race,Missing,19,,,FALSE,model has fewer than 200 outcome-labelled patients,,,,,,,,
continuous,rna_pathway_activity,ESCA,HALLMARK_PANCREAS_BETA_CELLS,FALSE,155,FALSE,Broad race,White,85,,,FALSE,model has fewer than 200 outcome-labelled patients,,,,,,,,
continuous,rna_pathway_activity,ESCA,HALLMARK_PANCREAS_BETA_CELLS,FALSE,155,FALSE,Recorded sex,FEMALE,20,,,FALSE,model has fewer than 200 outcome-labelled patients,,,,,,,,
continuous,rna_pathway_activity,ESCA,HALLMARK_PANCREAS_BETA_CELLS,FALSE,155,FALSE,Recorded sex,MALE,135,,,FALSE,model has fewer than 200 outcome-labelled patients,,,,,,,,
continuous,rna_pathway_activity,GBM,HALLMARK_ALLOGRAFT_REJECTION,FALSE,96,FALSE,Broad race,Asian,2,,,FALSE,model has fewer than 200 outcome-labelled patients,,,,,,,,
continuous,rna_pathway_activity,GBM,HALLMARK_ALLOGRAFT_REJECTION,FALSE,96,FALSE,Broad race,Black or African American,6,,,FALSE,model has fewer than 200 outcome-labelled patients,,,,,,,,
continuous,rna_pathway_activity,GBM,HALLMARK_ALLOGRAFT_REJECTION,FALSE,96,FALSE,Broad race,Missing,1,,,FALSE,model has fewer than 200 outcome-labelled patients,,,,,,,,
continuous,rna_pathway_activity,GBM,HALLMARK_ALLOGRAFT_REJECTION,FALSE,96,FALSE,Broad race,White,87,,,FALSE,model has fewer than 200 outcome-labelled patients,,,,,,,,
continuous,rna_pathway_activity,GBM,HALLMARK_ALLOGRAFT_REJECTION,FALSE,96,FALSE,Recorded sex,FEMALE,30,,,FALSE,model has fewer than 200 outcome-labelled patients,,,,,,,,
continuous,rna_pathway_activity,GBM,HALLMARK_ALLOGRAFT_REJECTION,FALSE,96,FALSE,Recorded sex,MALE,66,,,FALSE,model has fewer than 200 outcome-labelled patients,,,,,,,,
continuous,rna_pathway_activity,GBM,HALLMARK_ANGIOGENESIS,FALSE,96,FALSE,Broad race,Asian,2,,,FALSE,model has fewer than 200 outcome-labelled patients,,,,,,,,
continuous,rna_pathway_activity,GBM,HALLMARK_ANGIOGENESIS,FALSE,96,FALSE,Broad race,Black or African American,6,,,FALSE,model has fewer than 200 outcome-labelled patients,,,,,,,,
continuous,rna_pathway_activity,GBM,HALLMARK_ANGIOGENESIS,FALSE,96,FALSE,Broad race,Missing,1,,,FALSE,model has fewer than 200 outcome-labelled patients,,,,,,,,
continuous,rna_pathway_activity,GBM,HALLMARK_ANGIOGENESIS,FALSE,96,FALSE,Broad race,White,87,,,FALSE,model has fewer than 200 outcome-labelled patients,,,,,,,,
continuous,rna_pathway_activity,GBM,HALLMARK_ANGIOGENESIS,FALSE,96,FALSE,Recorded sex,FEMALE,30,,,FALSE,model has fewer than 200 outcome-labelled patients,,,,,,,,
continuous,rna_pathway_activity,GBM,HALLMARK_ANGIOGENESIS,FALSE,96,FALSE,Recorded sex,MALE,66,,,FALSE,model has fewer than 200 outcome-labelled patients,,,,,,,,
continuous,rna_pathway_activity,GBM,HALLMARK_APOPTOSIS,FALSE,96,FALSE,Broad race,Asian,2,,,FALSE,model has fewer than 200 outcome-labelled patients,,,,,,,,
continuous,rna_pathway_activity,GBM,HALLMARK_APOPTOSIS,FALSE,96,FALSE,Broad race,Black or African American,6,,,FALSE,model has fewer than 200 outcome-labelled patients,,,,,,,,
continuous,rna_pathway_activity,GBM,HALLMARK_APOPTOSIS,FALSE,96,FALSE,Broad race,Missing,1,,,FALSE,model has fewer than 200 outcome-labelled patients,,,,,,,,
continuous,rna_pathway_activity,GBM,HALLMARK_APOPTOSIS,FALSE,96,FALSE,Broad race,White,87,,,FALSE,model has fewer than 200 outcome-labelled patients,,,,,,,,
continuous,rna_pathway_activity,GBM,HALLMARK_APOPTOSIS,FALSE,96,FALSE,Recorded sex,FEMALE,30,,,FALSE,model has fewer than 200 outcome-labelled patients,,,,,,,,
continuous,rna_pathway_activity,GBM,HALLMARK_APOPTOSIS,FALSE,96,FALSE,Recorded sex,MALE,66,,,FALSE,model has fewer than 200 outcome-labelled patients,,,,,,,,
continuous,rna_pathway_activity,GBM,HALLMARK_COAGULATION,FALSE,96,FALSE,Broad race,Asian,2,,,FALSE,model has fewer than 200 outcome-labelled patients,,,,,,,,
continuous,rna_pathway_activity,GBM,HALLMARK_COAGULATION,FALSE,96,FALSE,Broad race,Black or African American,6,,,FALSE,model has fewer than 200 outcome-labelled patients,,,,,,,,
continuous,rna_pathway_activity,GBM,HALLMARK_COAGULATION,FALSE,96,FALSE,Broad race,Missing,1,,,FALSE,model has fewer than 200 outcome-labelled patients,,,,,,,,
continuous,rna_pathway_activity,GBM,HALLMARK_COAGULATION,FALSE,96,FALSE,Broad race,White,87,,,FALSE,model has fewer than 200 outcome-labelled patients,,,,,,,,
continuous,rna_pathway_activity,GBM,HALLMARK_COAGULATION,FALSE,96,FALSE,Recorded sex,FEMALE,30,,,FALSE,model has fewer than 200 outcome-labelled patients,,,,,,,,
continuous,rna_pathway_activity,GBM,HALLMARK_COAGULATION,FALSE,96,FALSE,Recorded sex,MALE,66,,,FALSE,model has fewer than 200 outcome-labelled patients,,,,,,,,
continuous,rna_pathway_activity,GBM,HALLMARK_COMPLEMENT,FALSE,96,FALSE,Broad race,Asian,2,,,FALSE,model has fewer than 200 outcome-labelled patients,,,,,,,,
continuous,rna_pathway_activity,GBM,HALLMARK_COMPLEMENT,FALSE,96,FALSE,Broad race,Black or African American,6,,,FALSE,model has fewer than 200 outcome-labelled patients,,,,,,,,
continuous,rna_pathway_activity,GBM,HALLMARK_COMPLEMENT,FALSE,96,FALSE,Broad race,Missing,1,,,FALSE,model has fewer than 200 outcome-labelled patients,,,,,,,,
continuous,rna_pathway_activity,GBM,HALLMARK_COMPLEMENT,FALSE,96,FALSE,Broad race,White,87,,,FALSE,model has fewer than 200 outcome-labelled patients,,,,,,,,
continuous,rna_pathway_activity,GBM,HALLMARK_COMPLEMENT,FALSE,96,FALSE,Recorded sex,FEMALE,30,,,FALSE,model has fewer than 200 outcome-labelled patients,,,,,,,,
continuous,rna_pathway_activity,GBM,HALLMARK_COMPLEMENT,FALSE,96,FALSE,Recorded sex,MALE,66,,,FALSE,model has fewer than 200 outcome-labelled patients,,,,,,,,
continuous,rna_pathway_activity,GBM,HALLMARK_EPITHELIAL_MESENCHYMAL_TRANSITION,FALSE,96,FALSE,Broad race,Asian,2,,,FALSE,model has fewer than 200 outcome-labelled patients,,,,,,,,
continuous,rna_pathway_activity,GBM,HALLMARK_EPITHELIAL_MESENCHYMAL_TRANSITION,FALSE,96,FALSE,Broad race,Black or African American,6,,,FALSE,model has fewer than 200 outcome-labelled patients,,,,,,,,
continuous,rna_pathway_activity,GBM,HALLMARK_EPITHELIAL_MESENCHYMAL_TRANSITION,FALSE,96,FALSE,Broad race,Missing,1,,,FALSE,model has fewer than 200 outcome-labelled patients,,,,,,,,
continuous,rna_pathway_activity,GBM,HALLMARK_EPITHELIAL_MESENCHYMAL_TRANSITION,FALSE,96,FALSE,Broad race,White,87,,,FALSE,model has fewer than 200 outcome-labelled patients,,,,,,,,
continuous,rna_pathway_activity,GBM,HALLMARK_EPITHELIAL_MESENCHYMAL_TRANSITION,FALSE,96,FALSE,Recorded sex,FEMALE,30,,,FALSE,model has fewer than 200 outcome-labelled patients,,,,,,,,
continuous,rna_pathway_activity,GBM,HALLMARK_EPITHELIAL_MESENCHYMAL_TRANSITION,FALSE,96,FALSE,Recorded sex,MALE,66,,,FALSE,model has fewer than 200 outcome-labelled patients,,,,,,,,
continuous,rna_pathway_activity,GBM,HALLMARK_IL2_STAT5_SIGNALING,FALSE,96,FALSE,Broad race,Asian,2,,,FALSE,model has fewer than 200 outcome-labelled patients,,,,,,,,
continuous,rna_pathway_activity,GBM,HALLMARK_IL2_STAT5_SIGNALING,FALSE,96,FALSE,Broad race,Black or African American,6,,,FALSE,model has fewer than 200 outcome-labelled patients,,,,,,,,
continuous,rna_pathway_activity,GBM,HALLMARK_IL2_STAT5_SIGNALING,FALSE,96,FALSE,Broad race,Missing,1,,,FALSE,model has fewer than 200 outcome-labelled patients,,,,,,,,
continuous,rna_pathway_activity,GBM,HALLMARK_IL2_STAT5_SIGNALING,FALSE,96,FALSE,Broad race,White,87,,,FALSE,model has fewer than 200 outcome-labelled patients,,,,,,,,
continuous,rna_pathway_activity,GBM,HALLMARK_IL2_STAT5_SIGNALING,FALSE,96,FALSE,Recorded sex,FEMALE,30,,,FALSE,model has fewer than 200 outcome-labelled patients,,,,,,,,
continuous,rna_pathway_activity,GBM,HALLMARK_IL2_STAT5_SIGNALING,FALSE,96,FALSE,Recorded sex,MALE,66,,,FALSE,model has fewer than 200 outcome-labelled patients,,,,,,,,
continuous,rna_pathway_activity,GBM,HALLMARK_IL6_JAK_STAT3_SIGNALING,FALSE,96,FALSE,Broad race,Asian,2,,,FALSE,model has fewer than 200 outcome-labelled patients,,,,,,,,
continuous,rna_pathway_activity,GBM,HALLMARK_IL6_JAK_STAT3_SIGNALING,FALSE,96,FALSE,Broad race,Black or African American,6,,,FALSE,model has fewer than 200 outcome-labelled patients,,,,,,,,
continuous,rna_pathway_activity,GBM,HALLMARK_IL6_JAK_STAT3_SIGNALING,FALSE,96,FALSE,Broad race,Missing,1,,,FALSE,model has fewer than 200 outcome-labelled patients,,,,,,,,
continuous,rna_pathway_activity,GBM,HALLMARK_IL6_JAK_STAT3_SIGNALING,FALSE,96,FALSE,Broad race,White,87,,,FALSE,model has fewer than 200 outcome-labelled patients,,,,,,,,
continuous,rna_pathway_activity,GBM,HALLMARK_IL6_JAK_STAT3_SIGNALING,FALSE,96,FALSE,Recorded sex,FEMALE,30,,,FALSE,model has fewer than 200 outcome-labelled patients,,,,,,,,
continuous,rna_pathway_activity,GBM,HALLMARK_IL6_JAK_STAT3_SIGNALING,FALSE,96,FALSE,Recorded sex,MALE,66,,,FALSE,model has fewer than 200 outcome-labelled patients,,,,,,,,
continuous,rna_pathway_activity,GBM,HALLMARK_INFLAMMATORY_RESPONSE,FALSE,96,FALSE,Broad race,Asian,2,,,FALSE,model has fewer than 200 outcome-labelled patients,,,,,,,,
continuous,rna_pathway_activity,GBM,HALLMARK_INFLAMMATORY_RESPONSE,FALSE,96,FALSE,Broad race,Black or African American,6,,,FALSE,model has fewer than 200 outcome-labelled patients,,,,,,,,
continuous,rna_pathway_activity,GBM,HALLMARK_INFLAMMATORY_RESPONSE,FALSE,96,FALSE,Broad race,Missing,1,,,FALSE,model has fewer than 200 outcome-labelled patients,,,,,,,,
continuous,rna_pathway_activity,GBM,HALLMARK_INFLAMMATORY_RESPONSE,FALSE,96,FALSE,Broad race,White,87,,,FALSE,model has fewer than 200 outcome-labelled patients,,,,,,,,
continuous,rna_pathway_activity,GBM,HALLMARK_INFLAMMATORY_RESPONSE,FALSE,96,FALSE,Recorded sex,FEMALE,30,,,FALSE,model has fewer than 200 outcome-labelled patients,,,,,,,,
continuous,rna_pathway_activity,GBM,HALLMARK_INFLAMMATORY_RESPONSE,FALSE,96,FALSE,Recorded sex,MALE,66,,,FALSE,model has fewer than 200 outcome-labelled patients,,,,,,,,
continuous,rna_pathway_activity,GBM,HALLMARK_INTERFERON_GAMMA_RESPONSE,FALSE,96,FALSE,Broad race,Asian,2,,,FALSE,model has fewer than 200 outcome-labelled patients,,,,,,,,
continuous,rna_pathway_activity,GBM,HALLMARK_INTERFERON_GAMMA_RESPONSE,FALSE,96,FALSE,Broad race,Black or African American,6,,,FALSE,model has fewer than 200 outcome-labelled patients,,,,,,,,
continuous,rna_pathway_activity,GBM,HALLMARK_INTERFERON_GAMMA_RESPONSE,FALSE,96,FALSE,Broad race,Missing,1,,,FALSE,model has fewer than 200 outcome-labelled patients,,,,,,,,
continuous,rna_pathway_activity,GBM,HALLMARK_INTERFERON_GAMMA_RESPONSE,FALSE,96,FALSE,Broad race,White,87,,,FALSE,model has fewer than 200 outcome-labelled patients,,,,,,,,
continuous,rna_pathway_activity,GBM,HALLMARK_INTERFERON_GAMMA_RESPONSE,FALSE,96,FALSE,Recorded sex,FEMALE,30,,,FALSE,model has fewer than 200 outcome-labelled patients,,,,,,,,
continuous,rna_pathway_activity,GBM,HALLMARK_INTERFERON_GAMMA_RESPONSE,FALSE,96,FALSE,Recorded sex,MALE,66,,,FALSE,model has fewer than 200 outcome-labelled patients,,,,,,,,
continuous,rna_pathway_activity,GBM,HALLMARK_KRAS_SIGNALING_UP,FALSE,96,FALSE,Broad race,Asian,2,,,FALSE,model has fewer than 200 outcome-labelled patients,,,,,,,,
continuous,rna_pathway_activity,GBM,HALLMARK_KRAS_SIGNALING_UP,FALSE,96,FALSE,Broad race,Black or African American,6,,,FALSE,model has fewer than 200 outcome-labelled patients,,,,,,,,
continuous,rna_pathway_activity,GBM,HALLMARK_KRAS_SIGNALING_UP,FALSE,96,FALSE,Broad race,Missing,1,,,FALSE,model has fewer than 200 outcome-labelled patients,,,,,,,,
continuous,rna_pathway_activity,GBM,HALLMARK_KRAS_SIGNALING_UP,FALSE,96,FALSE,Broad race,White,87,,,FALSE,model has fewer than 200 outcome-labelled patients,,,,,,,,
continuous,rna_pathway_activity,GBM,HALLMARK_KRAS_SIGNALING_UP,FALSE,96,FALSE,Recorded sex,FEMALE,30,,,FALSE,model has fewer than 200 outcome-labelled patients,,,,,,,,
continuous,rna_pathway_activity,GBM,HALLMARK_KRAS_SIGNALING_UP,FALSE,96,FALSE,Recorded sex,MALE,66,,,FALSE,model has fewer than 200 outcome-labelled patients,,,,,,,,
continuous,rna_pathway_activity,GBM,HALLMARK_PEROXISOME,FALSE,96,FALSE,Broad race,Asian,2,,,FALSE,model has fewer than 200 outcome-labelled patients,,,,,,,,
continuous,rna_pathway_activity,GBM,HALLMARK_PEROXISOME,FALSE,96,FALSE,Broad race,Black or African American,6,,,FALSE,model has fewer than 200 outcome-labelled patients,,,,,,,,
continuous,rna_pathway_activity,GBM,HALLMARK_PEROXISOME,FALSE,96,FALSE,Broad race,Missing,1,,,FALSE,model has fewer than 200 outcome-labelled patients,,,,,,,,
continuous,rna_pathway_activity,GBM,HALLMARK_PEROXISOME,FALSE,96,FALSE,Broad race,White,87,,,FALSE,model has fewer than 200 outcome-labelled patients,,,,,,,,
continuous,rna_pathway_activity,GBM,HALLMARK_PEROXISOME,FALSE,96,FALSE,Recorded sex,FEMALE,30,,,FALSE,model has fewer than 200 outcome-labelled patients,,,,,,,,
continuous,rna_pathway_activity,GBM,HALLMARK_PEROXISOME,FALSE,96,FALSE,Recorded sex,MALE,66,,,FALSE,model has fewer than 200 outcome-labelled patients,,,,,,,,
continuous,rna_pathway_activity,GBM,HALLMARK_TNFA_SIGNALING_VIA_NFKB,FALSE,96,FALSE,Broad race,Asian,2,,,FALSE,model has fewer than 200 outcome-labelled patients,,,,,,,,
continuous,rna_pathway_activity,GBM,HALLMARK_TNFA_SIGNALING_VIA_NFKB,FALSE,96,FALSE,Broad race,Black or African American,6,,,FALSE,model has fewer than 200 outcome-labelled patients,,,,,,,,
continuous,rna_pathway_activity,GBM,HALLMARK_TNFA_SIGNALING_VIA_NFKB,FALSE,96,FALSE,Broad race,Missing,1,,,FALSE,model has fewer than 200 outcome-labelled patients,,,,,,,,
continuous,rna_pathway_activity,GBM,HALLMARK_TNFA_SIGNALING_VIA_NFKB,FALSE,96,FALSE,Broad race,White,87,,,FALSE,model has fewer than 200 outcome-labelled patients,,,,,,,,
continuous,rna_pathway_activity,GBM,HALLMARK_TNFA_SIGNALING_VIA_NFKB,FALSE,96,FALSE,Recorded sex,FEMALE,30,,,FALSE,model has fewer than 200 outcome-labelled patients,,,,,,,,
continuous,rna_pathway_activity,GBM,HALLMARK_TNFA_SIGNALING_VIA_NFKB,FALSE,96,FALSE,Recorded sex,MALE,66,,,FALSE,model has fewer than 200 outcome-labelled patients,,,,,,,,
continuous,rna_pathway_activity,GBM,HALLMARK_XENOBIOTIC_METABOLISM,FALSE,96,FALSE,Broad race,Asian,2,,,FALSE,model has fewer than 200 outcome-labelled patients,,,,,,,,
continuous,rna_pathway_activity,GBM,HALLMARK_XENOBIOTIC_METABOLISM,FALSE,96,FALSE,Broad race,Black or African American,6,,,FALSE,model has fewer than 200 outcome-labelled patients,,,,,,,,
continuous,rna_pathway_activity,GBM,HALLMARK_XENOBIOTIC_METABOLISM,FALSE,96,FALSE,Broad race,Missing,1,,,FALSE,model has fewer than 200 outcome-labelled patients,,,,,,,,
continuous,rna_pathway_activity,GBM,HALLMARK_XENOBIOTIC_METABOLISM,FALSE,96,FALSE,Broad race,White,87,,,FALSE,model has fewer than 200 outcome-labelled patients,,,,,,,,
continuous,rna_pathway_activity,GBM,HALLMARK_XENOBIOTIC_METABOLISM,FALSE,96,FALSE,Recorded sex,FEMALE,30,,,FALSE,model has fewer than 200 outcome-labelled patients,,,,,,,,
continuous,rna_pathway_activity,GBM,HALLMARK_XENOBIOTIC_METABOLISM,FALSE,96,FALSE,Recorded sex,MALE,66,,,FALSE,model has fewer than 200 outcome-labelled patients,,,,,,,,
continuous,rna_pathway_activity,HNSC,HALLMARK_ALLOGRAFT_REJECTION,FALSE,442,TRUE,Broad race,Asian,9,,,FALSE,fewer than 50 subgroup patients,,,,,,,,
continuous,rna_pathway_activity,HNSC,HALLMARK_ALLOGRAFT_REJECTION,FALSE,442,TRUE,Broad race,Black or African American,43,,,FALSE,fewer than 50 subgroup patients,,,,,,,,
continuous,rna_pathway_activity,HNSC,HALLMARK_ALLOGRAFT_REJECTION,FALSE,442,TRUE,Broad race,Missing,14,,,FALSE,demographic field missing,,,,,,,,
continuous,rna_pathway_activity,HNSC,HALLMARK_ALLOGRAFT_REJECTION,FALSE,442,TRUE,Broad race,Other recorded race,2,,,FALSE,fewer than 50 subgroup patients,,,,,,,,
continuous,rna_pathway_activity,HNSC,HALLMARK_ALLOGRAFT_REJECTION,FALSE,442,TRUE,Broad race,White,374,,,TRUE,performance estimated,0.222859851844763,0.40465025701606,0.450812220613325,,,,,
continuous,rna_pathway_activity,HNSC,HALLMARK_ALLOGRAFT_REJECTION,FALSE,442,TRUE,Recorded sex,FEMALE,116,,,TRUE,performance estimated,0.108617542739475,0.41619126413148,0.347472417637335,,,,,
continuous,rna_pathway_activity,HNSC,HALLMARK_ALLOGRAFT_REJECTION,FALSE,442,TRUE,Recorded sex,MALE,326,,,TRUE,performance estimated,0.231801423067279,0.399150823821874,0.465037394304913,,,,,
continuous,rna_pathway_activity,HNSC,HALLMARK_DNA_REPAIR,FALSE,442,TRUE,Broad race,Asian,9,,,FALSE,fewer than 50 subgroup patients,,,,,,,,
continuous,rna_pathway_activity,HNSC,HALLMARK_DNA_REPAIR,FALSE,442,TRUE,Broad race,Black or African American,43,,,FALSE,fewer than 50 subgroup patients,,,,,,,,
continuous,rna_pathway_activity,HNSC,HALLMARK_DNA_REPAIR,FALSE,442,TRUE,Broad race,Missing,14,,,FALSE,demographic field missing,,,,,,,,
continuous,rna_pathway_activity,HNSC,HALLMARK_DNA_REPAIR,FALSE,442,TRUE,Broad race,Other recorded race,2,,,FALSE,fewer than 50 subgroup patients,,,,,,,,
continuous,rna_pathway_activity,HNSC,HALLMARK_DNA_REPAIR,FALSE,442,TRUE,Broad race,White,374,,,TRUE,performance estimated,0.226847231863119,0.255457710865929,0.453835729953693,,,,,
continuous,rna_pathway_activity,HNSC,HALLMARK_DNA_REPAIR,FALSE,442,TRUE,Recorded sex,FEMALE,116,,,TRUE,performance estimated,0.271696240784006,0.244946662591185,0.566036981509245,,,,,
continuous,rna_pathway_activity,HNSC,HALLMARK_DNA_REPAIR,FALSE,442,TRUE,Recorded sex,MALE,326,,,TRUE,performance estimated,0.162532241128367,0.250959366250829,0.396976694043841,,,,,
continuous,rna_pathway_activity,HNSC,HALLMARK_E2F_TARGETS,FALSE,442,TRUE,Broad race,Asian,9,,,FALSE,fewer than 50 subgroup patients,,,,,,,,
continuous,rna_pathway_activity,HNSC,HALLMARK_E2F_TARGETS,FALSE,442,TRUE,Broad race,Black or African American,43,,,FALSE,fewer than 50 subgroup patients,,,,,,,,
continuous,rna_pathway_activity,HNSC,HALLMARK_E2F_TARGETS,FALSE,442,TRUE,Broad race,Missing,14,,,FALSE,demographic field missing,,,,,,,,
continuous,rna_pathway_activity,HNSC,HALLMARK_E2F_TARGETS,FALSE,442,TRUE,Broad race,Other recorded race,2,,,FALSE,fewer than 50 subgroup patients,,,,,,,,
continuous,rna_pathway_activity,HNSC,HALLMARK_E2F_TARGETS,FALSE,442,TRUE,Broad race,White,374,,,TRUE,performance estimated,0.288871721844396,0.457407326372334,0.53093590629525,,,,,
continuous,rna_pathway_activity,HNSC,HALLMARK_E2F_TARGETS,FALSE,442,TRUE,Recorded sex,FEMALE,116,,,TRUE,performance estimated,0.178573734949676,0.438661840835157,0.473939953100373,,,,,
continuous,rna_pathway_activity,HNSC,HALLMARK_E2F_TARGETS,FALSE,442,TRUE,Recorded sex,MALE,326,,,TRUE,performance estimated,0.274817018456139,0.445446982673365,0.523653168579605,,,,,
continuous,rna_pathway_activity,HNSC,HALLMARK_G2M_CHECKPOINT,FALSE,442,TRUE,Broad race,Asian,9,,,FALSE,fewer than 50 subgroup patients,,,,,,,,
continuous,rna_pathway_activity,HNSC,HALLMARK_G2M_CHECKPOINT,FALSE,442,TRUE,Broad race,Black or African American,43,,,FALSE,fewer than 50 subgroup patients,,,,,,,,
continuous,rna_pathway_activity,HNSC,HALLMARK_G2M_CHECKPOINT,FALSE,442,TRUE,Broad race,Missing,14,,,FALSE,demographic field missing,,,,,,,,
continuous,rna_pathway_activity,HNSC,HALLMARK_G2M_CHECKPOINT,FALSE,442,TRUE,Broad race,Other recorded race,2,,,FALSE,fewer than 50 subgroup patients,,,,,,,,
continuous,rna_pathway_activity,HNSC,HALLMARK_G2M_CHECKPOINT,FALSE,442,TRUE,Broad race,White,374,,,TRUE,performance estimated,0.189015175963385,0.402257794502916,0.448438106980545,,,,,
continuous,rna_pathway_activity,HNSC,HALLMARK_G2M_CHECKPOINT,FALSE,442,TRUE,Recorded sex,FEMALE,116,,,TRUE,performance estimated,0.10034773604543,0.375086347420523,0.388596470995272,,,,,
continuous,rna_pathway_activity,HNSC,HALLMARK_G2M_CHECKPOINT,FALSE,442,TRUE,Recorded sex,MALE,326,,,TRUE,performance estimated,0.192884597103098,0.392509262504786,0.450596031536427,,,,,
continuous,rna_pathway_activity,HNSC,HALLMARK_GLYCOLYSIS,FALSE,442,TRUE,Broad race,Asian,9,,,FALSE,fewer than 50 subgroup patients,,,,,,,,
continuous,rna_pathway_activity,HNSC,HALLMARK_GLYCOLYSIS,FALSE,442,TRUE,Broad race,Black or African American,43,,,FALSE,fewer than 50 subgroup patients,,,,,,,,
continuous,rna_pathway_activity,HNSC,HALLMARK_GLYCOLYSIS,FALSE,442,TRUE,Broad race,Missing,14,,,FALSE,demographic field missing,,,,,,,,
continuous,rna_pathway_activity,HNSC,HALLMARK_GLYCOLYSIS,FALSE,442,TRUE,Broad race,Other recorded race,2,,,FALSE,fewer than 50 subgroup patients,,,,,,,,
continuous,rna_pathway_activity,HNSC,HALLMARK_GLYCOLYSIS,FALSE,442,TRUE,Broad race,White,374,,,TRUE,performance estimated,0.168294347900652,0.149976577396029,0.415282453298161,,,,,
continuous,rna_pathway_activity,HNSC,HALLMARK_GLYCOLYSIS,FALSE,442,TRUE,Recorded sex,FEMALE,116,,,TRUE,performance estimated,0.160976657512771,0.150164287927574,0.403911890208742,,,,,
continuous,rna_pathway_activity,HNSC,HALLMARK_GLYCOLYSIS,FALSE,442,TRUE,Recorded sex,MALE,326,,,TRUE,performance estimated,0.192793386568302,0.148606637144036,0.437552177546099,,,,,
continuous,rna_pathway_activity,HNSC,HALLMARK_INTERFERON_ALPHA_RESPONSE,FALSE,442,TRUE,Broad race,Asian,9,,,FALSE,fewer than 50 subgroup patients,,,,,,,,
continuous,rna_pathway_activity,HNSC,HALLMARK_INTERFERON_ALPHA_RESPONSE,FALSE,442,TRUE,Broad race,Black or African American,43,,,FALSE,fewer than 50 subgroup patients,,,,,,,,
continuous,rna_pathway_activity,HNSC,HALLMARK_INTERFERON_ALPHA_RESPONSE,FALSE,442,TRUE,Broad race,Missing,14,,,FALSE,demographic field missing,,,,,,,,
continuous,rna_pathway_activity,HNSC,HALLMARK_INTERFERON_ALPHA_RESPONSE,FALSE,442,TRUE,Broad race,Other recorded race,2,,,FALSE,fewer than 50 subgroup patients,,,,,,,,
continuous,rna_pathway_activity,HNSC,HALLMARK_INTERFERON_ALPHA_RESPONSE,FALSE,442,TRUE,Broad race,White,374,,,TRUE,performance estimated,0.251936171342851,0.569901984558747,0.525080884861866,,,,,
continuous,rna_pathway_activity,HNSC,HALLMARK_INTERFERON_ALPHA_RESPONSE,FALSE,442,TRUE,Recorded sex,FEMALE,116,,,TRUE,performance estimated,0.157151170007614,0.619422649098205,0.435562218890555,,,,,
continuous,rna_pathway_activity,HNSC,HALLMARK_INTERFERON_ALPHA_RESPONSE,FALSE,442,TRUE,Recorded sex,MALE,326,,,TRUE,performance estimated,0.261162135559282,0.542620467469204,0.528307051534608,,,,,
continuous,rna_pathway_activity,HNSC,HALLMARK_INTERFERON_GAMMA_RESPONSE,FALSE,442,TRUE,Broad race,Asian,9,,,FALSE,fewer than 50 subgroup patients,,,,,,,,
continuous,rna_pathway_activity,HNSC,HALLMARK_INTERFERON_GAMMA_RESPONSE,FALSE,442,TRUE,Broad race,Black or African American,43,,,FALSE,fewer than 50 subgroup patients,,,,,,,,
continuous,rna_pathway_activity,HNSC,HALLMARK_INTERFERON_GAMMA_RESPONSE,FALSE,442,TRUE,Broad race,Missing,14,,,FALSE,demographic field missing,,,,,,,,
continuous,rna_pathway_activity,HNSC,HALLMARK_INTERFERON_GAMMA_RESPONSE,FALSE,442,TRUE,Broad race,Other recorded race,2,,,FALSE,fewer than 50 subgroup patients,,,,,,,,
continuous,rna_pathway_activity,HNSC,HALLMARK_INTERFERON_GAMMA_RESPONSE,FALSE,442,TRUE,Broad race,White,374,,,TRUE,performance estimated,0.239799551822434,0.445553903306045,0.496309971183209,,,,,
continuous,rna_pathway_activity,HNSC,HALLMARK_INTERFERON_GAMMA_RESPONSE,FALSE,442,TRUE,Recorded sex,FEMALE,116,,,TRUE,performance estimated,0.148129582775368,0.475744567018977,0.41394841041018,,,,,
continuous,rna_pathway_activity,HNSC,HALLMARK_INTERFERON_GAMMA_RESPONSE,FALSE,442,TRUE,Recorded sex,MALE,326,,,TRUE,performance estimated,0.242710643946048,0.426572962832813,0.503410558035425,,,,,
continuous,rna_pathway_activity,HNSC,HALLMARK_MYOGENESIS,FALSE,442,TRUE,Broad race,Asian,9,,,FALSE,fewer than 50 subgroup patients,,,,,,,,
continuous,rna_pathway_activity,HNSC,HALLMARK_MYOGENESIS,FALSE,442,TRUE,Broad race,Black or African American,43,,,FALSE,fewer than 50 subgroup patients,,,,,,,,
continuous,rna_pathway_activity,HNSC,HALLMARK_MYOGENESIS,FALSE,442,TRUE,Broad race,Missing,14,,,FALSE,demographic field missing,,,,,,,,
continuous,rna_pathway_activity,HNSC,HALLMARK_MYOGENESIS,FALSE,442,TRUE,Broad race,Other recorded race,2,,,FALSE,fewer than 50 subgroup patients,,,,,,,,
continuous,rna_pathway_activity,HNSC,HALLMARK_MYOGENESIS,FALSE,442,TRUE,Broad race,White,374,,,TRUE,performance estimated,0.299742124107401,0.379878906062433,0.509116118765322,,,,,
continuous,rna_pathway_activity,HNSC,HALLMARK_MYOGENESIS,FALSE,442,TRUE,Recorded sex,FEMALE,116,,,TRUE,performance estimated,0.348681140758095,0.350787531246936,0.576893091915581,,,,,
continuous,rna_pathway_activity,HNSC,HALLMARK_MYOGENESIS,FALSE,442,TRUE,Recorded sex,MALE,326,,,TRUE,performance estimated,0.24576911531467,0.385692982372076,0.461981772603487,,,,,
continuous,rna_pathway_activity,HNSC,HALLMARK_SPERMATOGENESIS,FALSE,442,TRUE,Broad race,Asian,9,,,FALSE,fewer than 50 subgroup patients,,,,,,,,
continuous,rna_pathway_activity,HNSC,HALLMARK_SPERMATOGENESIS,FALSE,442,TRUE,Broad race,Black or African American,43,,,FALSE,fewer than 50 subgroup patients,,,,,,,,
continuous,rna_pathway_activity,HNSC,HALLMARK_SPERMATOGENESIS,FALSE,442,TRUE,Broad race,Missing,14,,,FALSE,demographic field missing,,,,,,,,
continuous,rna_pathway_activity,HNSC,HALLMARK_SPERMATOGENESIS,FALSE,442,TRUE,Broad race,Other recorded race,2,,,FALSE,fewer than 50 subgroup patients,,,,,,,,
continuous,rna_pathway_activity,HNSC,HALLMARK_SPERMATOGENESIS,FALSE,442,TRUE,Broad race,White,374,,,TRUE,performance estimated,0.4371826599117,0.187709767044251,0.657185084084816,,,,,
continuous,rna_pathway_activity,HNSC,HALLMARK_SPERMATOGENESIS,FALSE,442,TRUE,Recorded sex,FEMALE,116,,,TRUE,performance estimated,0.406436467565704,0.188650386807596,0.544101795256218,,,,,
continuous,rna_pathway_activity,HNSC,HALLMARK_SPERMATOGENESIS,FALSE,442,TRUE,Recorded sex,MALE,326,,,TRUE,performance estimated,0.377395436502758,0.189176770527738,0.644112273835243,,,,,
continuous,rna_pathway_activity,KICH,HALLMARK_CHOLESTEROL_HOMEOSTASIS,FALSE,65,FALSE,Broad race,Asian,2,,,FALSE,model has fewer than 200 outcome-labelled patients,,,,,,,,
continuous,rna_pathway_activity,KICH,HALLMARK_CHOLESTEROL_HOMEOSTASIS,FALSE,65,FALSE,Broad race,Black or African American,4,,,FALSE,model has fewer than 200 outcome-labelled patients,,,,,,,,
continuous,rna_pathway_activity,KICH,HALLMARK_CHOLESTEROL_HOMEOSTASIS,FALSE,65,FALSE,Broad race,Missing,2,,,FALSE,model has fewer than 200 outcome-labelled patients,,,,,,,,
continuous,rna_pathway_activity,KICH,HALLMARK_CHOLESTEROL_HOMEOSTASIS,FALSE,65,FALSE,Broad race,White,57,,,FALSE,model has fewer than 200 outcome-labelled patients,,,,,,,,
continuous,rna_pathway_activity,KICH,HALLMARK_CHOLESTEROL_HOMEOSTASIS,FALSE,65,FALSE,Recorded sex,FEMALE,27,,,FALSE,model has fewer than 200 outcome-labelled patients,,,,,,,,
continuous,rna_pathway_activity,KICH,HALLMARK_CHOLESTEROL_HOMEOSTASIS,FALSE,65,FALSE,Recorded sex,MALE,38,,,FALSE,model has fewer than 200 outcome-labelled patients,,,,,,,,
continuous,rna_pathway_activity,KICH,HALLMARK_E2F_TARGETS,FALSE,65,FALSE,Broad race,Asian,2,,,FALSE,model has fewer than 200 outcome-labelled patients,,,,,,,,
continuous,rna_pathway_activity,KICH,HALLMARK_E2F_TARGETS,FALSE,65,FALSE,Broad race,Black or African American,4,,,FALSE,model has fewer than 200 outcome-labelled patients,,,,,,,,
continuous,rna_pathway_activity,KICH,HALLMARK_E2F_TARGETS,FALSE,65,FALSE,Broad race,Missing,2,,,FALSE,model has fewer than 200 outcome-labelled patients,,,,,,,,
continuous,rna_pathway_activity,KICH,HALLMARK_E2F_TARGETS,FALSE,65,FALSE,Broad race,White,57,,,FALSE,model has fewer than 200 outcome-labelled patients,,,,,,,,
continuous,rna_pathway_activity,KICH,HALLMARK_E2F_TARGETS,FALSE,65,FALSE,Recorded sex,FEMALE,27,,,FALSE,model has fewer than 200 outcome-labelled patients,,,,,,,,
continuous,rna_pathway_activity,KICH,HALLMARK_E2F_TARGETS,FALSE,65,FALSE,Recorded sex,MALE,38,,,FALSE,model has fewer than 200 outcome-labelled patients,,,,,,,,
continuous,rna_pathway_activity,KICH,HALLMARK_G2M_CHECKPOINT,FALSE,65,FALSE,Broad race,Asian,2,,,FALSE,model has fewer than 200 outcome-labelled patients,,,,,,,,
continuous,rna_pathway_activity,KICH,HALLMARK_G2M_CHECKPOINT,FALSE,65,FALSE,Broad race,Black or African American,4,,,FALSE,model has fewer than 200 outcome-labelled patients,,,,,,,,
continuous,rna_pathway_activity,KICH,HALLMARK_G2M_CHECKPOINT,FALSE,65,FALSE,Broad race,Missing,2,,,FALSE,model has fewer than 200 outcome-labelled patients,,,,,,,,
continuous,rna_pathway_activity,KICH,HALLMARK_G2M_CHECKPOINT,FALSE,65,FALSE,Broad race,White,57,,,FALSE,model has fewer than 200 outcome-labelled patients,,,,,,,,
continuous,rna_pathway_activity,KICH,HALLMARK_G2M_CHECKPOINT,FALSE,65,FALSE,Recorded sex,FEMALE,27,,,FALSE,model has fewer than 200 outcome-labelled patients,,,,,,,,
continuous,rna_pathway_activity,KICH,HALLMARK_G2M_CHECKPOINT,FALSE,65,FALSE,Recorded sex,MALE,38,,,FALSE,model has fewer than 200 outcome-labelled patients,,,,,,,,
continuous,rna_pathway_activity,KICH,HALLMARK_MITOTIC_SPINDLE,FALSE,65,FALSE,Broad race,Asian,2,,,FALSE,model has fewer than 200 outcome-labelled patients,,,,,,,,
continuous,rna_pathway_activity,KICH,HALLMARK_MITOTIC_SPINDLE,FALSE,65,FALSE,Broad race,Black or African American,4,,,FALSE,model has fewer than 200 outcome-labelled patients,,,,,,,,
continuous,rna_pathway_activity,KICH,HALLMARK_MITOTIC_SPINDLE,FALSE,65,FALSE,Broad race,Missing,2,,,FALSE,model has fewer than 200 outcome-labelled patients,,,,,,,,
continuous,rna_pathway_activity,KICH,HALLMARK_MITOTIC_SPINDLE,FALSE,65,FALSE,Broad race,White,57,,,FALSE,model has fewer than 200 outcome-labelled patients,,,,,,,,
continuous,rna_pathway_activity,KICH,HALLMARK_MITOTIC_SPINDLE,FALSE,65,FALSE,Recorded sex,FEMALE,27,,,FALSE,model has fewer than 200 outcome-labelled patients,,,,,,,,
continuous,rna_pathway_activity,KICH,HALLMARK_MITOTIC_SPINDLE,FALSE,65,FALSE,Recorded sex,MALE,38,,,FALSE,model has fewer than 200 outcome-labelled patients,,,,,,,,
continuous,rna_pathway_activity,KICH,HALLMARK_SPERMATOGENESIS,FALSE,65,FALSE,Broad race,Asian,2,,,FALSE,model has fewer than 200 outcome-labelled patients,,,,,,,,
continuous,rna_pathway_activity,KICH,HALLMARK_SPERMATOGENESIS,FALSE,65,FALSE,Broad race,Black or African American,4,,,FALSE,model has fewer than 200 outcome-labelled patients,,,,,,,,
continuous,rna_pathway_activity,KICH,HALLMARK_SPERMATOGENESIS,FALSE,65,FALSE,Broad race,Missing,2,,,FALSE,model has fewer than 200 outcome-labelled patients,,,,,,,,
continuous,rna_pathway_activity,KICH,HALLMARK_SPERMATOGENESIS,FALSE,65,FALSE,Broad race,White,57,,,FALSE,model has fewer than 200 outcome-labelled patients,,,,,,,,
continuous,rna_pathway_activity,KICH,HALLMARK_SPERMATOGENESIS,FALSE,65,FALSE,Recorded sex,FEMALE,27,,,FALSE,model has fewer than 200 outcome-labelled patients,,,,,,,,
continuous,rna_pathway_activity,KICH,HALLMARK_SPERMATOGENESIS,FALSE,65,FALSE,Recorded sex,MALE,38,,,FALSE,model has fewer than 200 outcome-labelled patients,,,,,,,,
continuous,rna_pathway_activity,KIRC,HALLMARK_ALLOGRAFT_REJECTION,FALSE,510,TRUE,Broad race,Asian,8,,,FALSE,fewer than 50 subgroup patients,,,,,,,,
continuous,rna_pathway_activity,KIRC,HALLMARK_ALLOGRAFT_REJECTION,FALSE,510,TRUE,Broad race,Black or African American,54,,,TRUE,performance estimated,0.315389772559262,0.442099555559557,0.579050886220698,,,,,
continuous,rna_pathway_activity,KIRC,HALLMARK_ALLOGRAFT_REJECTION,FALSE,510,TRUE,Broad race,Missing,7,,,FALSE,demographic field missing,,,,,,,,
continuous,rna_pathway_activity,KIRC,HALLMARK_ALLOGRAFT_REJECTION,FALSE,510,TRUE,Broad race,White,441,,,TRUE,performance estimated,0.409798315566887,0.359192483463014,0.513477894654365,,,,,
continuous,rna_pathway_activity,KIRC,HALLMARK_ALLOGRAFT_REJECTION,FALSE,510,TRUE,Recorded sex,FEMALE,180,,,TRUE,performance estimated,0.338375965731807,0.37783519439758,0.499298126485385,,,,,
continuous,rna_pathway_activity,KIRC,HALLMARK_ALLOGRAFT_REJECTION,FALSE,510,TRUE,Recorded sex,MALE,330,,,TRUE,performance estimated,0.436927164227814,0.361859998950735,0.524555346947839,,,,,
continuous,rna_pathway_activity,KIRC,HALLMARK_ANGIOGENESIS,FALSE,510,TRUE,Broad race,Asian,8,,,FALSE,fewer than 50 subgroup patients,,,,,,,,
continuous,rna_pathway_activity,KIRC,HALLMARK_ANGIOGENESIS,FALSE,510,TRUE,Broad race,Black or African American,54,,,TRUE,performance estimated,0.372489977379913,0.36197635476878,0.478132266056794,,,,,
continuous,rna_pathway_activity,KIRC,HALLMARK_ANGIOGENESIS,FALSE,510,TRUE,Broad race,Missing,7,,,FALSE,demographic field missing,,,,,,,,
continuous,rna_pathway_activity,KIRC,HALLMARK_ANGIOGENESIS,FALSE,510,TRUE,Broad race,White,441,,,TRUE,performance estimated,0.363153509009946,0.305067396155117,0.437873107284872,,,,,
continuous,rna_pathway_activity,KIRC,HALLMARK_ANGIOGENESIS,FALSE,510,TRUE,Recorded sex,FEMALE,180,,,TRUE,performance estimated,0.342522417998607,0.322543136582959,0.430979556982211,,,,,
continuous,rna_pathway_activity,KIRC,HALLMARK_ANGIOGENESIS,FALSE,510,TRUE,Recorded sex,MALE,330,,,TRUE,performance estimated,0.388660102151565,0.305544531433848,0.452855014112326,,,,,
continuous,rna_pathway_activity,KIRC,HALLMARK_APICAL_JUNCTION,FALSE,510,TRUE,Broad race,Asian,8,,,FALSE,fewer than 50 subgroup patients,,,,,,,,
continuous,rna_pathway_activity,KIRC,HALLMARK_APICAL_JUNCTION,FALSE,510,TRUE,Broad race,Black or African American,54,,,TRUE,performance estimated,0.148480241598224,0.274150478863632,0.387459500667048,,,,,
continuous,rna_pathway_activity,KIRC,HALLMARK_APICAL_JUNCTION,FALSE,510,TRUE,Broad race,Missing,7,,,FALSE,demographic field missing,,,,,,,,
continuous,rna_pathway_activity,KIRC,HALLMARK_APICAL_JUNCTION,FALSE,510,TRUE,Broad race,White,441,,,TRUE,performance estimated,0.277583692700792,0.246853765582308,0.411263946137896,,,,,
continuous,rna_pathway_activity,KIRC,HALLMARK_APICAL_JUNCTION,FALSE,510,TRUE,Recorded sex,FEMALE,180,,,TRUE,performance estimated,0.234854694913706,0.231900501690635,0.445440908670021,,,,,
continuous,rna_pathway_activity,KIRC,HALLMARK_APICAL_JUNCTION,FALSE,510,TRUE,Recorded sex,MALE,330,,,TRUE,performance estimated,0.271963665691631,0.257261726387355,0.395100147008613,,,,,
continuous,rna_pathway_activity,KIRC,HALLMARK_APOPTOSIS,FALSE,510,TRUE,Broad race,Asian,8,,,FALSE,fewer than 50 subgroup patients,,,,,,,,
continuous,rna_pathway_activity,KIRC,HALLMARK_APOPTOSIS,FALSE,510,TRUE,Broad race,Black or African American,54,,,TRUE,performance estimated,0.237226021650283,0.224911843753012,0.440442157423289,,,,,
continuous,rna_pathway_activity,KIRC,HALLMARK_APOPTOSIS,FALSE,510,TRUE,Broad race,Missing,7,,,FALSE,demographic field missing,,,,,,,,
continuous,rna_pathway_activity,KIRC,HALLMARK_APOPTOSIS,FALSE,510,TRUE,Broad race,White,441,,,TRUE,performance estimated,0.298327907376441,0.197651919886563,0.438720215358871,,,,,
continuous,rna_pathway_activity,KIRC,HALLMARK_APOPTOSIS,FALSE,510,TRUE,Recorded sex,FEMALE,180,,,TRUE,performance estimated,0.233062174369754,0.206403508162703,0.375053962570861,,,,,
continuous,rna_pathway_activity,KIRC,HALLMARK_APOPTOSIS,FALSE,510,TRUE,Recorded sex,MALE,330,,,TRUE,performance estimated,0.322507634014266,0.196271482210188,0.468175832652274,,,,,
continuous,rna_pathway_activity,KIRC,HALLMARK_COAGULATION,FALSE,510,TRUE,Broad race,Asian,8,,,FALSE,fewer than 50 subgroup patients,,,,,,,,
continuous,rna_pathway_activity,KIRC,HALLMARK_COAGULATION,FALSE,510,TRUE,Broad race,Black or African American,54,,,TRUE,performance estimated,0.133046537236463,0.234837128611044,0.293981322660568,,,,,
continuous,rna_pathway_activity,KIRC,HALLMARK_COAGULATION,FALSE,510,TRUE,Broad race,Missing,7,,,FALSE,demographic field missing,,,,,,,,
continuous,rna_pathway_activity,KIRC,HALLMARK_COAGULATION,FALSE,510,TRUE,Broad race,White,441,,,TRUE,performance estimated,0.265312237376129,0.245816986896197,0.44966456512675,,,,,
continuous,rna_pathway_activity,KIRC,HALLMARK_COAGULATION,FALSE,510,TRUE,Recorded sex,FEMALE,180,,,TRUE,performance estimated,0.197213447262722,0.227526913459406,0.332073623671512,,,,,
continuous,rna_pathway_activity,KIRC,HALLMARK_COAGULATION,FALSE,510,TRUE,Recorded sex,MALE,330,,,TRUE,performance estimated,0.262604206689625,0.251293791773686,0.456008227807418,,,,,
continuous,rna_pathway_activity,KIRC,HALLMARK_COMPLEMENT,FALSE,510,TRUE,Broad race,Asian,8,,,FALSE,fewer than 50 subgroup patients,,,,,,,,
continuous,rna_pathway_activity,KIRC,HALLMARK_COMPLEMENT,FALSE,510,TRUE,Broad race,Black or African American,54,,,TRUE,performance estimated,0.108957362104619,0.290508701801861,0.372410901467505,,,,,
continuous,rna_pathway_activity,KIRC,HALLMARK_COMPLEMENT,FALSE,510,TRUE,Broad race,Missing,7,,,FALSE,demographic field missing,,,,,,,,
continuous,rna_pathway_activity,KIRC,HALLMARK_COMPLEMENT,FALSE,510,TRUE,Broad race,White,441,,,TRUE,performance estimated,0.323497625595091,0.242067467295683,0.505883388320363,,,,,
continuous,rna_pathway_activity,KIRC,HALLMARK_COMPLEMENT,FALSE,510,TRUE,Recorded sex,FEMALE,180,,,TRUE,performance estimated,0.219646489933386,0.247011282776085,0.441162587322654,,,,,
continuous,rna_pathway_activity,KIRC,HALLMARK_COMPLEMENT,FALSE,510,TRUE,Recorded sex,MALE,330,,,TRUE,performance estimated,0.333237226958852,0.246193403870713,0.506544128880055,,,,,
continuous,rna_pathway_activity,KIRC,HALLMARK_E2F_TARGETS,FALSE,510,TRUE,Broad race,Asian,8,,,FALSE,fewer than 50 subgroup patients,,,,,,,,
continuous,rna_pathway_activity,KIRC,HALLMARK_E2F_TARGETS,FALSE,510,TRUE,Broad race,Black or African American,54,,,TRUE,performance estimated,0.301045690704367,0.352888928103097,0.442408995616543,,,,,
continuous,rna_pathway_activity,KIRC,HALLMARK_E2F_TARGETS,FALSE,510,TRUE,Broad race,Missing,7,,,FALSE,demographic field missing,,,,,,,,
continuous,rna_pathway_activity,KIRC,HALLMARK_E2F_TARGETS,FALSE,510,TRUE,Broad race,White,441,,,TRUE,performance estimated,0.267531128462885,0.363899777620257,0.426574909684153,,,,,
continuous,rna_pathway_activity,KIRC,HALLMARK_E2F_TARGETS,FALSE,510,TRUE,Recorded sex,FEMALE,180,,,TRUE,performance estimated,0.26887970286548,0.350269016576932,0.447675545541529,,,,,
continuous,rna_pathway_activity,KIRC,HALLMARK_E2F_TARGETS,FALSE,510,TRUE,Recorded sex,MALE,330,,,TRUE,performance estimated,0.283107761637793,0.370203693443642,0.403457382111364,,,,,
continuous,rna_pathway_activity,KIRC,HALLMARK_EPITHELIAL_MESENCHYMAL_TRANSITION,FALSE,510,TRUE,Broad race,Asian,8,,,FALSE,fewer than 50 subgroup patients,,,,,,,,
continuous,rna_pathway_activity,KIRC,HALLMARK_EPITHELIAL_MESENCHYMAL_TRANSITION,FALSE,510,TRUE,Broad race,Black or African American,54,,,TRUE,performance estimated,0.158501073383757,0.445635163517949,0.437011625690871,,,,,
continuous,rna_pathway_activity,KIRC,HALLMARK_EPITHELIAL_MESENCHYMAL_TRANSITION,FALSE,510,TRUE,Broad race,Missing,7,,,FALSE,demographic field missing,,,,,,,,
continuous,rna_pathway_activity,KIRC,HALLMARK_EPITHELIAL_MESENCHYMAL_TRANSITION,FALSE,510,TRUE,Broad race,White,441,,,TRUE,performance estimated,0.38797945508144,0.359021692348955,0.518050269058672,,,,,
continuous,rna_pathway_activity,KIRC,HALLMARK_EPITHELIAL_MESENCHYMAL_TRANSITION,FALSE,510,TRUE,Recorded sex,FEMALE,180,,,TRUE,performance estimated,0.294977982627891,0.381014946142208,0.519848966531889,,,,,
continuous,rna_pathway_activity,KIRC,HALLMARK_EPITHELIAL_MESENCHYMAL_TRANSITION,FALSE,510,TRUE,Recorded sex,MALE,330,,,TRUE,performance estimated,0.400087615484706,0.360407019487461,0.499548288697868,,,,,
continuous,rna_pathway_activity,KIRC,HALLMARK_G2M_CHECKPOINT,FALSE,510,TRUE,Broad race,Asian,8,,,FALSE,fewer than 50 subgroup patients,,,,,,,,
continuous,rna_pathway_activity,KIRC,HALLMARK_G2M_CHECKPOINT,FALSE,510,TRUE,Broad race,Black or African American,54,,,TRUE,performance estimated,0.177489203338719,0.375634745949103,0.387749190013341,,,,,
continuous,rna_pathway_activity,KIRC,HALLMARK_G2M_CHECKPOINT,FALSE,510,TRUE,Broad race,Missing,7,,,FALSE,demographic field missing,,,,,,,,
continuous,rna_pathway_activity,KIRC,HALLMARK_G2M_CHECKPOINT,FALSE,510,TRUE,Broad race,White,441,,,TRUE,performance estimated,0.235593227380019,0.356948913568031,0.39089042610051,,,,,
continuous,rna_pathway_activity,KIRC,HALLMARK_G2M_CHECKPOINT,FALSE,510,TRUE,Recorded sex,FEMALE,180,,,TRUE,performance estimated,0.229300994799345,0.345727480225782,0.438034095702542,,,,,
continuous,rna_pathway_activity,KIRC,HALLMARK_G2M_CHECKPOINT,FALSE,510,TRUE,Recorded sex,MALE,330,,,TRUE,performance estimated,0.246549201958975,0.36696700112483,0.359223567459088,,,,,
continuous,rna_pathway_activity,KIRC,HALLMARK_GLYCOLYSIS,FALSE,510,TRUE,Broad race,Asian,8,,,FALSE,fewer than 50 subgroup patients,,,,,,,,
continuous,rna_pathway_activity,KIRC,HALLMARK_GLYCOLYSIS,FALSE,510,TRUE,Broad race,Black or African American,54,,,TRUE,performance estimated,0.43149131494363,0.164941756749066,0.570040022870212,,,,,
continuous,rna_pathway_activity,KIRC,HALLMARK_GLYCOLYSIS,FALSE,510,TRUE,Broad race,Missing,7,,,FALSE,demographic field missing,,,,,,,,
continuous,rna_pathway_activity,KIRC,HALLMARK_GLYCOLYSIS,FALSE,510,TRUE,Broad race,White,441,,,TRUE,performance estimated,0.223227219546502,0.220722974735037,0.413333976947422,,,,,
continuous,rna_pathway_activity,KIRC,HALLMARK_GLYCOLYSIS,FALSE,510,TRUE,Recorded sex,FEMALE,180,,,TRUE,performance estimated,0.260881334016753,0.179398051159349,0.42587898803461,,,,,
continuous,rna_pathway_activity,KIRC,HALLMARK_GLYCOLYSIS,FALSE,510,TRUE,Recorded sex,MALE,330,,,TRUE,performance estimated,0.241656651708876,0.230488459286398,0.438213657525864,,,,,
continuous,rna_pathway_activity,KIRC,HALLMARK_HYPOXIA,FALSE,510,TRUE,Broad race,Asian,8,,,FALSE,fewer than 50 subgroup patients,,,,,,,,
continuous,rna_pathway_activity,KIRC,HALLMARK_HYPOXIA,FALSE,510,TRUE,Broad race,Black or African American,54,,,TRUE,performance estimated,0.376084811272331,0.25203616532022,0.368461978273299,,,,,
continuous,rna_pathway_activity,KIRC,HALLMARK_HYPOXIA,FALSE,510,TRUE,Broad race,Missing,7,,,FALSE,demographic field missing,,,,,,,,
continuous,rna_pathway_activity,KIRC,HALLMARK_HYPOXIA,FALSE,510,TRUE,Broad race,White,441,,,TRUE,performance estimated,0.324226093011724,0.217795006432366,0.37695556544296,,,,,
continuous,rna_pathway_activity,KIRC,HALLMARK_HYPOXIA,FALSE,510,TRUE,Recorded sex,FEMALE,180,,,TRUE,performance estimated,0.317236579553191,0.216610324056276,0.367906828400054,,,,,
continuous,rna_pathway_activity,KIRC,HALLMARK_HYPOXIA,FALSE,510,TRUE,Recorded sex,MALE,330,,,TRUE,performance estimated,0.347530535871615,0.227058471695186,0.366621782151769,,,,,
continuous,rna_pathway_activity,KIRC,HALLMARK_IL2_STAT5_SIGNALING,FALSE,510,TRUE,Broad race,Asian,8,,,FALSE,fewer than 50 subgroup patients,,,,,,,,
continuous,rna_pathway_activity,KIRC,HALLMARK_IL2_STAT5_SIGNALING,FALSE,510,TRUE,Broad race,Black or African American,54,,,TRUE,performance estimated,0.12769347341443,0.276008586764332,0.409308176100629,,,,,
continuous,rna_pathway_activity,KIRC,HALLMARK_IL2_STAT5_SIGNALING,FALSE,510,TRUE,Broad race,Missing,7,,,FALSE,demographic field missing,,,,,,,,
continuous,rna_pathway_activity,KIRC,HALLMARK_IL2_STAT5_SIGNALING,FALSE,510,TRUE,Broad race,White,441,,,TRUE,performance estimated,0.385175781967164,0.201580994127373,0.415766726270928,,,,,
continuous,rna_pathway_activity,KIRC,HALLMARK_IL2_STAT5_SIGNALING,FALSE,510,TRUE,Recorded sex,FEMALE,180,,,TRUE,performance estimated,0.253152991074588,0.219261716864689,0.384218031420723,,,,,
continuous,rna_pathway_activity,KIRC,HALLMARK_IL2_STAT5_SIGNALING,FALSE,510,TRUE,Recorded sex,MALE,330,,,TRUE,performance estimated,0.417146942094085,0.204418247185402,0.450043401350209,,,,,
continuous,rna_pathway_activity,KIRC,HALLMARK_IL6_JAK_STAT3_SIGNALING,FALSE,510,TRUE,Broad race,Asian,8,,,FALSE,fewer than 50 subgroup patients,,,,,,,,
continuous,rna_pathway_activity,KIRC,HALLMARK_IL6_JAK_STAT3_SIGNALING,FALSE,510,TRUE,Broad race,Black or African American,54,,,TRUE,performance estimated,0.218575970503789,0.405659209866968,0.425622260339241,,,,,
continuous,rna_pathway_activity,KIRC,HALLMARK_IL6_JAK_STAT3_SIGNALING,FALSE,510,TRUE,Broad race,Missing,7,,,FALSE,demographic field missing,,,,,,,,
continuous,rna_pathway_activity,KIRC,HALLMARK_IL6_JAK_STAT3_SIGNALING,FALSE,510,TRUE,Broad race,White,441,,,TRUE,performance estimated,0.421282535480258,0.314852692628739,0.538027602649452,,,,,
continuous,rna_pathway_activity,KIRC,HALLMARK_IL6_JAK_STAT3_SIGNALING,FALSE,510,TRUE,Recorded sex,FEMALE,180,,,TRUE,performance estimated,0.311699440049776,0.330324976808221,0.438779797730383,,,,,
continuous,rna_pathway_activity,KIRC,HALLMARK_IL6_JAK_STAT3_SIGNALING,FALSE,510,TRUE,Recorded sex,MALE,330,,,TRUE,performance estimated,0.446667241964241,0.320855625230212,0.568792367239369,,,,,
continuous,rna_pathway_activity,KIRC,HALLMARK_INFLAMMATORY_RESPONSE,FALSE,510,TRUE,Broad race,Asian,8,,,FALSE,fewer than 50 subgroup patients,,,,,,,,
continuous,rna_pathway_activity,KIRC,HALLMARK_INFLAMMATORY_RESPONSE,FALSE,510,TRUE,Broad race,Black or African American,54,,,TRUE,performance estimated,0.00732133113477276,0.417475550060165,0.351720983419097,,,,,
continuous,rna_pathway_activity,KIRC,HALLMARK_INFLAMMATORY_RESPONSE,FALSE,510,TRUE,Broad race,Missing,7,,,FALSE,demographic field missing,,,,,,,,
continuous,rna_pathway_activity,KIRC,HALLMARK_INFLAMMATORY_RESPONSE,FALSE,510,TRUE,Broad race,White,441,,,TRUE,performance estimated,0.374965801643067,0.293394353539274,0.473722160192749,,,,,
continuous,rna_pathway_activity,KIRC,HALLMARK_INFLAMMATORY_RESPONSE,FALSE,510,TRUE,Recorded sex,FEMALE,180,,,TRUE,performance estimated,0.225021947877461,0.327122988677725,0.398274843873782,,,,,
continuous,rna_pathway_activity,KIRC,HALLMARK_INFLAMMATORY_RESPONSE,FALSE,510,TRUE,Recorded sex,MALE,330,,,TRUE,performance estimated,0.40085836930522,0.295812944484112,0.502791594212819,,,,,
continuous,rna_pathway_activity,KIRC,HALLMARK_INTERFERON_ALPHA_RESPONSE,FALSE,510,TRUE,Broad race,Asian,8,,,FALSE,fewer than 50 subgroup patients,,,,,,,,
continuous,rna_pathway_activity,KIRC,HALLMARK_INTERFERON_ALPHA_RESPONSE,FALSE,510,TRUE,Broad race,Black or African American,54,,,TRUE,performance estimated,0.288843482468088,0.443777487128088,0.504112826376977,,,,,
continuous,rna_pathway_activity,KIRC,HALLMARK_INTERFERON_ALPHA_RESPONSE,FALSE,510,TRUE,Broad race,Missing,7,,,FALSE,demographic field missing,,,,,,,,
continuous,rna_pathway_activity,KIRC,HALLMARK_INTERFERON_ALPHA_RESPONSE,FALSE,510,TRUE,Broad race,White,441,,,TRUE,performance estimated,0.26954383182255,0.423883183032944,0.381144177950901,,,,,
continuous,rna_pathway_activity,KIRC,HALLMARK_INTERFERON_ALPHA_RESPONSE,FALSE,510,TRUE,Recorded sex,FEMALE,180,,,TRUE,performance estimated,0.308580386874649,0.416640692818273,0.420087039723448,,,,,
continuous,rna_pathway_activity,KIRC,HALLMARK_INTERFERON_ALPHA_RESPONSE,FALSE,510,TRUE,Recorded sex,MALE,330,,,TRUE,performance estimated,0.276955477578653,0.425536346615471,0.389113548918139,,,,,
continuous,rna_pathway_activity,KIRC,HALLMARK_INTERFERON_GAMMA_RESPONSE,FALSE,510,TRUE,Broad race,Asian,8,,,FALSE,fewer than 50 subgroup patients,,,,,,,,
continuous,rna_pathway_activity,KIRC,HALLMARK_INTERFERON_GAMMA_RESPONSE,FALSE,510,TRUE,Broad race,Black or African American,54,,,TRUE,performance estimated,0.31325210222353,0.409922104899852,0.548054126167334,,,,,
continuous,rna_pathway_activity,KIRC,HALLMARK_INTERFERON_GAMMA_RESPONSE,FALSE,510,TRUE,Broad race,Missing,7,,,FALSE,demographic field missing,,,,,,,,
continuous,rna_pathway_activity,KIRC,HALLMARK_INTERFERON_GAMMA_RESPONSE,FALSE,510,TRUE,Broad race,White,441,,,TRUE,performance estimated,0.344517320102677,0.36895973381913,0.426162548935658,,,,,
continuous,rna_pathway_activity,KIRC,HALLMARK_INTERFERON_GAMMA_RESPONSE,FALSE,510,TRUE,Recorded sex,FEMALE,180,,,TRUE,performance estimated,0.32457505236295,0.368743223096997,0.444250336944556,,,,,
continuous,rna_pathway_activity,KIRC,HALLMARK_INTERFERON_GAMMA_RESPONSE,FALSE,510,TRUE,Recorded sex,MALE,330,,,TRUE,performance estimated,0.376062378556053,0.371546983389884,0.455369771322719,,,,,
continuous,rna_pathway_activity,KIRC,HALLMARK_KRAS_SIGNALING_UP,FALSE,510,TRUE,Broad race,Asian,8,,,FALSE,fewer than 50 subgroup patients,,,,,,,,
continuous,rna_pathway_activity,KIRC,HALLMARK_KRAS_SIGNALING_UP,FALSE,510,TRUE,Broad race,Black or African American,54,,,TRUE,performance estimated,-0.0570449902194876,0.303241595009231,0.245984372022108,,,,,
continuous,rna_pathway_activity,KIRC,HALLMARK_KRAS_SIGNALING_UP,FALSE,510,TRUE,Broad race,Missing,7,,,FALSE,demographic field missing,,,,,,,,
continuous,rna_pathway_activity,KIRC,HALLMARK_KRAS_SIGNALING_UP,FALSE,510,TRUE,Broad race,White,441,,,TRUE,performance estimated,0.295076128507988,0.230170073999996,0.391340480248043,,,,,
continuous,rna_pathway_activity,KIRC,HALLMARK_KRAS_SIGNALING_UP,FALSE,510,TRUE,Recorded sex,FEMALE,180,,,TRUE,performance estimated,0.159012399252051,0.254839088809327,0.363116557095384,,,,,
continuous,rna_pathway_activity,KIRC,HALLMARK_KRAS_SIGNALING_UP,FALSE,510,TRUE,Recorded sex,MALE,330,,,TRUE,performance estimated,0.311637834527539,0.227857919914313,0.382395731157061,,,,,
continuous,rna_pathway_activity,KIRC,HALLMARK_NOTCH_SIGNALING,FALSE,510,TRUE,Broad race,Asian,8,,,FALSE,fewer than 50 subgroup patients,,,,,,,,
continuous,rna_pathway_activity,KIRC,HALLMARK_NOTCH_SIGNALING,FALSE,510,TRUE,Broad race,Black or African American,54,,,TRUE,performance estimated,0.283577382406711,0.264661302525551,0.388892700590814,,,,,
continuous,rna_pathway_activity,KIRC,HALLMARK_NOTCH_SIGNALING,FALSE,510,TRUE,Broad race,Missing,7,,,FALSE,demographic field missing,,,,,,,,
continuous,rna_pathway_activity,KIRC,HALLMARK_NOTCH_SIGNALING,FALSE,510,TRUE,Broad race,White,441,,,TRUE,performance estimated,0.370838668626676,0.211006435231356,0.363770711081636,,,,,
continuous,rna_pathway_activity,KIRC,HALLMARK_NOTCH_SIGNALING,FALSE,510,TRUE,Recorded sex,FEMALE,180,,,TRUE,performance estimated,0.285396954092318,0.216810425852173,0.370339413767915,,,,,
continuous,rna_pathway_activity,KIRC,HALLMARK_NOTCH_SIGNALING,FALSE,510,TRUE,Recorded sex,MALE,330,,,TRUE,performance estimated,0.388124298906902,0.217207091685592,0.369829692066627,,,,,
continuous,rna_pathway_activity,KIRC,HALLMARK_OXIDATIVE_PHOSPHORYLATION,FALSE,510,TRUE,Broad race,Asian,8,,,FALSE,fewer than 50 subgroup patients,,,,,,,,
continuous,rna_pathway_activity,KIRC,HALLMARK_OXIDATIVE_PHOSPHORYLATION,FALSE,510,TRUE,Broad race,Black or African American,54,,,TRUE,performance estimated,0.297013653360578,0.515225725164209,0.36968172288927,,,,,
continuous,rna_pathway_activity,KIRC,HALLMARK_OXIDATIVE_PHOSPHORYLATION,FALSE,510,TRUE,Broad race,Missing,7,,,FALSE,demographic field missing,,,,,,,,
continuous,rna_pathway_activity,KIRC,HALLMARK_OXIDATIVE_PHOSPHORYLATION,FALSE,510,TRUE,Broad race,White,441,,,TRUE,performance estimated,0.353981121000307,0.421246005607676,0.300826344523824,,,,,
continuous,rna_pathway_activity,KIRC,HALLMARK_OXIDATIVE_PHOSPHORYLATION,FALSE,510,TRUE,Recorded sex,FEMALE,180,,,TRUE,performance estimated,0.299610812859448,0.416433857413943,0.344290050104427,,,,,
continuous,rna_pathway_activity,KIRC,HALLMARK_OXIDATIVE_PHOSPHORYLATION,FALSE,510,TRUE,Recorded sex,MALE,330,,,TRUE,performance estimated,0.367745449281717,0.440571799480342,0.300700281912598,,,,,
continuous,rna_pathway_activity,KIRC,HALLMARK_P53_PATHWAY,FALSE,510,TRUE,Broad race,Asian,8,,,FALSE,fewer than 50 subgroup patients,,,,,,,,
continuous,rna_pathway_activity,KIRC,HALLMARK_P53_PATHWAY,FALSE,510,TRUE,Broad race,Black or African American,54,,,TRUE,performance estimated,0.370526384130609,0.159699556519446,0.509342481417953,,,,,
continuous,rna_pathway_activity,KIRC,HALLMARK_P53_PATHWAY,FALSE,510,TRUE,Broad race,Missing,7,,,FALSE,demographic field missing,,,,,,,,
continuous,rna_pathway_activity,KIRC,HALLMARK_P53_PATHWAY,FALSE,510,TRUE,Broad race,White,441,,,TRUE,performance estimated,0.232703425375424,0.196005526560777,0.416567969845281,,,,,
continuous,rna_pathway_activity,KIRC,HALLMARK_P53_PATHWAY,FALSE,510,TRUE,Recorded sex,FEMALE,180,,,TRUE,performance estimated,0.264789371409602,0.175431722722851,0.402697614123893,,,,,
continuous,rna_pathway_activity,KIRC,HALLMARK_P53_PATHWAY,FALSE,510,TRUE,Recorded sex,MALE,330,,,TRUE,performance estimated,0.220491547149626,0.201358273485182,0.408585670291655,,,,,
continuous,rna_pathway_activity,KIRC,HALLMARK_TNFA_SIGNALING_VIA_NFKB,FALSE,510,TRUE,Broad race,Asian,8,,,FALSE,fewer than 50 subgroup patients,,,,,,,,
continuous,rna_pathway_activity,KIRC,HALLMARK_TNFA_SIGNALING_VIA_NFKB,FALSE,510,TRUE,Broad race,Black or African American,54,,,TRUE,performance estimated,0.166126146795459,0.412049430616644,0.244688393367639,,,,,
continuous,rna_pathway_activity,KIRC,HALLMARK_TNFA_SIGNALING_VIA_NFKB,FALSE,510,TRUE,Broad race,Missing,7,,,FALSE,demographic field missing,,,,,,,,
continuous,rna_pathway_activity,KIRC,HALLMARK_TNFA_SIGNALING_VIA_NFKB,FALSE,510,TRUE,Broad race,White,441,,,TRUE,performance estimated,0.2767184119447,0.323160735876559,0.318890157461586,,,,,
continuous,rna_pathway_activity,KIRC,HALLMARK_TNFA_SIGNALING_VIA_NFKB,FALSE,510,TRUE,Recorded sex,FEMALE,180,,,TRUE,performance estimated,0.237968748818874,0.349551444059998,0.241969608115477,,,,,
continuous,rna_pathway_activity,KIRC,HALLMARK_TNFA_SIGNALING_VIA_NFKB,FALSE,510,TRUE,Recorded sex,MALE,330,,,TRUE,performance estimated,0.291124813475125,0.322309655577185,0.360659026003244,,,,,
continuous,rna_pathway_activity,KIRC,HALLMARK_WNT_BETA_CATENIN_SIGNALING,FALSE,510,TRUE,Broad race,Asian,8,,,FALSE,fewer than 50 subgroup patients,,,,,,,,
continuous,rna_pathway_activity,KIRC,HALLMARK_WNT_BETA_CATENIN_SIGNALING,FALSE,510,TRUE,Broad race,Black or African American,54,,,TRUE,performance estimated,0.315927804435652,0.368500294579329,0.477415666094911,,,,,
continuous,rna_pathway_activity,KIRC,HALLMARK_WNT_BETA_CATENIN_SIGNALING,FALSE,510,TRUE,Broad race,Missing,7,,,FALSE,demographic field missing,,,,,,,,
continuous,rna_pathway_activity,KIRC,HALLMARK_WNT_BETA_CATENIN_SIGNALING,FALSE,510,TRUE,Broad race,White,441,,,TRUE,performance estimated,0.185242867573303,0.322003601628673,0.378223065449956,,,,,
continuous,rna_pathway_activity,KIRC,HALLMARK_WNT_BETA_CATENIN_SIGNALING,FALSE,510,TRUE,Recorded sex,FEMALE,180,,,TRUE,performance estimated,0.261416681966972,0.291955928441479,0.4446083726864,,,,,
continuous,rna_pathway_activity,KIRC,HALLMARK_WNT_BETA_CATENIN_SIGNALING,FALSE,510,TRUE,Recorded sex,MALE,330,,,TRUE,performance estimated,0.180885640478669,0.341820146024796,0.379866014296817,,,,,
continuous,rna_pathway_activity,KIRP,GOBP_VITAMIN_B6_METABOLIC_PROCESS,FALSE,272,TRUE,Broad race,Asian,6,,,FALSE,fewer than 50 subgroup patients,,,,,,,,
continuous,rna_pathway_activity,KIRP,GOBP_VITAMIN_B6_METABOLIC_PROCESS,FALSE,272,TRUE,Broad race,Black or African American,58,,,TRUE,performance estimated,0.328411000942428,0.400980136716884,0.526235811621397,,,,,
continuous,rna_pathway_activity,KIRP,GOBP_VITAMIN_B6_METABOLIC_PROCESS,FALSE,272,TRUE,Broad race,Missing,13,,,FALSE,demographic field missing,,,,,,,,
continuous,rna_pathway_activity,KIRP,GOBP_VITAMIN_B6_METABOLIC_PROCESS,FALSE,272,TRUE,Broad race,Other recorded race,2,,,FALSE,fewer than 50 subgroup patients,,,,,,,,
continuous,rna_pathway_activity,KIRP,GOBP_VITAMIN_B6_METABOLIC_PROCESS,FALSE,272,TRUE,Broad race,White,193,,,TRUE,performance estimated,0.283362001661349,0.497735387225224,0.521291597671065,,,,,
continuous,rna_pathway_activity,KIRP,GOBP_VITAMIN_B6_METABOLIC_PROCESS,FALSE,272,TRUE,Recorded sex,FEMALE,71,,,TRUE,performance estimated,0.291326568110908,0.496320817599292,0.546277665995976,,,,,
continuous,rna_pathway_activity,KIRP,GOBP_VITAMIN_B6_METABOLIC_PROCESS,FALSE,272,TRUE,Recorded sex,MALE,201,,,TRUE,performance estimated,0.26569017165179,0.467877919031499,0.513499335008128,,,,,
continuous,rna_pathway_activity,KIRP,HALLMARK_ADIPOGENESIS,FALSE,272,TRUE,Broad race,Asian,6,,,FALSE,fewer than 50 subgroup patients,,,,,,,,
continuous,rna_pathway_activity,KIRP,HALLMARK_ADIPOGENESIS,FALSE,272,TRUE,Broad race,Black or African American,58,,,TRUE,performance estimated,0.461536273387844,0.174711393414451,0.699160232550986,,,,,
continuous,rna_pathway_activity,KIRP,HALLMARK_ADIPOGENESIS,FALSE,272,TRUE,Broad race,Missing,13,,,FALSE,demographic field missing,,,,,,,,
continuous,rna_pathway_activity,KIRP,HALLMARK_ADIPOGENESIS,FALSE,272,TRUE,Broad race,Other recorded race,2,,,FALSE,fewer than 50 subgroup patients,,,,,,,,
continuous,rna_pathway_activity,KIRP,HALLMARK_ADIPOGENESIS,FALSE,272,TRUE,Broad race,White,193,,,TRUE,performance estimated,0.509385365962927,0.207243075700632,0.718549356337802,,,,,
continuous,rna_pathway_activity,KIRP,HALLMARK_ADIPOGENESIS,FALSE,272,TRUE,Recorded sex,FEMALE,71,,,TRUE,performance estimated,0.490727431386597,0.213793208181479,0.684654594232059,,,,,
continuous,rna_pathway_activity,KIRP,HALLMARK_ADIPOGENESIS,FALSE,272,TRUE,Recorded sex,MALE,201,,,TRUE,performance estimated,0.476759279476029,0.200878288111198,0.700150140387173,,,,,
continuous,rna_pathway_activity,KIRP,HALLMARK_ALLOGRAFT_REJECTION,FALSE,272,TRUE,Broad race,Asian,6,,,FALSE,fewer than 50 subgroup patients,,,,,,,,
continuous,rna_pathway_activity,KIRP,HALLMARK_ALLOGRAFT_REJECTION,FALSE,272,TRUE,Broad race,Black or African American,58,,,TRUE,performance estimated,-0.344538924281192,0.428022936891238,0.307588667753545,,,,,
continuous,rna_pathway_activity,KIRP,HALLMARK_ALLOGRAFT_REJECTION,FALSE,272,TRUE,Broad race,Missing,13,,,FALSE,demographic field missing,,,,,,,,
continuous,rna_pathway_activity,KIRP,HALLMARK_ALLOGRAFT_REJECTION,FALSE,272,TRUE,Broad race,Other recorded race,2,,,FALSE,fewer than 50 subgroup patients,,,,,,,,
continuous,rna_pathway_activity,KIRP,HALLMARK_ALLOGRAFT_REJECTION,FALSE,272,TRUE,Broad race,White,193,,,TRUE,performance estimated,0.302517657337075,0.411332265778348,0.546882845467657,,,,,
continuous,rna_pathway_activity,KIRP,HALLMARK_ALLOGRAFT_REJECTION,FALSE,272,TRUE,Recorded sex,FEMALE,71,,,TRUE,performance estimated,0.156161790194186,0.463697104537828,0.479382964453387,,,,,
continuous,rna_pathway_activity,KIRP,HALLMARK_ALLOGRAFT_REJECTION,FALSE,272,TRUE,Recorded sex,MALE,201,,,TRUE,performance estimated,0.257184664747436,0.402622667195377,0.529846608541451,,,,,
continuous,rna_pathway_activity,KIRP,HALLMARK_BILE_ACID_METABOLISM,FALSE,272,TRUE,Broad race,Asian,6,,,FALSE,fewer than 50 subgroup patients,,,,,,,,
continuous,rna_pathway_activity,KIRP,HALLMARK_BILE_ACID_METABOLISM,FALSE,272,TRUE,Broad race,Black or African American,58,,,TRUE,performance estimated,0.418996019010208,0.149077447880983,0.65839613645452,,,,,
continuous,rna_pathway_activity,KIRP,HALLMARK_BILE_ACID_METABOLISM,FALSE,272,TRUE,Broad race,Missing,13,,,FALSE,demographic field missing,,,,,,,,
continuous,rna_pathway_activity,KIRP,HALLMARK_BILE_ACID_METABOLISM,FALSE,272,TRUE,Broad race,Other recorded race,2,,,FALSE,fewer than 50 subgroup patients,,,,,,,,
continuous,rna_pathway_activity,KIRP,HALLMARK_BILE_ACID_METABOLISM,FALSE,272,TRUE,Broad race,White,193,,,TRUE,performance estimated,0.33431857800968,0.186128247567434,0.623684966080872,,,,,
continuous,rna_pathway_activity,KIRP,HALLMARK_BILE_ACID_METABOLISM,FALSE,272,TRUE,Recorded sex,FEMALE,71,,,TRUE,performance estimated,0.328495094667652,0.172257753114994,0.659698189134809,,,,,
continuous,rna_pathway_activity,KIRP,HALLMARK_BILE_ACID_METABOLISM,FALSE,272,TRUE,Recorded sex,MALE,201,,,TRUE,performance estimated,0.360389567889191,0.187655324911527,0.622105216491798,,,,,
continuous,rna_pathway_activity,KIRP,HALLMARK_COAGULATION,FALSE,272,TRUE,Broad race,Asian,6,,,FALSE,fewer than 50 subgroup patients,,,,,,,,
continuous,rna_pathway_activity,KIRP,HALLMARK_COAGULATION,FALSE,272,TRUE,Broad race,Black or African American,58,,,TRUE,performance estimated,-0.0706258658040198,0.235874941831271,0.364914331415916,,,,,
continuous,rna_pathway_activity,KIRP,HALLMARK_COAGULATION,FALSE,272,TRUE,Broad race,Missing,13,,,FALSE,demographic field missing,,,,,,,,
continuous,rna_pathway_activity,KIRP,HALLMARK_COAGULATION,FALSE,272,TRUE,Broad race,Other recorded race,2,,,FALSE,fewer than 50 subgroup patients,,,,,,,,
continuous,rna_pathway_activity,KIRP,HALLMARK_COAGULATION,FALSE,272,TRUE,Broad race,White,193,,,TRUE,performance estimated,0.266783920277751,0.224085744825891,0.54250507451525,,,,,
continuous,rna_pathway_activity,KIRP,HALLMARK_COAGULATION,FALSE,272,TRUE,Recorded sex,FEMALE,71,,,TRUE,performance estimated,0.144942803526453,0.24271286304407,0.494258886653253,,,,,
continuous,rna_pathway_activity,KIRP,HALLMARK_COAGULATION,FALSE,272,TRUE,Recorded sex,MALE,201,,,TRUE,performance estimated,0.242297982561126,0.223845031068832,0.511397665139648,,,,,
continuous,rna_pathway_activity,KIRP,HALLMARK_COMPLEMENT,FALSE,272,TRUE,Broad race,Asian,6,,,FALSE,fewer than 50 subgroup patients,,,,,,,,
continuous,rna_pathway_activity,KIRP,HALLMARK_COMPLEMENT,FALSE,272,TRUE,Broad race,Black or African American,58,,,TRUE,performance estimated,-0.112416547620799,0.267892147322087,0.340256544341567,,,,,
continuous,rna_pathway_activity,KIRP,HALLMARK_COMPLEMENT,FALSE,272,TRUE,Broad race,Missing,13,,,FALSE,demographic field missing,,,,,,,,
continuous,rna_pathway_activity,KIRP,HALLMARK_COMPLEMENT,FALSE,272,TRUE,Broad race,Other recorded race,2,,,FALSE,fewer than 50 subgroup patients,,,,,,,,
continuous,rna_pathway_activity,KIRP,HALLMARK_COMPLEMENT,FALSE,272,TRUE,Broad race,White,193,,,TRUE,performance estimated,0.322964253111883,0.253073411233832,0.574533611986539,,,,,
continuous,rna_pathway_activity,KIRP,HALLMARK_COMPLEMENT,FALSE,272,TRUE,Recorded sex,FEMALE,71,,,TRUE,performance estimated,0.184362659933694,0.294260186690973,0.43531857813548,,,,,
continuous,rna_pathway_activity,KIRP,HALLMARK_COMPLEMENT,FALSE,272,TRUE,Recorded sex,MALE,201,,,TRUE,performance estimated,0.292485378509758,0.248095170812042,0.562692182651101,,,,,
continuous,rna_pathway_activity,KIRP,HALLMARK_E2F_TARGETS,FALSE,272,TRUE,Broad race,Asian,6,,,FALSE,fewer than 50 subgroup patients,,,,,,,,
continuous,rna_pathway_activity,KIRP,HALLMARK_E2F_TARGETS,FALSE,272,TRUE,Broad race,Black or African American,58,,,TRUE,performance estimated,0.3791300642823,0.33918886604473,0.587843366452367,,,,,
continuous,rna_pathway_activity,KIRP,HALLMARK_E2F_TARGETS,FALSE,272,TRUE,Broad race,Missing,13,,,FALSE,demographic field missing,,,,,,,,
continuous,rna_pathway_activity,KIRP,HALLMARK_E2F_TARGETS,FALSE,272,TRUE,Broad race,Other recorded race,2,,,FALSE,fewer than 50 subgroup patients,,,,,,,,
continuous,rna_pathway_activity,KIRP,HALLMARK_E2F_TARGETS,FALSE,272,TRUE,Broad race,White,193,,,TRUE,performance estimated,0.457131121852818,0.326897449782925,0.544056140163453,,,,,
continuous,rna_pathway_activity,KIRP,HALLMARK_E2F_TARGETS,FALSE,272,TRUE,Recorded sex,FEMALE,71,,,TRUE,performance estimated,0.613794960600089,0.321973390185177,0.781918175720993,,,,,
continuous,rna_pathway_activity,KIRP,HALLMARK_E2F_TARGETS,FALSE,272,TRUE,Recorded sex,MALE,201,,,TRUE,performance estimated,0.356375575564502,0.3283279882592,0.478901433426925,,,,,
continuous,rna_pathway_activity,KIRP,HALLMARK_FATTY_ACID_METABOLISM,FALSE,272,TRUE,Broad race,Asian,6,,,FALSE,fewer than 50 subgroup patients,,,,,,,,
continuous,rna_pathway_activity,KIRP,HALLMARK_FATTY_ACID_METABOLISM,FALSE,272,TRUE,Broad race,Black or African American,58,,,TRUE,performance estimated,0.487063636941873,0.203220837273762,0.717112184318189,,,,,
continuous,rna_pathway_activity,KIRP,HALLMARK_FATTY_ACID_METABOLISM,FALSE,272,TRUE,Broad race,Missing,13,,,FALSE,demographic field missing,,,,,,,,
continuous,rna_pathway_activity,KIRP,HALLMARK_FATTY_ACID_METABOLISM,FALSE,272,TRUE,Broad race,Other recorded race,2,,,FALSE,fewer than 50 subgroup patients,,,,,,,,
continuous,rna_pathway_activity,KIRP,HALLMARK_FATTY_ACID_METABOLISM,FALSE,272,TRUE,Broad race,White,193,,,TRUE,performance estimated,0.464956337682583,0.256125156310138,0.70529552374339,,,,,
continuous,rna_pathway_activity,KIRP,HALLMARK_FATTY_ACID_METABOLISM,FALSE,272,TRUE,Recorded sex,FEMALE,71,,,TRUE,performance estimated,0.461429874022167,0.243565647792356,0.72252850435949,,,,,
continuous,rna_pathway_activity,KIRP,HALLMARK_FATTY_ACID_METABOLISM,FALSE,272,TRUE,Recorded sex,MALE,201,,,TRUE,performance estimated,0.43575242092835,0.255859471976577,0.680458105512044,,,,,
continuous,rna_pathway_activity,KIRP,HALLMARK_G2M_CHECKPOINT,FALSE,272,TRUE,Broad race,Asian,6,,,FALSE,fewer than 50 subgroup patients,,,,,,,,
continuous,rna_pathway_activity,KIRP,HALLMARK_G2M_CHECKPOINT,FALSE,272,TRUE,Broad race,Black or African American,58,,,TRUE,performance estimated,0.352398100788262,0.331829692375612,0.50669660709342,,,,,
continuous,rna_pathway_activity,KIRP,HALLMARK_G2M_CHECKPOINT,FALSE,272,TRUE,Broad race,Missing,13,,,FALSE,demographic field missing,,,,,,,,
continuous,rna_pathway_activity,KIRP,HALLMARK_G2M_CHECKPOINT,FALSE,272,TRUE,Broad race,Other recorded race,2,,,FALSE,fewer than 50 subgroup patients,,,,,,,,
continuous,rna_pathway_activity,KIRP,HALLMARK_G2M_CHECKPOINT,FALSE,272,TRUE,Broad race,White,193,,,TRUE,performance estimated,0.49212529529023,0.317797247694639,0.571021179424176,,,,,
continuous,rna_pathway_activity,KIRP,HALLMARK_G2M_CHECKPOINT,FALSE,272,TRUE,Recorded sex,FEMALE,71,,,TRUE,performance estimated,0.604992911539068,0.327018003403684,0.742582159624413,,,,,
continuous,rna_pathway_activity,KIRP,HALLMARK_G2M_CHECKPOINT,FALSE,272,TRUE,Recorded sex,MALE,201,,,TRUE,performance estimated,0.382572460717685,0.318602992018194,0.494100192108763,,,,,
continuous,rna_pathway_activity,KIRP,HALLMARK_GLYCOLYSIS,FALSE,272,TRUE,Broad race,Asian,6,,,FALSE,fewer than 50 subgroup patients,,,,,,,,
continuous,rna_pathway_activity,KIRP,HALLMARK_GLYCOLYSIS,FALSE,272,TRUE,Broad race,Black or African American,58,,,TRUE,performance estimated,0.0266146275768515,0.168251075637963,0.292540527238611,,,,,
continuous,rna_pathway_activity,KIRP,HALLMARK_GLYCOLYSIS,FALSE,272,TRUE,Broad race,Missing,13,,,FALSE,demographic field missing,,,,,,,,
continuous,rna_pathway_activity,KIRP,HALLMARK_GLYCOLYSIS,FALSE,272,TRUE,Broad race,Other recorded race,2,,,FALSE,fewer than 50 subgroup patients,,,,,,,,
continuous,rna_pathway_activity,KIRP,HALLMARK_GLYCOLYSIS,FALSE,272,TRUE,Broad race,White,193,,,TRUE,performance estimated,0.239362351066409,0.179067047111847,0.514165576091021,,,,,
continuous,rna_pathway_activity,KIRP,HALLMARK_GLYCOLYSIS,FALSE,272,TRUE,Recorded sex,FEMALE,71,,,TRUE,performance estimated,0.301028420706242,0.183909793174719,0.55085177733065,,,,,
continuous,rna_pathway_activity,KIRP,HALLMARK_GLYCOLYSIS,FALSE,272,TRUE,Recorded sex,MALE,201,,,TRUE,performance estimated,0.162582014446886,0.172367236634948,0.43575291857544,,,,,
continuous,rna_pathway_activity,KIRP,HALLMARK_HEME_METABOLISM,FALSE,272,TRUE,Broad race,Asian,6,,,FALSE,fewer than 50 subgroup patients,,,,,,,,
continuous,rna_pathway_activity,KIRP,HALLMARK_HEME_METABOLISM,FALSE,272,TRUE,Broad race,Black or African American,58,,,TRUE,performance estimated,0.208120215232986,0.12046978067893,0.596087237380418,,,,,
continuous,rna_pathway_activity,KIRP,HALLMARK_HEME_METABOLISM,FALSE,272,TRUE,Broad race,Missing,13,,,FALSE,demographic field missing,,,,,,,,
continuous,rna_pathway_activity,KIRP,HALLMARK_HEME_METABOLISM,FALSE,272,TRUE,Broad race,Other recorded race,2,,,FALSE,fewer than 50 subgroup patients,,,,,,,,
continuous,rna_pathway_activity,KIRP,HALLMARK_HEME_METABOLISM,FALSE,272,TRUE,Broad race,White,193,,,TRUE,performance estimated,0.26465491664329,0.128593935941419,0.527094906789167,,,,,
continuous,rna_pathway_activity,KIRP,HALLMARK_HEME_METABOLISM,FALSE,272,TRUE,Recorded sex,FEMALE,71,,,TRUE,performance estimated,0.225495518839663,0.135489516345124,0.574453386988598,,,,,
continuous,rna_pathway_activity,KIRP,HALLMARK_HEME_METABOLISM,FALSE,272,TRUE,Recorded sex,MALE,201,,,TRUE,performance estimated,0.245281431039186,0.138895799257763,0.505972513669277,,,,,
continuous,rna_pathway_activity,KIRP,HALLMARK_IL2_STAT5_SIGNALING,FALSE,272,TRUE,Broad race,Asian,6,,,FALSE,fewer than 50 subgroup patients,,,,,,,,
continuous,rna_pathway_activity,KIRP,HALLMARK_IL2_STAT5_SIGNALING,FALSE,272,TRUE,Broad race,Black or African American,58,,,TRUE,performance estimated,-0.0633072517467472,0.238333898800354,0.393632532529453,,,,,
continuous,rna_pathway_activity,KIRP,HALLMARK_IL2_STAT5_SIGNALING,FALSE,272,TRUE,Broad race,Missing,13,,,FALSE,demographic field missing,,,,,,,,
continuous,rna_pathway_activity,KIRP,HALLMARK_IL2_STAT5_SIGNALING,FALSE,272,TRUE,Broad race,Other recorded race,2,,,FALSE,fewer than 50 subgroup patients,,,,,,,,
continuous,rna_pathway_activity,KIRP,HALLMARK_IL2_STAT5_SIGNALING,FALSE,272,TRUE,Broad race,White,193,,,TRUE,performance estimated,0.223851536935226,0.239846441224121,0.500814593237541,,,,,
continuous,rna_pathway_activity,KIRP,HALLMARK_IL2_STAT5_SIGNALING,FALSE,272,TRUE,Recorded sex,FEMALE,71,,,TRUE,performance estimated,0.0759249063761234,0.287683528108215,0.404661301140174,,,,,
continuous,rna_pathway_activity,KIRP,HALLMARK_IL2_STAT5_SIGNALING,FALSE,272,TRUE,Recorded sex,MALE,201,,,TRUE,performance estimated,0.219739123136525,0.227429019363152,0.51060942810699,,,,,
continuous,rna_pathway_activity,KIRP,HALLMARK_IL6_JAK_STAT3_SIGNALING,FALSE,272,TRUE,Broad race,Asian,6,,,FALSE,fewer than 50 subgroup patients,,,,,,,,
continuous,rna_pathway_activity,KIRP,HALLMARK_IL6_JAK_STAT3_SIGNALING,FALSE,272,TRUE,Broad race,Black or African American,58,,,TRUE,performance estimated,-0.0577302337859771,0.365274144390629,0.395453566704605,,,,,
continuous,rna_pathway_activity,KIRP,HALLMARK_IL6_JAK_STAT3_SIGNALING,FALSE,272,TRUE,Broad race,Missing,13,,,FALSE,demographic field missing,,,,,,,,
continuous,rna_pathway_activity,KIRP,HALLMARK_IL6_JAK_STAT3_SIGNALING,FALSE,272,TRUE,Broad race,Other recorded race,2,,,FALSE,fewer than 50 subgroup patients,,,,,,,,
continuous,rna_pathway_activity,KIRP,HALLMARK_IL6_JAK_STAT3_SIGNALING,FALSE,272,TRUE,Broad race,White,193,,,TRUE,performance estimated,0.333598760459886,0.341791880053097,0.559936034399872,,,,,
continuous,rna_pathway_activity,KIRP,HALLMARK_IL6_JAK_STAT3_SIGNALING,FALSE,272,TRUE,Recorded sex,FEMALE,71,,,TRUE,performance estimated,0.227997704029794,0.394681912915269,0.523876592890677,,,,,
continuous,rna_pathway_activity,KIRP,HALLMARK_IL6_JAK_STAT3_SIGNALING,FALSE,272,TRUE,Recorded sex,MALE,201,,,TRUE,performance estimated,0.284013629089989,0.334479621926102,0.550691000443328,,,,,
continuous,rna_pathway_activity,KIRP,HALLMARK_INFLAMMATORY_RESPONSE,FALSE,272,TRUE,Broad race,Asian,6,,,FALSE,fewer than 50 subgroup patients,,,,,,,,
continuous,rna_pathway_activity,KIRP,HALLMARK_INFLAMMATORY_RESPONSE,FALSE,272,TRUE,Broad race,Black or African American,58,,,TRUE,performance estimated,-0.19728222794737,0.366426974954323,0.350346058014704,,,,,
continuous,rna_pathway_activity,KIRP,HALLMARK_INFLAMMATORY_RESPONSE,FALSE,272,TRUE,Broad race,Missing,13,,,FALSE,demographic field missing,,,,,,,,
continuous,rna_pathway_activity,KIRP,HALLMARK_INFLAMMATORY_RESPONSE,FALSE,272,TRUE,Broad race,Other recorded race,2,,,FALSE,fewer than 50 subgroup patients,,,,,,,,
continuous,rna_pathway_activity,KIRP,HALLMARK_INFLAMMATORY_RESPONSE,FALSE,272,TRUE,Broad race,White,193,,,TRUE,performance estimated,0.263565745693265,0.345666928425091,0.519196690881897,,,,,
continuous,rna_pathway_activity,KIRP,HALLMARK_INFLAMMATORY_RESPONSE,FALSE,272,TRUE,Recorded sex,FEMALE,71,,,TRUE,performance estimated,0.0343788112339722,0.414247631031578,0.364996646545942,,,,,
continuous,rna_pathway_activity,KIRP,HALLMARK_INFLAMMATORY_RESPONSE,FALSE,272,TRUE,Recorded sex,MALE,201,,,TRUE,performance estimated,0.250618662555345,0.331363686285162,0.541016107580908,,,,,
continuous,rna_pathway_activity,KIRP,HALLMARK_INTERFERON_GAMMA_RESPONSE,FALSE,272,TRUE,Broad race,Asian,6,,,FALSE,fewer than 50 subgroup patients,,,,,,,,
continuous,rna_pathway_activity,KIRP,HALLMARK_INTERFERON_GAMMA_RESPONSE,FALSE,272,TRUE,Broad race,Black or African American,58,,,TRUE,performance estimated,-0.167548529033751,0.346399917980644,0.433670675812852,,,,,
continuous,rna_pathway_activity,KIRP,HALLMARK_INTERFERON_GAMMA_RESPONSE,FALSE,272,TRUE,Broad race,Missing,13,,,FALSE,demographic field missing,,,,,,,,
continuous,rna_pathway_activity,KIRP,HALLMARK_INTERFERON_GAMMA_RESPONSE,FALSE,272,TRUE,Broad race,Other recorded race,2,,,FALSE,fewer than 50 subgroup patients,,,,,,,,
continuous,rna_pathway_activity,KIRP,HALLMARK_INTERFERON_GAMMA_RESPONSE,FALSE,272,TRUE,Broad race,White,193,,,TRUE,performance estimated,0.354172129930051,0.33068017151932,0.530631042679344,,,,,
continuous,rna_pathway_activity,KIRP,HALLMARK_INTERFERON_GAMMA_RESPONSE,FALSE,272,TRUE,Recorded sex,FEMALE,71,,,TRUE,performance estimated,0.280697565547804,0.368180569831226,0.519590878604963,,,,,
continuous,rna_pathway_activity,KIRP,HALLMARK_INTERFERON_GAMMA_RESPONSE,FALSE,272,TRUE,Recorded sex,MALE,201,,,TRUE,performance estimated,0.272496310550635,0.330958355698273,0.505815871139353,,,,,
continuous,rna_pathway_activity,KIRP,HALLMARK_MTORC1_SIGNALING,FALSE,272,TRUE,Broad race,Asian,6,,,FALSE,fewer than 50 subgroup patients,,,,,,,,
continuous,rna_pathway_activity,KIRP,HALLMARK_MTORC1_SIGNALING,FALSE,272,TRUE,Broad race,Black or African American,58,,,TRUE,performance estimated,0.159513288885832,0.233330960984873,0.493383370758867,,,,,
continuous,rna_pathway_activity,KIRP,HALLMARK_MTORC1_SIGNALING,FALSE,272,TRUE,Broad race,Missing,13,,,FALSE,demographic field missing,,,,,,,,
continuous,rna_pathway_activity,KIRP,HALLMARK_MTORC1_SIGNALING,FALSE,272,TRUE,Broad race,Other recorded race,2,,,FALSE,fewer than 50 subgroup patients,,,,,,,,
continuous,rna_pathway_activity,KIRP,HALLMARK_MTORC1_SIGNALING,FALSE,272,TRUE,Broad race,White,193,,,TRUE,performance estimated,0.344416146479745,0.248332374703941,0.62794021419796,,,,,
continuous,rna_pathway_activity,KIRP,HALLMARK_MTORC1_SIGNALING,FALSE,272,TRUE,Recorded sex,FEMALE,71,,,TRUE,performance estimated,0.361707566645212,0.235753170998328,0.62131455399061,,,,,
continuous,rna_pathway_activity,KIRP,HALLMARK_MTORC1_SIGNALING,FALSE,272,TRUE,Recorded sex,MALE,201,,,TRUE,performance estimated,0.270987395590667,0.257900377244048,0.565904832274272,,,,,
continuous,rna_pathway_activity,KIRP,HALLMARK_MYC_TARGETS_V1,FALSE,272,TRUE,Broad race,Asian,6,,,FALSE,fewer than 50 subgroup patients,,,,,,,,
continuous,rna_pathway_activity,KIRP,HALLMARK_MYC_TARGETS_V1,FALSE,272,TRUE,Broad race,Black or African American,58,,,TRUE,performance estimated,0.0726003548304639,0.369486723666361,0.292023747269987,,,,,
continuous,rna_pathway_activity,KIRP,HALLMARK_MYC_TARGETS_V1,FALSE,272,TRUE,Broad race,Missing,13,,,FALSE,demographic field missing,,,,,,,,
continuous,rna_pathway_activity,KIRP,HALLMARK_MYC_TARGETS_V1,FALSE,272,TRUE,Broad race,Other recorded race,2,,,FALSE,fewer than 50 subgroup patients,,,,,,,,
continuous,rna_pathway_activity,KIRP,HALLMARK_MYC_TARGETS_V1,FALSE,272,TRUE,Broad race,White,193,,,TRUE,performance estimated,0.161010175945233,0.396946731958455,0.354234549436462,,,,,
continuous,rna_pathway_activity,KIRP,HALLMARK_MYC_TARGETS_V1,FALSE,272,TRUE,Recorded sex,FEMALE,71,,,TRUE,performance estimated,0.207103641672617,0.406384218746734,0.479094567404427,,,,,
continuous,rna_pathway_activity,KIRP,HALLMARK_MYC_TARGETS_V1,FALSE,272,TRUE,Recorded sex,MALE,201,,,TRUE,performance estimated,0.0958381851315197,0.388956722393397,0.304732673267327,,,,,
continuous,rna_pathway_activity,KIRP,HALLMARK_MYC_TARGETS_V2,FALSE,272,TRUE,Broad race,Asian,6,,,FALSE,fewer than 50 subgroup patients,,,,,,,,
continuous,rna_pathway_activity,KIRP,HALLMARK_MYC_TARGETS_V2,FALSE,272,TRUE,Broad race,Black or African American,58,,,TRUE,performance estimated,0.249029290403367,0.390055285566786,0.476403457504076,,,,,
continuous,rna_pathway_activity,KIRP,HALLMARK_MYC_TARGETS_V2,FALSE,272,TRUE,Broad race,Missing,13,,,FALSE,demographic field missing,,,,,,,,
continuous,rna_pathway_activity,KIRP,HALLMARK_MYC_TARGETS_V2,FALSE,272,TRUE,Broad race,Other recorded race,2,,,FALSE,fewer than 50 subgroup patients,,,,,,,,
continuous,rna_pathway_activity,KIRP,HALLMARK_MYC_TARGETS_V2,FALSE,272,TRUE,Broad race,White,193,,,TRUE,performance estimated,0.204011526208734,0.390824222529445,0.404567731424603,,,,,
continuous,rna_pathway_activity,KIRP,HALLMARK_MYC_TARGETS_V2,FALSE,272,TRUE,Recorded sex,FEMALE,71,,,TRUE,performance estimated,0.328978574359627,0.443538330307501,0.606975184439973,,,,,
continuous,rna_pathway_activity,KIRP,HALLMARK_MYC_TARGETS_V2,FALSE,272,TRUE,Recorded sex,MALE,201,,,TRUE,performance estimated,0.182310659814805,0.362607821592965,0.376828136544998,,,,,
continuous,rna_pathway_activity,KIRP,HALLMARK_OXIDATIVE_PHOSPHORYLATION,FALSE,272,TRUE,Broad race,Asian,6,,,FALSE,fewer than 50 subgroup patients,,,,,,,,
continuous,rna_pathway_activity,KIRP,HALLMARK_OXIDATIVE_PHOSPHORYLATION,FALSE,272,TRUE,Broad race,Black or African American,58,,,TRUE,performance estimated,0.245934411063205,0.468453017933807,0.519443846319481,,,,,
continuous,rna_pathway_activity,KIRP,HALLMARK_OXIDATIVE_PHOSPHORYLATION,FALSE,272,TRUE,Broad race,Missing,13,,,FALSE,demographic field missing,,,,,,,,
continuous,rna_pathway_activity,KIRP,HALLMARK_OXIDATIVE_PHOSPHORYLATION,FALSE,272,TRUE,Broad race,Other recorded race,2,,,FALSE,fewer than 50 subgroup patients,,,,,,,,
continuous,rna_pathway_activity,KIRP,HALLMARK_OXIDATIVE_PHOSPHORYLATION,FALSE,272,TRUE,Broad race,White,193,,,TRUE,performance estimated,0.407700111498814,0.453901254415553,0.6385028844613,,,,,
continuous,rna_pathway_activity,KIRP,HALLMARK_OXIDATIVE_PHOSPHORYLATION,FALSE,272,TRUE,Recorded sex,FEMALE,71,,,TRUE,performance estimated,0.367814631610287,0.519104476447433,0.5959825620389,,,,,
continuous,rna_pathway_activity,KIRP,HALLMARK_OXIDATIVE_PHOSPHORYLATION,FALSE,272,TRUE,Recorded sex,MALE,201,,,TRUE,performance estimated,0.332283785375527,0.442491293348998,0.588582237328211,,,,,
continuous,rna_pathway_activity,KIRP,HALLMARK_PEROXISOME,FALSE,272,TRUE,Broad race,Asian,6,,,FALSE,fewer than 50 subgroup patients,,,,,,,,
continuous,rna_pathway_activity,KIRP,HALLMARK_PEROXISOME,FALSE,272,TRUE,Broad race,Black or African American,58,,,TRUE,performance estimated,0.260708492949643,0.154783300101752,0.574382478698207,,,,,
continuous,rna_pathway_activity,KIRP,HALLMARK_PEROXISOME,FALSE,272,TRUE,Broad race,Missing,13,,,FALSE,demographic field missing,,,,,,,,
continuous,rna_pathway_activity,KIRP,HALLMARK_PEROXISOME,FALSE,272,TRUE,Broad race,Other recorded race,2,,,FALSE,fewer than 50 subgroup patients,,,,,,,,
continuous,rna_pathway_activity,KIRP,HALLMARK_PEROXISOME,FALSE,272,TRUE,Broad race,White,193,,,TRUE,performance estimated,0.370083607364856,0.172300252250438,0.618643501949682,,,,,
continuous,rna_pathway_activity,KIRP,HALLMARK_PEROXISOME,FALSE,272,TRUE,Recorded sex,FEMALE,71,,,TRUE,performance estimated,0.323657747213224,0.158737112433994,0.549315895372233,,,,,
continuous,rna_pathway_activity,KIRP,HALLMARK_PEROXISOME,FALSE,272,TRUE,Recorded sex,MALE,201,,,TRUE,performance estimated,0.351352831967271,0.177740613644539,0.601796955814985,,,,,
continuous,rna_pathway_activity,KIRP,HALLMARK_PI3K_AKT_MTOR_SIGNALING,FALSE,272,TRUE,Broad race,Asian,6,,,FALSE,fewer than 50 subgroup patients,,,,,,,,
continuous,rna_pathway_activity,KIRP,HALLMARK_PI3K_AKT_MTOR_SIGNALING,FALSE,272,TRUE,Broad race,Black or African American,58,,,TRUE,performance estimated,-0.19090052202805,0.160793192836347,0.192617429019656,,,,,
continuous,rna_pathway_activity,KIRP,HALLMARK_PI3K_AKT_MTOR_SIGNALING,FALSE,272,TRUE,Broad race,Missing,13,,,FALSE,demographic field missing,,,,,,,,
continuous,rna_pathway_activity,KIRP,HALLMARK_PI3K_AKT_MTOR_SIGNALING,FALSE,272,TRUE,Broad race,Other recorded race,2,,,FALSE,fewer than 50 subgroup patients,,,,,,,,
continuous,rna_pathway_activity,KIRP,HALLMARK_PI3K_AKT_MTOR_SIGNALING,FALSE,272,TRUE,Broad race,White,193,,,TRUE,performance estimated,0.154206459632155,0.162456502267863,0.409915669568933,,,,,
continuous,rna_pathway_activity,KIRP,HALLMARK_PI3K_AKT_MTOR_SIGNALING,FALSE,272,TRUE,Recorded sex,FEMALE,71,,,TRUE,performance estimated,-0.00876847703234487,0.176927914646519,0.338443997317237,,,,,
continuous,rna_pathway_activity,KIRP,HALLMARK_PI3K_AKT_MTOR_SIGNALING,FALSE,272,TRUE,Recorded sex,MALE,201,,,TRUE,performance estimated,0.146741958293468,0.160709596164521,0.395490172897887,,,,,
continuous,rna_pathway_activity,KIRP,HALLMARK_REACTIVE_OXYGEN_SPECIES_PATHWAY,FALSE,272,TRUE,Broad race,Asian,6,,,FALSE,fewer than 50 subgroup patients,,,,,,,,
continuous,rna_pathway_activity,KIRP,HALLMARK_REACTIVE_OXYGEN_SPECIES_PATHWAY,FALSE,272,TRUE,Broad race,Black or African American,58,,,TRUE,performance estimated,0.235538081124868,0.302610437044095,0.501553415977114,,,,,
continuous,rna_pathway_activity,KIRP,HALLMARK_REACTIVE_OXYGEN_SPECIES_PATHWAY,FALSE,272,TRUE,Broad race,Missing,13,,,FALSE,demographic field missing,,,,,,,,
continuous,rna_pathway_activity,KIRP,HALLMARK_REACTIVE_OXYGEN_SPECIES_PATHWAY,FALSE,272,TRUE,Broad race,Other recorded race,2,,,FALSE,fewer than 50 subgroup patients,,,,,,,,
continuous,rna_pathway_activity,KIRP,HALLMARK_REACTIVE_OXYGEN_SPECIES_PATHWAY,FALSE,272,TRUE,Broad race,White,193,,,TRUE,performance estimated,0.379458828186323,0.315681163703731,0.611478419956199,,,,,
continuous,rna_pathway_activity,KIRP,HALLMARK_REACTIVE_OXYGEN_SPECIES_PATHWAY,FALSE,272,TRUE,Recorded sex,FEMALE,71,,,TRUE,performance estimated,0.271797420495794,0.328157000047401,0.519409792085848,,,,,
continuous,rna_pathway_activity,KIRP,HALLMARK_REACTIVE_OXYGEN_SPECIES_PATHWAY,FALSE,272,TRUE,Recorded sex,MALE,201,,,TRUE,performance estimated,0.377888928068578,0.304900253269834,0.606771686123836,,,,,
continuous,rna_pathway_activity,KIRP,HALLMARK_UNFOLDED_PROTEIN_RESPONSE,FALSE,272,TRUE,Broad race,Asian,6,,,FALSE,fewer than 50 subgroup patients,,,,,,,,
continuous,rna_pathway_activity,KIRP,HALLMARK_UNFOLDED_PROTEIN_RESPONSE,FALSE,272,TRUE,Broad race,Black or African American,58,,,TRUE,performance estimated,0.343965871202764,0.198949289854897,0.655824540896367,,,,,
continuous,rna_pathway_activity,KIRP,HALLMARK_UNFOLDED_PROTEIN_RESPONSE,FALSE,272,TRUE,Broad race,Missing,13,,,FALSE,demographic field missing,,,,,,,,
continuous,rna_pathway_activity,KIRP,HALLMARK_UNFOLDED_PROTEIN_RESPONSE,FALSE,272,TRUE,Broad race,Other recorded race,2,,,FALSE,fewer than 50 subgroup patients,,,,,,,,
continuous,rna_pathway_activity,KIRP,HALLMARK_UNFOLDED_PROTEIN_RESPONSE,FALSE,272,TRUE,Broad race,White,193,,,TRUE,performance estimated,0.339997187153919,0.21291903188427,0.592970127129961,,,,,
continuous,rna_pathway_activity,KIRP,HALLMARK_UNFOLDED_PROTEIN_RESPONSE,FALSE,272,TRUE,Recorded sex,FEMALE,71,,,TRUE,performance estimated,0.444870121808268,0.20636863182035,0.727981220657277,,,,,
continuous,rna_pathway_activity,KIRP,HALLMARK_UNFOLDED_PROTEIN_RESPONSE,FALSE,272,TRUE,Recorded sex,MALE,201,,,TRUE,performance estimated,0.257842068220658,0.217391172792447,0.523943254026895,,,,,
continuous,rna_pathway_activity,KIRP,HALLMARK_UV_RESPONSE_UP,FALSE,272,TRUE,Broad race,Asian,6,,,FALSE,fewer than 50 subgroup patients,,,,,,,,
continuous,rna_pathway_activity,KIRP,HALLMARK_UV_RESPONSE_UP,FALSE,272,TRUE,Broad race,Black or African American,58,,,TRUE,performance estimated,-0.0294698482124477,0.166217551504904,0.395601218124212,,,,,
continuous,rna_pathway_activity,KIRP,HALLMARK_UV_RESPONSE_UP,FALSE,272,TRUE,Broad race,Missing,13,,,FALSE,demographic field missing,,,,,,,,
continuous,rna_pathway_activity,KIRP,HALLMARK_UV_RESPONSE_UP,FALSE,272,TRUE,Broad race,Other recorded race,2,,,FALSE,fewer than 50 subgroup patients,,,,,,,,
continuous,rna_pathway_activity,KIRP,HALLMARK_UV_RESPONSE_UP,FALSE,272,TRUE,Broad race,White,193,,,TRUE,performance estimated,0.202119238334876,0.178172624645835,0.430004072966188,,,,,
continuous,rna_pathway_activity,KIRP,HALLMARK_UV_RESPONSE_UP,FALSE,272,TRUE,Recorded sex,FEMALE,71,,,TRUE,performance estimated,0.244712944493549,0.196254285706125,0.46878604963112,,,,,
continuous,rna_pathway_activity,KIRP,HALLMARK_UV_RESPONSE_UP,FALSE,272,TRUE,Recorded sex,MALE,201,,,TRUE,performance estimated,0.181107888838475,0.169532492622953,0.426717009014334,,,,,
continuous,rna_pathway_activity,KIRP,HALLMARK_XENOBIOTIC_METABOLISM,FALSE,272,TRUE,Broad race,Asian,6,,,FALSE,fewer than 50 subgroup patients,,,,,,,,
continuous,rna_pathway_activity,KIRP,HALLMARK_XENOBIOTIC_METABOLISM,FALSE,272,TRUE,Broad race,Black or African American,58,,,TRUE,performance estimated,0.375849629691486,0.155733769577076,0.542662032052662,,,,,
continuous,rna_pathway_activity,KIRP,HALLMARK_XENOBIOTIC_METABOLISM,FALSE,272,TRUE,Broad race,Missing,13,,,FALSE,demographic field missing,,,,,,,,
continuous,rna_pathway_activity,KIRP,HALLMARK_XENOBIOTIC_METABOLISM,FALSE,272,TRUE,Broad race,Other recorded race,2,,,FALSE,fewer than 50 subgroup patients,,,,,,,,
continuous,rna_pathway_activity,KIRP,HALLMARK_XENOBIOTIC_METABOLISM,FALSE,272,TRUE,Broad race,White,193,,,TRUE,performance estimated,0.417777538664911,0.178416962304592,0.632296284920677,,,,,
continuous,rna_pathway_activity,KIRP,HALLMARK_XENOBIOTIC_METABOLISM,FALSE,272,TRUE,Recorded sex,FEMALE,71,,,TRUE,performance estimated,0.414268997281181,0.163747164009646,0.617907444668008,,,,,
continuous,rna_pathway_activity,KIRP,HALLMARK_XENOBIOTIC_METABOLISM,FALSE,272,TRUE,Recorded sex,MALE,201,,,TRUE,performance estimated,0.386666626137001,0.183107188590928,0.611097975469189,,,,,
continuous,rna_pathway_activity,KIRP,REACTOME_GLUTATHIONE_SYNTHESIS_AND_RECYCLING,FALSE,272,TRUE,Broad race,Asian,6,,,FALSE,fewer than 50 subgroup patients,,,,,,,,
continuous,rna_pathway_activity,KIRP,REACTOME_GLUTATHIONE_SYNTHESIS_AND_RECYCLING,FALSE,272,TRUE,Broad race,Black or African American,58,,,TRUE,performance estimated,0.238367309740045,0.29559900737209,0.487329662554985,,,,,
continuous,rna_pathway_activity,KIRP,REACTOME_GLUTATHIONE_SYNTHESIS_AND_RECYCLING,FALSE,272,TRUE,Broad race,Missing,13,,,FALSE,demographic field missing,,,,,,,,
continuous,rna_pathway_activity,KIRP,REACTOME_GLUTATHIONE_SYNTHESIS_AND_RECYCLING,FALSE,272,TRUE,Broad race,Other recorded race,2,,,FALSE,fewer than 50 subgroup patients,,,,,,,,
continuous,rna_pathway_activity,KIRP,REACTOME_GLUTATHIONE_SYNTHESIS_AND_RECYCLING,FALSE,272,TRUE,Broad race,White,193,,,TRUE,performance estimated,0.191228881705482,0.29077882685194,0.455705825009348,,,,,
continuous,rna_pathway_activity,KIRP,REACTOME_GLUTATHIONE_SYNTHESIS_AND_RECYCLING,FALSE,272,TRUE,Recorded sex,FEMALE,71,,,TRUE,performance estimated,0.157023097546498,0.302267192267366,0.403729040912139,,,,,
continuous,rna_pathway_activity,KIRP,REACTOME_GLUTATHIONE_SYNTHESIS_AND_RECYCLING,FALSE,272,TRUE,Recorded sex,MALE,201,,,TRUE,performance estimated,0.211949898490853,0.290538091025633,0.476447170090143,,,,,
continuous,rna_pathway_activity,LGG,GOBP_VITAMIN_B6_METABOLIC_PROCESS,FALSE,490,TRUE,Broad race,Asian,7,,,FALSE,fewer than 50 subgroup patients,,,,,,,,
continuous,rna_pathway_activity,LGG,GOBP_VITAMIN_B6_METABOLIC_PROCESS,FALSE,490,TRUE,Broad race,Black or African American,20,,,FALSE,fewer than 50 subgroup patients,,,,,,,,
continuous,rna_pathway_activity,LGG,GOBP_VITAMIN_B6_METABOLIC_PROCESS,FALSE,490,TRUE,Broad race,Missing,11,,,FALSE,demographic field missing,,,,,,,,
continuous,rna_pathway_activity,LGG,GOBP_VITAMIN_B6_METABOLIC_PROCESS,FALSE,490,TRUE,Broad race,Other recorded race,1,,,FALSE,fewer than 50 subgroup patients,,,,,,,,
continuous,rna_pathway_activity,LGG,GOBP_VITAMIN_B6_METABOLIC_PROCESS,FALSE,490,TRUE,Broad race,White,451,,,TRUE,performance estimated,0.283653990262325,0.469717964775634,0.479405712641197,,,,,
continuous,rna_pathway_activity,LGG,GOBP_VITAMIN_B6_METABOLIC_PROCESS,FALSE,490,TRUE,Recorded sex,FEMALE,218,,,TRUE,performance estimated,0.312878398744702,0.473370556985275,0.505777424625102,,,,,
continuous,rna_pathway_activity,LGG,GOBP_VITAMIN_B6_METABOLIC_PROCESS,FALSE,490,TRUE,Recorded sex,MALE,271,,,TRUE,performance estimated,0.284368551312787,0.465170232556403,0.483046209873863,,,,,
continuous,rna_pathway_activity,LGG,GOBP_VITAMIN_B6_METABOLIC_PROCESS,FALSE,490,TRUE,Recorded sex,Missing,1,,,FALSE,demographic field missing,,,,,,,,
continuous,rna_pathway_activity,LGG,HALLMARK_ALLOGRAFT_REJECTION,FALSE,490,TRUE,Broad race,Asian,7,,,FALSE,fewer than 50 subgroup patients,,,,,,,,
continuous,rna_pathway_activity,LGG,HALLMARK_ALLOGRAFT_REJECTION,FALSE,490,TRUE,Broad race,Black or African American,20,,,FALSE,fewer than 50 subgroup patients,,,,,,,,
continuous,rna_pathway_activity,LGG,HALLMARK_ALLOGRAFT_REJECTION,FALSE,490,TRUE,Broad race,Missing,11,,,FALSE,demographic field missing,,,,,,,,
continuous,rna_pathway_activity,LGG,HALLMARK_ALLOGRAFT_REJECTION,FALSE,490,TRUE,Broad race,Other recorded race,1,,,FALSE,fewer than 50 subgroup patients,,,,,,,,
continuous,rna_pathway_activity,LGG,HALLMARK_ALLOGRAFT_REJECTION,FALSE,490,TRUE,Broad race,White,451,,,TRUE,performance estimated,0.363902114817375,0.359257309268406,0.608659825101871,,,,,
continuous,rna_pathway_activity,LGG,HALLMARK_ALLOGRAFT_REJECTION,FALSE,490,TRUE,Recorded sex,FEMALE,218,,,TRUE,performance estimated,0.355800552415171,0.363548113723016,0.56504274994223,,,,,
continuous,rna_pathway_activity,LGG,HALLMARK_ALLOGRAFT_REJECTION,FALSE,490,TRUE,Recorded sex,MALE,271,,,TRUE,performance estimated,0.356558198980609,0.359686867472313,0.621872633432217,,,,,
continuous,rna_pathway_activity,LGG,HALLMARK_ALLOGRAFT_REJECTION,FALSE,490,TRUE,Recorded sex,Missing,1,,,FALSE,demographic field missing,,,,,,,,
continuous,rna_pathway_activity,LGG,HALLMARK_ANGIOGENESIS,FALSE,490,TRUE,Broad race,Asian,7,,,FALSE,fewer than 50 subgroup patients,,,,,,,,
continuous,rna_pathway_activity,LGG,HALLMARK_ANGIOGENESIS,FALSE,490,TRUE,Broad race,Black or African American,20,,,FALSE,fewer than 50 subgroup patients,,,,,,,,
continuous,rna_pathway_activity,LGG,HALLMARK_ANGIOGENESIS,FALSE,490,TRUE,Broad race,Missing,11,,,FALSE,demographic field missing,,,,,,,,
continuous,rna_pathway_activity,LGG,HALLMARK_ANGIOGENESIS,FALSE,490,TRUE,Broad race,Other recorded race,1,,,FALSE,fewer than 50 subgroup patients,,,,,,,,
continuous,rna_pathway_activity,LGG,HALLMARK_ANGIOGENESIS,FALSE,490,TRUE,Broad race,White,451,,,TRUE,performance estimated,0.386622205018558,0.312505514551031,0.552836633112912,,,,,
continuous,rna_pathway_activity,LGG,HALLMARK_ANGIOGENESIS,FALSE,490,TRUE,Recorded sex,FEMALE,218,,,TRUE,performance estimated,0.41286554804573,0.3036712057472,0.56329904573488,,,,,
continuous,rna_pathway_activity,LGG,HALLMARK_ANGIOGENESIS,FALSE,490,TRUE,Recorded sex,MALE,271,,,TRUE,performance estimated,0.360839513498562,0.318308532684603,0.535219834551287,,,,,
continuous,rna_pathway_activity,LGG,HALLMARK_ANGIOGENESIS,FALSE,490,TRUE,Recorded sex,Missing,1,,,FALSE,demographic field missing,,,,,,,,
continuous,rna_pathway_activity,LGG,HALLMARK_APOPTOSIS,FALSE,490,TRUE,Broad race,Asian,7,,,FALSE,fewer than 50 subgroup patients,,,,,,,,
continuous,rna_pathway_activity,LGG,HALLMARK_APOPTOSIS,FALSE,490,TRUE,Broad race,Black or African American,20,,,FALSE,fewer than 50 subgroup patients,,,,,,,,
continuous,rna_pathway_activity,LGG,HALLMARK_APOPTOSIS,FALSE,490,TRUE,Broad race,Missing,11,,,FALSE,demographic field missing,,,,,,,,
continuous,rna_pathway_activity,LGG,HALLMARK_APOPTOSIS,FALSE,490,TRUE,Broad race,Other recorded race,1,,,FALSE,fewer than 50 subgroup patients,,,,,,,,
continuous,rna_pathway_activity,LGG,HALLMARK_APOPTOSIS,FALSE,490,TRUE,Broad race,White,451,,,TRUE,performance estimated,0.337882379584121,0.238083398695616,0.578150292041939,,,,,
continuous,rna_pathway_activity,LGG,HALLMARK_APOPTOSIS,FALSE,490,TRUE,Recorded sex,FEMALE,218,,,TRUE,performance estimated,0.343003554136486,0.248835225657507,0.569629384670716,,,,,
continuous,rna_pathway_activity,LGG,HALLMARK_APOPTOSIS,FALSE,490,TRUE,Recorded sex,MALE,271,,,TRUE,performance estimated,0.328885524911982,0.2336382777371,0.578084195547838,,,,,
continuous,rna_pathway_activity,LGG,HALLMARK_APOPTOSIS,FALSE,490,TRUE,Recorded sex,Missing,1,,,FALSE,demographic field missing,,,,,,,,
continuous,rna_pathway_activity,LGG,HALLMARK_BILE_ACID_METABOLISM,FALSE,490,TRUE,Broad race,Asian,7,,,FALSE,fewer than 50 subgroup patients,,,,,,,,
continuous,rna_pathway_activity,LGG,HALLMARK_BILE_ACID_METABOLISM,FALSE,490,TRUE,Broad race,Black or African American,20,,,FALSE,fewer than 50 subgroup patients,,,,,,,,
continuous,rna_pathway_activity,LGG,HALLMARK_BILE_ACID_METABOLISM,FALSE,490,TRUE,Broad race,Missing,11,,,FALSE,demographic field missing,,,,,,,,
continuous,rna_pathway_activity,LGG,HALLMARK_BILE_ACID_METABOLISM,FALSE,490,TRUE,Broad race,Other recorded race,1,,,FALSE,fewer than 50 subgroup patients,,,,,,,,
continuous,rna_pathway_activity,LGG,HALLMARK_BILE_ACID_METABOLISM,FALSE,490,TRUE,Broad race,White,451,,,TRUE,performance estimated,0.22270239292882,0.213226980409586,0.440068912740616,,,,,
continuous,rna_pathway_activity,LGG,HALLMARK_BILE_ACID_METABOLISM,FALSE,490,TRUE,Recorded sex,FEMALE,218,,,TRUE,performance estimated,0.263774630739847,0.216860417873699,0.463415860248837,,,,,
continuous,rna_pathway_activity,LGG,HALLMARK_BILE_ACID_METABOLISM,FALSE,490,TRUE,Recorded sex,MALE,271,,,TRUE,performance estimated,0.263807860545744,0.214336493566097,0.486576586354099,,,,,
continuous,rna_pathway_activity,LGG,HALLMARK_BILE_ACID_METABOLISM,FALSE,490,TRUE,Recorded sex,Missing,1,,,FALSE,demographic field missing,,,,,,,,
continuous,rna_pathway_activity,LGG,HALLMARK_COAGULATION,FALSE,490,TRUE,Broad race,Asian,7,,,FALSE,fewer than 50 subgroup patients,,,,,,,,
continuous,rna_pathway_activity,LGG,HALLMARK_COAGULATION,FALSE,490,TRUE,Broad race,Black or African American,20,,,FALSE,fewer than 50 subgroup patients,,,,,,,,
continuous,rna_pathway_activity,LGG,HALLMARK_COAGULATION,FALSE,490,TRUE,Broad race,Missing,11,,,FALSE,demographic field missing,,,,,,,,
continuous,rna_pathway_activity,LGG,HALLMARK_COAGULATION,FALSE,490,TRUE,Broad race,Other recorded race,1,,,FALSE,fewer than 50 subgroup patients,,,,,,,,
continuous,rna_pathway_activity,LGG,HALLMARK_COAGULATION,FALSE,490,TRUE,Broad race,White,451,,,TRUE,performance estimated,0.356598819122014,0.251888224122037,0.575241331946706,,,,,
continuous,rna_pathway_activity,LGG,HALLMARK_COAGULATION,FALSE,490,TRUE,Recorded sex,FEMALE,218,,,TRUE,performance estimated,0.351642926479667,0.249239050351422,0.56146568913903,,,,,
continuous,rna_pathway_activity,LGG,HALLMARK_COAGULATION,FALSE,490,TRUE,Recorded sex,MALE,271,,,TRUE,performance estimated,0.362339198524039,0.262847478997733,0.584554783783132,,,,,
continuous,rna_pathway_activity,LGG,HALLMARK_COAGULATION,FALSE,490,TRUE,Recorded sex,Missing,1,,,FALSE,demographic field missing,,,,,,,,
continuous,rna_pathway_activity,LGG,HALLMARK_COMPLEMENT,FALSE,490,TRUE,Broad race,Asian,7,,,FALSE,fewer than 50 subgroup patients,,,,,,,,
continuous,rna_pathway_activity,LGG,HALLMARK_COMPLEMENT,FALSE,490,TRUE,Broad race,Black or African American,20,,,FALSE,fewer than 50 subgroup patients,,,,,,,,
continuous,rna_pathway_activity,LGG,HALLMARK_COMPLEMENT,FALSE,490,TRUE,Broad race,Missing,11,,,FALSE,demographic field missing,,,,,,,,
continuous,rna_pathway_activity,LGG,HALLMARK_COMPLEMENT,FALSE,490,TRUE,Broad race,Other recorded race,1,,,FALSE,fewer than 50 subgroup patients,,,,,,,,
continuous,rna_pathway_activity,LGG,HALLMARK_COMPLEMENT,FALSE,490,TRUE,Broad race,White,451,,,TRUE,performance estimated,0.353614856647071,0.255454366368581,0.590683175375599,,,,,
continuous,rna_pathway_activity,LGG,HALLMARK_COMPLEMENT,FALSE,490,TRUE,Recorded sex,FEMALE,218,,,TRUE,performance estimated,0.381879472244697,0.253849229443397,0.589126578400377,,,,,
continuous,rna_pathway_activity,LGG,HALLMARK_COMPLEMENT,FALSE,490,TRUE,Recorded sex,MALE,271,,,TRUE,performance estimated,0.339363881318687,0.257803726369137,0.580176181173576,,,,,
continuous,rna_pathway_activity,LGG,HALLMARK_COMPLEMENT,FALSE,490,TRUE,Recorded sex,Missing,1,,,FALSE,demographic field missing,,,,,,,,
continuous,rna_pathway_activity,LGG,HALLMARK_E2F_TARGETS,FALSE,490,TRUE,Broad race,Asian,7,,,FALSE,fewer than 50 subgroup patients,,,,,,,,
continuous,rna_pathway_activity,LGG,HALLMARK_E2F_TARGETS,FALSE,490,TRUE,Broad race,Black or African American,20,,,FALSE,fewer than 50 subgroup patients,,,,,,,,
continuous,rna_pathway_activity,LGG,HALLMARK_E2F_TARGETS,FALSE,490,TRUE,Broad race,Missing,11,,,FALSE,demographic field missing,,,,,,,,
continuous,rna_pathway_activity,LGG,HALLMARK_E2F_TARGETS,FALSE,490,TRUE,Broad race,Other recorded race,1,,,FALSE,fewer than 50 subgroup patients,,,,,,,,
continuous,rna_pathway_activity,LGG,HALLMARK_E2F_TARGETS,FALSE,490,TRUE,Broad race,White,451,,,TRUE,performance estimated,0.309037701764631,0.451362319691048,0.473242470027275,,,,,
continuous,rna_pathway_activity,LGG,HALLMARK_E2F_TARGETS,FALSE,490,TRUE,Recorded sex,FEMALE,218,,,TRUE,performance estimated,0.375699019753488,0.471211470487316,0.512025292629913,,,,,
continuous,rna_pathway_activity,LGG,HALLMARK_E2F_TARGETS,FALSE,490,TRUE,Recorded sex,MALE,271,,,TRUE,performance estimated,0.246029531420048,0.435732214084021,0.469073511323349,,,,,
continuous,rna_pathway_activity,LGG,HALLMARK_E2F_TARGETS,FALSE,490,TRUE,Recorded sex,Missing,1,,,FALSE,demographic field missing,,,,,,,,
continuous,rna_pathway_activity,LGG,HALLMARK_EPITHELIAL_MESENCHYMAL_TRANSITION,FALSE,490,TRUE,Broad race,Asian,7,,,FALSE,fewer than 50 subgroup patients,,,,,,,,
continuous,rna_pathway_activity,LGG,HALLMARK_EPITHELIAL_MESENCHYMAL_TRANSITION,FALSE,490,TRUE,Broad race,Black or African American,20,,,FALSE,fewer than 50 subgroup patients,,,,,,,,
continuous,rna_pathway_activity,LGG,HALLMARK_EPITHELIAL_MESENCHYMAL_TRANSITION,FALSE,490,TRUE,Broad race,Missing,11,,,FALSE,demographic field missing,,,,,,,,
continuous,rna_pathway_activity,LGG,HALLMARK_EPITHELIAL_MESENCHYMAL_TRANSITION,FALSE,490,TRUE,Broad race,Other recorded race,1,,,FALSE,fewer than 50 subgroup patients,,,,,,,,
continuous,rna_pathway_activity,LGG,HALLMARK_EPITHELIAL_MESENCHYMAL_TRANSITION,FALSE,490,TRUE,Broad race,White,451,,,TRUE,performance estimated,0.383651380069399,0.312020600721643,0.591414320193081,,,,,
continuous,rna_pathway_activity,LGG,HALLMARK_EPITHELIAL_MESENCHYMAL_TRANSITION,FALSE,490,TRUE,Recorded sex,FEMALE,218,,,TRUE,performance estimated,0.411898407270395,0.305557568107881,0.585232143508686,,,,,
continuous,rna_pathway_activity,LGG,HALLMARK_EPITHELIAL_MESENCHYMAL_TRANSITION,FALSE,490,TRUE,Recorded sex,MALE,271,,,TRUE,performance estimated,0.354960905395313,0.322606256017971,0.575663241926537,,,,,
continuous,rna_pathway_activity,LGG,HALLMARK_EPITHELIAL_MESENCHYMAL_TRANSITION,FALSE,490,TRUE,Recorded sex,Missing,1,,,FALSE,demographic field missing,,,,,,,,
continuous,rna_pathway_activity,LGG,HALLMARK_ESTROGEN_RESPONSE_LATE,FALSE,490,TRUE,Broad race,Asian,7,,,FALSE,fewer than 50 subgroup patients,,,,,,,,
continuous,rna_pathway_activity,LGG,HALLMARK_ESTROGEN_RESPONSE_LATE,FALSE,490,TRUE,Broad race,Black or African American,20,,,FALSE,fewer than 50 subgroup patients,,,,,,,,
continuous,rna_pathway_activity,LGG,HALLMARK_ESTROGEN_RESPONSE_LATE,FALSE,490,TRUE,Broad race,Missing,11,,,FALSE,demographic field missing,,,,,,,,
continuous,rna_pathway_activity,LGG,HALLMARK_ESTROGEN_RESPONSE_LATE,FALSE,490,TRUE,Broad race,Other recorded race,1,,,FALSE,fewer than 50 subgroup patients,,,,,,,,
continuous,rna_pathway_activity,LGG,HALLMARK_ESTROGEN_RESPONSE_LATE,FALSE,490,TRUE,Broad race,White,451,,,TRUE,performance estimated,0.181130947317464,0.180912871433455,0.412404424124692,,,,,
continuous,rna_pathway_activity,LGG,HALLMARK_ESTROGEN_RESPONSE_LATE,FALSE,490,TRUE,Recorded sex,FEMALE,218,,,TRUE,performance estimated,0.236084246365062,0.194552765386449,0.467970294248637,,,,,
continuous,rna_pathway_activity,LGG,HALLMARK_ESTROGEN_RESPONSE_LATE,FALSE,490,TRUE,Recorded sex,MALE,271,,,TRUE,performance estimated,0.212424108628213,0.176545830828162,0.416517376938475,,,,,
continuous,rna_pathway_activity,LGG,HALLMARK_ESTROGEN_RESPONSE_LATE,FALSE,490,TRUE,Recorded sex,Missing,1,,,FALSE,demographic field missing,,,,,,,,
continuous,rna_pathway_activity,LGG,HALLMARK_FATTY_ACID_METABOLISM,FALSE,490,TRUE,Broad race,Asian,7,,,FALSE,fewer than 50 subgroup patients,,,,,,,,
continuous,rna_pathway_activity,LGG,HALLMARK_FATTY_ACID_METABOLISM,FALSE,490,TRUE,Broad race,Black or African American,20,,,FALSE,fewer than 50 subgroup patients,,,,,,,,
continuous,rna_pathway_activity,LGG,HALLMARK_FATTY_ACID_METABOLISM,FALSE,490,TRUE,Broad race,Missing,11,,,FALSE,demographic field missing,,,,,,,,
continuous,rna_pathway_activity,LGG,HALLMARK_FATTY_ACID_METABOLISM,FALSE,490,TRUE,Broad race,Other recorded race,1,,,FALSE,fewer than 50 subgroup patients,,,,,,,,
continuous,rna_pathway_activity,LGG,HALLMARK_FATTY_ACID_METABOLISM,FALSE,490,TRUE,Broad race,White,451,,,TRUE,performance estimated,0.160614007013284,0.195460514359935,0.400881763894067,,,,,
continuous,rna_pathway_activity,LGG,HALLMARK_FATTY_ACID_METABOLISM,FALSE,490,TRUE,Recorded sex,FEMALE,218,,,TRUE,performance estimated,0.170183763558964,0.200673582441569,0.399749459798027,,,,,
continuous,rna_pathway_activity,LGG,HALLMARK_FATTY_ACID_METABOLISM,FALSE,490,TRUE,Recorded sex,MALE,271,,,TRUE,performance estimated,0.220890808603926,0.195001103297,0.456435014350144,,,,,
continuous,rna_pathway_activity,LGG,HALLMARK_FATTY_ACID_METABOLISM,FALSE,490,TRUE,Recorded sex,Missing,1,,,FALSE,demographic field missing,,,,,,,,
continuous,rna_pathway_activity,LGG,HALLMARK_G2M_CHECKPOINT,FALSE,490,TRUE,Broad race,Asian,7,,,FALSE,fewer than 50 subgroup patients,,,,,,,,
continuous,rna_pathway_activity,LGG,HALLMARK_G2M_CHECKPOINT,FALSE,490,TRUE,Broad race,Black or African American,20,,,FALSE,fewer than 50 subgroup patients,,,,,,,,
continuous,rna_pathway_activity,LGG,HALLMARK_G2M_CHECKPOINT,FALSE,490,TRUE,Broad race,Missing,11,,,FALSE,demographic field missing,,,,,,,,
continuous,rna_pathway_activity,LGG,HALLMARK_G2M_CHECKPOINT,FALSE,490,TRUE,Broad race,Other recorded race,1,,,FALSE,fewer than 50 subgroup patients,,,,,,,,
continuous,rna_pathway_activity,LGG,HALLMARK_G2M_CHECKPOINT,FALSE,490,TRUE,Broad race,White,451,,,TRUE,performance estimated,0.278911115566542,0.419123020872394,0.467503116640177,,,,,
continuous,rna_pathway_activity,LGG,HALLMARK_G2M_CHECKPOINT,FALSE,490,TRUE,Recorded sex,FEMALE,218,,,TRUE,performance estimated,0.350079905687563,0.441873490673348,0.51820250435955,,,,,
continuous,rna_pathway_activity,LGG,HALLMARK_G2M_CHECKPOINT,FALSE,490,TRUE,Recorded sex,MALE,271,,,TRUE,performance estimated,0.227042084667486,0.401699148391013,0.462483660130719,,,,,
continuous,rna_pathway_activity,LGG,HALLMARK_G2M_CHECKPOINT,FALSE,490,TRUE,Recorded sex,Missing,1,,,FALSE,demographic field missing,,,,,,,,
continuous,rna_pathway_activity,LGG,HALLMARK_GLYCOLYSIS,FALSE,490,TRUE,Broad race,Asian,7,,,FALSE,fewer than 50 subgroup patients,,,,,,,,
continuous,rna_pathway_activity,LGG,HALLMARK_GLYCOLYSIS,FALSE,490,TRUE,Broad race,Black or African American,20,,,FALSE,fewer than 50 subgroup patients,,,,,,,,
continuous,rna_pathway_activity,LGG,HALLMARK_GLYCOLYSIS,FALSE,490,TRUE,Broad race,Missing,11,,,FALSE,demographic field missing,,,,,,,,
continuous,rna_pathway_activity,LGG,HALLMARK_GLYCOLYSIS,FALSE,490,TRUE,Broad race,Other recorded race,1,,,FALSE,fewer than 50 subgroup patients,,,,,,,,
continuous,rna_pathway_activity,LGG,HALLMARK_GLYCOLYSIS,FALSE,490,TRUE,Broad race,White,451,,,TRUE,performance estimated,0.355527119077346,0.159433458354167,0.544382238094304,,,,,
continuous,rna_pathway_activity,LGG,HALLMARK_GLYCOLYSIS,FALSE,490,TRUE,Recorded sex,FEMALE,218,,,TRUE,performance estimated,0.337361494130549,0.163743354986445,0.547106017424301,,,,,
continuous,rna_pathway_activity,LGG,HALLMARK_GLYCOLYSIS,FALSE,490,TRUE,Recorded sex,MALE,271,,,TRUE,performance estimated,0.37037278909272,0.159575562530238,0.550183537129489,,,,,
continuous,rna_pathway_activity,LGG,HALLMARK_GLYCOLYSIS,FALSE,490,TRUE,Recorded sex,Missing,1,,,FALSE,demographic field missing,,,,,,,,
continuous,rna_pathway_activity,LGG,HALLMARK_HYPOXIA,FALSE,490,TRUE,Broad race,Asian,7,,,FALSE,fewer than 50 subgroup patients,,,,,,,,
continuous,rna_pathway_activity,LGG,HALLMARK_HYPOXIA,FALSE,490,TRUE,Broad race,Black or African American,20,,,FALSE,fewer than 50 subgroup patients,,,,,,,,
continuous,rna_pathway_activity,LGG,HALLMARK_HYPOXIA,FALSE,490,TRUE,Broad race,Missing,11,,,FALSE,demographic field missing,,,,,,,,
continuous,rna_pathway_activity,LGG,HALLMARK_HYPOXIA,FALSE,490,TRUE,Broad race,Other recorded race,1,,,FALSE,fewer than 50 subgroup patients,,,,,,,,
continuous,rna_pathway_activity,LGG,HALLMARK_HYPOXIA,FALSE,490,TRUE,Broad race,White,451,,,TRUE,performance estimated,0.243279417972715,0.217389652246184,0.492494868826403,,,,,
continuous,rna_pathway_activity,LGG,HALLMARK_HYPOXIA,FALSE,490,TRUE,Recorded sex,FEMALE,218,,,TRUE,performance estimated,0.236251062125841,0.215478255167353,0.484383399481893,,,,,
continuous,rna_pathway_activity,LGG,HALLMARK_HYPOXIA,FALSE,490,TRUE,Recorded sex,MALE,271,,,TRUE,performance estimated,0.239955065913206,0.22348530078105,0.480750307503075,,,,,
continuous,rna_pathway_activity,LGG,HALLMARK_HYPOXIA,FALSE,490,TRUE,Recorded sex,Missing,1,,,FALSE,demographic field missing,,,,,,,,
continuous,rna_pathway_activity,LGG,HALLMARK_IL2_STAT5_SIGNALING,FALSE,490,TRUE,Broad race,Asian,7,,,FALSE,fewer than 50 subgroup patients,,,,,,,,
continuous,rna_pathway_activity,LGG,HALLMARK_IL2_STAT5_SIGNALING,FALSE,490,TRUE,Broad race,Black or African American,20,,,FALSE,fewer than 50 subgroup patients,,,,,,,,
continuous,rna_pathway_activity,LGG,HALLMARK_IL2_STAT5_SIGNALING,FALSE,490,TRUE,Broad race,Missing,11,,,FALSE,demographic field missing,,,,,,,,
continuous,rna_pathway_activity,LGG,HALLMARK_IL2_STAT5_SIGNALING,FALSE,490,TRUE,Broad race,Other recorded race,1,,,FALSE,fewer than 50 subgroup patients,,,,,,,,
continuous,rna_pathway_activity,LGG,HALLMARK_IL2_STAT5_SIGNALING,FALSE,490,TRUE,Broad race,White,451,,,TRUE,performance estimated,0.303496704734306,0.25525950029094,0.543675974072693,,,,,
continuous,rna_pathway_activity,LGG,HALLMARK_IL2_STAT5_SIGNALING,FALSE,490,TRUE,Recorded sex,FEMALE,218,,,TRUE,performance estimated,0.322157971847746,0.256959247218095,0.539085719382232,,,,,
continuous,rna_pathway_activity,LGG,HALLMARK_IL2_STAT5_SIGNALING,FALSE,490,TRUE,Recorded sex,MALE,271,,,TRUE,performance estimated,0.295857954114811,0.25707181133302,0.547224634011046,,,,,
continuous,rna_pathway_activity,LGG,HALLMARK_IL2_STAT5_SIGNALING,FALSE,490,TRUE,Recorded sex,Missing,1,,,FALSE,demographic field missing,,,,,,,,
continuous,rna_pathway_activity,LGG,HALLMARK_IL6_JAK_STAT3_SIGNALING,FALSE,490,TRUE,Broad race,Asian,7,,,FALSE,fewer than 50 subgroup patients,,,,,,,,
continuous,rna_pathway_activity,LGG,HALLMARK_IL6_JAK_STAT3_SIGNALING,FALSE,490,TRUE,Broad race,Black or African American,20,,,FALSE,fewer than 50 subgroup patients,,,,,,,,
continuous,rna_pathway_activity,LGG,HALLMARK_IL6_JAK_STAT3_SIGNALING,FALSE,490,TRUE,Broad race,Missing,11,,,FALSE,demographic field missing,,,,,,,,
continuous,rna_pathway_activity,LGG,HALLMARK_IL6_JAK_STAT3_SIGNALING,FALSE,490,TRUE,Broad race,Other recorded race,1,,,FALSE,fewer than 50 subgroup patients,,,,,,,,
continuous,rna_pathway_activity,LGG,HALLMARK_IL6_JAK_STAT3_SIGNALING,FALSE,490,TRUE,Broad race,White,451,,,TRUE,performance estimated,0.304451572710879,0.400772195309947,0.560906958643199,,,,,
continuous,rna_pathway_activity,LGG,HALLMARK_IL6_JAK_STAT3_SIGNALING,FALSE,490,TRUE,Recorded sex,FEMALE,218,,,TRUE,performance estimated,0.283769920102693,0.412393777391008,0.518329453994946,,,,,
continuous,rna_pathway_activity,LGG,HALLMARK_IL6_JAK_STAT3_SIGNALING,FALSE,490,TRUE,Recorded sex,MALE,271,,,TRUE,performance estimated,0.309274822795967,0.391045988223801,0.570474640040518,,,,,
continuous,rna_pathway_activity,LGG,HALLMARK_IL6_JAK_STAT3_SIGNALING,FALSE,490,TRUE,Recorded sex,Missing,1,,,FALSE,demographic field missing,,,,,,,,
continuous,rna_pathway_activity,LGG,HALLMARK_INFLAMMATORY_RESPONSE,FALSE,490,TRUE,Broad race,Asian,7,,,FALSE,fewer than 50 subgroup patients,,,,,,,,
continuous,rna_pathway_activity,LGG,HALLMARK_INFLAMMATORY_RESPONSE,FALSE,490,TRUE,Broad race,Black or African American,20,,,FALSE,fewer than 50 subgroup patients,,,,,,,,
continuous,rna_pathway_activity,LGG,HALLMARK_INFLAMMATORY_RESPONSE,FALSE,490,TRUE,Broad race,Missing,11,,,FALSE,demographic field missing,,,,,,,,
continuous,rna_pathway_activity,LGG,HALLMARK_INFLAMMATORY_RESPONSE,FALSE,490,TRUE,Broad race,Other recorded race,1,,,FALSE,fewer than 50 subgroup patients,,,,,,,,
continuous,rna_pathway_activity,LGG,HALLMARK_INFLAMMATORY_RESPONSE,FALSE,490,TRUE,Broad race,White,451,,,TRUE,performance estimated,0.26330591604166,0.343838308879415,0.527524465461871,,,,,
continuous,rna_pathway_activity,LGG,HALLMARK_INFLAMMATORY_RESPONSE,FALSE,490,TRUE,Recorded sex,FEMALE,218,,,TRUE,performance estimated,0.290186427787725,0.34749195777152,0.525218324994541,,,,,
continuous,rna_pathway_activity,LGG,HALLMARK_INFLAMMATORY_RESPONSE,FALSE,490,TRUE,Recorded sex,MALE,271,,,TRUE,performance estimated,0.264642333181178,0.339742754740533,0.524517642235246,,,,,
continuous,rna_pathway_activity,LGG,HALLMARK_INFLAMMATORY_RESPONSE,FALSE,490,TRUE,Recorded sex,Missing,1,,,FALSE,demographic field missing,,,,,,,,
continuous,rna_pathway_activity,LGG,HALLMARK_INTERFERON_ALPHA_RESPONSE,FALSE,490,TRUE,Broad race,Asian,7,,,FALSE,fewer than 50 subgroup patients,,,,,,,,
continuous,rna_pathway_activity,LGG,HALLMARK_INTERFERON_ALPHA_RESPONSE,FALSE,490,TRUE,Broad race,Black or African American,20,,,FALSE,fewer than 50 subgroup patients,,,,,,,,
continuous,rna_pathway_activity,LGG,HALLMARK_INTERFERON_ALPHA_RESPONSE,FALSE,490,TRUE,Broad race,Missing,11,,,FALSE,demographic field missing,,,,,,,,
continuous,rna_pathway_activity,LGG,HALLMARK_INTERFERON_ALPHA_RESPONSE,FALSE,490,TRUE,Broad race,Other recorded race,1,,,FALSE,fewer than 50 subgroup patients,,,,,,,,
continuous,rna_pathway_activity,LGG,HALLMARK_INTERFERON_ALPHA_RESPONSE,FALSE,490,TRUE,Broad race,White,451,,,TRUE,performance estimated,0.21449477496371,0.545715022742795,0.467267154602359,,,,,
continuous,rna_pathway_activity,LGG,HALLMARK_INTERFERON_ALPHA_RESPONSE,FALSE,490,TRUE,Recorded sex,FEMALE,218,,,TRUE,performance estimated,0.22869105048914,0.550266500929251,0.450468387397932,,,,,
continuous,rna_pathway_activity,LGG,HALLMARK_INTERFERON_ALPHA_RESPONSE,FALSE,490,TRUE,Recorded sex,MALE,271,,,TRUE,performance estimated,0.205178709916939,0.538308585514143,0.486509297445916,,,,,
continuous,rna_pathway_activity,LGG,HALLMARK_INTERFERON_ALPHA_RESPONSE,FALSE,490,TRUE,Recorded sex,Missing,1,,,FALSE,demographic field missing,,,,,,,,
continuous,rna_pathway_activity,LGG,HALLMARK_INTERFERON_GAMMA_RESPONSE,FALSE,490,TRUE,Broad race,Asian,7,,,FALSE,fewer than 50 subgroup patients,,,,,,,,
continuous,rna_pathway_activity,LGG,HALLMARK_INTERFERON_GAMMA_RESPONSE,FALSE,490,TRUE,Broad race,Black or African American,20,,,FALSE,fewer than 50 subgroup patients,,,,,,,,
continuous,rna_pathway_activity,LGG,HALLMARK_INTERFERON_GAMMA_RESPONSE,FALSE,490,TRUE,Broad race,Missing,11,,,FALSE,demographic field missing,,,,,,,,
continuous,rna_pathway_activity,LGG,HALLMARK_INTERFERON_GAMMA_RESPONSE,FALSE,490,TRUE,Broad race,Other recorded race,1,,,FALSE,fewer than 50 subgroup patients,,,,,,,,
continuous,rna_pathway_activity,LGG,HALLMARK_INTERFERON_GAMMA_RESPONSE,FALSE,490,TRUE,Broad race,White,451,,,TRUE,performance estimated,0.290277646248409,0.457084551894292,0.529140566031565,,,,,
continuous,rna_pathway_activity,LGG,HALLMARK_INTERFERON_GAMMA_RESPONSE,FALSE,490,TRUE,Recorded sex,FEMALE,218,,,TRUE,performance estimated,0.300819836457014,0.46762634365487,0.496934270552144,,,,,
continuous,rna_pathway_activity,LGG,HALLMARK_INTERFERON_GAMMA_RESPONSE,FALSE,490,TRUE,Recorded sex,MALE,271,,,TRUE,performance estimated,0.273899552991189,0.448378845843375,0.540288208764441,,,,,
continuous,rna_pathway_activity,LGG,HALLMARK_INTERFERON_GAMMA_RESPONSE,FALSE,490,TRUE,Recorded sex,Missing,1,,,FALSE,demographic field missing,,,,,,,,
continuous,rna_pathway_activity,LGG,HALLMARK_KRAS_SIGNALING_UP,FALSE,490,TRUE,Broad race,Asian,7,,,FALSE,fewer than 50 subgroup patients,,,,,,,,
continuous,rna_pathway_activity,LGG,HALLMARK_KRAS_SIGNALING_UP,FALSE,490,TRUE,Broad race,Black or African American,20,,,FALSE,fewer than 50 subgroup patients,,,,,,,,
continuous,rna_pathway_activity,LGG,HALLMARK_KRAS_SIGNALING_UP,FALSE,490,TRUE,Broad race,Missing,11,,,FALSE,demographic field missing,,,,,,,,
continuous,rna_pathway_activity,LGG,HALLMARK_KRAS_SIGNALING_UP,FALSE,490,TRUE,Broad race,Other recorded race,1,,,FALSE,fewer than 50 subgroup patients,,,,,,,,
continuous,rna_pathway_activity,LGG,HALLMARK_KRAS_SIGNALING_UP,FALSE,490,TRUE,Broad race,White,451,,,TRUE,performance estimated,0.250663276253427,0.220100810657121,0.502443707526375,,,,,
continuous,rna_pathway_activity,LGG,HALLMARK_KRAS_SIGNALING_UP,FALSE,490,TRUE,Recorded sex,FEMALE,218,,,TRUE,performance estimated,0.282983704054668,0.220388145451361,0.512338728499788,,,,,
continuous,rna_pathway_activity,LGG,HALLMARK_KRAS_SIGNALING_UP,FALSE,490,TRUE,Recorded sex,MALE,271,,,TRUE,performance estimated,0.24837149777019,0.223931526872643,0.493127848925548,,,,,
continuous,rna_pathway_activity,LGG,HALLMARK_KRAS_SIGNALING_UP,FALSE,490,TRUE,Recorded sex,Missing,1,,,FALSE,demographic field missing,,,,,,,,
continuous,rna_pathway_activity,LGG,HALLMARK_MTORC1_SIGNALING,FALSE,490,TRUE,Broad race,Asian,7,,,FALSE,fewer than 50 subgroup patients,,,,,,,,
continuous,rna_pathway_activity,LGG,HALLMARK_MTORC1_SIGNALING,FALSE,490,TRUE,Broad race,Black or African American,20,,,FALSE,fewer than 50 subgroup patients,,,,,,,,
continuous,rna_pathway_activity,LGG,HALLMARK_MTORC1_SIGNALING,FALSE,490,TRUE,Broad race,Missing,11,,,FALSE,demographic field missing,,,,,,,,
continuous,rna_pathway_activity,LGG,HALLMARK_MTORC1_SIGNALING,FALSE,490,TRUE,Broad race,Other recorded race,1,,,FALSE,fewer than 50 subgroup patients,,,,,,,,
continuous,rna_pathway_activity,LGG,HALLMARK_MTORC1_SIGNALING,FALSE,490,TRUE,Broad race,White,451,,,TRUE,performance estimated,0.27226086799527,0.201317884498607,0.467369320225785,,,,,
continuous,rna_pathway_activity,LGG,HALLMARK_MTORC1_SIGNALING,FALSE,490,TRUE,Recorded sex,FEMALE,218,,,TRUE,performance estimated,0.264798383553056,0.19796239883514,0.495118520110108,,,,,
continuous,rna_pathway_activity,LGG,HALLMARK_MTORC1_SIGNALING,FALSE,490,TRUE,Recorded sex,MALE,271,,,TRUE,performance estimated,0.259017540937146,0.206658850260572,0.433334298048863,,,,,
continuous,rna_pathway_activity,LGG,HALLMARK_MTORC1_SIGNALING,FALSE,490,TRUE,Recorded sex,Missing,1,,,FALSE,demographic field missing,,,,,,,,
continuous,rna_pathway_activity,LGG,HALLMARK_MYC_TARGETS_V2,FALSE,490,TRUE,Broad race,Asian,7,,,FALSE,fewer than 50 subgroup patients,,,,,,,,
continuous,rna_pathway_activity,LGG,HALLMARK_MYC_TARGETS_V2,FALSE,490,TRUE,Broad race,Black or African American,20,,,FALSE,fewer than 50 subgroup patients,,,,,,,,
continuous,rna_pathway_activity,LGG,HALLMARK_MYC_TARGETS_V2,FALSE,490,TRUE,Broad race,Missing,11,,,FALSE,demographic field missing,,,,,,,,
continuous,rna_pathway_activity,LGG,HALLMARK_MYC_TARGETS_V2,FALSE,490,TRUE,Broad race,Other recorded race,1,,,FALSE,fewer than 50 subgroup patients,,,,,,,,
continuous,rna_pathway_activity,LGG,HALLMARK_MYC_TARGETS_V2,FALSE,490,TRUE,Broad race,White,451,,,TRUE,performance estimated,0.219855665952867,0.390226249686848,0.438953829248671,,,,,
continuous,rna_pathway_activity,LGG,HALLMARK_MYC_TARGETS_V2,FALSE,490,TRUE,Recorded sex,FEMALE,218,,,TRUE,performance estimated,0.307096975309388,0.395799189087408,0.509151551339602,,,,,
continuous,rna_pathway_activity,LGG,HALLMARK_MYC_TARGETS_V2,FALSE,490,TRUE,Recorded sex,MALE,271,,,TRUE,performance estimated,0.176990400038717,0.372044759905759,0.446629886887104,,,,,
continuous,rna_pathway_activity,LGG,HALLMARK_MYC_TARGETS_V2,FALSE,490,TRUE,Recorded sex,Missing,1,,,FALSE,demographic field missing,,,,,,,,
continuous,rna_pathway_activity,LGG,HALLMARK_NOTCH_SIGNALING,FALSE,490,TRUE,Broad race,Asian,7,,,FALSE,fewer than 50 subgroup patients,,,,,,,,
continuous,rna_pathway_activity,LGG,HALLMARK_NOTCH_SIGNALING,FALSE,490,TRUE,Broad race,Black or African American,20,,,FALSE,fewer than 50 subgroup patients,,,,,,,,
continuous,rna_pathway_activity,LGG,HALLMARK_NOTCH_SIGNALING,FALSE,490,TRUE,Broad race,Missing,11,,,FALSE,demographic field missing,,,,,,,,
continuous,rna_pathway_activity,LGG,HALLMARK_NOTCH_SIGNALING,FALSE,490,TRUE,Broad race,Other recorded race,1,,,FALSE,fewer than 50 subgroup patients,,,,,,,,
continuous,rna_pathway_activity,LGG,HALLMARK_NOTCH_SIGNALING,FALSE,490,TRUE,Broad race,White,451,,,TRUE,performance estimated,0.246247195205361,0.221806559474126,0.526575620221206,,,,,
continuous,rna_pathway_activity,LGG,HALLMARK_NOTCH_SIGNALING,FALSE,490,TRUE,Recorded sex,FEMALE,218,,,TRUE,performance estimated,0.219385065948569,0.237624021857873,0.524264812769558,,,,,
continuous,rna_pathway_activity,LGG,HALLMARK_NOTCH_SIGNALING,FALSE,490,TRUE,Recorded sex,MALE,271,,,TRUE,performance estimated,0.294517018752503,0.208856119549392,0.54390420374792,,,,,
continuous,rna_pathway_activity,LGG,HALLMARK_NOTCH_SIGNALING,FALSE,490,TRUE,Recorded sex,Missing,1,,,FALSE,demographic field missing,,,,,,,,
continuous,rna_pathway_activity,LGG,HALLMARK_P53_PATHWAY,FALSE,490,TRUE,Broad race,Asian,7,,,FALSE,fewer than 50 subgroup patients,,,,,,,,
continuous,rna_pathway_activity,LGG,HALLMARK_P53_PATHWAY,FALSE,490,TRUE,Broad race,Black or African American,20,,,FALSE,fewer than 50 subgroup patients,,,,,,,,
continuous,rna_pathway_activity,LGG,HALLMARK_P53_PATHWAY,FALSE,490,TRUE,Broad race,Missing,11,,,FALSE,demographic field missing,,,,,,,,
continuous,rna_pathway_activity,LGG,HALLMARK_P53_PATHWAY,FALSE,490,TRUE,Broad race,Other recorded race,1,,,FALSE,fewer than 50 subgroup patients,,,,,,,,
continuous,rna_pathway_activity,LGG,HALLMARK_P53_PATHWAY,FALSE,490,TRUE,Broad race,White,451,,,TRUE,performance estimated,0.202199451688545,0.195722364395647,0.413520449476417,,,,,
continuous,rna_pathway_activity,LGG,HALLMARK_P53_PATHWAY,FALSE,490,TRUE,Recorded sex,FEMALE,218,,,TRUE,performance estimated,0.201517222537292,0.208165920884027,0.409581338403597,,,,,
continuous,rna_pathway_activity,LGG,HALLMARK_P53_PATHWAY,FALSE,490,TRUE,Recorded sex,MALE,271,,,TRUE,performance estimated,0.220477213399401,0.190380769078131,0.439093287991703,,,,,
continuous,rna_pathway_activity,LGG,HALLMARK_P53_PATHWAY,FALSE,490,TRUE,Recorded sex,Missing,1,,,FALSE,demographic field missing,,,,,,,,
continuous,rna_pathway_activity,LGG,HALLMARK_PEROXISOME,FALSE,490,TRUE,Broad race,Asian,7,,,FALSE,fewer than 50 subgroup patients,,,,,,,,
continuous,rna_pathway_activity,LGG,HALLMARK_PEROXISOME,FALSE,490,TRUE,Broad race,Black or African American,20,,,FALSE,fewer than 50 subgroup patients,,,,,,,,
continuous,rna_pathway_activity,LGG,HALLMARK_PEROXISOME,FALSE,490,TRUE,Broad race,Missing,11,,,FALSE,demographic field missing,,,,,,,,
continuous,rna_pathway_activity,LGG,HALLMARK_PEROXISOME,FALSE,490,TRUE,Broad race,Other recorded race,1,,,FALSE,fewer than 50 subgroup patients,,,,,,,,
continuous,rna_pathway_activity,LGG,HALLMARK_PEROXISOME,FALSE,490,TRUE,Broad race,White,451,,,TRUE,performance estimated,0.187661822252296,0.135605199584321,0.431994479655175,,,,,
continuous,rna_pathway_activity,LGG,HALLMARK_PEROXISOME,FALSE,490,TRUE,Recorded sex,FEMALE,218,,,TRUE,performance estimated,0.222718183888497,0.13499872891281,0.472871291486672,,,,,
continuous,rna_pathway_activity,LGG,HALLMARK_PEROXISOME,FALSE,490,TRUE,Recorded sex,MALE,271,,,TRUE,performance estimated,0.241300039507292,0.138064254572223,0.471364228348166,,,,,
continuous,rna_pathway_activity,LGG,HALLMARK_PEROXISOME,FALSE,490,TRUE,Recorded sex,Missing,1,,,FALSE,demographic field missing,,,,,,,,
continuous,rna_pathway_activity,LGG,HALLMARK_PI3K_AKT_MTOR_SIGNALING,FALSE,490,TRUE,Broad race,Asian,7,,,FALSE,fewer than 50 subgroup patients,,,,,,,,
continuous,rna_pathway_activity,LGG,HALLMARK_PI3K_AKT_MTOR_SIGNALING,FALSE,490,TRUE,Broad race,Black or African American,20,,,FALSE,fewer than 50 subgroup patients,,,,,,,,
continuous,rna_pathway_activity,LGG,HALLMARK_PI3K_AKT_MTOR_SIGNALING,FALSE,490,TRUE,Broad race,Missing,11,,,FALSE,demographic field missing,,,,,,,,
continuous,rna_pathway_activity,LGG,HALLMARK_PI3K_AKT_MTOR_SIGNALING,FALSE,490,TRUE,Broad race,Other recorded race,1,,,FALSE,fewer than 50 subgroup patients,,,,,,,,
continuous,rna_pathway_activity,LGG,HALLMARK_PI3K_AKT_MTOR_SIGNALING,FALSE,490,TRUE,Broad race,White,451,,,TRUE,performance estimated,0.371109993204535,0.156746886006037,0.600946961521103,,,,,
continuous,rna_pathway_activity,LGG,HALLMARK_PI3K_AKT_MTOR_SIGNALING,FALSE,490,TRUE,Recorded sex,FEMALE,218,,,TRUE,performance estimated,0.368665258712644,0.15453536385191,0.617655265716822,,,,,
continuous,rna_pathway_activity,LGG,HALLMARK_PI3K_AKT_MTOR_SIGNALING,FALSE,490,TRUE,Recorded sex,MALE,271,,,TRUE,performance estimated,0.366994325423987,0.158026188597225,0.576442852663821,,,,,
continuous,rna_pathway_activity,LGG,HALLMARK_PI3K_AKT_MTOR_SIGNALING,FALSE,490,TRUE,Recorded sex,Missing,1,,,FALSE,demographic field missing,,,,,,,,
continuous,rna_pathway_activity,LGG,HALLMARK_REACTIVE_OXYGEN_SPECIES_PATHWAY,FALSE,490,TRUE,Broad race,Asian,7,,,FALSE,fewer than 50 subgroup patients,,,,,,,,
continuous,rna_pathway_activity,LGG,HALLMARK_REACTIVE_OXYGEN_SPECIES_PATHWAY,FALSE,490,TRUE,Broad race,Black or African American,20,,,FALSE,fewer than 50 subgroup patients,,,,,,,,
continuous,rna_pathway_activity,LGG,HALLMARK_REACTIVE_OXYGEN_SPECIES_PATHWAY,FALSE,490,TRUE,Broad race,Missing,11,,,FALSE,demographic field missing,,,,,,,,
continuous,rna_pathway_activity,LGG,HALLMARK_REACTIVE_OXYGEN_SPECIES_PATHWAY,FALSE,490,TRUE,Broad race,Other recorded race,1,,,FALSE,fewer than 50 subgroup patients,,,,,,,,
continuous,rna_pathway_activity,LGG,HALLMARK_REACTIVE_OXYGEN_SPECIES_PATHWAY,FALSE,490,TRUE,Broad race,White,451,,,TRUE,performance estimated,0.185746417351775,0.306554156656021,0.419674770585196,,,,,
continuous,rna_pathway_activity,LGG,HALLMARK_REACTIVE_OXYGEN_SPECIES_PATHWAY,FALSE,490,TRUE,Recorded sex,FEMALE,218,,,TRUE,performance estimated,0.174365328408817,0.324615804446818,0.392349315358068,,,,,
continuous,rna_pathway_activity,LGG,HALLMARK_REACTIVE_OXYGEN_SPECIES_PATHWAY,FALSE,490,TRUE,Recorded sex,MALE,271,,,TRUE,performance estimated,0.250823751974328,0.300638129310584,0.486952825410607,,,,,
continuous,rna_pathway_activity,LGG,HALLMARK_REACTIVE_OXYGEN_SPECIES_PATHWAY,FALSE,490,TRUE,Recorded sex,Missing,1,,,FALSE,demographic field missing,,,,,,,,
continuous,rna_pathway_activity,LGG,HALLMARK_TGF_BETA_SIGNALING,FALSE,490,TRUE,Broad race,Asian,7,,,FALSE,fewer than 50 subgroup patients,,,,,,,,
continuous,rna_pathway_activity,LGG,HALLMARK_TGF_BETA_SIGNALING,FALSE,490,TRUE,Broad race,Black or African American,20,,,FALSE,fewer than 50 subgroup patients,,,,,,,,
continuous,rna_pathway_activity,LGG,HALLMARK_TGF_BETA_SIGNALING,FALSE,490,TRUE,Broad race,Missing,11,,,FALSE,demographic field missing,,,,,,,,
continuous,rna_pathway_activity,LGG,HALLMARK_TGF_BETA_SIGNALING,FALSE,490,TRUE,Broad race,Other recorded race,1,,,FALSE,fewer than 50 subgroup patients,,,,,,,,
continuous,rna_pathway_activity,LGG,HALLMARK_TGF_BETA_SIGNALING,FALSE,490,TRUE,Broad race,White,451,,,TRUE,performance estimated,0.226240765954601,0.254150811099465,0.522254995454218,,,,,
continuous,rna_pathway_activity,LGG,HALLMARK_TGF_BETA_SIGNALING,FALSE,490,TRUE,Recorded sex,FEMALE,218,,,TRUE,performance estimated,0.212229091240963,0.265171410585059,0.513299422182248,,,,,
continuous,rna_pathway_activity,LGG,HALLMARK_TGF_BETA_SIGNALING,FALSE,490,TRUE,Recorded sex,MALE,271,,,TRUE,performance estimated,0.239453643000399,0.245955271552511,0.532501507368015,,,,,
continuous,rna_pathway_activity,LGG,HALLMARK_TGF_BETA_SIGNALING,FALSE,490,TRUE,Recorded sex,Missing,1,,,FALSE,demographic field missing,,,,,,,,
continuous,rna_pathway_activity,LGG,HALLMARK_TNFA_SIGNALING_VIA_NFKB,FALSE,490,TRUE,Broad race,Asian,7,,,FALSE,fewer than 50 subgroup patients,,,,,,,,
continuous,rna_pathway_activity,LGG,HALLMARK_TNFA_SIGNALING_VIA_NFKB,FALSE,490,TRUE,Broad race,Black or African American,20,,,FALSE,fewer than 50 subgroup patients,,,,,,,,
continuous,rna_pathway_activity,LGG,HALLMARK_TNFA_SIGNALING_VIA_NFKB,FALSE,490,TRUE,Broad race,Missing,11,,,FALSE,demographic field missing,,,,,,,,
continuous,rna_pathway_activity,LGG,HALLMARK_TNFA_SIGNALING_VIA_NFKB,FALSE,490,TRUE,Broad race,Other recorded race,1,,,FALSE,fewer than 50 subgroup patients,,,,,,,,
continuous,rna_pathway_activity,LGG,HALLMARK_TNFA_SIGNALING_VIA_NFKB,FALSE,490,TRUE,Broad race,White,451,,,TRUE,performance estimated,0.223649362964381,0.391201710980561,0.512378366004094,,,,,
continuous,rna_pathway_activity,LGG,HALLMARK_TNFA_SIGNALING_VIA_NFKB,FALSE,490,TRUE,Recorded sex,FEMALE,218,,,TRUE,performance estimated,0.213473272007335,0.381088488773194,0.489646944492546,,,,,
continuous,rna_pathway_activity,LGG,HALLMARK_TNFA_SIGNALING_VIA_NFKB,FALSE,490,TRUE,Recorded sex,MALE,271,,,TRUE,performance estimated,0.220032526676221,0.39728976299939,0.51659491594916,,,,,
continuous,rna_pathway_activity,LGG,HALLMARK_TNFA_SIGNALING_VIA_NFKB,FALSE,490,TRUE,Recorded sex,Missing,1,,,FALSE,demographic field missing,,,,,,,,
continuous,rna_pathway_activity,LGG,HALLMARK_UNFOLDED_PROTEIN_RESPONSE,FALSE,490,TRUE,Broad race,Asian,7,,,FALSE,fewer than 50 subgroup patients,,,,,,,,
continuous,rna_pathway_activity,LGG,HALLMARK_UNFOLDED_PROTEIN_RESPONSE,FALSE,490,TRUE,Broad race,Black or African American,20,,,FALSE,fewer than 50 subgroup patients,,,,,,,,
continuous,rna_pathway_activity,LGG,HALLMARK_UNFOLDED_PROTEIN_RESPONSE,FALSE,490,TRUE,Broad race,Missing,11,,,FALSE,demographic field missing,,,,,,,,
continuous,rna_pathway_activity,LGG,HALLMARK_UNFOLDED_PROTEIN_RESPONSE,FALSE,490,TRUE,Broad race,Other recorded race,1,,,FALSE,fewer than 50 subgroup patients,,,,,,,,
continuous,rna_pathway_activity,LGG,HALLMARK_UNFOLDED_PROTEIN_RESPONSE,FALSE,490,TRUE,Broad race,White,451,,,TRUE,performance estimated,0.200863025608638,0.204768637147842,0.419874497184232,,,,,
continuous,rna_pathway_activity,LGG,HALLMARK_UNFOLDED_PROTEIN_RESPONSE,FALSE,490,TRUE,Recorded sex,FEMALE,218,,,TRUE,performance estimated,0.221877209022564,0.19964464184067,0.44015164458272,,,,,
continuous,rna_pathway_activity,LGG,HALLMARK_UNFOLDED_PROTEIN_RESPONSE,FALSE,490,TRUE,Recorded sex,MALE,271,,,TRUE,performance estimated,0.179645690286298,0.205480911597845,0.41586245568338,,,,,
continuous,rna_pathway_activity,LGG,HALLMARK_UNFOLDED_PROTEIN_RESPONSE,FALSE,490,TRUE,Recorded sex,Missing,1,,,FALSE,demographic field missing,,,,,,,,
continuous,rna_pathway_activity,LGG,HALLMARK_XENOBIOTIC_METABOLISM,FALSE,490,TRUE,Broad race,Asian,7,,,FALSE,fewer than 50 subgroup patients,,,,,,,,
continuous,rna_pathway_activity,LGG,HALLMARK_XENOBIOTIC_METABOLISM,FALSE,490,TRUE,Broad race,Black or African American,20,,,FALSE,fewer than 50 subgroup patients,,,,,,,,
continuous,rna_pathway_activity,LGG,HALLMARK_XENOBIOTIC_METABOLISM,FALSE,490,TRUE,Broad race,Missing,11,,,FALSE,demographic field missing,,,,,,,,
continuous,rna_pathway_activity,LGG,HALLMARK_XENOBIOTIC_METABOLISM,FALSE,490,TRUE,Broad race,Other recorded race,1,,,FALSE,fewer than 50 subgroup patients,,,,,,,,
continuous,rna_pathway_activity,LGG,HALLMARK_XENOBIOTIC_METABOLISM,FALSE,490,TRUE,Broad race,White,451,,,TRUE,performance estimated,0.215147846006529,0.174826279029083,0.444492383363093,,,,,
continuous,rna_pathway_activity,LGG,HALLMARK_XENOBIOTIC_METABOLISM,FALSE,490,TRUE,Recorded sex,FEMALE,218,,,TRUE,performance estimated,0.234407439870339,0.184212096209711,0.454192552249447,,,,,
continuous,rna_pathway_activity,LGG,HALLMARK_XENOBIOTIC_METABOLISM,FALSE,490,TRUE,Recorded sex,MALE,271,,,TRUE,performance estimated,0.266526893042932,0.172471629012774,0.495761160552782,,,,,
continuous,rna_pathway_activity,LGG,HALLMARK_XENOBIOTIC_METABOLISM,FALSE,490,TRUE,Recorded sex,Missing,1,,,FALSE,demographic field missing,,,,,,,,
continuous,rna_pathway_activity,LGG,REACTOME_GLUTATHIONE_SYNTHESIS_AND_RECYCLING,FALSE,490,TRUE,Broad race,Asian,7,,,FALSE,fewer than 50 subgroup patients,,,,,,,,
continuous,rna_pathway_activity,LGG,REACTOME_GLUTATHIONE_SYNTHESIS_AND_RECYCLING,FALSE,490,TRUE,Broad race,Black or African American,20,,,FALSE,fewer than 50 subgroup patients,,,,,,,,
continuous,rna_pathway_activity,LGG,REACTOME_GLUTATHIONE_SYNTHESIS_AND_RECYCLING,FALSE,490,TRUE,Broad race,Missing,11,,,FALSE,demographic field missing,,,,,,,,
continuous,rna_pathway_activity,LGG,REACTOME_GLUTATHIONE_SYNTHESIS_AND_RECYCLING,FALSE,490,TRUE,Broad race,Other recorded race,1,,,FALSE,fewer than 50 subgroup patients,,,,,,,,
continuous,rna_pathway_activity,LGG,REACTOME_GLUTATHIONE_SYNTHESIS_AND_RECYCLING,FALSE,490,TRUE,Broad race,White,451,,,TRUE,performance estimated,0.201428911836606,0.317205250140032,0.396561374592024,,,,,
continuous,rna_pathway_activity,LGG,REACTOME_GLUTATHIONE_SYNTHESIS_AND_RECYCLING,FALSE,490,TRUE,Recorded sex,FEMALE,218,,,TRUE,performance estimated,0.16986842239147,0.328679124989825,0.370734749972346,,,,,
continuous,rna_pathway_activity,LGG,REACTOME_GLUTATHIONE_SYNTHESIS_AND_RECYCLING,FALSE,490,TRUE,Recorded sex,MALE,271,,,TRUE,performance estimated,0.249196144897207,0.318955881627594,0.448598750693389,,,,,
continuous,rna_pathway_activity,LGG,REACTOME_GLUTATHIONE_SYNTHESIS_AND_RECYCLING,FALSE,490,TRUE,Recorded sex,Missing,1,,,FALSE,demographic field missing,,,,,,,,
continuous,rna_pathway_activity,LIHC,GOBP_VITAMIN_B6_METABOLIC_PROCESS,FALSE,358,TRUE,Broad race,Asian,158,,,TRUE,performance estimated,0.245284568013674,0.457461636112665,0.47821023215625,,,,,
continuous,rna_pathway_activity,LIHC,GOBP_VITAMIN_B6_METABOLIC_PROCESS,FALSE,358,TRUE,Broad race,Black or African American,14,,,FALSE,fewer than 50 subgroup patients,,,,,,,,
continuous,rna_pathway_activity,LIHC,GOBP_VITAMIN_B6_METABOLIC_PROCESS,FALSE,358,TRUE,Broad race,Missing,9,,,FALSE,demographic field missing,,,,,,,,
continuous,rna_pathway_activity,LIHC,GOBP_VITAMIN_B6_METABOLIC_PROCESS,FALSE,358,TRUE,Broad race,Other recorded race,2,,,FALSE,fewer than 50 subgroup patients,,,,,,,,
continuous,rna_pathway_activity,LIHC,GOBP_VITAMIN_B6_METABOLIC_PROCESS,FALSE,358,TRUE,Broad race,White,175,,,TRUE,performance estimated,0.30026447626928,0.438009494701877,0.430401701746529,,,,,
continuous,rna_pathway_activity,LIHC,GOBP_VITAMIN_B6_METABOLIC_PROCESS,FALSE,358,TRUE,Recorded sex,FEMALE,118,,,TRUE,performance estimated,0.330294193349089,0.505931002869929,0.485768336017588,,,,,
continuous,rna_pathway_activity,LIHC,GOBP_VITAMIN_B6_METABOLIC_PROCESS,FALSE,358,TRUE,Recorded sex,MALE,240,,,TRUE,performance estimated,0.177151594367258,0.423764364313781,0.402822792062362,,,,,
continuous,rna_pathway_activity,LIHC,HALLMARK_ADIPOGENESIS,FALSE,358,TRUE,Broad race,Asian,158,,,TRUE,performance estimated,0.460005496703444,0.18282337918741,0.663432005951086,,,,,
continuous,rna_pathway_activity,LIHC,HALLMARK_ADIPOGENESIS,FALSE,358,TRUE,Broad race,Black or African American,14,,,FALSE,fewer than 50 subgroup patients,,,,,,,,
continuous,rna_pathway_activity,LIHC,HALLMARK_ADIPOGENESIS,FALSE,358,TRUE,Broad race,Missing,9,,,FALSE,demographic field missing,,,,,,,,
continuous,rna_pathway_activity,LIHC,HALLMARK_ADIPOGENESIS,FALSE,358,TRUE,Broad race,Other recorded race,2,,,FALSE,fewer than 50 subgroup patients,,,,,,,,
continuous,rna_pathway_activity,LIHC,HALLMARK_ADIPOGENESIS,FALSE,358,TRUE,Broad race,White,175,,,TRUE,performance estimated,0.438814140875768,0.186238108153595,0.643820420958352,,,,,
continuous,rna_pathway_activity,LIHC,HALLMARK_ADIPOGENESIS,FALSE,358,TRUE,Recorded sex,FEMALE,118,,,TRUE,performance estimated,0.504189924329186,0.193033433703241,0.713957030008874,,,,,
continuous,rna_pathway_activity,LIHC,HALLMARK_ADIPOGENESIS,FALSE,358,TRUE,Recorded sex,MALE,240,,,TRUE,performance estimated,0.448445811904814,0.177512225667197,0.648234517960381,,,,,
continuous,rna_pathway_activity,LIHC,HALLMARK_ALLOGRAFT_REJECTION,FALSE,358,TRUE,Broad race,Asian,158,,,TRUE,performance estimated,0.455695824668947,0.375862929915011,0.593963116044658,,,,,
continuous,rna_pathway_activity,LIHC,HALLMARK_ALLOGRAFT_REJECTION,FALSE,358,TRUE,Broad race,Black or African American,14,,,FALSE,fewer than 50 subgroup patients,,,,,,,,
continuous,rna_pathway_activity,LIHC,HALLMARK_ALLOGRAFT_REJECTION,FALSE,358,TRUE,Broad race,Missing,9,,,FALSE,demographic field missing,,,,,,,,
continuous,rna_pathway_activity,LIHC,HALLMARK_ALLOGRAFT_REJECTION,FALSE,358,TRUE,Broad race,Other recorded race,2,,,FALSE,fewer than 50 subgroup patients,,,,,,,,
continuous,rna_pathway_activity,LIHC,HALLMARK_ALLOGRAFT_REJECTION,FALSE,358,TRUE,Broad race,White,175,,,TRUE,performance estimated,0.352001609807187,0.390435393049156,0.605682937751903,,,,,
continuous,rna_pathway_activity,LIHC,HALLMARK_ALLOGRAFT_REJECTION,FALSE,358,TRUE,Recorded sex,FEMALE,118,,,TRUE,performance estimated,0.40167284648584,0.398797460522855,0.602214601616396,,,,,
continuous,rna_pathway_activity,LIHC,HALLMARK_ALLOGRAFT_REJECTION,FALSE,358,TRUE,Recorded sex,MALE,240,,,TRUE,performance estimated,0.401305407157537,0.37758205333558,0.607371655757912,,,,,
continuous,rna_pathway_activity,LIHC,HALLMARK_ANGIOGENESIS,FALSE,358,TRUE,Broad race,Asian,158,,,TRUE,performance estimated,0.381566239081926,0.326331900121818,0.611534640888768,,,,,
continuous,rna_pathway_activity,LIHC,HALLMARK_ANGIOGENESIS,FALSE,358,TRUE,Broad race,Black or African American,14,,,FALSE,fewer than 50 subgroup patients,,,,,,,,
continuous,rna_pathway_activity,LIHC,HALLMARK_ANGIOGENESIS,FALSE,358,TRUE,Broad race,Missing,9,,,FALSE,demographic field missing,,,,,,,,
continuous,rna_pathway_activity,LIHC,HALLMARK_ANGIOGENESIS,FALSE,358,TRUE,Broad race,Other recorded race,2,,,FALSE,fewer than 50 subgroup patients,,,,,,,,
continuous,rna_pathway_activity,LIHC,HALLMARK_ANGIOGENESIS,FALSE,358,TRUE,Broad race,White,175,,,TRUE,performance estimated,0.3205975288831,0.337965707386005,0.583892969099866,,,,,
continuous,rna_pathway_activity,LIHC,HALLMARK_ANGIOGENESIS,FALSE,358,TRUE,Recorded sex,FEMALE,118,,,TRUE,performance estimated,0.455269267268482,0.323730216889437,0.681088602324893,,,,,
continuous,rna_pathway_activity,LIHC,HALLMARK_ANGIOGENESIS,FALSE,358,TRUE,Recorded sex,MALE,240,,,TRUE,performance estimated,0.287520698793279,0.342153711082544,0.54147624090696,,,,,
continuous,rna_pathway_activity,LIHC,HALLMARK_APICAL_JUNCTION,FALSE,358,TRUE,Broad race,Asian,158,,,TRUE,performance estimated,0.449828877933999,0.217487754393868,0.643131378744339,,,,,
continuous,rna_pathway_activity,LIHC,HALLMARK_APICAL_JUNCTION,FALSE,358,TRUE,Broad race,Black or African American,14,,,FALSE,fewer than 50 subgroup patients,,,,,,,,
continuous,rna_pathway_activity,LIHC,HALLMARK_APICAL_JUNCTION,FALSE,358,TRUE,Broad race,Missing,9,,,FALSE,demographic field missing,,,,,,,,
continuous,rna_pathway_activity,LIHC,HALLMARK_APICAL_JUNCTION,FALSE,358,TRUE,Broad race,Other recorded race,2,,,FALSE,fewer than 50 subgroup patients,,,,,,,,
continuous,rna_pathway_activity,LIHC,HALLMARK_APICAL_JUNCTION,FALSE,358,TRUE,Broad race,White,175,,,TRUE,performance estimated,0.300669372479374,0.230992085231369,0.559823107926556,,,,,
continuous,rna_pathway_activity,LIHC,HALLMARK_APICAL_JUNCTION,FALSE,358,TRUE,Recorded sex,FEMALE,118,,,TRUE,performance estimated,0.476106989652912,0.220689815922992,0.695278998170324,,,,,
continuous,rna_pathway_activity,LIHC,HALLMARK_APICAL_JUNCTION,FALSE,358,TRUE,Recorded sex,MALE,240,,,TRUE,performance estimated,0.274133040272884,0.234925735366986,0.527820795499922,,,,,
continuous,rna_pathway_activity,LIHC,HALLMARK_APICAL_SURFACE,FALSE,358,TRUE,Broad race,Asian,158,,,TRUE,performance estimated,0.397750614880264,0.246852523429402,0.619501064106523,,,,,
continuous,rna_pathway_activity,LIHC,HALLMARK_APICAL_SURFACE,FALSE,358,TRUE,Broad race,Black or African American,14,,,FALSE,fewer than 50 subgroup patients,,,,,,,,
continuous,rna_pathway_activity,LIHC,HALLMARK_APICAL_SURFACE,FALSE,358,TRUE,Broad race,Missing,9,,,FALSE,demographic field missing,,,,,,,,
continuous,rna_pathway_activity,LIHC,HALLMARK_APICAL_SURFACE,FALSE,358,TRUE,Broad race,Other recorded race,2,,,FALSE,fewer than 50 subgroup patients,,,,,,,,
continuous,rna_pathway_activity,LIHC,HALLMARK_APICAL_SURFACE,FALSE,358,TRUE,Broad race,White,175,,,TRUE,performance estimated,0.331863223693692,0.255553074686745,0.59238065382893,,,,,
continuous,rna_pathway_activity,LIHC,HALLMARK_APICAL_SURFACE,FALSE,358,TRUE,Recorded sex,FEMALE,118,,,TRUE,performance estimated,0.395652400137901,0.255742426658593,0.657090267658563,,,,,
continuous,rna_pathway_activity,LIHC,HALLMARK_APICAL_SURFACE,FALSE,358,TRUE,Recorded sex,MALE,240,,,TRUE,performance estimated,0.327298438346656,0.252284938896855,0.581016684317436,,,,,
continuous,rna_pathway_activity,LIHC,HALLMARK_APOPTOSIS,FALSE,358,TRUE,Broad race,Asian,158,,,TRUE,performance estimated,0.271974215597409,0.225414021732764,0.51887172762524,,,,,
continuous,rna_pathway_activity,LIHC,HALLMARK_APOPTOSIS,FALSE,358,TRUE,Broad race,Black or African American,14,,,FALSE,fewer than 50 subgroup patients,,,,,,,,
continuous,rna_pathway_activity,LIHC,HALLMARK_APOPTOSIS,FALSE,358,TRUE,Broad race,Missing,9,,,FALSE,demographic field missing,,,,,,,,
continuous,rna_pathway_activity,LIHC,HALLMARK_APOPTOSIS,FALSE,358,TRUE,Broad race,Other recorded race,2,,,FALSE,fewer than 50 subgroup patients,,,,,,,,
continuous,rna_pathway_activity,LIHC,HALLMARK_APOPTOSIS,FALSE,358,TRUE,Broad race,White,175,,,TRUE,performance estimated,0.232294730440861,0.223034035186702,0.4961065830721,,,,,
continuous,rna_pathway_activity,LIHC,HALLMARK_APOPTOSIS,FALSE,358,TRUE,Recorded sex,FEMALE,118,,,TRUE,performance estimated,0.29270152000777,0.220466223301161,0.536289300596379,,,,,
continuous,rna_pathway_activity,LIHC,HALLMARK_APOPTOSIS,FALSE,358,TRUE,Recorded sex,MALE,240,,,TRUE,performance estimated,0.23929760981145,0.229149124900396,0.512320873626278,,,,,
continuous,rna_pathway_activity,LIHC,HALLMARK_BILE_ACID_METABOLISM,FALSE,358,TRUE,Broad race,Asian,158,,,TRUE,performance estimated,0.600976556874586,0.257494630527076,0.725659799287756,,,,,
continuous,rna_pathway_activity,LIHC,HALLMARK_BILE_ACID_METABOLISM,FALSE,358,TRUE,Broad race,Black or African American,14,,,FALSE,fewer than 50 subgroup patients,,,,,,,,
continuous,rna_pathway_activity,LIHC,HALLMARK_BILE_ACID_METABOLISM,FALSE,358,TRUE,Broad race,Missing,9,,,FALSE,demographic field missing,,,,,,,,
continuous,rna_pathway_activity,LIHC,HALLMARK_BILE_ACID_METABOLISM,FALSE,358,TRUE,Broad race,Other recorded race,2,,,FALSE,fewer than 50 subgroup patients,,,,,,,,
continuous,rna_pathway_activity,LIHC,HALLMARK_BILE_ACID_METABOLISM,FALSE,358,TRUE,Broad race,White,175,,,TRUE,performance estimated,0.465786721883836,0.276170500132738,0.625180026869682,,,,,
continuous,rna_pathway_activity,LIHC,HALLMARK_BILE_ACID_METABOLISM,FALSE,358,TRUE,Recorded sex,FEMALE,118,,,TRUE,performance estimated,0.529306862397027,0.290961745783404,0.728895365186492,,,,,
continuous,rna_pathway_activity,LIHC,HALLMARK_BILE_ACID_METABOLISM,FALSE,358,TRUE,Recorded sex,MALE,240,,,TRUE,performance estimated,0.55827328228593,0.248650044504909,0.65592215142624,,,,,
continuous,rna_pathway_activity,LIHC,HALLMARK_COAGULATION,FALSE,358,TRUE,Broad race,Asian,158,,,TRUE,performance estimated,0.291178956165956,0.258547874025834,0.51925264581454,,,,,
continuous,rna_pathway_activity,LIHC,HALLMARK_COAGULATION,FALSE,358,TRUE,Broad race,Black or African American,14,,,FALSE,fewer than 50 subgroup patients,,,,,,,,
continuous,rna_pathway_activity,LIHC,HALLMARK_COAGULATION,FALSE,358,TRUE,Broad race,Missing,9,,,FALSE,demographic field missing,,,,,,,,
continuous,rna_pathway_activity,LIHC,HALLMARK_COAGULATION,FALSE,358,TRUE,Broad race,Other recorded race,2,,,FALSE,fewer than 50 subgroup patients,,,,,,,,
continuous,rna_pathway_activity,LIHC,HALLMARK_COAGULATION,FALSE,358,TRUE,Broad race,White,175,,,TRUE,performance estimated,0.176766765704995,0.277257529879748,0.422836094939543,,,,,
continuous,rna_pathway_activity,LIHC,HALLMARK_COAGULATION,FALSE,358,TRUE,Recorded sex,FEMALE,118,,,TRUE,performance estimated,0.204460358903818,0.302137488055794,0.485230754622579,,,,,
continuous,rna_pathway_activity,LIHC,HALLMARK_COAGULATION,FALSE,358,TRUE,Recorded sex,MALE,240,,,TRUE,performance estimated,0.269466340651259,0.250181213489628,0.489984201114603,,,,,
continuous,rna_pathway_activity,LIHC,HALLMARK_COMPLEMENT,FALSE,358,TRUE,Broad race,Asian,158,,,TRUE,performance estimated,0.203510548024624,0.261439904004543,0.465461034229394,,,,,
continuous,rna_pathway_activity,LIHC,HALLMARK_COMPLEMENT,FALSE,358,TRUE,Broad race,Black or African American,14,,,FALSE,fewer than 50 subgroup patients,,,,,,,,
continuous,rna_pathway_activity,LIHC,HALLMARK_COMPLEMENT,FALSE,358,TRUE,Broad race,Missing,9,,,FALSE,demographic field missing,,,,,,,,
continuous,rna_pathway_activity,LIHC,HALLMARK_COMPLEMENT,FALSE,358,TRUE,Broad race,Other recorded race,2,,,FALSE,fewer than 50 subgroup patients,,,,,,,,
continuous,rna_pathway_activity,LIHC,HALLMARK_COMPLEMENT,FALSE,358,TRUE,Broad race,White,175,,,TRUE,performance estimated,0.170360179670873,0.272240243140267,0.454755038065383,,,,,
continuous,rna_pathway_activity,LIHC,HALLMARK_COMPLEMENT,FALSE,358,TRUE,Recorded sex,FEMALE,118,,,TRUE,performance estimated,0.214066926247965,0.287940968255427,0.458817686135732,,,,,
continuous,rna_pathway_activity,LIHC,HALLMARK_COMPLEMENT,FALSE,358,TRUE,Recorded sex,MALE,240,,,TRUE,performance estimated,0.179994535995557,0.261053631576476,0.472882168093196,,,,,
continuous,rna_pathway_activity,LIHC,HALLMARK_DNA_REPAIR,FALSE,358,TRUE,Broad race,Asian,158,,,TRUE,performance estimated,0.180908663783795,0.217766467223921,0.407263306655876,,,,,
continuous,rna_pathway_activity,LIHC,HALLMARK_DNA_REPAIR,FALSE,358,TRUE,Broad race,Black or African American,14,,,FALSE,fewer than 50 subgroup patients,,,,,,,,
continuous,rna_pathway_activity,LIHC,HALLMARK_DNA_REPAIR,FALSE,358,TRUE,Broad race,Missing,9,,,FALSE,demographic field missing,,,,,,,,
continuous,rna_pathway_activity,LIHC,HALLMARK_DNA_REPAIR,FALSE,358,TRUE,Broad race,Other recorded race,2,,,FALSE,fewer than 50 subgroup patients,,,,,,,,
continuous,rna_pathway_activity,LIHC,HALLMARK_DNA_REPAIR,FALSE,358,TRUE,Broad race,White,175,,,TRUE,performance estimated,0.277479582874112,0.207614811484011,0.54925078369906,,,,,
continuous,rna_pathway_activity,LIHC,HALLMARK_DNA_REPAIR,FALSE,358,TRUE,Recorded sex,FEMALE,118,,,TRUE,performance estimated,0.275558233624073,0.211122164043983,0.58459128110175,,,,,
continuous,rna_pathway_activity,LIHC,HALLMARK_DNA_REPAIR,FALSE,358,TRUE,Recorded sex,MALE,240,,,TRUE,performance estimated,0.249794270051687,0.214727130513657,0.46774527335544,,,,,
continuous,rna_pathway_activity,LIHC,HALLMARK_E2F_TARGETS,FALSE,358,TRUE,Broad race,Asian,158,,,TRUE,performance estimated,0.408894870914164,0.41214399194406,0.625735709102636,,,,,
continuous,rna_pathway_activity,LIHC,HALLMARK_E2F_TARGETS,FALSE,358,TRUE,Broad race,Black or African American,14,,,FALSE,fewer than 50 subgroup patients,,,,,,,,
continuous,rna_pathway_activity,LIHC,HALLMARK_E2F_TARGETS,FALSE,358,TRUE,Broad race,Missing,9,,,FALSE,demographic field missing,,,,,,,,
continuous,rna_pathway_activity,LIHC,HALLMARK_E2F_TARGETS,FALSE,358,TRUE,Broad race,Other recorded race,2,,,FALSE,fewer than 50 subgroup patients,,,,,,,,
continuous,rna_pathway_activity,LIHC,HALLMARK_E2F_TARGETS,FALSE,358,TRUE,Broad race,White,175,,,TRUE,performance estimated,0.452807617593498,0.391256303914981,0.679939095387371,,,,,
continuous,rna_pathway_activity,LIHC,HALLMARK_E2F_TARGETS,FALSE,358,TRUE,Recorded sex,FEMALE,118,,,TRUE,performance estimated,0.413703963751191,0.381653535731247,0.667105642778624,,,,,
continuous,rna_pathway_activity,LIHC,HALLMARK_E2F_TARGETS,FALSE,358,TRUE,Recorded sex,MALE,240,,,TRUE,performance estimated,0.461521994452507,0.417058397972641,0.658762825743502,,,,,
continuous,rna_pathway_activity,LIHC,HALLMARK_EPITHELIAL_MESENCHYMAL_TRANSITION,FALSE,358,TRUE,Broad race,Asian,158,,,TRUE,performance estimated,0.361793766490092,0.378960734894982,0.615965705193053,,,,,
continuous,rna_pathway_activity,LIHC,HALLMARK_EPITHELIAL_MESENCHYMAL_TRANSITION,FALSE,358,TRUE,Broad race,Black or African American,14,,,FALSE,fewer than 50 subgroup patients,,,,,,,,
continuous,rna_pathway_activity,LIHC,HALLMARK_EPITHELIAL_MESENCHYMAL_TRANSITION,FALSE,358,TRUE,Broad race,Missing,9,,,FALSE,demographic field missing,,,,,,,,
continuous,rna_pathway_activity,LIHC,HALLMARK_EPITHELIAL_MESENCHYMAL_TRANSITION,FALSE,358,TRUE,Broad race,Other recorded race,2,,,FALSE,fewer than 50 subgroup patients,,,,,,,,
continuous,rna_pathway_activity,LIHC,HALLMARK_EPITHELIAL_MESENCHYMAL_TRANSITION,FALSE,358,TRUE,Broad race,White,175,,,TRUE,performance estimated,0.286130358049085,0.390055564292897,0.545523510971787,,,,,
continuous,rna_pathway_activity,LIHC,HALLMARK_EPITHELIAL_MESENCHYMAL_TRANSITION,FALSE,358,TRUE,Recorded sex,FEMALE,118,,,TRUE,performance estimated,0.398578331446462,0.377976898764627,0.639160175152199,,,,,
continuous,rna_pathway_activity,LIHC,HALLMARK_EPITHELIAL_MESENCHYMAL_TRANSITION,FALSE,358,TRUE,Recorded sex,MALE,240,,,TRUE,performance estimated,0.269024020846253,0.392342229457444,0.532005243146582,,,,,
continuous,rna_pathway_activity,LIHC,HALLMARK_ESTROGEN_RESPONSE_EARLY,FALSE,358,TRUE,Broad race,Asian,158,,,TRUE,performance estimated,0.270252370935608,0.195527494734381,0.50169329088063,,,,,
continuous,rna_pathway_activity,LIHC,HALLMARK_ESTROGEN_RESPONSE_EARLY,FALSE,358,TRUE,Broad race,Black or African American,14,,,FALSE,fewer than 50 subgroup patients,,,,,,,,
continuous,rna_pathway_activity,LIHC,HALLMARK_ESTROGEN_RESPONSE_EARLY,FALSE,358,TRUE,Broad race,Missing,9,,,FALSE,demographic field missing,,,,,,,,
continuous,rna_pathway_activity,LIHC,HALLMARK_ESTROGEN_RESPONSE_EARLY,FALSE,358,TRUE,Broad race,Other recorded race,2,,,FALSE,fewer than 50 subgroup patients,,,,,,,,
continuous,rna_pathway_activity,LIHC,HALLMARK_ESTROGEN_RESPONSE_EARLY,FALSE,358,TRUE,Broad race,White,175,,,TRUE,performance estimated,0.1440781178041,0.20180918075683,0.45035736677116,,,,,
continuous,rna_pathway_activity,LIHC,HALLMARK_ESTROGEN_RESPONSE_EARLY,FALSE,358,TRUE,Recorded sex,FEMALE,118,,,TRUE,performance estimated,0.392011076612807,0.185612869860434,0.641620194361969,,,,,
continuous,rna_pathway_activity,LIHC,HALLMARK_ESTROGEN_RESPONSE_EARLY,FALSE,358,TRUE,Recorded sex,MALE,240,,,TRUE,performance estimated,0.115196873052657,0.208331406497468,0.375520929182798,,,,,
continuous,rna_pathway_activity,LIHC,HALLMARK_ESTROGEN_RESPONSE_LATE,FALSE,358,TRUE,Broad race,Asian,158,,,TRUE,performance estimated,0.236132069302276,0.175999863210616,0.514208826531621,,,,,
continuous,rna_pathway_activity,LIHC,HALLMARK_ESTROGEN_RESPONSE_LATE,FALSE,358,TRUE,Broad race,Black or African American,14,,,FALSE,fewer than 50 subgroup patients,,,,,,,,
continuous,rna_pathway_activity,LIHC,HALLMARK_ESTROGEN_RESPONSE_LATE,FALSE,358,TRUE,Broad race,Missing,9,,,FALSE,demographic field missing,,,,,,,,
continuous,rna_pathway_activity,LIHC,HALLMARK_ESTROGEN_RESPONSE_LATE,FALSE,358,TRUE,Broad race,Other recorded race,2,,,FALSE,fewer than 50 subgroup patients,,,,,,,,
continuous,rna_pathway_activity,LIHC,HALLMARK_ESTROGEN_RESPONSE_LATE,FALSE,358,TRUE,Broad race,White,175,,,TRUE,performance estimated,0.158403232127187,0.172289865551827,0.430694133452754,,,,,
continuous,rna_pathway_activity,LIHC,HALLMARK_ESTROGEN_RESPONSE_LATE,FALSE,358,TRUE,Recorded sex,FEMALE,118,,,TRUE,performance estimated,0.241095260996766,0.170533740309067,0.53639301874596,,,,,
continuous,rna_pathway_activity,LIHC,HALLMARK_ESTROGEN_RESPONSE_LATE,FALSE,358,TRUE,Recorded sex,MALE,240,,,TRUE,performance estimated,0.172250103657336,0.177107679848163,0.44308286602198,,,,,
continuous,rna_pathway_activity,LIHC,HALLMARK_FATTY_ACID_METABOLISM,FALSE,358,TRUE,Broad race,Asian,158,,,TRUE,performance estimated,0.540647923748266,0.21238758360217,0.685366443602354,,,,,
continuous,rna_pathway_activity,LIHC,HALLMARK_FATTY_ACID_METABOLISM,FALSE,358,TRUE,Broad race,Black or African American,14,,,FALSE,fewer than 50 subgroup patients,,,,,,,,
continuous,rna_pathway_activity,LIHC,HALLMARK_FATTY_ACID_METABOLISM,FALSE,358,TRUE,Broad race,Missing,9,,,FALSE,demographic field missing,,,,,,,,
continuous,rna_pathway_activity,LIHC,HALLMARK_FATTY_ACID_METABOLISM,FALSE,358,TRUE,Broad race,Other recorded race,2,,,FALSE,fewer than 50 subgroup patients,,,,,,,,
continuous,rna_pathway_activity,LIHC,HALLMARK_FATTY_ACID_METABOLISM,FALSE,358,TRUE,Broad race,White,175,,,TRUE,performance estimated,0.409557539484131,0.235270661600818,0.597198835647112,,,,,
continuous,rna_pathway_activity,LIHC,HALLMARK_FATTY_ACID_METABOLISM,FALSE,358,TRUE,Recorded sex,FEMALE,118,,,TRUE,performance estimated,0.45975347937476,0.248168027078244,0.655405943342135,,,,,
continuous,rna_pathway_activity,LIHC,HALLMARK_FATTY_ACID_METABOLISM,FALSE,358,TRUE,Recorded sex,MALE,240,,,TRUE,performance estimated,0.498676793316264,0.206821234376623,0.646466431708884,,,,,
continuous,rna_pathway_activity,LIHC,HALLMARK_G2M_CHECKPOINT,FALSE,358,TRUE,Broad race,Asian,158,,,TRUE,performance estimated,0.441308744302846,0.388309281831135,0.654716524760443,,,,,
continuous,rna_pathway_activity,LIHC,HALLMARK_G2M_CHECKPOINT,FALSE,358,TRUE,Broad race,Black or African American,14,,,FALSE,fewer than 50 subgroup patients,,,,,,,,
continuous,rna_pathway_activity,LIHC,HALLMARK_G2M_CHECKPOINT,FALSE,358,TRUE,Broad race,Missing,9,,,FALSE,demographic field missing,,,,,,,,
continuous,rna_pathway_activity,LIHC,HALLMARK_G2M_CHECKPOINT,FALSE,358,TRUE,Broad race,Other recorded race,2,,,FALSE,fewer than 50 subgroup patients,,,,,,,,
continuous,rna_pathway_activity,LIHC,HALLMARK_G2M_CHECKPOINT,FALSE,358,TRUE,Broad race,White,175,,,TRUE,performance estimated,0.446873577507274,0.367005607536605,0.665877742946709,,,,,
continuous,rna_pathway_activity,LIHC,HALLMARK_G2M_CHECKPOINT,FALSE,358,TRUE,Recorded sex,FEMALE,118,,,TRUE,performance estimated,0.436245149370133,0.339570809545765,0.693096534572108,,,,,
continuous,rna_pathway_activity,LIHC,HALLMARK_G2M_CHECKPOINT,FALSE,358,TRUE,Recorded sex,MALE,240,,,TRUE,performance estimated,0.449298619386039,0.400426974096415,0.652389798434001,,,,,
continuous,rna_pathway_activity,LIHC,HALLMARK_HEDGEHOG_SIGNALING,FALSE,358,TRUE,Broad race,Asian,158,,,TRUE,performance estimated,0.259980920151808,0.359159586495964,0.51629718312216,,,,,
continuous,rna_pathway_activity,LIHC,HALLMARK_HEDGEHOG_SIGNALING,FALSE,358,TRUE,Broad race,Black or African American,14,,,FALSE,fewer than 50 subgroup patients,,,,,,,,
continuous,rna_pathway_activity,LIHC,HALLMARK_HEDGEHOG_SIGNALING,FALSE,358,TRUE,Broad race,Missing,9,,,FALSE,demographic field missing,,,,,,,,
continuous,rna_pathway_activity,LIHC,HALLMARK_HEDGEHOG_SIGNALING,FALSE,358,TRUE,Broad race,Other recorded race,2,,,FALSE,fewer than 50 subgroup patients,,,,,,,,
continuous,rna_pathway_activity,LIHC,HALLMARK_HEDGEHOG_SIGNALING,FALSE,358,TRUE,Broad race,White,175,,,TRUE,performance estimated,0.129127912902496,0.334109805106313,0.407839229735781,,,,,
continuous,rna_pathway_activity,LIHC,HALLMARK_HEDGEHOG_SIGNALING,FALSE,358,TRUE,Recorded sex,FEMALE,118,,,TRUE,performance estimated,0.31369316478395,0.321955506139597,0.596977565472082,,,,,
continuous,rna_pathway_activity,LIHC,HALLMARK_HEDGEHOG_SIGNALING,FALSE,358,TRUE,Recorded sex,MALE,240,,,TRUE,performance estimated,0.134159619294319,0.36429481919369,0.403156999253459,,,,,
continuous,rna_pathway_activity,LIHC,HALLMARK_HYPOXIA,FALSE,358,TRUE,Broad race,Asian,158,,,TRUE,performance estimated,0.132586105099355,0.213043353100067,0.445929545347367,,,,,
continuous,rna_pathway_activity,LIHC,HALLMARK_HYPOXIA,FALSE,358,TRUE,Broad race,Black or African American,14,,,FALSE,fewer than 50 subgroup patients,,,,,,,,
continuous,rna_pathway_activity,LIHC,HALLMARK_HYPOXIA,FALSE,358,TRUE,Broad race,Missing,9,,,FALSE,demographic field missing,,,,,,,,
continuous,rna_pathway_activity,LIHC,HALLMARK_HYPOXIA,FALSE,358,TRUE,Broad race,Other recorded race,2,,,FALSE,fewer than 50 subgroup patients,,,,,,,,
continuous,rna_pathway_activity,LIHC,HALLMARK_HYPOXIA,FALSE,358,TRUE,Broad race,White,175,,,TRUE,performance estimated,0.215955581928826,0.22722370767252,0.486034034930587,,,,,
continuous,rna_pathway_activity,LIHC,HALLMARK_HYPOXIA,FALSE,358,TRUE,Recorded sex,FEMALE,118,,,TRUE,performance estimated,0.293136290241974,0.221929434956394,0.581152513156501,,,,,
continuous,rna_pathway_activity,LIHC,HALLMARK_HYPOXIA,FALSE,358,TRUE,Recorded sex,MALE,240,,,TRUE,performance estimated,0.158772058812722,0.221195800005971,0.431699855900276,,,,,
continuous,rna_pathway_activity,LIHC,HALLMARK_IL2_STAT5_SIGNALING,FALSE,358,TRUE,Broad race,Asian,158,,,TRUE,performance estimated,0.332629646913609,0.24798864475367,0.567100473257383,,,,,
continuous,rna_pathway_activity,LIHC,HALLMARK_IL2_STAT5_SIGNALING,FALSE,358,TRUE,Broad race,Black or African American,14,,,FALSE,fewer than 50 subgroup patients,,,,,,,,
continuous,rna_pathway_activity,LIHC,HALLMARK_IL2_STAT5_SIGNALING,FALSE,358,TRUE,Broad race,Missing,9,,,FALSE,demographic field missing,,,,,,,,
continuous,rna_pathway_activity,LIHC,HALLMARK_IL2_STAT5_SIGNALING,FALSE,358,TRUE,Broad race,Other recorded race,2,,,FALSE,fewer than 50 subgroup patients,,,,,,,,
continuous,rna_pathway_activity,LIHC,HALLMARK_IL2_STAT5_SIGNALING,FALSE,358,TRUE,Broad race,White,175,,,TRUE,performance estimated,0.269448772085821,0.252127267584957,0.556575011195701,,,,,
continuous,rna_pathway_activity,LIHC,HALLMARK_IL2_STAT5_SIGNALING,FALSE,358,TRUE,Recorded sex,FEMALE,118,,,TRUE,performance estimated,0.36047348139567,0.253076382279038,0.601894682253606,,,,,
continuous,rna_pathway_activity,LIHC,HALLMARK_IL2_STAT5_SIGNALING,FALSE,358,TRUE,Recorded sex,MALE,240,,,TRUE,performance estimated,0.281528124642121,0.250027137871356,0.558681747947013,,,,,
continuous,rna_pathway_activity,LIHC,HALLMARK_IL6_JAK_STAT3_SIGNALING,FALSE,358,TRUE,Broad race,Asian,158,,,TRUE,performance estimated,0.362602276950564,0.313147552854844,0.549434631609212,,,,,
continuous,rna_pathway_activity,LIHC,HALLMARK_IL6_JAK_STAT3_SIGNALING,FALSE,358,TRUE,Broad race,Black or African American,14,,,FALSE,fewer than 50 subgroup patients,,,,,,,,
continuous,rna_pathway_activity,LIHC,HALLMARK_IL6_JAK_STAT3_SIGNALING,FALSE,358,TRUE,Broad race,Missing,9,,,FALSE,demographic field missing,,,,,,,,
continuous,rna_pathway_activity,LIHC,HALLMARK_IL6_JAK_STAT3_SIGNALING,FALSE,358,TRUE,Broad race,Other recorded race,2,,,FALSE,fewer than 50 subgroup patients,,,,,,,,
continuous,rna_pathway_activity,LIHC,HALLMARK_IL6_JAK_STAT3_SIGNALING,FALSE,358,TRUE,Broad race,White,175,,,TRUE,performance estimated,0.256215788909419,0.327206923934282,0.522332736229288,,,,,
continuous,rna_pathway_activity,LIHC,HALLMARK_IL6_JAK_STAT3_SIGNALING,FALSE,358,TRUE,Recorded sex,FEMALE,118,,,TRUE,performance estimated,0.349704911567422,0.315837118239486,0.600011686552065,,,,,
continuous,rna_pathway_activity,LIHC,HALLMARK_IL6_JAK_STAT3_SIGNALING,FALSE,358,TRUE,Recorded sex,MALE,240,,,TRUE,performance estimated,0.291963329066073,0.328512926623977,0.524377680168058,,,,,
continuous,rna_pathway_activity,LIHC,HALLMARK_INFLAMMATORY_RESPONSE,FALSE,358,TRUE,Broad race,Asian,158,,,TRUE,performance estimated,0.336402347137731,0.346241102798324,0.540067451727291,,,,,
continuous,rna_pathway_activity,LIHC,HALLMARK_INFLAMMATORY_RESPONSE,FALSE,358,TRUE,Broad race,Black or African American,14,,,FALSE,fewer than 50 subgroup patients,,,,,,,,
continuous,rna_pathway_activity,LIHC,HALLMARK_INFLAMMATORY_RESPONSE,FALSE,358,TRUE,Broad race,Missing,9,,,FALSE,demographic field missing,,,,,,,,
continuous,rna_pathway_activity,LIHC,HALLMARK_INFLAMMATORY_RESPONSE,FALSE,358,TRUE,Broad race,Other recorded race,2,,,FALSE,fewer than 50 subgroup patients,,,,,,,,
continuous,rna_pathway_activity,LIHC,HALLMARK_INFLAMMATORY_RESPONSE,FALSE,358,TRUE,Broad race,White,175,,,TRUE,performance estimated,0.271913489418825,0.359221283264102,0.547881773399015,,,,,
continuous,rna_pathway_activity,LIHC,HALLMARK_INFLAMMATORY_RESPONSE,FALSE,358,TRUE,Recorded sex,FEMALE,118,,,TRUE,performance estimated,0.349093544908082,0.357830041252758,0.598039580891027,,,,,
continuous,rna_pathway_activity,LIHC,HALLMARK_INFLAMMATORY_RESPONSE,FALSE,358,TRUE,Recorded sex,MALE,240,,,TRUE,performance estimated,0.287571827598638,0.356194478589656,0.538497022517752,,,,,
continuous,rna_pathway_activity,LIHC,HALLMARK_INTERFERON_GAMMA_RESPONSE,FALSE,358,TRUE,Broad race,Asian,158,,,TRUE,performance estimated,0.319059047814664,0.373531109453177,0.523687361091884,,,,,
continuous,rna_pathway_activity,LIHC,HALLMARK_INTERFERON_GAMMA_RESPONSE,FALSE,358,TRUE,Broad race,Black or African American,14,,,FALSE,fewer than 50 subgroup patients,,,,,,,,
continuous,rna_pathway_activity,LIHC,HALLMARK_INTERFERON_GAMMA_RESPONSE,FALSE,358,TRUE,Broad race,Missing,9,,,FALSE,demographic field missing,,,,,,,,
continuous,rna_pathway_activity,LIHC,HALLMARK_INTERFERON_GAMMA_RESPONSE,FALSE,358,TRUE,Broad race,Other recorded race,2,,,FALSE,fewer than 50 subgroup patients,,,,,,,,
continuous,rna_pathway_activity,LIHC,HALLMARK_INTERFERON_GAMMA_RESPONSE,FALSE,358,TRUE,Broad race,White,175,,,TRUE,performance estimated,0.167022166310804,0.408374554519538,0.444299149126735,,,,,
continuous,rna_pathway_activity,LIHC,HALLMARK_INTERFERON_GAMMA_RESPONSE,FALSE,358,TRUE,Recorded sex,FEMALE,118,,,TRUE,performance estimated,0.204679172079408,0.407780352563041,0.436598629021361,,,,,
continuous,rna_pathway_activity,LIHC,HALLMARK_INTERFERON_GAMMA_RESPONSE,FALSE,358,TRUE,Recorded sex,MALE,240,,,TRUE,performance estimated,0.245528215627428,0.38771917170421,0.495233597805517,,,,,
continuous,rna_pathway_activity,LIHC,HALLMARK_KRAS_SIGNALING_UP,FALSE,358,TRUE,Broad race,Asian,158,,,TRUE,performance estimated,0.231946614696108,0.278141965806109,0.483094017120021,,,,,
continuous,rna_pathway_activity,LIHC,HALLMARK_KRAS_SIGNALING_UP,FALSE,358,TRUE,Broad race,Black or African American,14,,,FALSE,fewer than 50 subgroup patients,,,,,,,,
continuous,rna_pathway_activity,LIHC,HALLMARK_KRAS_SIGNALING_UP,FALSE,358,TRUE,Broad race,Missing,9,,,FALSE,demographic field missing,,,,,,,,
continuous,rna_pathway_activity,LIHC,HALLMARK_KRAS_SIGNALING_UP,FALSE,358,TRUE,Broad race,Other recorded race,2,,,FALSE,fewer than 50 subgroup patients,,,,,,,,
continuous,rna_pathway_activity,LIHC,HALLMARK_KRAS_SIGNALING_UP,FALSE,358,TRUE,Broad race,White,175,,,TRUE,performance estimated,0.224307042702199,0.271849247613776,0.493970891177788,,,,,
continuous,rna_pathway_activity,LIHC,HALLMARK_KRAS_SIGNALING_UP,FALSE,358,TRUE,Recorded sex,FEMALE,118,,,TRUE,performance estimated,0.304467980498879,0.275566126102896,0.564563452499644,,,,,
continuous,rna_pathway_activity,LIHC,HALLMARK_KRAS_SIGNALING_UP,FALSE,358,TRUE,Recorded sex,MALE,240,,,TRUE,performance estimated,0.195283455116243,0.277988708843098,0.459526380666331,,,,,
continuous,rna_pathway_activity,LIHC,HALLMARK_MITOTIC_SPINDLE,FALSE,358,TRUE,Broad race,Asian,158,,,TRUE,performance estimated,0.349399993596001,0.32973526646886,0.603523189003269,,,,,
continuous,rna_pathway_activity,LIHC,HALLMARK_MITOTIC_SPINDLE,FALSE,358,TRUE,Broad race,Black or African American,14,,,FALSE,fewer than 50 subgroup patients,,,,,,,,
continuous,rna_pathway_activity,LIHC,HALLMARK_MITOTIC_SPINDLE,FALSE,358,TRUE,Broad race,Missing,9,,,FALSE,demographic field missing,,,,,,,,
continuous,rna_pathway_activity,LIHC,HALLMARK_MITOTIC_SPINDLE,FALSE,358,TRUE,Broad race,Other recorded race,2,,,FALSE,fewer than 50 subgroup patients,,,,,,,,
continuous,rna_pathway_activity,LIHC,HALLMARK_MITOTIC_SPINDLE,FALSE,358,TRUE,Broad race,White,175,,,TRUE,performance estimated,0.227924022040885,0.306971073830404,0.510413345275414,,,,,
continuous,rna_pathway_activity,LIHC,HALLMARK_MITOTIC_SPINDLE,FALSE,358,TRUE,Recorded sex,FEMALE,118,,,TRUE,performance estimated,0.206077685869095,0.285340598358961,0.55047969644181,,,,,
continuous,rna_pathway_activity,LIHC,HALLMARK_MITOTIC_SPINDLE,FALSE,358,TRUE,Recorded sex,MALE,240,,,TRUE,performance estimated,0.275620675429348,0.341519660369572,0.532241879199292,,,,,
continuous,rna_pathway_activity,LIHC,HALLMARK_MTORC1_SIGNALING,FALSE,358,TRUE,Broad race,Asian,158,,,TRUE,performance estimated,0.273596448493842,0.229077791942229,0.554681688392492,,,,,
continuous,rna_pathway_activity,LIHC,HALLMARK_MTORC1_SIGNALING,FALSE,358,TRUE,Broad race,Black or African American,14,,,FALSE,fewer than 50 subgroup patients,,,,,,,,
continuous,rna_pathway_activity,LIHC,HALLMARK_MTORC1_SIGNALING,FALSE,358,TRUE,Broad race,Missing,9,,,FALSE,demographic field missing,,,,,,,,
continuous,rna_pathway_activity,LIHC,HALLMARK_MTORC1_SIGNALING,FALSE,358,TRUE,Broad race,Other recorded race,2,,,FALSE,fewer than 50 subgroup patients,,,,,,,,
continuous,rna_pathway_activity,LIHC,HALLMARK_MTORC1_SIGNALING,FALSE,358,TRUE,Broad race,White,175,,,TRUE,performance estimated,0.206417123489631,0.204386922464164,0.46346618898343,,,,,
continuous,rna_pathway_activity,LIHC,HALLMARK_MTORC1_SIGNALING,FALSE,358,TRUE,Recorded sex,FEMALE,118,,,TRUE,performance estimated,0.118514630102374,0.223449603051626,0.429272621695354,,,,,
continuous,rna_pathway_activity,LIHC,HALLMARK_MTORC1_SIGNALING,FALSE,358,TRUE,Recorded sex,MALE,240,,,TRUE,performance estimated,0.235379307560765,0.219451909123729,0.51425458775326,,,,,
continuous,rna_pathway_activity,LIHC,HALLMARK_MYC_TARGETS_V1,FALSE,358,TRUE,Broad race,Asian,158,,,TRUE,performance estimated,0.321157074538202,0.350709481908369,0.561032556031027,,,,,
continuous,rna_pathway_activity,LIHC,HALLMARK_MYC_TARGETS_V1,FALSE,358,TRUE,Broad race,Black or African American,14,,,FALSE,fewer than 50 subgroup patients,,,,,,,,
continuous,rna_pathway_activity,LIHC,HALLMARK_MYC_TARGETS_V1,FALSE,358,TRUE,Broad race,Missing,9,,,FALSE,demographic field missing,,,,,,,,
continuous,rna_pathway_activity,LIHC,HALLMARK_MYC_TARGETS_V1,FALSE,358,TRUE,Broad race,Other recorded race,2,,,FALSE,fewer than 50 subgroup patients,,,,,,,,
continuous,rna_pathway_activity,LIHC,HALLMARK_MYC_TARGETS_V1,FALSE,358,TRUE,Broad race,White,175,,,TRUE,performance estimated,0.28940713001309,0.323416994611456,0.580815494849978,,,,,
continuous,rna_pathway_activity,LIHC,HALLMARK_MYC_TARGETS_V1,FALSE,358,TRUE,Recorded sex,FEMALE,118,,,TRUE,performance estimated,0.302379784741883,0.323570239635784,0.611543391802614,,,,,
continuous,rna_pathway_activity,LIHC,HALLMARK_MYC_TARGETS_V1,FALSE,358,TRUE,Recorded sex,MALE,240,,,TRUE,performance estimated,0.359546738029517,0.343572123082498,0.573684612580079,,,,,
continuous,rna_pathway_activity,LIHC,HALLMARK_MYC_TARGETS_V2,FALSE,358,TRUE,Broad race,Asian,158,,,TRUE,performance estimated,0.265680271588521,0.364087592041557,0.519616526129558,,,,,
continuous,rna_pathway_activity,LIHC,HALLMARK_MYC_TARGETS_V2,FALSE,358,TRUE,Broad race,Black or African American,14,,,FALSE,fewer than 50 subgroup patients,,,,,,,,
continuous,rna_pathway_activity,LIHC,HALLMARK_MYC_TARGETS_V2,FALSE,358,TRUE,Broad race,Missing,9,,,FALSE,demographic field missing,,,,,,,,
continuous,rna_pathway_activity,LIHC,HALLMARK_MYC_TARGETS_V2,FALSE,358,TRUE,Broad race,Other recorded race,2,,,FALSE,fewer than 50 subgroup patients,,,,,,,,
continuous,rna_pathway_activity,LIHC,HALLMARK_MYC_TARGETS_V2,FALSE,358,TRUE,Broad race,White,175,,,TRUE,performance estimated,0.182183019128574,0.396671494425698,0.426826690550829,,,,,
continuous,rna_pathway_activity,LIHC,HALLMARK_MYC_TARGETS_V2,FALSE,358,TRUE,Recorded sex,FEMALE,118,,,TRUE,performance estimated,0.176632279158587,0.365483014894001,0.428828532716868,,,,,
continuous,rna_pathway_activity,LIHC,HALLMARK_MYC_TARGETS_V2,FALSE,358,TRUE,Recorded sex,MALE,240,,,TRUE,performance estimated,0.28283648505282,0.385055418675199,0.499811975902359,,,,,
continuous,rna_pathway_activity,LIHC,HALLMARK_MYOGENESIS,FALSE,358,TRUE,Broad race,Asian,158,,,TRUE,performance estimated,0.313304557582343,0.236410612547202,0.570536647402713,,,,,
continuous,rna_pathway_activity,LIHC,HALLMARK_MYOGENESIS,FALSE,358,TRUE,Broad race,Black or African American,14,,,FALSE,fewer than 50 subgroup patients,,,,,,,,
continuous,rna_pathway_activity,LIHC,HALLMARK_MYOGENESIS,FALSE,358,TRUE,Broad race,Missing,9,,,FALSE,demographic field missing,,,,,,,,
continuous,rna_pathway_activity,LIHC,HALLMARK_MYOGENESIS,FALSE,358,TRUE,Broad race,Other recorded race,2,,,FALSE,fewer than 50 subgroup patients,,,,,,,,
continuous,rna_pathway_activity,LIHC,HALLMARK_MYOGENESIS,FALSE,358,TRUE,Broad race,White,175,,,TRUE,performance estimated,0.288111641906571,0.230717113011127,0.537612180922526,,,,,
continuous,rna_pathway_activity,LIHC,HALLMARK_MYOGENESIS,FALSE,358,TRUE,Recorded sex,FEMALE,118,,,TRUE,performance estimated,0.35047634262251,0.241581688288163,0.602080206267644,,,,,
continuous,rna_pathway_activity,LIHC,HALLMARK_MYOGENESIS,FALSE,358,TRUE,Recorded sex,MALE,240,,,TRUE,performance estimated,0.240356983256802,0.229552585348915,0.507219743398323,,,,,
continuous,rna_pathway_activity,LIHC,HALLMARK_NOTCH_SIGNALING,FALSE,358,TRUE,Broad race,Asian,158,,,TRUE,performance estimated,0.376668051545703,0.266909194744586,0.62337961448767,,,,,
continuous,rna_pathway_activity,LIHC,HALLMARK_NOTCH_SIGNALING,FALSE,358,TRUE,Broad race,Black or African American,14,,,FALSE,fewer than 50 subgroup patients,,,,,,,,
continuous,rna_pathway_activity,LIHC,HALLMARK_NOTCH_SIGNALING,FALSE,358,TRUE,Broad race,Missing,9,,,FALSE,demographic field missing,,,,,,,,
continuous,rna_pathway_activity,LIHC,HALLMARK_NOTCH_SIGNALING,FALSE,358,TRUE,Broad race,Other recorded race,2,,,FALSE,fewer than 50 subgroup patients,,,,,,,,
continuous,rna_pathway_activity,LIHC,HALLMARK_NOTCH_SIGNALING,FALSE,358,TRUE,Broad race,White,175,,,TRUE,performance estimated,0.273174305596979,0.25589717937038,0.547938199731303,,,,,
continuous,rna_pathway_activity,LIHC,HALLMARK_NOTCH_SIGNALING,FALSE,358,TRUE,Recorded sex,FEMALE,118,,,TRUE,performance estimated,0.304209322275188,0.253436912179836,0.620783072029333,,,,,
continuous,rna_pathway_activity,LIHC,HALLMARK_NOTCH_SIGNALING,FALSE,358,TRUE,Recorded sex,MALE,240,,,TRUE,performance estimated,0.285721210813642,0.262456143888566,0.560541155228389,,,,,
continuous,rna_pathway_activity,LIHC,HALLMARK_OXIDATIVE_PHOSPHORYLATION,FALSE,358,TRUE,Broad race,Asian,158,,,TRUE,performance estimated,0.285051985301362,0.362212106306396,0.511097588988665,,,,,
continuous,rna_pathway_activity,LIHC,HALLMARK_OXIDATIVE_PHOSPHORYLATION,FALSE,358,TRUE,Broad race,Black or African American,14,,,FALSE,fewer than 50 subgroup patients,,,,,,,,
continuous,rna_pathway_activity,LIHC,HALLMARK_OXIDATIVE_PHOSPHORYLATION,FALSE,358,TRUE,Broad race,Missing,9,,,FALSE,demographic field missing,,,,,,,,
continuous,rna_pathway_activity,LIHC,HALLMARK_OXIDATIVE_PHOSPHORYLATION,FALSE,358,TRUE,Broad race,Other recorded race,2,,,FALSE,fewer than 50 subgroup patients,,,,,,,,
continuous,rna_pathway_activity,LIHC,HALLMARK_OXIDATIVE_PHOSPHORYLATION,FALSE,358,TRUE,Broad race,White,175,,,TRUE,performance estimated,0.126515044029578,0.377406152895193,0.430995073891626,,,,,
continuous,rna_pathway_activity,LIHC,HALLMARK_OXIDATIVE_PHOSPHORYLATION,FALSE,358,TRUE,Recorded sex,FEMALE,118,,,TRUE,performance estimated,0.178886867260904,0.393990474476246,0.416557653048181,,,,,
continuous,rna_pathway_activity,LIHC,HALLMARK_OXIDATIVE_PHOSPHORYLATION,FALSE,358,TRUE,Recorded sex,MALE,240,,,TRUE,performance estimated,0.206887594882488,0.354016188252929,0.459736800986128,,,,,
continuous,rna_pathway_activity,LIHC,HALLMARK_P53_PATHWAY,FALSE,358,TRUE,Broad race,Asian,158,,,TRUE,performance estimated,0.253942116190102,0.171342085441065,0.489149155940666,,,,,
continuous,rna_pathway_activity,LIHC,HALLMARK_P53_PATHWAY,FALSE,358,TRUE,Broad race,Black or African American,14,,,FALSE,fewer than 50 subgroup patients,,,,,,,,
continuous,rna_pathway_activity,LIHC,HALLMARK_P53_PATHWAY,FALSE,358,TRUE,Broad race,Missing,9,,,FALSE,demographic field missing,,,,,,,,
continuous,rna_pathway_activity,LIHC,HALLMARK_P53_PATHWAY,FALSE,358,TRUE,Broad race,Other recorded race,2,,,FALSE,fewer than 50 subgroup patients,,,,,,,,
continuous,rna_pathway_activity,LIHC,HALLMARK_P53_PATHWAY,FALSE,358,TRUE,Broad race,White,175,,,TRUE,performance estimated,0.268677468427676,0.173948458887323,0.51507433945365,,,,,
continuous,rna_pathway_activity,LIHC,HALLMARK_P53_PATHWAY,FALSE,358,TRUE,Recorded sex,FEMALE,118,,,TRUE,performance estimated,0.343417255873434,0.176316581351206,0.58104149091188,,,,,
continuous,rna_pathway_activity,LIHC,HALLMARK_P53_PATHWAY,FALSE,358,TRUE,Recorded sex,MALE,240,,,TRUE,performance estimated,0.217888850749823,0.1765082727741,0.472236844389659,,,,,
continuous,rna_pathway_activity,LIHC,HALLMARK_PEROXISOME,FALSE,358,TRUE,Broad race,Asian,158,,,TRUE,performance estimated,0.438361873875307,0.176298477072177,0.596337465524926,,,,,
continuous,rna_pathway_activity,LIHC,HALLMARK_PEROXISOME,FALSE,358,TRUE,Broad race,Black or African American,14,,,FALSE,fewer than 50 subgroup patients,,,,,,,,
continuous,rna_pathway_activity,LIHC,HALLMARK_PEROXISOME,FALSE,358,TRUE,Broad race,Missing,9,,,FALSE,demographic field missing,,,,,,,,
continuous,rna_pathway_activity,LIHC,HALLMARK_PEROXISOME,FALSE,358,TRUE,Broad race,Other recorded race,2,,,FALSE,fewer than 50 subgroup patients,,,,,,,,
continuous,rna_pathway_activity,LIHC,HALLMARK_PEROXISOME,FALSE,358,TRUE,Broad race,White,175,,,TRUE,performance estimated,0.268510965524553,0.179337825711333,0.417015226153157,,,,,
continuous,rna_pathway_activity,LIHC,HALLMARK_PEROXISOME,FALSE,358,TRUE,Recorded sex,FEMALE,118,,,TRUE,performance estimated,0.361776024868669,0.189721332189072,0.56852519364982,,,,,
continuous,rna_pathway_activity,LIHC,HALLMARK_PEROXISOME,FALSE,358,TRUE,Recorded sex,MALE,240,,,TRUE,performance estimated,0.336836969137814,0.168628983594852,0.480451743953888,,,,,
continuous,rna_pathway_activity,LIHC,HALLMARK_PI3K_AKT_MTOR_SIGNALING,FALSE,358,TRUE,Broad race,Asian,158,,,TRUE,performance estimated,0.350161098067773,0.190644870547143,0.552715030903966,,,,,
continuous,rna_pathway_activity,LIHC,HALLMARK_PI3K_AKT_MTOR_SIGNALING,FALSE,358,TRUE,Broad race,Black or African American,14,,,FALSE,fewer than 50 subgroup patients,,,,,,,,
continuous,rna_pathway_activity,LIHC,HALLMARK_PI3K_AKT_MTOR_SIGNALING,FALSE,358,TRUE,Broad race,Missing,9,,,FALSE,demographic field missing,,,,,,,,
continuous,rna_pathway_activity,LIHC,HALLMARK_PI3K_AKT_MTOR_SIGNALING,FALSE,358,TRUE,Broad race,Other recorded race,2,,,FALSE,fewer than 50 subgroup patients,,,,,,,,
continuous,rna_pathway_activity,LIHC,HALLMARK_PI3K_AKT_MTOR_SIGNALING,FALSE,358,TRUE,Broad race,White,175,,,TRUE,performance estimated,0.201811914033073,0.184044947468527,0.499281236005374,,,,,
continuous,rna_pathway_activity,LIHC,HALLMARK_PI3K_AKT_MTOR_SIGNALING,FALSE,358,TRUE,Recorded sex,FEMALE,118,,,TRUE,performance estimated,0.288354213367442,0.182599284473639,0.574929424181667,,,,,
continuous,rna_pathway_activity,LIHC,HALLMARK_PI3K_AKT_MTOR_SIGNALING,FALSE,358,TRUE,Recorded sex,MALE,240,,,TRUE,performance estimated,0.274821396117277,0.193211572418187,0.505400267365753,,,,,
continuous,rna_pathway_activity,LIHC,HALLMARK_REACTIVE_OXYGEN_SPECIES_PATHWAY,FALSE,358,TRUE,Broad race,Asian,158,,,TRUE,performance estimated,0.354012276317383,0.248845905713152,0.614712812937832,,,,,
continuous,rna_pathway_activity,LIHC,HALLMARK_REACTIVE_OXYGEN_SPECIES_PATHWAY,FALSE,358,TRUE,Broad race,Black or African American,14,,,FALSE,fewer than 50 subgroup patients,,,,,,,,
continuous,rna_pathway_activity,LIHC,HALLMARK_REACTIVE_OXYGEN_SPECIES_PATHWAY,FALSE,358,TRUE,Broad race,Missing,9,,,FALSE,demographic field missing,,,,,,,,
continuous,rna_pathway_activity,LIHC,HALLMARK_REACTIVE_OXYGEN_SPECIES_PATHWAY,FALSE,358,TRUE,Broad race,Other recorded race,2,,,FALSE,fewer than 50 subgroup patients,,,,,,,,
continuous,rna_pathway_activity,LIHC,HALLMARK_REACTIVE_OXYGEN_SPECIES_PATHWAY,FALSE,358,TRUE,Broad race,White,175,,,TRUE,performance estimated,0.277711339148121,0.250772206523208,0.565530676220331,,,,,
continuous,rna_pathway_activity,LIHC,HALLMARK_REACTIVE_OXYGEN_SPECIES_PATHWAY,FALSE,358,TRUE,Recorded sex,FEMALE,118,,,TRUE,performance estimated,0.184029738735024,0.271933359393784,0.497872682319342,,,,,
continuous,rna_pathway_activity,LIHC,HALLMARK_REACTIVE_OXYGEN_SPECIES_PATHWAY,FALSE,358,TRUE,Recorded sex,MALE,240,,,TRUE,performance estimated,0.290535778345035,0.242591349440547,0.567710376916266,,,,,
continuous,rna_pathway_activity,LIHC,HALLMARK_SPERMATOGENESIS,FALSE,358,TRUE,Broad race,Asian,158,,,TRUE,performance estimated,0.26271374174288,0.210886018047978,0.511222939063738,,,,,
continuous,rna_pathway_activity,LIHC,HALLMARK_SPERMATOGENESIS,FALSE,358,TRUE,Broad race,Black or African American,14,,,FALSE,fewer than 50 subgroup patients,,,,,,,,
continuous,rna_pathway_activity,LIHC,HALLMARK_SPERMATOGENESIS,FALSE,358,TRUE,Broad race,Missing,9,,,FALSE,demographic field missing,,,,,,,,
continuous,rna_pathway_activity,LIHC,HALLMARK_SPERMATOGENESIS,FALSE,358,TRUE,Broad race,Other recorded race,2,,,FALSE,fewer than 50 subgroup patients,,,,,,,,
continuous,rna_pathway_activity,LIHC,HALLMARK_SPERMATOGENESIS,FALSE,358,TRUE,Broad race,White,175,,,TRUE,performance estimated,0.178591605937456,0.197423293241659,0.457476489028213,,,,,
continuous,rna_pathway_activity,LIHC,HALLMARK_SPERMATOGENESIS,FALSE,358,TRUE,Recorded sex,FEMALE,118,,,TRUE,performance estimated,0.131458892765276,0.182328601914036,0.475136495276077,,,,,
continuous,rna_pathway_activity,LIHC,HALLMARK_SPERMATOGENESIS,FALSE,358,TRUE,Recorded sex,MALE,240,,,TRUE,performance estimated,0.244183840789553,0.221997734339185,0.49206739700342,,,,,
continuous,rna_pathway_activity,LIHC,HALLMARK_TGF_BETA_SIGNALING,FALSE,358,TRUE,Broad race,Asian,158,,,TRUE,performance estimated,0.287669507384687,0.325919685933368,0.501345839944384,,,,,
continuous,rna_pathway_activity,LIHC,HALLMARK_TGF_BETA_SIGNALING,FALSE,358,TRUE,Broad race,Black or African American,14,,,FALSE,fewer than 50 subgroup patients,,,,,,,,
continuous,rna_pathway_activity,LIHC,HALLMARK_TGF_BETA_SIGNALING,FALSE,358,TRUE,Broad race,Missing,9,,,FALSE,demographic field missing,,,,,,,,
continuous,rna_pathway_activity,LIHC,HALLMARK_TGF_BETA_SIGNALING,FALSE,358,TRUE,Broad race,Other recorded race,2,,,FALSE,fewer than 50 subgroup patients,,,,,,,,
continuous,rna_pathway_activity,LIHC,HALLMARK_TGF_BETA_SIGNALING,FALSE,358,TRUE,Broad race,White,175,,,TRUE,performance estimated,0.122794094692612,0.347585733372875,0.417844155844156,,,,,
continuous,rna_pathway_activity,LIHC,HALLMARK_TGF_BETA_SIGNALING,FALSE,358,TRUE,Recorded sex,FEMALE,118,,,TRUE,performance estimated,0.265740173440298,0.324990610051131,0.531243631742136,,,,,
continuous,rna_pathway_activity,LIHC,HALLMARK_TGF_BETA_SIGNALING,FALSE,358,TRUE,Recorded sex,MALE,240,,,TRUE,performance estimated,0.131022714160621,0.348737922750515,0.387388149099811,,,,,
continuous,rna_pathway_activity,LIHC,HALLMARK_UNFOLDED_PROTEIN_RESPONSE,FALSE,358,TRUE,Broad race,Asian,158,,,TRUE,performance estimated,0.23977810777964,0.217284655596826,0.499875106296559,,,,,
continuous,rna_pathway_activity,LIHC,HALLMARK_UNFOLDED_PROTEIN_RESPONSE,FALSE,358,TRUE,Broad race,Black or African American,14,,,FALSE,fewer than 50 subgroup patients,,,,,,,,
continuous,rna_pathway_activity,LIHC,HALLMARK_UNFOLDED_PROTEIN_RESPONSE,FALSE,358,TRUE,Broad race,Missing,9,,,FALSE,demographic field missing,,,,,,,,
continuous,rna_pathway_activity,LIHC,HALLMARK_UNFOLDED_PROTEIN_RESPONSE,FALSE,358,TRUE,Broad race,Other recorded race,2,,,FALSE,fewer than 50 subgroup patients,,,,,,,,
continuous,rna_pathway_activity,LIHC,HALLMARK_UNFOLDED_PROTEIN_RESPONSE,FALSE,358,TRUE,Broad race,White,175,,,TRUE,performance estimated,0.134273663223418,0.18469394405751,0.402751007613077,,,,,
continuous,rna_pathway_activity,LIHC,HALLMARK_UNFOLDED_PROTEIN_RESPONSE,FALSE,358,TRUE,Recorded sex,FEMALE,118,,,TRUE,performance estimated,0.0687383342338606,0.209241340377866,0.365712386649575,,,,,
continuous,rna_pathway_activity,LIHC,HALLMARK_UNFOLDED_PROTEIN_RESPONSE,FALSE,358,TRUE,Recorded sex,MALE,240,,,TRUE,performance estimated,0.248598451996437,0.200457765041471,0.500721713918644,,,,,
continuous,rna_pathway_activity,LIHC,HALLMARK_UV_RESPONSE_UP,FALSE,358,TRUE,Broad race,Asian,158,,,TRUE,performance estimated,0.223472223523616,0.16948699096103,0.523881471159595,,,,,
continuous,rna_pathway_activity,LIHC,HALLMARK_UV_RESPONSE_UP,FALSE,358,TRUE,Broad race,Black or African American,14,,,FALSE,fewer than 50 subgroup patients,,,,,,,,
continuous,rna_pathway_activity,LIHC,HALLMARK_UV_RESPONSE_UP,FALSE,358,TRUE,Broad race,Missing,9,,,FALSE,demographic field missing,,,,,,,,
continuous,rna_pathway_activity,LIHC,HALLMARK_UV_RESPONSE_UP,FALSE,358,TRUE,Broad race,Other recorded race,2,,,FALSE,fewer than 50 subgroup patients,,,,,,,,
continuous,rna_pathway_activity,LIHC,HALLMARK_UV_RESPONSE_UP,FALSE,358,TRUE,Broad race,White,175,,,TRUE,performance estimated,0.223713770324172,0.147862612628794,0.499720555306762,,,,,
continuous,rna_pathway_activity,LIHC,HALLMARK_UV_RESPONSE_UP,FALSE,358,TRUE,Recorded sex,FEMALE,118,,,TRUE,performance estimated,0.161826760001102,0.160522496676403,0.470410745784624,,,,,
continuous,rna_pathway_activity,LIHC,HALLMARK_UV_RESPONSE_UP,FALSE,358,TRUE,Recorded sex,MALE,240,,,TRUE,performance estimated,0.256194865727254,0.161146243892019,0.534758242330596,,,,,
continuous,rna_pathway_activity,LIHC,HALLMARK_XENOBIOTIC_METABOLISM,FALSE,358,TRUE,Broad race,Asian,158,,,TRUE,performance estimated,0.56327616692468,0.23507778482177,0.694123302487682,,,,,
continuous,rna_pathway_activity,LIHC,HALLMARK_XENOBIOTIC_METABOLISM,FALSE,358,TRUE,Broad race,Black or African American,14,,,FALSE,fewer than 50 subgroup patients,,,,,,,,
continuous,rna_pathway_activity,LIHC,HALLMARK_XENOBIOTIC_METABOLISM,FALSE,358,TRUE,Broad race,Missing,9,,,FALSE,demographic field missing,,,,,,,,
continuous,rna_pathway_activity,LIHC,HALLMARK_XENOBIOTIC_METABOLISM,FALSE,358,TRUE,Broad race,Other recorded race,2,,,FALSE,fewer than 50 subgroup patients,,,,,,,,
continuous,rna_pathway_activity,LIHC,HALLMARK_XENOBIOTIC_METABOLISM,FALSE,358,TRUE,Broad race,White,175,,,TRUE,performance estimated,0.424183396876149,0.250090240604114,0.564244066278549,,,,,
continuous,rna_pathway_activity,LIHC,HALLMARK_XENOBIOTIC_METABOLISM,FALSE,358,TRUE,Recorded sex,FEMALE,118,,,TRUE,performance estimated,0.486412582064463,0.262984365303229,0.666684926904269,,,,,
continuous,rna_pathway_activity,LIHC,HALLMARK_XENOBIOTIC_METABOLISM,FALSE,358,TRUE,Recorded sex,MALE,240,,,TRUE,performance estimated,0.49690168919429,0.22630240955754,0.613739995486033,,,,,
continuous,rna_pathway_activity,LUAD,HALLMARK_ALLOGRAFT_REJECTION,FALSE,462,TRUE,Broad race,Asian,8,,,FALSE,fewer than 50 subgroup patients,,,,,,,,
continuous,rna_pathway_activity,LUAD,HALLMARK_ALLOGRAFT_REJECTION,FALSE,462,TRUE,Broad race,Black or African American,50,,,TRUE,performance estimated,0.299450888497197,0.417385285448581,0.55515006002401,,,,,
continuous,rna_pathway_activity,LUAD,HALLMARK_ALLOGRAFT_REJECTION,FALSE,462,TRUE,Broad race,Missing,54,,,FALSE,demographic field missing,,,,,,,,
continuous,rna_pathway_activity,LUAD,HALLMARK_ALLOGRAFT_REJECTION,FALSE,462,TRUE,Broad race,Other recorded race,1,,,FALSE,fewer than 50 subgroup patients,,,,,,,,
continuous,rna_pathway_activity,LUAD,HALLMARK_ALLOGRAFT_REJECTION,FALSE,462,TRUE,Broad race,White,349,,,TRUE,performance estimated,0.435950445877141,0.356888239280964,0.64996152271797,,,,,
continuous,rna_pathway_activity,LUAD,HALLMARK_ALLOGRAFT_REJECTION,FALSE,462,TRUE,Recorded sex,FEMALE,251,,,TRUE,performance estimated,0.335608570710786,0.374694942782778,0.563129728704231,,,,,
continuous,rna_pathway_activity,LUAD,HALLMARK_ALLOGRAFT_REJECTION,FALSE,462,TRUE,Recorded sex,MALE,211,,,TRUE,performance estimated,0.441532014230654,0.358605658782619,0.650406101097329,,,,,
continuous,rna_pathway_activity,LUAD,HALLMARK_APICAL_JUNCTION,FALSE,462,TRUE,Broad race,Asian,8,,,FALSE,fewer than 50 subgroup patients,,,,,,,,
continuous,rna_pathway_activity,LUAD,HALLMARK_APICAL_JUNCTION,FALSE,462,TRUE,Broad race,Black or African American,50,,,TRUE,performance estimated,0.182847149193957,0.245982942026161,0.547563025210084,,,,,
continuous,rna_pathway_activity,LUAD,HALLMARK_APICAL_JUNCTION,FALSE,462,TRUE,Broad race,Missing,54,,,FALSE,demographic field missing,,,,,,,,
continuous,rna_pathway_activity,LUAD,HALLMARK_APICAL_JUNCTION,FALSE,462,TRUE,Broad race,Other recorded race,1,,,FALSE,fewer than 50 subgroup patients,,,,,,,,
continuous,rna_pathway_activity,LUAD,HALLMARK_APICAL_JUNCTION,FALSE,462,TRUE,Broad race,White,349,,,TRUE,performance estimated,0.28779660996413,0.234115592310549,0.520687340324925,,,,,
continuous,rna_pathway_activity,LUAD,HALLMARK_APICAL_JUNCTION,FALSE,462,TRUE,Recorded sex,FEMALE,251,,,TRUE,performance estimated,0.188878564370313,0.232053479274247,0.430391500664011,,,,,
continuous,rna_pathway_activity,LUAD,HALLMARK_APICAL_JUNCTION,FALSE,462,TRUE,Recorded sex,MALE,211,,,TRUE,performance estimated,0.287587491957937,0.244554753250703,0.571633729768399,,,,,
continuous,rna_pathway_activity,LUAD,HALLMARK_APOPTOSIS,FALSE,462,TRUE,Broad race,Asian,8,,,FALSE,fewer than 50 subgroup patients,,,,,,,,
continuous,rna_pathway_activity,LUAD,HALLMARK_APOPTOSIS,FALSE,462,TRUE,Broad race,Black or African American,50,,,TRUE,performance estimated,0.252631194788446,0.22069412454974,0.58031212484994,,,,,
continuous,rna_pathway_activity,LUAD,HALLMARK_APOPTOSIS,FALSE,462,TRUE,Broad race,Missing,54,,,FALSE,demographic field missing,,,,,,,,
continuous,rna_pathway_activity,LUAD,HALLMARK_APOPTOSIS,FALSE,462,TRUE,Broad race,Other recorded race,1,,,FALSE,fewer than 50 subgroup patients,,,,,,,,
continuous,rna_pathway_activity,LUAD,HALLMARK_APOPTOSIS,FALSE,462,TRUE,Broad race,White,349,,,TRUE,performance estimated,0.381352547702113,0.190002818001146,0.60957573362316,,,,,
continuous,rna_pathway_activity,LUAD,HALLMARK_APOPTOSIS,FALSE,462,TRUE,Recorded sex,FEMALE,251,,,TRUE,performance estimated,0.313003723171644,0.188980774146244,0.515837298425346,,,,,
continuous,rna_pathway_activity,LUAD,HALLMARK_APOPTOSIS,FALSE,462,TRUE,Recorded sex,MALE,211,,,TRUE,performance estimated,0.376887893607589,0.200170107016716,0.642602419488765,,,,,
continuous,rna_pathway_activity,LUAD,HALLMARK_COMPLEMENT,FALSE,462,TRUE,Broad race,Asian,8,,,FALSE,fewer than 50 subgroup patients,,,,,,,,
continuous,rna_pathway_activity,LUAD,HALLMARK_COMPLEMENT,FALSE,462,TRUE,Broad race,Black or African American,50,,,TRUE,performance estimated,0.174020349959225,0.3186002609276,0.470328931572629,,,,,
continuous,rna_pathway_activity,LUAD,HALLMARK_COMPLEMENT,FALSE,462,TRUE,Broad race,Missing,54,,,FALSE,demographic field missing,,,,,,,,
continuous,rna_pathway_activity,LUAD,HALLMARK_COMPLEMENT,FALSE,462,TRUE,Broad race,Other recorded race,1,,,FALSE,fewer than 50 subgroup patients,,,,,,,,
continuous,rna_pathway_activity,LUAD,HALLMARK_COMPLEMENT,FALSE,462,TRUE,Broad race,White,349,,,TRUE,performance estimated,0.360616790620262,0.249461727498254,0.599937273279038,,,,,
continuous,rna_pathway_activity,LUAD,HALLMARK_COMPLEMENT,FALSE,462,TRUE,Recorded sex,FEMALE,251,,,TRUE,performance estimated,0.253597667362906,0.265217955673045,0.49409265793967,,,,,
continuous,rna_pathway_activity,LUAD,HALLMARK_COMPLEMENT,FALSE,462,TRUE,Recorded sex,MALE,211,,,TRUE,performance estimated,0.366480479227964,0.257822474634498,0.620899324229379,,,,,
continuous,rna_pathway_activity,LUAD,HALLMARK_E2F_TARGETS,FALSE,462,TRUE,Broad race,Asian,8,,,FALSE,fewer than 50 subgroup patients,,,,,,,,
continuous,rna_pathway_activity,LUAD,HALLMARK_E2F_TARGETS,FALSE,462,TRUE,Broad race,Black or African American,50,,,TRUE,performance estimated,0.424462644972429,0.4388094671008,0.652648259303722,,,,,
continuous,rna_pathway_activity,LUAD,HALLMARK_E2F_TARGETS,FALSE,462,TRUE,Broad race,Missing,54,,,FALSE,demographic field missing,,,,,,,,
continuous,rna_pathway_activity,LUAD,HALLMARK_E2F_TARGETS,FALSE,462,TRUE,Broad race,Other recorded race,1,,,FALSE,fewer than 50 subgroup patients,,,,,,,,
continuous,rna_pathway_activity,LUAD,HALLMARK_E2F_TARGETS,FALSE,462,TRUE,Broad race,White,349,,,TRUE,performance estimated,0.599732951454166,0.35844887314578,0.766013013959659,,,,,
continuous,rna_pathway_activity,LUAD,HALLMARK_E2F_TARGETS,FALSE,462,TRUE,Recorded sex,FEMALE,251,,,TRUE,performance estimated,0.513865024359677,0.371212931635371,0.719753822804022,,,,,
continuous,rna_pathway_activity,LUAD,HALLMARK_E2F_TARGETS,FALSE,462,TRUE,Recorded sex,MALE,211,,,TRUE,performance estimated,0.610709403627884,0.364995440882026,0.787192549916327,,,,,
continuous,rna_pathway_activity,LUAD,HALLMARK_G2M_CHECKPOINT,FALSE,462,TRUE,Broad race,Asian,8,,,FALSE,fewer than 50 subgroup patients,,,,,,,,
continuous,rna_pathway_activity,LUAD,HALLMARK_G2M_CHECKPOINT,FALSE,462,TRUE,Broad race,Black or African American,50,,,TRUE,performance estimated,0.366659313916229,0.402048767827458,0.610007202881153,,,,,
continuous,rna_pathway_activity,LUAD,HALLMARK_G2M_CHECKPOINT,FALSE,462,TRUE,Broad race,Missing,54,,,FALSE,demographic field missing,,,,,,,,
continuous,rna_pathway_activity,LUAD,HALLMARK_G2M_CHECKPOINT,FALSE,462,TRUE,Broad race,Other recorded race,1,,,FALSE,fewer than 50 subgroup patients,,,,,,,,
continuous,rna_pathway_activity,LUAD,HALLMARK_G2M_CHECKPOINT,FALSE,462,TRUE,Broad race,White,349,,,TRUE,performance estimated,0.582711441928099,0.323201665679031,0.755080158651742,,,,,
continuous,rna_pathway_activity,LUAD,HALLMARK_G2M_CHECKPOINT,FALSE,462,TRUE,Recorded sex,FEMALE,251,,,TRUE,performance estimated,0.530434084956894,0.321568777776178,0.729419085562512,,,,,
continuous,rna_pathway_activity,LUAD,HALLMARK_G2M_CHECKPOINT,FALSE,462,TRUE,Recorded sex,MALE,211,,,TRUE,performance estimated,0.563016531682371,0.338205513641975,0.739634905021653,,,,,
continuous,rna_pathway_activity,LUAD,HALLMARK_GLYCOLYSIS,FALSE,462,TRUE,Broad race,Asian,8,,,FALSE,fewer than 50 subgroup patients,,,,,,,,
continuous,rna_pathway_activity,LUAD,HALLMARK_GLYCOLYSIS,FALSE,462,TRUE,Broad race,Black or African American,50,,,TRUE,performance estimated,0.315084449778491,0.169159183007992,0.55509243697479,,,,,
continuous,rna_pathway_activity,LUAD,HALLMARK_GLYCOLYSIS,FALSE,462,TRUE,Broad race,Missing,54,,,FALSE,demographic field missing,,,,,,,,
continuous,rna_pathway_activity,LUAD,HALLMARK_GLYCOLYSIS,FALSE,462,TRUE,Broad race,Other recorded race,1,,,FALSE,fewer than 50 subgroup patients,,,,,,,,
continuous,rna_pathway_activity,LUAD,HALLMARK_GLYCOLYSIS,FALSE,462,TRUE,Broad race,White,349,,,TRUE,performance estimated,0.265728047058285,0.174094735288341,0.496118000762206,,,,,
continuous,rna_pathway_activity,LUAD,HALLMARK_GLYCOLYSIS,FALSE,462,TRUE,Recorded sex,FEMALE,251,,,TRUE,performance estimated,0.221534461969263,0.180064285367791,0.456813204325555,,,,,
continuous,rna_pathway_activity,LUAD,HALLMARK_GLYCOLYSIS,FALSE,462,TRUE,Recorded sex,MALE,211,,,TRUE,performance estimated,0.27419190590211,0.174967539182103,0.509689452102043,,,,,
continuous,rna_pathway_activity,LUAD,HALLMARK_IL2_STAT5_SIGNALING,FALSE,462,TRUE,Broad race,Asian,8,,,FALSE,fewer than 50 subgroup patients,,,,,,,,
continuous,rna_pathway_activity,LUAD,HALLMARK_IL2_STAT5_SIGNALING,FALSE,462,TRUE,Broad race,Black or African American,50,,,TRUE,performance estimated,0.158610728814649,0.271842199544343,0.481238895558223,,,,,
continuous,rna_pathway_activity,LUAD,HALLMARK_IL2_STAT5_SIGNALING,FALSE,462,TRUE,Broad race,Missing,54,,,FALSE,demographic field missing,,,,,,,,
continuous,rna_pathway_activity,LUAD,HALLMARK_IL2_STAT5_SIGNALING,FALSE,462,TRUE,Broad race,Other recorded race,1,,,FALSE,fewer than 50 subgroup patients,,,,,,,,
continuous,rna_pathway_activity,LUAD,HALLMARK_IL2_STAT5_SIGNALING,FALSE,462,TRUE,Broad race,White,349,,,TRUE,performance estimated,0.301913586598904,0.231294503936781,0.550012957499965,,,,,
continuous,rna_pathway_activity,LUAD,HALLMARK_IL2_STAT5_SIGNALING,FALSE,462,TRUE,Recorded sex,FEMALE,251,,,TRUE,performance estimated,0.197311981396917,0.238789318186233,0.435389413773478,,,,,
continuous,rna_pathway_activity,LUAD,HALLMARK_IL2_STAT5_SIGNALING,FALSE,462,TRUE,Recorded sex,MALE,211,,,TRUE,performance estimated,0.305090505786773,0.237087554432438,0.583079674505947,,,,,
continuous,rna_pathway_activity,LUAD,HALLMARK_IL6_JAK_STAT3_SIGNALING,FALSE,462,TRUE,Broad race,Asian,8,,,FALSE,fewer than 50 subgroup patients,,,,,,,,
continuous,rna_pathway_activity,LUAD,HALLMARK_IL6_JAK_STAT3_SIGNALING,FALSE,462,TRUE,Broad race,Black or African American,50,,,TRUE,performance estimated,0.20027741770346,0.376527009121249,0.484139255702281,,,,,
continuous,rna_pathway_activity,LUAD,HALLMARK_IL6_JAK_STAT3_SIGNALING,FALSE,462,TRUE,Broad race,Missing,54,,,FALSE,demographic field missing,,,,,,,,
continuous,rna_pathway_activity,LUAD,HALLMARK_IL6_JAK_STAT3_SIGNALING,FALSE,462,TRUE,Broad race,Other recorded race,1,,,FALSE,fewer than 50 subgroup patients,,,,,,,,
continuous,rna_pathway_activity,LUAD,HALLMARK_IL6_JAK_STAT3_SIGNALING,FALSE,462,TRUE,Broad race,White,349,,,TRUE,performance estimated,0.408605922482097,0.320770789442876,0.638245402063602,,,,,
continuous,rna_pathway_activity,LUAD,HALLMARK_IL6_JAK_STAT3_SIGNALING,FALSE,462,TRUE,Recorded sex,FEMALE,251,,,TRUE,performance estimated,0.279263329972188,0.340201112577809,0.516445911591728,,,,,
continuous,rna_pathway_activity,LUAD,HALLMARK_IL6_JAK_STAT3_SIGNALING,FALSE,462,TRUE,Recorded sex,MALE,211,,,TRUE,performance estimated,0.427409412346093,0.319349448341117,0.661818065686437,,,,,
continuous,rna_pathway_activity,LUAD,HALLMARK_INFLAMMATORY_RESPONSE,FALSE,462,TRUE,Broad race,Asian,8,,,FALSE,fewer than 50 subgroup patients,,,,,,,,
continuous,rna_pathway_activity,LUAD,HALLMARK_INFLAMMATORY_RESPONSE,FALSE,462,TRUE,Broad race,Black or African American,50,,,TRUE,performance estimated,0.154078378669527,0.385039326915546,0.476763505402161,,,,,
continuous,rna_pathway_activity,LUAD,HALLMARK_INFLAMMATORY_RESPONSE,FALSE,462,TRUE,Broad race,Missing,54,,,FALSE,demographic field missing,,,,,,,,
continuous,rna_pathway_activity,LUAD,HALLMARK_INFLAMMATORY_RESPONSE,FALSE,462,TRUE,Broad race,Other recorded race,1,,,FALSE,fewer than 50 subgroup patients,,,,,,,,
continuous,rna_pathway_activity,LUAD,HALLMARK_INFLAMMATORY_RESPONSE,FALSE,462,TRUE,Broad race,White,349,,,TRUE,performance estimated,0.394824369998292,0.310248562254854,0.625078380171355,,,,,
continuous,rna_pathway_activity,LUAD,HALLMARK_INFLAMMATORY_RESPONSE,FALSE,462,TRUE,Recorded sex,FEMALE,251,,,TRUE,performance estimated,0.275496728005739,0.324429909390529,0.507702675014229,,,,,
continuous,rna_pathway_activity,LUAD,HALLMARK_INFLAMMATORY_RESPONSE,FALSE,462,TRUE,Recorded sex,MALE,211,,,TRUE,performance estimated,0.398177311323423,0.316893002434124,0.644589108468211,,,,,
continuous,rna_pathway_activity,LUAD,HALLMARK_INTERFERON_ALPHA_RESPONSE,FALSE,462,TRUE,Broad race,Asian,8,,,FALSE,fewer than 50 subgroup patients,,,,,,,,
continuous,rna_pathway_activity,LUAD,HALLMARK_INTERFERON_ALPHA_RESPONSE,FALSE,462,TRUE,Broad race,Black or African American,50,,,TRUE,performance estimated,0.13348146354152,0.487887934492033,0.506343337334934,,,,,
continuous,rna_pathway_activity,LUAD,HALLMARK_INTERFERON_ALPHA_RESPONSE,FALSE,462,TRUE,Broad race,Missing,54,,,FALSE,demographic field missing,,,,,,,,
continuous,rna_pathway_activity,LUAD,HALLMARK_INTERFERON_ALPHA_RESPONSE,FALSE,462,TRUE,Broad race,Other recorded race,1,,,FALSE,fewer than 50 subgroup patients,,,,,,,,
continuous,rna_pathway_activity,LUAD,HALLMARK_INTERFERON_ALPHA_RESPONSE,FALSE,462,TRUE,Broad race,White,349,,,TRUE,performance estimated,0.369789828487405,0.440713792996397,0.614908634098833,,,,,
continuous,rna_pathway_activity,LUAD,HALLMARK_INTERFERON_ALPHA_RESPONSE,FALSE,462,TRUE,Recorded sex,FEMALE,251,,,TRUE,performance estimated,0.281777521738203,0.441300019856632,0.511468032631379,,,,,
continuous,rna_pathway_activity,LUAD,HALLMARK_INTERFERON_ALPHA_RESPONSE,FALSE,462,TRUE,Recorded sex,MALE,211,,,TRUE,performance estimated,0.324510020987366,0.475512262643239,0.612312566267677,,,,,
continuous,rna_pathway_activity,LUAD,HALLMARK_INTERFERON_GAMMA_RESPONSE,FALSE,462,TRUE,Broad race,Asian,8,,,FALSE,fewer than 50 subgroup patients,,,,,,,,
continuous,rna_pathway_activity,LUAD,HALLMARK_INTERFERON_GAMMA_RESPONSE,FALSE,462,TRUE,Broad race,Black or African American,50,,,TRUE,performance estimated,0.225670900649044,0.404368272365913,0.553094837935174,,,,,
continuous,rna_pathway_activity,LUAD,HALLMARK_INTERFERON_GAMMA_RESPONSE,FALSE,462,TRUE,Broad race,Missing,54,,,FALSE,demographic field missing,,,,,,,,
continuous,rna_pathway_activity,LUAD,HALLMARK_INTERFERON_GAMMA_RESPONSE,FALSE,462,TRUE,Broad race,Other recorded race,1,,,FALSE,fewer than 50 subgroup patients,,,,,,,,
continuous,rna_pathway_activity,LUAD,HALLMARK_INTERFERON_GAMMA_RESPONSE,FALSE,462,TRUE,Broad race,White,349,,,TRUE,performance estimated,0.441049053603041,0.367343451333673,0.664879190367976,,,,,
continuous,rna_pathway_activity,LUAD,HALLMARK_INTERFERON_GAMMA_RESPONSE,FALSE,462,TRUE,Recorded sex,FEMALE,251,,,TRUE,performance estimated,0.348040356849259,0.372438473619291,0.562062910263707,,,,,
continuous,rna_pathway_activity,LUAD,HALLMARK_INTERFERON_GAMMA_RESPONSE,FALSE,462,TRUE,Recorded sex,MALE,211,,,TRUE,performance estimated,0.406488715431744,0.385244026137986,0.655360815523563,,,,,
continuous,rna_pathway_activity,LUAD,HALLMARK_KRAS_SIGNALING_UP,FALSE,462,TRUE,Broad race,Asian,8,,,FALSE,fewer than 50 subgroup patients,,,,,,,,
continuous,rna_pathway_activity,LUAD,HALLMARK_KRAS_SIGNALING_UP,FALSE,462,TRUE,Broad race,Black or African American,50,,,TRUE,performance estimated,0.2424407336934,0.3009484988927,0.545623049219688,,,,,
continuous,rna_pathway_activity,LUAD,HALLMARK_KRAS_SIGNALING_UP,FALSE,462,TRUE,Broad race,Missing,54,,,FALSE,demographic field missing,,,,,,,,
continuous,rna_pathway_activity,LUAD,HALLMARK_KRAS_SIGNALING_UP,FALSE,462,TRUE,Broad race,Other recorded race,1,,,FALSE,fewer than 50 subgroup patients,,,,,,,,
continuous,rna_pathway_activity,LUAD,HALLMARK_KRAS_SIGNALING_UP,FALSE,462,TRUE,Broad race,White,349,,,TRUE,performance estimated,0.280141472672724,0.259331283268095,0.537083405084195,,,,,
continuous,rna_pathway_activity,LUAD,HALLMARK_KRAS_SIGNALING_UP,FALSE,462,TRUE,Recorded sex,FEMALE,251,,,TRUE,performance estimated,0.223649294423812,0.266404207043436,0.46416786188579,,,,,
continuous,rna_pathway_activity,LUAD,HALLMARK_KRAS_SIGNALING_UP,FALSE,462,TRUE,Recorded sex,MALE,211,,,TRUE,performance estimated,0.30011960976818,0.263336105563522,0.570960769535392,,,,,
continuous,rna_pathway_activity,LUAD,HALLMARK_MTORC1_SIGNALING,FALSE,462,TRUE,Broad race,Asian,8,,,FALSE,fewer than 50 subgroup patients,,,,,,,,
continuous,rna_pathway_activity,LUAD,HALLMARK_MTORC1_SIGNALING,FALSE,462,TRUE,Broad race,Black or African American,50,,,TRUE,performance estimated,0.417707464930241,0.253093218717854,0.671932773109244,,,,,
continuous,rna_pathway_activity,LUAD,HALLMARK_MTORC1_SIGNALING,FALSE,462,TRUE,Broad race,Missing,54,,,FALSE,demographic field missing,,,,,,,,
continuous,rna_pathway_activity,LUAD,HALLMARK_MTORC1_SIGNALING,FALSE,462,TRUE,Broad race,Other recorded race,1,,,FALSE,fewer than 50 subgroup patients,,,,,,,,
continuous,rna_pathway_activity,LUAD,HALLMARK_MTORC1_SIGNALING,FALSE,462,TRUE,Broad race,White,349,,,TRUE,performance estimated,0.44144793600699,0.23482997695441,0.666313435995878,,,,,
continuous,rna_pathway_activity,LUAD,HALLMARK_MTORC1_SIGNALING,FALSE,462,TRUE,Recorded sex,FEMALE,251,,,TRUE,performance estimated,0.37203381877743,0.233223575158241,0.617169721115538,,,,,
continuous,rna_pathway_activity,LUAD,HALLMARK_MTORC1_SIGNALING,FALSE,462,TRUE,Recorded sex,MALE,211,,,TRUE,performance estimated,0.448759617354817,0.248155184396956,0.695746860668617,,,,,
continuous,rna_pathway_activity,LUAD,HALLMARK_MYC_TARGETS_V1,FALSE,462,TRUE,Broad race,Asian,8,,,FALSE,fewer than 50 subgroup patients,,,,,,,,
continuous,rna_pathway_activity,LUAD,HALLMARK_MYC_TARGETS_V1,FALSE,462,TRUE,Broad race,Black or African American,50,,,TRUE,performance estimated,0.357761184532783,0.40149845778159,0.61528931572629,,,,,
continuous,rna_pathway_activity,LUAD,HALLMARK_MYC_TARGETS_V1,FALSE,462,TRUE,Broad race,Missing,54,,,FALSE,demographic field missing,,,,,,,,
continuous,rna_pathway_activity,LUAD,HALLMARK_MYC_TARGETS_V1,FALSE,462,TRUE,Broad race,Other recorded race,1,,,FALSE,fewer than 50 subgroup patients,,,,,,,,
continuous,rna_pathway_activity,LUAD,HALLMARK_MYC_TARGETS_V1,FALSE,462,TRUE,Broad race,White,349,,,TRUE,performance estimated,0.366589114124691,0.389457831228966,0.600789193614409,,,,,
continuous,rna_pathway_activity,LUAD,HALLMARK_MYC_TARGETS_V1,FALSE,462,TRUE,Recorded sex,FEMALE,251,,,TRUE,performance estimated,0.306979321038264,0.402700353945279,0.549323771580345,,,,,
continuous,rna_pathway_activity,LUAD,HALLMARK_MYC_TARGETS_V1,FALSE,462,TRUE,Recorded sex,MALE,211,,,TRUE,performance estimated,0.382842047609166,0.377889598590389,0.634375135728976,,,,,
continuous,rna_pathway_activity,LUAD,HALLMARK_MYC_TARGETS_V2,FALSE,462,TRUE,Broad race,Asian,8,,,FALSE,fewer than 50 subgroup patients,,,,,,,,
continuous,rna_pathway_activity,LUAD,HALLMARK_MYC_TARGETS_V2,FALSE,462,TRUE,Broad race,Black or African American,50,,,TRUE,performance estimated,0.237632682610941,0.443242148347274,0.447836734693878,,,,,
continuous,rna_pathway_activity,LUAD,HALLMARK_MYC_TARGETS_V2,FALSE,462,TRUE,Broad race,Missing,54,,,FALSE,demographic field missing,,,,,,,,
continuous,rna_pathway_activity,LUAD,HALLMARK_MYC_TARGETS_V2,FALSE,462,TRUE,Broad race,Other recorded race,1,,,FALSE,fewer than 50 subgroup patients,,,,,,,,
continuous,rna_pathway_activity,LUAD,HALLMARK_MYC_TARGETS_V2,FALSE,462,TRUE,Broad race,White,349,,,TRUE,performance estimated,0.376129792918923,0.388998312726798,0.629955876748486,,,,,
continuous,rna_pathway_activity,LUAD,HALLMARK_MYC_TARGETS_V2,FALSE,462,TRUE,Recorded sex,FEMALE,251,,,TRUE,performance estimated,0.325652769988962,0.404624688485768,0.581083817112502,,,,,
continuous,rna_pathway_activity,LUAD,HALLMARK_MYC_TARGETS_V2,FALSE,462,TRUE,Recorded sex,MALE,211,,,TRUE,performance estimated,0.353693895663164,0.407527000311459,0.614184795799747,,,,,
continuous,rna_pathway_activity,LUAD,HALLMARK_NOTCH_SIGNALING,FALSE,462,TRUE,Broad race,Asian,8,,,FALSE,fewer than 50 subgroup patients,,,,,,,,
continuous,rna_pathway_activity,LUAD,HALLMARK_NOTCH_SIGNALING,FALSE,462,TRUE,Broad race,Black or African American,50,,,TRUE,performance estimated,0.289697859246778,0.227571387887434,0.604917166866747,,,,,
continuous,rna_pathway_activity,LUAD,HALLMARK_NOTCH_SIGNALING,FALSE,462,TRUE,Broad race,Missing,54,,,FALSE,demographic field missing,,,,,,,,
continuous,rna_pathway_activity,LUAD,HALLMARK_NOTCH_SIGNALING,FALSE,462,TRUE,Broad race,Other recorded race,1,,,FALSE,fewer than 50 subgroup patients,,,,,,,,
continuous,rna_pathway_activity,LUAD,HALLMARK_NOTCH_SIGNALING,FALSE,462,TRUE,Broad race,White,349,,,TRUE,performance estimated,0.17308902619106,0.218514737242542,0.447695908083617,,,,,
continuous,rna_pathway_activity,LUAD,HALLMARK_NOTCH_SIGNALING,FALSE,462,TRUE,Recorded sex,FEMALE,251,,,TRUE,performance estimated,0.139321875411247,0.216145805224287,0.38760447732878,,,,,
continuous,rna_pathway_activity,LUAD,HALLMARK_NOTCH_SIGNALING,FALSE,462,TRUE,Recorded sex,MALE,211,,,TRUE,performance estimated,0.241792926432518,0.230054177820458,0.5440765958534,,,,,
continuous,rna_pathway_activity,LUAD,HALLMARK_P53_PATHWAY,FALSE,462,TRUE,Broad race,Asian,8,,,FALSE,fewer than 50 subgroup patients,,,,,,,,
continuous,rna_pathway_activity,LUAD,HALLMARK_P53_PATHWAY,FALSE,462,TRUE,Broad race,Black or African American,50,,,TRUE,performance estimated,0.15439201699569,0.191906884748535,0.436657863145258,,,,,
continuous,rna_pathway_activity,LUAD,HALLMARK_P53_PATHWAY,FALSE,462,TRUE,Broad race,Missing,54,,,FALSE,demographic field missing,,,,,,,,
continuous,rna_pathway_activity,LUAD,HALLMARK_P53_PATHWAY,FALSE,462,TRUE,Broad race,Other recorded race,1,,,FALSE,fewer than 50 subgroup patients,,,,,,,,
continuous,rna_pathway_activity,LUAD,HALLMARK_P53_PATHWAY,FALSE,462,TRUE,Broad race,White,349,,,TRUE,performance estimated,0.305517011623503,0.169032311110752,0.515163944838878,,,,,
continuous,rna_pathway_activity,LUAD,HALLMARK_P53_PATHWAY,FALSE,462,TRUE,Recorded sex,FEMALE,251,,,TRUE,performance estimated,0.210943531164264,0.16724058643984,0.401247581104155,,,,,
continuous,rna_pathway_activity,LUAD,HALLMARK_P53_PATHWAY,FALSE,462,TRUE,Recorded sex,MALE,211,,,TRUE,performance estimated,0.294371362144113,0.186985599979373,0.585230643451157,,,,,
continuous,rna_pathway_activity,LUAD,HALLMARK_PI3K_AKT_MTOR_SIGNALING,FALSE,462,TRUE,Broad race,Asian,8,,,FALSE,fewer than 50 subgroup patients,,,,,,,,
continuous,rna_pathway_activity,LUAD,HALLMARK_PI3K_AKT_MTOR_SIGNALING,FALSE,462,TRUE,Broad race,Black or African American,50,,,TRUE,performance estimated,0.0776487578872661,0.158329484831697,0.439423769507803,,,,,
continuous,rna_pathway_activity,LUAD,HALLMARK_PI3K_AKT_MTOR_SIGNALING,FALSE,462,TRUE,Broad race,Missing,54,,,FALSE,demographic field missing,,,,,,,,
continuous,rna_pathway_activity,LUAD,HALLMARK_PI3K_AKT_MTOR_SIGNALING,FALSE,462,TRUE,Broad race,Other recorded race,1,,,FALSE,fewer than 50 subgroup patients,,,,,,,,
continuous,rna_pathway_activity,LUAD,HALLMARK_PI3K_AKT_MTOR_SIGNALING,FALSE,462,TRUE,Broad race,White,349,,,TRUE,performance estimated,0.296890867809145,0.13269657986286,0.54685313421881,,,,,
continuous,rna_pathway_activity,LUAD,HALLMARK_PI3K_AKT_MTOR_SIGNALING,FALSE,462,TRUE,Recorded sex,FEMALE,251,,,TRUE,performance estimated,0.260048811041107,0.135220127929425,0.540472320242838,,,,,
continuous,rna_pathway_activity,LUAD,HALLMARK_PI3K_AKT_MTOR_SIGNALING,FALSE,462,TRUE,Recorded sex,MALE,211,,,TRUE,performance estimated,0.280224075399482,0.14179249137145,0.518596338830623,,,,,
continuous,rna_pathway_activity,LUAD,HALLMARK_SPERMATOGENESIS,FALSE,462,TRUE,Broad race,Asian,8,,,FALSE,fewer than 50 subgroup patients,,,,,,,,
continuous,rna_pathway_activity,LUAD,HALLMARK_SPERMATOGENESIS,FALSE,462,TRUE,Broad race,Black or African American,50,,,TRUE,performance estimated,0.346306213705477,0.200420732657329,0.542991596638656,,,,,
continuous,rna_pathway_activity,LUAD,HALLMARK_SPERMATOGENESIS,FALSE,462,TRUE,Broad race,Missing,54,,,FALSE,demographic field missing,,,,,,,,
continuous,rna_pathway_activity,LUAD,HALLMARK_SPERMATOGENESIS,FALSE,462,TRUE,Broad race,Other recorded race,1,,,FALSE,fewer than 50 subgroup patients,,,,,,,,
continuous,rna_pathway_activity,LUAD,HALLMARK_SPERMATOGENESIS,FALSE,462,TRUE,Broad race,White,349,,,TRUE,performance estimated,0.366056103184529,0.180290582813424,0.551992152102418,,,,,
continuous,rna_pathway_activity,LUAD,HALLMARK_SPERMATOGENESIS,FALSE,462,TRUE,Recorded sex,FEMALE,251,,,TRUE,performance estimated,0.230866821931027,0.176971301356802,0.534411383039272,,,,,
continuous,rna_pathway_activity,LUAD,HALLMARK_SPERMATOGENESIS,FALSE,462,TRUE,Recorded sex,MALE,211,,,TRUE,performance estimated,0.446090331419303,0.191893455441249,0.600614964039805,,,,,
continuous,rna_pathway_activity,LUAD,HALLMARK_TNFA_SIGNALING_VIA_NFKB,FALSE,462,TRUE,Broad race,Asian,8,,,FALSE,fewer than 50 subgroup patients,,,,,,,,
continuous,rna_pathway_activity,LUAD,HALLMARK_TNFA_SIGNALING_VIA_NFKB,FALSE,462,TRUE,Broad race,Black or African American,50,,,TRUE,performance estimated,0.0542721666502979,0.377859639508335,0.316244897959184,,,,,
continuous,rna_pathway_activity,LUAD,HALLMARK_TNFA_SIGNALING_VIA_NFKB,FALSE,462,TRUE,Broad race,Missing,54,,,FALSE,demographic field missing,,,,,,,,
continuous,rna_pathway_activity,LUAD,HALLMARK_TNFA_SIGNALING_VIA_NFKB,FALSE,462,TRUE,Broad race,Other recorded race,1,,,FALSE,fewer than 50 subgroup patients,,,,,,,,
continuous,rna_pathway_activity,LUAD,HALLMARK_TNFA_SIGNALING_VIA_NFKB,FALSE,462,TRUE,Broad race,White,349,,,TRUE,performance estimated,0.28470913397948,0.320566760174279,0.529486978982879,,,,,
continuous,rna_pathway_activity,LUAD,HALLMARK_TNFA_SIGNALING_VIA_NFKB,FALSE,462,TRUE,Recorded sex,FEMALE,251,,,TRUE,performance estimated,0.183730683553456,0.334611578394128,0.416428609372036,,,,,
continuous,rna_pathway_activity,LUAD,HALLMARK_TNFA_SIGNALING_VIA_NFKB,FALSE,462,TRUE,Recorded sex,MALE,211,,,TRUE,performance estimated,0.307930130619833,0.319494358286528,0.571539709508054,,,,,
continuous,rna_pathway_activity,LUAD,HALLMARK_UNFOLDED_PROTEIN_RESPONSE,FALSE,462,TRUE,Broad race,Asian,8,,,FALSE,fewer than 50 subgroup patients,,,,,,,,
continuous,rna_pathway_activity,LUAD,HALLMARK_UNFOLDED_PROTEIN_RESPONSE,FALSE,462,TRUE,Broad race,Black or African American,50,,,TRUE,performance estimated,0.187463188860454,0.246287752291974,0.457286914765906,,,,,
continuous,rna_pathway_activity,LUAD,HALLMARK_UNFOLDED_PROTEIN_RESPONSE,FALSE,462,TRUE,Broad race,Missing,54,,,FALSE,demographic field missing,,,,,,,,
continuous,rna_pathway_activity,LUAD,HALLMARK_UNFOLDED_PROTEIN_RESPONSE,FALSE,462,TRUE,Broad race,Other recorded race,1,,,FALSE,fewer than 50 subgroup patients,,,,,,,,
continuous,rna_pathway_activity,LUAD,HALLMARK_UNFOLDED_PROTEIN_RESPONSE,FALSE,462,TRUE,Broad race,White,349,,,TRUE,performance estimated,0.389369836714025,0.204534625242576,0.633630781825624,,,,,
continuous,rna_pathway_activity,LUAD,HALLMARK_UNFOLDED_PROTEIN_RESPONSE,FALSE,462,TRUE,Recorded sex,FEMALE,251,,,TRUE,performance estimated,0.349242800686189,0.209005999991035,0.604264541832669,,,,,
continuous,rna_pathway_activity,LUAD,HALLMARK_UNFOLDED_PROTEIN_RESPONSE,FALSE,462,TRUE,Recorded sex,MALE,211,,,TRUE,performance estimated,0.351684492272529,0.207517969941381,0.612051455653351,,,,,
continuous,rna_pathway_activity,LUSC,HALLMARK_ALLOGRAFT_REJECTION,FALSE,475,TRUE,Broad race,Asian,9,,,FALSE,fewer than 50 subgroup patients,,,,,,,,
continuous,rna_pathway_activity,LUSC,HALLMARK_ALLOGRAFT_REJECTION,FALSE,475,TRUE,Broad race,Black or African American,30,,,FALSE,fewer than 50 subgroup patients,,,,,,,,
continuous,rna_pathway_activity,LUSC,HALLMARK_ALLOGRAFT_REJECTION,FALSE,475,TRUE,Broad race,Missing,111,,,FALSE,demographic field missing,,,,,,,,
continuous,rna_pathway_activity,LUSC,HALLMARK_ALLOGRAFT_REJECTION,FALSE,475,TRUE,Broad race,White,325,,,TRUE,performance estimated,0.231290160233364,0.43736640432088,0.492002586824673,,,,,
continuous,rna_pathway_activity,LUSC,HALLMARK_ALLOGRAFT_REJECTION,FALSE,475,TRUE,Recorded sex,FEMALE,120,,,TRUE,performance estimated,0.174404592448024,0.414331759210863,0.470993819015209,,,,,
continuous,rna_pathway_activity,LUSC,HALLMARK_ALLOGRAFT_REJECTION,FALSE,475,TRUE,Recorded sex,MALE,355,,,TRUE,performance estimated,0.252195907406954,0.43105845274798,0.500219622821676,,,,,
continuous,rna_pathway_activity,LUSC,HALLMARK_ANGIOGENESIS,FALSE,475,TRUE,Broad race,Asian,9,,,FALSE,fewer than 50 subgroup patients,,,,,,,,
continuous,rna_pathway_activity,LUSC,HALLMARK_ANGIOGENESIS,FALSE,475,TRUE,Broad race,Black or African American,30,,,FALSE,fewer than 50 subgroup patients,,,,,,,,
continuous,rna_pathway_activity,LUSC,HALLMARK_ANGIOGENESIS,FALSE,475,TRUE,Broad race,Missing,111,,,FALSE,demographic field missing,,,,,,,,
continuous,rna_pathway_activity,LUSC,HALLMARK_ANGIOGENESIS,FALSE,475,TRUE,Broad race,White,325,,,TRUE,performance estimated,0.241805256871594,0.369088462097283,0.480661597888592,,,,,
continuous,rna_pathway_activity,LUSC,HALLMARK_ANGIOGENESIS,FALSE,475,TRUE,Recorded sex,FEMALE,120,,,TRUE,performance estimated,0.234042259121881,0.371888858312178,0.45716369192305,,,,,
continuous,rna_pathway_activity,LUSC,HALLMARK_ANGIOGENESIS,FALSE,475,TRUE,Recorded sex,MALE,355,,,TRUE,performance estimated,0.232892923544221,0.368279682855019,0.506034960477012,,,,,
continuous,rna_pathway_activity,LUSC,HALLMARK_APICAL_JUNCTION,FALSE,475,TRUE,Broad race,Asian,9,,,FALSE,fewer than 50 subgroup patients,,,,,,,,
continuous,rna_pathway_activity,LUSC,HALLMARK_APICAL_JUNCTION,FALSE,475,TRUE,Broad race,Black or African American,30,,,FALSE,fewer than 50 subgroup patients,,,,,,,,
continuous,rna_pathway_activity,LUSC,HALLMARK_APICAL_JUNCTION,FALSE,475,TRUE,Broad race,Missing,111,,,FALSE,demographic field missing,,,,,,,,
continuous,rna_pathway_activity,LUSC,HALLMARK_APICAL_JUNCTION,FALSE,475,TRUE,Broad race,White,325,,,TRUE,performance estimated,0.25568741347247,0.232413092500034,0.494120567004003,,,,,
continuous,rna_pathway_activity,LUSC,HALLMARK_APICAL_JUNCTION,FALSE,475,TRUE,Recorded sex,FEMALE,120,,,TRUE,performance estimated,0.327563702563501,0.230256826458649,0.560393082852976,,,,,
continuous,rna_pathway_activity,LUSC,HALLMARK_APICAL_JUNCTION,FALSE,475,TRUE,Recorded sex,MALE,355,,,TRUE,performance estimated,0.209445867634177,0.232373006852398,0.455924854018416,,,,,
continuous,rna_pathway_activity,LUSC,HALLMARK_COAGULATION,FALSE,475,TRUE,Broad race,Asian,9,,,FALSE,fewer than 50 subgroup patients,,,,,,,,
continuous,rna_pathway_activity,LUSC,HALLMARK_COAGULATION,FALSE,475,TRUE,Broad race,Black or African American,30,,,FALSE,fewer than 50 subgroup patients,,,,,,,,
continuous,rna_pathway_activity,LUSC,HALLMARK_COAGULATION,FALSE,475,TRUE,Broad race,Missing,111,,,FALSE,demographic field missing,,,,,,,,
continuous,rna_pathway_activity,LUSC,HALLMARK_COAGULATION,FALSE,475,TRUE,Broad race,White,325,,,TRUE,performance estimated,0.212858950220229,0.317515765568385,0.455372450317236,,,,,
continuous,rna_pathway_activity,LUSC,HALLMARK_COAGULATION,FALSE,475,TRUE,Recorded sex,FEMALE,120,,,TRUE,performance estimated,0.256333452051755,0.309893217306797,0.4995791374401,,,,,
continuous,rna_pathway_activity,LUSC,HALLMARK_COAGULATION,FALSE,475,TRUE,Recorded sex,MALE,355,,,TRUE,performance estimated,0.20136330046902,0.304636106746409,0.466086030561583,,,,,
continuous,rna_pathway_activity,LUSC,HALLMARK_DNA_REPAIR,FALSE,475,TRUE,Broad race,Asian,9,,,FALSE,fewer than 50 subgroup patients,,,,,,,,
continuous,rna_pathway_activity,LUSC,HALLMARK_DNA_REPAIR,FALSE,475,TRUE,Broad race,Black or African American,30,,,FALSE,fewer than 50 subgroup patients,,,,,,,,
continuous,rna_pathway_activity,LUSC,HALLMARK_DNA_REPAIR,FALSE,475,TRUE,Broad race,Missing,111,,,FALSE,demographic field missing,,,,,,,,
continuous,rna_pathway_activity,LUSC,HALLMARK_DNA_REPAIR,FALSE,475,TRUE,Broad race,White,325,,,TRUE,performance estimated,0.218572462582674,0.216922079254327,0.459947983849824,,,,,
continuous,rna_pathway_activity,LUSC,HALLMARK_DNA_REPAIR,FALSE,475,TRUE,Recorded sex,FEMALE,120,,,TRUE,performance estimated,0.211874811479677,0.231695781576902,0.459466629627057,,,,,
continuous,rna_pathway_activity,LUSC,HALLMARK_DNA_REPAIR,FALSE,475,TRUE,Recorded sex,MALE,355,,,TRUE,performance estimated,0.189931924248295,0.207724181195675,0.433775296992391,,,,,
continuous,rna_pathway_activity,LUSC,HALLMARK_E2F_TARGETS,FALSE,475,TRUE,Broad race,Asian,9,,,FALSE,fewer than 50 subgroup patients,,,,,,,,
continuous,rna_pathway_activity,LUSC,HALLMARK_E2F_TARGETS,FALSE,475,TRUE,Broad race,Black or African American,30,,,FALSE,fewer than 50 subgroup patients,,,,,,,,
continuous,rna_pathway_activity,LUSC,HALLMARK_E2F_TARGETS,FALSE,475,TRUE,Broad race,Missing,111,,,FALSE,demographic field missing,,,,,,,,
continuous,rna_pathway_activity,LUSC,HALLMARK_E2F_TARGETS,FALSE,475,TRUE,Broad race,White,325,,,TRUE,performance estimated,0.408103236048418,0.397933942095062,0.606170485728768,,,,,
continuous,rna_pathway_activity,LUSC,HALLMARK_E2F_TARGETS,FALSE,475,TRUE,Recorded sex,FEMALE,120,,,TRUE,performance estimated,0.450807975738141,0.413693823128788,0.636806722689076,,,,,
continuous,rna_pathway_activity,LUSC,HALLMARK_E2F_TARGETS,FALSE,475,TRUE,Recorded sex,MALE,355,,,TRUE,performance estimated,0.355596321236436,0.381221198515574,0.576179399765571,,,,,
continuous,rna_pathway_activity,LUSC,HALLMARK_G2M_CHECKPOINT,FALSE,475,TRUE,Broad race,Asian,9,,,FALSE,fewer than 50 subgroup patients,,,,,,,,
continuous,rna_pathway_activity,LUSC,HALLMARK_G2M_CHECKPOINT,FALSE,475,TRUE,Broad race,Black or African American,30,,,FALSE,fewer than 50 subgroup patients,,,,,,,,
continuous,rna_pathway_activity,LUSC,HALLMARK_G2M_CHECKPOINT,FALSE,475,TRUE,Broad race,Missing,111,,,FALSE,demographic field missing,,,,,,,,
continuous,rna_pathway_activity,LUSC,HALLMARK_G2M_CHECKPOINT,FALSE,475,TRUE,Broad race,White,325,,,TRUE,performance estimated,0.351553472863203,0.355259012688687,0.563465016692011,,,,,
continuous,rna_pathway_activity,LUSC,HALLMARK_G2M_CHECKPOINT,FALSE,475,TRUE,Recorded sex,FEMALE,120,,,TRUE,performance estimated,0.398257986106216,0.369577352513627,0.603082158483228,,,,,
continuous,rna_pathway_activity,LUSC,HALLMARK_G2M_CHECKPOINT,FALSE,475,TRUE,Recorded sex,MALE,355,,,TRUE,performance estimated,0.316904656139751,0.328303014053592,0.546894193191907,,,,,
continuous,rna_pathway_activity,LUSC,HALLMARK_IL6_JAK_STAT3_SIGNALING,FALSE,475,TRUE,Broad race,Asian,9,,,FALSE,fewer than 50 subgroup patients,,,,,,,,
continuous,rna_pathway_activity,LUSC,HALLMARK_IL6_JAK_STAT3_SIGNALING,FALSE,475,TRUE,Broad race,Black or African American,30,,,FALSE,fewer than 50 subgroup patients,,,,,,,,
continuous,rna_pathway_activity,LUSC,HALLMARK_IL6_JAK_STAT3_SIGNALING,FALSE,475,TRUE,Broad race,Missing,111,,,FALSE,demographic field missing,,,,,,,,
continuous,rna_pathway_activity,LUSC,HALLMARK_IL6_JAK_STAT3_SIGNALING,FALSE,475,TRUE,Broad race,White,325,,,TRUE,performance estimated,0.206095067710582,0.386801958233393,0.457840281055005,,,,,
continuous,rna_pathway_activity,LUSC,HALLMARK_IL6_JAK_STAT3_SIGNALING,FALSE,475,TRUE,Recorded sex,FEMALE,120,,,TRUE,performance estimated,0.208210579779473,0.371338707626171,0.502120980623654,,,,,
continuous,rna_pathway_activity,LUSC,HALLMARK_IL6_JAK_STAT3_SIGNALING,FALSE,475,TRUE,Recorded sex,MALE,355,,,TRUE,performance estimated,0.212969323459458,0.382289660592312,0.463972576652066,,,,,
continuous,rna_pathway_activity,LUSC,HALLMARK_MTORC1_SIGNALING,FALSE,475,TRUE,Broad race,Asian,9,,,FALSE,fewer than 50 subgroup patients,,,,,,,,
continuous,rna_pathway_activity,LUSC,HALLMARK_MTORC1_SIGNALING,FALSE,475,TRUE,Broad race,Black or African American,30,,,FALSE,fewer than 50 subgroup patients,,,,,,,,
continuous,rna_pathway_activity,LUSC,HALLMARK_MTORC1_SIGNALING,FALSE,475,TRUE,Broad race,Missing,111,,,FALSE,demographic field missing,,,,,,,,
continuous,rna_pathway_activity,LUSC,HALLMARK_MTORC1_SIGNALING,FALSE,475,TRUE,Broad race,White,325,,,TRUE,performance estimated,0.200301999728648,0.266094367180214,0.382858161606628,,,,,
continuous,rna_pathway_activity,LUSC,HALLMARK_MTORC1_SIGNALING,FALSE,475,TRUE,Recorded sex,FEMALE,120,,,TRUE,performance estimated,0.272771453161241,0.259150792188564,0.413521772345302,,,,,
continuous,rna_pathway_activity,LUSC,HALLMARK_MTORC1_SIGNALING,FALSE,475,TRUE,Recorded sex,MALE,355,,,TRUE,performance estimated,0.170312956079343,0.249566422420349,0.376665370244702,,,,,
continuous,rna_pathway_activity,LUSC,HALLMARK_MYC_TARGETS_V1,FALSE,475,TRUE,Broad race,Asian,9,,,FALSE,fewer than 50 subgroup patients,,,,,,,,
continuous,rna_pathway_activity,LUSC,HALLMARK_MYC_TARGETS_V1,FALSE,475,TRUE,Broad race,Black or African American,30,,,FALSE,fewer than 50 subgroup patients,,,,,,,,
continuous,rna_pathway_activity,LUSC,HALLMARK_MYC_TARGETS_V1,FALSE,475,TRUE,Broad race,Missing,111,,,FALSE,demographic field missing,,,,,,,,
continuous,rna_pathway_activity,LUSC,HALLMARK_MYC_TARGETS_V1,FALSE,475,TRUE,Broad race,White,325,,,TRUE,performance estimated,0.305463738650246,0.372897263963551,0.5110599339311,,,,,
continuous,rna_pathway_activity,LUSC,HALLMARK_MYC_TARGETS_V1,FALSE,475,TRUE,Recorded sex,FEMALE,120,,,TRUE,performance estimated,0.336069752149564,0.374282441623892,0.536924786443503,,,,,
continuous,rna_pathway_activity,LUSC,HALLMARK_MYC_TARGETS_V1,FALSE,475,TRUE,Recorded sex,MALE,355,,,TRUE,performance estimated,0.236621369449866,0.374250393570828,0.448009259135081,,,,,
continuous,rna_pathway_activity,LUSC,HALLMARK_MYC_TARGETS_V2,FALSE,475,TRUE,Broad race,Asian,9,,,FALSE,fewer than 50 subgroup patients,,,,,,,,
continuous,rna_pathway_activity,LUSC,HALLMARK_MYC_TARGETS_V2,FALSE,475,TRUE,Broad race,Black or African American,30,,,FALSE,fewer than 50 subgroup patients,,,,,,,,
continuous,rna_pathway_activity,LUSC,HALLMARK_MYC_TARGETS_V2,FALSE,475,TRUE,Broad race,Missing,111,,,FALSE,demographic field missing,,,,,,,,
continuous,rna_pathway_activity,LUSC,HALLMARK_MYC_TARGETS_V2,FALSE,475,TRUE,Broad race,White,325,,,TRUE,performance estimated,0.25179927264188,0.417944884179985,0.465354587244158,,,,,
continuous,rna_pathway_activity,LUSC,HALLMARK_MYC_TARGETS_V2,FALSE,475,TRUE,Recorded sex,FEMALE,120,,,TRUE,performance estimated,0.237824568919235,0.454673583168371,0.444083616917841,,,,,
continuous,rna_pathway_activity,LUSC,HALLMARK_MYC_TARGETS_V2,FALSE,475,TRUE,Recorded sex,MALE,355,,,TRUE,performance estimated,0.17526428438567,0.414524077258912,0.416302783373254,,,,,
continuous,rna_pathway_activity,LUSC,HALLMARK_P53_PATHWAY,FALSE,475,TRUE,Broad race,Asian,9,,,FALSE,fewer than 50 subgroup patients,,,,,,,,
continuous,rna_pathway_activity,LUSC,HALLMARK_P53_PATHWAY,FALSE,475,TRUE,Broad race,Black or African American,30,,,FALSE,fewer than 50 subgroup patients,,,,,,,,
continuous,rna_pathway_activity,LUSC,HALLMARK_P53_PATHWAY,FALSE,475,TRUE,Broad race,Missing,111,,,FALSE,demographic field missing,,,,,,,,
continuous,rna_pathway_activity,LUSC,HALLMARK_P53_PATHWAY,FALSE,475,TRUE,Broad race,White,325,,,TRUE,performance estimated,0.289306898536649,0.163833608199187,0.497272577910615,,,,,
continuous,rna_pathway_activity,LUSC,HALLMARK_P53_PATHWAY,FALSE,475,TRUE,Recorded sex,FEMALE,120,,,TRUE,performance estimated,0.389712098631942,0.170393344662074,0.615792763386346,,,,,
continuous,rna_pathway_activity,LUSC,HALLMARK_P53_PATHWAY,FALSE,475,TRUE,Recorded sex,MALE,355,,,TRUE,performance estimated,0.192869086643344,0.155876561591624,0.416713060691324,,,,,
continuous,rna_pathway_activity,LUSC,HALLMARK_SPERMATOGENESIS,FALSE,475,TRUE,Broad race,Asian,9,,,FALSE,fewer than 50 subgroup patients,,,,,,,,
continuous,rna_pathway_activity,LUSC,HALLMARK_SPERMATOGENESIS,FALSE,475,TRUE,Broad race,Black or African American,30,,,FALSE,fewer than 50 subgroup patients,,,,,,,,
continuous,rna_pathway_activity,LUSC,HALLMARK_SPERMATOGENESIS,FALSE,475,TRUE,Broad race,Missing,111,,,FALSE,demographic field missing,,,,,,,,
continuous,rna_pathway_activity,LUSC,HALLMARK_SPERMATOGENESIS,FALSE,475,TRUE,Broad race,White,325,,,TRUE,performance estimated,0.252592813067581,0.183596436569943,0.503398528306504,,,,,
continuous,rna_pathway_activity,LUSC,HALLMARK_SPERMATOGENESIS,FALSE,475,TRUE,Recorded sex,FEMALE,120,,,TRUE,performance estimated,0.305600850868295,0.187872000017364,0.602721022293215,,,,,
continuous,rna_pathway_activity,LUSC,HALLMARK_SPERMATOGENESIS,FALSE,475,TRUE,Recorded sex,MALE,355,,,TRUE,performance estimated,0.25383679235965,0.177657400156686,0.491716453740535,,,,,
continuous,rna_pathway_activity,LUSC,HALLMARK_TNFA_SIGNALING_VIA_NFKB,FALSE,475,TRUE,Broad race,Asian,9,,,FALSE,fewer than 50 subgroup patients,,,,,,,,
continuous,rna_pathway_activity,LUSC,HALLMARK_TNFA_SIGNALING_VIA_NFKB,FALSE,475,TRUE,Broad race,Black or African American,30,,,FALSE,fewer than 50 subgroup patients,,,,,,,,
continuous,rna_pathway_activity,LUSC,HALLMARK_TNFA_SIGNALING_VIA_NFKB,FALSE,475,TRUE,Broad race,Missing,111,,,FALSE,demographic field missing,,,,,,,,
continuous,rna_pathway_activity,LUSC,HALLMARK_TNFA_SIGNALING_VIA_NFKB,FALSE,475,TRUE,Broad race,White,325,,,TRUE,performance estimated,0.22271564415888,0.351554641173057,0.473148550154685,,,,,
continuous,rna_pathway_activity,LUSC,HALLMARK_TNFA_SIGNALING_VIA_NFKB,FALSE,475,TRUE,Recorded sex,FEMALE,120,,,TRUE,performance estimated,0.27694566838771,0.33528319933674,0.524771164664213,,,,,
continuous,rna_pathway_activity,LUSC,HALLMARK_TNFA_SIGNALING_VIA_NFKB,FALSE,475,TRUE,Recorded sex,MALE,355,,,TRUE,performance estimated,0.206243255973057,0.349931504708787,0.462850000402338,,,,,
continuous,rna_pathway_activity,MESO,HALLMARK_APOPTOSIS,FALSE,75,FALSE,Broad race,Asian,1,,,FALSE,model has fewer than 200 outcome-labelled patients,,,,,,,,
continuous,rna_pathway_activity,MESO,HALLMARK_APOPTOSIS,FALSE,75,FALSE,Broad race,Black or African American,1,,,FALSE,model has fewer than 200 outcome-labelled patients,,,,,,,,
continuous,rna_pathway_activity,MESO,HALLMARK_APOPTOSIS,FALSE,75,FALSE,Broad race,White,73,,,FALSE,model has fewer than 200 outcome-labelled patients,,,,,,,,
continuous,rna_pathway_activity,MESO,HALLMARK_APOPTOSIS,FALSE,75,FALSE,Recorded sex,FEMALE,15,,,FALSE,model has fewer than 200 outcome-labelled patients,,,,,,,,
continuous,rna_pathway_activity,MESO,HALLMARK_APOPTOSIS,FALSE,75,FALSE,Recorded sex,MALE,60,,,FALSE,model has fewer than 200 outcome-labelled patients,,,,,,,,
continuous,rna_pathway_activity,MESO,HALLMARK_EPITHELIAL_MESENCHYMAL_TRANSITION,FALSE,75,FALSE,Broad race,Asian,1,,,FALSE,model has fewer than 200 outcome-labelled patients,,,,,,,,
continuous,rna_pathway_activity,MESO,HALLMARK_EPITHELIAL_MESENCHYMAL_TRANSITION,FALSE,75,FALSE,Broad race,Black or African American,1,,,FALSE,model has fewer than 200 outcome-labelled patients,,,,,,,,
continuous,rna_pathway_activity,MESO,HALLMARK_EPITHELIAL_MESENCHYMAL_TRANSITION,FALSE,75,FALSE,Broad race,White,73,,,FALSE,model has fewer than 200 outcome-labelled patients,,,,,,,,
continuous,rna_pathway_activity,MESO,HALLMARK_EPITHELIAL_MESENCHYMAL_TRANSITION,FALSE,75,FALSE,Recorded sex,FEMALE,15,,,FALSE,model has fewer than 200 outcome-labelled patients,,,,,,,,
continuous,rna_pathway_activity,MESO,HALLMARK_EPITHELIAL_MESENCHYMAL_TRANSITION,FALSE,75,FALSE,Recorded sex,MALE,60,,,FALSE,model has fewer than 200 outcome-labelled patients,,,,,,,,
continuous,rna_pathway_activity,MESO,HALLMARK_IL2_STAT5_SIGNALING,FALSE,75,FALSE,Broad race,Asian,1,,,FALSE,model has fewer than 200 outcome-labelled patients,,,,,,,,
continuous,rna_pathway_activity,MESO,HALLMARK_IL2_STAT5_SIGNALING,FALSE,75,FALSE,Broad race,Black or African American,1,,,FALSE,model has fewer than 200 outcome-labelled patients,,,,,,,,
continuous,rna_pathway_activity,MESO,HALLMARK_IL2_STAT5_SIGNALING,FALSE,75,FALSE,Broad race,White,73,,,FALSE,model has fewer than 200 outcome-labelled patients,,,,,,,,
continuous,rna_pathway_activity,MESO,HALLMARK_IL2_STAT5_SIGNALING,FALSE,75,FALSE,Recorded sex,FEMALE,15,,,FALSE,model has fewer than 200 outcome-labelled patients,,,,,,,,
continuous,rna_pathway_activity,MESO,HALLMARK_IL2_STAT5_SIGNALING,FALSE,75,FALSE,Recorded sex,MALE,60,,,FALSE,model has fewer than 200 outcome-labelled patients,,,,,,,,
continuous,rna_pathway_activity,MESO,HALLMARK_IL6_JAK_STAT3_SIGNALING,FALSE,75,FALSE,Broad race,Asian,1,,,FALSE,model has fewer than 200 outcome-labelled patients,,,,,,,,
continuous,rna_pathway_activity,MESO,HALLMARK_IL6_JAK_STAT3_SIGNALING,FALSE,75,FALSE,Broad race,Black or African American,1,,,FALSE,model has fewer than 200 outcome-labelled patients,,,,,,,,
continuous,rna_pathway_activity,MESO,HALLMARK_IL6_JAK_STAT3_SIGNALING,FALSE,75,FALSE,Broad race,White,73,,,FALSE,model has fewer than 200 outcome-labelled patients,,,,,,,,
continuous,rna_pathway_activity,MESO,HALLMARK_IL6_JAK_STAT3_SIGNALING,FALSE,75,FALSE,Recorded sex,FEMALE,15,,,FALSE,model has fewer than 200 outcome-labelled patients,,,,,,,,
continuous,rna_pathway_activity,MESO,HALLMARK_IL6_JAK_STAT3_SIGNALING,FALSE,75,FALSE,Recorded sex,MALE,60,,,FALSE,model has fewer than 200 outcome-labelled patients,,,,,,,,
continuous,rna_pathway_activity,MESO,HALLMARK_INTERFERON_GAMMA_RESPONSE,FALSE,75,FALSE,Broad race,Asian,1,,,FALSE,model has fewer than 200 outcome-labelled patients,,,,,,,,
continuous,rna_pathway_activity,MESO,HALLMARK_INTERFERON_GAMMA_RESPONSE,FALSE,75,FALSE,Broad race,Black or African American,1,,,FALSE,model has fewer than 200 outcome-labelled patients,,,,,,,,
continuous,rna_pathway_activity,MESO,HALLMARK_INTERFERON_GAMMA_RESPONSE,FALSE,75,FALSE,Broad race,White,73,,,FALSE,model has fewer than 200 outcome-labelled patients,,,,,,,,
continuous,rna_pathway_activity,MESO,HALLMARK_INTERFERON_GAMMA_RESPONSE,FALSE,75,FALSE,Recorded sex,FEMALE,15,,,FALSE,model has fewer than 200 outcome-labelled patients,,,,,,,,
continuous,rna_pathway_activity,MESO,HALLMARK_INTERFERON_GAMMA_RESPONSE,FALSE,75,FALSE,Recorded sex,MALE,60,,,FALSE,model has fewer than 200 outcome-labelled patients,,,,,,,,
continuous,rna_pathway_activity,MESO,HALLMARK_MTORC1_SIGNALING,FALSE,75,FALSE,Broad race,Asian,1,,,FALSE,model has fewer than 200 outcome-labelled patients,,,,,,,,
continuous,rna_pathway_activity,MESO,HALLMARK_MTORC1_SIGNALING,FALSE,75,FALSE,Broad race,Black or African American,1,,,FALSE,model has fewer than 200 outcome-labelled patients,,,,,,,,
continuous,rna_pathway_activity,MESO,HALLMARK_MTORC1_SIGNALING,FALSE,75,FALSE,Broad race,White,73,,,FALSE,model has fewer than 200 outcome-labelled patients,,,,,,,,
continuous,rna_pathway_activity,MESO,HALLMARK_MTORC1_SIGNALING,FALSE,75,FALSE,Recorded sex,FEMALE,15,,,FALSE,model has fewer than 200 outcome-labelled patients,,,,,,,,
continuous,rna_pathway_activity,MESO,HALLMARK_MTORC1_SIGNALING,FALSE,75,FALSE,Recorded sex,MALE,60,,,FALSE,model has fewer than 200 outcome-labelled patients,,,,,,,,
continuous,rna_pathway_activity,OV,HALLMARK_ADIPOGENESIS,FALSE,69,FALSE,Broad race,Black or African American,9,,,FALSE,model has fewer than 200 outcome-labelled patients,,,,,,,,
continuous,rna_pathway_activity,OV,HALLMARK_ADIPOGENESIS,FALSE,69,FALSE,Broad race,Other recorded race,2,,,FALSE,model has fewer than 200 outcome-labelled patients,,,,,,,,
continuous,rna_pathway_activity,OV,HALLMARK_ADIPOGENESIS,FALSE,69,FALSE,Broad race,White,58,,,FALSE,model has fewer than 200 outcome-labelled patients,,,,,,,,
continuous,rna_pathway_activity,OV,HALLMARK_ADIPOGENESIS,FALSE,69,FALSE,Recorded sex,FEMALE,69,,,FALSE,model has fewer than 200 outcome-labelled patients,,,,,,,,
continuous,rna_pathway_activity,OV,HALLMARK_ALLOGRAFT_REJECTION,FALSE,69,FALSE,Broad race,Black or African American,9,,,FALSE,model has fewer than 200 outcome-labelled patients,,,,,,,,
continuous,rna_pathway_activity,OV,HALLMARK_ALLOGRAFT_REJECTION,FALSE,69,FALSE,Broad race,Other recorded race,2,,,FALSE,model has fewer than 200 outcome-labelled patients,,,,,,,,
continuous,rna_pathway_activity,OV,HALLMARK_ALLOGRAFT_REJECTION,FALSE,69,FALSE,Broad race,White,58,,,FALSE,model has fewer than 200 outcome-labelled patients,,,,,,,,
continuous,rna_pathway_activity,OV,HALLMARK_ALLOGRAFT_REJECTION,FALSE,69,FALSE,Recorded sex,FEMALE,69,,,FALSE,model has fewer than 200 outcome-labelled patients,,,,,,,,
continuous,rna_pathway_activity,OV,HALLMARK_ANDROGEN_RESPONSE,FALSE,69,FALSE,Broad race,Black or African American,9,,,FALSE,model has fewer than 200 outcome-labelled patients,,,,,,,,
continuous,rna_pathway_activity,OV,HALLMARK_ANDROGEN_RESPONSE,FALSE,69,FALSE,Broad race,Other recorded race,2,,,FALSE,model has fewer than 200 outcome-labelled patients,,,,,,,,
continuous,rna_pathway_activity,OV,HALLMARK_ANDROGEN_RESPONSE,FALSE,69,FALSE,Broad race,White,58,,,FALSE,model has fewer than 200 outcome-labelled patients,,,,,,,,
continuous,rna_pathway_activity,OV,HALLMARK_ANDROGEN_RESPONSE,FALSE,69,FALSE,Recorded sex,FEMALE,69,,,FALSE,model has fewer than 200 outcome-labelled patients,,,,,,,,
continuous,rna_pathway_activity,OV,HALLMARK_CHOLESTEROL_HOMEOSTASIS,FALSE,69,FALSE,Broad race,Black or African American,9,,,FALSE,model has fewer than 200 outcome-labelled patients,,,,,,,,
continuous,rna_pathway_activity,OV,HALLMARK_CHOLESTEROL_HOMEOSTASIS,FALSE,69,FALSE,Broad race,Other recorded race,2,,,FALSE,model has fewer than 200 outcome-labelled patients,,,,,,,,
continuous,rna_pathway_activity,OV,HALLMARK_CHOLESTEROL_HOMEOSTASIS,FALSE,69,FALSE,Broad race,White,58,,,FALSE,model has fewer than 200 outcome-labelled patients,,,,,,,,
continuous,rna_pathway_activity,OV,HALLMARK_CHOLESTEROL_HOMEOSTASIS,FALSE,69,FALSE,Recorded sex,FEMALE,69,,,FALSE,model has fewer than 200 outcome-labelled patients,,,,,,,,
continuous,rna_pathway_activity,OV,HALLMARK_COAGULATION,FALSE,69,FALSE,Broad race,Black or African American,9,,,FALSE,model has fewer than 200 outcome-labelled patients,,,,,,,,
continuous,rna_pathway_activity,OV,HALLMARK_COAGULATION,FALSE,69,FALSE,Broad race,Other recorded race,2,,,FALSE,model has fewer than 200 outcome-labelled patients,,,,,,,,
continuous,rna_pathway_activity,OV,HALLMARK_COAGULATION,FALSE,69,FALSE,Broad race,White,58,,,FALSE,model has fewer than 200 outcome-labelled patients,,,,,,,,
continuous,rna_pathway_activity,OV,HALLMARK_COAGULATION,FALSE,69,FALSE,Recorded sex,FEMALE,69,,,FALSE,model has fewer than 200 outcome-labelled patients,,,,,,,,
continuous,rna_pathway_activity,OV,HALLMARK_ESTROGEN_RESPONSE_EARLY,FALSE,69,FALSE,Broad race,Black or African American,9,,,FALSE,model has fewer than 200 outcome-labelled patients,,,,,,,,
continuous,rna_pathway_activity,OV,HALLMARK_ESTROGEN_RESPONSE_EARLY,FALSE,69,FALSE,Broad race,Other recorded race,2,,,FALSE,model has fewer than 200 outcome-labelled patients,,,,,,,,
continuous,rna_pathway_activity,OV,HALLMARK_ESTROGEN_RESPONSE_EARLY,FALSE,69,FALSE,Broad race,White,58,,,FALSE,model has fewer than 200 outcome-labelled patients,,,,,,,,
continuous,rna_pathway_activity,OV,HALLMARK_ESTROGEN_RESPONSE_EARLY,FALSE,69,FALSE,Recorded sex,FEMALE,69,,,FALSE,model has fewer than 200 outcome-labelled patients,,,,,,,,
continuous,rna_pathway_activity,OV,HALLMARK_ESTROGEN_RESPONSE_LATE,FALSE,69,FALSE,Broad race,Black or African American,9,,,FALSE,model has fewer than 200 outcome-labelled patients,,,,,,,,
continuous,rna_pathway_activity,OV,HALLMARK_ESTROGEN_RESPONSE_LATE,FALSE,69,FALSE,Broad race,Other recorded race,2,,,FALSE,model has fewer than 200 outcome-labelled patients,,,,,,,,
continuous,rna_pathway_activity,OV,HALLMARK_ESTROGEN_RESPONSE_LATE,FALSE,69,FALSE,Broad race,White,58,,,FALSE,model has fewer than 200 outcome-labelled patients,,,,,,,,
continuous,rna_pathway_activity,OV,HALLMARK_ESTROGEN_RESPONSE_LATE,FALSE,69,FALSE,Recorded sex,FEMALE,69,,,FALSE,model has fewer than 200 outcome-labelled patients,,,,,,,,
continuous,rna_pathway_activity,OV,HALLMARK_FATTY_ACID_METABOLISM,FALSE,69,FALSE,Broad race,Black or African American,9,,,FALSE,model has fewer than 200 outcome-labelled patients,,,,,,,,
continuous,rna_pathway_activity,OV,HALLMARK_FATTY_ACID_METABOLISM,FALSE,69,FALSE,Broad race,Other recorded race,2,,,FALSE,model has fewer than 200 outcome-labelled patients,,,,,,,,
continuous,rna_pathway_activity,OV,HALLMARK_FATTY_ACID_METABOLISM,FALSE,69,FALSE,Broad race,White,58,,,FALSE,model has fewer than 200 outcome-labelled patients,,,,,,,,
continuous,rna_pathway_activity,OV,HALLMARK_FATTY_ACID_METABOLISM,FALSE,69,FALSE,Recorded sex,FEMALE,69,,,FALSE,model has fewer than 200 outcome-labelled patients,,,,,,,,
continuous,rna_pathway_activity,OV,HALLMARK_HYPOXIA,FALSE,69,FALSE,Broad race,Black or African American,9,,,FALSE,model has fewer than 200 outcome-labelled patients,,,,,,,,
continuous,rna_pathway_activity,OV,HALLMARK_HYPOXIA,FALSE,69,FALSE,Broad race,Other recorded race,2,,,FALSE,model has fewer than 200 outcome-labelled patients,,,,,,,,
continuous,rna_pathway_activity,OV,HALLMARK_HYPOXIA,FALSE,69,FALSE,Broad race,White,58,,,FALSE,model has fewer than 200 outcome-labelled patients,,,,,,,,
continuous,rna_pathway_activity,OV,HALLMARK_HYPOXIA,FALSE,69,FALSE,Recorded sex,FEMALE,69,,,FALSE,model has fewer than 200 outcome-labelled patients,,,,,,,,
continuous,rna_pathway_activity,OV,HALLMARK_IL2_STAT5_SIGNALING,FALSE,69,FALSE,Broad race,Black or African American,9,,,FALSE,model has fewer than 200 outcome-labelled patients,,,,,,,,
continuous,rna_pathway_activity,OV,HALLMARK_IL2_STAT5_SIGNALING,FALSE,69,FALSE,Broad race,Other recorded race,2,,,FALSE,model has fewer than 200 outcome-labelled patients,,,,,,,,
continuous,rna_pathway_activity,OV,HALLMARK_IL2_STAT5_SIGNALING,FALSE,69,FALSE,Broad race,White,58,,,FALSE,model has fewer than 200 outcome-labelled patients,,,,,,,,
continuous,rna_pathway_activity,OV,HALLMARK_IL2_STAT5_SIGNALING,FALSE,69,FALSE,Recorded sex,FEMALE,69,,,FALSE,model has fewer than 200 outcome-labelled patients,,,,,,,,
continuous,rna_pathway_activity,OV,HALLMARK_IL6_JAK_STAT3_SIGNALING,FALSE,69,FALSE,Broad race,Black or African American,9,,,FALSE,model has fewer than 200 outcome-labelled patients,,,,,,,,
continuous,rna_pathway_activity,OV,HALLMARK_IL6_JAK_STAT3_SIGNALING,FALSE,69,FALSE,Broad race,Other recorded race,2,,,FALSE,model has fewer than 200 outcome-labelled patients,,,,,,,,
continuous,rna_pathway_activity,OV,HALLMARK_IL6_JAK_STAT3_SIGNALING,FALSE,69,FALSE,Broad race,White,58,,,FALSE,model has fewer than 200 outcome-labelled patients,,,,,,,,
continuous,rna_pathway_activity,OV,HALLMARK_IL6_JAK_STAT3_SIGNALING,FALSE,69,FALSE,Recorded sex,FEMALE,69,,,FALSE,model has fewer than 200 outcome-labelled patients,,,,,,,,
continuous,rna_pathway_activity,OV,HALLMARK_INFLAMMATORY_RESPONSE,FALSE,69,FALSE,Broad race,Black or African American,9,,,FALSE,model has fewer than 200 outcome-labelled patients,,,,,,,,
continuous,rna_pathway_activity,OV,HALLMARK_INFLAMMATORY_RESPONSE,FALSE,69,FALSE,Broad race,Other recorded race,2,,,FALSE,model has fewer than 200 outcome-labelled patients,,,,,,,,
continuous,rna_pathway_activity,OV,HALLMARK_INFLAMMATORY_RESPONSE,FALSE,69,FALSE,Broad race,White,58,,,FALSE,model has fewer than 200 outcome-labelled patients,,,,,,,,
continuous,rna_pathway_activity,OV,HALLMARK_INFLAMMATORY_RESPONSE,FALSE,69,FALSE,Recorded sex,FEMALE,69,,,FALSE,model has fewer than 200 outcome-labelled patients,,,,,,,,
continuous,rna_pathway_activity,OV,HALLMARK_MTORC1_SIGNALING,FALSE,69,FALSE,Broad race,Black or African American,9,,,FALSE,model has fewer than 200 outcome-labelled patients,,,,,,,,
continuous,rna_pathway_activity,OV,HALLMARK_MTORC1_SIGNALING,FALSE,69,FALSE,Broad race,Other recorded race,2,,,FALSE,model has fewer than 200 outcome-labelled patients,,,,,,,,
continuous,rna_pathway_activity,OV,HALLMARK_MTORC1_SIGNALING,FALSE,69,FALSE,Broad race,White,58,,,FALSE,model has fewer than 200 outcome-labelled patients,,,,,,,,
continuous,rna_pathway_activity,OV,HALLMARK_MTORC1_SIGNALING,FALSE,69,FALSE,Recorded sex,FEMALE,69,,,FALSE,model has fewer than 200 outcome-labelled patients,,,,,,,,
continuous,rna_pathway_activity,OV,HALLMARK_P53_PATHWAY,FALSE,69,FALSE,Broad race,Black or African American,9,,,FALSE,model has fewer than 200 outcome-labelled patients,,,,,,,,
continuous,rna_pathway_activity,OV,HALLMARK_P53_PATHWAY,FALSE,69,FALSE,Broad race,Other recorded race,2,,,FALSE,model has fewer than 200 outcome-labelled patients,,,,,,,,
continuous,rna_pathway_activity,OV,HALLMARK_P53_PATHWAY,FALSE,69,FALSE,Broad race,White,58,,,FALSE,model has fewer than 200 outcome-labelled patients,,,,,,,,
continuous,rna_pathway_activity,OV,HALLMARK_P53_PATHWAY,FALSE,69,FALSE,Recorded sex,FEMALE,69,,,FALSE,model has fewer than 200 outcome-labelled patients,,,,,,,,
continuous,rna_pathway_activity,OV,HALLMARK_TNFA_SIGNALING_VIA_NFKB,FALSE,69,FALSE,Broad race,Black or African American,9,,,FALSE,model has fewer than 200 outcome-labelled patients,,,,,,,,
continuous,rna_pathway_activity,OV,HALLMARK_TNFA_SIGNALING_VIA_NFKB,FALSE,69,FALSE,Broad race,Other recorded race,2,,,FALSE,model has fewer than 200 outcome-labelled patients,,,,,,,,
continuous,rna_pathway_activity,OV,HALLMARK_TNFA_SIGNALING_VIA_NFKB,FALSE,69,FALSE,Broad race,White,58,,,FALSE,model has fewer than 200 outcome-labelled patients,,,,,,,,
continuous,rna_pathway_activity,OV,HALLMARK_TNFA_SIGNALING_VIA_NFKB,FALSE,69,FALSE,Recorded sex,FEMALE,69,,,FALSE,model has fewer than 200 outcome-labelled patients,,,,,,,,
continuous,rna_pathway_activity,OV,HALLMARK_UV_RESPONSE_UP,FALSE,69,FALSE,Broad race,Black or African American,9,,,FALSE,model has fewer than 200 outcome-labelled patients,,,,,,,,
continuous,rna_pathway_activity,OV,HALLMARK_UV_RESPONSE_UP,FALSE,69,FALSE,Broad race,Other recorded race,2,,,FALSE,model has fewer than 200 outcome-labelled patients,,,,,,,,
continuous,rna_pathway_activity,OV,HALLMARK_UV_RESPONSE_UP,FALSE,69,FALSE,Broad race,White,58,,,FALSE,model has fewer than 200 outcome-labelled patients,,,,,,,,
continuous,rna_pathway_activity,OV,HALLMARK_UV_RESPONSE_UP,FALSE,69,FALSE,Recorded sex,FEMALE,69,,,FALSE,model has fewer than 200 outcome-labelled patients,,,,,,,,
continuous,rna_pathway_activity,PAAD,HALLMARK_ALLOGRAFT_REJECTION,FALSE,176,FALSE,Broad race,Asian,11,,,FALSE,model has fewer than 200 outcome-labelled patients,,,,,,,,
continuous,rna_pathway_activity,PAAD,HALLMARK_ALLOGRAFT_REJECTION,FALSE,176,FALSE,Broad race,Black or African American,6,,,FALSE,model has fewer than 200 outcome-labelled patients,,,,,,,,
continuous,rna_pathway_activity,PAAD,HALLMARK_ALLOGRAFT_REJECTION,FALSE,176,FALSE,Broad race,Missing,4,,,FALSE,model has fewer than 200 outcome-labelled patients,,,,,,,,
continuous,rna_pathway_activity,PAAD,HALLMARK_ALLOGRAFT_REJECTION,FALSE,176,FALSE,Broad race,White,155,,,FALSE,model has fewer than 200 outcome-labelled patients,,,,,,,,
continuous,rna_pathway_activity,PAAD,HALLMARK_ALLOGRAFT_REJECTION,FALSE,176,FALSE,Recorded sex,FEMALE,78,,,FALSE,model has fewer than 200 outcome-labelled patients,,,,,,,,
continuous,rna_pathway_activity,PAAD,HALLMARK_ALLOGRAFT_REJECTION,FALSE,176,FALSE,Recorded sex,MALE,98,,,FALSE,model has fewer than 200 outcome-labelled patients,,,,,,,,
continuous,rna_pathway_activity,PAAD,HALLMARK_ANDROGEN_RESPONSE,FALSE,176,FALSE,Broad race,Asian,11,,,FALSE,model has fewer than 200 outcome-labelled patients,,,,,,,,
continuous,rna_pathway_activity,PAAD,HALLMARK_ANDROGEN_RESPONSE,FALSE,176,FALSE,Broad race,Black or African American,6,,,FALSE,model has fewer than 200 outcome-labelled patients,,,,,,,,
continuous,rna_pathway_activity,PAAD,HALLMARK_ANDROGEN_RESPONSE,FALSE,176,FALSE,Broad race,Missing,4,,,FALSE,model has fewer than 200 outcome-labelled patients,,,,,,,,
continuous,rna_pathway_activity,PAAD,HALLMARK_ANDROGEN_RESPONSE,FALSE,176,FALSE,Broad race,White,155,,,FALSE,model has fewer than 200 outcome-labelled patients,,,,,,,,
continuous,rna_pathway_activity,PAAD,HALLMARK_ANDROGEN_RESPONSE,FALSE,176,FALSE,Recorded sex,FEMALE,78,,,FALSE,model has fewer than 200 outcome-labelled patients,,,,,,,,
continuous,rna_pathway_activity,PAAD,HALLMARK_ANDROGEN_RESPONSE,FALSE,176,FALSE,Recorded sex,MALE,98,,,FALSE,model has fewer than 200 outcome-labelled patients,,,,,,,,
continuous,rna_pathway_activity,PAAD,HALLMARK_ANGIOGENESIS,FALSE,176,FALSE,Broad race,Asian,11,,,FALSE,model has fewer than 200 outcome-labelled patients,,,,,,,,
continuous,rna_pathway_activity,PAAD,HALLMARK_ANGIOGENESIS,FALSE,176,FALSE,Broad race,Black or African American,6,,,FALSE,model has fewer than 200 outcome-labelled patients,,,,,,,,
continuous,rna_pathway_activity,PAAD,HALLMARK_ANGIOGENESIS,FALSE,176,FALSE,Broad race,Missing,4,,,FALSE,model has fewer than 200 outcome-labelled patients,,,,,,,,
continuous,rna_pathway_activity,PAAD,HALLMARK_ANGIOGENESIS,FALSE,176,FALSE,Broad race,White,155,,,FALSE,model has fewer than 200 outcome-labelled patients,,,,,,,,
continuous,rna_pathway_activity,PAAD,HALLMARK_ANGIOGENESIS,FALSE,176,FALSE,Recorded sex,FEMALE,78,,,FALSE,model has fewer than 200 outcome-labelled patients,,,,,,,,
continuous,rna_pathway_activity,PAAD,HALLMARK_ANGIOGENESIS,FALSE,176,FALSE,Recorded sex,MALE,98,,,FALSE,model has fewer than 200 outcome-labelled patients,,,,,,,,
continuous,rna_pathway_activity,PAAD,HALLMARK_APICAL_JUNCTION,FALSE,176,FALSE,Broad race,Asian,11,,,FALSE,model has fewer than 200 outcome-labelled patients,,,,,,,,
continuous,rna_pathway_activity,PAAD,HALLMARK_APICAL_JUNCTION,FALSE,176,FALSE,Broad race,Black or African American,6,,,FALSE,model has fewer than 200 outcome-labelled patients,,,,,,,,
continuous,rna_pathway_activity,PAAD,HALLMARK_APICAL_JUNCTION,FALSE,176,FALSE,Broad race,Missing,4,,,FALSE,model has fewer than 200 outcome-labelled patients,,,,,,,,
continuous,rna_pathway_activity,PAAD,HALLMARK_APICAL_JUNCTION,FALSE,176,FALSE,Broad race,White,155,,,FALSE,model has fewer than 200 outcome-labelled patients,,,,,,,,
continuous,rna_pathway_activity,PAAD,HALLMARK_APICAL_JUNCTION,FALSE,176,FALSE,Recorded sex,FEMALE,78,,,FALSE,model has fewer than 200 outcome-labelled patients,,,,,,,,
continuous,rna_pathway_activity,PAAD,HALLMARK_APICAL_JUNCTION,FALSE,176,FALSE,Recorded sex,MALE,98,,,FALSE,model has fewer than 200 outcome-labelled patients,,,,,,,,
continuous,rna_pathway_activity,PAAD,HALLMARK_APICAL_SURFACE,FALSE,176,FALSE,Broad race,Asian,11,,,FALSE,model has fewer than 200 outcome-labelled patients,,,,,,,,
continuous,rna_pathway_activity,PAAD,HALLMARK_APICAL_SURFACE,FALSE,176,FALSE,Broad race,Black or African American,6,,,FALSE,model has fewer than 200 outcome-labelled patients,,,,,,,,
continuous,rna_pathway_activity,PAAD,HALLMARK_APICAL_SURFACE,FALSE,176,FALSE,Broad race,Missing,4,,,FALSE,model has fewer than 200 outcome-labelled patients,,,,,,,,
continuous,rna_pathway_activity,PAAD,HALLMARK_APICAL_SURFACE,FALSE,176,FALSE,Broad race,White,155,,,FALSE,model has fewer than 200 outcome-labelled patients,,,,,,,,
continuous,rna_pathway_activity,PAAD,HALLMARK_APICAL_SURFACE,FALSE,176,FALSE,Recorded sex,FEMALE,78,,,FALSE,model has fewer than 200 outcome-labelled patients,,,,,,,,
continuous,rna_pathway_activity,PAAD,HALLMARK_APICAL_SURFACE,FALSE,176,FALSE,Recorded sex,MALE,98,,,FALSE,model has fewer than 200 outcome-labelled patients,,,,,,,,
continuous,rna_pathway_activity,PAAD,HALLMARK_APOPTOSIS,FALSE,176,FALSE,Broad race,Asian,11,,,FALSE,model has fewer than 200 outcome-labelled patients,,,,,,,,
continuous,rna_pathway_activity,PAAD,HALLMARK_APOPTOSIS,FALSE,176,FALSE,Broad race,Black or African American,6,,,FALSE,model has fewer than 200 outcome-labelled patients,,,,,,,,
continuous,rna_pathway_activity,PAAD,HALLMARK_APOPTOSIS,FALSE,176,FALSE,Broad race,Missing,4,,,FALSE,model has fewer than 200 outcome-labelled patients,,,,,,,,
continuous,rna_pathway_activity,PAAD,HALLMARK_APOPTOSIS,FALSE,176,FALSE,Broad race,White,155,,,FALSE,model has fewer than 200 outcome-labelled patients,,,,,,,,
continuous,rna_pathway_activity,PAAD,HALLMARK_APOPTOSIS,FALSE,176,FALSE,Recorded sex,FEMALE,78,,,FALSE,model has fewer than 200 outcome-labelled patients,,,,,,,,
continuous,rna_pathway_activity,PAAD,HALLMARK_APOPTOSIS,FALSE,176,FALSE,Recorded sex,MALE,98,,,FALSE,model has fewer than 200 outcome-labelled patients,,,,,,,,
continuous,rna_pathway_activity,PAAD,HALLMARK_CHOLESTEROL_HOMEOSTASIS,FALSE,176,FALSE,Broad race,Asian,11,,,FALSE,model has fewer than 200 outcome-labelled patients,,,,,,,,
continuous,rna_pathway_activity,PAAD,HALLMARK_CHOLESTEROL_HOMEOSTASIS,FALSE,176,FALSE,Broad race,Black or African American,6,,,FALSE,model has fewer than 200 outcome-labelled patients,,,,,,,,
continuous,rna_pathway_activity,PAAD,HALLMARK_CHOLESTEROL_HOMEOSTASIS,FALSE,176,FALSE,Broad race,Missing,4,,,FALSE,model has fewer than 200 outcome-labelled patients,,,,,,,,
continuous,rna_pathway_activity,PAAD,HALLMARK_CHOLESTEROL_HOMEOSTASIS,FALSE,176,FALSE,Broad race,White,155,,,FALSE,model has fewer than 200 outcome-labelled patients,,,,,,,,
continuous,rna_pathway_activity,PAAD,HALLMARK_CHOLESTEROL_HOMEOSTASIS,FALSE,176,FALSE,Recorded sex,FEMALE,78,,,FALSE,model has fewer than 200 outcome-labelled patients,,,,,,,,
continuous,rna_pathway_activity,PAAD,HALLMARK_CHOLESTEROL_HOMEOSTASIS,FALSE,176,FALSE,Recorded sex,MALE,98,,,FALSE,model has fewer than 200 outcome-labelled patients,,,,,,,,
continuous,rna_pathway_activity,PAAD,HALLMARK_COAGULATION,FALSE,176,FALSE,Broad race,Asian,11,,,FALSE,model has fewer than 200 outcome-labelled patients,,,,,,,,
continuous,rna_pathway_activity,PAAD,HALLMARK_COAGULATION,FALSE,176,FALSE,Broad race,Black or African American,6,,,FALSE,model has fewer than 200 outcome-labelled patients,,,,,,,,
continuous,rna_pathway_activity,PAAD,HALLMARK_COAGULATION,FALSE,176,FALSE,Broad race,Missing,4,,,FALSE,model has fewer than 200 outcome-labelled patients,,,,,,,,
continuous,rna_pathway_activity,PAAD,HALLMARK_COAGULATION,FALSE,176,FALSE,Broad race,White,155,,,FALSE,model has fewer than 200 outcome-labelled patients,,,,,,,,
continuous,rna_pathway_activity,PAAD,HALLMARK_COAGULATION,FALSE,176,FALSE,Recorded sex,FEMALE,78,,,FALSE,model has fewer than 200 outcome-labelled patients,,,,,,,,
continuous,rna_pathway_activity,PAAD,HALLMARK_COAGULATION,FALSE,176,FALSE,Recorded sex,MALE,98,,,FALSE,model has fewer than 200 outcome-labelled patients,,,,,,,,
continuous,rna_pathway_activity,PAAD,HALLMARK_COMPLEMENT,FALSE,176,FALSE,Broad race,Asian,11,,,FALSE,model has fewer than 200 outcome-labelled patients,,,,,,,,
continuous,rna_pathway_activity,PAAD,HALLMARK_COMPLEMENT,FALSE,176,FALSE,Broad race,Black or African American,6,,,FALSE,model has fewer than 200 outcome-labelled patients,,,,,,,,
continuous,rna_pathway_activity,PAAD,HALLMARK_COMPLEMENT,FALSE,176,FALSE,Broad race,Missing,4,,,FALSE,model has fewer than 200 outcome-labelled patients,,,,,,,,
continuous,rna_pathway_activity,PAAD,HALLMARK_COMPLEMENT,FALSE,176,FALSE,Broad race,White,155,,,FALSE,model has fewer than 200 outcome-labelled patients,,,,,,,,
continuous,rna_pathway_activity,PAAD,HALLMARK_COMPLEMENT,FALSE,176,FALSE,Recorded sex,FEMALE,78,,,FALSE,model has fewer than 200 outcome-labelled patients,,,,,,,,
continuous,rna_pathway_activity,PAAD,HALLMARK_COMPLEMENT,FALSE,176,FALSE,Recorded sex,MALE,98,,,FALSE,model has fewer than 200 outcome-labelled patients,,,,,,,,
continuous,rna_pathway_activity,PAAD,HALLMARK_EPITHELIAL_MESENCHYMAL_TRANSITION,FALSE,176,FALSE,Broad race,Asian,11,,,FALSE,model has fewer than 200 outcome-labelled patients,,,,,,,,
continuous,rna_pathway_activity,PAAD,HALLMARK_EPITHELIAL_MESENCHYMAL_TRANSITION,FALSE,176,FALSE,Broad race,Black or African American,6,,,FALSE,model has fewer than 200 outcome-labelled patients,,,,,,,,
continuous,rna_pathway_activity,PAAD,HALLMARK_EPITHELIAL_MESENCHYMAL_TRANSITION,FALSE,176,FALSE,Broad race,Missing,4,,,FALSE,model has fewer than 200 outcome-labelled patients,,,,,,,,
continuous,rna_pathway_activity,PAAD,HALLMARK_EPITHELIAL_MESENCHYMAL_TRANSITION,FALSE,176,FALSE,Broad race,White,155,,,FALSE,model has fewer than 200 outcome-labelled patients,,,,,,,,
continuous,rna_pathway_activity,PAAD,HALLMARK_EPITHELIAL_MESENCHYMAL_TRANSITION,FALSE,176,FALSE,Recorded sex,FEMALE,78,,,FALSE,model has fewer than 200 outcome-labelled patients,,,,,,,,
continuous,rna_pathway_activity,PAAD,HALLMARK_EPITHELIAL_MESENCHYMAL_TRANSITION,FALSE,176,FALSE,Recorded sex,MALE,98,,,FALSE,model has fewer than 200 outcome-labelled patients,,,,,,,,
continuous,rna_pathway_activity,PAAD,HALLMARK_ESTROGEN_RESPONSE_EARLY,FALSE,176,FALSE,Broad race,Asian,11,,,FALSE,model has fewer than 200 outcome-labelled patients,,,,,,,,
continuous,rna_pathway_activity,PAAD,HALLMARK_ESTROGEN_RESPONSE_EARLY,FALSE,176,FALSE,Broad race,Black or African American,6,,,FALSE,model has fewer than 200 outcome-labelled patients,,,,,,,,
continuous,rna_pathway_activity,PAAD,HALLMARK_ESTROGEN_RESPONSE_EARLY,FALSE,176,FALSE,Broad race,Missing,4,,,FALSE,model has fewer than 200 outcome-labelled patients,,,,,,,,
continuous,rna_pathway_activity,PAAD,HALLMARK_ESTROGEN_RESPONSE_EARLY,FALSE,176,FALSE,Broad race,White,155,,,FALSE,model has fewer than 200 outcome-labelled patients,,,,,,,,
continuous,rna_pathway_activity,PAAD,HALLMARK_ESTROGEN_RESPONSE_EARLY,FALSE,176,FALSE,Recorded sex,FEMALE,78,,,FALSE,model has fewer than 200 outcome-labelled patients,,,,,,,,
continuous,rna_pathway_activity,PAAD,HALLMARK_ESTROGEN_RESPONSE_EARLY,FALSE,176,FALSE,Recorded sex,MALE,98,,,FALSE,model has fewer than 200 outcome-labelled patients,,,,,,,,
continuous,rna_pathway_activity,PAAD,HALLMARK_ESTROGEN_RESPONSE_LATE,FALSE,176,FALSE,Broad race,Asian,11,,,FALSE,model has fewer than 200 outcome-labelled patients,,,,,,,,
continuous,rna_pathway_activity,PAAD,HALLMARK_ESTROGEN_RESPONSE_LATE,FALSE,176,FALSE,Broad race,Black or African American,6,,,FALSE,model has fewer than 200 outcome-labelled patients,,,,,,,,
continuous,rna_pathway_activity,PAAD,HALLMARK_ESTROGEN_RESPONSE_LATE,FALSE,176,FALSE,Broad race,Missing,4,,,FALSE,model has fewer than 200 outcome-labelled patients,,,,,,,,
continuous,rna_pathway_activity,PAAD,HALLMARK_ESTROGEN_RESPONSE_LATE,FALSE,176,FALSE,Broad race,White,155,,,FALSE,model has fewer than 200 outcome-labelled patients,,,,,,,,
continuous,rna_pathway_activity,PAAD,HALLMARK_ESTROGEN_RESPONSE_LATE,FALSE,176,FALSE,Recorded sex,FEMALE,78,,,FALSE,model has fewer than 200 outcome-labelled patients,,,,,,,,
continuous,rna_pathway_activity,PAAD,HALLMARK_ESTROGEN_RESPONSE_LATE,FALSE,176,FALSE,Recorded sex,MALE,98,,,FALSE,model has fewer than 200 outcome-labelled patients,,,,,,,,
continuous,rna_pathway_activity,PAAD,HALLMARK_G2M_CHECKPOINT,FALSE,176,FALSE,Broad race,Asian,11,,,FALSE,model has fewer than 200 outcome-labelled patients,,,,,,,,
continuous,rna_pathway_activity,PAAD,HALLMARK_G2M_CHECKPOINT,FALSE,176,FALSE,Broad race,Black or African American,6,,,FALSE,model has fewer than 200 outcome-labelled patients,,,,,,,,
continuous,rna_pathway_activity,PAAD,HALLMARK_G2M_CHECKPOINT,FALSE,176,FALSE,Broad race,Missing,4,,,FALSE,model has fewer than 200 outcome-labelled patients,,,,,,,,
continuous,rna_pathway_activity,PAAD,HALLMARK_G2M_CHECKPOINT,FALSE,176,FALSE,Broad race,White,155,,,FALSE,model has fewer than 200 outcome-labelled patients,,,,,,,,
continuous,rna_pathway_activity,PAAD,HALLMARK_G2M_CHECKPOINT,FALSE,176,FALSE,Recorded sex,FEMALE,78,,,FALSE,model has fewer than 200 outcome-labelled patients,,,,,,,,
continuous,rna_pathway_activity,PAAD,HALLMARK_G2M_CHECKPOINT,FALSE,176,FALSE,Recorded sex,MALE,98,,,FALSE,model has fewer than 200 outcome-labelled patients,,,,,,,,
continuous,rna_pathway_activity,PAAD,HALLMARK_HYPOXIA,FALSE,176,FALSE,Broad race,Asian,11,,,FALSE,model has fewer than 200 outcome-labelled patients,,,,,,,,
continuous,rna_pathway_activity,PAAD,HALLMARK_HYPOXIA,FALSE,176,FALSE,Broad race,Black or African American,6,,,FALSE,model has fewer than 200 outcome-labelled patients,,,,,,,,
continuous,rna_pathway_activity,PAAD,HALLMARK_HYPOXIA,FALSE,176,FALSE,Broad race,Missing,4,,,FALSE,model has fewer than 200 outcome-labelled patients,,,,,,,,
continuous,rna_pathway_activity,PAAD,HALLMARK_HYPOXIA,FALSE,176,FALSE,Broad race,White,155,,,FALSE,model has fewer than 200 outcome-labelled patients,,,,,,,,
continuous,rna_pathway_activity,PAAD,HALLMARK_HYPOXIA,FALSE,176,FALSE,Recorded sex,FEMALE,78,,,FALSE,model has fewer than 200 outcome-labelled patients,,,,,,,,
continuous,rna_pathway_activity,PAAD,HALLMARK_HYPOXIA,FALSE,176,FALSE,Recorded sex,MALE,98,,,FALSE,model has fewer than 200 outcome-labelled patients,,,,,,,,
continuous,rna_pathway_activity,PAAD,HALLMARK_IL2_STAT5_SIGNALING,FALSE,176,FALSE,Broad race,Asian,11,,,FALSE,model has fewer than 200 outcome-labelled patients,,,,,,,,
continuous,rna_pathway_activity,PAAD,HALLMARK_IL2_STAT5_SIGNALING,FALSE,176,FALSE,Broad race,Black or African American,6,,,FALSE,model has fewer than 200 outcome-labelled patients,,,,,,,,
continuous,rna_pathway_activity,PAAD,HALLMARK_IL2_STAT5_SIGNALING,FALSE,176,FALSE,Broad race,Missing,4,,,FALSE,model has fewer than 200 outcome-labelled patients,,,,,,,,
continuous,rna_pathway_activity,PAAD,HALLMARK_IL2_STAT5_SIGNALING,FALSE,176,FALSE,Broad race,White,155,,,FALSE,model has fewer than 200 outcome-labelled patients,,,,,,,,
continuous,rna_pathway_activity,PAAD,HALLMARK_IL2_STAT5_SIGNALING,FALSE,176,FALSE,Recorded sex,FEMALE,78,,,FALSE,model has fewer than 200 outcome-labelled patients,,,,,,,,
continuous,rna_pathway_activity,PAAD,HALLMARK_IL2_STAT5_SIGNALING,FALSE,176,FALSE,Recorded sex,MALE,98,,,FALSE,model has fewer than 200 outcome-labelled patients,,,,,,,,
continuous,rna_pathway_activity,PAAD,HALLMARK_IL6_JAK_STAT3_SIGNALING,FALSE,176,FALSE,Broad race,Asian,11,,,FALSE,model has fewer than 200 outcome-labelled patients,,,,,,,,
continuous,rna_pathway_activity,PAAD,HALLMARK_IL6_JAK_STAT3_SIGNALING,FALSE,176,FALSE,Broad race,Black or African American,6,,,FALSE,model has fewer than 200 outcome-labelled patients,,,,,,,,
continuous,rna_pathway_activity,PAAD,HALLMARK_IL6_JAK_STAT3_SIGNALING,FALSE,176,FALSE,Broad race,Missing,4,,,FALSE,model has fewer than 200 outcome-labelled patients,,,,,,,,
continuous,rna_pathway_activity,PAAD,HALLMARK_IL6_JAK_STAT3_SIGNALING,FALSE,176,FALSE,Broad race,White,155,,,FALSE,model has fewer than 200 outcome-labelled patients,,,,,,,,
continuous,rna_pathway_activity,PAAD,HALLMARK_IL6_JAK_STAT3_SIGNALING,FALSE,176,FALSE,Recorded sex,FEMALE,78,,,FALSE,model has fewer than 200 outcome-labelled patients,,,,,,,,
continuous,rna_pathway_activity,PAAD,HALLMARK_IL6_JAK_STAT3_SIGNALING,FALSE,176,FALSE,Recorded sex,MALE,98,,,FALSE,model has fewer than 200 outcome-labelled patients,,,,,,,,
continuous,rna_pathway_activity,PAAD,HALLMARK_INFLAMMATORY_RESPONSE,FALSE,176,FALSE,Broad race,Asian,11,,,FALSE,model has fewer than 200 outcome-labelled patients,,,,,,,,
continuous,rna_pathway_activity,PAAD,HALLMARK_INFLAMMATORY_RESPONSE,FALSE,176,FALSE,Broad race,Black or African American,6,,,FALSE,model has fewer than 200 outcome-labelled patients,,,,,,,,
continuous,rna_pathway_activity,PAAD,HALLMARK_INFLAMMATORY_RESPONSE,FALSE,176,FALSE,Broad race,Missing,4,,,FALSE,model has fewer than 200 outcome-labelled patients,,,,,,,,
continuous,rna_pathway_activity,PAAD,HALLMARK_INFLAMMATORY_RESPONSE,FALSE,176,FALSE,Broad race,White,155,,,FALSE,model has fewer than 200 outcome-labelled patients,,,,,,,,
continuous,rna_pathway_activity,PAAD,HALLMARK_INFLAMMATORY_RESPONSE,FALSE,176,FALSE,Recorded sex,FEMALE,78,,,FALSE,model has fewer than 200 outcome-labelled patients,,,,,,,,
continuous,rna_pathway_activity,PAAD,HALLMARK_INFLAMMATORY_RESPONSE,FALSE,176,FALSE,Recorded sex,MALE,98,,,FALSE,model has fewer than 200 outcome-labelled patients,,,,,,,,
continuous,rna_pathway_activity,PAAD,HALLMARK_INTERFERON_ALPHA_RESPONSE,FALSE,176,FALSE,Broad race,Asian,11,,,FALSE,model has fewer than 200 outcome-labelled patients,,,,,,,,
continuous,rna_pathway_activity,PAAD,HALLMARK_INTERFERON_ALPHA_RESPONSE,FALSE,176,FALSE,Broad race,Black or African American,6,,,FALSE,model has fewer than 200 outcome-labelled patients,,,,,,,,
continuous,rna_pathway_activity,PAAD,HALLMARK_INTERFERON_ALPHA_RESPONSE,FALSE,176,FALSE,Broad race,Missing,4,,,FALSE,model has fewer than 200 outcome-labelled patients,,,,,,,,
continuous,rna_pathway_activity,PAAD,HALLMARK_INTERFERON_ALPHA_RESPONSE,FALSE,176,FALSE,Broad race,White,155,,,FALSE,model has fewer than 200 outcome-labelled patients,,,,,,,,
continuous,rna_pathway_activity,PAAD,HALLMARK_INTERFERON_ALPHA_RESPONSE,FALSE,176,FALSE,Recorded sex,FEMALE,78,,,FALSE,model has fewer than 200 outcome-labelled patients,,,,,,,,
continuous,rna_pathway_activity,PAAD,HALLMARK_INTERFERON_ALPHA_RESPONSE,FALSE,176,FALSE,Recorded sex,MALE,98,,,FALSE,model has fewer than 200 outcome-labelled patients,,,,,,,,
continuous,rna_pathway_activity,PAAD,HALLMARK_INTERFERON_GAMMA_RESPONSE,FALSE,176,FALSE,Broad race,Asian,11,,,FALSE,model has fewer than 200 outcome-labelled patients,,,,,,,,
continuous,rna_pathway_activity,PAAD,HALLMARK_INTERFERON_GAMMA_RESPONSE,FALSE,176,FALSE,Broad race,Black or African American,6,,,FALSE,model has fewer than 200 outcome-labelled patients,,,,,,,,
continuous,rna_pathway_activity,PAAD,HALLMARK_INTERFERON_GAMMA_RESPONSE,FALSE,176,FALSE,Broad race,Missing,4,,,FALSE,model has fewer than 200 outcome-labelled patients,,,,,,,,
continuous,rna_pathway_activity,PAAD,HALLMARK_INTERFERON_GAMMA_RESPONSE,FALSE,176,FALSE,Broad race,White,155,,,FALSE,model has fewer than 200 outcome-labelled patients,,,,,,,,
continuous,rna_pathway_activity,PAAD,HALLMARK_INTERFERON_GAMMA_RESPONSE,FALSE,176,FALSE,Recorded sex,FEMALE,78,,,FALSE,model has fewer than 200 outcome-labelled patients,,,,,,,,
continuous,rna_pathway_activity,PAAD,HALLMARK_INTERFERON_GAMMA_RESPONSE,FALSE,176,FALSE,Recorded sex,MALE,98,,,FALSE,model has fewer than 200 outcome-labelled patients,,,,,,,,
continuous,rna_pathway_activity,PAAD,HALLMARK_KRAS_SIGNALING_UP,FALSE,176,FALSE,Broad race,Asian,11,,,FALSE,model has fewer than 200 outcome-labelled patients,,,,,,,,
continuous,rna_pathway_activity,PAAD,HALLMARK_KRAS_SIGNALING_UP,FALSE,176,FALSE,Broad race,Black or African American,6,,,FALSE,model has fewer than 200 outcome-labelled patients,,,,,,,,
continuous,rna_pathway_activity,PAAD,HALLMARK_KRAS_SIGNALING_UP,FALSE,176,FALSE,Broad race,Missing,4,,,FALSE,model has fewer than 200 outcome-labelled patients,,,,,,,,
continuous,rna_pathway_activity,PAAD,HALLMARK_KRAS_SIGNALING_UP,FALSE,176,FALSE,Broad race,White,155,,,FALSE,model has fewer than 200 outcome-labelled patients,,,,,,,,
continuous,rna_pathway_activity,PAAD,HALLMARK_KRAS_SIGNALING_UP,FALSE,176,FALSE,Recorded sex,FEMALE,78,,,FALSE,model has fewer than 200 outcome-labelled patients,,,,,,,,
continuous,rna_pathway_activity,PAAD,HALLMARK_KRAS_SIGNALING_UP,FALSE,176,FALSE,Recorded sex,MALE,98,,,FALSE,model has fewer than 200 outcome-labelled patients,,,,,,,,
continuous,rna_pathway_activity,PAAD,HALLMARK_MITOTIC_SPINDLE,FALSE,176,FALSE,Broad race,Asian,11,,,FALSE,model has fewer than 200 outcome-labelled patients,,,,,,,,
continuous,rna_pathway_activity,PAAD,HALLMARK_MITOTIC_SPINDLE,FALSE,176,FALSE,Broad race,Black or African American,6,,,FALSE,model has fewer than 200 outcome-labelled patients,,,,,,,,
continuous,rna_pathway_activity,PAAD,HALLMARK_MITOTIC_SPINDLE,FALSE,176,FALSE,Broad race,Missing,4,,,FALSE,model has fewer than 200 outcome-labelled patients,,,,,,,,
continuous,rna_pathway_activity,PAAD,HALLMARK_MITOTIC_SPINDLE,FALSE,176,FALSE,Broad race,White,155,,,FALSE,model has fewer than 200 outcome-labelled patients,,,,,,,,
continuous,rna_pathway_activity,PAAD,HALLMARK_MITOTIC_SPINDLE,FALSE,176,FALSE,Recorded sex,FEMALE,78,,,FALSE,model has fewer than 200 outcome-labelled patients,,,,,,,,
continuous,rna_pathway_activity,PAAD,HALLMARK_MITOTIC_SPINDLE,FALSE,176,FALSE,Recorded sex,MALE,98,,,FALSE,model has fewer than 200 outcome-labelled patients,,,,,,,,
continuous,rna_pathway_activity,PAAD,HALLMARK_MYC_TARGETS_V1,FALSE,176,FALSE,Broad race,Asian,11,,,FALSE,model has fewer than 200 outcome-labelled patients,,,,,,,,
continuous,rna_pathway_activity,PAAD,HALLMARK_MYC_TARGETS_V1,FALSE,176,FALSE,Broad race,Black or African American,6,,,FALSE,model has fewer than 200 outcome-labelled patients,,,,,,,,
continuous,rna_pathway_activity,PAAD,HALLMARK_MYC_TARGETS_V1,FALSE,176,FALSE,Broad race,Missing,4,,,FALSE,model has fewer than 200 outcome-labelled patients,,,,,,,,
continuous,rna_pathway_activity,PAAD,HALLMARK_MYC_TARGETS_V1,FALSE,176,FALSE,Broad race,White,155,,,FALSE,model has fewer than 200 outcome-labelled patients,,,,,,,,
continuous,rna_pathway_activity,PAAD,HALLMARK_MYC_TARGETS_V1,FALSE,176,FALSE,Recorded sex,FEMALE,78,,,FALSE,model has fewer than 200 outcome-labelled patients,,,,,,,,
continuous,rna_pathway_activity,PAAD,HALLMARK_MYC_TARGETS_V1,FALSE,176,FALSE,Recorded sex,MALE,98,,,FALSE,model has fewer than 200 outcome-labelled patients,,,,,,,,
continuous,rna_pathway_activity,PAAD,HALLMARK_NOTCH_SIGNALING,FALSE,176,FALSE,Broad race,Asian,11,,,FALSE,model has fewer than 200 outcome-labelled patients,,,,,,,,
continuous,rna_pathway_activity,PAAD,HALLMARK_NOTCH_SIGNALING,FALSE,176,FALSE,Broad race,Black or African American,6,,,FALSE,model has fewer than 200 outcome-labelled patients,,,,,,,,
continuous,rna_pathway_activity,PAAD,HALLMARK_NOTCH_SIGNALING,FALSE,176,FALSE,Broad race,Missing,4,,,FALSE,model has fewer than 200 outcome-labelled patients,,,,,,,,
continuous,rna_pathway_activity,PAAD,HALLMARK_NOTCH_SIGNALING,FALSE,176,FALSE,Broad race,White,155,,,FALSE,model has fewer than 200 outcome-labelled patients,,,,,,,,
continuous,rna_pathway_activity,PAAD,HALLMARK_NOTCH_SIGNALING,FALSE,176,FALSE,Recorded sex,FEMALE,78,,,FALSE,model has fewer than 200 outcome-labelled patients,,,,,,,,
continuous,rna_pathway_activity,PAAD,HALLMARK_NOTCH_SIGNALING,FALSE,176,FALSE,Recorded sex,MALE,98,,,FALSE,model has fewer than 200 outcome-labelled patients,,,,,,,,
continuous,rna_pathway_activity,PAAD,HALLMARK_P53_PATHWAY,FALSE,176,FALSE,Broad race,Asian,11,,,FALSE,model has fewer than 200 outcome-labelled patients,,,,,,,,
continuous,rna_pathway_activity,PAAD,HALLMARK_P53_PATHWAY,FALSE,176,FALSE,Broad race,Black or African American,6,,,FALSE,model has fewer than 200 outcome-labelled patients,,,,,,,,
continuous,rna_pathway_activity,PAAD,HALLMARK_P53_PATHWAY,FALSE,176,FALSE,Broad race,Missing,4,,,FALSE,model has fewer than 200 outcome-labelled patients,,,,,,,,
continuous,rna_pathway_activity,PAAD,HALLMARK_P53_PATHWAY,FALSE,176,FALSE,Broad race,White,155,,,FALSE,model has fewer than 200 outcome-labelled patients,,,,,,,,
continuous,rna_pathway_activity,PAAD,HALLMARK_P53_PATHWAY,FALSE,176,FALSE,Recorded sex,FEMALE,78,,,FALSE,model has fewer than 200 outcome-labelled patients,,,,,,,,
continuous,rna_pathway_activity,PAAD,HALLMARK_P53_PATHWAY,FALSE,176,FALSE,Recorded sex,MALE,98,,,FALSE,model has fewer than 200 outcome-labelled patients,,,,,,,,
continuous,rna_pathway_activity,PAAD,HALLMARK_TGF_BETA_SIGNALING,FALSE,176,FALSE,Broad race,Asian,11,,,FALSE,model has fewer than 200 outcome-labelled patients,,,,,,,,
continuous,rna_pathway_activity,PAAD,HALLMARK_TGF_BETA_SIGNALING,FALSE,176,FALSE,Broad race,Black or African American,6,,,FALSE,model has fewer than 200 outcome-labelled patients,,,,,,,,
continuous,rna_pathway_activity,PAAD,HALLMARK_TGF_BETA_SIGNALING,FALSE,176,FALSE,Broad race,Missing,4,,,FALSE,model has fewer than 200 outcome-labelled patients,,,,,,,,
continuous,rna_pathway_activity,PAAD,HALLMARK_TGF_BETA_SIGNALING,FALSE,176,FALSE,Broad race,White,155,,,FALSE,model has fewer than 200 outcome-labelled patients,,,,,,,,
continuous,rna_pathway_activity,PAAD,HALLMARK_TGF_BETA_SIGNALING,FALSE,176,FALSE,Recorded sex,FEMALE,78,,,FALSE,model has fewer than 200 outcome-labelled patients,,,,,,,,
continuous,rna_pathway_activity,PAAD,HALLMARK_TGF_BETA_SIGNALING,FALSE,176,FALSE,Recorded sex,MALE,98,,,FALSE,model has fewer than 200 outcome-labelled patients,,,,,,,,
continuous,rna_pathway_activity,PAAD,HALLMARK_TNFA_SIGNALING_VIA_NFKB,FALSE,176,FALSE,Broad race,Asian,11,,,FALSE,model has fewer than 200 outcome-labelled patients,,,,,,,,
continuous,rna_pathway_activity,PAAD,HALLMARK_TNFA_SIGNALING_VIA_NFKB,FALSE,176,FALSE,Broad race,Black or African American,6,,,FALSE,model has fewer than 200 outcome-labelled patients,,,,,,,,
continuous,rna_pathway_activity,PAAD,HALLMARK_TNFA_SIGNALING_VIA_NFKB,FALSE,176,FALSE,Broad race,Missing,4,,,FALSE,model has fewer than 200 outcome-labelled patients,,,,,,,,
continuous,rna_pathway_activity,PAAD,HALLMARK_TNFA_SIGNALING_VIA_NFKB,FALSE,176,FALSE,Broad race,White,155,,,FALSE,model has fewer than 200 outcome-labelled patients,,,,,,,,
continuous,rna_pathway_activity,PAAD,HALLMARK_TNFA_SIGNALING_VIA_NFKB,FALSE,176,FALSE,Recorded sex,FEMALE,78,,,FALSE,model has fewer than 200 outcome-labelled patients,,,,,,,,
continuous,rna_pathway_activity,PAAD,HALLMARK_TNFA_SIGNALING_VIA_NFKB,FALSE,176,FALSE,Recorded sex,MALE,98,,,FALSE,model has fewer than 200 outcome-labelled patients,,,,,,,,
continuous,rna_pathway_activity,PAAD,HALLMARK_UV_RESPONSE_DN,FALSE,176,FALSE,Broad race,Asian,11,,,FALSE,model has fewer than 200 outcome-labelled patients,,,,,,,,
continuous,rna_pathway_activity,PAAD,HALLMARK_UV_RESPONSE_DN,FALSE,176,FALSE,Broad race,Black or African American,6,,,FALSE,model has fewer than 200 outcome-labelled patients,,,,,,,,
continuous,rna_pathway_activity,PAAD,HALLMARK_UV_RESPONSE_DN,FALSE,176,FALSE,Broad race,Missing,4,,,FALSE,model has fewer than 200 outcome-labelled patients,,,,,,,,
continuous,rna_pathway_activity,PAAD,HALLMARK_UV_RESPONSE_DN,FALSE,176,FALSE,Broad race,White,155,,,FALSE,model has fewer than 200 outcome-labelled patients,,,,,,,,
continuous,rna_pathway_activity,PAAD,HALLMARK_UV_RESPONSE_DN,FALSE,176,FALSE,Recorded sex,FEMALE,78,,,FALSE,model has fewer than 200 outcome-labelled patients,,,,,,,,
continuous,rna_pathway_activity,PAAD,HALLMARK_UV_RESPONSE_DN,FALSE,176,FALSE,Recorded sex,MALE,98,,,FALSE,model has fewer than 200 outcome-labelled patients,,,,,,,,
continuous,rna_pathway_activity,PCPG,HALLMARK_ANGIOGENESIS,FALSE,176,FALSE,Broad race,Asian,6,,,FALSE,model has fewer than 200 outcome-labelled patients,,,,,,,,
continuous,rna_pathway_activity,PCPG,HALLMARK_ANGIOGENESIS,FALSE,176,FALSE,Broad race,Black or African American,20,,,FALSE,model has fewer than 200 outcome-labelled patients,,,,,,,,
continuous,rna_pathway_activity,PCPG,HALLMARK_ANGIOGENESIS,FALSE,176,FALSE,Broad race,Missing,4,,,FALSE,model has fewer than 200 outcome-labelled patients,,,,,,,,
continuous,rna_pathway_activity,PCPG,HALLMARK_ANGIOGENESIS,FALSE,176,FALSE,Broad race,Other recorded race,1,,,FALSE,model has fewer than 200 outcome-labelled patients,,,,,,,,
continuous,rna_pathway_activity,PCPG,HALLMARK_ANGIOGENESIS,FALSE,176,FALSE,Broad race,White,145,,,FALSE,model has fewer than 200 outcome-labelled patients,,,,,,,,
continuous,rna_pathway_activity,PCPG,HALLMARK_ANGIOGENESIS,FALSE,176,FALSE,Recorded sex,FEMALE,100,,,FALSE,model has fewer than 200 outcome-labelled patients,,,,,,,,
continuous,rna_pathway_activity,PCPG,HALLMARK_ANGIOGENESIS,FALSE,176,FALSE,Recorded sex,MALE,76,,,FALSE,model has fewer than 200 outcome-labelled patients,,,,,,,,
continuous,rna_pathway_activity,PCPG,HALLMARK_APOPTOSIS,FALSE,176,FALSE,Broad race,Asian,6,,,FALSE,model has fewer than 200 outcome-labelled patients,,,,,,,,
continuous,rna_pathway_activity,PCPG,HALLMARK_APOPTOSIS,FALSE,176,FALSE,Broad race,Black or African American,20,,,FALSE,model has fewer than 200 outcome-labelled patients,,,,,,,,
continuous,rna_pathway_activity,PCPG,HALLMARK_APOPTOSIS,FALSE,176,FALSE,Broad race,Missing,4,,,FALSE,model has fewer than 200 outcome-labelled patients,,,,,,,,
continuous,rna_pathway_activity,PCPG,HALLMARK_APOPTOSIS,FALSE,176,FALSE,Broad race,Other recorded race,1,,,FALSE,model has fewer than 200 outcome-labelled patients,,,,,,,,
continuous,rna_pathway_activity,PCPG,HALLMARK_APOPTOSIS,FALSE,176,FALSE,Broad race,White,145,,,FALSE,model has fewer than 200 outcome-labelled patients,,,,,,,,
continuous,rna_pathway_activity,PCPG,HALLMARK_APOPTOSIS,FALSE,176,FALSE,Recorded sex,FEMALE,100,,,FALSE,model has fewer than 200 outcome-labelled patients,,,,,,,,
continuous,rna_pathway_activity,PCPG,HALLMARK_APOPTOSIS,FALSE,176,FALSE,Recorded sex,MALE,76,,,FALSE,model has fewer than 200 outcome-labelled patients,,,,,,,,
continuous,rna_pathway_activity,PCPG,HALLMARK_COAGULATION,FALSE,176,FALSE,Broad race,Asian,6,,,FALSE,model has fewer than 200 outcome-labelled patients,,,,,,,,
continuous,rna_pathway_activity,PCPG,HALLMARK_COAGULATION,FALSE,176,FALSE,Broad race,Black or African American,20,,,FALSE,model has fewer than 200 outcome-labelled patients,,,,,,,,
continuous,rna_pathway_activity,PCPG,HALLMARK_COAGULATION,FALSE,176,FALSE,Broad race,Missing,4,,,FALSE,model has fewer than 200 outcome-labelled patients,,,,,,,,
continuous,rna_pathway_activity,PCPG,HALLMARK_COAGULATION,FALSE,176,FALSE,Broad race,Other recorded race,1,,,FALSE,model has fewer than 200 outcome-labelled patients,,,,,,,,
continuous,rna_pathway_activity,PCPG,HALLMARK_COAGULATION,FALSE,176,FALSE,Broad race,White,145,,,FALSE,model has fewer than 200 outcome-labelled patients,,,,,,,,
continuous,rna_pathway_activity,PCPG,HALLMARK_COAGULATION,FALSE,176,FALSE,Recorded sex,FEMALE,100,,,FALSE,model has fewer than 200 outcome-labelled patients,,,,,,,,
continuous,rna_pathway_activity,PCPG,HALLMARK_COAGULATION,FALSE,176,FALSE,Recorded sex,MALE,76,,,FALSE,model has fewer than 200 outcome-labelled patients,,,,,,,,
continuous,rna_pathway_activity,PCPG,HALLMARK_HYPOXIA,FALSE,176,FALSE,Broad race,Asian,6,,,FALSE,model has fewer than 200 outcome-labelled patients,,,,,,,,
continuous,rna_pathway_activity,PCPG,HALLMARK_HYPOXIA,FALSE,176,FALSE,Broad race,Black or African American,20,,,FALSE,model has fewer than 200 outcome-labelled patients,,,,,,,,
continuous,rna_pathway_activity,PCPG,HALLMARK_HYPOXIA,FALSE,176,FALSE,Broad race,Missing,4,,,FALSE,model has fewer than 200 outcome-labelled patients,,,,,,,,
continuous,rna_pathway_activity,PCPG,HALLMARK_HYPOXIA,FALSE,176,FALSE,Broad race,Other recorded race,1,,,FALSE,model has fewer than 200 outcome-labelled patients,,,,,,,,
continuous,rna_pathway_activity,PCPG,HALLMARK_HYPOXIA,FALSE,176,FALSE,Broad race,White,145,,,FALSE,model has fewer than 200 outcome-labelled patients,,,,,,,,
continuous,rna_pathway_activity,PCPG,HALLMARK_HYPOXIA,FALSE,176,FALSE,Recorded sex,FEMALE,100,,,FALSE,model has fewer than 200 outcome-labelled patients,,,,,,,,
continuous,rna_pathway_activity,PCPG,HALLMARK_HYPOXIA,FALSE,176,FALSE,Recorded sex,MALE,76,,,FALSE,model has fewer than 200 outcome-labelled patients,,,,,,,,
continuous,rna_pathway_activity,PCPG,HALLMARK_IL2_STAT5_SIGNALING,FALSE,176,FALSE,Broad race,Asian,6,,,FALSE,model has fewer than 200 outcome-labelled patients,,,,,,,,
continuous,rna_pathway_activity,PCPG,HALLMARK_IL2_STAT5_SIGNALING,FALSE,176,FALSE,Broad race,Black or African American,20,,,FALSE,model has fewer than 200 outcome-labelled patients,,,,,,,,
continuous,rna_pathway_activity,PCPG,HALLMARK_IL2_STAT5_SIGNALING,FALSE,176,FALSE,Broad race,Missing,4,,,FALSE,model has fewer than 200 outcome-labelled patients,,,,,,,,
continuous,rna_pathway_activity,PCPG,HALLMARK_IL2_STAT5_SIGNALING,FALSE,176,FALSE,Broad race,Other recorded race,1,,,FALSE,model has fewer than 200 outcome-labelled patients,,,,,,,,
continuous,rna_pathway_activity,PCPG,HALLMARK_IL2_STAT5_SIGNALING,FALSE,176,FALSE,Broad race,White,145,,,FALSE,model has fewer than 200 outcome-labelled patients,,,,,,,,
continuous,rna_pathway_activity,PCPG,HALLMARK_IL2_STAT5_SIGNALING,FALSE,176,FALSE,Recorded sex,FEMALE,100,,,FALSE,model has fewer than 200 outcome-labelled patients,,,,,,,,
continuous,rna_pathway_activity,PCPG,HALLMARK_IL2_STAT5_SIGNALING,FALSE,176,FALSE,Recorded sex,MALE,76,,,FALSE,model has fewer than 200 outcome-labelled patients,,,,,,,,
continuous,rna_pathway_activity,PCPG,HALLMARK_IL6_JAK_STAT3_SIGNALING,FALSE,176,FALSE,Broad race,Asian,6,,,FALSE,model has fewer than 200 outcome-labelled patients,,,,,,,,
continuous,rna_pathway_activity,PCPG,HALLMARK_IL6_JAK_STAT3_SIGNALING,FALSE,176,FALSE,Broad race,Black or African American,20,,,FALSE,model has fewer than 200 outcome-labelled patients,,,,,,,,
continuous,rna_pathway_activity,PCPG,HALLMARK_IL6_JAK_STAT3_SIGNALING,FALSE,176,FALSE,Broad race,Missing,4,,,FALSE,model has fewer than 200 outcome-labelled patients,,,,,,,,
continuous,rna_pathway_activity,PCPG,HALLMARK_IL6_JAK_STAT3_SIGNALING,FALSE,176,FALSE,Broad race,Other recorded race,1,,,FALSE,model has fewer than 200 outcome-labelled patients,,,,,,,,
continuous,rna_pathway_activity,PCPG,HALLMARK_IL6_JAK_STAT3_SIGNALING,FALSE,176,FALSE,Broad race,White,145,,,FALSE,model has fewer than 200 outcome-labelled patients,,,,,,,,
continuous,rna_pathway_activity,PCPG,HALLMARK_IL6_JAK_STAT3_SIGNALING,FALSE,176,FALSE,Recorded sex,FEMALE,100,,,FALSE,model has fewer than 200 outcome-labelled patients,,,,,,,,
continuous,rna_pathway_activity,PCPG,HALLMARK_IL6_JAK_STAT3_SIGNALING,FALSE,176,FALSE,Recorded sex,MALE,76,,,FALSE,model has fewer than 200 outcome-labelled patients,,,,,,,,
continuous,rna_pathway_activity,PCPG,HALLMARK_MYOGENESIS,FALSE,176,FALSE,Broad race,Asian,6,,,FALSE,model has fewer than 200 outcome-labelled patients,,,,,,,,
continuous,rna_pathway_activity,PCPG,HALLMARK_MYOGENESIS,FALSE,176,FALSE,Broad race,Black or African American,20,,,FALSE,model has fewer than 200 outcome-labelled patients,,,,,,,,
continuous,rna_pathway_activity,PCPG,HALLMARK_MYOGENESIS,FALSE,176,FALSE,Broad race,Missing,4,,,FALSE,model has fewer than 200 outcome-labelled patients,,,,,,,,
continuous,rna_pathway_activity,PCPG,HALLMARK_MYOGENESIS,FALSE,176,FALSE,Broad race,Other recorded race,1,,,FALSE,model has fewer than 200 outcome-labelled patients,,,,,,,,
continuous,rna_pathway_activity,PCPG,HALLMARK_MYOGENESIS,FALSE,176,FALSE,Broad race,White,145,,,FALSE,model has fewer than 200 outcome-labelled patients,,,,,,,,
continuous,rna_pathway_activity,PCPG,HALLMARK_MYOGENESIS,FALSE,176,FALSE,Recorded sex,FEMALE,100,,,FALSE,model has fewer than 200 outcome-labelled patients,,,,,,,,
continuous,rna_pathway_activity,PCPG,HALLMARK_MYOGENESIS,FALSE,176,FALSE,Recorded sex,MALE,76,,,FALSE,model has fewer than 200 outcome-labelled patients,,,,,,,,
continuous,rna_pathway_activity,PCPG,HALLMARK_NOTCH_SIGNALING,FALSE,176,FALSE,Broad race,Asian,6,,,FALSE,model has fewer than 200 outcome-labelled patients,,,,,,,,
continuous,rna_pathway_activity,PCPG,HALLMARK_NOTCH_SIGNALING,FALSE,176,FALSE,Broad race,Black or African American,20,,,FALSE,model has fewer than 200 outcome-labelled patients,,,,,,,,
continuous,rna_pathway_activity,PCPG,HALLMARK_NOTCH_SIGNALING,FALSE,176,FALSE,Broad race,Missing,4,,,FALSE,model has fewer than 200 outcome-labelled patients,,,,,,,,
continuous,rna_pathway_activity,PCPG,HALLMARK_NOTCH_SIGNALING,FALSE,176,FALSE,Broad race,Other recorded race,1,,,FALSE,model has fewer than 200 outcome-labelled patients,,,,,,,,
continuous,rna_pathway_activity,PCPG,HALLMARK_NOTCH_SIGNALING,FALSE,176,FALSE,Broad race,White,145,,,FALSE,model has fewer than 200 outcome-labelled patients,,,,,,,,
continuous,rna_pathway_activity,PCPG,HALLMARK_NOTCH_SIGNALING,FALSE,176,FALSE,Recorded sex,FEMALE,100,,,FALSE,model has fewer than 200 outcome-labelled patients,,,,,,,,
continuous,rna_pathway_activity,PCPG,HALLMARK_NOTCH_SIGNALING,FALSE,176,FALSE,Recorded sex,MALE,76,,,FALSE,model has fewer than 200 outcome-labelled patients,,,,,,,,
continuous,rna_pathway_activity,PCPG,HALLMARK_WNT_BETA_CATENIN_SIGNALING,FALSE,176,FALSE,Broad race,Asian,6,,,FALSE,model has fewer than 200 outcome-labelled patients,,,,,,,,
continuous,rna_pathway_activity,PCPG,HALLMARK_WNT_BETA_CATENIN_SIGNALING,FALSE,176,FALSE,Broad race,Black or African American,20,,,FALSE,model has fewer than 200 outcome-labelled patients,,,,,,,,
continuous,rna_pathway_activity,PCPG,HALLMARK_WNT_BETA_CATENIN_SIGNALING,FALSE,176,FALSE,Broad race,Missing,4,,,FALSE,model has fewer than 200 outcome-labelled patients,,,,,,,,
continuous,rna_pathway_activity,PCPG,HALLMARK_WNT_BETA_CATENIN_SIGNALING,FALSE,176,FALSE,Broad race,Other recorded race,1,,,FALSE,model has fewer than 200 outcome-labelled patients,,,,,,,,
continuous,rna_pathway_activity,PCPG,HALLMARK_WNT_BETA_CATENIN_SIGNALING,FALSE,176,FALSE,Broad race,White,145,,,FALSE,model has fewer than 200 outcome-labelled patients,,,,,,,,
continuous,rna_pathway_activity,PCPG,HALLMARK_WNT_BETA_CATENIN_SIGNALING,FALSE,176,FALSE,Recorded sex,FEMALE,100,,,FALSE,model has fewer than 200 outcome-labelled patients,,,,,,,,
continuous,rna_pathway_activity,PCPG,HALLMARK_WNT_BETA_CATENIN_SIGNALING,FALSE,176,FALSE,Recorded sex,MALE,76,,,FALSE,model has fewer than 200 outcome-labelled patients,,,,,,,,
continuous,rna_pathway_activity,PRAD,HALLMARK_ALLOGRAFT_REJECTION,FALSE,400,TRUE,Broad race,Asian,2,,,FALSE,fewer than 50 subgroup patients,,,,,,,,
continuous,rna_pathway_activity,PRAD,HALLMARK_ALLOGRAFT_REJECTION,FALSE,400,TRUE,Broad race,Black or African American,7,,,FALSE,fewer than 50 subgroup patients,,,,,,,,
continuous,rna_pathway_activity,PRAD,HALLMARK_ALLOGRAFT_REJECTION,FALSE,400,TRUE,Broad race,Missing,254,,,FALSE,demographic field missing,,,,,,,,
continuous,rna_pathway_activity,PRAD,HALLMARK_ALLOGRAFT_REJECTION,FALSE,400,TRUE,Broad race,White,137,,,TRUE,performance estimated,0.0365968227912999,0.436578785434213,0.319832172792951,,,,,
continuous,rna_pathway_activity,PRAD,HALLMARK_ALLOGRAFT_REJECTION,FALSE,400,TRUE,Recorded sex,MALE,400,,,TRUE,performance estimated,0.216256932088455,0.445541412155484,0.438663229145182,,,,,
continuous,rna_pathway_activity,PRAD,HALLMARK_APOPTOSIS,FALSE,400,TRUE,Broad race,Asian,2,,,FALSE,fewer than 50 subgroup patients,,,,,,,,
continuous,rna_pathway_activity,PRAD,HALLMARK_APOPTOSIS,FALSE,400,TRUE,Broad race,Black or African American,7,,,FALSE,fewer than 50 subgroup patients,,,,,,,,
continuous,rna_pathway_activity,PRAD,HALLMARK_APOPTOSIS,FALSE,400,TRUE,Broad race,Missing,254,,,FALSE,demographic field missing,,,,,,,,
continuous,rna_pathway_activity,PRAD,HALLMARK_APOPTOSIS,FALSE,400,TRUE,Broad race,White,137,,,TRUE,performance estimated,-0.174006931241059,0.266819017453865,0.218103496555715,,,,,
continuous,rna_pathway_activity,PRAD,HALLMARK_APOPTOSIS,FALSE,400,TRUE,Recorded sex,MALE,400,,,TRUE,performance estimated,0.171033676976352,0.282538182603576,0.406597303733148,,,,,
continuous,rna_pathway_activity,PRAD,HALLMARK_COMPLEMENT,FALSE,400,TRUE,Broad race,Asian,2,,,FALSE,fewer than 50 subgroup patients,,,,,,,,
continuous,rna_pathway_activity,PRAD,HALLMARK_COMPLEMENT,FALSE,400,TRUE,Broad race,Black or African American,7,,,FALSE,fewer than 50 subgroup patients,,,,,,,,
continuous,rna_pathway_activity,PRAD,HALLMARK_COMPLEMENT,FALSE,400,TRUE,Broad race,Missing,254,,,FALSE,demographic field missing,,,,,,,,
continuous,rna_pathway_activity,PRAD,HALLMARK_COMPLEMENT,FALSE,400,TRUE,Broad race,White,137,,,TRUE,performance estimated,-0.0570100457580163,0.303919202268647,0.256357458883268,,,,,
continuous,rna_pathway_activity,PRAD,HALLMARK_COMPLEMENT,FALSE,400,TRUE,Recorded sex,MALE,400,,,TRUE,performance estimated,0.202557735221369,0.323068746349067,0.422430502690642,,,,,
continuous,rna_pathway_activity,PRAD,HALLMARK_E2F_TARGETS,FALSE,400,TRUE,Broad race,Asian,2,,,FALSE,fewer than 50 subgroup patients,,,,,,,,
continuous,rna_pathway_activity,PRAD,HALLMARK_E2F_TARGETS,FALSE,400,TRUE,Broad race,Black or African American,7,,,FALSE,fewer than 50 subgroup patients,,,,,,,,
continuous,rna_pathway_activity,PRAD,HALLMARK_E2F_TARGETS,FALSE,400,TRUE,Broad race,Missing,254,,,FALSE,demographic field missing,,,,,,,,
continuous,rna_pathway_activity,PRAD,HALLMARK_E2F_TARGETS,FALSE,400,TRUE,Broad race,White,137,,,TRUE,performance estimated,0.146028167860952,0.412035571099356,0.397346313961954,,,,,
continuous,rna_pathway_activity,PRAD,HALLMARK_E2F_TARGETS,FALSE,400,TRUE,Recorded sex,MALE,400,,,TRUE,performance estimated,0.328721247094178,0.384353423506765,0.545733898336865,,,,,
continuous,rna_pathway_activity,PRAD,HALLMARK_G2M_CHECKPOINT,FALSE,400,TRUE,Broad race,Asian,2,,,FALSE,fewer than 50 subgroup patients,,,,,,,,
continuous,rna_pathway_activity,PRAD,HALLMARK_G2M_CHECKPOINT,FALSE,400,TRUE,Broad race,Black or African American,7,,,FALSE,fewer than 50 subgroup patients,,,,,,,,
continuous,rna_pathway_activity,PRAD,HALLMARK_G2M_CHECKPOINT,FALSE,400,TRUE,Broad race,Missing,254,,,FALSE,demographic field missing,,,,,,,,
continuous,rna_pathway_activity,PRAD,HALLMARK_G2M_CHECKPOINT,FALSE,400,TRUE,Broad race,White,137,,,TRUE,performance estimated,0.206789966254325,0.369799396011633,0.462445162133403,,,,,
continuous,rna_pathway_activity,PRAD,HALLMARK_G2M_CHECKPOINT,FALSE,400,TRUE,Recorded sex,MALE,400,,,TRUE,performance estimated,0.310538011657357,0.34244793421374,0.526620103875649,,,,,
continuous,rna_pathway_activity,PRAD,HALLMARK_IL2_STAT5_SIGNALING,FALSE,400,TRUE,Broad race,Asian,2,,,FALSE,fewer than 50 subgroup patients,,,,,,,,
continuous,rna_pathway_activity,PRAD,HALLMARK_IL2_STAT5_SIGNALING,FALSE,400,TRUE,Broad race,Black or African American,7,,,FALSE,fewer than 50 subgroup patients,,,,,,,,
continuous,rna_pathway_activity,PRAD,HALLMARK_IL2_STAT5_SIGNALING,FALSE,400,TRUE,Broad race,Missing,254,,,FALSE,demographic field missing,,,,,,,,
continuous,rna_pathway_activity,PRAD,HALLMARK_IL2_STAT5_SIGNALING,FALSE,400,TRUE,Broad race,White,137,,,TRUE,performance estimated,-0.0430638088196729,0.282266072473459,0.275865738234361,,,,,
continuous,rna_pathway_activity,PRAD,HALLMARK_IL2_STAT5_SIGNALING,FALSE,400,TRUE,Recorded sex,MALE,400,,,TRUE,performance estimated,0.204360460251292,0.296074802175814,0.435196444977781,,,,,
continuous,rna_pathway_activity,PRAD,HALLMARK_INFLAMMATORY_RESPONSE,FALSE,400,TRUE,Broad race,Asian,2,,,FALSE,fewer than 50 subgroup patients,,,,,,,,
continuous,rna_pathway_activity,PRAD,HALLMARK_INFLAMMATORY_RESPONSE,FALSE,400,TRUE,Broad race,Black or African American,7,,,FALSE,fewer than 50 subgroup patients,,,,,,,,
continuous,rna_pathway_activity,PRAD,HALLMARK_INFLAMMATORY_RESPONSE,FALSE,400,TRUE,Broad race,Missing,254,,,FALSE,demographic field missing,,,,,,,,
continuous,rna_pathway_activity,PRAD,HALLMARK_INFLAMMATORY_RESPONSE,FALSE,400,TRUE,Broad race,White,137,,,TRUE,performance estimated,-0.0184305060942243,0.422953428472655,0.287998207851849,,,,,
continuous,rna_pathway_activity,PRAD,HALLMARK_INFLAMMATORY_RESPONSE,FALSE,400,TRUE,Recorded sex,MALE,400,,,TRUE,performance estimated,0.192935432476638,0.426016929978501,0.430269701685636,,,,,
continuous,rna_pathway_activity,PRAD,HALLMARK_INTERFERON_GAMMA_RESPONSE,FALSE,400,TRUE,Broad race,Asian,2,,,FALSE,fewer than 50 subgroup patients,,,,,,,,
continuous,rna_pathway_activity,PRAD,HALLMARK_INTERFERON_GAMMA_RESPONSE,FALSE,400,TRUE,Broad race,Black or African American,7,,,FALSE,fewer than 50 subgroup patients,,,,,,,,
continuous,rna_pathway_activity,PRAD,HALLMARK_INTERFERON_GAMMA_RESPONSE,FALSE,400,TRUE,Broad race,Missing,254,,,FALSE,demographic field missing,,,,,,,,
continuous,rna_pathway_activity,PRAD,HALLMARK_INTERFERON_GAMMA_RESPONSE,FALSE,400,TRUE,Broad race,White,137,,,TRUE,performance estimated,-0.0347085840075745,0.447497239340192,0.306436798775365,,,,,
continuous,rna_pathway_activity,PRAD,HALLMARK_INTERFERON_GAMMA_RESPONSE,FALSE,400,TRUE,Recorded sex,MALE,400,,,TRUE,performance estimated,0.189450093072736,0.460448556266077,0.41320732004575,,,,,
continuous,rna_pathway_activity,PRAD,HALLMARK_KRAS_SIGNALING_UP,FALSE,400,TRUE,Broad race,Asian,2,,,FALSE,fewer than 50 subgroup patients,,,,,,,,
continuous,rna_pathway_activity,PRAD,HALLMARK_KRAS_SIGNALING_UP,FALSE,400,TRUE,Broad race,Black or African American,7,,,FALSE,fewer than 50 subgroup patients,,,,,,,,
continuous,rna_pathway_activity,PRAD,HALLMARK_KRAS_SIGNALING_UP,FALSE,400,TRUE,Broad race,Missing,254,,,FALSE,demographic field missing,,,,,,,,
continuous,rna_pathway_activity,PRAD,HALLMARK_KRAS_SIGNALING_UP,FALSE,400,TRUE,Broad race,White,137,,,TRUE,performance estimated,-0.132911210445672,0.324633966885443,0.228120857990927,,,,,
continuous,rna_pathway_activity,PRAD,HALLMARK_KRAS_SIGNALING_UP,FALSE,400,TRUE,Recorded sex,MALE,400,,,TRUE,performance estimated,0.178532398894609,0.338443439198485,0.40787669922937,,,,,
continuous,rna_pathway_activity,PRAD,HALLMARK_UV_RESPONSE_DN,FALSE,400,TRUE,Broad race,Asian,2,,,FALSE,fewer than 50 subgroup patients,,,,,,,,
continuous,rna_pathway_activity,PRAD,HALLMARK_UV_RESPONSE_DN,FALSE,400,TRUE,Broad race,Black or African American,7,,,FALSE,fewer than 50 subgroup patients,,,,,,,,
continuous,rna_pathway_activity,PRAD,HALLMARK_UV_RESPONSE_DN,FALSE,400,TRUE,Broad race,Missing,254,,,FALSE,demographic field missing,,,,,,,,
continuous,rna_pathway_activity,PRAD,HALLMARK_UV_RESPONSE_DN,FALSE,400,TRUE,Broad race,White,137,,,TRUE,performance estimated,-0.154230383463891,0.342579492412536,0.319041574103459,,,,,
continuous,rna_pathway_activity,PRAD,HALLMARK_UV_RESPONSE_DN,FALSE,400,TRUE,Recorded sex,MALE,400,,,TRUE,performance estimated,0.195551112446264,0.351959277129423,0.449767723548272,,,,,
continuous,rna_pathway_activity,SARC,GOBP_VITAMIN_B6_METABOLIC_PROCESS,FALSE,252,TRUE,Broad race,Asian,6,,,FALSE,fewer than 50 subgroup patients,,,,,,,,
continuous,rna_pathway_activity,SARC,GOBP_VITAMIN_B6_METABOLIC_PROCESS,FALSE,252,TRUE,Broad race,Black or African American,18,,,FALSE,fewer than 50 subgroup patients,,,,,,,,
continuous,rna_pathway_activity,SARC,GOBP_VITAMIN_B6_METABOLIC_PROCESS,FALSE,252,TRUE,Broad race,Missing,9,,,FALSE,demographic field missing,,,,,,,,
continuous,rna_pathway_activity,SARC,GOBP_VITAMIN_B6_METABOLIC_PROCESS,FALSE,252,TRUE,Broad race,White,219,,,TRUE,performance estimated,0.308981255621542,0.467751526817894,0.546460863504976,,,,,
continuous,rna_pathway_activity,SARC,GOBP_VITAMIN_B6_METABOLIC_PROCESS,FALSE,252,TRUE,Recorded sex,FEMALE,137,,,TRUE,performance estimated,0.339176800256706,0.430856679660331,0.60026042152818,,,,,
continuous,rna_pathway_activity,SARC,GOBP_VITAMIN_B6_METABOLIC_PROCESS,FALSE,252,TRUE,Recorded sex,MALE,115,,,TRUE,performance estimated,0.304600399766324,0.527468076002852,0.525544070070228,,,,,
continuous,rna_pathway_activity,SARC,HALLMARK_ALLOGRAFT_REJECTION,FALSE,252,TRUE,Broad race,Asian,6,,,FALSE,fewer than 50 subgroup patients,,,,,,,,
continuous,rna_pathway_activity,SARC,HALLMARK_ALLOGRAFT_REJECTION,FALSE,252,TRUE,Broad race,Black or African American,18,,,FALSE,fewer than 50 subgroup patients,,,,,,,,
continuous,rna_pathway_activity,SARC,HALLMARK_ALLOGRAFT_REJECTION,FALSE,252,TRUE,Broad race,Missing,9,,,FALSE,demographic field missing,,,,,,,,
continuous,rna_pathway_activity,SARC,HALLMARK_ALLOGRAFT_REJECTION,FALSE,252,TRUE,Broad race,White,219,,,TRUE,performance estimated,0.490682963683223,0.360805881841348,0.698531881590824,,,,,
continuous,rna_pathway_activity,SARC,HALLMARK_ALLOGRAFT_REJECTION,FALSE,252,TRUE,Recorded sex,FEMALE,137,,,TRUE,performance estimated,0.441586778919586,0.378742012615183,0.657890118916497,,,,,
continuous,rna_pathway_activity,SARC,HALLMARK_ALLOGRAFT_REJECTION,FALSE,252,TRUE,Recorded sex,MALE,115,,,TRUE,performance estimated,0.467742199381105,0.35094209004267,0.695256056182435,,,,,
continuous,rna_pathway_activity,SARC,HALLMARK_ANGIOGENESIS,FALSE,252,TRUE,Broad race,Asian,6,,,FALSE,fewer than 50 subgroup patients,,,,,,,,
continuous,rna_pathway_activity,SARC,HALLMARK_ANGIOGENESIS,FALSE,252,TRUE,Broad race,Black or African American,18,,,FALSE,fewer than 50 subgroup patients,,,,,,,,
continuous,rna_pathway_activity,SARC,HALLMARK_ANGIOGENESIS,FALSE,252,TRUE,Broad race,Missing,9,,,FALSE,demographic field missing,,,,,,,,
continuous,rna_pathway_activity,SARC,HALLMARK_ANGIOGENESIS,FALSE,252,TRUE,Broad race,White,219,,,TRUE,performance estimated,0.328304682781771,0.272601688929199,0.544642681686794,,,,,
continuous,rna_pathway_activity,SARC,HALLMARK_ANGIOGENESIS,FALSE,252,TRUE,Recorded sex,FEMALE,137,,,TRUE,performance estimated,0.295687898739564,0.269794259530377,0.503624432953124,,,,,
continuous,rna_pathway_activity,SARC,HALLMARK_ANGIOGENESIS,FALSE,252,TRUE,Recorded sex,MALE,115,,,TRUE,performance estimated,0.302950095352424,0.280765770293339,0.51518030458455,,,,,
continuous,rna_pathway_activity,SARC,HALLMARK_APOPTOSIS,FALSE,252,TRUE,Broad race,Asian,6,,,FALSE,fewer than 50 subgroup patients,,,,,,,,
continuous,rna_pathway_activity,SARC,HALLMARK_APOPTOSIS,FALSE,252,TRUE,Broad race,Black or African American,18,,,FALSE,fewer than 50 subgroup patients,,,,,,,,
continuous,rna_pathway_activity,SARC,HALLMARK_APOPTOSIS,FALSE,252,TRUE,Broad race,Missing,9,,,FALSE,demographic field missing,,,,,,,,
continuous,rna_pathway_activity,SARC,HALLMARK_APOPTOSIS,FALSE,252,TRUE,Broad race,White,219,,,TRUE,performance estimated,0.397327239117057,0.176978097348695,0.585527894249774,,,,,
continuous,rna_pathway_activity,SARC,HALLMARK_APOPTOSIS,FALSE,252,TRUE,Recorded sex,FEMALE,137,,,TRUE,performance estimated,0.375661087938812,0.187000807363134,0.55863311367073,,,,,
continuous,rna_pathway_activity,SARC,HALLMARK_APOPTOSIS,FALSE,252,TRUE,Recorded sex,MALE,115,,,TRUE,performance estimated,0.339109551680265,0.173673472304491,0.531209658328731,,,,,
continuous,rna_pathway_activity,SARC,HALLMARK_COAGULATION,FALSE,252,TRUE,Broad race,Asian,6,,,FALSE,fewer than 50 subgroup patients,,,,,,,,
continuous,rna_pathway_activity,SARC,HALLMARK_COAGULATION,FALSE,252,TRUE,Broad race,Black or African American,18,,,FALSE,fewer than 50 subgroup patients,,,,,,,,
continuous,rna_pathway_activity,SARC,HALLMARK_COAGULATION,FALSE,252,TRUE,Broad race,Missing,9,,,FALSE,demographic field missing,,,,,,,,
continuous,rna_pathway_activity,SARC,HALLMARK_COAGULATION,FALSE,252,TRUE,Broad race,White,219,,,TRUE,performance estimated,0.350815902014252,0.210219813986478,0.526042478320975,,,,,
continuous,rna_pathway_activity,SARC,HALLMARK_COAGULATION,FALSE,252,TRUE,Recorded sex,FEMALE,137,,,TRUE,performance estimated,0.373652266862076,0.212888463732596,0.583317154218082,,,,,
continuous,rna_pathway_activity,SARC,HALLMARK_COAGULATION,FALSE,252,TRUE,Recorded sex,MALE,115,,,TRUE,performance estimated,0.241446808486813,0.217830378667244,0.365195297088298,,,,,
continuous,rna_pathway_activity,SARC,HALLMARK_COMPLEMENT,FALSE,252,TRUE,Broad race,Asian,6,,,FALSE,fewer than 50 subgroup patients,,,,,,,,
continuous,rna_pathway_activity,SARC,HALLMARK_COMPLEMENT,FALSE,252,TRUE,Broad race,Black or African American,18,,,FALSE,fewer than 50 subgroup patients,,,,,,,,
continuous,rna_pathway_activity,SARC,HALLMARK_COMPLEMENT,FALSE,252,TRUE,Broad race,Missing,9,,,FALSE,demographic field missing,,,,,,,,
continuous,rna_pathway_activity,SARC,HALLMARK_COMPLEMENT,FALSE,252,TRUE,Broad race,White,219,,,TRUE,performance estimated,0.554567294607305,0.235633185428112,0.72438790316131,,,,,
continuous,rna_pathway_activity,SARC,HALLMARK_COMPLEMENT,FALSE,252,TRUE,Recorded sex,FEMALE,137,,,TRUE,performance estimated,0.547910077842939,0.241833681036112,0.731626747811152,,,,,
continuous,rna_pathway_activity,SARC,HALLMARK_COMPLEMENT,FALSE,252,TRUE,Recorded sex,MALE,115,,,TRUE,performance estimated,0.475560322741218,0.233936181385216,0.644344669770378,,,,,
continuous,rna_pathway_activity,SARC,HALLMARK_E2F_TARGETS,FALSE,252,TRUE,Broad race,Asian,6,,,FALSE,fewer than 50 subgroup patients,,,,,,,,
continuous,rna_pathway_activity,SARC,HALLMARK_E2F_TARGETS,FALSE,252,TRUE,Broad race,Black or African American,18,,,FALSE,fewer than 50 subgroup patients,,,,,,,,
continuous,rna_pathway_activity,SARC,HALLMARK_E2F_TARGETS,FALSE,252,TRUE,Broad race,Missing,9,,,FALSE,demographic field missing,,,,,,,,
continuous,rna_pathway_activity,SARC,HALLMARK_E2F_TARGETS,FALSE,252,TRUE,Broad race,White,219,,,TRUE,performance estimated,0.28441736595844,0.432500261616298,0.581675597244279,,,,,
continuous,rna_pathway_activity,SARC,HALLMARK_E2F_TARGETS,FALSE,252,TRUE,Recorded sex,FEMALE,137,,,TRUE,performance estimated,0.376836410230615,0.410583019822521,0.618702746093677,,,,,
continuous,rna_pathway_activity,SARC,HALLMARK_E2F_TARGETS,FALSE,252,TRUE,Recorded sex,MALE,115,,,TRUE,performance estimated,0.198586102989147,0.468580559167177,0.532805176359189,,,,,
continuous,rna_pathway_activity,SARC,HALLMARK_EPITHELIAL_MESENCHYMAL_TRANSITION,FALSE,252,TRUE,Broad race,Asian,6,,,FALSE,fewer than 50 subgroup patients,,,,,,,,
continuous,rna_pathway_activity,SARC,HALLMARK_EPITHELIAL_MESENCHYMAL_TRANSITION,FALSE,252,TRUE,Broad race,Black or African American,18,,,FALSE,fewer than 50 subgroup patients,,,,,,,,
continuous,rna_pathway_activity,SARC,HALLMARK_EPITHELIAL_MESENCHYMAL_TRANSITION,FALSE,252,TRUE,Broad race,Missing,9,,,FALSE,demographic field missing,,,,,,,,
continuous,rna_pathway_activity,SARC,HALLMARK_EPITHELIAL_MESENCHYMAL_TRANSITION,FALSE,252,TRUE,Broad race,White,219,,,TRUE,performance estimated,0.412637775631334,0.249400329531974,0.578527768574269,,,,,
continuous,rna_pathway_activity,SARC,HALLMARK_EPITHELIAL_MESENCHYMAL_TRANSITION,FALSE,252,TRUE,Recorded sex,FEMALE,137,,,TRUE,performance estimated,0.388208173370091,0.242332993771985,0.558340022775216,,,,,
continuous,rna_pathway_activity,SARC,HALLMARK_EPITHELIAL_MESENCHYMAL_TRANSITION,FALSE,252,TRUE,Recorded sex,MALE,115,,,TRUE,performance estimated,0.409094392058168,0.258271429766089,0.575745285252111,,,,,
continuous,rna_pathway_activity,SARC,HALLMARK_G2M_CHECKPOINT,FALSE,252,TRUE,Broad race,Asian,6,,,FALSE,fewer than 50 subgroup patients,,,,,,,,
continuous,rna_pathway_activity,SARC,HALLMARK_G2M_CHECKPOINT,FALSE,252,TRUE,Broad race,Black or African American,18,,,FALSE,fewer than 50 subgroup patients,,,,,,,,
continuous,rna_pathway_activity,SARC,HALLMARK_G2M_CHECKPOINT,FALSE,252,TRUE,Broad race,Missing,9,,,FALSE,demographic field missing,,,,,,,,
continuous,rna_pathway_activity,SARC,HALLMARK_G2M_CHECKPOINT,FALSE,252,TRUE,Broad race,White,219,,,TRUE,performance estimated,0.217562116334162,0.40768069925122,0.535359374821484,,,,,
continuous,rna_pathway_activity,SARC,HALLMARK_G2M_CHECKPOINT,FALSE,252,TRUE,Recorded sex,FEMALE,137,,,TRUE,performance estimated,0.313338847442871,0.3840079329376,0.585894300595516,,,,,
continuous,rna_pathway_activity,SARC,HALLMARK_G2M_CHECKPOINT,FALSE,252,TRUE,Recorded sex,MALE,115,,,TRUE,performance estimated,0.162360032684807,0.434773714808766,0.49502722323049,,,,,
continuous,rna_pathway_activity,SARC,HALLMARK_IL2_STAT5_SIGNALING,FALSE,252,TRUE,Broad race,Asian,6,,,FALSE,fewer than 50 subgroup patients,,,,,,,,
continuous,rna_pathway_activity,SARC,HALLMARK_IL2_STAT5_SIGNALING,FALSE,252,TRUE,Broad race,Black or African American,18,,,FALSE,fewer than 50 subgroup patients,,,,,,,,
continuous,rna_pathway_activity,SARC,HALLMARK_IL2_STAT5_SIGNALING,FALSE,252,TRUE,Broad race,Missing,9,,,FALSE,demographic field missing,,,,,,,,
continuous,rna_pathway_activity,SARC,HALLMARK_IL2_STAT5_SIGNALING,FALSE,252,TRUE,Broad race,White,219,,,TRUE,performance estimated,0.453068801682621,0.204411404541411,0.632487575262491,,,,,
continuous,rna_pathway_activity,SARC,HALLMARK_IL2_STAT5_SIGNALING,FALSE,252,TRUE,Recorded sex,FEMALE,137,,,TRUE,performance estimated,0.445925969007772,0.206967883353651,0.637820859857748,,,,,
continuous,rna_pathway_activity,SARC,HALLMARK_IL2_STAT5_SIGNALING,FALSE,252,TRUE,Recorded sex,MALE,115,,,TRUE,performance estimated,0.392464659442483,0.203483323079169,0.591695731081828,,,,,
continuous,rna_pathway_activity,SARC,HALLMARK_IL6_JAK_STAT3_SIGNALING,FALSE,252,TRUE,Broad race,Asian,6,,,FALSE,fewer than 50 subgroup patients,,,,,,,,
continuous,rna_pathway_activity,SARC,HALLMARK_IL6_JAK_STAT3_SIGNALING,FALSE,252,TRUE,Broad race,Black or African American,18,,,FALSE,fewer than 50 subgroup patients,,,,,,,,
continuous,rna_pathway_activity,SARC,HALLMARK_IL6_JAK_STAT3_SIGNALING,FALSE,252,TRUE,Broad race,Missing,9,,,FALSE,demographic field missing,,,,,,,,
continuous,rna_pathway_activity,SARC,HALLMARK_IL6_JAK_STAT3_SIGNALING,FALSE,252,TRUE,Broad race,White,219,,,TRUE,performance estimated,0.527093336027851,0.303660251192574,0.705793869320324,,,,,
continuous,rna_pathway_activity,SARC,HALLMARK_IL6_JAK_STAT3_SIGNALING,FALSE,252,TRUE,Recorded sex,FEMALE,137,,,TRUE,performance estimated,0.529774992374993,0.305370625585322,0.717758134672466,,,,,
continuous,rna_pathway_activity,SARC,HALLMARK_IL6_JAK_STAT3_SIGNALING,FALSE,252,TRUE,Recorded sex,MALE,115,,,TRUE,performance estimated,0.434082363771331,0.310887594773291,0.641096820011047,,,,,
continuous,rna_pathway_activity,SARC,HALLMARK_INFLAMMATORY_RESPONSE,FALSE,252,TRUE,Broad race,Asian,6,,,FALSE,fewer than 50 subgroup patients,,,,,,,,
continuous,rna_pathway_activity,SARC,HALLMARK_INFLAMMATORY_RESPONSE,FALSE,252,TRUE,Broad race,Black or African American,18,,,FALSE,fewer than 50 subgroup patients,,,,,,,,
continuous,rna_pathway_activity,SARC,HALLMARK_INFLAMMATORY_RESPONSE,FALSE,252,TRUE,Broad race,Missing,9,,,FALSE,demographic field missing,,,,,,,,
continuous,rna_pathway_activity,SARC,HALLMARK_INFLAMMATORY_RESPONSE,FALSE,252,TRUE,Broad race,White,219,,,TRUE,performance estimated,0.5210573862373,0.304854168656666,0.707624161687251,,,,,
continuous,rna_pathway_activity,SARC,HALLMARK_INFLAMMATORY_RESPONSE,FALSE,252,TRUE,Recorded sex,FEMALE,137,,,TRUE,performance estimated,0.488190917629944,0.323065124816046,0.699171131480202,,,,,
continuous,rna_pathway_activity,SARC,HALLMARK_INFLAMMATORY_RESPONSE,FALSE,252,TRUE,Recorded sex,MALE,115,,,TRUE,performance estimated,0.467185360262981,0.290917901926964,0.675369683579263,,,,,
continuous,rna_pathway_activity,SARC,HALLMARK_INTERFERON_ALPHA_RESPONSE,FALSE,252,TRUE,Broad race,Asian,6,,,FALSE,fewer than 50 subgroup patients,,,,,,,,
continuous,rna_pathway_activity,SARC,HALLMARK_INTERFERON_ALPHA_RESPONSE,FALSE,252,TRUE,Broad race,Black or African American,18,,,FALSE,fewer than 50 subgroup patients,,,,,,,,
continuous,rna_pathway_activity,SARC,HALLMARK_INTERFERON_ALPHA_RESPONSE,FALSE,252,TRUE,Broad race,Missing,9,,,FALSE,demographic field missing,,,,,,,,
continuous,rna_pathway_activity,SARC,HALLMARK_INTERFERON_ALPHA_RESPONSE,FALSE,252,TRUE,Broad race,White,219,,,TRUE,performance estimated,0.373483917984257,0.464957509335566,0.579845304877352,,,,,
continuous,rna_pathway_activity,SARC,HALLMARK_INTERFERON_ALPHA_RESPONSE,FALSE,252,TRUE,Recorded sex,FEMALE,137,,,TRUE,performance estimated,0.332468367189699,0.483651717967678,0.528069520413687,,,,,
continuous,rna_pathway_activity,SARC,HALLMARK_INTERFERON_ALPHA_RESPONSE,FALSE,252,TRUE,Recorded sex,MALE,115,,,TRUE,performance estimated,0.340257454432332,0.477734787800546,0.551773060838002,,,,,
continuous,rna_pathway_activity,SARC,HALLMARK_INTERFERON_GAMMA_RESPONSE,FALSE,252,TRUE,Broad race,Asian,6,,,FALSE,fewer than 50 subgroup patients,,,,,,,,
continuous,rna_pathway_activity,SARC,HALLMARK_INTERFERON_GAMMA_RESPONSE,FALSE,252,TRUE,Broad race,Black or African American,18,,,FALSE,fewer than 50 subgroup patients,,,,,,,,
continuous,rna_pathway_activity,SARC,HALLMARK_INTERFERON_GAMMA_RESPONSE,FALSE,252,TRUE,Broad race,Missing,9,,,FALSE,demographic field missing,,,,,,,,
continuous,rna_pathway_activity,SARC,HALLMARK_INTERFERON_GAMMA_RESPONSE,FALSE,252,TRUE,Broad race,White,219,,,TRUE,performance estimated,0.472672957343318,0.386017642299871,0.67639265598044,,,,,
continuous,rna_pathway_activity,SARC,HALLMARK_INTERFERON_GAMMA_RESPONSE,FALSE,252,TRUE,Recorded sex,FEMALE,137,,,TRUE,performance estimated,0.441741343758411,0.404994681822379,0.641925999215935,,,,,
continuous,rna_pathway_activity,SARC,HALLMARK_INTERFERON_GAMMA_RESPONSE,FALSE,252,TRUE,Recorded sex,MALE,115,,,TRUE,performance estimated,0.420431960536473,0.385921360640449,0.632707330545254,,,,,
continuous,rna_pathway_activity,SARC,HALLMARK_KRAS_SIGNALING_UP,FALSE,252,TRUE,Broad race,Asian,6,,,FALSE,fewer than 50 subgroup patients,,,,,,,,
continuous,rna_pathway_activity,SARC,HALLMARK_KRAS_SIGNALING_UP,FALSE,252,TRUE,Broad race,Black or African American,18,,,FALSE,fewer than 50 subgroup patients,,,,,,,,
continuous,rna_pathway_activity,SARC,HALLMARK_KRAS_SIGNALING_UP,FALSE,252,TRUE,Broad race,Missing,9,,,FALSE,demographic field missing,,,,,,,,
continuous,rna_pathway_activity,SARC,HALLMARK_KRAS_SIGNALING_UP,FALSE,252,TRUE,Broad race,White,219,,,TRUE,performance estimated,0.383003054836141,0.223461684520859,0.601506735064609,,,,,
continuous,rna_pathway_activity,SARC,HALLMARK_KRAS_SIGNALING_UP,FALSE,252,TRUE,Recorded sex,FEMALE,137,,,TRUE,performance estimated,0.362108355855466,0.226639144014205,0.581465267795471,,,,,
continuous,rna_pathway_activity,SARC,HALLMARK_KRAS_SIGNALING_UP,FALSE,252,TRUE,Recorded sex,MALE,115,,,TRUE,performance estimated,0.299671890104174,0.226706476287104,0.518101475578001,,,,,
continuous,rna_pathway_activity,SARC,HALLMARK_MTORC1_SIGNALING,FALSE,252,TRUE,Broad race,Asian,6,,,FALSE,fewer than 50 subgroup patients,,,,,,,,
continuous,rna_pathway_activity,SARC,HALLMARK_MTORC1_SIGNALING,FALSE,252,TRUE,Broad race,Black or African American,18,,,FALSE,fewer than 50 subgroup patients,,,,,,,,
continuous,rna_pathway_activity,SARC,HALLMARK_MTORC1_SIGNALING,FALSE,252,TRUE,Broad race,Missing,9,,,FALSE,demographic field missing,,,,,,,,
continuous,rna_pathway_activity,SARC,HALLMARK_MTORC1_SIGNALING,FALSE,252,TRUE,Broad race,White,219,,,TRUE,performance estimated,0.356691551664915,0.22711385482366,0.57913855153267,,,,,
continuous,rna_pathway_activity,SARC,HALLMARK_MTORC1_SIGNALING,FALSE,252,TRUE,Recorded sex,FEMALE,137,,,TRUE,performance estimated,0.435283194373271,0.221954615515386,0.663839677413333,,,,,
continuous,rna_pathway_activity,SARC,HALLMARK_MTORC1_SIGNALING,FALSE,252,TRUE,Recorded sex,MALE,115,,,TRUE,performance estimated,0.266365261941114,0.247439420326269,0.52492858833741,,,,,
continuous,rna_pathway_activity,SARC,HALLMARK_MYC_TARGETS_V1,FALSE,252,TRUE,Broad race,Asian,6,,,FALSE,fewer than 50 subgroup patients,,,,,,,,
continuous,rna_pathway_activity,SARC,HALLMARK_MYC_TARGETS_V1,FALSE,252,TRUE,Broad race,Black or African American,18,,,FALSE,fewer than 50 subgroup patients,,,,,,,,
continuous,rna_pathway_activity,SARC,HALLMARK_MYC_TARGETS_V1,FALSE,252,TRUE,Broad race,Missing,9,,,FALSE,demographic field missing,,,,,,,,
continuous,rna_pathway_activity,SARC,HALLMARK_MYC_TARGETS_V1,FALSE,252,TRUE,Broad race,White,219,,,TRUE,performance estimated,0.293378279983433,0.326210743552419,0.558745301449838,,,,,
continuous,rna_pathway_activity,SARC,HALLMARK_MYC_TARGETS_V1,FALSE,252,TRUE,Recorded sex,FEMALE,137,,,TRUE,performance estimated,0.320368262778531,0.334223620241173,0.606362125935744,,,,,
continuous,rna_pathway_activity,SARC,HALLMARK_MYC_TARGETS_V1,FALSE,252,TRUE,Recorded sex,MALE,115,,,TRUE,performance estimated,0.252636633946584,0.347773233844398,0.523678686972303,,,,,
continuous,rna_pathway_activity,SARC,HALLMARK_MYC_TARGETS_V2,FALSE,252,TRUE,Broad race,Asian,6,,,FALSE,fewer than 50 subgroup patients,,,,,,,,
continuous,rna_pathway_activity,SARC,HALLMARK_MYC_TARGETS_V2,FALSE,252,TRUE,Broad race,Black or African American,18,,,FALSE,fewer than 50 subgroup patients,,,,,,,,
continuous,rna_pathway_activity,SARC,HALLMARK_MYC_TARGETS_V2,FALSE,252,TRUE,Broad race,Missing,9,,,FALSE,demographic field missing,,,,,,,,
continuous,rna_pathway_activity,SARC,HALLMARK_MYC_TARGETS_V2,FALSE,252,TRUE,Broad race,White,219,,,TRUE,performance estimated,0.304229429856191,0.385227775161413,0.58255212677231,,,,,
continuous,rna_pathway_activity,SARC,HALLMARK_MYC_TARGETS_V2,FALSE,252,TRUE,Recorded sex,FEMALE,137,,,TRUE,performance estimated,0.352499480071399,0.384321910803638,0.642995687643512,,,,,
continuous,rna_pathway_activity,SARC,HALLMARK_MYC_TARGETS_V2,FALSE,252,TRUE,Recorded sex,MALE,115,,,TRUE,performance estimated,0.246578685624921,0.414994451052423,0.541676004103212,,,,,
continuous,rna_pathway_activity,SARC,HALLMARK_NOTCH_SIGNALING,FALSE,252,TRUE,Broad race,Asian,6,,,FALSE,fewer than 50 subgroup patients,,,,,,,,
continuous,rna_pathway_activity,SARC,HALLMARK_NOTCH_SIGNALING,FALSE,252,TRUE,Broad race,Black or African American,18,,,FALSE,fewer than 50 subgroup patients,,,,,,,,
continuous,rna_pathway_activity,SARC,HALLMARK_NOTCH_SIGNALING,FALSE,252,TRUE,Broad race,Missing,9,,,FALSE,demographic field missing,,,,,,,,
continuous,rna_pathway_activity,SARC,HALLMARK_NOTCH_SIGNALING,FALSE,252,TRUE,Broad race,White,219,,,TRUE,performance estimated,0.193514662603993,0.22918489312748,0.44467010179716,,,,,
continuous,rna_pathway_activity,SARC,HALLMARK_NOTCH_SIGNALING,FALSE,252,TRUE,Recorded sex,FEMALE,137,,,TRUE,performance estimated,0.185443274632343,0.244569814398262,0.457484085351056,,,,,
continuous,rna_pathway_activity,SARC,HALLMARK_NOTCH_SIGNALING,FALSE,252,TRUE,Recorded sex,MALE,115,,,TRUE,performance estimated,0.160838422820356,0.209600039312471,0.395814724216839,,,,,
continuous,rna_pathway_activity,SARC,HALLMARK_P53_PATHWAY,FALSE,252,TRUE,Broad race,Asian,6,,,FALSE,fewer than 50 subgroup patients,,,,,,,,
continuous,rna_pathway_activity,SARC,HALLMARK_P53_PATHWAY,FALSE,252,TRUE,Broad race,Black or African American,18,,,FALSE,fewer than 50 subgroup patients,,,,,,,,
continuous,rna_pathway_activity,SARC,HALLMARK_P53_PATHWAY,FALSE,252,TRUE,Broad race,Missing,9,,,FALSE,demographic field missing,,,,,,,,
continuous,rna_pathway_activity,SARC,HALLMARK_P53_PATHWAY,FALSE,252,TRUE,Broad race,White,219,,,TRUE,performance estimated,0.215023983603071,0.175576795855187,0.477708364276166,,,,,
continuous,rna_pathway_activity,SARC,HALLMARK_P53_PATHWAY,FALSE,252,TRUE,Recorded sex,FEMALE,137,,,TRUE,performance estimated,0.190943835581555,0.181051073430675,0.4373373532212,,,,,
continuous,rna_pathway_activity,SARC,HALLMARK_P53_PATHWAY,FALSE,252,TRUE,Recorded sex,MALE,115,,,TRUE,performance estimated,0.154125012393319,0.179771371498073,0.419311922985876,,,,,
continuous,rna_pathway_activity,SARC,HALLMARK_REACTIVE_OXYGEN_SPECIES_PATHWAY,FALSE,252,TRUE,Broad race,Asian,6,,,FALSE,fewer than 50 subgroup patients,,,,,,,,
continuous,rna_pathway_activity,SARC,HALLMARK_REACTIVE_OXYGEN_SPECIES_PATHWAY,FALSE,252,TRUE,Broad race,Black or African American,18,,,FALSE,fewer than 50 subgroup patients,,,,,,,,
continuous,rna_pathway_activity,SARC,HALLMARK_REACTIVE_OXYGEN_SPECIES_PATHWAY,FALSE,252,TRUE,Broad race,Missing,9,,,FALSE,demographic field missing,,,,,,,,
continuous,rna_pathway_activity,SARC,HALLMARK_REACTIVE_OXYGEN_SPECIES_PATHWAY,FALSE,252,TRUE,Broad race,White,219,,,TRUE,performance estimated,0.285401051258498,0.26862050483637,0.523826247900648,,,,,
continuous,rna_pathway_activity,SARC,HALLMARK_REACTIVE_OXYGEN_SPECIES_PATHWAY,FALSE,252,TRUE,Recorded sex,FEMALE,137,,,TRUE,performance estimated,0.334734387990863,0.276922108593253,0.552287789123901,,,,,
continuous,rna_pathway_activity,SARC,HALLMARK_REACTIVE_OXYGEN_SPECIES_PATHWAY,FALSE,252,TRUE,Recorded sex,MALE,115,,,TRUE,performance estimated,0.174510894035997,0.270417919611095,0.469568373707883,,,,,
continuous,rna_pathway_activity,SARC,HALLMARK_TNFA_SIGNALING_VIA_NFKB,FALSE,252,TRUE,Broad race,Asian,6,,,FALSE,fewer than 50 subgroup patients,,,,,,,,
continuous,rna_pathway_activity,SARC,HALLMARK_TNFA_SIGNALING_VIA_NFKB,FALSE,252,TRUE,Broad race,Black or African American,18,,,FALSE,fewer than 50 subgroup patients,,,,,,,,
continuous,rna_pathway_activity,SARC,HALLMARK_TNFA_SIGNALING_VIA_NFKB,FALSE,252,TRUE,Broad race,Missing,9,,,FALSE,demographic field missing,,,,,,,,
continuous,rna_pathway_activity,SARC,HALLMARK_TNFA_SIGNALING_VIA_NFKB,FALSE,252,TRUE,Broad race,White,219,,,TRUE,performance estimated,0.296571849703105,0.324927993016401,0.540519611091435,,,,,
continuous,rna_pathway_activity,SARC,HALLMARK_TNFA_SIGNALING_VIA_NFKB,FALSE,252,TRUE,Recorded sex,FEMALE,137,,,TRUE,performance estimated,0.26485323352739,0.347829722335652,0.540412007392611,,,,,
continuous,rna_pathway_activity,SARC,HALLMARK_TNFA_SIGNALING_VIA_NFKB,FALSE,252,TRUE,Recorded sex,MALE,115,,,TRUE,performance estimated,0.224401130136463,0.311750781973056,0.470366921802257,,,,,
continuous,rna_pathway_activity,SARC,HALLMARK_UNFOLDED_PROTEIN_RESPONSE,FALSE,252,TRUE,Broad race,Asian,6,,,FALSE,fewer than 50 subgroup patients,,,,,,,,
continuous,rna_pathway_activity,SARC,HALLMARK_UNFOLDED_PROTEIN_RESPONSE,FALSE,252,TRUE,Broad race,Black or African American,18,,,FALSE,fewer than 50 subgroup patients,,,,,,,,
continuous,rna_pathway_activity,SARC,HALLMARK_UNFOLDED_PROTEIN_RESPONSE,FALSE,252,TRUE,Broad race,Missing,9,,,FALSE,demographic field missing,,,,,,,,
continuous,rna_pathway_activity,SARC,HALLMARK_UNFOLDED_PROTEIN_RESPONSE,FALSE,252,TRUE,Broad race,White,219,,,TRUE,performance estimated,0.339116175217182,0.190247293491518,0.595846538782319,,,,,
continuous,rna_pathway_activity,SARC,HALLMARK_UNFOLDED_PROTEIN_RESPONSE,FALSE,252,TRUE,Recorded sex,FEMALE,137,,,TRUE,performance estimated,0.330885473160719,0.203372120847784,0.635738421042806,,,,,
continuous,rna_pathway_activity,SARC,HALLMARK_UNFOLDED_PROTEIN_RESPONSE,FALSE,252,TRUE,Recorded sex,MALE,115,,,TRUE,performance estimated,0.295038780553182,0.200523152543669,0.544025881795944,,,,,
continuous,rna_pathway_activity,SARC,HALLMARK_WNT_BETA_CATENIN_SIGNALING,FALSE,252,TRUE,Broad race,Asian,6,,,FALSE,fewer than 50 subgroup patients,,,,,,,,
continuous,rna_pathway_activity,SARC,HALLMARK_WNT_BETA_CATENIN_SIGNALING,FALSE,252,TRUE,Broad race,Black or African American,18,,,FALSE,fewer than 50 subgroup patients,,,,,,,,
continuous,rna_pathway_activity,SARC,HALLMARK_WNT_BETA_CATENIN_SIGNALING,FALSE,252,TRUE,Broad race,Missing,9,,,FALSE,demographic field missing,,,,,,,,
continuous,rna_pathway_activity,SARC,HALLMARK_WNT_BETA_CATENIN_SIGNALING,FALSE,252,TRUE,Broad race,White,219,,,TRUE,performance estimated,0.264867349184217,0.229055556014012,0.443767523164281,,,,,
continuous,rna_pathway_activity,SARC,HALLMARK_WNT_BETA_CATENIN_SIGNALING,FALSE,252,TRUE,Recorded sex,FEMALE,137,,,TRUE,performance estimated,0.218772252315978,0.246439723916402,0.30809266899397,,,,,
continuous,rna_pathway_activity,SARC,HALLMARK_WNT_BETA_CATENIN_SIGNALING,FALSE,252,TRUE,Recorded sex,MALE,115,,,TRUE,performance estimated,0.24502964843842,0.224041605166514,0.510616270811963,,,,,
continuous,rna_pathway_activity,STAD,HALLMARK_ALLOGRAFT_REJECTION,FALSE,354,TRUE,Broad race,Asian,81,,,TRUE,performance estimated,0.203398971544375,0.395984474677493,0.492646793134598,,,,,
continuous,rna_pathway_activity,STAD,HALLMARK_ALLOGRAFT_REJECTION,FALSE,354,TRUE,Broad race,Black or African American,12,,,FALSE,fewer than 50 subgroup patients,,,,,,,,
continuous,rna_pathway_activity,STAD,HALLMARK_ALLOGRAFT_REJECTION,FALSE,354,TRUE,Broad race,Missing,40,,,FALSE,demographic field missing,,,,,,,,
continuous,rna_pathway_activity,STAD,HALLMARK_ALLOGRAFT_REJECTION,FALSE,354,TRUE,Broad race,Other recorded race,1,,,FALSE,fewer than 50 subgroup patients,,,,,,,,
continuous,rna_pathway_activity,STAD,HALLMARK_ALLOGRAFT_REJECTION,FALSE,354,TRUE,Broad race,White,220,,,TRUE,performance estimated,0.268044175313942,0.381222856980152,0.526168046296975,,,,,
continuous,rna_pathway_activity,STAD,HALLMARK_ALLOGRAFT_REJECTION,FALSE,354,TRUE,Recorded sex,FEMALE,122,,,TRUE,performance estimated,0.246894011056247,0.403114440592575,0.509663903033828,,,,,
continuous,rna_pathway_activity,STAD,HALLMARK_ALLOGRAFT_REJECTION,FALSE,354,TRUE,Recorded sex,MALE,232,,,TRUE,performance estimated,0.242238969968924,0.374288508806192,0.506917309418419,,,,,
continuous,rna_pathway_activity,STAD,HALLMARK_APICAL_JUNCTION,FALSE,354,TRUE,Broad race,Asian,81,,,TRUE,performance estimated,0.286867635310258,0.284658909585983,0.567949412827462,,,,,
continuous,rna_pathway_activity,STAD,HALLMARK_APICAL_JUNCTION,FALSE,354,TRUE,Broad race,Black or African American,12,,,FALSE,fewer than 50 subgroup patients,,,,,,,,
continuous,rna_pathway_activity,STAD,HALLMARK_APICAL_JUNCTION,FALSE,354,TRUE,Broad race,Missing,40,,,FALSE,demographic field missing,,,,,,,,
continuous,rna_pathway_activity,STAD,HALLMARK_APICAL_JUNCTION,FALSE,354,TRUE,Broad race,Other recorded race,1,,,FALSE,fewer than 50 subgroup patients,,,,,,,,
continuous,rna_pathway_activity,STAD,HALLMARK_APICAL_JUNCTION,FALSE,354,TRUE,Broad race,White,220,,,TRUE,performance estimated,0.202521862634958,0.249263246259207,0.471535587699971,,,,,
continuous,rna_pathway_activity,STAD,HALLMARK_APICAL_JUNCTION,FALSE,354,TRUE,Recorded sex,FEMALE,122,,,TRUE,performance estimated,0.322660908046651,0.257085417118698,0.58737034111975,,,,,
continuous,rna_pathway_activity,STAD,HALLMARK_APICAL_JUNCTION,FALSE,354,TRUE,Recorded sex,MALE,232,,,TRUE,performance estimated,0.169272794068778,0.257594033334956,0.423078519822637,,,,,
continuous,rna_pathway_activity,STAD,HALLMARK_CHOLESTEROL_HOMEOSTASIS,FALSE,354,TRUE,Broad race,Asian,81,,,TRUE,performance estimated,0.179547611080803,0.231899144870195,0.45730352303523,,,,,
continuous,rna_pathway_activity,STAD,HALLMARK_CHOLESTEROL_HOMEOSTASIS,FALSE,354,TRUE,Broad race,Black or African American,12,,,FALSE,fewer than 50 subgroup patients,,,,,,,,
continuous,rna_pathway_activity,STAD,HALLMARK_CHOLESTEROL_HOMEOSTASIS,FALSE,354,TRUE,Broad race,Missing,40,,,FALSE,demographic field missing,,,,,,,,
continuous,rna_pathway_activity,STAD,HALLMARK_CHOLESTEROL_HOMEOSTASIS,FALSE,354,TRUE,Broad race,Other recorded race,1,,,FALSE,fewer than 50 subgroup patients,,,,,,,,
continuous,rna_pathway_activity,STAD,HALLMARK_CHOLESTEROL_HOMEOSTASIS,FALSE,354,TRUE,Broad race,White,220,,,TRUE,performance estimated,0.222304136509895,0.224050586854442,0.475714712362577,,,,,
continuous,rna_pathway_activity,STAD,HALLMARK_CHOLESTEROL_HOMEOSTASIS,FALSE,354,TRUE,Recorded sex,FEMALE,122,,,TRUE,performance estimated,0.240892987215975,0.206871424255396,0.520965167651948,,,,,
continuous,rna_pathway_activity,STAD,HALLMARK_CHOLESTEROL_HOMEOSTASIS,FALSE,354,TRUE,Recorded sex,MALE,232,,,TRUE,performance estimated,0.164615714993594,0.245174983298254,0.417548516305361,,,,,
continuous,rna_pathway_activity,STAD,HALLMARK_DNA_REPAIR,FALSE,354,TRUE,Broad race,Asian,81,,,TRUE,performance estimated,0.285321135481217,0.253710613135578,0.571156278229449,,,,,
continuous,rna_pathway_activity,STAD,HALLMARK_DNA_REPAIR,FALSE,354,TRUE,Broad race,Black or African American,12,,,FALSE,fewer than 50 subgroup patients,,,,,,,,
continuous,rna_pathway_activity,STAD,HALLMARK_DNA_REPAIR,FALSE,354,TRUE,Broad race,Missing,40,,,FALSE,demographic field missing,,,,,,,,
continuous,rna_pathway_activity,STAD,HALLMARK_DNA_REPAIR,FALSE,354,TRUE,Broad race,Other recorded race,1,,,FALSE,fewer than 50 subgroup patients,,,,,,,,
continuous,rna_pathway_activity,STAD,HALLMARK_DNA_REPAIR,FALSE,354,TRUE,Broad race,White,220,,,TRUE,performance estimated,0.296880338502465,0.243603850460529,0.572819122859413,,,,,
continuous,rna_pathway_activity,STAD,HALLMARK_DNA_REPAIR,FALSE,354,TRUE,Recorded sex,FEMALE,122,,,TRUE,performance estimated,0.299841752612096,0.239574900677899,0.572271587232875,,,,,
continuous,rna_pathway_activity,STAD,HALLMARK_DNA_REPAIR,FALSE,354,TRUE,Recorded sex,MALE,232,,,TRUE,performance estimated,0.261414728048378,0.242325315672053,0.521486327790901,,,,,
continuous,rna_pathway_activity,STAD,HALLMARK_E2F_TARGETS,FALSE,354,TRUE,Broad race,Asian,81,,,TRUE,performance estimated,0.398165425897355,0.47180754227911,0.632493224932249,,,,,
continuous,rna_pathway_activity,STAD,HALLMARK_E2F_TARGETS,FALSE,354,TRUE,Broad race,Black or African American,12,,,FALSE,fewer than 50 subgroup patients,,,,,,,,
continuous,rna_pathway_activity,STAD,HALLMARK_E2F_TARGETS,FALSE,354,TRUE,Broad race,Missing,40,,,FALSE,demographic field missing,,,,,,,,
continuous,rna_pathway_activity,STAD,HALLMARK_E2F_TARGETS,FALSE,354,TRUE,Broad race,Other recorded race,1,,,FALSE,fewer than 50 subgroup patients,,,,,,,,
continuous,rna_pathway_activity,STAD,HALLMARK_E2F_TARGETS,FALSE,354,TRUE,Broad race,White,220,,,TRUE,performance estimated,0.481504482295574,0.412562463653345,0.708449197860963,,,,,
continuous,rna_pathway_activity,STAD,HALLMARK_E2F_TARGETS,FALSE,354,TRUE,Recorded sex,FEMALE,122,,,TRUE,performance estimated,0.471849956973661,0.420599573371258,0.67775666592867,,,,,
continuous,rna_pathway_activity,STAD,HALLMARK_E2F_TARGETS,FALSE,354,TRUE,Recorded sex,MALE,232,,,TRUE,performance estimated,0.442338260001426,0.415474189503601,0.667931476544766,,,,,
continuous,rna_pathway_activity,STAD,HALLMARK_EPITHELIAL_MESENCHYMAL_TRANSITION,FALSE,354,TRUE,Broad race,Asian,81,,,TRUE,performance estimated,0.376046251518247,0.503096475431388,0.652926829268293,,,,,
continuous,rna_pathway_activity,STAD,HALLMARK_EPITHELIAL_MESENCHYMAL_TRANSITION,FALSE,354,TRUE,Broad race,Black or African American,12,,,FALSE,fewer than 50 subgroup patients,,,,,,,,
continuous,rna_pathway_activity,STAD,HALLMARK_EPITHELIAL_MESENCHYMAL_TRANSITION,FALSE,354,TRUE,Broad race,Missing,40,,,FALSE,demographic field missing,,,,,,,,
continuous,rna_pathway_activity,STAD,HALLMARK_EPITHELIAL_MESENCHYMAL_TRANSITION,FALSE,354,TRUE,Broad race,Other recorded race,1,,,FALSE,fewer than 50 subgroup patients,,,,,,,,
continuous,rna_pathway_activity,STAD,HALLMARK_EPITHELIAL_MESENCHYMAL_TRANSITION,FALSE,354,TRUE,Broad race,White,220,,,TRUE,performance estimated,0.141115951454791,0.470905413915949,0.461400291891831,,,,,
continuous,rna_pathway_activity,STAD,HALLMARK_EPITHELIAL_MESENCHYMAL_TRANSITION,FALSE,354,TRUE,Recorded sex,FEMALE,122,,,TRUE,performance estimated,0.295975842853625,0.471876118938491,0.574965385746528,,,,,
continuous,rna_pathway_activity,STAD,HALLMARK_EPITHELIAL_MESENCHYMAL_TRANSITION,FALSE,354,TRUE,Recorded sex,MALE,232,,,TRUE,performance estimated,0.184288082149876,0.481092957115593,0.459411019644851,,,,,
continuous,rna_pathway_activity,STAD,HALLMARK_G2M_CHECKPOINT,FALSE,354,TRUE,Broad race,Asian,81,,,TRUE,performance estimated,0.373137340488742,0.392458325080421,0.608681120144535,,,,,
continuous,rna_pathway_activity,STAD,HALLMARK_G2M_CHECKPOINT,FALSE,354,TRUE,Broad race,Black or African American,12,,,FALSE,fewer than 50 subgroup patients,,,,,,,,
continuous,rna_pathway_activity,STAD,HALLMARK_G2M_CHECKPOINT,FALSE,354,TRUE,Broad race,Missing,40,,,FALSE,demographic field missing,,,,,,,,
continuous,rna_pathway_activity,STAD,HALLMARK_G2M_CHECKPOINT,FALSE,354,TRUE,Broad race,Other recorded race,1,,,FALSE,fewer than 50 subgroup patients,,,,,,,,
continuous,rna_pathway_activity,STAD,HALLMARK_G2M_CHECKPOINT,FALSE,354,TRUE,Broad race,White,220,,,TRUE,performance estimated,0.452887959171104,0.356332339078558,0.677255315192463,,,,,
continuous,rna_pathway_activity,STAD,HALLMARK_G2M_CHECKPOINT,FALSE,354,TRUE,Recorded sex,FEMALE,122,,,TRUE,performance estimated,0.436479664825236,0.362865485220947,0.639989293538783,,,,,
continuous,rna_pathway_activity,STAD,HALLMARK_G2M_CHECKPOINT,FALSE,354,TRUE,Recorded sex,MALE,232,,,TRUE,performance estimated,0.43444551811575,0.349974501640107,0.659634549260123,,,,,
continuous,rna_pathway_activity,STAD,HALLMARK_GLYCOLYSIS,FALSE,354,TRUE,Broad race,Asian,81,,,TRUE,performance estimated,0.176100269795522,0.186806597437644,0.438717253839205,,,,,
continuous,rna_pathway_activity,STAD,HALLMARK_GLYCOLYSIS,FALSE,354,TRUE,Broad race,Black or African American,12,,,FALSE,fewer than 50 subgroup patients,,,,,,,,
continuous,rna_pathway_activity,STAD,HALLMARK_GLYCOLYSIS,FALSE,354,TRUE,Broad race,Missing,40,,,FALSE,demographic field missing,,,,,,,,
continuous,rna_pathway_activity,STAD,HALLMARK_GLYCOLYSIS,FALSE,354,TRUE,Broad race,Other recorded race,1,,,FALSE,fewer than 50 subgroup patients,,,,,,,,
continuous,rna_pathway_activity,STAD,HALLMARK_GLYCOLYSIS,FALSE,354,TRUE,Broad race,White,220,,,TRUE,performance estimated,0.275734429259597,0.172450021370006,0.537490744549568,,,,,
continuous,rna_pathway_activity,STAD,HALLMARK_GLYCOLYSIS,FALSE,354,TRUE,Recorded sex,FEMALE,122,,,TRUE,performance estimated,0.307458081663314,0.165481774616382,0.587707396380291,,,,,
continuous,rna_pathway_activity,STAD,HALLMARK_GLYCOLYSIS,FALSE,354,TRUE,Recorded sex,MALE,232,,,TRUE,performance estimated,0.206209948994415,0.179551016533219,0.473695388524455,,,,,
continuous,rna_pathway_activity,STAD,HALLMARK_HEDGEHOG_SIGNALING,FALSE,354,TRUE,Broad race,Asian,81,,,TRUE,performance estimated,0.256784748971541,0.383941300403406,0.502551942186089,,,,,
continuous,rna_pathway_activity,STAD,HALLMARK_HEDGEHOG_SIGNALING,FALSE,354,TRUE,Broad race,Black or African American,12,,,FALSE,fewer than 50 subgroup patients,,,,,,,,
continuous,rna_pathway_activity,STAD,HALLMARK_HEDGEHOG_SIGNALING,FALSE,354,TRUE,Broad race,Missing,40,,,FALSE,demographic field missing,,,,,,,,
continuous,rna_pathway_activity,STAD,HALLMARK_HEDGEHOG_SIGNALING,FALSE,354,TRUE,Broad race,Other recorded race,1,,,FALSE,fewer than 50 subgroup patients,,,,,,,,
continuous,rna_pathway_activity,STAD,HALLMARK_HEDGEHOG_SIGNALING,FALSE,354,TRUE,Broad race,White,220,,,TRUE,performance estimated,0.231207369023334,0.340244021115599,0.509589041095891,,,,,
continuous,rna_pathway_activity,STAD,HALLMARK_HEDGEHOG_SIGNALING,FALSE,354,TRUE,Recorded sex,FEMALE,122,,,TRUE,performance estimated,0.278265015602871,0.380759385548371,0.552973521335268,,,,,
continuous,rna_pathway_activity,STAD,HALLMARK_HEDGEHOG_SIGNALING,FALSE,354,TRUE,Recorded sex,MALE,232,,,TRUE,performance estimated,0.174069378543108,0.340059400431639,0.449956658703144,,,,,
continuous,rna_pathway_activity,STAD,HALLMARK_INTERFERON_GAMMA_RESPONSE,FALSE,354,TRUE,Broad race,Asian,81,,,TRUE,performance estimated,0.195322839763894,0.41445186874327,0.454245709123758,,,,,
continuous,rna_pathway_activity,STAD,HALLMARK_INTERFERON_GAMMA_RESPONSE,FALSE,354,TRUE,Broad race,Black or African American,12,,,FALSE,fewer than 50 subgroup patients,,,,,,,,
continuous,rna_pathway_activity,STAD,HALLMARK_INTERFERON_GAMMA_RESPONSE,FALSE,354,TRUE,Broad race,Missing,40,,,FALSE,demographic field missing,,,,,,,,
continuous,rna_pathway_activity,STAD,HALLMARK_INTERFERON_GAMMA_RESPONSE,FALSE,354,TRUE,Broad race,Other recorded race,1,,,FALSE,fewer than 50 subgroup patients,,,,,,,,
continuous,rna_pathway_activity,STAD,HALLMARK_INTERFERON_GAMMA_RESPONSE,FALSE,354,TRUE,Broad race,White,220,,,TRUE,performance estimated,0.238577692845624,0.419553263983615,0.488076725852713,,,,,
continuous,rna_pathway_activity,STAD,HALLMARK_INTERFERON_GAMMA_RESPONSE,FALSE,354,TRUE,Recorded sex,FEMALE,122,,,TRUE,performance estimated,0.270276493887799,0.417505282044591,0.505839978058364,,,,,
continuous,rna_pathway_activity,STAD,HALLMARK_INTERFERON_GAMMA_RESPONSE,FALSE,354,TRUE,Recorded sex,MALE,232,,,TRUE,performance estimated,0.179242587767898,0.41274253686897,0.442428534910405,,,,,
continuous,rna_pathway_activity,STAD,HALLMARK_KRAS_SIGNALING_DN,FALSE,354,TRUE,Broad race,Asian,81,,,TRUE,performance estimated,0.105112355141261,0.290113558775619,0.394372177055104,,,,,
continuous,rna_pathway_activity,STAD,HALLMARK_KRAS_SIGNALING_DN,FALSE,354,TRUE,Broad race,Black or African American,12,,,FALSE,fewer than 50 subgroup patients,,,,,,,,
continuous,rna_pathway_activity,STAD,HALLMARK_KRAS_SIGNALING_DN,FALSE,354,TRUE,Broad race,Missing,40,,,FALSE,demographic field missing,,,,,,,,
continuous,rna_pathway_activity,STAD,HALLMARK_KRAS_SIGNALING_DN,FALSE,354,TRUE,Broad race,Other recorded race,1,,,FALSE,fewer than 50 subgroup patients,,,,,,,,
continuous,rna_pathway_activity,STAD,HALLMARK_KRAS_SIGNALING_DN,FALSE,354,TRUE,Broad race,White,220,,,TRUE,performance estimated,0.222522836911159,0.240671720081205,0.495298738328553,,,,,
continuous,rna_pathway_activity,STAD,HALLMARK_KRAS_SIGNALING_DN,FALSE,354,TRUE,Recorded sex,FEMALE,122,,,TRUE,performance estimated,0.236491913859412,0.253246007301579,0.519784813347388,,,,,
continuous,rna_pathway_activity,STAD,HALLMARK_KRAS_SIGNALING_DN,FALSE,354,TRUE,Recorded sex,MALE,232,,,TRUE,performance estimated,0.159830867520515,0.24896055159084,0.435413779649387,,,,,
continuous,rna_pathway_activity,STAD,HALLMARK_KRAS_SIGNALING_UP,FALSE,354,TRUE,Broad race,Asian,81,,,TRUE,performance estimated,0.230971731401612,0.269527415698937,0.515731707317073,,,,,
continuous,rna_pathway_activity,STAD,HALLMARK_KRAS_SIGNALING_UP,FALSE,354,TRUE,Broad race,Black or African American,12,,,FALSE,fewer than 50 subgroup patients,,,,,,,,
continuous,rna_pathway_activity,STAD,HALLMARK_KRAS_SIGNALING_UP,FALSE,354,TRUE,Broad race,Missing,40,,,FALSE,demographic field missing,,,,,,,,
continuous,rna_pathway_activity,STAD,HALLMARK_KRAS_SIGNALING_UP,FALSE,354,TRUE,Broad race,Other recorded race,1,,,FALSE,fewer than 50 subgroup patients,,,,,,,,
continuous,rna_pathway_activity,STAD,HALLMARK_KRAS_SIGNALING_UP,FALSE,354,TRUE,Broad race,White,220,,,TRUE,performance estimated,0.160228957592161,0.258449321133363,0.450157835717868,,,,,
continuous,rna_pathway_activity,STAD,HALLMARK_KRAS_SIGNALING_UP,FALSE,354,TRUE,Recorded sex,FEMALE,122,,,TRUE,performance estimated,0.212503007601311,0.275158678475212,0.503177902392762,,,,,
continuous,rna_pathway_activity,STAD,HALLMARK_KRAS_SIGNALING_UP,FALSE,354,TRUE,Recorded sex,MALE,232,,,TRUE,performance estimated,0.169309446859023,0.25159143522445,0.442553849879586,,,,,
continuous,rna_pathway_activity,STAD,HALLMARK_MTORC1_SIGNALING,FALSE,354,TRUE,Broad race,Asian,81,,,TRUE,performance estimated,0.372921966058109,0.249574437252159,0.570745257452575,,,,,
continuous,rna_pathway_activity,STAD,HALLMARK_MTORC1_SIGNALING,FALSE,354,TRUE,Broad race,Black or African American,12,,,FALSE,fewer than 50 subgroup patients,,,,,,,,
continuous,rna_pathway_activity,STAD,HALLMARK_MTORC1_SIGNALING,FALSE,354,TRUE,Broad race,Missing,40,,,FALSE,demographic field missing,,,,,,,,
continuous,rna_pathway_activity,STAD,HALLMARK_MTORC1_SIGNALING,FALSE,354,TRUE,Broad race,Other recorded race,1,,,FALSE,fewer than 50 subgroup patients,,,,,,,,
continuous,rna_pathway_activity,STAD,HALLMARK_MTORC1_SIGNALING,FALSE,354,TRUE,Broad race,White,220,,,TRUE,performance estimated,0.436929635351636,0.237808381331619,0.620932137966788,,,,,
continuous,rna_pathway_activity,STAD,HALLMARK_MTORC1_SIGNALING,FALSE,354,TRUE,Recorded sex,FEMALE,122,,,TRUE,performance estimated,0.503364502351739,0.229592975760381,0.629449377273884,,,,,
continuous,rna_pathway_activity,STAD,HALLMARK_MTORC1_SIGNALING,FALSE,354,TRUE,Recorded sex,MALE,232,,,TRUE,performance estimated,0.365303878145049,0.248396941406002,0.545734582126472,,,,,
continuous,rna_pathway_activity,STAD,HALLMARK_MYC_TARGETS_V1,FALSE,354,TRUE,Broad race,Asian,81,,,TRUE,performance estimated,0.345797974120417,0.464354621136538,0.594941282746161,,,,,
continuous,rna_pathway_activity,STAD,HALLMARK_MYC_TARGETS_V1,FALSE,354,TRUE,Broad race,Black or African American,12,,,FALSE,fewer than 50 subgroup patients,,,,,,,,
continuous,rna_pathway_activity,STAD,HALLMARK_MYC_TARGETS_V1,FALSE,354,TRUE,Broad race,Missing,40,,,FALSE,demographic field missing,,,,,,,,
continuous,rna_pathway_activity,STAD,HALLMARK_MYC_TARGETS_V1,FALSE,354,TRUE,Broad race,Other recorded race,1,,,FALSE,fewer than 50 subgroup patients,,,,,,,,
continuous,rna_pathway_activity,STAD,HALLMARK_MYC_TARGETS_V1,FALSE,354,TRUE,Broad race,White,220,,,TRUE,performance estimated,0.314873814604598,0.442653544206032,0.601129925674648,,,,,
continuous,rna_pathway_activity,STAD,HALLMARK_MYC_TARGETS_V1,FALSE,354,TRUE,Recorded sex,FEMALE,122,,,TRUE,performance estimated,0.37081778875782,0.422566859230047,0.627121713298152,,,,,
continuous,rna_pathway_activity,STAD,HALLMARK_MYC_TARGETS_V1,FALSE,354,TRUE,Recorded sex,MALE,232,,,TRUE,performance estimated,0.283811253878623,0.454791199382711,0.565129572218517,,,,,
continuous,rna_pathway_activity,STAD,HALLMARK_MYC_TARGETS_V2,FALSE,354,TRUE,Broad race,Asian,81,,,TRUE,performance estimated,0.421983600426344,0.496702293656149,0.637506775067751,,,,,
continuous,rna_pathway_activity,STAD,HALLMARK_MYC_TARGETS_V2,FALSE,354,TRUE,Broad race,Black or African American,12,,,FALSE,fewer than 50 subgroup patients,,,,,,,,
continuous,rna_pathway_activity,STAD,HALLMARK_MYC_TARGETS_V2,FALSE,354,TRUE,Broad race,Missing,40,,,FALSE,demographic field missing,,,,,,,,
continuous,rna_pathway_activity,STAD,HALLMARK_MYC_TARGETS_V2,FALSE,354,TRUE,Broad race,Other recorded race,1,,,FALSE,fewer than 50 subgroup patients,,,,,,,,
continuous,rna_pathway_activity,STAD,HALLMARK_MYC_TARGETS_V2,FALSE,354,TRUE,Broad race,White,220,,,TRUE,performance estimated,0.344556016788944,0.474135460767144,0.586231045344663,,,,,
continuous,rna_pathway_activity,STAD,HALLMARK_MYC_TARGETS_V2,FALSE,354,TRUE,Recorded sex,FEMALE,122,,,TRUE,performance estimated,0.390041371975565,0.467707310860161,0.594119377042571,,,,,
continuous,rna_pathway_activity,STAD,HALLMARK_MYC_TARGETS_V2,FALSE,354,TRUE,Recorded sex,MALE,232,,,TRUE,performance estimated,0.351761821443934,0.471273882274083,0.60482443411258,,,,,
continuous,rna_pathway_activity,STAD,HALLMARK_MYOGENESIS,FALSE,354,TRUE,Broad race,Asian,81,,,TRUE,performance estimated,0.471577496295577,0.315430928940608,0.711495031616983,,,,,
continuous,rna_pathway_activity,STAD,HALLMARK_MYOGENESIS,FALSE,354,TRUE,Broad race,Black or African American,12,,,FALSE,fewer than 50 subgroup patients,,,,,,,,
continuous,rna_pathway_activity,STAD,HALLMARK_MYOGENESIS,FALSE,354,TRUE,Broad race,Missing,40,,,FALSE,demographic field missing,,,,,,,,
continuous,rna_pathway_activity,STAD,HALLMARK_MYOGENESIS,FALSE,354,TRUE,Broad race,Other recorded race,1,,,FALSE,fewer than 50 subgroup patients,,,,,,,,
continuous,rna_pathway_activity,STAD,HALLMARK_MYOGENESIS,FALSE,354,TRUE,Broad race,White,220,,,TRUE,performance estimated,0.377476945104145,0.293463551302926,0.619243447929991,,,,,
continuous,rna_pathway_activity,STAD,HALLMARK_MYOGENESIS,FALSE,354,TRUE,Recorded sex,FEMALE,122,,,TRUE,performance estimated,0.479002826394669,0.284923641578264,0.667773221289997,,,,,
continuous,rna_pathway_activity,STAD,HALLMARK_MYOGENESIS,FALSE,354,TRUE,Recorded sex,MALE,232,,,TRUE,performance estimated,0.353193997436414,0.301561203418007,0.603527654822608,,,,,
continuous,rna_pathway_activity,STAD,HALLMARK_UNFOLDED_PROTEIN_RESPONSE,FALSE,354,TRUE,Broad race,Asian,81,,,TRUE,performance estimated,0.214344026345192,0.229521544653667,0.451359530261969,,,,,
continuous,rna_pathway_activity,STAD,HALLMARK_UNFOLDED_PROTEIN_RESPONSE,FALSE,354,TRUE,Broad race,Black or African American,12,,,FALSE,fewer than 50 subgroup patients,,,,,,,,
continuous,rna_pathway_activity,STAD,HALLMARK_UNFOLDED_PROTEIN_RESPONSE,FALSE,354,TRUE,Broad race,Missing,40,,,FALSE,demographic field missing,,,,,,,,
continuous,rna_pathway_activity,STAD,HALLMARK_UNFOLDED_PROTEIN_RESPONSE,FALSE,354,TRUE,Broad race,Other recorded race,1,,,FALSE,fewer than 50 subgroup patients,,,,,,,,
continuous,rna_pathway_activity,STAD,HALLMARK_UNFOLDED_PROTEIN_RESPONSE,FALSE,354,TRUE,Broad race,White,220,,,TRUE,performance estimated,0.253869737625512,0.224476130158684,0.473948710435415,,,,,
continuous,rna_pathway_activity,STAD,HALLMARK_UNFOLDED_PROTEIN_RESPONSE,FALSE,354,TRUE,Recorded sex,FEMALE,122,,,TRUE,performance estimated,0.280626878805333,0.213064511078848,0.490279921089415,,,,,
continuous,rna_pathway_activity,STAD,HALLMARK_UNFOLDED_PROTEIN_RESPONSE,FALSE,354,TRUE,Recorded sex,MALE,232,,,TRUE,performance estimated,0.225843082700676,0.228227801044118,0.439846508382841,,,,,
continuous,rna_pathway_activity,STAD,HALLMARK_UV_RESPONSE_DN,FALSE,354,TRUE,Broad race,Asian,81,,,TRUE,performance estimated,0.42720413837146,0.292479904123746,0.661906052393857,,,,,
continuous,rna_pathway_activity,STAD,HALLMARK_UV_RESPONSE_DN,FALSE,354,TRUE,Broad race,Black or African American,12,,,FALSE,fewer than 50 subgroup patients,,,,,,,,
continuous,rna_pathway_activity,STAD,HALLMARK_UV_RESPONSE_DN,FALSE,354,TRUE,Broad race,Missing,40,,,FALSE,demographic field missing,,,,,,,,
continuous,rna_pathway_activity,STAD,HALLMARK_UV_RESPONSE_DN,FALSE,354,TRUE,Broad race,Other recorded race,1,,,FALSE,fewer than 50 subgroup patients,,,,,,,,
continuous,rna_pathway_activity,STAD,HALLMARK_UV_RESPONSE_DN,FALSE,354,TRUE,Broad race,White,220,,,TRUE,performance estimated,0.311964548084938,0.299051621264704,0.570142959377448,,,,,
continuous,rna_pathway_activity,STAD,HALLMARK_UV_RESPONSE_DN,FALSE,354,TRUE,Recorded sex,FEMALE,122,,,TRUE,performance estimated,0.412483178946613,0.303227832103228,0.643110028715786,,,,,
continuous,rna_pathway_activity,STAD,HALLMARK_UV_RESPONSE_DN,FALSE,354,TRUE,Recorded sex,MALE,232,,,TRUE,performance estimated,0.283315998320315,0.291157055508139,0.538724055284659,,,,,
continuous,rna_pathway_activity,TGCT,GOBP_VITAMIN_B6_METABOLIC_PROCESS,FALSE,149,FALSE,Broad race,Asian,4,,,FALSE,model has fewer than 200 outcome-labelled patients,,,,,,,,
continuous,rna_pathway_activity,TGCT,GOBP_VITAMIN_B6_METABOLIC_PROCESS,FALSE,149,FALSE,Broad race,Black or African American,6,,,FALSE,model has fewer than 200 outcome-labelled patients,,,,,,,,
continuous,rna_pathway_activity,TGCT,GOBP_VITAMIN_B6_METABOLIC_PROCESS,FALSE,149,FALSE,Broad race,Missing,21,,,FALSE,model has fewer than 200 outcome-labelled patients,,,,,,,,
continuous,rna_pathway_activity,TGCT,GOBP_VITAMIN_B6_METABOLIC_PROCESS,FALSE,149,FALSE,Broad race,White,118,,,FALSE,model has fewer than 200 outcome-labelled patients,,,,,,,,
continuous,rna_pathway_activity,TGCT,GOBP_VITAMIN_B6_METABOLIC_PROCESS,FALSE,149,FALSE,Recorded sex,MALE,133,,,FALSE,model has fewer than 200 outcome-labelled patients,,,,,,,,
continuous,rna_pathway_activity,TGCT,GOBP_VITAMIN_B6_METABOLIC_PROCESS,FALSE,149,FALSE,Recorded sex,Missing,16,,,FALSE,model has fewer than 200 outcome-labelled patients,,,,,,,,
continuous,rna_pathway_activity,TGCT,HALLMARK_ADIPOGENESIS,FALSE,149,FALSE,Broad race,Asian,4,,,FALSE,model has fewer than 200 outcome-labelled patients,,,,,,,,
continuous,rna_pathway_activity,TGCT,HALLMARK_ADIPOGENESIS,FALSE,149,FALSE,Broad race,Black or African American,6,,,FALSE,model has fewer than 200 outcome-labelled patients,,,,,,,,
continuous,rna_pathway_activity,TGCT,HALLMARK_ADIPOGENESIS,FALSE,149,FALSE,Broad race,Missing,21,,,FALSE,model has fewer than 200 outcome-labelled patients,,,,,,,,
continuous,rna_pathway_activity,TGCT,HALLMARK_ADIPOGENESIS,FALSE,149,FALSE,Broad race,White,118,,,FALSE,model has fewer than 200 outcome-labelled patients,,,,,,,,
continuous,rna_pathway_activity,TGCT,HALLMARK_ADIPOGENESIS,FALSE,149,FALSE,Recorded sex,MALE,133,,,FALSE,model has fewer than 200 outcome-labelled patients,,,,,,,,
continuous,rna_pathway_activity,TGCT,HALLMARK_ADIPOGENESIS,FALSE,149,FALSE,Recorded sex,Missing,16,,,FALSE,model has fewer than 200 outcome-labelled patients,,,,,,,,
continuous,rna_pathway_activity,TGCT,HALLMARK_ALLOGRAFT_REJECTION,FALSE,149,FALSE,Broad race,Asian,4,,,FALSE,model has fewer than 200 outcome-labelled patients,,,,,,,,
continuous,rna_pathway_activity,TGCT,HALLMARK_ALLOGRAFT_REJECTION,FALSE,149,FALSE,Broad race,Black or African American,6,,,FALSE,model has fewer than 200 outcome-labelled patients,,,,,,,,
continuous,rna_pathway_activity,TGCT,HALLMARK_ALLOGRAFT_REJECTION,FALSE,149,FALSE,Broad race,Missing,21,,,FALSE,model has fewer than 200 outcome-labelled patients,,,,,,,,
continuous,rna_pathway_activity,TGCT,HALLMARK_ALLOGRAFT_REJECTION,FALSE,149,FALSE,Broad race,White,118,,,FALSE,model has fewer than 200 outcome-labelled patients,,,,,,,,
continuous,rna_pathway_activity,TGCT,HALLMARK_ALLOGRAFT_REJECTION,FALSE,149,FALSE,Recorded sex,MALE,133,,,FALSE,model has fewer than 200 outcome-labelled patients,,,,,,,,
continuous,rna_pathway_activity,TGCT,HALLMARK_ALLOGRAFT_REJECTION,FALSE,149,FALSE,Recorded sex,Missing,16,,,FALSE,model has fewer than 200 outcome-labelled patients,,,,,,,,
continuous,rna_pathway_activity,TGCT,HALLMARK_APICAL_SURFACE,FALSE,149,FALSE,Broad race,Asian,4,,,FALSE,model has fewer than 200 outcome-labelled patients,,,,,,,,
continuous,rna_pathway_activity,TGCT,HALLMARK_APICAL_SURFACE,FALSE,149,FALSE,Broad race,Black or African American,6,,,FALSE,model has fewer than 200 outcome-labelled patients,,,,,,,,
continuous,rna_pathway_activity,TGCT,HALLMARK_APICAL_SURFACE,FALSE,149,FALSE,Broad race,Missing,21,,,FALSE,model has fewer than 200 outcome-labelled patients,,,,,,,,
continuous,rna_pathway_activity,TGCT,HALLMARK_APICAL_SURFACE,FALSE,149,FALSE,Broad race,White,118,,,FALSE,model has fewer than 200 outcome-labelled patients,,,,,,,,
continuous,rna_pathway_activity,TGCT,HALLMARK_APICAL_SURFACE,FALSE,149,FALSE,Recorded sex,MALE,133,,,FALSE,model has fewer than 200 outcome-labelled patients,,,,,,,,
continuous,rna_pathway_activity,TGCT,HALLMARK_APICAL_SURFACE,FALSE,149,FALSE,Recorded sex,Missing,16,,,FALSE,model has fewer than 200 outcome-labelled patients,,,,,,,,
continuous,rna_pathway_activity,TGCT,HALLMARK_APOPTOSIS,FALSE,149,FALSE,Broad race,Asian,4,,,FALSE,model has fewer than 200 outcome-labelled patients,,,,,,,,
continuous,rna_pathway_activity,TGCT,HALLMARK_APOPTOSIS,FALSE,149,FALSE,Broad race,Black or African American,6,,,FALSE,model has fewer than 200 outcome-labelled patients,,,,,,,,
continuous,rna_pathway_activity,TGCT,HALLMARK_APOPTOSIS,FALSE,149,FALSE,Broad race,Missing,21,,,FALSE,model has fewer than 200 outcome-labelled patients,,,,,,,,
continuous,rna_pathway_activity,TGCT,HALLMARK_APOPTOSIS,FALSE,149,FALSE,Broad race,White,118,,,FALSE,model has fewer than 200 outcome-labelled patients,,,,,,,,
continuous,rna_pathway_activity,TGCT,HALLMARK_APOPTOSIS,FALSE,149,FALSE,Recorded sex,MALE,133,,,FALSE,model has fewer than 200 outcome-labelled patients,,,,,,,,
continuous,rna_pathway_activity,TGCT,HALLMARK_APOPTOSIS,FALSE,149,FALSE,Recorded sex,Missing,16,,,FALSE,model has fewer than 200 outcome-labelled patients,,,,,,,,
continuous,rna_pathway_activity,TGCT,HALLMARK_BILE_ACID_METABOLISM,FALSE,149,FALSE,Broad race,Asian,4,,,FALSE,model has fewer than 200 outcome-labelled patients,,,,,,,,
continuous,rna_pathway_activity,TGCT,HALLMARK_BILE_ACID_METABOLISM,FALSE,149,FALSE,Broad race,Black or African American,6,,,FALSE,model has fewer than 200 outcome-labelled patients,,,,,,,,
continuous,rna_pathway_activity,TGCT,HALLMARK_BILE_ACID_METABOLISM,FALSE,149,FALSE,Broad race,Missing,21,,,FALSE,model has fewer than 200 outcome-labelled patients,,,,,,,,
continuous,rna_pathway_activity,TGCT,HALLMARK_BILE_ACID_METABOLISM,FALSE,149,FALSE,Broad race,White,118,,,FALSE,model has fewer than 200 outcome-labelled patients,,,,,,,,
continuous,rna_pathway_activity,TGCT,HALLMARK_BILE_ACID_METABOLISM,FALSE,149,FALSE,Recorded sex,MALE,133,,,FALSE,model has fewer than 200 outcome-labelled patients,,,,,,,,
continuous,rna_pathway_activity,TGCT,HALLMARK_BILE_ACID_METABOLISM,FALSE,149,FALSE,Recorded sex,Missing,16,,,FALSE,model has fewer than 200 outcome-labelled patients,,,,,,,,
continuous,rna_pathway_activity,TGCT,HALLMARK_COAGULATION,FALSE,149,FALSE,Broad race,Asian,4,,,FALSE,model has fewer than 200 outcome-labelled patients,,,,,,,,
continuous,rna_pathway_activity,TGCT,HALLMARK_COAGULATION,FALSE,149,FALSE,Broad race,Black or African American,6,,,FALSE,model has fewer than 200 outcome-labelled patients,,,,,,,,
continuous,rna_pathway_activity,TGCT,HALLMARK_COAGULATION,FALSE,149,FALSE,Broad race,Missing,21,,,FALSE,model has fewer than 200 outcome-labelled patients,,,,,,,,
continuous,rna_pathway_activity,TGCT,HALLMARK_COAGULATION,FALSE,149,FALSE,Broad race,White,118,,,FALSE,model has fewer than 200 outcome-labelled patients,,,,,,,,
continuous,rna_pathway_activity,TGCT,HALLMARK_COAGULATION,FALSE,149,FALSE,Recorded sex,MALE,133,,,FALSE,model has fewer than 200 outcome-labelled patients,,,,,,,,
continuous,rna_pathway_activity,TGCT,HALLMARK_COAGULATION,FALSE,149,FALSE,Recorded sex,Missing,16,,,FALSE,model has fewer than 200 outcome-labelled patients,,,,,,,,
continuous,rna_pathway_activity,TGCT,HALLMARK_COMPLEMENT,FALSE,149,FALSE,Broad race,Asian,4,,,FALSE,model has fewer than 200 outcome-labelled patients,,,,,,,,
continuous,rna_pathway_activity,TGCT,HALLMARK_COMPLEMENT,FALSE,149,FALSE,Broad race,Black or African American,6,,,FALSE,model has fewer than 200 outcome-labelled patients,,,,,,,,
continuous,rna_pathway_activity,TGCT,HALLMARK_COMPLEMENT,FALSE,149,FALSE,Broad race,Missing,21,,,FALSE,model has fewer than 200 outcome-labelled patients,,,,,,,,
continuous,rna_pathway_activity,TGCT,HALLMARK_COMPLEMENT,FALSE,149,FALSE,Broad race,White,118,,,FALSE,model has fewer than 200 outcome-labelled patients,,,,,,,,
continuous,rna_pathway_activity,TGCT,HALLMARK_COMPLEMENT,FALSE,149,FALSE,Recorded sex,MALE,133,,,FALSE,model has fewer than 200 outcome-labelled patients,,,,,,,,
continuous,rna_pathway_activity,TGCT,HALLMARK_COMPLEMENT,FALSE,149,FALSE,Recorded sex,Missing,16,,,FALSE,model has fewer than 200 outcome-labelled patients,,,,,,,,
continuous,rna_pathway_activity,TGCT,HALLMARK_DNA_REPAIR,FALSE,149,FALSE,Broad race,Asian,4,,,FALSE,model has fewer than 200 outcome-labelled patients,,,,,,,,
continuous,rna_pathway_activity,TGCT,HALLMARK_DNA_REPAIR,FALSE,149,FALSE,Broad race,Black or African American,6,,,FALSE,model has fewer than 200 outcome-labelled patients,,,,,,,,
continuous,rna_pathway_activity,TGCT,HALLMARK_DNA_REPAIR,FALSE,149,FALSE,Broad race,Missing,21,,,FALSE,model has fewer than 200 outcome-labelled patients,,,,,,,,
continuous,rna_pathway_activity,TGCT,HALLMARK_DNA_REPAIR,FALSE,149,FALSE,Broad race,White,118,,,FALSE,model has fewer than 200 outcome-labelled patients,,,,,,,,
continuous,rna_pathway_activity,TGCT,HALLMARK_DNA_REPAIR,FALSE,149,FALSE,Recorded sex,MALE,133,,,FALSE,model has fewer than 200 outcome-labelled patients,,,,,,,,
continuous,rna_pathway_activity,TGCT,HALLMARK_DNA_REPAIR,FALSE,149,FALSE,Recorded sex,Missing,16,,,FALSE,model has fewer than 200 outcome-labelled patients,,,,,,,,
continuous,rna_pathway_activity,TGCT,HALLMARK_E2F_TARGETS,FALSE,149,FALSE,Broad race,Asian,4,,,FALSE,model has fewer than 200 outcome-labelled patients,,,,,,,,
continuous,rna_pathway_activity,TGCT,HALLMARK_E2F_TARGETS,FALSE,149,FALSE,Broad race,Black or African American,6,,,FALSE,model has fewer than 200 outcome-labelled patients,,,,,,,,
continuous,rna_pathway_activity,TGCT,HALLMARK_E2F_TARGETS,FALSE,149,FALSE,Broad race,Missing,21,,,FALSE,model has fewer than 200 outcome-labelled patients,,,,,,,,
continuous,rna_pathway_activity,TGCT,HALLMARK_E2F_TARGETS,FALSE,149,FALSE,Broad race,White,118,,,FALSE,model has fewer than 200 outcome-labelled patients,,,,,,,,
continuous,rna_pathway_activity,TGCT,HALLMARK_E2F_TARGETS,FALSE,149,FALSE,Recorded sex,MALE,133,,,FALSE,model has fewer than 200 outcome-labelled patients,,,,,,,,
continuous,rna_pathway_activity,TGCT,HALLMARK_E2F_TARGETS,FALSE,149,FALSE,Recorded sex,Missing,16,,,FALSE,model has fewer than 200 outcome-labelled patients,,,,,,,,
continuous,rna_pathway_activity,TGCT,HALLMARK_FATTY_ACID_METABOLISM,FALSE,149,FALSE,Broad race,Asian,4,,,FALSE,model has fewer than 200 outcome-labelled patients,,,,,,,,
continuous,rna_pathway_activity,TGCT,HALLMARK_FATTY_ACID_METABOLISM,FALSE,149,FALSE,Broad race,Black or African American,6,,,FALSE,model has fewer than 200 outcome-labelled patients,,,,,,,,
continuous,rna_pathway_activity,TGCT,HALLMARK_FATTY_ACID_METABOLISM,FALSE,149,FALSE,Broad race,Missing,21,,,FALSE,model has fewer than 200 outcome-labelled patients,,,,,,,,
continuous,rna_pathway_activity,TGCT,HALLMARK_FATTY_ACID_METABOLISM,FALSE,149,FALSE,Broad race,White,118,,,FALSE,model has fewer than 200 outcome-labelled patients,,,,,,,,
continuous,rna_pathway_activity,TGCT,HALLMARK_FATTY_ACID_METABOLISM,FALSE,149,FALSE,Recorded sex,MALE,133,,,FALSE,model has fewer than 200 outcome-labelled patients,,,,,,,,
continuous,rna_pathway_activity,TGCT,HALLMARK_FATTY_ACID_METABOLISM,FALSE,149,FALSE,Recorded sex,Missing,16,,,FALSE,model has fewer than 200 outcome-labelled patients,,,,,,,,
continuous,rna_pathway_activity,TGCT,HALLMARK_G2M_CHECKPOINT,FALSE,149,FALSE,Broad race,Asian,4,,,FALSE,model has fewer than 200 outcome-labelled patients,,,,,,,,
continuous,rna_pathway_activity,TGCT,HALLMARK_G2M_CHECKPOINT,FALSE,149,FALSE,Broad race,Black or African American,6,,,FALSE,model has fewer than 200 outcome-labelled patients,,,,,,,,
continuous,rna_pathway_activity,TGCT,HALLMARK_G2M_CHECKPOINT,FALSE,149,FALSE,Broad race,Missing,21,,,FALSE,model has fewer than 200 outcome-labelled patients,,,,,,,,
continuous,rna_pathway_activity,TGCT,HALLMARK_G2M_CHECKPOINT,FALSE,149,FALSE,Broad race,White,118,,,FALSE,model has fewer than 200 outcome-labelled patients,,,,,,,,
continuous,rna_pathway_activity,TGCT,HALLMARK_G2M_CHECKPOINT,FALSE,149,FALSE,Recorded sex,MALE,133,,,FALSE,model has fewer than 200 outcome-labelled patients,,,,,,,,
continuous,rna_pathway_activity,TGCT,HALLMARK_G2M_CHECKPOINT,FALSE,149,FALSE,Recorded sex,Missing,16,,,FALSE,model has fewer than 200 outcome-labelled patients,,,,,,,,
continuous,rna_pathway_activity,TGCT,HALLMARK_HEDGEHOG_SIGNALING,FALSE,149,FALSE,Broad race,Asian,4,,,FALSE,model has fewer than 200 outcome-labelled patients,,,,,,,,
continuous,rna_pathway_activity,TGCT,HALLMARK_HEDGEHOG_SIGNALING,FALSE,149,FALSE,Broad race,Black or African American,6,,,FALSE,model has fewer than 200 outcome-labelled patients,,,,,,,,
continuous,rna_pathway_activity,TGCT,HALLMARK_HEDGEHOG_SIGNALING,FALSE,149,FALSE,Broad race,Missing,21,,,FALSE,model has fewer than 200 outcome-labelled patients,,,,,,,,
continuous,rna_pathway_activity,TGCT,HALLMARK_HEDGEHOG_SIGNALING,FALSE,149,FALSE,Broad race,White,118,,,FALSE,model has fewer than 200 outcome-labelled patients,,,,,,,,
continuous,rna_pathway_activity,TGCT,HALLMARK_HEDGEHOG_SIGNALING,FALSE,149,FALSE,Recorded sex,MALE,133,,,FALSE,model has fewer than 200 outcome-labelled patients,,,,,,,,
continuous,rna_pathway_activity,TGCT,HALLMARK_HEDGEHOG_SIGNALING,FALSE,149,FALSE,Recorded sex,Missing,16,,,FALSE,model has fewer than 200 outcome-labelled patients,,,,,,,,
continuous,rna_pathway_activity,TGCT,HALLMARK_HEME_METABOLISM,FALSE,149,FALSE,Broad race,Asian,4,,,FALSE,model has fewer than 200 outcome-labelled patients,,,,,,,,
continuous,rna_pathway_activity,TGCT,HALLMARK_HEME_METABOLISM,FALSE,149,FALSE,Broad race,Black or African American,6,,,FALSE,model has fewer than 200 outcome-labelled patients,,,,,,,,
continuous,rna_pathway_activity,TGCT,HALLMARK_HEME_METABOLISM,FALSE,149,FALSE,Broad race,Missing,21,,,FALSE,model has fewer than 200 outcome-labelled patients,,,,,,,,
continuous,rna_pathway_activity,TGCT,HALLMARK_HEME_METABOLISM,FALSE,149,FALSE,Broad race,White,118,,,FALSE,model has fewer than 200 outcome-labelled patients,,,,,,,,
continuous,rna_pathway_activity,TGCT,HALLMARK_HEME_METABOLISM,FALSE,149,FALSE,Recorded sex,MALE,133,,,FALSE,model has fewer than 200 outcome-labelled patients,,,,,,,,
continuous,rna_pathway_activity,TGCT,HALLMARK_HEME_METABOLISM,FALSE,149,FALSE,Recorded sex,Missing,16,,,FALSE,model has fewer than 200 outcome-labelled patients,,,,,,,,
continuous,rna_pathway_activity,TGCT,HALLMARK_IL2_STAT5_SIGNALING,FALSE,149,FALSE,Broad race,Asian,4,,,FALSE,model has fewer than 200 outcome-labelled patients,,,,,,,,
continuous,rna_pathway_activity,TGCT,HALLMARK_IL2_STAT5_SIGNALING,FALSE,149,FALSE,Broad race,Black or African American,6,,,FALSE,model has fewer than 200 outcome-labelled patients,,,,,,,,
continuous,rna_pathway_activity,TGCT,HALLMARK_IL2_STAT5_SIGNALING,FALSE,149,FALSE,Broad race,Missing,21,,,FALSE,model has fewer than 200 outcome-labelled patients,,,,,,,,
continuous,rna_pathway_activity,TGCT,HALLMARK_IL2_STAT5_SIGNALING,FALSE,149,FALSE,Broad race,White,118,,,FALSE,model has fewer than 200 outcome-labelled patients,,,,,,,,
continuous,rna_pathway_activity,TGCT,HALLMARK_IL2_STAT5_SIGNALING,FALSE,149,FALSE,Recorded sex,MALE,133,,,FALSE,model has fewer than 200 outcome-labelled patients,,,,,,,,
continuous,rna_pathway_activity,TGCT,HALLMARK_IL2_STAT5_SIGNALING,FALSE,149,FALSE,Recorded sex,Missing,16,,,FALSE,model has fewer than 200 outcome-labelled patients,,,,,,,,
continuous,rna_pathway_activity,TGCT,HALLMARK_IL6_JAK_STAT3_SIGNALING,FALSE,149,FALSE,Broad race,Asian,4,,,FALSE,model has fewer than 200 outcome-labelled patients,,,,,,,,
continuous,rna_pathway_activity,TGCT,HALLMARK_IL6_JAK_STAT3_SIGNALING,FALSE,149,FALSE,Broad race,Black or African American,6,,,FALSE,model has fewer than 200 outcome-labelled patients,,,,,,,,
continuous,rna_pathway_activity,TGCT,HALLMARK_IL6_JAK_STAT3_SIGNALING,FALSE,149,FALSE,Broad race,Missing,21,,,FALSE,model has fewer than 200 outcome-labelled patients,,,,,,,,
continuous,rna_pathway_activity,TGCT,HALLMARK_IL6_JAK_STAT3_SIGNALING,FALSE,149,FALSE,Broad race,White,118,,,FALSE,model has fewer than 200 outcome-labelled patients,,,,,,,,
continuous,rna_pathway_activity,TGCT,HALLMARK_IL6_JAK_STAT3_SIGNALING,FALSE,149,FALSE,Recorded sex,MALE,133,,,FALSE,model has fewer than 200 outcome-labelled patients,,,,,,,,
continuous,rna_pathway_activity,TGCT,HALLMARK_IL6_JAK_STAT3_SIGNALING,FALSE,149,FALSE,Recorded sex,Missing,16,,,FALSE,model has fewer than 200 outcome-labelled patients,,,,,,,,
continuous,rna_pathway_activity,TGCT,HALLMARK_INFLAMMATORY_RESPONSE,FALSE,149,FALSE,Broad race,Asian,4,,,FALSE,model has fewer than 200 outcome-labelled patients,,,,,,,,
continuous,rna_pathway_activity,TGCT,HALLMARK_INFLAMMATORY_RESPONSE,FALSE,149,FALSE,Broad race,Black or African American,6,,,FALSE,model has fewer than 200 outcome-labelled patients,,,,,,,,
continuous,rna_pathway_activity,TGCT,HALLMARK_INFLAMMATORY_RESPONSE,FALSE,149,FALSE,Broad race,Missing,21,,,FALSE,model has fewer than 200 outcome-labelled patients,,,,,,,,
continuous,rna_pathway_activity,TGCT,HALLMARK_INFLAMMATORY_RESPONSE,FALSE,149,FALSE,Broad race,White,118,,,FALSE,model has fewer than 200 outcome-labelled patients,,,,,,,,
continuous,rna_pathway_activity,TGCT,HALLMARK_INFLAMMATORY_RESPONSE,FALSE,149,FALSE,Recorded sex,MALE,133,,,FALSE,model has fewer than 200 outcome-labelled patients,,,,,,,,
continuous,rna_pathway_activity,TGCT,HALLMARK_INFLAMMATORY_RESPONSE,FALSE,149,FALSE,Recorded sex,Missing,16,,,FALSE,model has fewer than 200 outcome-labelled patients,,,,,,,,
continuous,rna_pathway_activity,TGCT,HALLMARK_INTERFERON_ALPHA_RESPONSE,FALSE,149,FALSE,Broad race,Asian,4,,,FALSE,model has fewer than 200 outcome-labelled patients,,,,,,,,
continuous,rna_pathway_activity,TGCT,HALLMARK_INTERFERON_ALPHA_RESPONSE,FALSE,149,FALSE,Broad race,Black or African American,6,,,FALSE,model has fewer than 200 outcome-labelled patients,,,,,,,,
continuous,rna_pathway_activity,TGCT,HALLMARK_INTERFERON_ALPHA_RESPONSE,FALSE,149,FALSE,Broad race,Missing,21,,,FALSE,model has fewer than 200 outcome-labelled patients,,,,,,,,
continuous,rna_pathway_activity,TGCT,HALLMARK_INTERFERON_ALPHA_RESPONSE,FALSE,149,FALSE,Broad race,White,118,,,FALSE,model has fewer than 200 outcome-labelled patients,,,,,,,,
continuous,rna_pathway_activity,TGCT,HALLMARK_INTERFERON_ALPHA_RESPONSE,FALSE,149,FALSE,Recorded sex,MALE,133,,,FALSE,model has fewer than 200 outcome-labelled patients,,,,,,,,
continuous,rna_pathway_activity,TGCT,HALLMARK_INTERFERON_ALPHA_RESPONSE,FALSE,149,FALSE,Recorded sex,Missing,16,,,FALSE,model has fewer than 200 outcome-labelled patients,,,,,,,,
continuous,rna_pathway_activity,TGCT,HALLMARK_INTERFERON_GAMMA_RESPONSE,FALSE,149,FALSE,Broad race,Asian,4,,,FALSE,model has fewer than 200 outcome-labelled patients,,,,,,,,
continuous,rna_pathway_activity,TGCT,HALLMARK_INTERFERON_GAMMA_RESPONSE,FALSE,149,FALSE,Broad race,Black or African American,6,,,FALSE,model has fewer than 200 outcome-labelled patients,,,,,,,,
continuous,rna_pathway_activity,TGCT,HALLMARK_INTERFERON_GAMMA_RESPONSE,FALSE,149,FALSE,Broad race,Missing,21,,,FALSE,model has fewer than 200 outcome-labelled patients,,,,,,,,
continuous,rna_pathway_activity,TGCT,HALLMARK_INTERFERON_GAMMA_RESPONSE,FALSE,149,FALSE,Broad race,White,118,,,FALSE,model has fewer than 200 outcome-labelled patients,,,,,,,,
continuous,rna_pathway_activity,TGCT,HALLMARK_INTERFERON_GAMMA_RESPONSE,FALSE,149,FALSE,Recorded sex,MALE,133,,,FALSE,model has fewer than 200 outcome-labelled patients,,,,,,,,
continuous,rna_pathway_activity,TGCT,HALLMARK_INTERFERON_GAMMA_RESPONSE,FALSE,149,FALSE,Recorded sex,Missing,16,,,FALSE,model has fewer than 200 outcome-labelled patients,,,,,,,,
continuous,rna_pathway_activity,TGCT,HALLMARK_KRAS_SIGNALING_DN,FALSE,149,FALSE,Broad race,Asian,4,,,FALSE,model has fewer than 200 outcome-labelled patients,,,,,,,,
continuous,rna_pathway_activity,TGCT,HALLMARK_KRAS_SIGNALING_DN,FALSE,149,FALSE,Broad race,Black or African American,6,,,FALSE,model has fewer than 200 outcome-labelled patients,,,,,,,,
continuous,rna_pathway_activity,TGCT,HALLMARK_KRAS_SIGNALING_DN,FALSE,149,FALSE,Broad race,Missing,21,,,FALSE,model has fewer than 200 outcome-labelled patients,,,,,,,,
continuous,rna_pathway_activity,TGCT,HALLMARK_KRAS_SIGNALING_DN,FALSE,149,FALSE,Broad race,White,118,,,FALSE,model has fewer than 200 outcome-labelled patients,,,,,,,,
continuous,rna_pathway_activity,TGCT,HALLMARK_KRAS_SIGNALING_DN,FALSE,149,FALSE,Recorded sex,MALE,133,,,FALSE,model has fewer than 200 outcome-labelled patients,,,,,,,,
continuous,rna_pathway_activity,TGCT,HALLMARK_KRAS_SIGNALING_DN,FALSE,149,FALSE,Recorded sex,Missing,16,,,FALSE,model has fewer than 200 outcome-labelled patients,,,,,,,,
continuous,rna_pathway_activity,TGCT,HALLMARK_KRAS_SIGNALING_UP,FALSE,149,FALSE,Broad race,Asian,4,,,FALSE,model has fewer than 200 outcome-labelled patients,,,,,,,,
continuous,rna_pathway_activity,TGCT,HALLMARK_KRAS_SIGNALING_UP,FALSE,149,FALSE,Broad race,Black or African American,6,,,FALSE,model has fewer than 200 outcome-labelled patients,,,,,,,,
continuous,rna_pathway_activity,TGCT,HALLMARK_KRAS_SIGNALING_UP,FALSE,149,FALSE,Broad race,Missing,21,,,FALSE,model has fewer than 200 outcome-labelled patients,,,,,,,,
continuous,rna_pathway_activity,TGCT,HALLMARK_KRAS_SIGNALING_UP,FALSE,149,FALSE,Broad race,White,118,,,FALSE,model has fewer than 200 outcome-labelled patients,,,,,,,,
continuous,rna_pathway_activity,TGCT,HALLMARK_KRAS_SIGNALING_UP,FALSE,149,FALSE,Recorded sex,MALE,133,,,FALSE,model has fewer than 200 outcome-labelled patients,,,,,,,,
continuous,rna_pathway_activity,TGCT,HALLMARK_KRAS_SIGNALING_UP,FALSE,149,FALSE,Recorded sex,Missing,16,,,FALSE,model has fewer than 200 outcome-labelled patients,,,,,,,,
continuous,rna_pathway_activity,TGCT,HALLMARK_MTORC1_SIGNALING,FALSE,149,FALSE,Broad race,Asian,4,,,FALSE,model has fewer than 200 outcome-labelled patients,,,,,,,,
continuous,rna_pathway_activity,TGCT,HALLMARK_MTORC1_SIGNALING,FALSE,149,FALSE,Broad race,Black or African American,6,,,FALSE,model has fewer than 200 outcome-labelled patients,,,,,,,,
continuous,rna_pathway_activity,TGCT,HALLMARK_MTORC1_SIGNALING,FALSE,149,FALSE,Broad race,Missing,21,,,FALSE,model has fewer than 200 outcome-labelled patients,,,,,,,,
continuous,rna_pathway_activity,TGCT,HALLMARK_MTORC1_SIGNALING,FALSE,149,FALSE,Broad race,White,118,,,FALSE,model has fewer than 200 outcome-labelled patients,,,,,,,,
continuous,rna_pathway_activity,TGCT,HALLMARK_MTORC1_SIGNALING,FALSE,149,FALSE,Recorded sex,MALE,133,,,FALSE,model has fewer than 200 outcome-labelled patients,,,,,,,,
continuous,rna_pathway_activity,TGCT,HALLMARK_MTORC1_SIGNALING,FALSE,149,FALSE,Recorded sex,Missing,16,,,FALSE,model has fewer than 200 outcome-labelled patients,,,,,,,,
continuous,rna_pathway_activity,TGCT,HALLMARK_MYC_TARGETS_V1,FALSE,149,FALSE,Broad race,Asian,4,,,FALSE,model has fewer than 200 outcome-labelled patients,,,,,,,,
continuous,rna_pathway_activity,TGCT,HALLMARK_MYC_TARGETS_V1,FALSE,149,FALSE,Broad race,Black or African American,6,,,FALSE,model has fewer than 200 outcome-labelled patients,,,,,,,,
continuous,rna_pathway_activity,TGCT,HALLMARK_MYC_TARGETS_V1,FALSE,149,FALSE,Broad race,Missing,21,,,FALSE,model has fewer than 200 outcome-labelled patients,,,,,,,,
continuous,rna_pathway_activity,TGCT,HALLMARK_MYC_TARGETS_V1,FALSE,149,FALSE,Broad race,White,118,,,FALSE,model has fewer than 200 outcome-labelled patients,,,,,,,,
continuous,rna_pathway_activity,TGCT,HALLMARK_MYC_TARGETS_V1,FALSE,149,FALSE,Recorded sex,MALE,133,,,FALSE,model has fewer than 200 outcome-labelled patients,,,,,,,,
continuous,rna_pathway_activity,TGCT,HALLMARK_MYC_TARGETS_V1,FALSE,149,FALSE,Recorded sex,Missing,16,,,FALSE,model has fewer than 200 outcome-labelled patients,,,,,,,,
continuous,rna_pathway_activity,TGCT,HALLMARK_MYC_TARGETS_V2,FALSE,149,FALSE,Broad race,Asian,4,,,FALSE,model has fewer than 200 outcome-labelled patients,,,,,,,,
continuous,rna_pathway_activity,TGCT,HALLMARK_MYC_TARGETS_V2,FALSE,149,FALSE,Broad race,Black or African American,6,,,FALSE,model has fewer than 200 outcome-labelled patients,,,,,,,,
continuous,rna_pathway_activity,TGCT,HALLMARK_MYC_TARGETS_V2,FALSE,149,FALSE,Broad race,Missing,21,,,FALSE,model has fewer than 200 outcome-labelled patients,,,,,,,,
continuous,rna_pathway_activity,TGCT,HALLMARK_MYC_TARGETS_V2,FALSE,149,FALSE,Broad race,White,118,,,FALSE,model has fewer than 200 outcome-labelled patients,,,,,,,,
continuous,rna_pathway_activity,TGCT,HALLMARK_MYC_TARGETS_V2,FALSE,149,FALSE,Recorded sex,MALE,133,,,FALSE,model has fewer than 200 outcome-labelled patients,,,,,,,,
continuous,rna_pathway_activity,TGCT,HALLMARK_MYC_TARGETS_V2,FALSE,149,FALSE,Recorded sex,Missing,16,,,FALSE,model has fewer than 200 outcome-labelled patients,,,,,,,,
continuous,rna_pathway_activity,TGCT,HALLMARK_OXIDATIVE_PHOSPHORYLATION,FALSE,149,FALSE,Broad race,Asian,4,,,FALSE,model has fewer than 200 outcome-labelled patients,,,,,,,,
continuous,rna_pathway_activity,TGCT,HALLMARK_OXIDATIVE_PHOSPHORYLATION,FALSE,149,FALSE,Broad race,Black or African American,6,,,FALSE,model has fewer than 200 outcome-labelled patients,,,,,,,,
continuous,rna_pathway_activity,TGCT,HALLMARK_OXIDATIVE_PHOSPHORYLATION,FALSE,149,FALSE,Broad race,Missing,21,,,FALSE,model has fewer than 200 outcome-labelled patients,,,,,,,,
continuous,rna_pathway_activity,TGCT,HALLMARK_OXIDATIVE_PHOSPHORYLATION,FALSE,149,FALSE,Broad race,White,118,,,FALSE,model has fewer than 200 outcome-labelled patients,,,,,,,,
continuous,rna_pathway_activity,TGCT,HALLMARK_OXIDATIVE_PHOSPHORYLATION,FALSE,149,FALSE,Recorded sex,MALE,133,,,FALSE,model has fewer than 200 outcome-labelled patients,,,,,,,,
continuous,rna_pathway_activity,TGCT,HALLMARK_OXIDATIVE_PHOSPHORYLATION,FALSE,149,FALSE,Recorded sex,Missing,16,,,FALSE,model has fewer than 200 outcome-labelled patients,,,,,,,,
continuous,rna_pathway_activity,TGCT,HALLMARK_P53_PATHWAY,FALSE,149,FALSE,Broad race,Asian,4,,,FALSE,model has fewer than 200 outcome-labelled patients,,,,,,,,
continuous,rna_pathway_activity,TGCT,HALLMARK_P53_PATHWAY,FALSE,149,FALSE,Broad race,Black or African American,6,,,FALSE,model has fewer than 200 outcome-labelled patients,,,,,,,,
continuous,rna_pathway_activity,TGCT,HALLMARK_P53_PATHWAY,FALSE,149,FALSE,Broad race,Missing,21,,,FALSE,model has fewer than 200 outcome-labelled patients,,,,,,,,
continuous,rna_pathway_activity,TGCT,HALLMARK_P53_PATHWAY,FALSE,149,FALSE,Broad race,White,118,,,FALSE,model has fewer than 200 outcome-labelled patients,,,,,,,,
continuous,rna_pathway_activity,TGCT,HALLMARK_P53_PATHWAY,FALSE,149,FALSE,Recorded sex,MALE,133,,,FALSE,model has fewer than 200 outcome-labelled patients,,,,,,,,
continuous,rna_pathway_activity,TGCT,HALLMARK_P53_PATHWAY,FALSE,149,FALSE,Recorded sex,Missing,16,,,FALSE,model has fewer than 200 outcome-labelled patients,,,,,,,,
continuous,rna_pathway_activity,TGCT,HALLMARK_PANCREAS_BETA_CELLS,FALSE,149,FALSE,Broad race,Asian,4,,,FALSE,model has fewer than 200 outcome-labelled patients,,,,,,,,
continuous,rna_pathway_activity,TGCT,HALLMARK_PANCREAS_BETA_CELLS,FALSE,149,FALSE,Broad race,Black or African American,6,,,FALSE,model has fewer than 200 outcome-labelled patients,,,,,,,,
continuous,rna_pathway_activity,TGCT,HALLMARK_PANCREAS_BETA_CELLS,FALSE,149,FALSE,Broad race,Missing,21,,,FALSE,model has fewer than 200 outcome-labelled patients,,,,,,,,
continuous,rna_pathway_activity,TGCT,HALLMARK_PANCREAS_BETA_CELLS,FALSE,149,FALSE,Broad race,White,118,,,FALSE,model has fewer than 200 outcome-labelled patients,,,,,,,,
continuous,rna_pathway_activity,TGCT,HALLMARK_PANCREAS_BETA_CELLS,FALSE,149,FALSE,Recorded sex,MALE,133,,,FALSE,model has fewer than 200 outcome-labelled patients,,,,,,,,
continuous,rna_pathway_activity,TGCT,HALLMARK_PANCREAS_BETA_CELLS,FALSE,149,FALSE,Recorded sex,Missing,16,,,FALSE,model has fewer than 200 outcome-labelled patients,,,,,,,,
continuous,rna_pathway_activity,TGCT,HALLMARK_PEROXISOME,FALSE,149,FALSE,Broad race,Asian,4,,,FALSE,model has fewer than 200 outcome-labelled patients,,,,,,,,
continuous,rna_pathway_activity,TGCT,HALLMARK_PEROXISOME,FALSE,149,FALSE,Broad race,Black or African American,6,,,FALSE,model has fewer than 200 outcome-labelled patients,,,,,,,,
continuous,rna_pathway_activity,TGCT,HALLMARK_PEROXISOME,FALSE,149,FALSE,Broad race,Missing,21,,,FALSE,model has fewer than 200 outcome-labelled patients,,,,,,,,
continuous,rna_pathway_activity,TGCT,HALLMARK_PEROXISOME,FALSE,149,FALSE,Broad race,White,118,,,FALSE,model has fewer than 200 outcome-labelled patients,,,,,,,,
continuous,rna_pathway_activity,TGCT,HALLMARK_PEROXISOME,FALSE,149,FALSE,Recorded sex,MALE,133,,,FALSE,model has fewer than 200 outcome-labelled patients,,,,,,,,
continuous,rna_pathway_activity,TGCT,HALLMARK_PEROXISOME,FALSE,149,FALSE,Recorded sex,Missing,16,,,FALSE,model has fewer than 200 outcome-labelled patients,,,,,,,,
continuous,rna_pathway_activity,TGCT,HALLMARK_PI3K_AKT_MTOR_SIGNALING,FALSE,149,FALSE,Broad race,Asian,4,,,FALSE,model has fewer than 200 outcome-labelled patients,,,,,,,,
continuous,rna_pathway_activity,TGCT,HALLMARK_PI3K_AKT_MTOR_SIGNALING,FALSE,149,FALSE,Broad race,Black or African American,6,,,FALSE,model has fewer than 200 outcome-labelled patients,,,,,,,,
continuous,rna_pathway_activity,TGCT,HALLMARK_PI3K_AKT_MTOR_SIGNALING,FALSE,149,FALSE,Broad race,Missing,21,,,FALSE,model has fewer than 200 outcome-labelled patients,,,,,,,,
continuous,rna_pathway_activity,TGCT,HALLMARK_PI3K_AKT_MTOR_SIGNALING,FALSE,149,FALSE,Broad race,White,118,,,FALSE,model has fewer than 200 outcome-labelled patients,,,,,,,,
continuous,rna_pathway_activity,TGCT,HALLMARK_PI3K_AKT_MTOR_SIGNALING,FALSE,149,FALSE,Recorded sex,MALE,133,,,FALSE,model has fewer than 200 outcome-labelled patients,,,,,,,,
continuous,rna_pathway_activity,TGCT,HALLMARK_PI3K_AKT_MTOR_SIGNALING,FALSE,149,FALSE,Recorded sex,Missing,16,,,FALSE,model has fewer than 200 outcome-labelled patients,,,,,,,,
continuous,rna_pathway_activity,TGCT,HALLMARK_REACTIVE_OXYGEN_SPECIES_PATHWAY,FALSE,149,FALSE,Broad race,Asian,4,,,FALSE,model has fewer than 200 outcome-labelled patients,,,,,,,,
continuous,rna_pathway_activity,TGCT,HALLMARK_REACTIVE_OXYGEN_SPECIES_PATHWAY,FALSE,149,FALSE,Broad race,Black or African American,6,,,FALSE,model has fewer than 200 outcome-labelled patients,,,,,,,,
continuous,rna_pathway_activity,TGCT,HALLMARK_REACTIVE_OXYGEN_SPECIES_PATHWAY,FALSE,149,FALSE,Broad race,Missing,21,,,FALSE,model has fewer than 200 outcome-labelled patients,,,,,,,,
continuous,rna_pathway_activity,TGCT,HALLMARK_REACTIVE_OXYGEN_SPECIES_PATHWAY,FALSE,149,FALSE,Broad race,White,118,,,FALSE,model has fewer than 200 outcome-labelled patients,,,,,,,,
continuous,rna_pathway_activity,TGCT,HALLMARK_REACTIVE_OXYGEN_SPECIES_PATHWAY,FALSE,149,FALSE,Recorded sex,MALE,133,,,FALSE,model has fewer than 200 outcome-labelled patients,,,,,,,,
continuous,rna_pathway_activity,TGCT,HALLMARK_REACTIVE_OXYGEN_SPECIES_PATHWAY,FALSE,149,FALSE,Recorded sex,Missing,16,,,FALSE,model has fewer than 200 outcome-labelled patients,,,,,,,,
continuous,rna_pathway_activity,TGCT,HALLMARK_SPERMATOGENESIS,FALSE,149,FALSE,Broad race,Asian,4,,,FALSE,model has fewer than 200 outcome-labelled patients,,,,,,,,
continuous,rna_pathway_activity,TGCT,HALLMARK_SPERMATOGENESIS,FALSE,149,FALSE,Broad race,Black or African American,6,,,FALSE,model has fewer than 200 outcome-labelled patients,,,,,,,,
continuous,rna_pathway_activity,TGCT,HALLMARK_SPERMATOGENESIS,FALSE,149,FALSE,Broad race,Missing,21,,,FALSE,model has fewer than 200 outcome-labelled patients,,,,,,,,
continuous,rna_pathway_activity,TGCT,HALLMARK_SPERMATOGENESIS,FALSE,149,FALSE,Broad race,White,118,,,FALSE,model has fewer than 200 outcome-labelled patients,,,,,,,,
continuous,rna_pathway_activity,TGCT,HALLMARK_SPERMATOGENESIS,FALSE,149,FALSE,Recorded sex,MALE,133,,,FALSE,model has fewer than 200 outcome-labelled patients,,,,,,,,
continuous,rna_pathway_activity,TGCT,HALLMARK_SPERMATOGENESIS,FALSE,149,FALSE,Recorded sex,Missing,16,,,FALSE,model has fewer than 200 outcome-labelled patients,,,,,,,,
continuous,rna_pathway_activity,TGCT,HALLMARK_TGF_BETA_SIGNALING,FALSE,149,FALSE,Broad race,Asian,4,,,FALSE,model has fewer than 200 outcome-labelled patients,,,,,,,,
continuous,rna_pathway_activity,TGCT,HALLMARK_TGF_BETA_SIGNALING,FALSE,149,FALSE,Broad race,Black or African American,6,,,FALSE,model has fewer than 200 outcome-labelled patients,,,,,,,,
continuous,rna_pathway_activity,TGCT,HALLMARK_TGF_BETA_SIGNALING,FALSE,149,FALSE,Broad race,Missing,21,,,FALSE,model has fewer than 200 outcome-labelled patients,,,,,,,,
continuous,rna_pathway_activity,TGCT,HALLMARK_TGF_BETA_SIGNALING,FALSE,149,FALSE,Broad race,White,118,,,FALSE,model has fewer than 200 outcome-labelled patients,,,,,,,,
continuous,rna_pathway_activity,TGCT,HALLMARK_TGF_BETA_SIGNALING,FALSE,149,FALSE,Recorded sex,MALE,133,,,FALSE,model has fewer than 200 outcome-labelled patients,,,,,,,,
continuous,rna_pathway_activity,TGCT,HALLMARK_TGF_BETA_SIGNALING,FALSE,149,FALSE,Recorded sex,Missing,16,,,FALSE,model has fewer than 200 outcome-labelled patients,,,,,,,,
continuous,rna_pathway_activity,TGCT,HALLMARK_TNFA_SIGNALING_VIA_NFKB,FALSE,149,FALSE,Broad race,Asian,4,,,FALSE,model has fewer than 200 outcome-labelled patients,,,,,,,,
continuous,rna_pathway_activity,TGCT,HALLMARK_TNFA_SIGNALING_VIA_NFKB,FALSE,149,FALSE,Broad race,Black or African American,6,,,FALSE,model has fewer than 200 outcome-labelled patients,,,,,,,,
continuous,rna_pathway_activity,TGCT,HALLMARK_TNFA_SIGNALING_VIA_NFKB,FALSE,149,FALSE,Broad race,Missing,21,,,FALSE,model has fewer than 200 outcome-labelled patients,,,,,,,,
continuous,rna_pathway_activity,TGCT,HALLMARK_TNFA_SIGNALING_VIA_NFKB,FALSE,149,FALSE,Broad race,White,118,,,FALSE,model has fewer than 200 outcome-labelled patients,,,,,,,,
continuous,rna_pathway_activity,TGCT,HALLMARK_TNFA_SIGNALING_VIA_NFKB,FALSE,149,FALSE,Recorded sex,MALE,133,,,FALSE,model has fewer than 200 outcome-labelled patients,,,,,,,,
continuous,rna_pathway_activity,TGCT,HALLMARK_TNFA_SIGNALING_VIA_NFKB,FALSE,149,FALSE,Recorded sex,Missing,16,,,FALSE,model has fewer than 200 outcome-labelled patients,,,,,,,,
continuous,rna_pathway_activity,TGCT,HALLMARK_UNFOLDED_PROTEIN_RESPONSE,FALSE,149,FALSE,Broad race,Asian,4,,,FALSE,model has fewer than 200 outcome-labelled patients,,,,,,,,
continuous,rna_pathway_activity,TGCT,HALLMARK_UNFOLDED_PROTEIN_RESPONSE,FALSE,149,FALSE,Broad race,Black or African American,6,,,FALSE,model has fewer than 200 outcome-labelled patients,,,,,,,,
continuous,rna_pathway_activity,TGCT,HALLMARK_UNFOLDED_PROTEIN_RESPONSE,FALSE,149,FALSE,Broad race,Missing,21,,,FALSE,model has fewer than 200 outcome-labelled patients,,,,,,,,
continuous,rna_pathway_activity,TGCT,HALLMARK_UNFOLDED_PROTEIN_RESPONSE,FALSE,149,FALSE,Broad race,White,118,,,FALSE,model has fewer than 200 outcome-labelled patients,,,,,,,,
continuous,rna_pathway_activity,TGCT,HALLMARK_UNFOLDED_PROTEIN_RESPONSE,FALSE,149,FALSE,Recorded sex,MALE,133,,,FALSE,model has fewer than 200 outcome-labelled patients,,,,,,,,
continuous,rna_pathway_activity,TGCT,HALLMARK_UNFOLDED_PROTEIN_RESPONSE,FALSE,149,FALSE,Recorded sex,Missing,16,,,FALSE,model has fewer than 200 outcome-labelled patients,,,,,,,,
continuous,rna_pathway_activity,TGCT,HALLMARK_UV_RESPONSE_DN,FALSE,149,FALSE,Broad race,Asian,4,,,FALSE,model has fewer than 200 outcome-labelled patients,,,,,,,,
continuous,rna_pathway_activity,TGCT,HALLMARK_UV_RESPONSE_DN,FALSE,149,FALSE,Broad race,Black or African American,6,,,FALSE,model has fewer than 200 outcome-labelled patients,,,,,,,,
continuous,rna_pathway_activity,TGCT,HALLMARK_UV_RESPONSE_DN,FALSE,149,FALSE,Broad race,Missing,21,,,FALSE,model has fewer than 200 outcome-labelled patients,,,,,,,,
continuous,rna_pathway_activity,TGCT,HALLMARK_UV_RESPONSE_DN,FALSE,149,FALSE,Broad race,White,118,,,FALSE,model has fewer than 200 outcome-labelled patients,,,,,,,,
continuous,rna_pathway_activity,TGCT,HALLMARK_UV_RESPONSE_DN,FALSE,149,FALSE,Recorded sex,MALE,133,,,FALSE,model has fewer than 200 outcome-labelled patients,,,,,,,,
continuous,rna_pathway_activity,TGCT,HALLMARK_UV_RESPONSE_DN,FALSE,149,FALSE,Recorded sex,Missing,16,,,FALSE,model has fewer than 200 outcome-labelled patients,,,,,,,,
continuous,rna_pathway_activity,TGCT,HALLMARK_UV_RESPONSE_UP,FALSE,149,FALSE,Broad race,Asian,4,,,FALSE,model has fewer than 200 outcome-labelled patients,,,,,,,,
continuous,rna_pathway_activity,TGCT,HALLMARK_UV_RESPONSE_UP,FALSE,149,FALSE,Broad race,Black or African American,6,,,FALSE,model has fewer than 200 outcome-labelled patients,,,,,,,,
continuous,rna_pathway_activity,TGCT,HALLMARK_UV_RESPONSE_UP,FALSE,149,FALSE,Broad race,Missing,21,,,FALSE,model has fewer than 200 outcome-labelled patients,,,,,,,,
continuous,rna_pathway_activity,TGCT,HALLMARK_UV_RESPONSE_UP,FALSE,149,FALSE,Broad race,White,118,,,FALSE,model has fewer than 200 outcome-labelled patients,,,,,,,,
continuous,rna_pathway_activity,TGCT,HALLMARK_UV_RESPONSE_UP,FALSE,149,FALSE,Recorded sex,MALE,133,,,FALSE,model has fewer than 200 outcome-labelled patients,,,,,,,,
continuous,rna_pathway_activity,TGCT,HALLMARK_UV_RESPONSE_UP,FALSE,149,FALSE,Recorded sex,Missing,16,,,FALSE,model has fewer than 200 outcome-labelled patients,,,,,,,,
continuous,rna_pathway_activity,TGCT,HALLMARK_WNT_BETA_CATENIN_SIGNALING,FALSE,149,FALSE,Broad race,Asian,4,,,FALSE,model has fewer than 200 outcome-labelled patients,,,,,,,,
continuous,rna_pathway_activity,TGCT,HALLMARK_WNT_BETA_CATENIN_SIGNALING,FALSE,149,FALSE,Broad race,Black or African American,6,,,FALSE,model has fewer than 200 outcome-labelled patients,,,,,,,,
continuous,rna_pathway_activity,TGCT,HALLMARK_WNT_BETA_CATENIN_SIGNALING,FALSE,149,FALSE,Broad race,Missing,21,,,FALSE,model has fewer than 200 outcome-labelled patients,,,,,,,,
continuous,rna_pathway_activity,TGCT,HALLMARK_WNT_BETA_CATENIN_SIGNALING,FALSE,149,FALSE,Broad race,White,118,,,FALSE,model has fewer than 200 outcome-labelled patients,,,,,,,,
continuous,rna_pathway_activity,TGCT,HALLMARK_WNT_BETA_CATENIN_SIGNALING,FALSE,149,FALSE,Recorded sex,MALE,133,,,FALSE,model has fewer than 200 outcome-labelled patients,,,,,,,,
continuous,rna_pathway_activity,TGCT,HALLMARK_WNT_BETA_CATENIN_SIGNALING,FALSE,149,FALSE,Recorded sex,Missing,16,,,FALSE,model has fewer than 200 outcome-labelled patients,,,,,,,,
continuous,rna_pathway_activity,TGCT,HALLMARK_XENOBIOTIC_METABOLISM,FALSE,149,FALSE,Broad race,Asian,4,,,FALSE,model has fewer than 200 outcome-labelled patients,,,,,,,,
continuous,rna_pathway_activity,TGCT,HALLMARK_XENOBIOTIC_METABOLISM,FALSE,149,FALSE,Broad race,Black or African American,6,,,FALSE,model has fewer than 200 outcome-labelled patients,,,,,,,,
continuous,rna_pathway_activity,TGCT,HALLMARK_XENOBIOTIC_METABOLISM,FALSE,149,FALSE,Broad race,Missing,21,,,FALSE,model has fewer than 200 outcome-labelled patients,,,,,,,,
continuous,rna_pathway_activity,TGCT,HALLMARK_XENOBIOTIC_METABOLISM,FALSE,149,FALSE,Broad race,White,118,,,FALSE,model has fewer than 200 outcome-labelled patients,,,,,,,,
continuous,rna_pathway_activity,TGCT,HALLMARK_XENOBIOTIC_METABOLISM,FALSE,149,FALSE,Recorded sex,MALE,133,,,FALSE,model has fewer than 200 outcome-labelled patients,,,,,,,,
continuous,rna_pathway_activity,TGCT,HALLMARK_XENOBIOTIC_METABOLISM,FALSE,149,FALSE,Recorded sex,Missing,16,,,FALSE,model has fewer than 200 outcome-labelled patients,,,,,,,,
continuous,rna_pathway_activity,TGCT,REACTOME_GLUTATHIONE_SYNTHESIS_AND_RECYCLING,FALSE,149,FALSE,Broad race,Asian,4,,,FALSE,model has fewer than 200 outcome-labelled patients,,,,,,,,
continuous,rna_pathway_activity,TGCT,REACTOME_GLUTATHIONE_SYNTHESIS_AND_RECYCLING,FALSE,149,FALSE,Broad race,Black or African American,6,,,FALSE,model has fewer than 200 outcome-labelled patients,,,,,,,,
continuous,rna_pathway_activity,TGCT,REACTOME_GLUTATHIONE_SYNTHESIS_AND_RECYCLING,FALSE,149,FALSE,Broad race,Missing,21,,,FALSE,model has fewer than 200 outcome-labelled patients,,,,,,,,
continuous,rna_pathway_activity,TGCT,REACTOME_GLUTATHIONE_SYNTHESIS_AND_RECYCLING,FALSE,149,FALSE,Broad race,White,118,,,FALSE,model has fewer than 200 outcome-labelled patients,,,,,,,,
continuous,rna_pathway_activity,TGCT,REACTOME_GLUTATHIONE_SYNTHESIS_AND_RECYCLING,FALSE,149,FALSE,Recorded sex,MALE,133,,,FALSE,model has fewer than 200 outcome-labelled patients,,,,,,,,
continuous,rna_pathway_activity,TGCT,REACTOME_GLUTATHIONE_SYNTHESIS_AND_RECYCLING,FALSE,149,FALSE,Recorded sex,Missing,16,,,FALSE,model has fewer than 200 outcome-labelled patients,,,,,,,,
continuous,rna_pathway_activity,THCA,GOBP_VITAMIN_B6_METABOLIC_PROCESS,FALSE,503,TRUE,Broad race,Asian,51,,,TRUE,performance estimated,0.0601789505074549,0.479544613286399,0.210262443438914,,,,,
continuous,rna_pathway_activity,THCA,GOBP_VITAMIN_B6_METABOLIC_PROCESS,FALSE,503,TRUE,Broad race,Black or African American,27,,,FALSE,fewer than 50 subgroup patients,,,,,,,,
continuous,rna_pathway_activity,THCA,GOBP_VITAMIN_B6_METABOLIC_PROCESS,FALSE,503,TRUE,Broad race,Missing,92,,,FALSE,demographic field missing,,,,,,,,
continuous,rna_pathway_activity,THCA,GOBP_VITAMIN_B6_METABOLIC_PROCESS,FALSE,503,TRUE,Broad race,Other recorded race,1,,,FALSE,fewer than 50 subgroup patients,,,,,,,,
continuous,rna_pathway_activity,THCA,GOBP_VITAMIN_B6_METABOLIC_PROCESS,FALSE,503,TRUE,Broad race,White,332,,,TRUE,performance estimated,0.108357418535233,0.513710303159039,0.365111364048502,,,,,
continuous,rna_pathway_activity,THCA,GOBP_VITAMIN_B6_METABOLIC_PROCESS,FALSE,503,TRUE,Recorded sex,FEMALE,367,,,TRUE,performance estimated,0.203835757737043,0.502012883516978,0.393191361057757,,,,,
continuous,rna_pathway_activity,THCA,GOBP_VITAMIN_B6_METABOLIC_PROCESS,FALSE,503,TRUE,Recorded sex,MALE,136,,,TRUE,performance estimated,0.135442852807538,0.521020254541872,0.405578932302848,,,,,
continuous,rna_pathway_activity,THCA,HALLMARK_ADIPOGENESIS,FALSE,503,TRUE,Broad race,Asian,51,,,TRUE,performance estimated,0.430342196181062,0.154949862982137,0.38979185520362,,,,,
continuous,rna_pathway_activity,THCA,HALLMARK_ADIPOGENESIS,FALSE,503,TRUE,Broad race,Black or African American,27,,,FALSE,fewer than 50 subgroup patients,,,,,,,,
continuous,rna_pathway_activity,THCA,HALLMARK_ADIPOGENESIS,FALSE,503,TRUE,Broad race,Missing,92,,,FALSE,demographic field missing,,,,,,,,
continuous,rna_pathway_activity,THCA,HALLMARK_ADIPOGENESIS,FALSE,503,TRUE,Broad race,Other recorded race,1,,,FALSE,fewer than 50 subgroup patients,,,,,,,,
continuous,rna_pathway_activity,THCA,HALLMARK_ADIPOGENESIS,FALSE,503,TRUE,Broad race,White,332,,,TRUE,performance estimated,0.236031319258404,0.196800343752948,0.427353899963371,,,,,
continuous,rna_pathway_activity,THCA,HALLMARK_ADIPOGENESIS,FALSE,503,TRUE,Recorded sex,FEMALE,367,,,TRUE,performance estimated,0.37960834948733,0.187728463241291,0.470282685409428,,,,,
continuous,rna_pathway_activity,THCA,HALLMARK_ADIPOGENESIS,FALSE,503,TRUE,Recorded sex,MALE,136,,,TRUE,performance estimated,0.350933324214857,0.215882597091734,0.524237393254139,,,,,
continuous,rna_pathway_activity,THCA,HALLMARK_ALLOGRAFT_REJECTION,FALSE,503,TRUE,Broad race,Asian,51,,,TRUE,performance estimated,0.531041674903367,0.292038670360398,0.661828054298643,,,,,
continuous,rna_pathway_activity,THCA,HALLMARK_ALLOGRAFT_REJECTION,FALSE,503,TRUE,Broad race,Black or African American,27,,,FALSE,fewer than 50 subgroup patients,,,,,,,,
continuous,rna_pathway_activity,THCA,HALLMARK_ALLOGRAFT_REJECTION,FALSE,503,TRUE,Broad race,Missing,92,,,FALSE,demographic field missing,,,,,,,,
continuous,rna_pathway_activity,THCA,HALLMARK_ALLOGRAFT_REJECTION,FALSE,503,TRUE,Broad race,Other recorded race,1,,,FALSE,fewer than 50 subgroup patients,,,,,,,,
continuous,rna_pathway_activity,THCA,HALLMARK_ALLOGRAFT_REJECTION,FALSE,503,TRUE,Broad race,White,332,,,TRUE,performance estimated,0.576435252975118,0.348005738160197,0.761285429133862,,,,,
continuous,rna_pathway_activity,THCA,HALLMARK_ALLOGRAFT_REJECTION,FALSE,503,TRUE,Recorded sex,FEMALE,367,,,TRUE,performance estimated,0.646756246327992,0.315508263106521,0.79019258070969,,,,,
continuous,rna_pathway_activity,THCA,HALLMARK_ALLOGRAFT_REJECTION,FALSE,503,TRUE,Recorded sex,MALE,136,,,TRUE,performance estimated,0.444880273824931,0.415399062273528,0.685043652497495,,,,,
continuous,rna_pathway_activity,THCA,HALLMARK_ANGIOGENESIS,FALSE,503,TRUE,Broad race,Asian,51,,,TRUE,performance estimated,0.253199862132801,0.319286981121889,0.488144796380091,,,,,
continuous,rna_pathway_activity,THCA,HALLMARK_ANGIOGENESIS,FALSE,503,TRUE,Broad race,Black or African American,27,,,FALSE,fewer than 50 subgroup patients,,,,,,,,
continuous,rna_pathway_activity,THCA,HALLMARK_ANGIOGENESIS,FALSE,503,TRUE,Broad race,Missing,92,,,FALSE,demographic field missing,,,,,,,,
continuous,rna_pathway_activity,THCA,HALLMARK_ANGIOGENESIS,FALSE,503,TRUE,Broad race,Other recorded race,1,,,FALSE,fewer than 50 subgroup patients,,,,,,,,
continuous,rna_pathway_activity,THCA,HALLMARK_ANGIOGENESIS,FALSE,503,TRUE,Broad race,White,332,,,TRUE,performance estimated,0.277712632621743,0.31702938063182,0.514663799314183,,,,,
continuous,rna_pathway_activity,THCA,HALLMARK_ANGIOGENESIS,FALSE,503,TRUE,Recorded sex,FEMALE,367,,,TRUE,performance estimated,0.282107978358137,0.307388977217914,0.526000386482062,,,,,
continuous,rna_pathway_activity,THCA,HALLMARK_ANGIOGENESIS,FALSE,503,TRUE,Recorded sex,MALE,136,,,TRUE,performance estimated,0.266165432297672,0.349616939621265,0.513840942703115,,,,,
continuous,rna_pathway_activity,THCA,HALLMARK_APICAL_JUNCTION,FALSE,503,TRUE,Broad race,Asian,51,,,TRUE,performance estimated,0.318547304677307,0.191258118616762,0.448995475113122,,,,,
continuous,rna_pathway_activity,THCA,HALLMARK_APICAL_JUNCTION,FALSE,503,TRUE,Broad race,Black or African American,27,,,FALSE,fewer than 50 subgroup patients,,,,,,,,
continuous,rna_pathway_activity,THCA,HALLMARK_APICAL_JUNCTION,FALSE,503,TRUE,Broad race,Missing,92,,,FALSE,demographic field missing,,,,,,,,
continuous,rna_pathway_activity,THCA,HALLMARK_APICAL_JUNCTION,FALSE,503,TRUE,Broad race,Other recorded race,1,,,FALSE,fewer than 50 subgroup patients,,,,,,,,
continuous,rna_pathway_activity,THCA,HALLMARK_APICAL_JUNCTION,FALSE,503,TRUE,Broad race,White,332,,,TRUE,performance estimated,0.384122985457902,0.206681555445151,0.578744864327072,,,,,
continuous,rna_pathway_activity,THCA,HALLMARK_APICAL_JUNCTION,FALSE,503,TRUE,Recorded sex,FEMALE,367,,,TRUE,performance estimated,0.515924527739569,0.193839701683262,0.64850670323033,,,,,
continuous,rna_pathway_activity,THCA,HALLMARK_APICAL_JUNCTION,FALSE,503,TRUE,Recorded sex,MALE,136,,,TRUE,performance estimated,0.280133704629041,0.241371830019061,0.539030580602071,,,,,
continuous,rna_pathway_activity,THCA,HALLMARK_APICAL_SURFACE,FALSE,503,TRUE,Broad race,Asian,51,,,TRUE,performance estimated,0.316665716145314,0.211415464345382,0.547294117647059,,,,,
continuous,rna_pathway_activity,THCA,HALLMARK_APICAL_SURFACE,FALSE,503,TRUE,Broad race,Black or African American,27,,,FALSE,fewer than 50 subgroup patients,,,,,,,,
continuous,rna_pathway_activity,THCA,HALLMARK_APICAL_SURFACE,FALSE,503,TRUE,Broad race,Missing,92,,,FALSE,demographic field missing,,,,,,,,
continuous,rna_pathway_activity,THCA,HALLMARK_APICAL_SURFACE,FALSE,503,TRUE,Broad race,Other recorded race,1,,,FALSE,fewer than 50 subgroup patients,,,,,,,,
continuous,rna_pathway_activity,THCA,HALLMARK_APICAL_SURFACE,FALSE,503,TRUE,Broad race,White,332,,,TRUE,performance estimated,0.218374072275482,0.220592304682363,0.449714658421389,,,,,
continuous,rna_pathway_activity,THCA,HALLMARK_APICAL_SURFACE,FALSE,503,TRUE,Recorded sex,FEMALE,367,,,TRUE,performance estimated,0.245243301934432,0.216611822982613,0.491716854307916,,,,,
continuous,rna_pathway_activity,THCA,HALLMARK_APICAL_SURFACE,FALSE,503,TRUE,Recorded sex,MALE,136,,,TRUE,performance estimated,0.207344072951542,0.229943665944985,0.450906922379657,,,,,
continuous,rna_pathway_activity,THCA,HALLMARK_APOPTOSIS,FALSE,503,TRUE,Broad race,Asian,51,,,TRUE,performance estimated,0.334709397131661,0.176390126037438,0.532018099547511,,,,,
continuous,rna_pathway_activity,THCA,HALLMARK_APOPTOSIS,FALSE,503,TRUE,Broad race,Black or African American,27,,,FALSE,fewer than 50 subgroup patients,,,,,,,,
continuous,rna_pathway_activity,THCA,HALLMARK_APOPTOSIS,FALSE,503,TRUE,Broad race,Missing,92,,,FALSE,demographic field missing,,,,,,,,
continuous,rna_pathway_activity,THCA,HALLMARK_APOPTOSIS,FALSE,503,TRUE,Broad race,Other recorded race,1,,,FALSE,fewer than 50 subgroup patients,,,,,,,,
continuous,rna_pathway_activity,THCA,HALLMARK_APOPTOSIS,FALSE,503,TRUE,Broad race,White,332,,,TRUE,performance estimated,0.490581619511662,0.204462170291045,0.696606430621646,,,,,
continuous,rna_pathway_activity,THCA,HALLMARK_APOPTOSIS,FALSE,503,TRUE,Recorded sex,FEMALE,367,,,TRUE,performance estimated,0.588559320992524,0.186533424376317,0.731828108704392,,,,,
continuous,rna_pathway_activity,THCA,HALLMARK_APOPTOSIS,FALSE,503,TRUE,Recorded sex,MALE,136,,,TRUE,performance estimated,0.41273021175513,0.24530861296045,0.668318305424359,,,,,
continuous,rna_pathway_activity,THCA,HALLMARK_COAGULATION,FALSE,503,TRUE,Broad race,Asian,51,,,TRUE,performance estimated,0.321737571361512,0.201137662058494,0.454986425339367,,,,,
continuous,rna_pathway_activity,THCA,HALLMARK_COAGULATION,FALSE,503,TRUE,Broad race,Black or African American,27,,,FALSE,fewer than 50 subgroup patients,,,,,,,,
continuous,rna_pathway_activity,THCA,HALLMARK_COAGULATION,FALSE,503,TRUE,Broad race,Missing,92,,,FALSE,demographic field missing,,,,,,,,
continuous,rna_pathway_activity,THCA,HALLMARK_COAGULATION,FALSE,503,TRUE,Broad race,Other recorded race,1,,,FALSE,fewer than 50 subgroup patients,,,,,,,,
continuous,rna_pathway_activity,THCA,HALLMARK_COAGULATION,FALSE,503,TRUE,Broad race,White,332,,,TRUE,performance estimated,0.404144916095428,0.210711196060835,0.629328385641857,,,,,
continuous,rna_pathway_activity,THCA,HALLMARK_COAGULATION,FALSE,503,TRUE,Recorded sex,FEMALE,367,,,TRUE,performance estimated,0.491206859323546,0.200718526628005,0.673378037719872,,,,,
continuous,rna_pathway_activity,THCA,HALLMARK_COAGULATION,FALSE,503,TRUE,Recorded sex,MALE,136,,,TRUE,performance estimated,0.321199520254108,0.23216771739092,0.562331949811555,,,,,
continuous,rna_pathway_activity,THCA,HALLMARK_COMPLEMENT,FALSE,503,TRUE,Broad race,Asian,51,,,TRUE,performance estimated,0.40620005196528,0.225761479544313,0.602190045248869,,,,,
continuous,rna_pathway_activity,THCA,HALLMARK_COMPLEMENT,FALSE,503,TRUE,Broad race,Black or African American,27,,,FALSE,fewer than 50 subgroup patients,,,,,,,,
continuous,rna_pathway_activity,THCA,HALLMARK_COMPLEMENT,FALSE,503,TRUE,Broad race,Missing,92,,,FALSE,demographic field missing,,,,,,,,
continuous,rna_pathway_activity,THCA,HALLMARK_COMPLEMENT,FALSE,503,TRUE,Broad race,Other recorded race,1,,,FALSE,fewer than 50 subgroup patients,,,,,,,,
continuous,rna_pathway_activity,THCA,HALLMARK_COMPLEMENT,FALSE,503,TRUE,Broad race,White,332,,,TRUE,performance estimated,0.462009178726259,0.251991124134638,0.691154197913562,,,,,
continuous,rna_pathway_activity,THCA,HALLMARK_COMPLEMENT,FALSE,503,TRUE,Recorded sex,FEMALE,367,,,TRUE,performance estimated,0.549943753095965,0.224240028992835,0.730899192271913,,,,,
continuous,rna_pathway_activity,THCA,HALLMARK_COMPLEMENT,FALSE,503,TRUE,Recorded sex,MALE,136,,,TRUE,performance estimated,0.339297288476448,0.31377665243249,0.611611087257287,,,,,
continuous,rna_pathway_activity,THCA,HALLMARK_E2F_TARGETS,FALSE,503,TRUE,Broad race,Asian,51,,,TRUE,performance estimated,0.1437260301052,0.299859436739596,0.368235294117647,,,,,
continuous,rna_pathway_activity,THCA,HALLMARK_E2F_TARGETS,FALSE,503,TRUE,Broad race,Black or African American,27,,,FALSE,fewer than 50 subgroup patients,,,,,,,,
continuous,rna_pathway_activity,THCA,HALLMARK_E2F_TARGETS,FALSE,503,TRUE,Broad race,Missing,92,,,FALSE,demographic field missing,,,,,,,,
continuous,rna_pathway_activity,THCA,HALLMARK_E2F_TARGETS,FALSE,503,TRUE,Broad race,Other recorded race,1,,,FALSE,fewer than 50 subgroup patients,,,,,,,,
continuous,rna_pathway_activity,THCA,HALLMARK_E2F_TARGETS,FALSE,503,TRUE,Broad race,White,332,,,TRUE,performance estimated,0.253431998662386,0.332482938010339,0.534439808716371,,,,,
continuous,rna_pathway_activity,THCA,HALLMARK_E2F_TARGETS,FALSE,503,TRUE,Recorded sex,FEMALE,367,,,TRUE,performance estimated,0.288821426684057,0.314465704828498,0.581293831241345,,,,,
continuous,rna_pathway_activity,THCA,HALLMARK_E2F_TARGETS,FALSE,503,TRUE,Recorded sex,MALE,136,,,TRUE,performance estimated,0.208260621156989,0.342196973027784,0.453174943943514,,,,,
continuous,rna_pathway_activity,THCA,HALLMARK_EPITHELIAL_MESENCHYMAL_TRANSITION,FALSE,503,TRUE,Broad race,Asian,51,,,TRUE,performance estimated,0.247356173977797,0.369349266896997,0.475710407239819,,,,,
continuous,rna_pathway_activity,THCA,HALLMARK_EPITHELIAL_MESENCHYMAL_TRANSITION,FALSE,503,TRUE,Broad race,Black or African American,27,,,FALSE,fewer than 50 subgroup patients,,,,,,,,
continuous,rna_pathway_activity,THCA,HALLMARK_EPITHELIAL_MESENCHYMAL_TRANSITION,FALSE,503,TRUE,Broad race,Missing,92,,,FALSE,demographic field missing,,,,,,,,
continuous,rna_pathway_activity,THCA,HALLMARK_EPITHELIAL_MESENCHYMAL_TRANSITION,FALSE,503,TRUE,Broad race,Other recorded race,1,,,FALSE,fewer than 50 subgroup patients,,,,,,,,
continuous,rna_pathway_activity,THCA,HALLMARK_EPITHELIAL_MESENCHYMAL_TRANSITION,FALSE,503,TRUE,Broad race,White,332,,,TRUE,performance estimated,0.401722630795511,0.343811812384435,0.636789207946344,,,,,
continuous,rna_pathway_activity,THCA,HALLMARK_EPITHELIAL_MESENCHYMAL_TRANSITION,FALSE,503,TRUE,Recorded sex,FEMALE,367,,,TRUE,performance estimated,0.442556611013222,0.332562267092169,0.661247696159068,,,,,
continuous,rna_pathway_activity,THCA,HALLMARK_EPITHELIAL_MESENCHYMAL_TRANSITION,FALSE,503,TRUE,Recorded sex,MALE,136,,,TRUE,performance estimated,0.311693178853972,0.388820287756634,0.617747244883355,,,,,
continuous,rna_pathway_activity,THCA,HALLMARK_ESTROGEN_RESPONSE_EARLY,FALSE,503,TRUE,Broad race,Asian,51,,,TRUE,performance estimated,0.328498699845619,0.150929742980668,0.532850678733032,,,,,
continuous,rna_pathway_activity,THCA,HALLMARK_ESTROGEN_RESPONSE_EARLY,FALSE,503,TRUE,Broad race,Black or African American,27,,,FALSE,fewer than 50 subgroup patients,,,,,,,,
continuous,rna_pathway_activity,THCA,HALLMARK_ESTROGEN_RESPONSE_EARLY,FALSE,503,TRUE,Broad race,Missing,92,,,FALSE,demographic field missing,,,,,,,,
continuous,rna_pathway_activity,THCA,HALLMARK_ESTROGEN_RESPONSE_EARLY,FALSE,503,TRUE,Broad race,Other recorded race,1,,,FALSE,fewer than 50 subgroup patients,,,,,,,,
continuous,rna_pathway_activity,THCA,HALLMARK_ESTROGEN_RESPONSE_EARLY,FALSE,503,TRUE,Broad race,White,332,,,TRUE,performance estimated,0.304787234375744,0.171502193547462,0.539867316083965,,,,,
continuous,rna_pathway_activity,THCA,HALLMARK_ESTROGEN_RESPONSE_EARLY,FALSE,503,TRUE,Recorded sex,FEMALE,367,,,TRUE,performance estimated,0.331379974641798,0.165369877887727,0.579911478128805,,,,,
continuous,rna_pathway_activity,THCA,HALLMARK_ESTROGEN_RESPONSE_EARLY,FALSE,503,TRUE,Recorded sex,MALE,136,,,TRUE,performance estimated,0.334569708963124,0.187080161337236,0.552141596297886,,,,,
continuous,rna_pathway_activity,THCA,HALLMARK_ESTROGEN_RESPONSE_LATE,FALSE,503,TRUE,Broad race,Asian,51,,,TRUE,performance estimated,0.150370275376183,0.15495593180973,0.356253393665158,,,,,
continuous,rna_pathway_activity,THCA,HALLMARK_ESTROGEN_RESPONSE_LATE,FALSE,503,TRUE,Broad race,Black or African American,27,,,FALSE,fewer than 50 subgroup patients,,,,,,,,
continuous,rna_pathway_activity,THCA,HALLMARK_ESTROGEN_RESPONSE_LATE,FALSE,503,TRUE,Broad race,Missing,92,,,FALSE,demographic field missing,,,,,,,,
continuous,rna_pathway_activity,THCA,HALLMARK_ESTROGEN_RESPONSE_LATE,FALSE,503,TRUE,Broad race,Other recorded race,1,,,FALSE,fewer than 50 subgroup patients,,,,,,,,
continuous,rna_pathway_activity,THCA,HALLMARK_ESTROGEN_RESPONSE_LATE,FALSE,503,TRUE,Broad race,White,332,,,TRUE,performance estimated,0.391992530087294,0.155086412285179,0.629685952104327,,,,,
continuous,rna_pathway_activity,THCA,HALLMARK_ESTROGEN_RESPONSE_LATE,FALSE,503,TRUE,Recorded sex,FEMALE,367,,,TRUE,performance estimated,0.429453143551704,0.147749438575346,0.657023243303082,,,,,
continuous,rna_pathway_activity,THCA,HALLMARK_ESTROGEN_RESPONSE_LATE,FALSE,503,TRUE,Recorded sex,MALE,136,,,TRUE,performance estimated,0.394989361710928,0.175355015865233,0.63257191927866,,,,,
continuous,rna_pathway_activity,THCA,HALLMARK_FATTY_ACID_METABOLISM,FALSE,503,TRUE,Broad race,Asian,51,,,TRUE,performance estimated,0.304802003313122,0.183307764378186,0.42758371040724,,,,,
continuous,rna_pathway_activity,THCA,HALLMARK_FATTY_ACID_METABOLISM,FALSE,503,TRUE,Broad race,Black or African American,27,,,FALSE,fewer than 50 subgroup patients,,,,,,,,
continuous,rna_pathway_activity,THCA,HALLMARK_FATTY_ACID_METABOLISM,FALSE,503,TRUE,Broad race,Missing,92,,,FALSE,demographic field missing,,,,,,,,
continuous,rna_pathway_activity,THCA,HALLMARK_FATTY_ACID_METABOLISM,FALSE,503,TRUE,Broad race,Other recorded race,1,,,FALSE,fewer than 50 subgroup patients,,,,,,,,
continuous,rna_pathway_activity,THCA,HALLMARK_FATTY_ACID_METABOLISM,FALSE,503,TRUE,Broad race,White,332,,,TRUE,performance estimated,0.180868714071703,0.222080552412983,0.377895676770936,,,,,
continuous,rna_pathway_activity,THCA,HALLMARK_FATTY_ACID_METABOLISM,FALSE,503,TRUE,Recorded sex,FEMALE,367,,,TRUE,performance estimated,0.324220104210603,0.210669950619383,0.45079884288436,,,,,
continuous,rna_pathway_activity,THCA,HALLMARK_FATTY_ACID_METABOLISM,FALSE,503,TRUE,Recorded sex,MALE,136,,,TRUE,performance estimated,0.275719511708503,0.234960402771772,0.471978436143314,,,,,
continuous,rna_pathway_activity,THCA,HALLMARK_G2M_CHECKPOINT,FALSE,503,TRUE,Broad race,Asian,51,,,TRUE,performance estimated,0.15436968472993,0.293698430255044,0.363076923076923,,,,,
continuous,rna_pathway_activity,THCA,HALLMARK_G2M_CHECKPOINT,FALSE,503,TRUE,Broad race,Black or African American,27,,,FALSE,fewer than 50 subgroup patients,,,,,,,,
continuous,rna_pathway_activity,THCA,HALLMARK_G2M_CHECKPOINT,FALSE,503,TRUE,Broad race,Missing,92,,,FALSE,demographic field missing,,,,,,,,
continuous,rna_pathway_activity,THCA,HALLMARK_G2M_CHECKPOINT,FALSE,503,TRUE,Broad race,Other recorded race,1,,,FALSE,fewer than 50 subgroup patients,,,,,,,,
continuous,rna_pathway_activity,THCA,HALLMARK_G2M_CHECKPOINT,FALSE,503,TRUE,Broad race,White,332,,,TRUE,performance estimated,0.239140860597202,0.331562163531517,0.516907181268554,,,,,
continuous,rna_pathway_activity,THCA,HALLMARK_G2M_CHECKPOINT,FALSE,503,TRUE,Recorded sex,FEMALE,367,,,TRUE,performance estimated,0.261712744865296,0.320496581218385,0.542250743346779,,,,,
continuous,rna_pathway_activity,THCA,HALLMARK_G2M_CHECKPOINT,FALSE,503,TRUE,Recorded sex,MALE,136,,,TRUE,performance estimated,0.179493282191335,0.347493088416022,0.422934020323458,,,,,
continuous,rna_pathway_activity,THCA,HALLMARK_HYPOXIA,FALSE,503,TRUE,Broad race,Asian,51,,,TRUE,performance estimated,0.240903740030308,0.168321559524154,0.52152036199095,,,,,
continuous,rna_pathway_activity,THCA,HALLMARK_HYPOXIA,FALSE,503,TRUE,Broad race,Black or African American,27,,,FALSE,fewer than 50 subgroup patients,,,,,,,,
continuous,rna_pathway_activity,THCA,HALLMARK_HYPOXIA,FALSE,503,TRUE,Broad race,Missing,92,,,FALSE,demographic field missing,,,,,,,,
continuous,rna_pathway_activity,THCA,HALLMARK_HYPOXIA,FALSE,503,TRUE,Broad race,Other recorded race,1,,,FALSE,fewer than 50 subgroup patients,,,,,,,,
continuous,rna_pathway_activity,THCA,HALLMARK_HYPOXIA,FALSE,503,TRUE,Broad race,White,332,,,TRUE,performance estimated,0.287417047256528,0.17001955915622,0.540582908100107,,,,,
continuous,rna_pathway_activity,THCA,HALLMARK_HYPOXIA,FALSE,503,TRUE,Recorded sex,FEMALE,367,,,TRUE,performance estimated,0.301267067961354,0.160912469542863,0.558977793789486,,,,,
continuous,rna_pathway_activity,THCA,HALLMARK_HYPOXIA,FALSE,503,TRUE,Recorded sex,MALE,136,,,TRUE,performance estimated,0.249621534302631,0.195152538324367,0.513230284814656,,,,,
continuous,rna_pathway_activity,THCA,HALLMARK_IL2_STAT5_SIGNALING,FALSE,503,TRUE,Broad race,Asian,51,,,TRUE,performance estimated,0.351787905998332,0.199759448995766,0.594515837104072,,,,,
continuous,rna_pathway_activity,THCA,HALLMARK_IL2_STAT5_SIGNALING,FALSE,503,TRUE,Broad race,Black or African American,27,,,FALSE,fewer than 50 subgroup patients,,,,,,,,
continuous,rna_pathway_activity,THCA,HALLMARK_IL2_STAT5_SIGNALING,FALSE,503,TRUE,Broad race,Missing,92,,,FALSE,demographic field missing,,,,,,,,
continuous,rna_pathway_activity,THCA,HALLMARK_IL2_STAT5_SIGNALING,FALSE,503,TRUE,Broad race,Other recorded race,1,,,FALSE,fewer than 50 subgroup patients,,,,,,,,
continuous,rna_pathway_activity,THCA,HALLMARK_IL2_STAT5_SIGNALING,FALSE,503,TRUE,Broad race,White,332,,,TRUE,performance estimated,0.45510164869919,0.235336613938719,0.691646212513974,,,,,
continuous,rna_pathway_activity,THCA,HALLMARK_IL2_STAT5_SIGNALING,FALSE,503,TRUE,Recorded sex,FEMALE,367,,,TRUE,performance estimated,0.547456389148687,0.210567007902316,0.735684044117219,,,,,
continuous,rna_pathway_activity,THCA,HALLMARK_IL2_STAT5_SIGNALING,FALSE,503,TRUE,Recorded sex,MALE,136,,,TRUE,performance estimated,0.359879513060538,0.281361537503083,0.633867658985735,,,,,
continuous,rna_pathway_activity,THCA,HALLMARK_IL6_JAK_STAT3_SIGNALING,FALSE,503,TRUE,Broad race,Asian,51,,,TRUE,performance estimated,0.4621539908593,0.273083466796158,0.631239819004525,,,,,
continuous,rna_pathway_activity,THCA,HALLMARK_IL6_JAK_STAT3_SIGNALING,FALSE,503,TRUE,Broad race,Black or African American,27,,,FALSE,fewer than 50 subgroup patients,,,,,,,,
continuous,rna_pathway_activity,THCA,HALLMARK_IL6_JAK_STAT3_SIGNALING,FALSE,503,TRUE,Broad race,Missing,92,,,FALSE,demographic field missing,,,,,,,,
continuous,rna_pathway_activity,THCA,HALLMARK_IL6_JAK_STAT3_SIGNALING,FALSE,503,TRUE,Broad race,Other recorded race,1,,,FALSE,fewer than 50 subgroup patients,,,,,,,,
continuous,rna_pathway_activity,THCA,HALLMARK_IL6_JAK_STAT3_SIGNALING,FALSE,503,TRUE,Broad race,White,332,,,TRUE,performance estimated,0.50111864038375,0.322898376801391,0.713525121962497,,,,,
continuous,rna_pathway_activity,THCA,HALLMARK_IL6_JAK_STAT3_SIGNALING,FALSE,503,TRUE,Recorded sex,FEMALE,367,,,TRUE,performance estimated,0.580266084565144,0.296468433281188,0.745235734636367,,,,,
continuous,rna_pathway_activity,THCA,HALLMARK_IL6_JAK_STAT3_SIGNALING,FALSE,503,TRUE,Recorded sex,MALE,136,,,TRUE,performance estimated,0.396805762168931,0.374414282256823,0.672634893373408,,,,,
continuous,rna_pathway_activity,THCA,HALLMARK_INFLAMMATORY_RESPONSE,FALSE,503,TRUE,Broad race,Asian,51,,,TRUE,performance estimated,0.401960180099609,0.269800522369301,0.620253393665158,,,,,
continuous,rna_pathway_activity,THCA,HALLMARK_INFLAMMATORY_RESPONSE,FALSE,503,TRUE,Broad race,Black or African American,27,,,FALSE,fewer than 50 subgroup patients,,,,,,,,
continuous,rna_pathway_activity,THCA,HALLMARK_INFLAMMATORY_RESPONSE,FALSE,503,TRUE,Broad race,Missing,92,,,FALSE,demographic field missing,,,,,,,,
continuous,rna_pathway_activity,THCA,HALLMARK_INFLAMMATORY_RESPONSE,FALSE,503,TRUE,Broad race,Other recorded race,1,,,FALSE,fewer than 50 subgroup patients,,,,,,,,
continuous,rna_pathway_activity,THCA,HALLMARK_INFLAMMATORY_RESPONSE,FALSE,503,TRUE,Broad race,White,332,,,TRUE,performance estimated,0.500884572370633,0.324856799559125,0.716712264260766,,,,,
continuous,rna_pathway_activity,THCA,HALLMARK_INFLAMMATORY_RESPONSE,FALSE,503,TRUE,Recorded sex,FEMALE,367,,,TRUE,performance estimated,0.582184932327287,0.293080629525622,0.746129207362192,,,,,
continuous,rna_pathway_activity,THCA,HALLMARK_INFLAMMATORY_RESPONSE,FALSE,503,TRUE,Recorded sex,MALE,136,,,TRUE,performance estimated,0.393310610421326,0.389516463285027,0.675251180764276,,,,,
continuous,rna_pathway_activity,THCA,HALLMARK_INTERFERON_ALPHA_RESPONSE,FALSE,503,TRUE,Broad race,Asian,51,,,TRUE,performance estimated,0.33716106022407,0.419540899447649,0.540579185520362,,,,,
continuous,rna_pathway_activity,THCA,HALLMARK_INTERFERON_ALPHA_RESPONSE,FALSE,503,TRUE,Broad race,Black or African American,27,,,FALSE,fewer than 50 subgroup patients,,,,,,,,
continuous,rna_pathway_activity,THCA,HALLMARK_INTERFERON_ALPHA_RESPONSE,FALSE,503,TRUE,Broad race,Missing,92,,,FALSE,demographic field missing,,,,,,,,
continuous,rna_pathway_activity,THCA,HALLMARK_INTERFERON_ALPHA_RESPONSE,FALSE,503,TRUE,Broad race,Other recorded race,1,,,FALSE,fewer than 50 subgroup patients,,,,,,,,
continuous,rna_pathway_activity,THCA,HALLMARK_INTERFERON_ALPHA_RESPONSE,FALSE,503,TRUE,Broad race,White,332,,,TRUE,performance estimated,0.476602796334613,0.416867119323031,0.701752121575221,,,,,
continuous,rna_pathway_activity,THCA,HALLMARK_INTERFERON_ALPHA_RESPONSE,FALSE,503,TRUE,Recorded sex,FEMALE,367,,,TRUE,performance estimated,0.530565202548577,0.408845185927409,0.731136422341382,,,,,
continuous,rna_pathway_activity,THCA,HALLMARK_INTERFERON_ALPHA_RESPONSE,FALSE,503,TRUE,Recorded sex,MALE,136,,,TRUE,performance estimated,0.437357204856805,0.435074864875767,0.67778064023663,,,,,
continuous,rna_pathway_activity,THCA,HALLMARK_INTERFERON_GAMMA_RESPONSE,FALSE,503,TRUE,Broad race,Asian,51,,,TRUE,performance estimated,0.415235062952964,0.359918837160764,0.604977375565611,,,,,
continuous,rna_pathway_activity,THCA,HALLMARK_INTERFERON_GAMMA_RESPONSE,FALSE,503,TRUE,Broad race,Black or African American,27,,,FALSE,fewer than 50 subgroup patients,,,,,,,,
continuous,rna_pathway_activity,THCA,HALLMARK_INTERFERON_GAMMA_RESPONSE,FALSE,503,TRUE,Broad race,Missing,92,,,FALSE,demographic field missing,,,,,,,,
continuous,rna_pathway_activity,THCA,HALLMARK_INTERFERON_GAMMA_RESPONSE,FALSE,503,TRUE,Broad race,Other recorded race,1,,,FALSE,fewer than 50 subgroup patients,,,,,,,,
continuous,rna_pathway_activity,THCA,HALLMARK_INTERFERON_GAMMA_RESPONSE,FALSE,503,TRUE,Broad race,White,332,,,TRUE,performance estimated,0.571429282638519,0.365012413689749,0.764718578732338,,,,,
continuous,rna_pathway_activity,THCA,HALLMARK_INTERFERON_GAMMA_RESPONSE,FALSE,503,TRUE,Recorded sex,FEMALE,367,,,TRUE,performance estimated,0.621964722901318,0.34746121815646,0.784584415256525,,,,,
continuous,rna_pathway_activity,THCA,HALLMARK_INTERFERON_GAMMA_RESPONSE,FALSE,503,TRUE,Recorded sex,MALE,136,,,TRUE,performance estimated,0.485367873336925,0.409406338616872,0.716095606125662,,,,,
continuous,rna_pathway_activity,THCA,HALLMARK_KRAS_SIGNALING_DN,FALSE,503,TRUE,Broad race,Asian,51,,,TRUE,performance estimated,0.232942674913121,0.170765974982223,0.44924886877828,,,,,
continuous,rna_pathway_activity,THCA,HALLMARK_KRAS_SIGNALING_DN,FALSE,503,TRUE,Broad race,Black or African American,27,,,FALSE,fewer than 50 subgroup patients,,,,,,,,
continuous,rna_pathway_activity,THCA,HALLMARK_KRAS_SIGNALING_DN,FALSE,503,TRUE,Broad race,Missing,92,,,FALSE,demographic field missing,,,,,,,,
continuous,rna_pathway_activity,THCA,HALLMARK_KRAS_SIGNALING_DN,FALSE,503,TRUE,Broad race,Other recorded race,1,,,FALSE,fewer than 50 subgroup patients,,,,,,,,
continuous,rna_pathway_activity,THCA,HALLMARK_KRAS_SIGNALING_DN,FALSE,503,TRUE,Broad race,White,332,,,TRUE,performance estimated,0.160497377423914,0.179974023530925,0.414566242433603,,,,,
continuous,rna_pathway_activity,THCA,HALLMARK_KRAS_SIGNALING_DN,FALSE,503,TRUE,Recorded sex,FEMALE,367,,,TRUE,performance estimated,0.259746743037663,0.173978825869278,0.503665559010373,,,,,
continuous,rna_pathway_activity,THCA,HALLMARK_KRAS_SIGNALING_DN,FALSE,503,TRUE,Recorded sex,MALE,136,,,TRUE,performance estimated,0.108854050013486,0.185843738003313,0.359312055722532,,,,,
continuous,rna_pathway_activity,THCA,HALLMARK_KRAS_SIGNALING_UP,FALSE,503,TRUE,Broad race,Asian,51,,,TRUE,performance estimated,0.283816928803316,0.239179020513238,0.545285067873303,,,,,
continuous,rna_pathway_activity,THCA,HALLMARK_KRAS_SIGNALING_UP,FALSE,503,TRUE,Broad race,Black or African American,27,,,FALSE,fewer than 50 subgroup patients,,,,,,,,
continuous,rna_pathway_activity,THCA,HALLMARK_KRAS_SIGNALING_UP,FALSE,503,TRUE,Broad race,Missing,92,,,FALSE,demographic field missing,,,,,,,,
continuous,rna_pathway_activity,THCA,HALLMARK_KRAS_SIGNALING_UP,FALSE,503,TRUE,Broad race,Other recorded race,1,,,FALSE,fewer than 50 subgroup patients,,,,,,,,
continuous,rna_pathway_activity,THCA,HALLMARK_KRAS_SIGNALING_UP,FALSE,503,TRUE,Broad race,White,332,,,TRUE,performance estimated,0.439669037327896,0.240801914735434,0.65355836672402,,,,,
continuous,rna_pathway_activity,THCA,HALLMARK_KRAS_SIGNALING_UP,FALSE,503,TRUE,Recorded sex,FEMALE,367,,,TRUE,performance estimated,0.501919232354174,0.225587308347906,0.688829163276047,,,,,
continuous,rna_pathway_activity,THCA,HALLMARK_KRAS_SIGNALING_UP,FALSE,503,TRUE,Recorded sex,MALE,136,,,TRUE,performance estimated,0.345317617857887,0.282760686206786,0.606800248079767,,,,,
continuous,rna_pathway_activity,THCA,HALLMARK_MTORC1_SIGNALING,FALSE,503,TRUE,Broad race,Asian,51,,,TRUE,performance estimated,-0.00469671033161079,0.23545196207876,0.252723981900452,,,,,
continuous,rna_pathway_activity,THCA,HALLMARK_MTORC1_SIGNALING,FALSE,503,TRUE,Broad race,Black or African American,27,,,FALSE,fewer than 50 subgroup patients,,,,,,,,
continuous,rna_pathway_activity,THCA,HALLMARK_MTORC1_SIGNALING,FALSE,503,TRUE,Broad race,Missing,92,,,FALSE,demographic field missing,,,,,,,,
continuous,rna_pathway_activity,THCA,HALLMARK_MTORC1_SIGNALING,FALSE,503,TRUE,Broad race,Other recorded race,1,,,FALSE,fewer than 50 subgroup patients,,,,,,,,
continuous,rna_pathway_activity,THCA,HALLMARK_MTORC1_SIGNALING,FALSE,503,TRUE,Broad race,White,332,,,TRUE,performance estimated,0.178210972572873,0.230726756523688,0.46384469862794,,,,,
continuous,rna_pathway_activity,THCA,HALLMARK_MTORC1_SIGNALING,FALSE,503,TRUE,Recorded sex,FEMALE,367,,,TRUE,performance estimated,0.229816032375634,0.223868759533539,0.496333955459399,,,,,
continuous,rna_pathway_activity,THCA,HALLMARK_MTORC1_SIGNALING,FALSE,503,TRUE,Recorded sex,MALE,136,,,TRUE,performance estimated,0.237130651372049,0.244312260219411,0.486303134392443,,,,,
continuous,rna_pathway_activity,THCA,HALLMARK_NOTCH_SIGNALING,FALSE,503,TRUE,Broad race,Asian,51,,,TRUE,performance estimated,0.424874508979711,0.201283660903799,0.456705882352941,,,,,
continuous,rna_pathway_activity,THCA,HALLMARK_NOTCH_SIGNALING,FALSE,503,TRUE,Broad race,Black or African American,27,,,FALSE,fewer than 50 subgroup patients,,,,,,,,
continuous,rna_pathway_activity,THCA,HALLMARK_NOTCH_SIGNALING,FALSE,503,TRUE,Broad race,Missing,92,,,FALSE,demographic field missing,,,,,,,,
continuous,rna_pathway_activity,THCA,HALLMARK_NOTCH_SIGNALING,FALSE,503,TRUE,Broad race,Other recorded race,1,,,FALSE,fewer than 50 subgroup patients,,,,,,,,
continuous,rna_pathway_activity,THCA,HALLMARK_NOTCH_SIGNALING,FALSE,503,TRUE,Broad race,White,332,,,TRUE,performance estimated,0.143124497616272,0.232200389333203,0.395228861883395,,,,,
continuous,rna_pathway_activity,THCA,HALLMARK_NOTCH_SIGNALING,FALSE,503,TRUE,Recorded sex,FEMALE,367,,,TRUE,performance estimated,0.296249875635919,0.223064658152087,0.466289781919243,,,,,
continuous,rna_pathway_activity,THCA,HALLMARK_NOTCH_SIGNALING,FALSE,503,TRUE,Recorded sex,MALE,136,,,TRUE,performance estimated,0.258121013404922,0.252004009132536,0.39497638471447,,,,,
continuous,rna_pathway_activity,THCA,HALLMARK_OXIDATIVE_PHOSPHORYLATION,FALSE,503,TRUE,Broad race,Asian,51,,,TRUE,performance estimated,0.412337423730559,0.365302482778971,0.408162895927602,,,,,
continuous,rna_pathway_activity,THCA,HALLMARK_OXIDATIVE_PHOSPHORYLATION,FALSE,503,TRUE,Broad race,Black or African American,27,,,FALSE,fewer than 50 subgroup patients,,,,,,,,
continuous,rna_pathway_activity,THCA,HALLMARK_OXIDATIVE_PHOSPHORYLATION,FALSE,503,TRUE,Broad race,Missing,92,,,FALSE,demographic field missing,,,,,,,,
continuous,rna_pathway_activity,THCA,HALLMARK_OXIDATIVE_PHOSPHORYLATION,FALSE,503,TRUE,Broad race,Other recorded race,1,,,FALSE,fewer than 50 subgroup patients,,,,,,,,
continuous,rna_pathway_activity,THCA,HALLMARK_OXIDATIVE_PHOSPHORYLATION,FALSE,503,TRUE,Broad race,White,332,,,TRUE,performance estimated,0.258761388432738,0.413304744518164,0.416185325936718,,,,,
continuous,rna_pathway_activity,THCA,HALLMARK_OXIDATIVE_PHOSPHORYLATION,FALSE,503,TRUE,Recorded sex,FEMALE,367,,,TRUE,performance estimated,0.42012830495215,0.418485367776867,0.481608212064067,,,,,
continuous,rna_pathway_activity,THCA,HALLMARK_OXIDATIVE_PHOSPHORYLATION,FALSE,503,TRUE,Recorded sex,MALE,136,,,TRUE,performance estimated,0.365197020177144,0.449389949637425,0.475329421306235,,,,,
continuous,rna_pathway_activity,THCA,HALLMARK_P53_PATHWAY,FALSE,503,TRUE,Broad race,Asian,51,,,TRUE,performance estimated,0.135690162791345,0.181123413718891,0.335692307692308,,,,,
continuous,rna_pathway_activity,THCA,HALLMARK_P53_PATHWAY,FALSE,503,TRUE,Broad race,Black or African American,27,,,FALSE,fewer than 50 subgroup patients,,,,,,,,
continuous,rna_pathway_activity,THCA,HALLMARK_P53_PATHWAY,FALSE,503,TRUE,Broad race,Missing,92,,,FALSE,demographic field missing,,,,,,,,
continuous,rna_pathway_activity,THCA,HALLMARK_P53_PATHWAY,FALSE,503,TRUE,Broad race,Other recorded race,1,,,FALSE,fewer than 50 subgroup patients,,,,,,,,
continuous,rna_pathway_activity,THCA,HALLMARK_P53_PATHWAY,FALSE,503,TRUE,Broad race,White,332,,,TRUE,performance estimated,0.379233485742237,0.197234034094068,0.622734655450413,,,,,
continuous,rna_pathway_activity,THCA,HALLMARK_P53_PATHWAY,FALSE,503,TRUE,Recorded sex,FEMALE,367,,,TRUE,performance estimated,0.424906943160373,0.188772939144817,0.64722597159454,,,,,
continuous,rna_pathway_activity,THCA,HALLMARK_P53_PATHWAY,FALSE,503,TRUE,Recorded sex,MALE,136,,,TRUE,performance estimated,0.386070725734993,0.221487297561482,0.614712084347121,,,,,
continuous,rna_pathway_activity,THCA,HALLMARK_PANCREAS_BETA_CELLS,FALSE,503,TRUE,Broad race,Asian,51,,,TRUE,performance estimated,0.322696371427142,0.196594324507453,0.582787330316742,,,,,
continuous,rna_pathway_activity,THCA,HALLMARK_PANCREAS_BETA_CELLS,FALSE,503,TRUE,Broad race,Black or African American,27,,,FALSE,fewer than 50 subgroup patients,,,,,,,,
continuous,rna_pathway_activity,THCA,HALLMARK_PANCREAS_BETA_CELLS,FALSE,503,TRUE,Broad race,Missing,92,,,FALSE,demographic field missing,,,,,,,,
continuous,rna_pathway_activity,THCA,HALLMARK_PANCREAS_BETA_CELLS,FALSE,503,TRUE,Broad race,Other recorded race,1,,,FALSE,fewer than 50 subgroup patients,,,,,,,,
continuous,rna_pathway_activity,THCA,HALLMARK_PANCREAS_BETA_CELLS,FALSE,503,TRUE,Broad race,White,332,,,TRUE,performance estimated,0.249771584052831,0.216742296555107,0.554528459227618,,,,,
continuous,rna_pathway_activity,THCA,HALLMARK_PANCREAS_BETA_CELLS,FALSE,503,TRUE,Recorded sex,FEMALE,367,,,TRUE,performance estimated,0.264989882083906,0.203464634327695,0.555565147474952,,,,,
continuous,rna_pathway_activity,THCA,HALLMARK_PANCREAS_BETA_CELLS,FALSE,503,TRUE,Recorded sex,MALE,136,,,TRUE,performance estimated,0.262462470640828,0.228913706168301,0.559669863079052,,,,,
continuous,rna_pathway_activity,THCA,HALLMARK_TGF_BETA_SIGNALING,FALSE,503,TRUE,Broad race,Asian,51,,,TRUE,performance estimated,0.187487775258491,0.272575839210397,0.443945701357466,,,,,
continuous,rna_pathway_activity,THCA,HALLMARK_TGF_BETA_SIGNALING,FALSE,503,TRUE,Broad race,Black or African American,27,,,FALSE,fewer than 50 subgroup patients,,,,,,,,
continuous,rna_pathway_activity,THCA,HALLMARK_TGF_BETA_SIGNALING,FALSE,503,TRUE,Broad race,Missing,92,,,FALSE,demographic field missing,,,,,,,,
continuous,rna_pathway_activity,THCA,HALLMARK_TGF_BETA_SIGNALING,FALSE,503,TRUE,Broad race,Other recorded race,1,,,FALSE,fewer than 50 subgroup patients,,,,,,,,
continuous,rna_pathway_activity,THCA,HALLMARK_TGF_BETA_SIGNALING,FALSE,503,TRUE,Broad race,White,332,,,TRUE,performance estimated,0.142553454002381,0.3175391266241,0.380792542260165,,,,,
continuous,rna_pathway_activity,THCA,HALLMARK_TGF_BETA_SIGNALING,FALSE,503,TRUE,Recorded sex,FEMALE,367,,,TRUE,performance estimated,0.187132751585866,0.311997674515246,0.421917125816419,,,,,
continuous,rna_pathway_activity,THCA,HALLMARK_TGF_BETA_SIGNALING,FALSE,503,TRUE,Recorded sex,MALE,136,,,TRUE,performance estimated,0.161025746385305,0.315369122961102,0.413354324698249,,,,,
continuous,rna_pathway_activity,THCA,HALLMARK_TNFA_SIGNALING_VIA_NFKB,FALSE,503,TRUE,Broad race,Asian,51,,,TRUE,performance estimated,0.187721508079169,0.314050974620335,0.480669683257919,,,,,
continuous,rna_pathway_activity,THCA,HALLMARK_TNFA_SIGNALING_VIA_NFKB,FALSE,503,TRUE,Broad race,Black or African American,27,,,FALSE,fewer than 50 subgroup patients,,,,,,,,
continuous,rna_pathway_activity,THCA,HALLMARK_TNFA_SIGNALING_VIA_NFKB,FALSE,503,TRUE,Broad race,Missing,92,,,FALSE,demographic field missing,,,,,,,,
continuous,rna_pathway_activity,THCA,HALLMARK_TNFA_SIGNALING_VIA_NFKB,FALSE,503,TRUE,Broad race,Other recorded race,1,,,FALSE,fewer than 50 subgroup patients,,,,,,,,
continuous,rna_pathway_activity,THCA,HALLMARK_TNFA_SIGNALING_VIA_NFKB,FALSE,503,TRUE,Broad race,White,332,,,TRUE,performance estimated,0.425774381486512,0.345417994744501,0.650823101338153,,,,,
continuous,rna_pathway_activity,THCA,HALLMARK_TNFA_SIGNALING_VIA_NFKB,FALSE,503,TRUE,Recorded sex,FEMALE,367,,,TRUE,performance estimated,0.494357500269716,0.320117495263841,0.681359329269122,,,,,
continuous,rna_pathway_activity,THCA,HALLMARK_TNFA_SIGNALING_VIA_NFKB,FALSE,503,TRUE,Recorded sex,MALE,136,,,TRUE,performance estimated,0.344294687261568,0.399217673484403,0.645167692381089,,,,,
continuous,rna_pathway_activity,THYM,HALLMARK_ADIPOGENESIS,FALSE,117,FALSE,Broad race,Asian,12,,,FALSE,model has fewer than 200 outcome-labelled patients,,,,,,,,
continuous,rna_pathway_activity,THYM,HALLMARK_ADIPOGENESIS,FALSE,117,FALSE,Broad race,Black or African American,6,,,FALSE,model has fewer than 200 outcome-labelled patients,,,,,,,,
continuous,rna_pathway_activity,THYM,HALLMARK_ADIPOGENESIS,FALSE,117,FALSE,Broad race,Missing,2,,,FALSE,model has fewer than 200 outcome-labelled patients,,,,,,,,
continuous,rna_pathway_activity,THYM,HALLMARK_ADIPOGENESIS,FALSE,117,FALSE,Broad race,White,97,,,FALSE,model has fewer than 200 outcome-labelled patients,,,,,,,,
continuous,rna_pathway_activity,THYM,HALLMARK_ADIPOGENESIS,FALSE,117,FALSE,Recorded sex,FEMALE,57,,,FALSE,model has fewer than 200 outcome-labelled patients,,,,,,,,
continuous,rna_pathway_activity,THYM,HALLMARK_ADIPOGENESIS,FALSE,117,FALSE,Recorded sex,MALE,60,,,FALSE,model has fewer than 200 outcome-labelled patients,,,,,,,,
continuous,rna_pathway_activity,THYM,HALLMARK_ANGIOGENESIS,FALSE,117,FALSE,Broad race,Asian,12,,,FALSE,model has fewer than 200 outcome-labelled patients,,,,,,,,
continuous,rna_pathway_activity,THYM,HALLMARK_ANGIOGENESIS,FALSE,117,FALSE,Broad race,Black or African American,6,,,FALSE,model has fewer than 200 outcome-labelled patients,,,,,,,,
continuous,rna_pathway_activity,THYM,HALLMARK_ANGIOGENESIS,FALSE,117,FALSE,Broad race,Missing,2,,,FALSE,model has fewer than 200 outcome-labelled patients,,,,,,,,
continuous,rna_pathway_activity,THYM,HALLMARK_ANGIOGENESIS,FALSE,117,FALSE,Broad race,White,97,,,FALSE,model has fewer than 200 outcome-labelled patients,,,,,,,,
continuous,rna_pathway_activity,THYM,HALLMARK_ANGIOGENESIS,FALSE,117,FALSE,Recorded sex,FEMALE,57,,,FALSE,model has fewer than 200 outcome-labelled patients,,,,,,,,
continuous,rna_pathway_activity,THYM,HALLMARK_ANGIOGENESIS,FALSE,117,FALSE,Recorded sex,MALE,60,,,FALSE,model has fewer than 200 outcome-labelled patients,,,,,,,,
continuous,rna_pathway_activity,THYM,HALLMARK_APICAL_JUNCTION,FALSE,117,FALSE,Broad race,Asian,12,,,FALSE,model has fewer than 200 outcome-labelled patients,,,,,,,,
continuous,rna_pathway_activity,THYM,HALLMARK_APICAL_JUNCTION,FALSE,117,FALSE,Broad race,Black or African American,6,,,FALSE,model has fewer than 200 outcome-labelled patients,,,,,,,,
continuous,rna_pathway_activity,THYM,HALLMARK_APICAL_JUNCTION,FALSE,117,FALSE,Broad race,Missing,2,,,FALSE,model has fewer than 200 outcome-labelled patients,,,,,,,,
continuous,rna_pathway_activity,THYM,HALLMARK_APICAL_JUNCTION,FALSE,117,FALSE,Broad race,White,97,,,FALSE,model has fewer than 200 outcome-labelled patients,,,,,,,,
continuous,rna_pathway_activity,THYM,HALLMARK_APICAL_JUNCTION,FALSE,117,FALSE,Recorded sex,FEMALE,57,,,FALSE,model has fewer than 200 outcome-labelled patients,,,,,,,,
continuous,rna_pathway_activity,THYM,HALLMARK_APICAL_JUNCTION,FALSE,117,FALSE,Recorded sex,MALE,60,,,FALSE,model has fewer than 200 outcome-labelled patients,,,,,,,,
continuous,rna_pathway_activity,THYM,HALLMARK_APICAL_SURFACE,FALSE,117,FALSE,Broad race,Asian,12,,,FALSE,model has fewer than 200 outcome-labelled patients,,,,,,,,
continuous,rna_pathway_activity,THYM,HALLMARK_APICAL_SURFACE,FALSE,117,FALSE,Broad race,Black or African American,6,,,FALSE,model has fewer than 200 outcome-labelled patients,,,,,,,,
continuous,rna_pathway_activity,THYM,HALLMARK_APICAL_SURFACE,FALSE,117,FALSE,Broad race,Missing,2,,,FALSE,model has fewer than 200 outcome-labelled patients,,,,,,,,
continuous,rna_pathway_activity,THYM,HALLMARK_APICAL_SURFACE,FALSE,117,FALSE,Broad race,White,97,,,FALSE,model has fewer than 200 outcome-labelled patients,,,,,,,,
continuous,rna_pathway_activity,THYM,HALLMARK_APICAL_SURFACE,FALSE,117,FALSE,Recorded sex,FEMALE,57,,,FALSE,model has fewer than 200 outcome-labelled patients,,,,,,,,
continuous,rna_pathway_activity,THYM,HALLMARK_APICAL_SURFACE,FALSE,117,FALSE,Recorded sex,MALE,60,,,FALSE,model has fewer than 200 outcome-labelled patients,,,,,,,,
continuous,rna_pathway_activity,THYM,HALLMARK_CHOLESTEROL_HOMEOSTASIS,FALSE,117,FALSE,Broad race,Asian,12,,,FALSE,model has fewer than 200 outcome-labelled patients,,,,,,,,
continuous,rna_pathway_activity,THYM,HALLMARK_CHOLESTEROL_HOMEOSTASIS,FALSE,117,FALSE,Broad race,Black or African American,6,,,FALSE,model has fewer than 200 outcome-labelled patients,,,,,,,,
continuous,rna_pathway_activity,THYM,HALLMARK_CHOLESTEROL_HOMEOSTASIS,FALSE,117,FALSE,Broad race,Missing,2,,,FALSE,model has fewer than 200 outcome-labelled patients,,,,,,,,
continuous,rna_pathway_activity,THYM,HALLMARK_CHOLESTEROL_HOMEOSTASIS,FALSE,117,FALSE,Broad race,White,97,,,FALSE,model has fewer than 200 outcome-labelled patients,,,,,,,,
continuous,rna_pathway_activity,THYM,HALLMARK_CHOLESTEROL_HOMEOSTASIS,FALSE,117,FALSE,Recorded sex,FEMALE,57,,,FALSE,model has fewer than 200 outcome-labelled patients,,,,,,,,
continuous,rna_pathway_activity,THYM,HALLMARK_CHOLESTEROL_HOMEOSTASIS,FALSE,117,FALSE,Recorded sex,MALE,60,,,FALSE,model has fewer than 200 outcome-labelled patients,,,,,,,,
continuous,rna_pathway_activity,THYM,HALLMARK_COAGULATION,FALSE,117,FALSE,Broad race,Asian,12,,,FALSE,model has fewer than 200 outcome-labelled patients,,,,,,,,
continuous,rna_pathway_activity,THYM,HALLMARK_COAGULATION,FALSE,117,FALSE,Broad race,Black or African American,6,,,FALSE,model has fewer than 200 outcome-labelled patients,,,,,,,,
continuous,rna_pathway_activity,THYM,HALLMARK_COAGULATION,FALSE,117,FALSE,Broad race,Missing,2,,,FALSE,model has fewer than 200 outcome-labelled patients,,,,,,,,
continuous,rna_pathway_activity,THYM,HALLMARK_COAGULATION,FALSE,117,FALSE,Broad race,White,97,,,FALSE,model has fewer than 200 outcome-labelled patients,,,,,,,,
continuous,rna_pathway_activity,THYM,HALLMARK_COAGULATION,FALSE,117,FALSE,Recorded sex,FEMALE,57,,,FALSE,model has fewer than 200 outcome-labelled patients,,,,,,,,
continuous,rna_pathway_activity,THYM,HALLMARK_COAGULATION,FALSE,117,FALSE,Recorded sex,MALE,60,,,FALSE,model has fewer than 200 outcome-labelled patients,,,,,,,,
continuous,rna_pathway_activity,THYM,HALLMARK_E2F_TARGETS,FALSE,117,FALSE,Broad race,Asian,12,,,FALSE,model has fewer than 200 outcome-labelled patients,,,,,,,,
continuous,rna_pathway_activity,THYM,HALLMARK_E2F_TARGETS,FALSE,117,FALSE,Broad race,Black or African American,6,,,FALSE,model has fewer than 200 outcome-labelled patients,,,,,,,,
continuous,rna_pathway_activity,THYM,HALLMARK_E2F_TARGETS,FALSE,117,FALSE,Broad race,Missing,2,,,FALSE,model has fewer than 200 outcome-labelled patients,,,,,,,,
continuous,rna_pathway_activity,THYM,HALLMARK_E2F_TARGETS,FALSE,117,FALSE,Broad race,White,97,,,FALSE,model has fewer than 200 outcome-labelled patients,,,,,,,,
continuous,rna_pathway_activity,THYM,HALLMARK_E2F_TARGETS,FALSE,117,FALSE,Recorded sex,FEMALE,57,,,FALSE,model has fewer than 200 outcome-labelled patients,,,,,,,,
continuous,rna_pathway_activity,THYM,HALLMARK_E2F_TARGETS,FALSE,117,FALSE,Recorded sex,MALE,60,,,FALSE,model has fewer than 200 outcome-labelled patients,,,,,,,,
continuous,rna_pathway_activity,THYM,HALLMARK_EPITHELIAL_MESENCHYMAL_TRANSITION,FALSE,117,FALSE,Broad race,Asian,12,,,FALSE,model has fewer than 200 outcome-labelled patients,,,,,,,,
continuous,rna_pathway_activity,THYM,HALLMARK_EPITHELIAL_MESENCHYMAL_TRANSITION,FALSE,117,FALSE,Broad race,Black or African American,6,,,FALSE,model has fewer than 200 outcome-labelled patients,,,,,,,,
continuous,rna_pathway_activity,THYM,HALLMARK_EPITHELIAL_MESENCHYMAL_TRANSITION,FALSE,117,FALSE,Broad race,Missing,2,,,FALSE,model has fewer than 200 outcome-labelled patients,,,,,,,,
continuous,rna_pathway_activity,THYM,HALLMARK_EPITHELIAL_MESENCHYMAL_TRANSITION,FALSE,117,FALSE,Broad race,White,97,,,FALSE,model has fewer than 200 outcome-labelled patients,,,,,,,,
continuous,rna_pathway_activity,THYM,HALLMARK_EPITHELIAL_MESENCHYMAL_TRANSITION,FALSE,117,FALSE,Recorded sex,FEMALE,57,,,FALSE,model has fewer than 200 outcome-labelled patients,,,,,,,,
continuous,rna_pathway_activity,THYM,HALLMARK_EPITHELIAL_MESENCHYMAL_TRANSITION,FALSE,117,FALSE,Recorded sex,MALE,60,,,FALSE,model has fewer than 200 outcome-labelled patients,,,,,,,,
continuous,rna_pathway_activity,THYM,HALLMARK_ESTROGEN_RESPONSE_EARLY,FALSE,117,FALSE,Broad race,Asian,12,,,FALSE,model has fewer than 200 outcome-labelled patients,,,,,,,,
continuous,rna_pathway_activity,THYM,HALLMARK_ESTROGEN_RESPONSE_EARLY,FALSE,117,FALSE,Broad race,Black or African American,6,,,FALSE,model has fewer than 200 outcome-labelled patients,,,,,,,,
continuous,rna_pathway_activity,THYM,HALLMARK_ESTROGEN_RESPONSE_EARLY,FALSE,117,FALSE,Broad race,Missing,2,,,FALSE,model has fewer than 200 outcome-labelled patients,,,,,,,,
continuous,rna_pathway_activity,THYM,HALLMARK_ESTROGEN_RESPONSE_EARLY,FALSE,117,FALSE,Broad race,White,97,,,FALSE,model has fewer than 200 outcome-labelled patients,,,,,,,,
continuous,rna_pathway_activity,THYM,HALLMARK_ESTROGEN_RESPONSE_EARLY,FALSE,117,FALSE,Recorded sex,FEMALE,57,,,FALSE,model has fewer than 200 outcome-labelled patients,,,,,,,,
continuous,rna_pathway_activity,THYM,HALLMARK_ESTROGEN_RESPONSE_EARLY,FALSE,117,FALSE,Recorded sex,MALE,60,,,FALSE,model has fewer than 200 outcome-labelled patients,,,,,,,,
continuous,rna_pathway_activity,THYM,HALLMARK_ESTROGEN_RESPONSE_LATE,FALSE,117,FALSE,Broad race,Asian,12,,,FALSE,model has fewer than 200 outcome-labelled patients,,,,,,,,
continuous,rna_pathway_activity,THYM,HALLMARK_ESTROGEN_RESPONSE_LATE,FALSE,117,FALSE,Broad race,Black or African American,6,,,FALSE,model has fewer than 200 outcome-labelled patients,,,,,,,,
continuous,rna_pathway_activity,THYM,HALLMARK_ESTROGEN_RESPONSE_LATE,FALSE,117,FALSE,Broad race,Missing,2,,,FALSE,model has fewer than 200 outcome-labelled patients,,,,,,,,
continuous,rna_pathway_activity,THYM,HALLMARK_ESTROGEN_RESPONSE_LATE,FALSE,117,FALSE,Broad race,White,97,,,FALSE,model has fewer than 200 outcome-labelled patients,,,,,,,,
continuous,rna_pathway_activity,THYM,HALLMARK_ESTROGEN_RESPONSE_LATE,FALSE,117,FALSE,Recorded sex,FEMALE,57,,,FALSE,model has fewer than 200 outcome-labelled patients,,,,,,,,
continuous,rna_pathway_activity,THYM,HALLMARK_ESTROGEN_RESPONSE_LATE,FALSE,117,FALSE,Recorded sex,MALE,60,,,FALSE,model has fewer than 200 outcome-labelled patients,,,,,,,,
continuous,rna_pathway_activity,THYM,HALLMARK_G2M_CHECKPOINT,FALSE,117,FALSE,Broad race,Asian,12,,,FALSE,model has fewer than 200 outcome-labelled patients,,,,,,,,
continuous,rna_pathway_activity,THYM,HALLMARK_G2M_CHECKPOINT,FALSE,117,FALSE,Broad race,Black or African American,6,,,FALSE,model has fewer than 200 outcome-labelled patients,,,,,,,,
continuous,rna_pathway_activity,THYM,HALLMARK_G2M_CHECKPOINT,FALSE,117,FALSE,Broad race,Missing,2,,,FALSE,model has fewer than 200 outcome-labelled patients,,,,,,,,
continuous,rna_pathway_activity,THYM,HALLMARK_G2M_CHECKPOINT,FALSE,117,FALSE,Broad race,White,97,,,FALSE,model has fewer than 200 outcome-labelled patients,,,,,,,,
continuous,rna_pathway_activity,THYM,HALLMARK_G2M_CHECKPOINT,FALSE,117,FALSE,Recorded sex,FEMALE,57,,,FALSE,model has fewer than 200 outcome-labelled patients,,,,,,,,
continuous,rna_pathway_activity,THYM,HALLMARK_G2M_CHECKPOINT,FALSE,117,FALSE,Recorded sex,MALE,60,,,FALSE,model has fewer than 200 outcome-labelled patients,,,,,,,,
continuous,rna_pathway_activity,THYM,HALLMARK_GLYCOLYSIS,FALSE,117,FALSE,Broad race,Asian,12,,,FALSE,model has fewer than 200 outcome-labelled patients,,,,,,,,
continuous,rna_pathway_activity,THYM,HALLMARK_GLYCOLYSIS,FALSE,117,FALSE,Broad race,Black or African American,6,,,FALSE,model has fewer than 200 outcome-labelled patients,,,,,,,,
continuous,rna_pathway_activity,THYM,HALLMARK_GLYCOLYSIS,FALSE,117,FALSE,Broad race,Missing,2,,,FALSE,model has fewer than 200 outcome-labelled patients,,,,,,,,
continuous,rna_pathway_activity,THYM,HALLMARK_GLYCOLYSIS,FALSE,117,FALSE,Broad race,White,97,,,FALSE,model has fewer than 200 outcome-labelled patients,,,,,,,,
continuous,rna_pathway_activity,THYM,HALLMARK_GLYCOLYSIS,FALSE,117,FALSE,Recorded sex,FEMALE,57,,,FALSE,model has fewer than 200 outcome-labelled patients,,,,,,,,
continuous,rna_pathway_activity,THYM,HALLMARK_GLYCOLYSIS,FALSE,117,FALSE,Recorded sex,MALE,60,,,FALSE,model has fewer than 200 outcome-labelled patients,,,,,,,,
continuous,rna_pathway_activity,THYM,HALLMARK_HEDGEHOG_SIGNALING,FALSE,117,FALSE,Broad race,Asian,12,,,FALSE,model has fewer than 200 outcome-labelled patients,,,,,,,,
continuous,rna_pathway_activity,THYM,HALLMARK_HEDGEHOG_SIGNALING,FALSE,117,FALSE,Broad race,Black or African American,6,,,FALSE,model has fewer than 200 outcome-labelled patients,,,,,,,,
continuous,rna_pathway_activity,THYM,HALLMARK_HEDGEHOG_SIGNALING,FALSE,117,FALSE,Broad race,Missing,2,,,FALSE,model has fewer than 200 outcome-labelled patients,,,,,,,,
continuous,rna_pathway_activity,THYM,HALLMARK_HEDGEHOG_SIGNALING,FALSE,117,FALSE,Broad race,White,97,,,FALSE,model has fewer than 200 outcome-labelled patients,,,,,,,,
continuous,rna_pathway_activity,THYM,HALLMARK_HEDGEHOG_SIGNALING,FALSE,117,FALSE,Recorded sex,FEMALE,57,,,FALSE,model has fewer than 200 outcome-labelled patients,,,,,,,,
continuous,rna_pathway_activity,THYM,HALLMARK_HEDGEHOG_SIGNALING,FALSE,117,FALSE,Recorded sex,MALE,60,,,FALSE,model has fewer than 200 outcome-labelled patients,,,,,,,,
continuous,rna_pathway_activity,THYM,HALLMARK_INTERFERON_ALPHA_RESPONSE,FALSE,117,FALSE,Broad race,Asian,12,,,FALSE,model has fewer than 200 outcome-labelled patients,,,,,,,,
continuous,rna_pathway_activity,THYM,HALLMARK_INTERFERON_ALPHA_RESPONSE,FALSE,117,FALSE,Broad race,Black or African American,6,,,FALSE,model has fewer than 200 outcome-labelled patients,,,,,,,,
continuous,rna_pathway_activity,THYM,HALLMARK_INTERFERON_ALPHA_RESPONSE,FALSE,117,FALSE,Broad race,Missing,2,,,FALSE,model has fewer than 200 outcome-labelled patients,,,,,,,,
continuous,rna_pathway_activity,THYM,HALLMARK_INTERFERON_ALPHA_RESPONSE,FALSE,117,FALSE,Broad race,White,97,,,FALSE,model has fewer than 200 outcome-labelled patients,,,,,,,,
continuous,rna_pathway_activity,THYM,HALLMARK_INTERFERON_ALPHA_RESPONSE,FALSE,117,FALSE,Recorded sex,FEMALE,57,,,FALSE,model has fewer than 200 outcome-labelled patients,,,,,,,,
continuous,rna_pathway_activity,THYM,HALLMARK_INTERFERON_ALPHA_RESPONSE,FALSE,117,FALSE,Recorded sex,MALE,60,,,FALSE,model has fewer than 200 outcome-labelled patients,,,,,,,,
continuous,rna_pathway_activity,THYM,HALLMARK_INTERFERON_GAMMA_RESPONSE,FALSE,117,FALSE,Broad race,Asian,12,,,FALSE,model has fewer than 200 outcome-labelled patients,,,,,,,,
continuous,rna_pathway_activity,THYM,HALLMARK_INTERFERON_GAMMA_RESPONSE,FALSE,117,FALSE,Broad race,Black or African American,6,,,FALSE,model has fewer than 200 outcome-labelled patients,,,,,,,,
continuous,rna_pathway_activity,THYM,HALLMARK_INTERFERON_GAMMA_RESPONSE,FALSE,117,FALSE,Broad race,Missing,2,,,FALSE,model has fewer than 200 outcome-labelled patients,,,,,,,,
continuous,rna_pathway_activity,THYM,HALLMARK_INTERFERON_GAMMA_RESPONSE,FALSE,117,FALSE,Broad race,White,97,,,FALSE,model has fewer than 200 outcome-labelled patients,,,,,,,,
continuous,rna_pathway_activity,THYM,HALLMARK_INTERFERON_GAMMA_RESPONSE,FALSE,117,FALSE,Recorded sex,FEMALE,57,,,FALSE,model has fewer than 200 outcome-labelled patients,,,,,,,,
continuous,rna_pathway_activity,THYM,HALLMARK_INTERFERON_GAMMA_RESPONSE,FALSE,117,FALSE,Recorded sex,MALE,60,,,FALSE,model has fewer than 200 outcome-labelled patients,,,,,,,,
continuous,rna_pathway_activity,THYM,HALLMARK_KRAS_SIGNALING_DN,FALSE,117,FALSE,Broad race,Asian,12,,,FALSE,model has fewer than 200 outcome-labelled patients,,,,,,,,
continuous,rna_pathway_activity,THYM,HALLMARK_KRAS_SIGNALING_DN,FALSE,117,FALSE,Broad race,Black or African American,6,,,FALSE,model has fewer than 200 outcome-labelled patients,,,,,,,,
continuous,rna_pathway_activity,THYM,HALLMARK_KRAS_SIGNALING_DN,FALSE,117,FALSE,Broad race,Missing,2,,,FALSE,model has fewer than 200 outcome-labelled patients,,,,,,,,
continuous,rna_pathway_activity,THYM,HALLMARK_KRAS_SIGNALING_DN,FALSE,117,FALSE,Broad race,White,97,,,FALSE,model has fewer than 200 outcome-labelled patients,,,,,,,,
continuous,rna_pathway_activity,THYM,HALLMARK_KRAS_SIGNALING_DN,FALSE,117,FALSE,Recorded sex,FEMALE,57,,,FALSE,model has fewer than 200 outcome-labelled patients,,,,,,,,
continuous,rna_pathway_activity,THYM,HALLMARK_KRAS_SIGNALING_DN,FALSE,117,FALSE,Recorded sex,MALE,60,,,FALSE,model has fewer than 200 outcome-labelled patients,,,,,,,,
continuous,rna_pathway_activity,THYM,HALLMARK_MTORC1_SIGNALING,FALSE,117,FALSE,Broad race,Asian,12,,,FALSE,model has fewer than 200 outcome-labelled patients,,,,,,,,
continuous,rna_pathway_activity,THYM,HALLMARK_MTORC1_SIGNALING,FALSE,117,FALSE,Broad race,Black or African American,6,,,FALSE,model has fewer than 200 outcome-labelled patients,,,,,,,,
continuous,rna_pathway_activity,THYM,HALLMARK_MTORC1_SIGNALING,FALSE,117,FALSE,Broad race,Missing,2,,,FALSE,model has fewer than 200 outcome-labelled patients,,,,,,,,
continuous,rna_pathway_activity,THYM,HALLMARK_MTORC1_SIGNALING,FALSE,117,FALSE,Broad race,White,97,,,FALSE,model has fewer than 200 outcome-labelled patients,,,,,,,,
continuous,rna_pathway_activity,THYM,HALLMARK_MTORC1_SIGNALING,FALSE,117,FALSE,Recorded sex,FEMALE,57,,,FALSE,model has fewer than 200 outcome-labelled patients,,,,,,,,
continuous,rna_pathway_activity,THYM,HALLMARK_MTORC1_SIGNALING,FALSE,117,FALSE,Recorded sex,MALE,60,,,FALSE,model has fewer than 200 outcome-labelled patients,,,,,,,,
continuous,rna_pathway_activity,THYM,HALLMARK_MYC_TARGETS_V1,FALSE,117,FALSE,Broad race,Asian,12,,,FALSE,model has fewer than 200 outcome-labelled patients,,,,,,,,
continuous,rna_pathway_activity,THYM,HALLMARK_MYC_TARGETS_V1,FALSE,117,FALSE,Broad race,Black or African American,6,,,FALSE,model has fewer than 200 outcome-labelled patients,,,,,,,,
continuous,rna_pathway_activity,THYM,HALLMARK_MYC_TARGETS_V1,FALSE,117,FALSE,Broad race,Missing,2,,,FALSE,model has fewer than 200 outcome-labelled patients,,,,,,,,
continuous,rna_pathway_activity,THYM,HALLMARK_MYC_TARGETS_V1,FALSE,117,FALSE,Broad race,White,97,,,FALSE,model has fewer than 200 outcome-labelled patients,,,,,,,,
continuous,rna_pathway_activity,THYM,HALLMARK_MYC_TARGETS_V1,FALSE,117,FALSE,Recorded sex,FEMALE,57,,,FALSE,model has fewer than 200 outcome-labelled patients,,,,,,,,
continuous,rna_pathway_activity,THYM,HALLMARK_MYC_TARGETS_V1,FALSE,117,FALSE,Recorded sex,MALE,60,,,FALSE,model has fewer than 200 outcome-labelled patients,,,,,,,,
continuous,rna_pathway_activity,THYM,HALLMARK_MYC_TARGETS_V2,FALSE,117,FALSE,Broad race,Asian,12,,,FALSE,model has fewer than 200 outcome-labelled patients,,,,,,,,
continuous,rna_pathway_activity,THYM,HALLMARK_MYC_TARGETS_V2,FALSE,117,FALSE,Broad race,Black or African American,6,,,FALSE,model has fewer than 200 outcome-labelled patients,,,,,,,,
continuous,rna_pathway_activity,THYM,HALLMARK_MYC_TARGETS_V2,FALSE,117,FALSE,Broad race,Missing,2,,,FALSE,model has fewer than 200 outcome-labelled patients,,,,,,,,
continuous,rna_pathway_activity,THYM,HALLMARK_MYC_TARGETS_V2,FALSE,117,FALSE,Broad race,White,97,,,FALSE,model has fewer than 200 outcome-labelled patients,,,,,,,,
continuous,rna_pathway_activity,THYM,HALLMARK_MYC_TARGETS_V2,FALSE,117,FALSE,Recorded sex,FEMALE,57,,,FALSE,model has fewer than 200 outcome-labelled patients,,,,,,,,
continuous,rna_pathway_activity,THYM,HALLMARK_MYC_TARGETS_V2,FALSE,117,FALSE,Recorded sex,MALE,60,,,FALSE,model has fewer than 200 outcome-labelled patients,,,,,,,,
continuous,rna_pathway_activity,THYM,HALLMARK_MYOGENESIS,FALSE,117,FALSE,Broad race,Asian,12,,,FALSE,model has fewer than 200 outcome-labelled patients,,,,,,,,
continuous,rna_pathway_activity,THYM,HALLMARK_MYOGENESIS,FALSE,117,FALSE,Broad race,Black or African American,6,,,FALSE,model has fewer than 200 outcome-labelled patients,,,,,,,,
continuous,rna_pathway_activity,THYM,HALLMARK_MYOGENESIS,FALSE,117,FALSE,Broad race,Missing,2,,,FALSE,model has fewer than 200 outcome-labelled patients,,,,,,,,
continuous,rna_pathway_activity,THYM,HALLMARK_MYOGENESIS,FALSE,117,FALSE,Broad race,White,97,,,FALSE,model has fewer than 200 outcome-labelled patients,,,,,,,,
continuous,rna_pathway_activity,THYM,HALLMARK_MYOGENESIS,FALSE,117,FALSE,Recorded sex,FEMALE,57,,,FALSE,model has fewer than 200 outcome-labelled patients,,,,,,,,
continuous,rna_pathway_activity,THYM,HALLMARK_MYOGENESIS,FALSE,117,FALSE,Recorded sex,MALE,60,,,FALSE,model has fewer than 200 outcome-labelled patients,,,,,,,,
continuous,rna_pathway_activity,THYM,HALLMARK_NOTCH_SIGNALING,FALSE,117,FALSE,Broad race,Asian,12,,,FALSE,model has fewer than 200 outcome-labelled patients,,,,,,,,
continuous,rna_pathway_activity,THYM,HALLMARK_NOTCH_SIGNALING,FALSE,117,FALSE,Broad race,Black or African American,6,,,FALSE,model has fewer than 200 outcome-labelled patients,,,,,,,,
continuous,rna_pathway_activity,THYM,HALLMARK_NOTCH_SIGNALING,FALSE,117,FALSE,Broad race,Missing,2,,,FALSE,model has fewer than 200 outcome-labelled patients,,,,,,,,
continuous,rna_pathway_activity,THYM,HALLMARK_NOTCH_SIGNALING,FALSE,117,FALSE,Broad race,White,97,,,FALSE,model has fewer than 200 outcome-labelled patients,,,,,,,,
continuous,rna_pathway_activity,THYM,HALLMARK_NOTCH_SIGNALING,FALSE,117,FALSE,Recorded sex,FEMALE,57,,,FALSE,model has fewer than 200 outcome-labelled patients,,,,,,,,
continuous,rna_pathway_activity,THYM,HALLMARK_NOTCH_SIGNALING,FALSE,117,FALSE,Recorded sex,MALE,60,,,FALSE,model has fewer than 200 outcome-labelled patients,,,,,,,,
continuous,rna_pathway_activity,THYM,HALLMARK_OXIDATIVE_PHOSPHORYLATION,FALSE,117,FALSE,Broad race,Asian,12,,,FALSE,model has fewer than 200 outcome-labelled patients,,,,,,,,
continuous,rna_pathway_activity,THYM,HALLMARK_OXIDATIVE_PHOSPHORYLATION,FALSE,117,FALSE,Broad race,Black or African American,6,,,FALSE,model has fewer than 200 outcome-labelled patients,,,,,,,,
continuous,rna_pathway_activity,THYM,HALLMARK_OXIDATIVE_PHOSPHORYLATION,FALSE,117,FALSE,Broad race,Missing,2,,,FALSE,model has fewer than 200 outcome-labelled patients,,,,,,,,
continuous,rna_pathway_activity,THYM,HALLMARK_OXIDATIVE_PHOSPHORYLATION,FALSE,117,FALSE,Broad race,White,97,,,FALSE,model has fewer than 200 outcome-labelled patients,,,,,,,,
continuous,rna_pathway_activity,THYM,HALLMARK_OXIDATIVE_PHOSPHORYLATION,FALSE,117,FALSE,Recorded sex,FEMALE,57,,,FALSE,model has fewer than 200 outcome-labelled patients,,,,,,,,
continuous,rna_pathway_activity,THYM,HALLMARK_OXIDATIVE_PHOSPHORYLATION,FALSE,117,FALSE,Recorded sex,MALE,60,,,FALSE,model has fewer than 200 outcome-labelled patients,,,,,,,,
continuous,rna_pathway_activity,THYM,HALLMARK_P53_PATHWAY,FALSE,117,FALSE,Broad race,Asian,12,,,FALSE,model has fewer than 200 outcome-labelled patients,,,,,,,,
continuous,rna_pathway_activity,THYM,HALLMARK_P53_PATHWAY,FALSE,117,FALSE,Broad race,Black or African American,6,,,FALSE,model has fewer than 200 outcome-labelled patients,,,,,,,,
continuous,rna_pathway_activity,THYM,HALLMARK_P53_PATHWAY,FALSE,117,FALSE,Broad race,Missing,2,,,FALSE,model has fewer than 200 outcome-labelled patients,,,,,,,,
continuous,rna_pathway_activity,THYM,HALLMARK_P53_PATHWAY,FALSE,117,FALSE,Broad race,White,97,,,FALSE,model has fewer than 200 outcome-labelled patients,,,,,,,,
continuous,rna_pathway_activity,THYM,HALLMARK_P53_PATHWAY,FALSE,117,FALSE,Recorded sex,FEMALE,57,,,FALSE,model has fewer than 200 outcome-labelled patients,,,,,,,,
continuous,rna_pathway_activity,THYM,HALLMARK_P53_PATHWAY,FALSE,117,FALSE,Recorded sex,MALE,60,,,FALSE,model has fewer than 200 outcome-labelled patients,,,,,,,,
continuous,rna_pathway_activity,THYM,HALLMARK_PANCREAS_BETA_CELLS,FALSE,117,FALSE,Broad race,Asian,12,,,FALSE,model has fewer than 200 outcome-labelled patients,,,,,,,,
continuous,rna_pathway_activity,THYM,HALLMARK_PANCREAS_BETA_CELLS,FALSE,117,FALSE,Broad race,Black or African American,6,,,FALSE,model has fewer than 200 outcome-labelled patients,,,,,,,,
continuous,rna_pathway_activity,THYM,HALLMARK_PANCREAS_BETA_CELLS,FALSE,117,FALSE,Broad race,Missing,2,,,FALSE,model has fewer than 200 outcome-labelled patients,,,,,,,,
continuous,rna_pathway_activity,THYM,HALLMARK_PANCREAS_BETA_CELLS,FALSE,117,FALSE,Broad race,White,97,,,FALSE,model has fewer than 200 outcome-labelled patients,,,,,,,,
continuous,rna_pathway_activity,THYM,HALLMARK_PANCREAS_BETA_CELLS,FALSE,117,FALSE,Recorded sex,FEMALE,57,,,FALSE,model has fewer than 200 outcome-labelled patients,,,,,,,,
continuous,rna_pathway_activity,THYM,HALLMARK_PANCREAS_BETA_CELLS,FALSE,117,FALSE,Recorded sex,MALE,60,,,FALSE,model has fewer than 200 outcome-labelled patients,,,,,,,,
continuous,rna_pathway_activity,THYM,HALLMARK_PEROXISOME,FALSE,117,FALSE,Broad race,Asian,12,,,FALSE,model has fewer than 200 outcome-labelled patients,,,,,,,,
continuous,rna_pathway_activity,THYM,HALLMARK_PEROXISOME,FALSE,117,FALSE,Broad race,Black or African American,6,,,FALSE,model has fewer than 200 outcome-labelled patients,,,,,,,,
continuous,rna_pathway_activity,THYM,HALLMARK_PEROXISOME,FALSE,117,FALSE,Broad race,Missing,2,,,FALSE,model has fewer than 200 outcome-labelled patients,,,,,,,,
continuous,rna_pathway_activity,THYM,HALLMARK_PEROXISOME,FALSE,117,FALSE,Broad race,White,97,,,FALSE,model has fewer than 200 outcome-labelled patients,,,,,,,,
continuous,rna_pathway_activity,THYM,HALLMARK_PEROXISOME,FALSE,117,FALSE,Recorded sex,FEMALE,57,,,FALSE,model has fewer than 200 outcome-labelled patients,,,,,,,,
continuous,rna_pathway_activity,THYM,HALLMARK_PEROXISOME,FALSE,117,FALSE,Recorded sex,MALE,60,,,FALSE,model has fewer than 200 outcome-labelled patients,,,,,,,,
continuous,rna_pathway_activity,THYM,HALLMARK_REACTIVE_OXYGEN_SPECIES_PATHWAY,FALSE,117,FALSE,Broad race,Asian,12,,,FALSE,model has fewer than 200 outcome-labelled patients,,,,,,,,
continuous,rna_pathway_activity,THYM,HALLMARK_REACTIVE_OXYGEN_SPECIES_PATHWAY,FALSE,117,FALSE,Broad race,Black or African American,6,,,FALSE,model has fewer than 200 outcome-labelled patients,,,,,,,,
continuous,rna_pathway_activity,THYM,HALLMARK_REACTIVE_OXYGEN_SPECIES_PATHWAY,FALSE,117,FALSE,Broad race,Missing,2,,,FALSE,model has fewer than 200 outcome-labelled patients,,,,,,,,
continuous,rna_pathway_activity,THYM,HALLMARK_REACTIVE_OXYGEN_SPECIES_PATHWAY,FALSE,117,FALSE,Broad race,White,97,,,FALSE,model has fewer than 200 outcome-labelled patients,,,,,,,,
continuous,rna_pathway_activity,THYM,HALLMARK_REACTIVE_OXYGEN_SPECIES_PATHWAY,FALSE,117,FALSE,Recorded sex,FEMALE,57,,,FALSE,model has fewer than 200 outcome-labelled patients,,,,,,,,
continuous,rna_pathway_activity,THYM,HALLMARK_REACTIVE_OXYGEN_SPECIES_PATHWAY,FALSE,117,FALSE,Recorded sex,MALE,60,,,FALSE,model has fewer than 200 outcome-labelled patients,,,,,,,,
continuous,rna_pathway_activity,THYM,HALLMARK_TGF_BETA_SIGNALING,FALSE,117,FALSE,Broad race,Asian,12,,,FALSE,model has fewer than 200 outcome-labelled patients,,,,,,,,
continuous,rna_pathway_activity,THYM,HALLMARK_TGF_BETA_SIGNALING,FALSE,117,FALSE,Broad race,Black or African American,6,,,FALSE,model has fewer than 200 outcome-labelled patients,,,,,,,,
continuous,rna_pathway_activity,THYM,HALLMARK_TGF_BETA_SIGNALING,FALSE,117,FALSE,Broad race,Missing,2,,,FALSE,model has fewer than 200 outcome-labelled patients,,,,,,,,
continuous,rna_pathway_activity,THYM,HALLMARK_TGF_BETA_SIGNALING,FALSE,117,FALSE,Broad race,White,97,,,FALSE,model has fewer than 200 outcome-labelled patients,,,,,,,,
continuous,rna_pathway_activity,THYM,HALLMARK_TGF_BETA_SIGNALING,FALSE,117,FALSE,Recorded sex,FEMALE,57,,,FALSE,model has fewer than 200 outcome-labelled patients,,,,,,,,
continuous,rna_pathway_activity,THYM,HALLMARK_TGF_BETA_SIGNALING,FALSE,117,FALSE,Recorded sex,MALE,60,,,FALSE,model has fewer than 200 outcome-labelled patients,,,,,,,,
continuous,rna_pathway_activity,THYM,HALLMARK_TNFA_SIGNALING_VIA_NFKB,FALSE,117,FALSE,Broad race,Asian,12,,,FALSE,model has fewer than 200 outcome-labelled patients,,,,,,,,
continuous,rna_pathway_activity,THYM,HALLMARK_TNFA_SIGNALING_VIA_NFKB,FALSE,117,FALSE,Broad race,Black or African American,6,,,FALSE,model has fewer than 200 outcome-labelled patients,,,,,,,,
continuous,rna_pathway_activity,THYM,HALLMARK_TNFA_SIGNALING_VIA_NFKB,FALSE,117,FALSE,Broad race,Missing,2,,,FALSE,model has fewer than 200 outcome-labelled patients,,,,,,,,
continuous,rna_pathway_activity,THYM,HALLMARK_TNFA_SIGNALING_VIA_NFKB,FALSE,117,FALSE,Broad race,White,97,,,FALSE,model has fewer than 200 outcome-labelled patients,,,,,,,,
continuous,rna_pathway_activity,THYM,HALLMARK_TNFA_SIGNALING_VIA_NFKB,FALSE,117,FALSE,Recorded sex,FEMALE,57,,,FALSE,model has fewer than 200 outcome-labelled patients,,,,,,,,
continuous,rna_pathway_activity,THYM,HALLMARK_TNFA_SIGNALING_VIA_NFKB,FALSE,117,FALSE,Recorded sex,MALE,60,,,FALSE,model has fewer than 200 outcome-labelled patients,,,,,,,,
continuous,rna_pathway_activity,THYM,HALLMARK_UV_RESPONSE_DN,FALSE,117,FALSE,Broad race,Asian,12,,,FALSE,model has fewer than 200 outcome-labelled patients,,,,,,,,
continuous,rna_pathway_activity,THYM,HALLMARK_UV_RESPONSE_DN,FALSE,117,FALSE,Broad race,Black or African American,6,,,FALSE,model has fewer than 200 outcome-labelled patients,,,,,,,,
continuous,rna_pathway_activity,THYM,HALLMARK_UV_RESPONSE_DN,FALSE,117,FALSE,Broad race,Missing,2,,,FALSE,model has fewer than 200 outcome-labelled patients,,,,,,,,
continuous,rna_pathway_activity,THYM,HALLMARK_UV_RESPONSE_DN,FALSE,117,FALSE,Broad race,White,97,,,FALSE,model has fewer than 200 outcome-labelled patients,,,,,,,,
continuous,rna_pathway_activity,THYM,HALLMARK_UV_RESPONSE_DN,FALSE,117,FALSE,Recorded sex,FEMALE,57,,,FALSE,model has fewer than 200 outcome-labelled patients,,,,,,,,
continuous,rna_pathway_activity,THYM,HALLMARK_UV_RESPONSE_DN,FALSE,117,FALSE,Recorded sex,MALE,60,,,FALSE,model has fewer than 200 outcome-labelled patients,,,,,,,,
continuous,rna_pathway_activity,THYM,HALLMARK_UV_RESPONSE_UP,FALSE,117,FALSE,Broad race,Asian,12,,,FALSE,model has fewer than 200 outcome-labelled patients,,,,,,,,
continuous,rna_pathway_activity,THYM,HALLMARK_UV_RESPONSE_UP,FALSE,117,FALSE,Broad race,Black or African American,6,,,FALSE,model has fewer than 200 outcome-labelled patients,,,,,,,,
continuous,rna_pathway_activity,THYM,HALLMARK_UV_RESPONSE_UP,FALSE,117,FALSE,Broad race,Missing,2,,,FALSE,model has fewer than 200 outcome-labelled patients,,,,,,,,
continuous,rna_pathway_activity,THYM,HALLMARK_UV_RESPONSE_UP,FALSE,117,FALSE,Broad race,White,97,,,FALSE,model has fewer than 200 outcome-labelled patients,,,,,,,,
continuous,rna_pathway_activity,THYM,HALLMARK_UV_RESPONSE_UP,FALSE,117,FALSE,Recorded sex,FEMALE,57,,,FALSE,model has fewer than 200 outcome-labelled patients,,,,,,,,
continuous,rna_pathway_activity,THYM,HALLMARK_UV_RESPONSE_UP,FALSE,117,FALSE,Recorded sex,MALE,60,,,FALSE,model has fewer than 200 outcome-labelled patients,,,,,,,,
continuous,rna_pathway_activity,THYM,HALLMARK_WNT_BETA_CATENIN_SIGNALING,FALSE,117,FALSE,Broad race,Asian,12,,,FALSE,model has fewer than 200 outcome-labelled patients,,,,,,,,
continuous,rna_pathway_activity,THYM,HALLMARK_WNT_BETA_CATENIN_SIGNALING,FALSE,117,FALSE,Broad race,Black or African American,6,,,FALSE,model has fewer than 200 outcome-labelled patients,,,,,,,,
continuous,rna_pathway_activity,THYM,HALLMARK_WNT_BETA_CATENIN_SIGNALING,FALSE,117,FALSE,Broad race,Missing,2,,,FALSE,model has fewer than 200 outcome-labelled patients,,,,,,,,
continuous,rna_pathway_activity,THYM,HALLMARK_WNT_BETA_CATENIN_SIGNALING,FALSE,117,FALSE,Broad race,White,97,,,FALSE,model has fewer than 200 outcome-labelled patients,,,,,,,,
continuous,rna_pathway_activity,THYM,HALLMARK_WNT_BETA_CATENIN_SIGNALING,FALSE,117,FALSE,Recorded sex,FEMALE,57,,,FALSE,model has fewer than 200 outcome-labelled patients,,,,,,,,
continuous,rna_pathway_activity,THYM,HALLMARK_WNT_BETA_CATENIN_SIGNALING,FALSE,117,FALSE,Recorded sex,MALE,60,,,FALSE,model has fewer than 200 outcome-labelled patients,,,,,,,,
continuous,rna_pathway_activity,THYM,HALLMARK_XENOBIOTIC_METABOLISM,FALSE,117,FALSE,Broad race,Asian,12,,,FALSE,model has fewer than 200 outcome-labelled patients,,,,,,,,
continuous,rna_pathway_activity,THYM,HALLMARK_XENOBIOTIC_METABOLISM,FALSE,117,FALSE,Broad race,Black or African American,6,,,FALSE,model has fewer than 200 outcome-labelled patients,,,,,,,,
continuous,rna_pathway_activity,THYM,HALLMARK_XENOBIOTIC_METABOLISM,FALSE,117,FALSE,Broad race,Missing,2,,,FALSE,model has fewer than 200 outcome-labelled patients,,,,,,,,
continuous,rna_pathway_activity,THYM,HALLMARK_XENOBIOTIC_METABOLISM,FALSE,117,FALSE,Broad race,White,97,,,FALSE,model has fewer than 200 outcome-labelled patients,,,,,,,,
continuous,rna_pathway_activity,THYM,HALLMARK_XENOBIOTIC_METABOLISM,FALSE,117,FALSE,Recorded sex,FEMALE,57,,,FALSE,model has fewer than 200 outcome-labelled patients,,,,,,,,
continuous,rna_pathway_activity,THYM,HALLMARK_XENOBIOTIC_METABOLISM,FALSE,117,FALSE,Recorded sex,MALE,60,,,FALSE,model has fewer than 200 outcome-labelled patients,,,,,,,,
continuous,rna_pathway_activity,THYM,REACTOME_GLUTATHIONE_SYNTHESIS_AND_RECYCLING,FALSE,117,FALSE,Broad race,Asian,12,,,FALSE,model has fewer than 200 outcome-labelled patients,,,,,,,,
continuous,rna_pathway_activity,THYM,REACTOME_GLUTATHIONE_SYNTHESIS_AND_RECYCLING,FALSE,117,FALSE,Broad race,Black or African American,6,,,FALSE,model has fewer than 200 outcome-labelled patients,,,,,,,,
continuous,rna_pathway_activity,THYM,REACTOME_GLUTATHIONE_SYNTHESIS_AND_RECYCLING,FALSE,117,FALSE,Broad race,Missing,2,,,FALSE,model has fewer than 200 outcome-labelled patients,,,,,,,,
continuous,rna_pathway_activity,THYM,REACTOME_GLUTATHIONE_SYNTHESIS_AND_RECYCLING,FALSE,117,FALSE,Broad race,White,97,,,FALSE,model has fewer than 200 outcome-labelled patients,,,,,,,,
continuous,rna_pathway_activity,THYM,REACTOME_GLUTATHIONE_SYNTHESIS_AND_RECYCLING,FALSE,117,FALSE,Recorded sex,FEMALE,57,,,FALSE,model has fewer than 200 outcome-labelled patients,,,,,,,,
continuous,rna_pathway_activity,THYM,REACTOME_GLUTATHIONE_SYNTHESIS_AND_RECYCLING,FALSE,117,FALSE,Recorded sex,MALE,60,,,FALSE,model has fewer than 200 outcome-labelled patients,,,,,,,,
continuous,rna_pathway_activity,UCEC,HALLMARK_ALLOGRAFT_REJECTION,FALSE,492,TRUE,Broad race,Asian,19,,,FALSE,fewer than 50 subgroup patients,,,,,,,,
continuous,rna_pathway_activity,UCEC,HALLMARK_ALLOGRAFT_REJECTION,FALSE,492,TRUE,Broad race,Black or African American,99,,,TRUE,performance estimated,0.269572104342486,0.38327727708672,0.560474953617811,,,,,
continuous,rna_pathway_activity,UCEC,HALLMARK_ALLOGRAFT_REJECTION,FALSE,492,TRUE,Broad race,Missing,30,,,FALSE,demographic field missing,,,,,,,,
continuous,rna_pathway_activity,UCEC,HALLMARK_ALLOGRAFT_REJECTION,FALSE,492,TRUE,Broad race,Other recorded race,11,,,FALSE,fewer than 50 subgroup patients,,,,,,,,
continuous,rna_pathway_activity,UCEC,HALLMARK_ALLOGRAFT_REJECTION,FALSE,492,TRUE,Broad race,White,333,,,TRUE,performance estimated,0.229486788496506,0.381556918995599,0.480798026220434,,,,,
continuous,rna_pathway_activity,UCEC,HALLMARK_ALLOGRAFT_REJECTION,FALSE,492,TRUE,Recorded sex,FEMALE,492,,,TRUE,performance estimated,0.269670757940675,0.372975137303814,0.514968276248987,,,,,
continuous,rna_pathway_activity,UCEC,HALLMARK_DNA_REPAIR,FALSE,492,TRUE,Broad race,Asian,19,,,FALSE,fewer than 50 subgroup patients,,,,,,,,
continuous,rna_pathway_activity,UCEC,HALLMARK_DNA_REPAIR,FALSE,492,TRUE,Broad race,Black or African American,99,,,TRUE,performance estimated,0.0950827356857644,0.251703266244388,0.411111935683364,,,,,
continuous,rna_pathway_activity,UCEC,HALLMARK_DNA_REPAIR,FALSE,492,TRUE,Broad race,Missing,30,,,FALSE,demographic field missing,,,,,,,,
continuous,rna_pathway_activity,UCEC,HALLMARK_DNA_REPAIR,FALSE,492,TRUE,Broad race,Other recorded race,11,,,FALSE,fewer than 50 subgroup patients,,,,,,,,
continuous,rna_pathway_activity,UCEC,HALLMARK_DNA_REPAIR,FALSE,492,TRUE,Broad race,White,333,,,TRUE,performance estimated,0.163033700207438,0.194842997918909,0.446779056670118,,,,,
continuous,rna_pathway_activity,UCEC,HALLMARK_DNA_REPAIR,FALSE,492,TRUE,Recorded sex,FEMALE,492,,,TRUE,performance estimated,0.22712054373517,0.207349348475524,0.491642963739635,,,,,
continuous,rna_pathway_activity,UCEC,HALLMARK_E2F_TARGETS,FALSE,492,TRUE,Broad race,Asian,19,,,FALSE,fewer than 50 subgroup patients,,,,,,,,
continuous,rna_pathway_activity,UCEC,HALLMARK_E2F_TARGETS,FALSE,492,TRUE,Broad race,Black or African American,99,,,TRUE,performance estimated,0.255631130848384,0.394967376748063,0.544425479282622,,,,,
continuous,rna_pathway_activity,UCEC,HALLMARK_E2F_TARGETS,FALSE,492,TRUE,Broad race,Missing,30,,,FALSE,demographic field missing,,,,,,,,
continuous,rna_pathway_activity,UCEC,HALLMARK_E2F_TARGETS,FALSE,492,TRUE,Broad race,Other recorded race,11,,,FALSE,fewer than 50 subgroup patients,,,,,,,,
continuous,rna_pathway_activity,UCEC,HALLMARK_E2F_TARGETS,FALSE,492,TRUE,Broad race,White,333,,,TRUE,performance estimated,0.320728947861687,0.447353505702728,0.594665114577098,,,,,
continuous,rna_pathway_activity,UCEC,HALLMARK_E2F_TARGETS,FALSE,492,TRUE,Recorded sex,FEMALE,492,,,TRUE,performance estimated,0.314185872370641,0.458841086183093,0.59251144355385,,,,,
continuous,rna_pathway_activity,UCEC,HALLMARK_ESTROGEN_RESPONSE_EARLY,FALSE,492,TRUE,Broad race,Asian,19,,,FALSE,fewer than 50 subgroup patients,,,,,,,,
continuous,rna_pathway_activity,UCEC,HALLMARK_ESTROGEN_RESPONSE_EARLY,FALSE,492,TRUE,Broad race,Black or African American,99,,,TRUE,performance estimated,0.180850439270638,0.183567247839722,0.468425479282622,,,,,
continuous,rna_pathway_activity,UCEC,HALLMARK_ESTROGEN_RESPONSE_EARLY,FALSE,492,TRUE,Broad race,Missing,30,,,FALSE,demographic field missing,,,,,,,,
continuous,rna_pathway_activity,UCEC,HALLMARK_ESTROGEN_RESPONSE_EARLY,FALSE,492,TRUE,Broad race,Other recorded race,11,,,FALSE,fewer than 50 subgroup patients,,,,,,,,
continuous,rna_pathway_activity,UCEC,HALLMARK_ESTROGEN_RESPONSE_EARLY,FALSE,492,TRUE,Broad race,White,333,,,TRUE,performance estimated,0.210521432802991,0.192129769379625,0.480700013194061,,,,,
continuous,rna_pathway_activity,UCEC,HALLMARK_ESTROGEN_RESPONSE_EARLY,FALSE,492,TRUE,Recorded sex,FEMALE,492,,,TRUE,performance estimated,0.211454427991513,0.194770594637747,0.486220771190084,,,,,
continuous,rna_pathway_activity,UCEC,HALLMARK_G2M_CHECKPOINT,FALSE,492,TRUE,Broad race,Asian,19,,,FALSE,fewer than 50 subgroup patients,,,,,,,,
continuous,rna_pathway_activity,UCEC,HALLMARK_G2M_CHECKPOINT,FALSE,492,TRUE,Broad race,Black or African American,99,,,TRUE,performance estimated,0.235810506146015,0.353941376010388,0.511468150896722,,,,,
continuous,rna_pathway_activity,UCEC,HALLMARK_G2M_CHECKPOINT,FALSE,492,TRUE,Broad race,Missing,30,,,FALSE,demographic field missing,,,,,,,,
continuous,rna_pathway_activity,UCEC,HALLMARK_G2M_CHECKPOINT,FALSE,492,TRUE,Broad race,Other recorded race,11,,,FALSE,fewer than 50 subgroup patients,,,,,,,,
continuous,rna_pathway_activity,UCEC,HALLMARK_G2M_CHECKPOINT,FALSE,492,TRUE,Broad race,White,333,,,TRUE,performance estimated,0.285097649155916,0.39752413963145,0.559930285960154,,,,,
continuous,rna_pathway_activity,UCEC,HALLMARK_G2M_CHECKPOINT,FALSE,492,TRUE,Recorded sex,FEMALE,492,,,TRUE,performance estimated,0.266910587171224,0.415428951702136,0.546104214151869,,,,,
continuous,rna_pathway_activity,UCEC,HALLMARK_IL6_JAK_STAT3_SIGNALING,FALSE,492,TRUE,Broad race,Asian,19,,,FALSE,fewer than 50 subgroup patients,,,,,,,,
continuous,rna_pathway_activity,UCEC,HALLMARK_IL6_JAK_STAT3_SIGNALING,FALSE,492,TRUE,Broad race,Black or African American,99,,,TRUE,performance estimated,0.0961464400718036,0.387791020756525,0.35943351886209,,,,,
continuous,rna_pathway_activity,UCEC,HALLMARK_IL6_JAK_STAT3_SIGNALING,FALSE,492,TRUE,Broad race,Missing,30,,,FALSE,demographic field missing,,,,,,,,
continuous,rna_pathway_activity,UCEC,HALLMARK_IL6_JAK_STAT3_SIGNALING,FALSE,492,TRUE,Broad race,Other recorded race,11,,,FALSE,fewer than 50 subgroup patients,,,,,,,,
continuous,rna_pathway_activity,UCEC,HALLMARK_IL6_JAK_STAT3_SIGNALING,FALSE,492,TRUE,Broad race,White,333,,,TRUE,performance estimated,0.22791625258658,0.34741723796497,0.463050063987947,,,,,
continuous,rna_pathway_activity,UCEC,HALLMARK_IL6_JAK_STAT3_SIGNALING,FALSE,492,TRUE,Recorded sex,FEMALE,492,,,TRUE,performance estimated,0.206665159454913,0.351703401657513,0.451597210683814,,,,,
continuous,rna_pathway_activity,UCEC,HALLMARK_MTORC1_SIGNALING,FALSE,492,TRUE,Broad race,Asian,19,,,FALSE,fewer than 50 subgroup patients,,,,,,,,
continuous,rna_pathway_activity,UCEC,HALLMARK_MTORC1_SIGNALING,FALSE,492,TRUE,Broad race,Black or African American,99,,,TRUE,performance estimated,-0.0661783139626753,0.259692100075139,0.270802721088435,,,,,
continuous,rna_pathway_activity,UCEC,HALLMARK_MTORC1_SIGNALING,FALSE,492,TRUE,Broad race,Missing,30,,,FALSE,demographic field missing,,,,,,,,
continuous,rna_pathway_activity,UCEC,HALLMARK_MTORC1_SIGNALING,FALSE,492,TRUE,Broad race,Other recorded race,11,,,FALSE,fewer than 50 subgroup patients,,,,,,,,
continuous,rna_pathway_activity,UCEC,HALLMARK_MTORC1_SIGNALING,FALSE,492,TRUE,Broad race,White,333,,,TRUE,performance estimated,0.218798648061367,0.267867039658908,0.486762131874317,,,,,
continuous,rna_pathway_activity,UCEC,HALLMARK_MTORC1_SIGNALING,FALSE,492,TRUE,Recorded sex,FEMALE,492,,,TRUE,performance estimated,0.18133253977614,0.282558816708085,0.463423883905248,,,,,
continuous,rna_pathway_activity,UCEC,HALLMARK_MYC_TARGETS_V1,FALSE,492,TRUE,Broad race,Asian,19,,,FALSE,fewer than 50 subgroup patients,,,,,,,,
continuous,rna_pathway_activity,UCEC,HALLMARK_MYC_TARGETS_V1,FALSE,492,TRUE,Broad race,Black or African American,99,,,TRUE,performance estimated,0.140907633695141,0.396594466468851,0.512546691403834,,,,,
continuous,rna_pathway_activity,UCEC,HALLMARK_MYC_TARGETS_V1,FALSE,492,TRUE,Broad race,Missing,30,,,FALSE,demographic field missing,,,,,,,,
continuous,rna_pathway_activity,UCEC,HALLMARK_MYC_TARGETS_V1,FALSE,492,TRUE,Broad race,Other recorded race,11,,,FALSE,fewer than 50 subgroup patients,,,,,,,,
continuous,rna_pathway_activity,UCEC,HALLMARK_MYC_TARGETS_V1,FALSE,492,TRUE,Broad race,White,333,,,TRUE,performance estimated,0.256036707162576,0.375388635814593,0.532302701662777,,,,,
continuous,rna_pathway_activity,UCEC,HALLMARK_MYC_TARGETS_V1,FALSE,492,TRUE,Recorded sex,FEMALE,492,,,TRUE,performance estimated,0.289909349794179,0.38698279618725,0.558804636930338,,,,,
continuous,rna_pathway_activity,UCEC,HALLMARK_MYC_TARGETS_V2,FALSE,492,TRUE,Broad race,Asian,19,,,FALSE,fewer than 50 subgroup patients,,,,,,,,
continuous,rna_pathway_activity,UCEC,HALLMARK_MYC_TARGETS_V2,FALSE,492,TRUE,Broad race,Black or African American,99,,,TRUE,performance estimated,0.0973732570751132,0.461603183388674,0.439725417439703,,,,,
continuous,rna_pathway_activity,UCEC,HALLMARK_MYC_TARGETS_V2,FALSE,492,TRUE,Broad race,Missing,30,,,FALSE,demographic field missing,,,,,,,,
continuous,rna_pathway_activity,UCEC,HALLMARK_MYC_TARGETS_V2,FALSE,492,TRUE,Broad race,Other recorded race,11,,,FALSE,fewer than 50 subgroup patients,,,,,,,,
continuous,rna_pathway_activity,UCEC,HALLMARK_MYC_TARGETS_V2,FALSE,492,TRUE,Broad race,White,333,,,TRUE,performance estimated,0.289184324859526,0.363487918015482,0.570537336268525,,,,,
continuous,rna_pathway_activity,UCEC,HALLMARK_MYC_TARGETS_V2,FALSE,492,TRUE,Recorded sex,FEMALE,492,,,TRUE,performance estimated,0.278949015372167,0.391973495861005,0.574078386971019,,,,,
continuous,rna_pathway_activity,UCEC,HALLMARK_WNT_BETA_CATENIN_SIGNALING,FALSE,492,TRUE,Broad race,Asian,19,,,FALSE,fewer than 50 subgroup patients,,,,,,,,
continuous,rna_pathway_activity,UCEC,HALLMARK_WNT_BETA_CATENIN_SIGNALING,FALSE,492,TRUE,Broad race,Black or African American,99,,,TRUE,performance estimated,0.144092657019266,0.296650506037613,0.380136054421769,,,,,
continuous,rna_pathway_activity,UCEC,HALLMARK_WNT_BETA_CATENIN_SIGNALING,FALSE,492,TRUE,Broad race,Missing,30,,,FALSE,demographic field missing,,,,,,,,
continuous,rna_pathway_activity,UCEC,HALLMARK_WNT_BETA_CATENIN_SIGNALING,FALSE,492,TRUE,Broad race,Other recorded race,11,,,FALSE,fewer than 50 subgroup patients,,,,,,,,
continuous,rna_pathway_activity,UCEC,HALLMARK_WNT_BETA_CATENIN_SIGNALING,FALSE,492,TRUE,Broad race,White,333,,,TRUE,performance estimated,0.187724480716071,0.277696116813055,0.435967660900927,,,,,
continuous,rna_pathway_activity,UCEC,HALLMARK_WNT_BETA_CATENIN_SIGNALING,FALSE,492,TRUE,Recorded sex,FEMALE,492,,,TRUE,performance estimated,0.218579044124812,0.28749404445241,0.448285252891734,,,,,
continuous,rna_pathway_activity,UCEC,HALLMARK_XENOBIOTIC_METABOLISM,FALSE,492,TRUE,Broad race,Asian,19,,,FALSE,fewer than 50 subgroup patients,,,,,,,,
continuous,rna_pathway_activity,UCEC,HALLMARK_XENOBIOTIC_METABOLISM,FALSE,492,TRUE,Broad race,Black or African American,99,,,TRUE,performance estimated,0.210023240687624,0.165857959448226,0.503943104514533,,,,,
continuous,rna_pathway_activity,UCEC,HALLMARK_XENOBIOTIC_METABOLISM,FALSE,492,TRUE,Broad race,Missing,30,,,FALSE,demographic field missing,,,,,,,,
continuous,rna_pathway_activity,UCEC,HALLMARK_XENOBIOTIC_METABOLISM,FALSE,492,TRUE,Broad race,Other recorded race,11,,,FALSE,fewer than 50 subgroup patients,,,,,,,,
continuous,rna_pathway_activity,UCEC,HALLMARK_XENOBIOTIC_METABOLISM,FALSE,492,TRUE,Broad race,White,333,,,TRUE,performance estimated,0.27067201403477,0.15552287388949,0.533001466945627,,,,,
continuous,rna_pathway_activity,UCEC,HALLMARK_XENOBIOTIC_METABOLISM,FALSE,492,TRUE,Recorded sex,FEMALE,492,,,TRUE,performance estimated,0.221600356226035,0.164125357782386,0.498819708596321,,,,,
continuous,rna_pathway_activity,UCS,HALLMARK_APICAL_SURFACE,FALSE,53,FALSE,Broad race,Asian,3,,,FALSE,model has fewer than 200 outcome-labelled patients,,,,,,,,
continuous,rna_pathway_activity,UCS,HALLMARK_APICAL_SURFACE,FALSE,53,FALSE,Broad race,Black or African American,9,,,FALSE,model has fewer than 200 outcome-labelled patients,,,,,,,,
continuous,rna_pathway_activity,UCS,HALLMARK_APICAL_SURFACE,FALSE,53,FALSE,Broad race,White,41,,,FALSE,model has fewer than 200 outcome-labelled patients,,,,,,,,
continuous,rna_pathway_activity,UCS,HALLMARK_APICAL_SURFACE,FALSE,53,FALSE,Recorded sex,FEMALE,53,,,FALSE,model has fewer than 200 outcome-labelled patients,,,,,,,,
continuous,rna_pathway_activity,UCS,HALLMARK_ESTROGEN_RESPONSE_EARLY,FALSE,53,FALSE,Broad race,Asian,3,,,FALSE,model has fewer than 200 outcome-labelled patients,,,,,,,,
continuous,rna_pathway_activity,UCS,HALLMARK_ESTROGEN_RESPONSE_EARLY,FALSE,53,FALSE,Broad race,Black or African American,9,,,FALSE,model has fewer than 200 outcome-labelled patients,,,,,,,,
continuous,rna_pathway_activity,UCS,HALLMARK_ESTROGEN_RESPONSE_EARLY,FALSE,53,FALSE,Broad race,White,41,,,FALSE,model has fewer than 200 outcome-labelled patients,,,,,,,,
continuous,rna_pathway_activity,UCS,HALLMARK_ESTROGEN_RESPONSE_EARLY,FALSE,53,FALSE,Recorded sex,FEMALE,53,,,FALSE,model has fewer than 200 outcome-labelled patients,,,,,,,,
continuous,rna_pathway_activity,UCS,HALLMARK_ESTROGEN_RESPONSE_LATE,FALSE,53,FALSE,Broad race,Asian,3,,,FALSE,model has fewer than 200 outcome-labelled patients,,,,,,,,
continuous,rna_pathway_activity,UCS,HALLMARK_ESTROGEN_RESPONSE_LATE,FALSE,53,FALSE,Broad race,Black or African American,9,,,FALSE,model has fewer than 200 outcome-labelled patients,,,,,,,,
continuous,rna_pathway_activity,UCS,HALLMARK_ESTROGEN_RESPONSE_LATE,FALSE,53,FALSE,Broad race,White,41,,,FALSE,model has fewer than 200 outcome-labelled patients,,,,,,,,
continuous,rna_pathway_activity,UCS,HALLMARK_ESTROGEN_RESPONSE_LATE,FALSE,53,FALSE,Recorded sex,FEMALE,53,,,FALSE,model has fewer than 200 outcome-labelled patients,,,,,,,,
continuous,rna_pathway_activity,UCS,HALLMARK_KRAS_SIGNALING_UP,FALSE,53,FALSE,Broad race,Asian,3,,,FALSE,model has fewer than 200 outcome-labelled patients,,,,,,,,
continuous,rna_pathway_activity,UCS,HALLMARK_KRAS_SIGNALING_UP,FALSE,53,FALSE,Broad race,Black or African American,9,,,FALSE,model has fewer than 200 outcome-labelled patients,,,,,,,,
continuous,rna_pathway_activity,UCS,HALLMARK_KRAS_SIGNALING_UP,FALSE,53,FALSE,Broad race,White,41,,,FALSE,model has fewer than 200 outcome-labelled patients,,,,,,,,
continuous,rna_pathway_activity,UCS,HALLMARK_KRAS_SIGNALING_UP,FALSE,53,FALSE,Recorded sex,FEMALE,53,,,FALSE,model has fewer than 200 outcome-labelled patients,,,,,,,,
continuous,rna_pathway_activity,UCS,HALLMARK_MYOGENESIS,FALSE,53,FALSE,Broad race,Asian,3,,,FALSE,model has fewer than 200 outcome-labelled patients,,,,,,,,
continuous,rna_pathway_activity,UCS,HALLMARK_MYOGENESIS,FALSE,53,FALSE,Broad race,Black or African American,9,,,FALSE,model has fewer than 200 outcome-labelled patients,,,,,,,,
continuous,rna_pathway_activity,UCS,HALLMARK_MYOGENESIS,FALSE,53,FALSE,Broad race,White,41,,,FALSE,model has fewer than 200 outcome-labelled patients,,,,,,,,
continuous,rna_pathway_activity,UCS,HALLMARK_MYOGENESIS,FALSE,53,FALSE,Recorded sex,FEMALE,53,,,FALSE,model has fewer than 200 outcome-labelled patients,,,,,,,,
continuous,rna_pathway_activity,UCS,HALLMARK_P53_PATHWAY,FALSE,53,FALSE,Broad race,Asian,3,,,FALSE,model has fewer than 200 outcome-labelled patients,,,,,,,,
continuous,rna_pathway_activity,UCS,HALLMARK_P53_PATHWAY,FALSE,53,FALSE,Broad race,Black or African American,9,,,FALSE,model has fewer than 200 outcome-labelled patients,,,,,,,,
continuous,rna_pathway_activity,UCS,HALLMARK_P53_PATHWAY,FALSE,53,FALSE,Broad race,White,41,,,FALSE,model has fewer than 200 outcome-labelled patients,,,,,,,,
continuous,rna_pathway_activity,UCS,HALLMARK_P53_PATHWAY,FALSE,53,FALSE,Recorded sex,FEMALE,53,,,FALSE,model has fewer than 200 outcome-labelled patients,,,,,,,,
continuous,rna_pathway_activity,UVM,GOBP_VITAMIN_B6_METABOLIC_PROCESS,FALSE,80,FALSE,Broad race,Missing,25,,,FALSE,model has fewer than 200 outcome-labelled patients,,,,,,,,
continuous,rna_pathway_activity,UVM,GOBP_VITAMIN_B6_METABOLIC_PROCESS,FALSE,80,FALSE,Broad race,White,55,,,FALSE,model has fewer than 200 outcome-labelled patients,,,,,,,,
continuous,rna_pathway_activity,UVM,GOBP_VITAMIN_B6_METABOLIC_PROCESS,FALSE,80,FALSE,Recorded sex,FEMALE,35,,,FALSE,model has fewer than 200 outcome-labelled patients,,,,,,,,
continuous,rna_pathway_activity,UVM,GOBP_VITAMIN_B6_METABOLIC_PROCESS,FALSE,80,FALSE,Recorded sex,MALE,45,,,FALSE,model has fewer than 200 outcome-labelled patients,,,,,,,,
continuous,rna_pathway_activity,UVM,HALLMARK_COMPLEMENT,FALSE,80,FALSE,Broad race,Missing,25,,,FALSE,model has fewer than 200 outcome-labelled patients,,,,,,,,
continuous,rna_pathway_activity,UVM,HALLMARK_COMPLEMENT,FALSE,80,FALSE,Broad race,White,55,,,FALSE,model has fewer than 200 outcome-labelled patients,,,,,,,,
continuous,rna_pathway_activity,UVM,HALLMARK_COMPLEMENT,FALSE,80,FALSE,Recorded sex,FEMALE,35,,,FALSE,model has fewer than 200 outcome-labelled patients,,,,,,,,
continuous,rna_pathway_activity,UVM,HALLMARK_COMPLEMENT,FALSE,80,FALSE,Recorded sex,MALE,45,,,FALSE,model has fewer than 200 outcome-labelled patients,,,,,,,,
continuous,rna_pathway_activity,UVM,HALLMARK_GLYCOLYSIS,FALSE,80,FALSE,Broad race,Missing,25,,,FALSE,model has fewer than 200 outcome-labelled patients,,,,,,,,
continuous,rna_pathway_activity,UVM,HALLMARK_GLYCOLYSIS,FALSE,80,FALSE,Broad race,White,55,,,FALSE,model has fewer than 200 outcome-labelled patients,,,,,,,,
continuous,rna_pathway_activity,UVM,HALLMARK_GLYCOLYSIS,FALSE,80,FALSE,Recorded sex,FEMALE,35,,,FALSE,model has fewer than 200 outcome-labelled patients,,,,,,,,
continuous,rna_pathway_activity,UVM,HALLMARK_GLYCOLYSIS,FALSE,80,FALSE,Recorded sex,MALE,45,,,FALSE,model has fewer than 200 outcome-labelled patients,,,,,,,,
continuous,rna_pathway_activity,UVM,HALLMARK_IL6_JAK_STAT3_SIGNALING,FALSE,80,FALSE,Broad race,Missing,25,,,FALSE,model has fewer than 200 outcome-labelled patients,,,,,,,,
continuous,rna_pathway_activity,UVM,HALLMARK_IL6_JAK_STAT3_SIGNALING,FALSE,80,FALSE,Broad race,White,55,,,FALSE,model has fewer than 200 outcome-labelled patients,,,,,,,,
continuous,rna_pathway_activity,UVM,HALLMARK_IL6_JAK_STAT3_SIGNALING,FALSE,80,FALSE,Recorded sex,FEMALE,35,,,FALSE,model has fewer than 200 outcome-labelled patients,,,,,,,,
continuous,rna_pathway_activity,UVM,HALLMARK_IL6_JAK_STAT3_SIGNALING,FALSE,80,FALSE,Recorded sex,MALE,45,,,FALSE,model has fewer than 200 outcome-labelled patients,,,,,,,,
continuous,rna_pathway_activity,UVM,HALLMARK_INTERFERON_GAMMA_RESPONSE,FALSE,80,FALSE,Broad race,Missing,25,,,FALSE,model has fewer than 200 outcome-labelled patients,,,,,,,,
continuous,rna_pathway_activity,UVM,HALLMARK_INTERFERON_GAMMA_RESPONSE,FALSE,80,FALSE,Broad race,White,55,,,FALSE,model has fewer than 200 outcome-labelled patients,,,,,,,,
continuous,rna_pathway_activity,UVM,HALLMARK_INTERFERON_GAMMA_RESPONSE,FALSE,80,FALSE,Recorded sex,FEMALE,35,,,FALSE,model has fewer than 200 outcome-labelled patients,,,,,,,,
continuous,rna_pathway_activity,UVM,HALLMARK_INTERFERON_GAMMA_RESPONSE,FALSE,80,FALSE,Recorded sex,MALE,45,,,FALSE,model has fewer than 200 outcome-labelled patients,,,,,,,,
continuous,rna_pathway_activity,UVM,HALLMARK_REACTIVE_OXYGEN_SPECIES_PATHWAY,FALSE,80,FALSE,Broad race,Missing,25,,,FALSE,model has fewer than 200 outcome-labelled patients,,,,,,,,
continuous,rna_pathway_activity,UVM,HALLMARK_REACTIVE_OXYGEN_SPECIES_PATHWAY,FALSE,80,FALSE,Broad race,White,55,,,FALSE,model has fewer than 200 outcome-labelled patients,,,,,,,,
continuous,rna_pathway_activity,UVM,HALLMARK_REACTIVE_OXYGEN_SPECIES_PATHWAY,FALSE,80,FALSE,Recorded sex,FEMALE,35,,,FALSE,model has fewer than 200 outcome-labelled patients,,,,,,,,
continuous,rna_pathway_activity,UVM,HALLMARK_REACTIVE_OXYGEN_SPECIES_PATHWAY,FALSE,80,FALSE,Recorded sex,MALE,45,,,FALSE,model has fewer than 200 outcome-labelled patients,,,,,,,,
continuous,rna_pathway_activity,UVM,HALLMARK_TNFA_SIGNALING_VIA_NFKB,FALSE,80,FALSE,Broad race,Missing,25,,,FALSE,model has fewer than 200 outcome-labelled patients,,,,,,,,
continuous,rna_pathway_activity,UVM,HALLMARK_TNFA_SIGNALING_VIA_NFKB,FALSE,80,FALSE,Broad race,White,55,,,FALSE,model has fewer than 200 outcome-labelled patients,,,,,,,,
continuous,rna_pathway_activity,UVM,HALLMARK_TNFA_SIGNALING_VIA_NFKB,FALSE,80,FALSE,Recorded sex,FEMALE,35,,,FALSE,model has fewer than 200 outcome-labelled patients,,,,,,,,
continuous,rna_pathway_activity,UVM,HALLMARK_TNFA_SIGNALING_VIA_NFKB,FALSE,80,FALSE,Recorded sex,MALE,45,,,FALSE,model has fewer than 200 outcome-labelled patients,,,,,,,,
continuous,rna_pathway_activity,UVM,HALLMARK_UV_RESPONSE_UP,FALSE,80,FALSE,Broad race,Missing,25,,,FALSE,model has fewer than 200 outcome-labelled patients,,,,,,,,
continuous,rna_pathway_activity,UVM,HALLMARK_UV_RESPONSE_UP,FALSE,80,FALSE,Broad race,White,55,,,FALSE,model has fewer than 200 outcome-labelled patients,,,,,,,,
continuous,rna_pathway_activity,UVM,HALLMARK_UV_RESPONSE_UP,FALSE,80,FALSE,Recorded sex,FEMALE,35,,,FALSE,model has fewer than 200 outcome-labelled patients,,,,,,,,
continuous,rna_pathway_activity,UVM,HALLMARK_UV_RESPONSE_UP,FALSE,80,FALSE,Recorded sex,MALE,45,,,FALSE,model has fewer than 200 outcome-labelled patients,,,,,,,,
continuous,rna_pathway_activity,UVM,HALLMARK_XENOBIOTIC_METABOLISM,FALSE,80,FALSE,Broad race,Missing,25,,,FALSE,model has fewer than 200 outcome-labelled patients,,,,,,,,
continuous,rna_pathway_activity,UVM,HALLMARK_XENOBIOTIC_METABOLISM,FALSE,80,FALSE,Broad race,White,55,,,FALSE,model has fewer than 200 outcome-labelled patients,,,,,,,,
continuous,rna_pathway_activity,UVM,HALLMARK_XENOBIOTIC_METABOLISM,FALSE,80,FALSE,Recorded sex,FEMALE,35,,,FALSE,model has fewer than 200 outcome-labelled patients,,,,,,,,
continuous,rna_pathway_activity,UVM,HALLMARK_XENOBIOTIC_METABOLISM,FALSE,80,FALSE,Recorded sex,MALE,45,,,FALSE,model has fewer than 200 outcome-labelled patients,,,,,,,,
continuous,thorsson,ACC,Number of Segments,FALSE,54,FALSE,Broad race,Asian,2,,,FALSE,model has fewer than 200 outcome-labelled patients,,,,,,,,
continuous,thorsson,ACC,Number of Segments,FALSE,54,FALSE,Broad race,Black or African American,1,,,FALSE,model has fewer than 200 outcome-labelled patients,,,,,,,,
continuous,thorsson,ACC,Number of Segments,FALSE,54,FALSE,Broad race,Missing,11,,,FALSE,model has fewer than 200 outcome-labelled patients,,,,,,,,
continuous,thorsson,ACC,Number of Segments,FALSE,54,FALSE,Broad race,White,40,,,FALSE,model has fewer than 200 outcome-labelled patients,,,,,,,,
continuous,thorsson,ACC,Number of Segments,FALSE,54,FALSE,Recorded sex,FEMALE,30,,,FALSE,model has fewer than 200 outcome-labelled patients,,,,,,,,
continuous,thorsson,ACC,Number of Segments,FALSE,54,FALSE,Recorded sex,MALE,24,,,FALSE,model has fewer than 200 outcome-labelled patients,,,,,,,,
continuous,thorsson,BLCA,Homologous Recombination Defects,FALSE,377,TRUE,Broad race,Asian,43,,,FALSE,fewer than 50 subgroup patients,,,,,,,,
continuous,thorsson,BLCA,Homologous Recombination Defects,FALSE,377,TRUE,Broad race,Black or African American,20,,,FALSE,fewer than 50 subgroup patients,,,,,,,,
continuous,thorsson,BLCA,Homologous Recombination Defects,FALSE,377,TRUE,Broad race,Missing,15,,,FALSE,demographic field missing,,,,,,,,
continuous,thorsson,BLCA,Homologous Recombination Defects,FALSE,377,TRUE,Broad race,White,299,,,TRUE,performance estimated,0.208331494599153,14.514987018871,0.436489771602059,,,,,
continuous,thorsson,BLCA,Homologous Recombination Defects,FALSE,377,TRUE,Recorded sex,FEMALE,98,,,TRUE,performance estimated,0.119942241158287,15.2298389046016,0.412070105572332,,,,,
continuous,thorsson,BLCA,Homologous Recombination Defects,FALSE,377,TRUE,Recorded sex,MALE,279,,,TRUE,performance estimated,0.279866694909163,14.487159505671,0.521149192653866,,,,,
continuous,thorsson,BLCA,IFN-gamma Response,FALSE,373,TRUE,Broad race,Asian,43,,,FALSE,fewer than 50 subgroup patients,,,,,,,,
continuous,thorsson,BLCA,IFN-gamma Response,FALSE,373,TRUE,Broad race,Black or African American,19,,,FALSE,fewer than 50 subgroup patients,,,,,,,,
continuous,thorsson,BLCA,IFN-gamma Response,FALSE,373,TRUE,Broad race,Missing,14,,,FALSE,demographic field missing,,,,,,,,
continuous,thorsson,BLCA,IFN-gamma Response,FALSE,373,TRUE,Broad race,White,297,,,TRUE,performance estimated,0.176244415817299,0.872323286091973,0.452667352984636,,,,,
continuous,thorsson,BLCA,IFN-gamma Response,FALSE,373,TRUE,Recorded sex,FEMALE,95,,,TRUE,performance estimated,0.0962845877517347,0.962057036211066,0.3823320268757,,,,,
continuous,thorsson,BLCA,IFN-gamma Response,FALSE,373,TRUE,Recorded sex,MALE,278,,,TRUE,performance estimated,0.25203745394889,0.861232113064456,0.505424057924839,,,,,
continuous,thorsson,BLCA,Leukocyte Fraction,FALSE,386,TRUE,Broad race,Asian,44,,,FALSE,fewer than 50 subgroup patients,,,,,,,,
continuous,thorsson,BLCA,Leukocyte Fraction,FALSE,386,TRUE,Broad race,Black or African American,21,,,FALSE,fewer than 50 subgroup patients,,,,,,,,
continuous,thorsson,BLCA,Leukocyte Fraction,FALSE,386,TRUE,Broad race,Missing,17,,,FALSE,demographic field missing,,,,,,,,
continuous,thorsson,BLCA,Leukocyte Fraction,FALSE,386,TRUE,Broad race,White,304,,,TRUE,performance estimated,0.31829507335349,0.135452057885909,0.57369206981095,,,,,
continuous,thorsson,BLCA,Leukocyte Fraction,FALSE,386,TRUE,Recorded sex,FEMALE,100,,,TRUE,performance estimated,0.333518784432832,0.142762381834061,0.582240624062406,,,,,
continuous,thorsson,BLCA,Leukocyte Fraction,FALSE,386,TRUE,Recorded sex,MALE,286,,,TRUE,performance estimated,0.379060702459296,0.126701642243969,0.651894600906154,,,,,
continuous,thorsson,BLCA,Lymphocyte Infiltration Signature Score,FALSE,373,TRUE,Broad race,Asian,43,,,FALSE,fewer than 50 subgroup patients,,,,,,,,
continuous,thorsson,BLCA,Lymphocyte Infiltration Signature Score,FALSE,373,TRUE,Broad race,Black or African American,19,,,FALSE,fewer than 50 subgroup patients,,,,,,,,
continuous,thorsson,BLCA,Lymphocyte Infiltration Signature Score,FALSE,373,TRUE,Broad race,Missing,14,,,FALSE,demographic field missing,,,,,,,,
continuous,thorsson,BLCA,Lymphocyte Infiltration Signature Score,FALSE,373,TRUE,Broad race,White,297,,,TRUE,performance estimated,0.318077408304165,0.986352692935656,0.558402471843698,,,,,
continuous,thorsson,BLCA,Lymphocyte Infiltration Signature Score,FALSE,373,TRUE,Recorded sex,FEMALE,95,,,TRUE,performance estimated,0.323315296324668,0.973352599074023,0.570792273236282,,,,,
continuous,thorsson,BLCA,Lymphocyte Infiltration Signature Score,FALSE,373,TRUE,Recorded sex,MALE,278,,,TRUE,performance estimated,0.345431549877805,0.997170918939783,0.588848263024373,,,,,
continuous,thorsson,BLCA,Macrophage Regulation,FALSE,373,TRUE,Broad race,Asian,43,,,FALSE,fewer than 50 subgroup patients,,,,,,,,
continuous,thorsson,BLCA,Macrophage Regulation,FALSE,373,TRUE,Broad race,Black or African American,19,,,FALSE,fewer than 50 subgroup patients,,,,,,,,
continuous,thorsson,BLCA,Macrophage Regulation,FALSE,373,TRUE,Broad race,Missing,14,,,FALSE,demographic field missing,,,,,,,,
continuous,thorsson,BLCA,Macrophage Regulation,FALSE,373,TRUE,Broad race,White,297,,,TRUE,performance estimated,0.382242893325196,0.645908673976824,0.612361006299407,,,,,
continuous,thorsson,BLCA,Macrophage Regulation,FALSE,373,TRUE,Recorded sex,FEMALE,95,,,TRUE,performance estimated,0.345737858629253,0.627997068687781,0.592763157894737,,,,,
continuous,thorsson,BLCA,Macrophage Regulation,FALSE,373,TRUE,Recorded sex,MALE,278,,,TRUE,performance estimated,0.432317890150652,0.652538633669782,0.652600153849232,,,,,
continuous,thorsson,BLCA,Proliferation,FALSE,373,TRUE,Broad race,Asian,43,,,FALSE,fewer than 50 subgroup patients,,,,,,,,
continuous,thorsson,BLCA,Proliferation,FALSE,373,TRUE,Broad race,Black or African American,19,,,FALSE,fewer than 50 subgroup patients,,,,,,,,
continuous,thorsson,BLCA,Proliferation,FALSE,373,TRUE,Broad race,Missing,14,,,FALSE,demographic field missing,,,,,,,,
continuous,thorsson,BLCA,Proliferation,FALSE,373,TRUE,Broad race,White,297,,,TRUE,performance estimated,0.28552003809391,0.420956686304925,0.560316863756183,,,,,
continuous,thorsson,BLCA,Proliferation,FALSE,373,TRUE,Recorded sex,FEMALE,95,,,TRUE,performance estimated,0.123940726527622,0.446745363215691,0.49538633818589,,,,,
continuous,thorsson,BLCA,Proliferation,FALSE,373,TRUE,Recorded sex,MALE,278,,,TRUE,performance estimated,0.385849996798821,0.439027174969516,0.636259596026451,,,,,
continuous,thorsson,BLCA,Stromal Fraction,FALSE,376,TRUE,Broad race,Asian,43,,,FALSE,fewer than 50 subgroup patients,,,,,,,,
continuous,thorsson,BLCA,Stromal Fraction,FALSE,376,TRUE,Broad race,Black or African American,20,,,FALSE,fewer than 50 subgroup patients,,,,,,,,
continuous,thorsson,BLCA,Stromal Fraction,FALSE,376,TRUE,Broad race,Missing,15,,,FALSE,demographic field missing,,,,,,,,
continuous,thorsson,BLCA,Stromal Fraction,FALSE,376,TRUE,Broad race,White,298,,,TRUE,performance estimated,0.284910448035121,0.182989341119444,0.527639321889225,,,,,
continuous,thorsson,BLCA,Stromal Fraction,FALSE,376,TRUE,Recorded sex,FEMALE,98,,,TRUE,performance estimated,0.252531994861697,0.195448943138315,0.482973918179344,,,,,
continuous,thorsson,BLCA,Stromal Fraction,FALSE,376,TRUE,Recorded sex,MALE,278,,,TRUE,performance estimated,0.403886267298722,0.174456650012848,0.645905370363069,,,,,
continuous,thorsson,BLCA,TGF-beta Response,FALSE,373,TRUE,Broad race,Asian,43,,,FALSE,fewer than 50 subgroup patients,,,,,,,,
continuous,thorsson,BLCA,TGF-beta Response,FALSE,373,TRUE,Broad race,Black or African American,19,,,FALSE,fewer than 50 subgroup patients,,,,,,,,
continuous,thorsson,BLCA,TGF-beta Response,FALSE,373,TRUE,Broad race,Missing,14,,,FALSE,demographic field missing,,,,,,,,
continuous,thorsson,BLCA,TGF-beta Response,FALSE,373,TRUE,Broad race,White,297,,,TRUE,performance estimated,0.249304119658946,0.369389481827468,0.508905884236473,,,,,
continuous,thorsson,BLCA,TGF-beta Response,FALSE,373,TRUE,Recorded sex,FEMALE,95,,,TRUE,performance estimated,0.236614079183886,0.357128158643609,0.500428331466965,,,,,
continuous,thorsson,BLCA,TGF-beta Response,FALSE,373,TRUE,Recorded sex,MALE,278,,,TRUE,performance estimated,0.304549759828205,0.373068358306234,0.573695126268019,,,,,
continuous,thorsson,BLCA,TIL Regional Fraction,FALSE,297,TRUE,Broad race,Asian,43,,,FALSE,fewer than 50 subgroup patients,,,,,,,,
continuous,thorsson,BLCA,TIL Regional Fraction,FALSE,297,TRUE,Broad race,Black or African American,21,,,FALSE,fewer than 50 subgroup patients,,,,,,,,
continuous,thorsson,BLCA,TIL Regional Fraction,FALSE,297,TRUE,Broad race,Missing,11,,,FALSE,demographic field missing,,,,,,,,
continuous,thorsson,BLCA,TIL Regional Fraction,FALSE,297,TRUE,Broad race,White,222,,,TRUE,performance estimated,0.465146959088083,4.56101840036106,0.704500044146576,,,,,
continuous,thorsson,BLCA,TIL Regional Fraction,FALSE,297,TRUE,Recorded sex,FEMALE,72,,,TRUE,performance estimated,0.541152664165835,4.32662106244207,0.671573734645315,,,,,
continuous,thorsson,BLCA,TIL Regional Fraction,FALSE,297,TRUE,Recorded sex,MALE,225,,,TRUE,performance estimated,0.463184212652979,4.8989319461525,0.730505267593763,,,,,
continuous,thorsson,BLCA,Th1 Cells,FALSE,373,TRUE,Broad race,Asian,43,,,FALSE,fewer than 50 subgroup patients,,,,,,,,
continuous,thorsson,BLCA,Th1 Cells,FALSE,373,TRUE,Broad race,Black or African American,19,,,FALSE,fewer than 50 subgroup patients,,,,,,,,
continuous,thorsson,BLCA,Th1 Cells,FALSE,373,TRUE,Broad race,Missing,14,,,FALSE,demographic field missing,,,,,,,,
continuous,thorsson,BLCA,Th1 Cells,FALSE,373,TRUE,Broad race,White,297,,,TRUE,performance estimated,0.355643866837134,672.961414232533,0.593885709993093,,,,,
continuous,thorsson,BLCA,Th1 Cells,FALSE,373,TRUE,Recorded sex,FEMALE,95,,,TRUE,performance estimated,0.328557082813976,655.284503956879,0.599594064949608,,,,,
continuous,thorsson,BLCA,Th1 Cells,FALSE,373,TRUE,Recorded sex,MALE,278,,,TRUE,performance estimated,0.336300571761799,719.422893094856,0.585111172736435,,,,,
continuous,thorsson,BLCA,Th2 Cells,FALSE,373,TRUE,Broad race,Asian,43,,,FALSE,fewer than 50 subgroup patients,,,,,,,,
continuous,thorsson,BLCA,Th2 Cells,FALSE,373,TRUE,Broad race,Black or African American,19,,,FALSE,fewer than 50 subgroup patients,,,,,,,,
continuous,thorsson,BLCA,Th2 Cells,FALSE,373,TRUE,Broad race,Missing,14,,,FALSE,demographic field missing,,,,,,,,
continuous,thorsson,BLCA,Th2 Cells,FALSE,373,TRUE,Broad race,White,297,,,TRUE,performance estimated,0.181306585074875,485.172286958318,0.419930394091468,,,,,
continuous,thorsson,BLCA,Th2 Cells,FALSE,373,TRUE,Recorded sex,FEMALE,95,,,TRUE,performance estimated,0.0488863998450007,483.505492829618,0.354703247480403,,,,,
continuous,thorsson,BLCA,Th2 Cells,FALSE,373,TRUE,Recorded sex,MALE,278,,,TRUE,performance estimated,0.293845752910798,496.628146616273,0.506665449054521,,,,,
continuous,thorsson,BLCA,Wound Healing,FALSE,373,TRUE,Broad race,Asian,43,,,FALSE,fewer than 50 subgroup patients,,,,,,,,
continuous,thorsson,BLCA,Wound Healing,FALSE,373,TRUE,Broad race,Black or African American,19,,,FALSE,fewer than 50 subgroup patients,,,,,,,,
continuous,thorsson,BLCA,Wound Healing,FALSE,373,TRUE,Broad race,Missing,14,,,FALSE,demographic field missing,,,,,,,,
continuous,thorsson,BLCA,Wound Healing,FALSE,373,TRUE,Broad race,White,297,,,TRUE,performance estimated,0.307589932176918,0.134483818728403,0.558635943742481,,,,,
continuous,thorsson,BLCA,Wound Healing,FALSE,373,TRUE,Recorded sex,FEMALE,95,,,TRUE,performance estimated,0.290709774475257,0.134443452033345,0.556158707731341,,,,,
continuous,thorsson,BLCA,Wound Healing,FALSE,373,TRUE,Recorded sex,MALE,278,,,TRUE,performance estimated,0.394367678620529,0.134124552504211,0.621242752943877,,,,,
continuous,thorsson,BRCA,Aneuploidy Score,FALSE,998,TRUE,Broad race,Asian,59,,,TRUE,performance estimated,0.164291290105177,6.00106156245487,0.430636201566251,,,,,
continuous,thorsson,BRCA,Aneuploidy Score,FALSE,998,TRUE,Broad race,Black or African American,159,,,TRUE,performance estimated,0.284639851556387,5.65547800003583,0.544326999706506,,,,,
continuous,thorsson,BRCA,Aneuploidy Score,FALSE,998,TRUE,Broad race,Missing,86,,,FALSE,demographic field missing,,,,,,,,
continuous,thorsson,BRCA,Aneuploidy Score,FALSE,998,TRUE,Broad race,Other recorded race,1,,,FALSE,fewer than 50 subgroup patients,,,,,,,,
continuous,thorsson,BRCA,Aneuploidy Score,FALSE,998,TRUE,Broad race,White,693,,,TRUE,performance estimated,0.191638184305948,6.18103809243787,0.479343607137535,,,,,
continuous,thorsson,BRCA,Aneuploidy Score,FALSE,998,TRUE,Recorded sex,FEMALE,987,,,TRUE,performance estimated,0.212536888460576,6.0625445132204,0.488803643591573,,,,,
continuous,thorsson,BRCA,Aneuploidy Score,FALSE,998,TRUE,Recorded sex,MALE,11,,,FALSE,fewer than 50 subgroup patients,,,,,,,,
continuous,thorsson,BRCA,BCR Shannon,FALSE,757,TRUE,Broad race,Asian,51,,,TRUE,performance estimated,0.0628392208579294,1.18802883724176,0.369535706102144,,,,,
continuous,thorsson,BRCA,BCR Shannon,FALSE,757,TRUE,Broad race,Black or African American,128,,,TRUE,performance estimated,0.195598078972928,1.20284413772164,0.506425773973637,,,,,
continuous,thorsson,BRCA,BCR Shannon,FALSE,757,TRUE,Broad race,Missing,61,,,FALSE,demographic field missing,,,,,,,,
continuous,thorsson,BRCA,BCR Shannon,FALSE,757,TRUE,Broad race,Other recorded race,1,,,FALSE,fewer than 50 subgroup patients,,,,,,,,
continuous,thorsson,BRCA,BCR Shannon,FALSE,757,TRUE,Broad race,White,516,,,TRUE,performance estimated,0.166565345921166,1.13743348693099,0.415949988309709,,,,,
continuous,thorsson,BRCA,BCR Shannon,FALSE,757,TRUE,Recorded sex,FEMALE,753,,,TRUE,performance estimated,0.188701575815043,1.1662770129292,0.446846682614721,,,,,
continuous,thorsson,BRCA,BCR Shannon,FALSE,757,TRUE,Recorded sex,MALE,4,,,FALSE,fewer than 50 subgroup patients,,,,,,,,
continuous,thorsson,BRCA,Fraction Altered,FALSE,1025,TRUE,Broad race,Asian,60,,,TRUE,performance estimated,0.133885643415873,0.226846368963778,0.409469297026952,,,,,
continuous,thorsson,BRCA,Fraction Altered,FALSE,1025,TRUE,Broad race,Black or African American,165,,,TRUE,performance estimated,0.280347157176979,0.242431632790092,0.510945422488179,,,,,
continuous,thorsson,BRCA,Fraction Altered,FALSE,1025,TRUE,Broad race,Missing,87,,,FALSE,demographic field missing,,,,,,,,
continuous,thorsson,BRCA,Fraction Altered,FALSE,1025,TRUE,Broad race,Other recorded race,1,,,FALSE,fewer than 50 subgroup patients,,,,,,,,
continuous,thorsson,BRCA,Fraction Altered,FALSE,1025,TRUE,Broad race,White,712,,,TRUE,performance estimated,0.269119661909338,0.250332111086487,0.536410874994323,,,,,
continuous,thorsson,BRCA,Fraction Altered,FALSE,1025,TRUE,Recorded sex,FEMALE,1013,,,TRUE,performance estimated,0.291704245355256,0.245723137378765,0.549865498317231,,,,,
continuous,thorsson,BRCA,Fraction Altered,FALSE,1025,TRUE,Recorded sex,MALE,12,,,FALSE,fewer than 50 subgroup patients,,,,,,,,
continuous,thorsson,BRCA,Homologous Recombination Defects,FALSE,998,TRUE,Broad race,Asian,59,,,TRUE,performance estimated,0.452082165549889,13.429740577461,0.659517942636868,,,,,
continuous,thorsson,BRCA,Homologous Recombination Defects,FALSE,998,TRUE,Broad race,Black or African American,159,,,TRUE,performance estimated,0.316096248599563,17.2272222582901,0.591325443721252,,,,,
continuous,thorsson,BRCA,Homologous Recombination Defects,FALSE,998,TRUE,Broad race,Missing,86,,,FALSE,demographic field missing,,,,,,,,
continuous,thorsson,BRCA,Homologous Recombination Defects,FALSE,998,TRUE,Broad race,Other recorded race,1,,,FALSE,fewer than 50 subgroup patients,,,,,,,,
continuous,thorsson,BRCA,Homologous Recombination Defects,FALSE,998,TRUE,Broad race,White,693,,,TRUE,performance estimated,0.330770495637468,15.8932530449688,0.573118471894614,,,,,
continuous,thorsson,BRCA,Homologous Recombination Defects,FALSE,998,TRUE,Recorded sex,FEMALE,987,,,TRUE,performance estimated,0.363605396948378,15.9336825497701,0.616107894144985,,,,,
continuous,thorsson,BRCA,Homologous Recombination Defects,FALSE,998,TRUE,Recorded sex,MALE,11,,,FALSE,fewer than 50 subgroup patients,,,,,,,,
continuous,thorsson,BRCA,Leukocyte Fraction,FALSE,1026,TRUE,Broad race,Asian,60,,,TRUE,performance estimated,0.370043807260762,0.117039047074372,0.556554598499583,,,,,
continuous,thorsson,BRCA,Leukocyte Fraction,FALSE,1026,TRUE,Broad race,Black or African American,161,,,TRUE,performance estimated,0.484665324076504,0.111356160006581,0.693234414538762,,,,,
continuous,thorsson,BRCA,Leukocyte Fraction,FALSE,1026,TRUE,Broad race,Missing,87,,,FALSE,demographic field missing,,,,,,,,
continuous,thorsson,BRCA,Leukocyte Fraction,FALSE,1026,TRUE,Broad race,Other recorded race,1,,,FALSE,fewer than 50 subgroup patients,,,,,,,,
continuous,thorsson,BRCA,Leukocyte Fraction,FALSE,1026,TRUE,Broad race,White,717,,,TRUE,performance estimated,0.411993293132583,0.109629850762895,0.595488833815079,,,,,
continuous,thorsson,BRCA,Leukocyte Fraction,FALSE,1026,TRUE,Recorded sex,FEMALE,1014,,,TRUE,performance estimated,0.412670311432271,0.110933783462781,0.611465407394719,,,,,
continuous,thorsson,BRCA,Leukocyte Fraction,FALSE,1026,TRUE,Recorded sex,MALE,12,,,FALSE,fewer than 50 subgroup patients,,,,,,,,
continuous,thorsson,BRCA,Lymphocyte Infiltration Signature Score,FALSE,1039,TRUE,Broad race,Asian,61,,,TRUE,performance estimated,0.27854259756714,0.975901111544265,0.531010047593866,,,,,
continuous,thorsson,BRCA,Lymphocyte Infiltration Signature Score,FALSE,1039,TRUE,Broad race,Black or African American,167,,,TRUE,performance estimated,0.499738326680448,0.885049827700808,0.701910293011224,,,,,
continuous,thorsson,BRCA,Lymphocyte Infiltration Signature Score,FALSE,1039,TRUE,Broad race,Missing,89,,,FALSE,demographic field missing,,,,,,,,
continuous,thorsson,BRCA,Lymphocyte Infiltration Signature Score,FALSE,1039,TRUE,Broad race,Other recorded race,1,,,FALSE,fewer than 50 subgroup patients,,,,,,,,
continuous,thorsson,BRCA,Lymphocyte Infiltration Signature Score,FALSE,1039,TRUE,Broad race,White,721,,,TRUE,performance estimated,0.432669355514023,0.85950797354186,0.641680587586133,,,,,
continuous,thorsson,BRCA,Lymphocyte Infiltration Signature Score,FALSE,1039,TRUE,Recorded sex,FEMALE,1027,,,TRUE,performance estimated,0.422709860668847,0.875344404388167,0.635748642527126,,,,,
continuous,thorsson,BRCA,Lymphocyte Infiltration Signature Score,FALSE,1039,TRUE,Recorded sex,MALE,12,,,FALSE,fewer than 50 subgroup patients,,,,,,,,
continuous,thorsson,BRCA,Macrophage Regulation,FALSE,1039,TRUE,Broad race,Asian,61,,,TRUE,performance estimated,0.208687955976083,0.551313501163726,0.451591750396616,,,,,
continuous,thorsson,BRCA,Macrophage Regulation,FALSE,1039,TRUE,Broad race,Black or African American,167,,,TRUE,performance estimated,0.378540761274237,0.515872913601555,0.642466529934967,,,,,
continuous,thorsson,BRCA,Macrophage Regulation,FALSE,1039,TRUE,Broad race,Missing,89,,,FALSE,demographic field missing,,,,,,,,
continuous,thorsson,BRCA,Macrophage Regulation,FALSE,1039,TRUE,Broad race,Other recorded race,1,,,FALSE,fewer than 50 subgroup patients,,,,,,,,
continuous,thorsson,BRCA,Macrophage Regulation,FALSE,1039,TRUE,Broad race,White,721,,,TRUE,performance estimated,0.32428208625796,0.488266124998164,0.552926659823905,,,,,
continuous,thorsson,BRCA,Macrophage Regulation,FALSE,1039,TRUE,Recorded sex,FEMALE,1027,,,TRUE,performance estimated,0.316878955297313,0.496973520692383,0.555287820846642,,,,,
continuous,thorsson,BRCA,Macrophage Regulation,FALSE,1039,TRUE,Recorded sex,MALE,12,,,FALSE,fewer than 50 subgroup patients,,,,,,,,
continuous,thorsson,BRCA,Number of Segments,FALSE,1025,TRUE,Broad race,Asian,60,,,TRUE,performance estimated,0.309663918927476,0.496111944814476,0.553537936210278,,,,,
continuous,thorsson,BRCA,Number of Segments,FALSE,1025,TRUE,Broad race,Black or African American,165,,,TRUE,performance estimated,0.221645274719461,0.552576100738846,0.530769395359313,,,,,
continuous,thorsson,BRCA,Number of Segments,FALSE,1025,TRUE,Broad race,Missing,87,,,FALSE,demographic field missing,,,,,,,,
continuous,thorsson,BRCA,Number of Segments,FALSE,1025,TRUE,Broad race,Other recorded race,1,,,FALSE,fewer than 50 subgroup patients,,,,,,,,
continuous,thorsson,BRCA,Number of Segments,FALSE,1025,TRUE,Broad race,White,712,,,TRUE,performance estimated,0.325562303581659,0.584668524027912,0.593465648248166,,,,,
continuous,thorsson,BRCA,Number of Segments,FALSE,1025,TRUE,Recorded sex,FEMALE,1013,,,TRUE,performance estimated,0.346066622998088,0.575465505237722,0.60646825309583,,,,,
continuous,thorsson,BRCA,Number of Segments,FALSE,1025,TRUE,Recorded sex,MALE,12,,,FALSE,fewer than 50 subgroup patients,,,,,,,,
continuous,thorsson,BRCA,Proliferation,FALSE,1039,TRUE,Broad race,Asian,61,,,TRUE,performance estimated,0.593231245739702,0.371528076199423,0.755780010576415,,,,,
continuous,thorsson,BRCA,Proliferation,FALSE,1039,TRUE,Broad race,Black or African American,167,,,TRUE,performance estimated,0.298749742100358,0.458713414275824,0.62256783071209,,,,,
continuous,thorsson,BRCA,Proliferation,FALSE,1039,TRUE,Broad race,Missing,89,,,FALSE,demographic field missing,,,,,,,,
continuous,thorsson,BRCA,Proliferation,FALSE,1039,TRUE,Broad race,Other recorded race,1,,,FALSE,fewer than 50 subgroup patients,,,,,,,,
continuous,thorsson,BRCA,Proliferation,FALSE,1039,TRUE,Broad race,White,721,,,TRUE,performance estimated,0.514239023485705,0.448937328539309,0.735166263918139,,,,,
continuous,thorsson,BRCA,Proliferation,FALSE,1039,TRUE,Recorded sex,FEMALE,1027,,,TRUE,performance estimated,0.511593644441731,0.443744053566527,0.737500410344553,,,,,
continuous,thorsson,BRCA,Proliferation,FALSE,1039,TRUE,Recorded sex,MALE,12,,,FALSE,fewer than 50 subgroup patients,,,,,,,,
continuous,thorsson,BRCA,Stromal Fraction,FALSE,980,TRUE,Broad race,Asian,59,,,TRUE,performance estimated,0.372936407573037,0.151506309233305,0.622145739725575,,,,,
continuous,thorsson,BRCA,Stromal Fraction,FALSE,980,TRUE,Broad race,Black or African American,157,,,TRUE,performance estimated,0.349412561481956,0.150629418658426,0.605325466359369,,,,,
continuous,thorsson,BRCA,Stromal Fraction,FALSE,980,TRUE,Broad race,Missing,82,,,FALSE,demographic field missing,,,,,,,,
continuous,thorsson,BRCA,Stromal Fraction,FALSE,980,TRUE,Broad race,Other recorded race,1,,,FALSE,fewer than 50 subgroup patients,,,,,,,,
continuous,thorsson,BRCA,Stromal Fraction,FALSE,980,TRUE,Broad race,White,681,,,TRUE,performance estimated,0.271599028804855,0.158970561102799,0.525149489177941,,,,,
continuous,thorsson,BRCA,Stromal Fraction,FALSE,980,TRUE,Recorded sex,FEMALE,969,,,TRUE,performance estimated,0.300574615524866,0.15540839062816,0.558435184027065,,,,,
continuous,thorsson,BRCA,Stromal Fraction,FALSE,980,TRUE,Recorded sex,MALE,11,,,FALSE,fewer than 50 subgroup patients,,,,,,,,
continuous,thorsson,BRCA,TCR Shannon,FALSE,999,TRUE,Broad race,Asian,60,,,TRUE,performance estimated,0.0429296799284335,1.11193979212801,0.367139959573779,,,,,
continuous,thorsson,BRCA,TCR Shannon,FALSE,999,TRUE,Broad race,Black or African American,158,,,TRUE,performance estimated,0.268396479758418,1.16799062808299,0.594914894293677,,,,,
continuous,thorsson,BRCA,TCR Shannon,FALSE,999,TRUE,Broad race,Missing,82,,,FALSE,demographic field missing,,,,,,,,
continuous,thorsson,BRCA,TCR Shannon,FALSE,999,TRUE,Broad race,Other recorded race,1,,,FALSE,fewer than 50 subgroup patients,,,,,,,,
continuous,thorsson,BRCA,TCR Shannon,FALSE,999,TRUE,Broad race,White,698,,,TRUE,performance estimated,0.294541082991793,1.03628480866828,0.536626951877622,,,,,
continuous,thorsson,BRCA,TCR Shannon,FALSE,999,TRUE,Recorded sex,FEMALE,989,,,TRUE,performance estimated,0.262713999040809,1.05918375790365,0.523599505410852,,,,,
continuous,thorsson,BRCA,TCR Shannon,FALSE,999,TRUE,Recorded sex,MALE,10,,,FALSE,fewer than 50 subgroup patients,,,,,,,,
continuous,thorsson,BRCA,TGF-beta Response,FALSE,1039,TRUE,Broad race,Asian,61,,,TRUE,performance estimated,0.331467357414088,0.248443782495201,0.632596509783184,,,,,
continuous,thorsson,BRCA,TGF-beta Response,FALSE,1039,TRUE,Broad race,Black or African American,167,,,TRUE,performance estimated,0.329210247860432,0.300564162875084,0.586737712183207,,,,,
continuous,thorsson,BRCA,TGF-beta Response,FALSE,1039,TRUE,Broad race,Missing,89,,,FALSE,demographic field missing,,,,,,,,
continuous,thorsson,BRCA,TGF-beta Response,FALSE,1039,TRUE,Broad race,Other recorded race,1,,,FALSE,fewer than 50 subgroup patients,,,,,,,,
continuous,thorsson,BRCA,TGF-beta Response,FALSE,1039,TRUE,Broad race,White,721,,,TRUE,performance estimated,0.296642234965545,0.264751580552593,0.554780175427449,,,,,
continuous,thorsson,BRCA,TGF-beta Response,FALSE,1039,TRUE,Recorded sex,FEMALE,1027,,,TRUE,performance estimated,0.324468943355237,0.268464618457323,0.573860032461158,,,,,
continuous,thorsson,BRCA,TGF-beta Response,FALSE,1039,TRUE,Recorded sex,MALE,12,,,FALSE,fewer than 50 subgroup patients,,,,,,,,
continuous,thorsson,BRCA,TIL Regional Fraction,FALSE,942,TRUE,Broad race,Asian,58,,,TRUE,performance estimated,0.4174918761804,4.40932361129651,0.677467778153742,,,,,
continuous,thorsson,BRCA,TIL Regional Fraction,FALSE,942,TRUE,Broad race,Black or African American,133,,,TRUE,performance estimated,0.387182515011844,3.73363401356171,0.720024280511319,,,,,
continuous,thorsson,BRCA,TIL Regional Fraction,FALSE,942,TRUE,Broad race,Missing,86,,,FALSE,demographic field missing,,,,,,,,
continuous,thorsson,BRCA,TIL Regional Fraction,FALSE,942,TRUE,Broad race,Other recorded race,1,,,FALSE,fewer than 50 subgroup patients,,,,,,,,
continuous,thorsson,BRCA,TIL Regional Fraction,FALSE,942,TRUE,Broad race,White,664,,,TRUE,performance estimated,0.455883121725985,4.09177935580895,0.742348661819735,,,,,
continuous,thorsson,BRCA,TIL Regional Fraction,FALSE,942,TRUE,Recorded sex,FEMALE,931,,,TRUE,performance estimated,0.423068484978914,4.19098864191856,0.711359615787556,,,,,
continuous,thorsson,BRCA,TIL Regional Fraction,FALSE,942,TRUE,Recorded sex,MALE,11,,,FALSE,fewer than 50 subgroup patients,,,,,,,,
continuous,thorsson,BRCA,Wound Healing,FALSE,1039,TRUE,Broad race,Asian,61,,,TRUE,performance estimated,0.418604617939364,0.12224373971924,0.649730301427816,,,,,
continuous,thorsson,BRCA,Wound Healing,FALSE,1039,TRUE,Broad race,Black or African American,167,,,TRUE,performance estimated,0.421683205399752,0.117260857960814,0.675899838799099,,,,,
continuous,thorsson,BRCA,Wound Healing,FALSE,1039,TRUE,Broad race,Missing,89,,,FALSE,demographic field missing,,,,,,,,
continuous,thorsson,BRCA,Wound Healing,FALSE,1039,TRUE,Broad race,Other recorded race,1,,,FALSE,fewer than 50 subgroup patients,,,,,,,,
continuous,thorsson,BRCA,Wound Healing,FALSE,1039,TRUE,Broad race,White,721,,,TRUE,performance estimated,0.510888541077959,0.110022684413977,0.701084103142945,,,,,
continuous,thorsson,BRCA,Wound Healing,FALSE,1039,TRUE,Recorded sex,FEMALE,1027,,,TRUE,performance estimated,0.533024683706151,0.110424409704568,0.725101323602641,,,,,
continuous,thorsson,BRCA,Wound Healing,FALSE,1039,TRUE,Recorded sex,MALE,12,,,FALSE,fewer than 50 subgroup patients,,,,,,,,
continuous,thorsson,CESC,IFN-gamma Response,FALSE,263,TRUE,Broad race,Asian,19,,,FALSE,fewer than 50 subgroup patients,,,,,,,,
continuous,thorsson,CESC,IFN-gamma Response,FALSE,263,TRUE,Broad race,Black or African American,27,,,FALSE,fewer than 50 subgroup patients,,,,,,,,
continuous,thorsson,CESC,IFN-gamma Response,FALSE,263,TRUE,Broad race,Missing,33,,,FALSE,demographic field missing,,,,,,,,
continuous,thorsson,CESC,IFN-gamma Response,FALSE,263,TRUE,Broad race,Other recorded race,4,,,FALSE,fewer than 50 subgroup patients,,,,,,,,
continuous,thorsson,CESC,IFN-gamma Response,FALSE,263,TRUE,Broad race,White,180,,,TRUE,performance estimated,0.181616188931269,0.783792177269229,0.411487597353828,,,,,
continuous,thorsson,CESC,IFN-gamma Response,FALSE,263,TRUE,Recorded sex,FEMALE,263,,,TRUE,performance estimated,0.193762867924184,0.812645993909132,0.413400537326307,,,,,
continuous,thorsson,CESC,Leukocyte Fraction,FALSE,268,TRUE,Broad race,Asian,19,,,FALSE,fewer than 50 subgroup patients,,,,,,,,
continuous,thorsson,CESC,Leukocyte Fraction,FALSE,268,TRUE,Broad race,Black or African American,27,,,FALSE,fewer than 50 subgroup patients,,,,,,,,
continuous,thorsson,CESC,Leukocyte Fraction,FALSE,268,TRUE,Broad race,Missing,34,,,FALSE,demographic field missing,,,,,,,,
continuous,thorsson,CESC,Leukocyte Fraction,FALSE,268,TRUE,Broad race,Other recorded race,5,,,FALSE,fewer than 50 subgroup patients,,,,,,,,
continuous,thorsson,CESC,Leukocyte Fraction,FALSE,268,TRUE,Broad race,White,183,,,TRUE,performance estimated,0.160780298781026,0.124397040590298,0.533156188074221,,,,,
continuous,thorsson,CESC,Leukocyte Fraction,FALSE,268,TRUE,Recorded sex,FEMALE,268,,,TRUE,performance estimated,0.192060310330776,0.133048831602897,0.524494980508676,,,,,
continuous,thorsson,CESC,Lymphocyte Infiltration Signature Score,FALSE,263,TRUE,Broad race,Asian,19,,,FALSE,fewer than 50 subgroup patients,,,,,,,,
continuous,thorsson,CESC,Lymphocyte Infiltration Signature Score,FALSE,263,TRUE,Broad race,Black or African American,27,,,FALSE,fewer than 50 subgroup patients,,,,,,,,
continuous,thorsson,CESC,Lymphocyte Infiltration Signature Score,FALSE,263,TRUE,Broad race,Missing,33,,,FALSE,demographic field missing,,,,,,,,
continuous,thorsson,CESC,Lymphocyte Infiltration Signature Score,FALSE,263,TRUE,Broad race,Other recorded race,4,,,FALSE,fewer than 50 subgroup patients,,,,,,,,
continuous,thorsson,CESC,Lymphocyte Infiltration Signature Score,FALSE,263,TRUE,Broad race,White,180,,,TRUE,performance estimated,0.263440459201342,0.854343866154698,0.539028982375999,,,,,
continuous,thorsson,CESC,Lymphocyte Infiltration Signature Score,FALSE,263,TRUE,Recorded sex,FEMALE,263,,,TRUE,performance estimated,0.254372536171783,0.86791457748678,0.511563183572878,,,,,
continuous,thorsson,CESC,Macrophage Regulation,FALSE,263,TRUE,Broad race,Asian,19,,,FALSE,fewer than 50 subgroup patients,,,,,,,,
continuous,thorsson,CESC,Macrophage Regulation,FALSE,263,TRUE,Broad race,Black or African American,27,,,FALSE,fewer than 50 subgroup patients,,,,,,,,
continuous,thorsson,CESC,Macrophage Regulation,FALSE,263,TRUE,Broad race,Missing,33,,,FALSE,demographic field missing,,,,,,,,
continuous,thorsson,CESC,Macrophage Regulation,FALSE,263,TRUE,Broad race,Other recorded race,4,,,FALSE,fewer than 50 subgroup patients,,,,,,,,
continuous,thorsson,CESC,Macrophage Regulation,FALSE,263,TRUE,Broad race,White,180,,,TRUE,performance estimated,0.30087600271765,0.527212484879082,0.601022460593197,,,,,
continuous,thorsson,CESC,Macrophage Regulation,FALSE,263,TRUE,Recorded sex,FEMALE,263,,,TRUE,performance estimated,0.304109016252161,0.544514295660921,0.570474985182409,,,,,
continuous,thorsson,CESC,TIL Regional Fraction,FALSE,229,TRUE,Broad race,Asian,18,,,FALSE,fewer than 50 subgroup patients,,,,,,,,
continuous,thorsson,CESC,TIL Regional Fraction,FALSE,229,TRUE,Broad race,Black or African American,19,,,FALSE,fewer than 50 subgroup patients,,,,,,,,
continuous,thorsson,CESC,TIL Regional Fraction,FALSE,229,TRUE,Broad race,Missing,30,,,FALSE,demographic field missing,,,,,,,,
continuous,thorsson,CESC,TIL Regional Fraction,FALSE,229,TRUE,Broad race,Other recorded race,4,,,FALSE,fewer than 50 subgroup patients,,,,,,,,
continuous,thorsson,CESC,TIL Regional Fraction,FALSE,229,TRUE,Broad race,White,158,,,TRUE,performance estimated,0.369284199699012,7.40528857751647,0.685789347981849,,,,,
continuous,thorsson,CESC,TIL Regional Fraction,FALSE,229,TRUE,Recorded sex,FEMALE,229,,,TRUE,performance estimated,0.403739921524222,7.60156123823608,0.700362735203301,,,,,
continuous,thorsson,COAD,Aneuploidy Score,FALSE,408,TRUE,Broad race,Asian,10,,,FALSE,fewer than 50 subgroup patients,,,,,,,,
continuous,thorsson,COAD,Aneuploidy Score,FALSE,408,TRUE,Broad race,Black or African American,57,,,TRUE,performance estimated,0.104711771803955,6.65451479112624,0.429958892596619,,,,,
continuous,thorsson,COAD,Aneuploidy Score,FALSE,408,TRUE,Broad race,Missing,141,,,FALSE,demographic field missing,,,,,,,,
continuous,thorsson,COAD,Aneuploidy Score,FALSE,408,TRUE,Broad race,Other recorded race,1,,,FALSE,fewer than 50 subgroup patients,,,,,,,,
continuous,thorsson,COAD,Aneuploidy Score,FALSE,408,TRUE,Broad race,White,199,,,TRUE,performance estimated,0.293668421830715,6.04335261744728,0.579292861614032,,,,,
continuous,thorsson,COAD,Aneuploidy Score,FALSE,408,TRUE,Recorded sex,FEMALE,200,,,TRUE,performance estimated,0.209352202175524,6.16771495610499,0.513923776708957,,,,,
continuous,thorsson,COAD,Aneuploidy Score,FALSE,408,TRUE,Recorded sex,MALE,207,,,TRUE,performance estimated,0.322035605767246,5.71490228822092,0.592828135436448,,,,,
continuous,thorsson,COAD,Aneuploidy Score,FALSE,408,TRUE,Recorded sex,Missing,1,,,FALSE,demographic field missing,,,,,,,,
continuous,thorsson,COAD,Indel Neoantigens,FALSE,322,TRUE,Broad race,Asian,11,,,FALSE,fewer than 50 subgroup patients,,,,,,,,
continuous,thorsson,COAD,Indel Neoantigens,FALSE,322,TRUE,Broad race,Black or African American,50,,,TRUE,performance estimated,-0.0213078300575769,2.25347464450474,0.209231514198814,,,,,
continuous,thorsson,COAD,Indel Neoantigens,FALSE,322,TRUE,Broad race,Missing,80,,,FALSE,demographic field missing,,,,,,,,
continuous,thorsson,COAD,Indel Neoantigens,FALSE,322,TRUE,Broad race,White,181,,,TRUE,performance estimated,0.250365539868604,2.04770961658263,0.396614084253897,,,,,
continuous,thorsson,COAD,Indel Neoantigens,FALSE,322,TRUE,Recorded sex,FEMALE,151,,,TRUE,performance estimated,0.322749144666102,2.07891597122254,0.497429337308419,,,,,
continuous,thorsson,COAD,Indel Neoantigens,FALSE,322,TRUE,Recorded sex,MALE,170,,,TRUE,performance estimated,0.0538598387348637,2.02946086109137,0.239672398533737,,,,,
continuous,thorsson,COAD,Indel Neoantigens,FALSE,322,TRUE,Recorded sex,Missing,1,,,FALSE,demographic field missing,,,,,,,,
continuous,thorsson,COAD,Leukocyte Fraction,FALSE,419,TRUE,Broad race,Asian,11,,,FALSE,fewer than 50 subgroup patients,,,,,,,,
continuous,thorsson,COAD,Leukocyte Fraction,FALSE,419,TRUE,Broad race,Black or African American,58,,,TRUE,performance estimated,0.183008749480736,0.11833297919923,0.384490448798794,,,,,
continuous,thorsson,COAD,Leukocyte Fraction,FALSE,419,TRUE,Broad race,Missing,147,,,FALSE,demographic field missing,,,,,,,,
continuous,thorsson,COAD,Leukocyte Fraction,FALSE,419,TRUE,Broad race,Other recorded race,1,,,FALSE,fewer than 50 subgroup patients,,,,,,,,
continuous,thorsson,COAD,Leukocyte Fraction,FALSE,419,TRUE,Broad race,White,202,,,TRUE,performance estimated,0.110723488547081,0.109427319218087,0.441558534207954,,,,,
continuous,thorsson,COAD,Leukocyte Fraction,FALSE,419,TRUE,Recorded sex,FEMALE,204,,,TRUE,performance estimated,0.240004016351919,0.102360212859771,0.54541447865942,,,,,
continuous,thorsson,COAD,Leukocyte Fraction,FALSE,419,TRUE,Recorded sex,MALE,214,,,TRUE,performance estimated,0.196585111757438,0.0976313676571055,0.463806459710228,,,,,
continuous,thorsson,COAD,Leukocyte Fraction,FALSE,419,TRUE,Recorded sex,Missing,1,,,FALSE,demographic field missing,,,,,,,,
continuous,thorsson,COAD,Lymphocyte Infiltration Signature Score,FALSE,417,TRUE,Broad race,Asian,11,,,FALSE,fewer than 50 subgroup patients,,,,,,,,
continuous,thorsson,COAD,Lymphocyte Infiltration Signature Score,FALSE,417,TRUE,Broad race,Black or African American,58,,,TRUE,performance estimated,0.224815049130703,0.871060620382907,0.467039896644006,,,,,
continuous,thorsson,COAD,Lymphocyte Infiltration Signature Score,FALSE,417,TRUE,Broad race,Missing,147,,,FALSE,demographic field missing,,,,,,,,
continuous,thorsson,COAD,Lymphocyte Infiltration Signature Score,FALSE,417,TRUE,Broad race,Other recorded race,1,,,FALSE,fewer than 50 subgroup patients,,,,,,,,
continuous,thorsson,COAD,Lymphocyte Infiltration Signature Score,FALSE,417,TRUE,Broad race,White,200,,,TRUE,performance estimated,0.348937033004936,0.722874790225873,0.599700292507313,,,,,
continuous,thorsson,COAD,Lymphocyte Infiltration Signature Score,FALSE,417,TRUE,Recorded sex,FEMALE,202,,,TRUE,performance estimated,0.265038541687735,0.722654219951598,0.504956211343045,,,,,
continuous,thorsson,COAD,Lymphocyte Infiltration Signature Score,FALSE,417,TRUE,Recorded sex,MALE,214,,,TRUE,performance estimated,0.329514545885149,0.715069816575227,0.580050374872917,,,,,
continuous,thorsson,COAD,Lymphocyte Infiltration Signature Score,FALSE,417,TRUE,Recorded sex,Missing,1,,,FALSE,demographic field missing,,,,,,,,
continuous,thorsson,COAD,Macrophage Regulation,FALSE,417,TRUE,Broad race,Asian,11,,,FALSE,fewer than 50 subgroup patients,,,,,,,,
continuous,thorsson,COAD,Macrophage Regulation,FALSE,417,TRUE,Broad race,Black or African American,58,,,TRUE,performance estimated,0.1910355873724,0.611300046334397,0.46096157987019,,,,,
continuous,thorsson,COAD,Macrophage Regulation,FALSE,417,TRUE,Broad race,Missing,147,,,FALSE,demographic field missing,,,,,,,,
continuous,thorsson,COAD,Macrophage Regulation,FALSE,417,TRUE,Broad race,Other recorded race,1,,,FALSE,fewer than 50 subgroup patients,,,,,,,,
continuous,thorsson,COAD,Macrophage Regulation,FALSE,417,TRUE,Broad race,White,200,,,TRUE,performance estimated,0.187741401567037,0.611877553619184,0.457436735918398,,,,,
continuous,thorsson,COAD,Macrophage Regulation,FALSE,417,TRUE,Recorded sex,FEMALE,202,,,TRUE,performance estimated,0.239498237109752,0.558303815472151,0.493665977409228,,,,,
continuous,thorsson,COAD,Macrophage Regulation,FALSE,417,TRUE,Recorded sex,MALE,214,,,TRUE,performance estimated,0.140907842843238,0.575392212468126,0.386540464259148,,,,,
continuous,thorsson,COAD,Macrophage Regulation,FALSE,417,TRUE,Recorded sex,Missing,1,,,FALSE,demographic field missing,,,,,,,,
continuous,thorsson,COAD,Nonsilent Mutation Rate,FALSE,345,TRUE,Broad race,Asian,10,,,FALSE,fewer than 50 subgroup patients,,,,,,,,
continuous,thorsson,COAD,Nonsilent Mutation Rate,FALSE,345,TRUE,Broad race,Black or African American,56,,,TRUE,performance estimated,0.184915840600632,0.802881457986663,0.380963447824724,,,,,
continuous,thorsson,COAD,Nonsilent Mutation Rate,FALSE,345,TRUE,Broad race,Missing,93,,,FALSE,demographic field missing,,,,,,,,
continuous,thorsson,COAD,Nonsilent Mutation Rate,FALSE,345,TRUE,Broad race,Other recorded race,1,,,FALSE,fewer than 50 subgroup patients,,,,,,,,
continuous,thorsson,COAD,Nonsilent Mutation Rate,FALSE,345,TRUE,Broad race,White,185,,,TRUE,performance estimated,0.304819071316554,0.779546816092479,0.428865092301278,,,,,
continuous,thorsson,COAD,Nonsilent Mutation Rate,FALSE,345,TRUE,Recorded sex,FEMALE,171,,,TRUE,performance estimated,0.242587609616941,0.840770339793414,0.340146581980569,,,,,
continuous,thorsson,COAD,Nonsilent Mutation Rate,FALSE,345,TRUE,Recorded sex,MALE,173,,,TRUE,performance estimated,0.160483662603045,0.813293855789843,0.266511689353867,,,,,
continuous,thorsson,COAD,Nonsilent Mutation Rate,FALSE,345,TRUE,Recorded sex,Missing,1,,,FALSE,demographic field missing,,,,,,,,
continuous,thorsson,COAD,SNV Neoantigens,FALSE,350,TRUE,Broad race,Asian,11,,,FALSE,fewer than 50 subgroup patients,,,,,,,,
continuous,thorsson,COAD,SNV Neoantigens,FALSE,350,TRUE,Broad race,Black or African American,53,,,TRUE,performance estimated,0.159712576221465,0.882281422310652,0.32061450693262,,,,,
continuous,thorsson,COAD,SNV Neoantigens,FALSE,350,TRUE,Broad race,Missing,96,,,FALSE,demographic field missing,,,,,,,,
continuous,thorsson,COAD,SNV Neoantigens,FALSE,350,TRUE,Broad race,Other recorded race,1,,,FALSE,fewer than 50 subgroup patients,,,,,,,,
continuous,thorsson,COAD,SNV Neoantigens,FALSE,350,TRUE,Broad race,White,189,,,TRUE,performance estimated,0.241438061557153,0.877177974858499,0.411539094338773,,,,,
continuous,thorsson,COAD,SNV Neoantigens,FALSE,350,TRUE,Recorded sex,FEMALE,172,,,TRUE,performance estimated,0.319518404575127,0.917412010767581,0.468979088182827,,,,,
continuous,thorsson,COAD,SNV Neoantigens,FALSE,350,TRUE,Recorded sex,MALE,177,,,TRUE,performance estimated,0.0891759951449622,1.00884244959792,0.213161582312179,,,,,
continuous,thorsson,COAD,SNV Neoantigens,FALSE,350,TRUE,Recorded sex,Missing,1,,,FALSE,demographic field missing,,,,,,,,
continuous,thorsson,COAD,Silent Mutation Rate,FALSE,345,TRUE,Broad race,Asian,10,,,FALSE,fewer than 50 subgroup patients,,,,,,,,
continuous,thorsson,COAD,Silent Mutation Rate,FALSE,345,TRUE,Broad race,Black or African American,56,,,TRUE,performance estimated,0.24765609169123,0.61690132285527,0.33269878164088,,,,,
continuous,thorsson,COAD,Silent Mutation Rate,FALSE,345,TRUE,Broad race,Missing,93,,,FALSE,demographic field missing,,,,,,,,
continuous,thorsson,COAD,Silent Mutation Rate,FALSE,345,TRUE,Broad race,Other recorded race,1,,,FALSE,fewer than 50 subgroup patients,,,,,,,,
continuous,thorsson,COAD,Silent Mutation Rate,FALSE,345,TRUE,Broad race,White,185,,,TRUE,performance estimated,0.29399048137798,0.643393422746102,0.402891853985823,,,,,
continuous,thorsson,COAD,Silent Mutation Rate,FALSE,345,TRUE,Recorded sex,FEMALE,171,,,TRUE,performance estimated,0.288174508339776,0.656495490276126,0.359341551519406,,,,,
continuous,thorsson,COAD,Silent Mutation Rate,FALSE,345,TRUE,Recorded sex,MALE,173,,,TRUE,performance estimated,0.187635119590084,0.645481521177359,0.310791010080541,,,,,
continuous,thorsson,COAD,Silent Mutation Rate,FALSE,345,TRUE,Recorded sex,Missing,1,,,FALSE,demographic field missing,,,,,,,,
continuous,thorsson,COAD,TIL Regional Fraction,FALSE,414,TRUE,Broad race,Asian,11,,,FALSE,fewer than 50 subgroup patients,,,,,,,,
continuous,thorsson,COAD,TIL Regional Fraction,FALSE,414,TRUE,Broad race,Black or African American,52,,,TRUE,performance estimated,0.359281607498312,5.28819699379403,0.730128916588406,,,,,
continuous,thorsson,COAD,TIL Regional Fraction,FALSE,414,TRUE,Broad race,Missing,148,,,FALSE,demographic field missing,,,,,,,,
continuous,thorsson,COAD,TIL Regional Fraction,FALSE,414,TRUE,Broad race,Other recorded race,1,,,FALSE,fewer than 50 subgroup patients,,,,,,,,
continuous,thorsson,COAD,TIL Regional Fraction,FALSE,414,TRUE,Broad race,White,202,,,TRUE,performance estimated,0.426545171409035,5.36344916702491,0.698398414210953,,,,,
continuous,thorsson,COAD,TIL Regional Fraction,FALSE,414,TRUE,Recorded sex,FEMALE,201,,,TRUE,performance estimated,0.458567749195178,6.42837122388364,0.683186641052165,,,,,
continuous,thorsson,COAD,TIL Regional Fraction,FALSE,414,TRUE,Recorded sex,MALE,213,,,TRUE,performance estimated,0.344533020598926,6.62946984048014,0.690030821501039,,,,,
continuous,thorsson,GBM,Leukocyte Fraction,FALSE,245,TRUE,Broad race,Asian,6,,,FALSE,fewer than 50 subgroup patients,,,,,,,,
continuous,thorsson,GBM,Leukocyte Fraction,FALSE,245,TRUE,Broad race,Black or African American,21,,,FALSE,fewer than 50 subgroup patients,,,,,,,,
continuous,thorsson,GBM,Leukocyte Fraction,FALSE,245,TRUE,Broad race,Missing,2,,,FALSE,demographic field missing,,,,,,,,
continuous,thorsson,GBM,Leukocyte Fraction,FALSE,245,TRUE,Broad race,White,216,,,TRUE,performance estimated,0.349935304441009,0.123352083988762,0.58711963705212,,,,,
continuous,thorsson,GBM,Leukocyte Fraction,FALSE,245,TRUE,Recorded sex,FEMALE,103,,,TRUE,performance estimated,0.375115379234149,0.107661629783556,0.554551245442165,,,,,
continuous,thorsson,GBM,Leukocyte Fraction,FALSE,245,TRUE,Recorded sex,MALE,142,,,TRUE,performance estimated,0.33223014685908,0.130671843634717,0.581697056314977,,,,,
continuous,thorsson,GBM,Lymphocyte Infiltration Signature Score,FALSE,96,FALSE,Broad race,Asian,2,,,FALSE,model has fewer than 200 outcome-labelled patients,,,,,,,,
continuous,thorsson,GBM,Lymphocyte Infiltration Signature Score,FALSE,96,FALSE,Broad race,Black or African American,6,,,FALSE,model has fewer than 200 outcome-labelled patients,,,,,,,,
continuous,thorsson,GBM,Lymphocyte Infiltration Signature Score,FALSE,96,FALSE,Broad race,Missing,1,,,FALSE,model has fewer than 200 outcome-labelled patients,,,,,,,,
continuous,thorsson,GBM,Lymphocyte Infiltration Signature Score,FALSE,96,FALSE,Broad race,White,87,,,FALSE,model has fewer than 200 outcome-labelled patients,,,,,,,,
continuous,thorsson,GBM,Lymphocyte Infiltration Signature Score,FALSE,96,FALSE,Recorded sex,FEMALE,30,,,FALSE,model has fewer than 200 outcome-labelled patients,,,,,,,,
continuous,thorsson,GBM,Lymphocyte Infiltration Signature Score,FALSE,96,FALSE,Recorded sex,MALE,66,,,FALSE,model has fewer than 200 outcome-labelled patients,,,,,,,,
continuous,thorsson,GBM,Macrophage Regulation,FALSE,96,FALSE,Broad race,Asian,2,,,FALSE,model has fewer than 200 outcome-labelled patients,,,,,,,,
continuous,thorsson,GBM,Macrophage Regulation,FALSE,96,FALSE,Broad race,Black or African American,6,,,FALSE,model has fewer than 200 outcome-labelled patients,,,,,,,,
continuous,thorsson,GBM,Macrophage Regulation,FALSE,96,FALSE,Broad race,Missing,1,,,FALSE,model has fewer than 200 outcome-labelled patients,,,,,,,,
continuous,thorsson,GBM,Macrophage Regulation,FALSE,96,FALSE,Broad race,White,87,,,FALSE,model has fewer than 200 outcome-labelled patients,,,,,,,,
continuous,thorsson,GBM,Macrophage Regulation,FALSE,96,FALSE,Recorded sex,FEMALE,30,,,FALSE,model has fewer than 200 outcome-labelled patients,,,,,,,,
continuous,thorsson,GBM,Macrophage Regulation,FALSE,96,FALSE,Recorded sex,MALE,66,,,FALSE,model has fewer than 200 outcome-labelled patients,,,,,,,,
continuous,thorsson,GBM,Stromal Fraction,FALSE,229,TRUE,Broad race,Asian,3,,,FALSE,fewer than 50 subgroup patients,,,,,,,,
continuous,thorsson,GBM,Stromal Fraction,FALSE,229,TRUE,Broad race,Black or African American,24,,,FALSE,fewer than 50 subgroup patients,,,,,,,,
continuous,thorsson,GBM,Stromal Fraction,FALSE,229,TRUE,Broad race,Missing,2,,,FALSE,demographic field missing,,,,,,,,
continuous,thorsson,GBM,Stromal Fraction,FALSE,229,TRUE,Broad race,White,200,,,TRUE,performance estimated,0.280361224249958,0.128937382910357,0.552171146513871,,,,,
continuous,thorsson,GBM,Stromal Fraction,FALSE,229,TRUE,Recorded sex,FEMALE,82,,,TRUE,performance estimated,0.254652014633433,0.142988736851771,0.55689271171334,,,,,
continuous,thorsson,GBM,Stromal Fraction,FALSE,229,TRUE,Recorded sex,MALE,147,,,TRUE,performance estimated,0.348645997166104,0.124072670104372,0.58044090876379,,,,,
continuous,thorsson,GBM,TGF-beta Response,FALSE,96,FALSE,Broad race,Asian,2,,,FALSE,model has fewer than 200 outcome-labelled patients,,,,,,,,
continuous,thorsson,GBM,TGF-beta Response,FALSE,96,FALSE,Broad race,Black or African American,6,,,FALSE,model has fewer than 200 outcome-labelled patients,,,,,,,,
continuous,thorsson,GBM,TGF-beta Response,FALSE,96,FALSE,Broad race,Missing,1,,,FALSE,model has fewer than 200 outcome-labelled patients,,,,,,,,
continuous,thorsson,GBM,TGF-beta Response,FALSE,96,FALSE,Broad race,White,87,,,FALSE,model has fewer than 200 outcome-labelled patients,,,,,,,,
continuous,thorsson,GBM,TGF-beta Response,FALSE,96,FALSE,Recorded sex,FEMALE,30,,,FALSE,model has fewer than 200 outcome-labelled patients,,,,,,,,
continuous,thorsson,GBM,TGF-beta Response,FALSE,96,FALSE,Recorded sex,MALE,66,,,FALSE,model has fewer than 200 outcome-labelled patients,,,,,,,,
continuous,thorsson,GBM,Th2 Cells,FALSE,96,FALSE,Broad race,Asian,2,,,FALSE,model has fewer than 200 outcome-labelled patients,,,,,,,,
continuous,thorsson,GBM,Th2 Cells,FALSE,96,FALSE,Broad race,Black or African American,6,,,FALSE,model has fewer than 200 outcome-labelled patients,,,,,,,,
continuous,thorsson,GBM,Th2 Cells,FALSE,96,FALSE,Broad race,Missing,1,,,FALSE,model has fewer than 200 outcome-labelled patients,,,,,,,,
continuous,thorsson,GBM,Th2 Cells,FALSE,96,FALSE,Broad race,White,87,,,FALSE,model has fewer than 200 outcome-labelled patients,,,,,,,,
continuous,thorsson,GBM,Th2 Cells,FALSE,96,FALSE,Recorded sex,FEMALE,30,,,FALSE,model has fewer than 200 outcome-labelled patients,,,,,,,,
continuous,thorsson,GBM,Th2 Cells,FALSE,96,FALSE,Recorded sex,MALE,66,,,FALSE,model has fewer than 200 outcome-labelled patients,,,,,,,,
continuous,thorsson,HNSC,IFN-gamma Response,FALSE,437,TRUE,Broad race,Asian,9,,,FALSE,fewer than 50 subgroup patients,,,,,,,,
continuous,thorsson,HNSC,IFN-gamma Response,FALSE,437,TRUE,Broad race,Black or African American,42,,,FALSE,fewer than 50 subgroup patients,,,,,,,,
continuous,thorsson,HNSC,IFN-gamma Response,FALSE,437,TRUE,Broad race,Missing,14,,,FALSE,demographic field missing,,,,,,,,
continuous,thorsson,HNSC,IFN-gamma Response,FALSE,437,TRUE,Broad race,Other recorded race,2,,,FALSE,fewer than 50 subgroup patients,,,,,,,,
continuous,thorsson,HNSC,IFN-gamma Response,FALSE,437,TRUE,Broad race,White,370,,,TRUE,performance estimated,0.240273730041816,0.84870806108043,0.517250178391552,,,,,
continuous,thorsson,HNSC,IFN-gamma Response,FALSE,437,TRUE,Recorded sex,FEMALE,114,,,TRUE,performance estimated,0.123386382941893,0.863004980205779,0.43874931653875,,,,,
continuous,thorsson,HNSC,IFN-gamma Response,FALSE,437,TRUE,Recorded sex,MALE,323,,,TRUE,performance estimated,0.227666193180354,0.851290184600884,0.499244363260454,,,,,
continuous,thorsson,HNSC,Leukocyte Fraction,FALSE,446,TRUE,Broad race,Asian,9,,,FALSE,fewer than 50 subgroup patients,,,,,,,,
continuous,thorsson,HNSC,Leukocyte Fraction,FALSE,446,TRUE,Broad race,Black or African American,42,,,FALSE,fewer than 50 subgroup patients,,,,,,,,
continuous,thorsson,HNSC,Leukocyte Fraction,FALSE,446,TRUE,Broad race,Missing,14,,,FALSE,demographic field missing,,,,,,,,
continuous,thorsson,HNSC,Leukocyte Fraction,FALSE,446,TRUE,Broad race,Other recorded race,2,,,FALSE,fewer than 50 subgroup patients,,,,,,,,
continuous,thorsson,HNSC,Leukocyte Fraction,FALSE,446,TRUE,Broad race,White,379,,,TRUE,performance estimated,0.305269745548893,0.111036581648791,0.55805309227334,,,,,
continuous,thorsson,HNSC,Leukocyte Fraction,FALSE,446,TRUE,Recorded sex,FEMALE,121,,,TRUE,performance estimated,0.282959670478175,0.113196184727441,0.535126676602086,,,,,
continuous,thorsson,HNSC,Leukocyte Fraction,FALSE,446,TRUE,Recorded sex,MALE,325,,,TRUE,performance estimated,0.241810359301216,0.115958960801315,0.531934630241379,,,,,
continuous,thorsson,HNSC,Lymphocyte Infiltration Signature Score,FALSE,437,TRUE,Broad race,Asian,9,,,FALSE,fewer than 50 subgroup patients,,,,,,,,
continuous,thorsson,HNSC,Lymphocyte Infiltration Signature Score,FALSE,437,TRUE,Broad race,Black or African American,42,,,FALSE,fewer than 50 subgroup patients,,,,,,,,
continuous,thorsson,HNSC,Lymphocyte Infiltration Signature Score,FALSE,437,TRUE,Broad race,Missing,14,,,FALSE,demographic field missing,,,,,,,,
continuous,thorsson,HNSC,Lymphocyte Infiltration Signature Score,FALSE,437,TRUE,Broad race,Other recorded race,2,,,FALSE,fewer than 50 subgroup patients,,,,,,,,
continuous,thorsson,HNSC,Lymphocyte Infiltration Signature Score,FALSE,437,TRUE,Broad race,White,370,,,TRUE,performance estimated,0.324307695019482,0.847582839811085,0.539904356786866,,,,,
continuous,thorsson,HNSC,Lymphocyte Infiltration Signature Score,FALSE,437,TRUE,Recorded sex,FEMALE,114,,,TRUE,performance estimated,0.198014355476155,0.794165699585176,0.413602802697394,,,,,
continuous,thorsson,HNSC,Lymphocyte Infiltration Signature Score,FALSE,437,TRUE,Recorded sex,MALE,323,,,TRUE,performance estimated,0.298154300782161,0.895846215333398,0.523067910885121,,,,,
continuous,thorsson,HNSC,Number of Segments,FALSE,440,TRUE,Broad race,Asian,9,,,FALSE,fewer than 50 subgroup patients,,,,,,,,
continuous,thorsson,HNSC,Number of Segments,FALSE,440,TRUE,Broad race,Black or African American,42,,,FALSE,fewer than 50 subgroup patients,,,,,,,,
continuous,thorsson,HNSC,Number of Segments,FALSE,440,TRUE,Broad race,Missing,14,,,FALSE,demographic field missing,,,,,,,,
continuous,thorsson,HNSC,Number of Segments,FALSE,440,TRUE,Broad race,Other recorded race,2,,,FALSE,fewer than 50 subgroup patients,,,,,,,,
continuous,thorsson,HNSC,Number of Segments,FALSE,440,TRUE,Broad race,White,373,,,TRUE,performance estimated,0.102521370316584,0.481146353384739,0.403644268576315,,,,,
continuous,thorsson,HNSC,Number of Segments,FALSE,440,TRUE,Recorded sex,FEMALE,119,,,TRUE,performance estimated,0.10902881448664,0.458995292887805,0.415327338981695,,,,,
continuous,thorsson,HNSC,Number of Segments,FALSE,440,TRUE,Recorded sex,MALE,321,,,TRUE,performance estimated,0.107744934624514,0.495375553932633,0.3931061082524,,,,,
continuous,thorsson,HNSC,Stromal Fraction,FALSE,419,TRUE,Broad race,Asian,7,,,FALSE,fewer than 50 subgroup patients,,,,,,,,
continuous,thorsson,HNSC,Stromal Fraction,FALSE,419,TRUE,Broad race,Black or African American,41,,,FALSE,fewer than 50 subgroup patients,,,,,,,,
continuous,thorsson,HNSC,Stromal Fraction,FALSE,419,TRUE,Broad race,Missing,12,,,FALSE,demographic field missing,,,,,,,,
continuous,thorsson,HNSC,Stromal Fraction,FALSE,419,TRUE,Broad race,Other recorded race,2,,,FALSE,fewer than 50 subgroup patients,,,,,,,,
continuous,thorsson,HNSC,Stromal Fraction,FALSE,419,TRUE,Broad race,White,357,,,TRUE,performance estimated,0.259884625127944,0.149468680990454,0.511878565461933,,,,,
continuous,thorsson,HNSC,Stromal Fraction,FALSE,419,TRUE,Recorded sex,FEMALE,115,,,TRUE,performance estimated,0.207969619716243,0.149306313649378,0.390723256288148,,,,,
continuous,thorsson,HNSC,Stromal Fraction,FALSE,419,TRUE,Recorded sex,MALE,304,,,TRUE,performance estimated,0.24182954285223,0.150358916813549,0.519752212870976,,,,,
continuous,thorsson,HNSC,T Cells CD8,FALSE,437,TRUE,Broad race,Asian,9,,,FALSE,fewer than 50 subgroup patients,,,,,,,,
continuous,thorsson,HNSC,T Cells CD8,FALSE,437,TRUE,Broad race,Black or African American,42,,,FALSE,fewer than 50 subgroup patients,,,,,,,,
continuous,thorsson,HNSC,T Cells CD8,FALSE,437,TRUE,Broad race,Missing,14,,,FALSE,demographic field missing,,,,,,,,
continuous,thorsson,HNSC,T Cells CD8,FALSE,437,TRUE,Broad race,Other recorded race,2,,,FALSE,fewer than 50 subgroup patients,,,,,,,,
continuous,thorsson,HNSC,T Cells CD8,FALSE,437,TRUE,Broad race,White,370,,,TRUE,performance estimated,0.186355721738774,0.0752189814317418,0.487443538106996,,,,,
continuous,thorsson,HNSC,T Cells CD8,FALSE,437,TRUE,Recorded sex,FEMALE,114,,,TRUE,performance estimated,0.155334432900822,0.0707650560678657,0.472792149159102,,,,,
continuous,thorsson,HNSC,T Cells CD8,FALSE,437,TRUE,Recorded sex,MALE,323,,,TRUE,performance estimated,0.186062003288148,0.0737657412265936,0.47194475586631,,,,,
continuous,thorsson,KICH,Fraction Altered,FALSE,65,FALSE,Broad race,Asian,2,,,FALSE,model has fewer than 200 outcome-labelled patients,,,,,,,,
continuous,thorsson,KICH,Fraction Altered,FALSE,65,FALSE,Broad race,Black or African American,4,,,FALSE,model has fewer than 200 outcome-labelled patients,,,,,,,,
continuous,thorsson,KICH,Fraction Altered,FALSE,65,FALSE,Broad race,Missing,2,,,FALSE,model has fewer than 200 outcome-labelled patients,,,,,,,,
continuous,thorsson,KICH,Fraction Altered,FALSE,65,FALSE,Broad race,White,57,,,FALSE,model has fewer than 200 outcome-labelled patients,,,,,,,,
continuous,thorsson,KICH,Fraction Altered,FALSE,65,FALSE,Recorded sex,FEMALE,27,,,FALSE,model has fewer than 200 outcome-labelled patients,,,,,,,,
continuous,thorsson,KICH,Fraction Altered,FALSE,65,FALSE,Recorded sex,MALE,38,,,FALSE,model has fewer than 200 outcome-labelled patients,,,,,,,,
continuous,thorsson,KICH,Proliferation,FALSE,65,FALSE,Broad race,Asian,2,,,FALSE,model has fewer than 200 outcome-labelled patients,,,,,,,,
continuous,thorsson,KICH,Proliferation,FALSE,65,FALSE,Broad race,Black or African American,4,,,FALSE,model has fewer than 200 outcome-labelled patients,,,,,,,,
continuous,thorsson,KICH,Proliferation,FALSE,65,FALSE,Broad race,Missing,2,,,FALSE,model has fewer than 200 outcome-labelled patients,,,,,,,,
continuous,thorsson,KICH,Proliferation,FALSE,65,FALSE,Broad race,White,57,,,FALSE,model has fewer than 200 outcome-labelled patients,,,,,,,,
continuous,thorsson,KICH,Proliferation,FALSE,65,FALSE,Recorded sex,FEMALE,27,,,FALSE,model has fewer than 200 outcome-labelled patients,,,,,,,,
continuous,thorsson,KICH,Proliferation,FALSE,65,FALSE,Recorded sex,MALE,38,,,FALSE,model has fewer than 200 outcome-labelled patients,,,,,,,,
continuous,thorsson,KICH,Wound Healing,FALSE,65,FALSE,Broad race,Asian,2,,,FALSE,model has fewer than 200 outcome-labelled patients,,,,,,,,
continuous,thorsson,KICH,Wound Healing,FALSE,65,FALSE,Broad race,Black or African American,4,,,FALSE,model has fewer than 200 outcome-labelled patients,,,,,,,,
continuous,thorsson,KICH,Wound Healing,FALSE,65,FALSE,Broad race,Missing,2,,,FALSE,model has fewer than 200 outcome-labelled patients,,,,,,,,
continuous,thorsson,KICH,Wound Healing,FALSE,65,FALSE,Broad race,White,57,,,FALSE,model has fewer than 200 outcome-labelled patients,,,,,,,,
continuous,thorsson,KICH,Wound Healing,FALSE,65,FALSE,Recorded sex,FEMALE,27,,,FALSE,model has fewer than 200 outcome-labelled patients,,,,,,,,
continuous,thorsson,KICH,Wound Healing,FALSE,65,FALSE,Recorded sex,MALE,38,,,FALSE,model has fewer than 200 outcome-labelled patients,,,,,,,,
continuous,thorsson,KIRC,CTA Score,FALSE,490,TRUE,Broad race,Asian,8,,,FALSE,fewer than 50 subgroup patients,,,,,,,,
continuous,thorsson,KIRC,CTA Score,FALSE,490,TRUE,Broad race,Black or African American,51,,,TRUE,performance estimated,0.425743319057665,0.445740362863395,0.600452488687783,,,,,
continuous,thorsson,KIRC,CTA Score,FALSE,490,TRUE,Broad race,Missing,7,,,FALSE,demographic field missing,,,,,,,,
continuous,thorsson,KIRC,CTA Score,FALSE,490,TRUE,Broad race,White,424,,,TRUE,performance estimated,0.23448433958499,0.452791040708675,0.441441518879732,,,,,
continuous,thorsson,KIRC,CTA Score,FALSE,490,TRUE,Recorded sex,FEMALE,175,,,TRUE,performance estimated,0.355824476414671,0.428145658224894,0.504634124496194,,,,,
continuous,thorsson,KIRC,CTA Score,FALSE,490,TRUE,Recorded sex,MALE,315,,,TRUE,performance estimated,0.203721207755426,0.462421128095626,0.414520296548838,,,,,
continuous,thorsson,KIRC,IFN-gamma Response,FALSE,492,TRUE,Broad race,Asian,8,,,FALSE,fewer than 50 subgroup patients,,,,,,,,
continuous,thorsson,KIRC,IFN-gamma Response,FALSE,492,TRUE,Broad race,Black or African American,53,,,TRUE,performance estimated,0.145392585401862,0.420609023761384,0.323238187389131,,,,,
continuous,thorsson,KIRC,IFN-gamma Response,FALSE,492,TRUE,Broad race,Missing,7,,,FALSE,demographic field missing,,,,,,,,
continuous,thorsson,KIRC,IFN-gamma Response,FALSE,492,TRUE,Broad race,White,424,,,TRUE,performance estimated,0.219092276012187,0.374267531669281,0.249816142018415,,,,,
continuous,thorsson,KIRC,IFN-gamma Response,FALSE,492,TRUE,Recorded sex,FEMALE,177,,,TRUE,performance estimated,0.216513870746983,0.368335884899046,0.305556517373314,,,,,
continuous,thorsson,KIRC,IFN-gamma Response,FALSE,492,TRUE,Recorded sex,MALE,315,,,TRUE,performance estimated,0.227497176251734,0.380130045958034,0.258524013007606,,,,,
continuous,thorsson,KIRC,Leukocyte Fraction,FALSE,493,TRUE,Broad race,Asian,8,,,FALSE,fewer than 50 subgroup patients,,,,,,,,
continuous,thorsson,KIRC,Leukocyte Fraction,FALSE,493,TRUE,Broad race,Black or African American,53,,,TRUE,performance estimated,0.344000377886868,0.110537306234587,0.533510724076762,,,,,
continuous,thorsson,KIRC,Leukocyte Fraction,FALSE,493,TRUE,Broad race,Missing,6,,,FALSE,demographic field missing,,,,,,,,
continuous,thorsson,KIRC,Leukocyte Fraction,FALSE,493,TRUE,Broad race,White,426,,,TRUE,performance estimated,0.29964860855694,0.115558918085067,0.553675720669242,,,,,
continuous,thorsson,KIRC,Leukocyte Fraction,FALSE,493,TRUE,Recorded sex,FEMALE,178,,,TRUE,performance estimated,0.299480999182504,0.115392310679736,0.510877098163797,,,,,
continuous,thorsson,KIRC,Leukocyte Fraction,FALSE,493,TRUE,Recorded sex,MALE,315,,,TRUE,performance estimated,0.316112117268741,0.114432772459943,0.576787106038094,,,,,
continuous,thorsson,KIRC,Lymphocyte Infiltration Signature Score,FALSE,492,TRUE,Broad race,Asian,8,,,FALSE,fewer than 50 subgroup patients,,,,,,,,
continuous,thorsson,KIRC,Lymphocyte Infiltration Signature Score,FALSE,492,TRUE,Broad race,Black or African American,53,,,TRUE,performance estimated,0.334390719388801,0.770288253959053,0.610740203193033,,,,,
continuous,thorsson,KIRC,Lymphocyte Infiltration Signature Score,FALSE,492,TRUE,Broad race,Missing,7,,,FALSE,demographic field missing,,,,,,,,
continuous,thorsson,KIRC,Lymphocyte Infiltration Signature Score,FALSE,492,TRUE,Broad race,White,424,,,TRUE,performance estimated,0.311320076426794,0.711143056508628,0.459325460125199,,,,,
continuous,thorsson,KIRC,Lymphocyte Infiltration Signature Score,FALSE,492,TRUE,Recorded sex,FEMALE,177,,,TRUE,performance estimated,0.234305327687629,0.737749038518844,0.435675455757345,,,,,
continuous,thorsson,KIRC,Lymphocyte Infiltration Signature Score,FALSE,492,TRUE,Recorded sex,MALE,315,,,TRUE,performance estimated,0.36585764058975,0.699981358422348,0.500734682296935,,,,,
continuous,thorsson,KIRC,Macrophage Regulation,FALSE,492,TRUE,Broad race,Asian,8,,,FALSE,fewer than 50 subgroup patients,,,,,,,,
continuous,thorsson,KIRC,Macrophage Regulation,FALSE,492,TRUE,Broad race,Black or African American,53,,,TRUE,performance estimated,0.0194207132897623,0.598534540941882,0.372504434768586,,,,,
continuous,thorsson,KIRC,Macrophage Regulation,FALSE,492,TRUE,Broad race,Missing,7,,,FALSE,demographic field missing,,,,,,,,
continuous,thorsson,KIRC,Macrophage Regulation,FALSE,492,TRUE,Broad race,White,424,,,TRUE,performance estimated,0.314519576544304,0.406858003990255,0.47161854669331,,,,,
continuous,thorsson,KIRC,Macrophage Regulation,FALSE,492,TRUE,Recorded sex,FEMALE,177,,,TRUE,performance estimated,0.110062114586387,0.45227981096505,0.402089645262374,,,,,
continuous,thorsson,KIRC,Macrophage Regulation,FALSE,492,TRUE,Recorded sex,MALE,315,,,TRUE,performance estimated,0.345911176594759,0.416706476527635,0.481307971308041,,,,,
continuous,thorsson,KIRC,Proliferation,FALSE,492,TRUE,Broad race,Asian,8,,,FALSE,fewer than 50 subgroup patients,,,,,,,,
continuous,thorsson,KIRC,Proliferation,FALSE,492,TRUE,Broad race,Black or African American,53,,,TRUE,performance estimated,0.199668046985526,0.455864528890038,0.392855990969199,,,,,
continuous,thorsson,KIRC,Proliferation,FALSE,492,TRUE,Broad race,Missing,7,,,FALSE,demographic field missing,,,,,,,,
continuous,thorsson,KIRC,Proliferation,FALSE,492,TRUE,Broad race,White,424,,,TRUE,performance estimated,0.261659713069668,0.412750577617514,0.472194757329086,,,,,
continuous,thorsson,KIRC,Proliferation,FALSE,492,TRUE,Recorded sex,FEMALE,177,,,TRUE,performance estimated,0.264822263047804,0.412849515097126,0.458014337111746,,,,,
continuous,thorsson,KIRC,Proliferation,FALSE,492,TRUE,Recorded sex,MALE,315,,,TRUE,performance estimated,0.266554984921143,0.418027095715493,0.465771235409882,,,,,
continuous,thorsson,KIRC,Stromal Fraction,FALSE,316,TRUE,Broad race,Asian,7,,,FALSE,fewer than 50 subgroup patients,,,,,,,,
continuous,thorsson,KIRC,Stromal Fraction,FALSE,316,TRUE,Broad race,Black or African American,48,,,FALSE,fewer than 50 subgroup patients,,,,,,,,
continuous,thorsson,KIRC,Stromal Fraction,FALSE,316,TRUE,Broad race,Missing,6,,,FALSE,demographic field missing,,,,,,,,
continuous,thorsson,KIRC,Stromal Fraction,FALSE,316,TRUE,Broad race,White,255,,,TRUE,performance estimated,0.22715719339936,0.130199903807532,0.432478702089866,,,,,
continuous,thorsson,KIRC,Stromal Fraction,FALSE,316,TRUE,Recorded sex,FEMALE,117,,,TRUE,performance estimated,0.0130834644150462,0.1485558946551,0.284830498851386,,,,,
continuous,thorsson,KIRC,Stromal Fraction,FALSE,316,TRUE,Recorded sex,MALE,199,,,TRUE,performance estimated,0.254998779220197,0.128343275300552,0.467030375916491,,,,,
continuous,thorsson,KIRC,TCR Shannon,FALSE,480,TRUE,Broad race,Asian,8,,,FALSE,fewer than 50 subgroup patients,,,,,,,,
continuous,thorsson,KIRC,TCR Shannon,FALSE,480,TRUE,Broad race,Black or African American,52,,,TRUE,performance estimated,-0.193438693321755,1.1143432828899,0.276102448471771,,,,,
continuous,thorsson,KIRC,TCR Shannon,FALSE,480,TRUE,Broad race,Missing,7,,,FALSE,demographic field missing,,,,,,,,
continuous,thorsson,KIRC,TCR Shannon,FALSE,480,TRUE,Broad race,White,413,,,TRUE,performance estimated,0.2373600582967,0.826791578266856,0.417516621672714,,,,,
continuous,thorsson,KIRC,TCR Shannon,FALSE,480,TRUE,Recorded sex,FEMALE,175,,,TRUE,performance estimated,0.227559189913124,0.81907477441888,0.409803988564377,,,,,
continuous,thorsson,KIRC,TCR Shannon,FALSE,480,TRUE,Recorded sex,MALE,305,,,TRUE,performance estimated,0.240903151546213,0.877840143704821,0.435832259671597,,,,,
continuous,thorsson,KIRC,TGF-beta Response,FALSE,492,TRUE,Broad race,Asian,8,,,FALSE,fewer than 50 subgroup patients,,,,,,,,
continuous,thorsson,KIRC,TGF-beta Response,FALSE,492,TRUE,Broad race,Black or African American,53,,,TRUE,performance estimated,0.259581548779091,0.298844351537236,0.395129817771327,,,,,
continuous,thorsson,KIRC,TGF-beta Response,FALSE,492,TRUE,Broad race,Missing,7,,,FALSE,demographic field missing,,,,,,,,
continuous,thorsson,KIRC,TGF-beta Response,FALSE,492,TRUE,Broad race,White,424,,,TRUE,performance estimated,0.344586880374005,0.255280378160958,0.502799293802635,,,,,
continuous,thorsson,KIRC,TGF-beta Response,FALSE,492,TRUE,Recorded sex,FEMALE,177,,,TRUE,performance estimated,0.331212438972757,0.259289858971331,0.546426026687238,,,,,
continuous,thorsson,KIRC,TGF-beta Response,FALSE,492,TRUE,Recorded sex,MALE,315,,,TRUE,performance estimated,0.329382006113921,0.259999878114176,0.456297071838554,,,,,
continuous,thorsson,KIRC,Th1 Cells,FALSE,492,TRUE,Broad race,Asian,8,,,FALSE,fewer than 50 subgroup patients,,,,,,,,
continuous,thorsson,KIRC,Th1 Cells,FALSE,492,TRUE,Broad race,Black or African American,53,,,TRUE,performance estimated,0.266282684570414,530.84353864713,0.37364941138526,,,,,
continuous,thorsson,KIRC,Th1 Cells,FALSE,492,TRUE,Broad race,Missing,7,,,FALSE,demographic field missing,,,,,,,,
continuous,thorsson,KIRC,Th1 Cells,FALSE,492,TRUE,Broad race,White,424,,,TRUE,performance estimated,0.253745739830294,463.375648714273,0.242102439369967,,,,,
continuous,thorsson,KIRC,Th1 Cells,FALSE,492,TRUE,Recorded sex,FEMALE,177,,,TRUE,performance estimated,0.171233700671588,508.242915372847,0.193705960769377,,,,,
continuous,thorsson,KIRC,Th1 Cells,FALSE,492,TRUE,Recorded sex,MALE,315,,,TRUE,performance estimated,0.323547383238723,449.14381399216,0.326461416784726,,,,,
continuous,thorsson,KIRC,Wound Healing,FALSE,492,TRUE,Broad race,Asian,8,,,FALSE,fewer than 50 subgroup patients,,,,,,,,
continuous,thorsson,KIRC,Wound Healing,FALSE,492,TRUE,Broad race,Black or African American,53,,,TRUE,performance estimated,0.211461158725569,0.100471247426086,0.398975910416163,,,,,
continuous,thorsson,KIRC,Wound Healing,FALSE,492,TRUE,Broad race,Missing,7,,,FALSE,demographic field missing,,,,,,,,
continuous,thorsson,KIRC,Wound Healing,FALSE,492,TRUE,Broad race,White,424,,,TRUE,performance estimated,0.236381516336884,0.104244291427051,0.379541071546555,,,,,
continuous,thorsson,KIRC,Wound Healing,FALSE,492,TRUE,Recorded sex,FEMALE,177,,,TRUE,performance estimated,0.210427488627626,0.097495315255659,0.350400683864251,,,,,
continuous,thorsson,KIRC,Wound Healing,FALSE,492,TRUE,Recorded sex,MALE,315,,,TRUE,performance estimated,0.244295758622808,0.107115148593738,0.374061728811727,,,,,
continuous,thorsson,KIRP,Homologous Recombination Defects,FALSE,264,TRUE,Broad race,Asian,6,,,FALSE,fewer than 50 subgroup patients,,,,,,,,
continuous,thorsson,KIRP,Homologous Recombination Defects,FALSE,264,TRUE,Broad race,Black or African American,57,,,TRUE,performance estimated,0.384990794326467,3.70713233161607,0.512052956028511,,,,,
continuous,thorsson,KIRP,Homologous Recombination Defects,FALSE,264,TRUE,Broad race,Missing,13,,,FALSE,demographic field missing,,,,,,,,
continuous,thorsson,KIRP,Homologous Recombination Defects,FALSE,264,TRUE,Broad race,Other recorded race,2,,,FALSE,fewer than 50 subgroup patients,,,,,,,,
continuous,thorsson,KIRP,Homologous Recombination Defects,FALSE,264,TRUE,Broad race,White,186,,,TRUE,performance estimated,0.246926841536326,5.13009428609508,0.458706306032359,,,,,
continuous,thorsson,KIRP,Homologous Recombination Defects,FALSE,264,TRUE,Recorded sex,FEMALE,66,,,TRUE,performance estimated,0.419665760106175,4.78270151167193,0.583382567232286,,,,,
continuous,thorsson,KIRP,Homologous Recombination Defects,FALSE,264,TRUE,Recorded sex,MALE,198,,,TRUE,performance estimated,0.184899621734821,5.01265111491916,0.458162898491165,,,,,
continuous,thorsson,KIRP,Leukocyte Fraction,FALSE,268,TRUE,Broad race,Asian,6,,,FALSE,fewer than 50 subgroup patients,,,,,,,,
continuous,thorsson,KIRP,Leukocyte Fraction,FALSE,268,TRUE,Broad race,Black or African American,58,,,TRUE,performance estimated,-0.108717043067616,0.128477886004662,0.381045249007967,,,,,
continuous,thorsson,KIRP,Leukocyte Fraction,FALSE,268,TRUE,Broad race,Missing,13,,,FALSE,demographic field missing,,,,,,,,
continuous,thorsson,KIRP,Leukocyte Fraction,FALSE,268,TRUE,Broad race,Other recorded race,2,,,FALSE,fewer than 50 subgroup patients,,,,,,,,
continuous,thorsson,KIRP,Leukocyte Fraction,FALSE,268,TRUE,Broad race,White,189,,,TRUE,performance estimated,0.406680205812435,0.114596093228564,0.644151869034288,,,,,
continuous,thorsson,KIRP,Leukocyte Fraction,FALSE,268,TRUE,Recorded sex,FEMALE,68,,,TRUE,performance estimated,0.079491671551989,0.133329325327025,0.517127915410161,,,,,
continuous,thorsson,KIRP,Leukocyte Fraction,FALSE,268,TRUE,Recorded sex,MALE,200,,,TRUE,performance estimated,0.405287365876341,0.114523315924986,0.631398784969624,,,,,
continuous,thorsson,KIRP,Lymphocyte Infiltration Signature Score,FALSE,261,TRUE,Broad race,Asian,6,,,FALSE,fewer than 50 subgroup patients,,,,,,,,
continuous,thorsson,KIRP,Lymphocyte Infiltration Signature Score,FALSE,261,TRUE,Broad race,Black or African American,57,,,TRUE,performance estimated,-0.4947710987626,0.910069602982739,0.30453720508167,,,,,
continuous,thorsson,KIRP,Lymphocyte Infiltration Signature Score,FALSE,261,TRUE,Broad race,Missing,11,,,FALSE,demographic field missing,,,,,,,,
continuous,thorsson,KIRP,Lymphocyte Infiltration Signature Score,FALSE,261,TRUE,Broad race,Other recorded race,2,,,FALSE,fewer than 50 subgroup patients,,,,,,,,
continuous,thorsson,KIRP,Lymphocyte Infiltration Signature Score,FALSE,261,TRUE,Broad race,White,185,,,TRUE,performance estimated,0.359071844697599,0.827303746798081,0.585422842197036,,,,,
continuous,thorsson,KIRP,Lymphocyte Infiltration Signature Score,FALSE,261,TRUE,Recorded sex,FEMALE,63,,,TRUE,performance estimated,0.270113557487495,0.866567611026448,0.5633544546851,,,,,
continuous,thorsson,KIRP,Lymphocyte Infiltration Signature Score,FALSE,261,TRUE,Recorded sex,MALE,198,,,TRUE,performance estimated,0.256391280636673,0.853452860634818,0.53929963615957,,,,,
continuous,thorsson,KIRP,Macrophage Regulation,FALSE,261,TRUE,Broad race,Asian,6,,,FALSE,fewer than 50 subgroup patients,,,,,,,,
continuous,thorsson,KIRP,Macrophage Regulation,FALSE,261,TRUE,Broad race,Black or African American,57,,,TRUE,performance estimated,-0.161920171134598,0.566844739057252,0.340834845735027,,,,,
continuous,thorsson,KIRP,Macrophage Regulation,FALSE,261,TRUE,Broad race,Missing,11,,,FALSE,demographic field missing,,,,,,,,
continuous,thorsson,KIRP,Macrophage Regulation,FALSE,261,TRUE,Broad race,Other recorded race,2,,,FALSE,fewer than 50 subgroup patients,,,,,,,,
continuous,thorsson,KIRP,Macrophage Regulation,FALSE,261,TRUE,Broad race,White,185,,,TRUE,performance estimated,0.362772396278492,0.531236149571158,0.589230885864827,,,,,
continuous,thorsson,KIRP,Macrophage Regulation,FALSE,261,TRUE,Recorded sex,FEMALE,63,,,TRUE,performance estimated,0.192589253440413,0.589269886019232,0.468586789554531,,,,,
continuous,thorsson,KIRP,Macrophage Regulation,FALSE,261,TRUE,Recorded sex,MALE,198,,,TRUE,performance estimated,0.331929702460109,0.533754457372585,0.581197087265739,,,,,
continuous,thorsson,KIRP,Macrophages M1,FALSE,261,TRUE,Broad race,Asian,6,,,FALSE,fewer than 50 subgroup patients,,,,,,,,
continuous,thorsson,KIRP,Macrophages M1,FALSE,261,TRUE,Broad race,Black or African American,57,,,TRUE,performance estimated,0.419319877982629,0.0150231009160998,0.572553116044579,,,,,
continuous,thorsson,KIRP,Macrophages M1,FALSE,261,TRUE,Broad race,Missing,11,,,FALSE,demographic field missing,,,,,,,,
continuous,thorsson,KIRP,Macrophages M1,FALSE,261,TRUE,Broad race,Other recorded race,2,,,FALSE,fewer than 50 subgroup patients,,,,,,,,
continuous,thorsson,KIRP,Macrophages M1,FALSE,261,TRUE,Broad race,White,185,,,TRUE,performance estimated,0.186574407077176,0.0164214938289419,0.52401845524176,,,,,
continuous,thorsson,KIRP,Macrophages M1,FALSE,261,TRUE,Recorded sex,FEMALE,63,,,TRUE,performance estimated,0.189229280781852,0.0194721340606903,0.588077594993631,,,,,
continuous,thorsson,KIRP,Macrophages M1,FALSE,261,TRUE,Recorded sex,MALE,198,,,TRUE,performance estimated,0.323280179916392,0.0160541383076939,0.474551845271656,,,,,
continuous,thorsson,KIRP,Macrophages M2,FALSE,261,TRUE,Broad race,Asian,6,,,FALSE,fewer than 50 subgroup patients,,,,,,,,
continuous,thorsson,KIRP,Macrophages M2,FALSE,261,TRUE,Broad race,Black or African American,57,,,TRUE,performance estimated,0.14984425748791,0.130484175734695,0.457687321752658,,,,,
continuous,thorsson,KIRP,Macrophages M2,FALSE,261,TRUE,Broad race,Missing,11,,,FALSE,demographic field missing,,,,,,,,
continuous,thorsson,KIRP,Macrophages M2,FALSE,261,TRUE,Broad race,Other recorded race,2,,,FALSE,fewer than 50 subgroup patients,,,,,,,,
continuous,thorsson,KIRP,Macrophages M2,FALSE,261,TRUE,Broad race,White,185,,,TRUE,performance estimated,0.247947824226552,0.13020014104351,0.515144611652326,,,,,
continuous,thorsson,KIRP,Macrophages M2,FALSE,261,TRUE,Recorded sex,FEMALE,63,,,TRUE,performance estimated,0.147712792724832,0.145805519473252,0.451084869431644,,,,,
continuous,thorsson,KIRP,Macrophages M2,FALSE,261,TRUE,Recorded sex,MALE,198,,,TRUE,performance estimated,0.288211831829092,0.127557377277397,0.544331100201825,,,,,
continuous,thorsson,KIRP,Proliferation,FALSE,261,TRUE,Broad race,Asian,6,,,FALSE,fewer than 50 subgroup patients,,,,,,,,
continuous,thorsson,KIRP,Proliferation,FALSE,261,TRUE,Broad race,Black or African American,57,,,TRUE,performance estimated,0.38141318548354,0.442445334261291,0.509178117708063,,,,,
continuous,thorsson,KIRP,Proliferation,FALSE,261,TRUE,Broad race,Missing,11,,,FALSE,demographic field missing,,,,,,,,
continuous,thorsson,KIRP,Proliferation,FALSE,261,TRUE,Broad race,Other recorded race,2,,,FALSE,fewer than 50 subgroup patients,,,,,,,,
continuous,thorsson,KIRP,Proliferation,FALSE,261,TRUE,Broad race,White,185,,,TRUE,performance estimated,0.512810505312729,0.383143880462248,0.616506987050475,,,,,
continuous,thorsson,KIRP,Proliferation,FALSE,261,TRUE,Recorded sex,FEMALE,63,,,TRUE,performance estimated,0.653458455673073,0.371459508334807,0.790524193548387,,,,,
continuous,thorsson,KIRP,Proliferation,FALSE,261,TRUE,Recorded sex,MALE,198,,,TRUE,performance estimated,0.440696538026773,0.40068070462748,0.533239802968208,,,,,
continuous,thorsson,KIRP,Stromal Fraction,FALSE,254,TRUE,Broad race,Asian,5,,,FALSE,fewer than 50 subgroup patients,,,,,,,,
continuous,thorsson,KIRP,Stromal Fraction,FALSE,254,TRUE,Broad race,Black or African American,54,,,TRUE,performance estimated,-0.0641197143446598,0.133944319872506,0.442865208453835,,,,,
continuous,thorsson,KIRP,Stromal Fraction,FALSE,254,TRUE,Broad race,Missing,13,,,FALSE,demographic field missing,,,,,,,,
continuous,thorsson,KIRP,Stromal Fraction,FALSE,254,TRUE,Broad race,Other recorded race,1,,,FALSE,fewer than 50 subgroup patients,,,,,,,,
continuous,thorsson,KIRP,Stromal Fraction,FALSE,254,TRUE,Broad race,White,181,,,TRUE,performance estimated,0.36454328523,0.136771435674608,0.613021507068415,,,,,
continuous,thorsson,KIRP,Stromal Fraction,FALSE,254,TRUE,Recorded sex,FEMALE,65,,,TRUE,performance estimated,0.14539309569846,0.145346357234447,0.551420071674135,,,,,
continuous,thorsson,KIRP,Stromal Fraction,FALSE,254,TRUE,Recorded sex,MALE,189,,,TRUE,performance estimated,0.301592552912061,0.143370149029572,0.547852240845287,,,,,
continuous,thorsson,KIRP,Th2 Cells,FALSE,261,TRUE,Broad race,Asian,6,,,FALSE,fewer than 50 subgroup patients,,,,,,,,
continuous,thorsson,KIRP,Th2 Cells,FALSE,261,TRUE,Broad race,Black or African American,57,,,TRUE,performance estimated,0.0171425655766517,566.299099965871,0.311848586984703,,,,,
continuous,thorsson,KIRP,Th2 Cells,FALSE,261,TRUE,Broad race,Missing,11,,,FALSE,demographic field missing,,,,,,,,
continuous,thorsson,KIRP,Th2 Cells,FALSE,261,TRUE,Broad race,Other recorded race,2,,,FALSE,fewer than 50 subgroup patients,,,,,,,,
continuous,thorsson,KIRP,Th2 Cells,FALSE,261,TRUE,Broad race,White,185,,,TRUE,performance estimated,0.408112030241131,454.372905248041,0.553963837610402,,,,,
continuous,thorsson,KIRP,Th2 Cells,FALSE,261,TRUE,Recorded sex,FEMALE,63,,,TRUE,performance estimated,0.33051008872781,594.323146769573,0.554128264208909,,,,,
continuous,thorsson,KIRP,Th2 Cells,FALSE,261,TRUE,Recorded sex,MALE,198,,,TRUE,performance estimated,0.279484423066436,437.175772184077,0.480919131884619,,,,,
continuous,thorsson,LGG,Leukocyte Fraction,FALSE,488,TRUE,Broad race,Asian,6,,,FALSE,fewer than 50 subgroup patients,,,,,,,,
continuous,thorsson,LGG,Leukocyte Fraction,FALSE,488,TRUE,Broad race,Black or African American,20,,,FALSE,fewer than 50 subgroup patients,,,,,,,,
continuous,thorsson,LGG,Leukocyte Fraction,FALSE,488,TRUE,Broad race,Missing,11,,,FALSE,demographic field missing,,,,,,,,
continuous,thorsson,LGG,Leukocyte Fraction,FALSE,488,TRUE,Broad race,Other recorded race,1,,,FALSE,fewer than 50 subgroup patients,,,,,,,,
continuous,thorsson,LGG,Leukocyte Fraction,FALSE,488,TRUE,Broad race,White,450,,,TRUE,performance estimated,0.297769443226175,0.0728814796379298,0.51484987086356,,,,,
continuous,thorsson,LGG,Leukocyte Fraction,FALSE,488,TRUE,Recorded sex,FEMALE,216,,,TRUE,performance estimated,0.288276893573542,0.0794712888035702,0.517271460722323,,,,,
continuous,thorsson,LGG,Leukocyte Fraction,FALSE,488,TRUE,Recorded sex,MALE,271,,,TRUE,performance estimated,0.301910322101311,0.0729161278929049,0.51927356920628,,,,,
continuous,thorsson,LGG,Leukocyte Fraction,FALSE,488,TRUE,Recorded sex,Missing,1,,,FALSE,demographic field missing,,,,,,,,
continuous,thorsson,LGG,Lymphocyte Infiltration Signature Score,FALSE,488,TRUE,Broad race,Asian,6,,,FALSE,fewer than 50 subgroup patients,,,,,,,,
continuous,thorsson,LGG,Lymphocyte Infiltration Signature Score,FALSE,488,TRUE,Broad race,Black or African American,20,,,FALSE,fewer than 50 subgroup patients,,,,,,,,
continuous,thorsson,LGG,Lymphocyte Infiltration Signature Score,FALSE,488,TRUE,Broad race,Missing,11,,,FALSE,demographic field missing,,,,,,,,
continuous,thorsson,LGG,Lymphocyte Infiltration Signature Score,FALSE,488,TRUE,Broad race,Other recorded race,1,,,FALSE,fewer than 50 subgroup patients,,,,,,,,
continuous,thorsson,LGG,Lymphocyte Infiltration Signature Score,FALSE,488,TRUE,Broad race,White,450,,,TRUE,performance estimated,0.266038585261452,0.583684822838556,0.471860972045932,,,,,
continuous,thorsson,LGG,Lymphocyte Infiltration Signature Score,FALSE,488,TRUE,Recorded sex,FEMALE,216,,,TRUE,performance estimated,0.30258455536566,0.574776613188007,0.465688604108612,,,,,
continuous,thorsson,LGG,Lymphocyte Infiltration Signature Score,FALSE,488,TRUE,Recorded sex,MALE,271,,,TRUE,performance estimated,0.227608493821168,0.604027045475357,0.441337180942837,,,,,
continuous,thorsson,LGG,Lymphocyte Infiltration Signature Score,FALSE,488,TRUE,Recorded sex,Missing,1,,,FALSE,demographic field missing,,,,,,,,
continuous,thorsson,LGG,Macrophage Regulation,FALSE,488,TRUE,Broad race,Asian,6,,,FALSE,fewer than 50 subgroup patients,,,,,,,,
continuous,thorsson,LGG,Macrophage Regulation,FALSE,488,TRUE,Broad race,Black or African American,20,,,FALSE,fewer than 50 subgroup patients,,,,,,,,
continuous,thorsson,LGG,Macrophage Regulation,FALSE,488,TRUE,Broad race,Missing,11,,,FALSE,demographic field missing,,,,,,,,
continuous,thorsson,LGG,Macrophage Regulation,FALSE,488,TRUE,Broad race,Other recorded race,1,,,FALSE,fewer than 50 subgroup patients,,,,,,,,
continuous,thorsson,LGG,Macrophage Regulation,FALSE,488,TRUE,Broad race,White,450,,,TRUE,performance estimated,0.367901746371446,0.473056622573907,0.609909884640078,,,,,
continuous,thorsson,LGG,Macrophage Regulation,FALSE,488,TRUE,Recorded sex,FEMALE,216,,,TRUE,performance estimated,0.349270257051462,0.498660571948552,0.585430817654087,,,,,
continuous,thorsson,LGG,Macrophage Regulation,FALSE,488,TRUE,Recorded sex,MALE,271,,,TRUE,performance estimated,0.378588788465253,0.459315717970542,0.614709805944426,,,,,
continuous,thorsson,LGG,Macrophage Regulation,FALSE,488,TRUE,Recorded sex,Missing,1,,,FALSE,demographic field missing,,,,,,,,
continuous,thorsson,LGG,Proliferation,FALSE,488,TRUE,Broad race,Asian,6,,,FALSE,fewer than 50 subgroup patients,,,,,,,,
continuous,thorsson,LGG,Proliferation,FALSE,488,TRUE,Broad race,Black or African American,20,,,FALSE,fewer than 50 subgroup patients,,,,,,,,
continuous,thorsson,LGG,Proliferation,FALSE,488,TRUE,Broad race,Missing,11,,,FALSE,demographic field missing,,,,,,,,
continuous,thorsson,LGG,Proliferation,FALSE,488,TRUE,Broad race,Other recorded race,1,,,FALSE,fewer than 50 subgroup patients,,,,,,,,
continuous,thorsson,LGG,Proliferation,FALSE,488,TRUE,Broad race,White,450,,,TRUE,performance estimated,0.30404380026067,0.631111385290348,0.479470985925073,,,,,
continuous,thorsson,LGG,Proliferation,FALSE,488,TRUE,Recorded sex,FEMALE,216,,,TRUE,performance estimated,0.379314731512964,0.640033900126692,0.547780798705891,,,,,
continuous,thorsson,LGG,Proliferation,FALSE,488,TRUE,Recorded sex,MALE,271,,,TRUE,performance estimated,0.226233647964636,0.6353276622463,0.430573300637575,,,,,
continuous,thorsson,LGG,Proliferation,FALSE,488,TRUE,Recorded sex,Missing,1,,,FALSE,demographic field missing,,,,,,,,
continuous,thorsson,LGG,TGF-beta Response,FALSE,488,TRUE,Broad race,Asian,6,,,FALSE,fewer than 50 subgroup patients,,,,,,,,
continuous,thorsson,LGG,TGF-beta Response,FALSE,488,TRUE,Broad race,Black or African American,20,,,FALSE,fewer than 50 subgroup patients,,,,,,,,
continuous,thorsson,LGG,TGF-beta Response,FALSE,488,TRUE,Broad race,Missing,11,,,FALSE,demographic field missing,,,,,,,,
continuous,thorsson,LGG,TGF-beta Response,FALSE,488,TRUE,Broad race,Other recorded race,1,,,FALSE,fewer than 50 subgroup patients,,,,,,,,
continuous,thorsson,LGG,TGF-beta Response,FALSE,488,TRUE,Broad race,White,450,,,TRUE,performance estimated,0.461143093665863,0.242938427084618,0.618001378180081,,,,,
continuous,thorsson,LGG,TGF-beta Response,FALSE,488,TRUE,Recorded sex,FEMALE,216,,,TRUE,performance estimated,0.497707742945529,0.238997850580805,0.633963679599594,,,,,
continuous,thorsson,LGG,TGF-beta Response,FALSE,488,TRUE,Recorded sex,MALE,271,,,TRUE,performance estimated,0.412753844063475,0.252928190315012,0.582463330236299,,,,,
continuous,thorsson,LGG,TGF-beta Response,FALSE,488,TRUE,Recorded sex,Missing,1,,,FALSE,demographic field missing,,,,,,,,
continuous,thorsson,LGG,Wound Healing,FALSE,488,TRUE,Broad race,Asian,6,,,FALSE,fewer than 50 subgroup patients,,,,,,,,
continuous,thorsson,LGG,Wound Healing,FALSE,488,TRUE,Broad race,Black or African American,20,,,FALSE,fewer than 50 subgroup patients,,,,,,,,
continuous,thorsson,LGG,Wound Healing,FALSE,488,TRUE,Broad race,Missing,11,,,FALSE,demographic field missing,,,,,,,,
continuous,thorsson,LGG,Wound Healing,FALSE,488,TRUE,Broad race,Other recorded race,1,,,FALSE,fewer than 50 subgroup patients,,,,,,,,
continuous,thorsson,LGG,Wound Healing,FALSE,488,TRUE,Broad race,White,450,,,TRUE,performance estimated,0.308922522704651,0.107073372828278,0.448908926640855,,,,,
continuous,thorsson,LGG,Wound Healing,FALSE,488,TRUE,Recorded sex,FEMALE,216,,,TRUE,performance estimated,0.343276491445891,0.111067631927657,0.490160714449039,,,,,
continuous,thorsson,LGG,Wound Healing,FALSE,488,TRUE,Recorded sex,MALE,271,,,TRUE,performance estimated,0.266845937286016,0.102915268966999,0.419928616431499,,,,,
continuous,thorsson,LGG,Wound Healing,FALSE,488,TRUE,Recorded sex,Missing,1,,,FALSE,demographic field missing,,,,,,,,
continuous,thorsson,LIHC,Homologous Recombination Defects,FALSE,350,TRUE,Broad race,Asian,156,,,TRUE,performance estimated,0.129417392860907,9.72012037190393,0.428172562789693,,,,,
continuous,thorsson,LIHC,Homologous Recombination Defects,FALSE,350,TRUE,Broad race,Black or African American,14,,,FALSE,fewer than 50 subgroup patients,,,,,,,,
continuous,thorsson,LIHC,Homologous Recombination Defects,FALSE,350,TRUE,Broad race,Missing,9,,,FALSE,demographic field missing,,,,,,,,
continuous,thorsson,LIHC,Homologous Recombination Defects,FALSE,350,TRUE,Broad race,Other recorded race,2,,,FALSE,fewer than 50 subgroup patients,,,,,,,,
continuous,thorsson,LIHC,Homologous Recombination Defects,FALSE,350,TRUE,Broad race,White,169,,,TRUE,performance estimated,0.184526756789045,9.56941647784333,0.51752548347718,,,,,
continuous,thorsson,LIHC,Homologous Recombination Defects,FALSE,350,TRUE,Recorded sex,FEMALE,112,,,TRUE,performance estimated,0.301042376887151,8.60053569650596,0.556090706528346,,,,,
continuous,thorsson,LIHC,Homologous Recombination Defects,FALSE,350,TRUE,Recorded sex,MALE,238,,,TRUE,performance estimated,0.161646289391323,10.1079660928482,0.471633104856865,,,,,
continuous,thorsson,LIHC,Leukocyte Fraction,FALSE,363,TRUE,Broad race,Asian,161,,,TRUE,performance estimated,0.449741876767621,0.110052603954808,0.633666896710375,,,,,
continuous,thorsson,LIHC,Leukocyte Fraction,FALSE,363,TRUE,Broad race,Black or African American,14,,,FALSE,fewer than 50 subgroup patients,,,,,,,,
continuous,thorsson,LIHC,Leukocyte Fraction,FALSE,363,TRUE,Broad race,Missing,9,,,FALSE,demographic field missing,,,,,,,,
continuous,thorsson,LIHC,Leukocyte Fraction,FALSE,363,TRUE,Broad race,Other recorded race,2,,,FALSE,fewer than 50 subgroup patients,,,,,,,,
continuous,thorsson,LIHC,Leukocyte Fraction,FALSE,363,TRUE,Broad race,White,177,,,TRUE,performance estimated,0.330052157100248,0.105887146484678,0.670373608490158,,,,,
continuous,thorsson,LIHC,Leukocyte Fraction,FALSE,363,TRUE,Recorded sex,FEMALE,119,,,TRUE,performance estimated,0.401053944550363,0.107426517821102,0.633486682808717,,,,,
continuous,thorsson,LIHC,Leukocyte Fraction,FALSE,363,TRUE,Recorded sex,MALE,244,,,TRUE,performance estimated,0.388307783456583,0.108091251168701,0.663662565208233,,,,,
continuous,thorsson,LIHC,Lymphocyte Infiltration Signature Score,FALSE,352,TRUE,Broad race,Asian,158,,,TRUE,performance estimated,0.424989112159255,0.82564311295891,0.566015043541854,,,,,
continuous,thorsson,LIHC,Lymphocyte Infiltration Signature Score,FALSE,352,TRUE,Broad race,Black or African American,14,,,FALSE,fewer than 50 subgroup patients,,,,,,,,
continuous,thorsson,LIHC,Lymphocyte Infiltration Signature Score,FALSE,352,TRUE,Broad race,Missing,9,,,FALSE,demographic field missing,,,,,,,,
continuous,thorsson,LIHC,Lymphocyte Infiltration Signature Score,FALSE,352,TRUE,Broad race,Other recorded race,2,,,FALSE,fewer than 50 subgroup patients,,,,,,,,
continuous,thorsson,LIHC,Lymphocyte Infiltration Signature Score,FALSE,352,TRUE,Broad race,White,169,,,TRUE,performance estimated,0.21682270875179,0.88028558524723,0.527241310725474,,,,,
continuous,thorsson,LIHC,Lymphocyte Infiltration Signature Score,FALSE,352,TRUE,Recorded sex,FEMALE,113,,,TRUE,performance estimated,0.32823424678427,0.879323169866268,0.533523798831329,,,,,
continuous,thorsson,LIHC,Lymphocyte Infiltration Signature Score,FALSE,352,TRUE,Recorded sex,MALE,239,,,TRUE,performance estimated,0.337710040344367,0.837649669600414,0.564301960331073,,,,,
continuous,thorsson,LIHC,Macrophage Regulation,FALSE,352,TRUE,Broad race,Asian,158,,,TRUE,performance estimated,0.400659040680058,0.529783927588811,0.566390485557132,,,,,
continuous,thorsson,LIHC,Macrophage Regulation,FALSE,352,TRUE,Broad race,Black or African American,14,,,FALSE,fewer than 50 subgroup patients,,,,,,,,
continuous,thorsson,LIHC,Macrophage Regulation,FALSE,352,TRUE,Broad race,Missing,9,,,FALSE,demographic field missing,,,,,,,,
continuous,thorsson,LIHC,Macrophage Regulation,FALSE,352,TRUE,Broad race,Other recorded race,2,,,FALSE,fewer than 50 subgroup patients,,,,,,,,
continuous,thorsson,LIHC,Macrophage Regulation,FALSE,352,TRUE,Broad race,White,169,,,TRUE,performance estimated,0.352924651441167,0.515504928013885,0.610645051616803,,,,,
continuous,thorsson,LIHC,Macrophage Regulation,FALSE,352,TRUE,Recorded sex,FEMALE,113,,,TRUE,performance estimated,0.382092923569887,0.553284578286795,0.596413600372613,,,,,
continuous,thorsson,LIHC,Macrophage Regulation,FALSE,352,TRUE,Recorded sex,MALE,239,,,TRUE,performance estimated,0.364944043401867,0.510544026432903,0.587695709472191,,,,,
continuous,thorsson,LIHC,Proliferation,FALSE,352,TRUE,Broad race,Asian,158,,,TRUE,performance estimated,0.338176966002142,0.56638252886284,0.602533775303906,,,,,
continuous,thorsson,LIHC,Proliferation,FALSE,352,TRUE,Broad race,Black or African American,14,,,FALSE,fewer than 50 subgroup patients,,,,,,,,
continuous,thorsson,LIHC,Proliferation,FALSE,352,TRUE,Broad race,Missing,9,,,FALSE,demographic field missing,,,,,,,,
continuous,thorsson,LIHC,Proliferation,FALSE,352,TRUE,Broad race,Other recorded race,2,,,FALSE,fewer than 50 subgroup patients,,,,,,,,
continuous,thorsson,LIHC,Proliferation,FALSE,352,TRUE,Broad race,White,169,,,TRUE,performance estimated,0.423846228116977,0.564965908032312,0.691742827308438,,,,,
continuous,thorsson,LIHC,Proliferation,FALSE,352,TRUE,Recorded sex,FEMALE,113,,,TRUE,performance estimated,0.38046497295726,0.524860714807008,0.668191496440216,,,,,
continuous,thorsson,LIHC,Proliferation,FALSE,352,TRUE,Recorded sex,MALE,239,,,TRUE,performance estimated,0.423346746465061,0.584762408998686,0.650557294047326,,,,,
continuous,thorsson,LIHC,Stromal Fraction,FALSE,348,TRUE,Broad race,Asian,155,,,TRUE,performance estimated,0.368217563092241,0.1421719354501,0.63571973271701,,,,,
continuous,thorsson,LIHC,Stromal Fraction,FALSE,348,TRUE,Broad race,Black or African American,14,,,FALSE,fewer than 50 subgroup patients,,,,,,,,
continuous,thorsson,LIHC,Stromal Fraction,FALSE,348,TRUE,Broad race,Missing,9,,,FALSE,demographic field missing,,,,,,,,
continuous,thorsson,LIHC,Stromal Fraction,FALSE,348,TRUE,Broad race,Other recorded race,2,,,FALSE,fewer than 50 subgroup patients,,,,,,,,
continuous,thorsson,LIHC,Stromal Fraction,FALSE,348,TRUE,Broad race,White,168,,,TRUE,performance estimated,0.280329853809925,0.164462370822422,0.558010145840442,,,,,
continuous,thorsson,LIHC,Stromal Fraction,FALSE,348,TRUE,Recorded sex,FEMALE,111,,,TRUE,performance estimated,0.349533413411076,0.155248741622116,0.633690412626121,,,,,
continuous,thorsson,LIHC,Stromal Fraction,FALSE,348,TRUE,Recorded sex,MALE,237,,,TRUE,performance estimated,0.24561344004195,0.16072973779431,0.52609505771224,,,,,
continuous,thorsson,LIHC,TCR Shannon,FALSE,299,TRUE,Broad race,Asian,135,,,TRUE,performance estimated,0.28446486674521,0.926519493497378,0.488726916237084,,,,,
continuous,thorsson,LIHC,TCR Shannon,FALSE,299,TRUE,Broad race,Black or African American,12,,,FALSE,fewer than 50 subgroup patients,,,,,,,,
continuous,thorsson,LIHC,TCR Shannon,FALSE,299,TRUE,Broad race,Missing,8,,,FALSE,demographic field missing,,,,,,,,
continuous,thorsson,LIHC,TCR Shannon,FALSE,299,TRUE,Broad race,Other recorded race,1,,,FALSE,fewer than 50 subgroup patients,,,,,,,,
continuous,thorsson,LIHC,TCR Shannon,FALSE,299,TRUE,Broad race,White,143,,,TRUE,performance estimated,0.169096166552266,0.929344348184494,0.461283729864559,,,,,
continuous,thorsson,LIHC,TCR Shannon,FALSE,299,TRUE,Recorded sex,FEMALE,95,,,TRUE,performance estimated,0.168943800495449,0.985237546138595,0.41381527490236,,,,,
continuous,thorsson,LIHC,TCR Shannon,FALSE,299,TRUE,Recorded sex,MALE,204,,,TRUE,performance estimated,0.248992387954329,0.911738568578199,0.498682974279952,,,,,
continuous,thorsson,LIHC,TGF-beta Response,FALSE,352,TRUE,Broad race,Asian,158,,,TRUE,performance estimated,0.427795190358923,0.328445543261478,0.649698642140955,,,,,
continuous,thorsson,LIHC,TGF-beta Response,FALSE,352,TRUE,Broad race,Black or African American,14,,,FALSE,fewer than 50 subgroup patients,,,,,,,,
continuous,thorsson,LIHC,TGF-beta Response,FALSE,352,TRUE,Broad race,Missing,9,,,FALSE,demographic field missing,,,,,,,,
continuous,thorsson,LIHC,TGF-beta Response,FALSE,352,TRUE,Broad race,Other recorded race,2,,,FALSE,fewer than 50 subgroup patients,,,,,,,,
continuous,thorsson,LIHC,TGF-beta Response,FALSE,352,TRUE,Broad race,White,169,,,TRUE,performance estimated,0.287311705826248,0.347827755683742,0.559063396976461,,,,,
continuous,thorsson,LIHC,TGF-beta Response,FALSE,352,TRUE,Recorded sex,FEMALE,113,,,TRUE,performance estimated,0.417573831699178,0.328676154499253,0.665654454835541,,,,,
continuous,thorsson,LIHC,TGF-beta Response,FALSE,352,TRUE,Recorded sex,MALE,239,,,TRUE,performance estimated,0.298141471549912,0.349895973629927,0.547628410161289,,,,,
continuous,thorsson,LIHC,Th17 Cells,FALSE,352,TRUE,Broad race,Asian,158,,,TRUE,performance estimated,0.31846115968509,1341.45267519398,0.509788715146518,,,,,
continuous,thorsson,LIHC,Th17 Cells,FALSE,352,TRUE,Broad race,Black or African American,14,,,FALSE,fewer than 50 subgroup patients,,,,,,,,
continuous,thorsson,LIHC,Th17 Cells,FALSE,352,TRUE,Broad race,Missing,9,,,FALSE,demographic field missing,,,,,,,,
continuous,thorsson,LIHC,Th17 Cells,FALSE,352,TRUE,Broad race,Other recorded race,2,,,FALSE,fewer than 50 subgroup patients,,,,,,,,
continuous,thorsson,LIHC,Th17 Cells,FALSE,352,TRUE,Broad race,White,169,,,TRUE,performance estimated,0.125011918561489,1289.49232086931,0.351457411366914,,,,,
continuous,thorsson,LIHC,Th17 Cells,FALSE,352,TRUE,Recorded sex,FEMALE,113,,,TRUE,performance estimated,0.287700797759196,1405.60591626282,0.543241399960077,,,,,
continuous,thorsson,LIHC,Th17 Cells,FALSE,352,TRUE,Recorded sex,MALE,239,,,TRUE,performance estimated,0.192256163288689,1229.35831403085,0.343896839070356,,,,,
continuous,thorsson,LIHC,Th2 Cells,FALSE,352,TRUE,Broad race,Asian,158,,,TRUE,performance estimated,0.240804987108102,532.135170652442,0.519179017857822,,,,,
continuous,thorsson,LIHC,Th2 Cells,FALSE,352,TRUE,Broad race,Black or African American,14,,,FALSE,fewer than 50 subgroup patients,,,,,,,,
continuous,thorsson,LIHC,Th2 Cells,FALSE,352,TRUE,Broad race,Missing,9,,,FALSE,demographic field missing,,,,,,,,
continuous,thorsson,LIHC,Th2 Cells,FALSE,352,TRUE,Broad race,Other recorded race,2,,,FALSE,fewer than 50 subgroup patients,,,,,,,,
continuous,thorsson,LIHC,Th2 Cells,FALSE,352,TRUE,Broad race,White,169,,,TRUE,performance estimated,0.246127075947684,453.369019780295,0.470682710954204,,,,,
continuous,thorsson,LIHC,Th2 Cells,FALSE,352,TRUE,Recorded sex,FEMALE,113,,,TRUE,performance estimated,0.204498745415693,425.196837458244,0.484436755605829,,,,,
continuous,thorsson,LIHC,Th2 Cells,FALSE,352,TRUE,Recorded sex,MALE,239,,,TRUE,performance estimated,0.255907375917367,532.143153318481,0.490670686684716,,,,,
continuous,thorsson,LIHC,Wound Healing,FALSE,352,TRUE,Broad race,Asian,158,,,TRUE,performance estimated,0.39543987728062,0.133472205828294,0.566403463648582,,,,,
continuous,thorsson,LIHC,Wound Healing,FALSE,352,TRUE,Broad race,Black or African American,14,,,FALSE,fewer than 50 subgroup patients,,,,,,,,
continuous,thorsson,LIHC,Wound Healing,FALSE,352,TRUE,Broad race,Missing,9,,,FALSE,demographic field missing,,,,,,,,
continuous,thorsson,LIHC,Wound Healing,FALSE,352,TRUE,Broad race,Other recorded race,2,,,FALSE,fewer than 50 subgroup patients,,,,,,,,
continuous,thorsson,LIHC,Wound Healing,FALSE,352,TRUE,Broad race,White,169,,,TRUE,performance estimated,0.320943370051979,0.122110504215552,0.588967032133845,,,,,
continuous,thorsson,LIHC,Wound Healing,FALSE,352,TRUE,Recorded sex,FEMALE,113,,,TRUE,performance estimated,0.28412982634432,0.123702187778819,0.587237900395423,,,,,
continuous,thorsson,LIHC,Wound Healing,FALSE,352,TRUE,Recorded sex,MALE,239,,,TRUE,performance estimated,0.403508011294722,0.132291409786901,0.575453299261029,,,,,
continuous,thorsson,LUAD,Fraction Altered,FALSE,459,TRUE,Broad race,Asian,7,,,FALSE,fewer than 50 subgroup patients,,,,,,,,
continuous,thorsson,LUAD,Fraction Altered,FALSE,459,TRUE,Broad race,Black or African American,50,,,TRUE,performance estimated,0.191723885043735,0.238624045029339,0.494376950780312,,,,,
continuous,thorsson,LUAD,Fraction Altered,FALSE,459,TRUE,Broad race,Missing,54,,,FALSE,demographic field missing,,,,,,,,
continuous,thorsson,LUAD,Fraction Altered,FALSE,459,TRUE,Broad race,Other recorded race,1,,,FALSE,fewer than 50 subgroup patients,,,,,,,,
continuous,thorsson,LUAD,Fraction Altered,FALSE,459,TRUE,Broad race,White,347,,,TRUE,performance estimated,0.219606360617115,0.218222449578755,0.487372386336025,,,,,
continuous,thorsson,LUAD,Fraction Altered,FALSE,459,TRUE,Recorded sex,FEMALE,247,,,TRUE,performance estimated,0.180605865527759,0.225172196408369,0.462795242357543,,,,,
continuous,thorsson,LUAD,Fraction Altered,FALSE,459,TRUE,Recorded sex,MALE,212,,,TRUE,performance estimated,0.214923829324983,0.220392407686551,0.473906696910426,,,,,
continuous,thorsson,LUAD,Homologous Recombination Defects,FALSE,449,TRUE,Broad race,Asian,7,,,FALSE,fewer than 50 subgroup patients,,,,,,,,
continuous,thorsson,LUAD,Homologous Recombination Defects,FALSE,449,TRUE,Broad race,Black or African American,49,,,FALSE,fewer than 50 subgroup patients,,,,,,,,
continuous,thorsson,LUAD,Homologous Recombination Defects,FALSE,449,TRUE,Broad race,Missing,51,,,FALSE,demographic field missing,,,,,,,,
continuous,thorsson,LUAD,Homologous Recombination Defects,FALSE,449,TRUE,Broad race,Other recorded race,1,,,FALSE,fewer than 50 subgroup patients,,,,,,,,
continuous,thorsson,LUAD,Homologous Recombination Defects,FALSE,449,TRUE,Broad race,White,341,,,TRUE,performance estimated,0.277009869686483,12.9138584939441,0.556320657580906,,,,,
continuous,thorsson,LUAD,Homologous Recombination Defects,FALSE,449,TRUE,Recorded sex,FEMALE,240,,,TRUE,performance estimated,0.266799081985073,12.9302179013479,0.538549227776476,,,,,
continuous,thorsson,LUAD,Homologous Recombination Defects,FALSE,449,TRUE,Recorded sex,MALE,209,,,TRUE,performance estimated,0.287197074214053,13.007491025068,0.564905750529005,,,,,
continuous,thorsson,LUAD,Leukocyte Fraction,FALSE,460,TRUE,Broad race,Asian,8,,,FALSE,fewer than 50 subgroup patients,,,,,,,,
continuous,thorsson,LUAD,Leukocyte Fraction,FALSE,460,TRUE,Broad race,Black or African American,50,,,TRUE,performance estimated,0.248277446905459,0.110440314308683,0.48734693877551,,,,,
continuous,thorsson,LUAD,Leukocyte Fraction,FALSE,460,TRUE,Broad race,Missing,54,,,FALSE,demographic field missing,,,,,,,,
continuous,thorsson,LUAD,Leukocyte Fraction,FALSE,460,TRUE,Broad race,Other recorded race,1,,,FALSE,fewer than 50 subgroup patients,,,,,,,,
continuous,thorsson,LUAD,Leukocyte Fraction,FALSE,460,TRUE,Broad race,White,347,,,TRUE,performance estimated,0.43753561865103,0.0963464513276066,0.65062729084226,,,,,
continuous,thorsson,LUAD,Leukocyte Fraction,FALSE,460,TRUE,Recorded sex,FEMALE,247,,,TRUE,performance estimated,0.337493322511483,0.100348865736153,0.585889844140703,,,,,
continuous,thorsson,LUAD,Leukocyte Fraction,FALSE,460,TRUE,Recorded sex,MALE,213,,,TRUE,performance estimated,0.428383533352535,0.096513147542627,0.607289620282088,,,,,
continuous,thorsson,LUAD,Lymphocyte Infiltration Signature Score,FALSE,410,TRUE,Broad race,Asian,8,,,FALSE,fewer than 50 subgroup patients,,,,,,,,
continuous,thorsson,LUAD,Lymphocyte Infiltration Signature Score,FALSE,410,TRUE,Broad race,Black or African American,43,,,FALSE,fewer than 50 subgroup patients,,,,,,,,
continuous,thorsson,LUAD,Lymphocyte Infiltration Signature Score,FALSE,410,TRUE,Broad race,Missing,48,,,FALSE,demographic field missing,,,,,,,,
continuous,thorsson,LUAD,Lymphocyte Infiltration Signature Score,FALSE,410,TRUE,Broad race,Other recorded race,1,,,FALSE,fewer than 50 subgroup patients,,,,,,,,
continuous,thorsson,LUAD,Lymphocyte Infiltration Signature Score,FALSE,410,TRUE,Broad race,White,310,,,TRUE,performance estimated,0.31919977834877,0.695123975287786,0.562503942507676,,,,,
continuous,thorsson,LUAD,Lymphocyte Infiltration Signature Score,FALSE,410,TRUE,Recorded sex,FEMALE,225,,,TRUE,performance estimated,0.212764081881862,0.751651778736052,0.481016434892541,,,,,
continuous,thorsson,LUAD,Lymphocyte Infiltration Signature Score,FALSE,410,TRUE,Recorded sex,MALE,185,,,TRUE,performance estimated,0.299873264946217,0.703827088888337,0.544143838505076,,,,,
continuous,thorsson,LUAD,Macrophage Regulation,FALSE,410,TRUE,Broad race,Asian,8,,,FALSE,fewer than 50 subgroup patients,,,,,,,,
continuous,thorsson,LUAD,Macrophage Regulation,FALSE,410,TRUE,Broad race,Black or African American,43,,,FALSE,fewer than 50 subgroup patients,,,,,,,,
continuous,thorsson,LUAD,Macrophage Regulation,FALSE,410,TRUE,Broad race,Missing,48,,,FALSE,demographic field missing,,,,,,,,
continuous,thorsson,LUAD,Macrophage Regulation,FALSE,410,TRUE,Broad race,Other recorded race,1,,,FALSE,fewer than 50 subgroup patients,,,,,,,,
continuous,thorsson,LUAD,Macrophage Regulation,FALSE,410,TRUE,Broad race,White,310,,,TRUE,performance estimated,0.304380390568633,0.474056721646199,0.548289892726569,,,,,
continuous,thorsson,LUAD,Macrophage Regulation,FALSE,410,TRUE,Recorded sex,FEMALE,225,,,TRUE,performance estimated,0.205081838838474,0.488006533793409,0.450106892787596,,,,,
continuous,thorsson,LUAD,Macrophage Regulation,FALSE,410,TRUE,Recorded sex,MALE,185,,,TRUE,performance estimated,0.314088174670361,0.475026584900511,0.571904021833896,,,,,
continuous,thorsson,LUAD,Nonsilent Mutation Rate,FALSE,460,TRUE,Broad race,Asian,8,,,FALSE,fewer than 50 subgroup patients,,,,,,,,
continuous,thorsson,LUAD,Nonsilent Mutation Rate,FALSE,460,TRUE,Broad race,Black or African American,50,,,TRUE,performance estimated,0.0398567207455432,0.856401919290656,0.367030012004802,,,,,
continuous,thorsson,LUAD,Nonsilent Mutation Rate,FALSE,460,TRUE,Broad race,Missing,54,,,FALSE,demographic field missing,,,,,,,,
continuous,thorsson,LUAD,Nonsilent Mutation Rate,FALSE,460,TRUE,Broad race,Other recorded race,1,,,FALSE,fewer than 50 subgroup patients,,,,,,,,
continuous,thorsson,LUAD,Nonsilent Mutation Rate,FALSE,460,TRUE,Broad race,White,347,,,TRUE,performance estimated,0.26090846808765,0.71562365352806,0.544023012249923,,,,,
continuous,thorsson,LUAD,Nonsilent Mutation Rate,FALSE,460,TRUE,Recorded sex,FEMALE,248,,,TRUE,performance estimated,0.327137669843573,0.687816568450049,0.587962821640486,,,,,
continuous,thorsson,LUAD,Nonsilent Mutation Rate,FALSE,460,TRUE,Recorded sex,MALE,212,,,TRUE,performance estimated,0.141108062285411,0.785217355997252,0.469277962550689,,,,,
continuous,thorsson,LUAD,Number of Segments,FALSE,459,TRUE,Broad race,Asian,7,,,FALSE,fewer than 50 subgroup patients,,,,,,,,
continuous,thorsson,LUAD,Number of Segments,FALSE,459,TRUE,Broad race,Black or African American,50,,,TRUE,performance estimated,0.252250362381622,0.474966777889834,0.63732380634136,,,,,
continuous,thorsson,LUAD,Number of Segments,FALSE,459,TRUE,Broad race,Missing,54,,,FALSE,demographic field missing,,,,,,,,
continuous,thorsson,LUAD,Number of Segments,FALSE,459,TRUE,Broad race,Other recorded race,1,,,FALSE,fewer than 50 subgroup patients,,,,,,,,
continuous,thorsson,LUAD,Number of Segments,FALSE,459,TRUE,Broad race,White,347,,,TRUE,performance estimated,0.260168275261125,0.504471816151829,0.507259025573319,,,,,
continuous,thorsson,LUAD,Number of Segments,FALSE,459,TRUE,Recorded sex,FEMALE,247,,,TRUE,performance estimated,0.212398368205302,0.539298079250877,0.467801529042008,,,,,
continuous,thorsson,LUAD,Number of Segments,FALSE,459,TRUE,Recorded sex,MALE,212,,,TRUE,performance estimated,0.285473362806965,0.472643884055448,0.558352669737811,,,,,
continuous,thorsson,LUAD,Proliferation,FALSE,410,TRUE,Broad race,Asian,8,,,FALSE,fewer than 50 subgroup patients,,,,,,,,
continuous,thorsson,LUAD,Proliferation,FALSE,410,TRUE,Broad race,Black or African American,43,,,FALSE,fewer than 50 subgroup patients,,,,,,,,
continuous,thorsson,LUAD,Proliferation,FALSE,410,TRUE,Broad race,Missing,48,,,FALSE,demographic field missing,,,,,,,,
continuous,thorsson,LUAD,Proliferation,FALSE,410,TRUE,Broad race,Other recorded race,1,,,FALSE,fewer than 50 subgroup patients,,,,,,,,
continuous,thorsson,LUAD,Proliferation,FALSE,410,TRUE,Broad race,White,310,,,TRUE,performance estimated,0.56067308951761,0.436941076207011,0.755722542898601,,,,,
continuous,thorsson,LUAD,Proliferation,FALSE,410,TRUE,Recorded sex,FEMALE,225,,,TRUE,performance estimated,0.492995715947418,0.43904421428695,0.723471554993679,,,,,
continuous,thorsson,LUAD,Proliferation,FALSE,410,TRUE,Recorded sex,MALE,185,,,TRUE,performance estimated,0.510255543230294,0.475742030444178,0.726091505249991,,,,,
continuous,thorsson,LUAD,SNV Neoantigens,FALSE,450,TRUE,Broad race,Asian,7,,,FALSE,fewer than 50 subgroup patients,,,,,,,,
continuous,thorsson,LUAD,SNV Neoantigens,FALSE,450,TRUE,Broad race,Black or African American,50,,,TRUE,performance estimated,-0.0513507203339024,1.24931824565681,0.347711666589679,,,,,
continuous,thorsson,LUAD,SNV Neoantigens,FALSE,450,TRUE,Broad race,Missing,53,,,FALSE,demographic field missing,,,,,,,,
continuous,thorsson,LUAD,SNV Neoantigens,FALSE,450,TRUE,Broad race,Other recorded race,1,,,FALSE,fewer than 50 subgroup patients,,,,,,,,
continuous,thorsson,LUAD,SNV Neoantigens,FALSE,450,TRUE,Broad race,White,339,,,TRUE,performance estimated,0.282797199520558,0.907246738421988,0.532116381001267,,,,,
continuous,thorsson,LUAD,SNV Neoantigens,FALSE,450,TRUE,Recorded sex,FEMALE,243,,,TRUE,performance estimated,0.28857475767638,0.924712884916747,0.559349171665524,,,,,
continuous,thorsson,LUAD,SNV Neoantigens,FALSE,450,TRUE,Recorded sex,MALE,207,,,TRUE,performance estimated,0.176057220116149,1.01139168147229,0.471196677909249,,,,,
continuous,thorsson,LUAD,Silent Mutation Rate,FALSE,460,TRUE,Broad race,Asian,8,,,FALSE,fewer than 50 subgroup patients,,,,,,,,
continuous,thorsson,LUAD,Silent Mutation Rate,FALSE,460,TRUE,Broad race,Black or African American,50,,,TRUE,performance estimated,0.0166946266102278,0.631669684641699,0.300840336134454,,,,,
continuous,thorsson,LUAD,Silent Mutation Rate,FALSE,460,TRUE,Broad race,Missing,54,,,FALSE,demographic field missing,,,,,,,,
continuous,thorsson,LUAD,Silent Mutation Rate,FALSE,460,TRUE,Broad race,Other recorded race,1,,,FALSE,fewer than 50 subgroup patients,,,,,,,,
continuous,thorsson,LUAD,Silent Mutation Rate,FALSE,460,TRUE,Broad race,White,347,,,TRUE,performance estimated,0.246906491597268,0.513855554124946,0.537247231817386,,,,,
continuous,thorsson,LUAD,Silent Mutation Rate,FALSE,460,TRUE,Recorded sex,FEMALE,248,,,TRUE,performance estimated,0.295484241068042,0.5002141265178,0.558197821624334,,,,,
continuous,thorsson,LUAD,Silent Mutation Rate,FALSE,460,TRUE,Recorded sex,MALE,212,,,TRUE,performance estimated,0.137898616227738,0.56107743007262,0.465724781492046,,,,,
continuous,thorsson,LUAD,Stromal Fraction,FALSE,442,TRUE,Broad race,Asian,7,,,FALSE,fewer than 50 subgroup patients,,,,,,,,
continuous,thorsson,LUAD,Stromal Fraction,FALSE,442,TRUE,Broad race,Black or African American,49,,,FALSE,fewer than 50 subgroup patients,,,,,,,,
continuous,thorsson,LUAD,Stromal Fraction,FALSE,442,TRUE,Broad race,Missing,50,,,FALSE,demographic field missing,,,,,,,,
continuous,thorsson,LUAD,Stromal Fraction,FALSE,442,TRUE,Broad race,Other recorded race,1,,,FALSE,fewer than 50 subgroup patients,,,,,,,,
continuous,thorsson,LUAD,Stromal Fraction,FALSE,442,TRUE,Broad race,White,335,,,TRUE,performance estimated,0.258622045355362,0.149131446477198,0.512245809838957,,,,,
continuous,thorsson,LUAD,Stromal Fraction,FALSE,442,TRUE,Recorded sex,FEMALE,236,,,TRUE,performance estimated,0.160236062528514,0.154949498200223,0.425478530929036,,,,,
continuous,thorsson,LUAD,Stromal Fraction,FALSE,442,TRUE,Recorded sex,MALE,206,,,TRUE,performance estimated,0.320782723436275,0.143711509421153,0.578469177950449,,,,,
continuous,thorsson,LUAD,TCR Shannon,FALSE,408,TRUE,Broad race,Asian,7,,,FALSE,fewer than 50 subgroup patients,,,,,,,,
continuous,thorsson,LUAD,TCR Shannon,FALSE,408,TRUE,Broad race,Black or African American,43,,,FALSE,fewer than 50 subgroup patients,,,,,,,,
continuous,thorsson,LUAD,TCR Shannon,FALSE,408,TRUE,Broad race,Missing,48,,,FALSE,demographic field missing,,,,,,,,
continuous,thorsson,LUAD,TCR Shannon,FALSE,408,TRUE,Broad race,Other recorded race,1,,,FALSE,fewer than 50 subgroup patients,,,,,,,,
continuous,thorsson,LUAD,TCR Shannon,FALSE,408,TRUE,Broad race,White,309,,,TRUE,performance estimated,0.229947023771327,0.807419106355519,0.476012668671343,,,,,
continuous,thorsson,LUAD,TCR Shannon,FALSE,408,TRUE,Recorded sex,FEMALE,223,,,TRUE,performance estimated,0.147548331042436,0.826322441445166,0.397503793162915,,,,,
continuous,thorsson,LUAD,TCR Shannon,FALSE,408,TRUE,Recorded sex,MALE,185,,,TRUE,performance estimated,0.281061085407394,0.773234411756903,0.532808438735258,,,,,
continuous,thorsson,LUAD,TGF-beta Response,FALSE,410,TRUE,Broad race,Asian,8,,,FALSE,fewer than 50 subgroup patients,,,,,,,,
continuous,thorsson,LUAD,TGF-beta Response,FALSE,410,TRUE,Broad race,Black or African American,43,,,FALSE,fewer than 50 subgroup patients,,,,,,,,
continuous,thorsson,LUAD,TGF-beta Response,FALSE,410,TRUE,Broad race,Missing,48,,,FALSE,demographic field missing,,,,,,,,
continuous,thorsson,LUAD,TGF-beta Response,FALSE,410,TRUE,Broad race,Other recorded race,1,,,FALSE,fewer than 50 subgroup patients,,,,,,,,
continuous,thorsson,LUAD,TGF-beta Response,FALSE,410,TRUE,Broad race,White,310,,,TRUE,performance estimated,0.25649563490514,0.300677440896864,0.494297310051191,,,,,
continuous,thorsson,LUAD,TGF-beta Response,FALSE,410,TRUE,Recorded sex,FEMALE,225,,,TRUE,performance estimated,0.20600089089925,0.283176075354856,0.461317319848293,,,,,
continuous,thorsson,LUAD,TGF-beta Response,FALSE,410,TRUE,Recorded sex,MALE,185,,,TRUE,performance estimated,0.240763888536544,0.313740135738283,0.49067481395232,,,,,
continuous,thorsson,LUAD,TIL Regional Fraction,FALSE,460,TRUE,Broad race,Asian,8,,,FALSE,fewer than 50 subgroup patients,,,,,,,,
continuous,thorsson,LUAD,TIL Regional Fraction,FALSE,460,TRUE,Broad race,Black or African American,49,,,FALSE,fewer than 50 subgroup patients,,,,,,,,
continuous,thorsson,LUAD,TIL Regional Fraction,FALSE,460,TRUE,Broad race,Missing,54,,,FALSE,demographic field missing,,,,,,,,
continuous,thorsson,LUAD,TIL Regional Fraction,FALSE,460,TRUE,Broad race,Other recorded race,1,,,FALSE,fewer than 50 subgroup patients,,,,,,,,
continuous,thorsson,LUAD,TIL Regional Fraction,FALSE,460,TRUE,Broad race,White,348,,,TRUE,performance estimated,0.411473271510677,4.49485116748377,0.686496675528696,,,,,
continuous,thorsson,LUAD,TIL Regional Fraction,FALSE,460,TRUE,Recorded sex,FEMALE,248,,,TRUE,performance estimated,0.430402016171259,4.31018824155633,0.692727970783487,,,,,
continuous,thorsson,LUAD,TIL Regional Fraction,FALSE,460,TRUE,Recorded sex,MALE,212,,,TRUE,performance estimated,0.375366542365627,4.99459826605622,0.674372695980947,,,,,
continuous,thorsson,LUAD,Th2 Cells,FALSE,410,TRUE,Broad race,Asian,8,,,FALSE,fewer than 50 subgroup patients,,,,,,,,
continuous,thorsson,LUAD,Th2 Cells,FALSE,410,TRUE,Broad race,Black or African American,43,,,FALSE,fewer than 50 subgroup patients,,,,,,,,
continuous,thorsson,LUAD,Th2 Cells,FALSE,410,TRUE,Broad race,Missing,48,,,FALSE,demographic field missing,,,,,,,,
continuous,thorsson,LUAD,Th2 Cells,FALSE,410,TRUE,Broad race,Other recorded race,1,,,FALSE,fewer than 50 subgroup patients,,,,,,,,
continuous,thorsson,LUAD,Th2 Cells,FALSE,410,TRUE,Broad race,White,310,,,TRUE,performance estimated,0.412250668658361,503.90624472181,0.638811024518063,,,,,
continuous,thorsson,LUAD,Th2 Cells,FALSE,410,TRUE,Recorded sex,FEMALE,225,,,TRUE,performance estimated,0.328833430791448,476.959637111335,0.606333965444585,,,,,
continuous,thorsson,LUAD,Th2 Cells,FALSE,410,TRUE,Recorded sex,MALE,185,,,TRUE,performance estimated,0.380036819178104,533.099785807666,0.600698987907964,,,,,
continuous,thorsson,LUAD,Wound Healing,FALSE,410,TRUE,Broad race,Asian,8,,,FALSE,fewer than 50 subgroup patients,,,,,,,,
continuous,thorsson,LUAD,Wound Healing,FALSE,410,TRUE,Broad race,Black or African American,43,,,FALSE,fewer than 50 subgroup patients,,,,,,,,
continuous,thorsson,LUAD,Wound Healing,FALSE,410,TRUE,Broad race,Missing,48,,,FALSE,demographic field missing,,,,,,,,
continuous,thorsson,LUAD,Wound Healing,FALSE,410,TRUE,Broad race,Other recorded race,1,,,FALSE,fewer than 50 subgroup patients,,,,,,,,
continuous,thorsson,LUAD,Wound Healing,FALSE,410,TRUE,Broad race,White,310,,,TRUE,performance estimated,0.393532950431334,0.139808205592266,0.639834484623863,,,,,
continuous,thorsson,LUAD,Wound Healing,FALSE,410,TRUE,Recorded sex,FEMALE,225,,,TRUE,performance estimated,0.305112568290765,0.15058960328963,0.594381190608634,,,,,
continuous,thorsson,LUAD,Wound Healing,FALSE,410,TRUE,Recorded sex,MALE,185,,,TRUE,performance estimated,0.440122373250896,0.132227321511657,0.679156052906466,,,,,
continuous,thorsson,LUSC,Leukocyte Fraction,FALSE,464,TRUE,Broad race,Asian,9,,,FALSE,fewer than 50 subgroup patients,,,,,,,,
continuous,thorsson,LUSC,Leukocyte Fraction,FALSE,464,TRUE,Broad race,Black or African American,28,,,FALSE,fewer than 50 subgroup patients,,,,,,,,
continuous,thorsson,LUSC,Leukocyte Fraction,FALSE,464,TRUE,Broad race,Missing,109,,,FALSE,demographic field missing,,,,,,,,
continuous,thorsson,LUSC,Leukocyte Fraction,FALSE,464,TRUE,Broad race,White,318,,,TRUE,performance estimated,0.227074902641871,0.146400576705282,0.534978568039408,,,,,
continuous,thorsson,LUSC,Leukocyte Fraction,FALSE,464,TRUE,Recorded sex,FEMALE,117,,,TRUE,performance estimated,0.104859452718746,0.178718175109884,0.54726730506976,,,,,
continuous,thorsson,LUSC,Leukocyte Fraction,FALSE,464,TRUE,Recorded sex,MALE,347,,,TRUE,performance estimated,0.216586761523227,0.13804372353567,0.498161122500501,,,,,
continuous,thorsson,LUSC,Lymphocyte Infiltration Signature Score,FALSE,462,TRUE,Broad race,Asian,9,,,FALSE,fewer than 50 subgroup patients,,,,,,,,
continuous,thorsson,LUSC,Lymphocyte Infiltration Signature Score,FALSE,462,TRUE,Broad race,Black or African American,28,,,FALSE,fewer than 50 subgroup patients,,,,,,,,
continuous,thorsson,LUSC,Lymphocyte Infiltration Signature Score,FALSE,462,TRUE,Broad race,Missing,108,,,FALSE,demographic field missing,,,,,,,,
continuous,thorsson,LUSC,Lymphocyte Infiltration Signature Score,FALSE,462,TRUE,Broad race,White,317,,,TRUE,performance estimated,0.26973145908955,0.864423782452984,0.545887389340091,,,,,
continuous,thorsson,LUSC,Lymphocyte Infiltration Signature Score,FALSE,462,TRUE,Recorded sex,FEMALE,117,,,TRUE,performance estimated,0.258530101135027,0.780991298812055,0.563020575761663,,,,,
continuous,thorsson,LUSC,Lymphocyte Infiltration Signature Score,FALSE,462,TRUE,Recorded sex,MALE,345,,,TRUE,performance estimated,0.278547899038142,0.857435605578983,0.534042745784757,,,,,
continuous,thorsson,LUSC,Proliferation,FALSE,462,TRUE,Broad race,Asian,9,,,FALSE,fewer than 50 subgroup patients,,,,,,,,
continuous,thorsson,LUSC,Proliferation,FALSE,462,TRUE,Broad race,Black or African American,28,,,FALSE,fewer than 50 subgroup patients,,,,,,,,
continuous,thorsson,LUSC,Proliferation,FALSE,462,TRUE,Broad race,Missing,108,,,FALSE,demographic field missing,,,,,,,,
continuous,thorsson,LUSC,Proliferation,FALSE,462,TRUE,Broad race,White,317,,,TRUE,performance estimated,0.304402343963225,0.330653893497066,0.527239333576145,,,,,
continuous,thorsson,LUSC,Proliferation,FALSE,462,TRUE,Recorded sex,FEMALE,117,,,TRUE,performance estimated,0.342784915191009,0.343229758391792,0.559722159780605,,,,,
continuous,thorsson,LUSC,Proliferation,FALSE,462,TRUE,Recorded sex,MALE,345,,,TRUE,performance estimated,0.25889591352061,0.301927007938511,0.50899881879809,,,,,
continuous,thorsson,LUSC,Stromal Fraction,FALSE,446,TRUE,Broad race,Asian,9,,,FALSE,fewer than 50 subgroup patients,,,,,,,,
continuous,thorsson,LUSC,Stromal Fraction,FALSE,446,TRUE,Broad race,Black or African American,27,,,FALSE,fewer than 50 subgroup patients,,,,,,,,
continuous,thorsson,LUSC,Stromal Fraction,FALSE,446,TRUE,Broad race,Missing,102,,,FALSE,demographic field missing,,,,,,,,
continuous,thorsson,LUSC,Stromal Fraction,FALSE,446,TRUE,Broad race,White,308,,,TRUE,performance estimated,0.230398100935755,0.163117961308727,0.482748816266508,,,,,
continuous,thorsson,LUSC,Stromal Fraction,FALSE,446,TRUE,Recorded sex,FEMALE,115,,,TRUE,performance estimated,0.336566686432454,0.155189404457752,0.585696795280704,,,,,
continuous,thorsson,LUSC,Stromal Fraction,FALSE,446,TRUE,Recorded sex,MALE,331,,,TRUE,performance estimated,0.220386671226177,0.161497105838811,0.455329282260522,,,,,
continuous,thorsson,LUSC,T Cells CD8,FALSE,462,TRUE,Broad race,Asian,9,,,FALSE,fewer than 50 subgroup patients,,,,,,,,
continuous,thorsson,LUSC,T Cells CD8,FALSE,462,TRUE,Broad race,Black or African American,28,,,FALSE,fewer than 50 subgroup patients,,,,,,,,
continuous,thorsson,LUSC,T Cells CD8,FALSE,462,TRUE,Broad race,Missing,108,,,FALSE,demographic field missing,,,,,,,,
continuous,thorsson,LUSC,T Cells CD8,FALSE,462,TRUE,Broad race,White,317,,,TRUE,performance estimated,0.255753549589549,0.0557457237531956,0.499575447211928,,,,,
continuous,thorsson,LUSC,T Cells CD8,FALSE,462,TRUE,Recorded sex,FEMALE,117,,,TRUE,performance estimated,0.203616468736202,0.0573881946227263,0.40026824918701,,,,,
continuous,thorsson,LUSC,T Cells CD8,FALSE,462,TRUE,Recorded sex,MALE,345,,,TRUE,performance estimated,0.227652865761476,0.0574151450131878,0.478919361452815,,,,,
continuous,thorsson,LUSC,TGF-beta Response,FALSE,462,TRUE,Broad race,Asian,9,,,FALSE,fewer than 50 subgroup patients,,,,,,,,
continuous,thorsson,LUSC,TGF-beta Response,FALSE,462,TRUE,Broad race,Black or African American,28,,,FALSE,fewer than 50 subgroup patients,,,,,,,,
continuous,thorsson,LUSC,TGF-beta Response,FALSE,462,TRUE,Broad race,Missing,108,,,FALSE,demographic field missing,,,,,,,,
continuous,thorsson,LUSC,TGF-beta Response,FALSE,462,TRUE,Broad race,White,317,,,TRUE,performance estimated,0.271177422466864,0.313508123078602,0.503315815977259,,,,,
continuous,thorsson,LUSC,TGF-beta Response,FALSE,462,TRUE,Recorded sex,FEMALE,117,,,TRUE,performance estimated,0.291236361266612,0.329623565071503,0.523465060168742,,,,,
continuous,thorsson,LUSC,TGF-beta Response,FALSE,462,TRUE,Recorded sex,MALE,345,,,TRUE,performance estimated,0.216103309977527,0.309025806644882,0.467116416517341,,,,,
continuous,thorsson,LUSC,TIL Regional Fraction,FALSE,384,TRUE,Broad race,Asian,7,,,FALSE,fewer than 50 subgroup patients,,,,,,,,
continuous,thorsson,LUSC,TIL Regional Fraction,FALSE,384,TRUE,Broad race,Black or African American,27,,,FALSE,fewer than 50 subgroup patients,,,,,,,,
continuous,thorsson,LUSC,TIL Regional Fraction,FALSE,384,TRUE,Broad race,Missing,97,,,FALSE,demographic field missing,,,,,,,,
continuous,thorsson,LUSC,TIL Regional Fraction,FALSE,384,TRUE,Broad race,White,253,,,TRUE,performance estimated,0.349566466255064,7.92064379614472,0.672261174863023,,,,,
continuous,thorsson,LUSC,TIL Regional Fraction,FALSE,384,TRUE,Recorded sex,FEMALE,99,,,TRUE,performance estimated,0.35761059086721,7.77586990371832,0.639275200989487,,,,,
continuous,thorsson,LUSC,TIL Regional Fraction,FALSE,384,TRUE,Recorded sex,MALE,285,,,TRUE,performance estimated,0.382512375640054,7.37002702944989,0.683189930899345,,,,,
continuous,thorsson,LUSC,Th1 Cells,FALSE,462,TRUE,Broad race,Asian,9,,,FALSE,fewer than 50 subgroup patients,,,,,,,,
continuous,thorsson,LUSC,Th1 Cells,FALSE,462,TRUE,Broad race,Black or African American,28,,,FALSE,fewer than 50 subgroup patients,,,,,,,,
continuous,thorsson,LUSC,Th1 Cells,FALSE,462,TRUE,Broad race,Missing,108,,,FALSE,demographic field missing,,,,,,,,
continuous,thorsson,LUSC,Th1 Cells,FALSE,462,TRUE,Broad race,White,317,,,TRUE,performance estimated,0.170419136793351,614.561046405687,0.425450489309331,,,,,
continuous,thorsson,LUSC,Th1 Cells,FALSE,462,TRUE,Recorded sex,FEMALE,117,,,TRUE,performance estimated,0.187020183853121,573.614670247869,0.427106655277316,,,,,
continuous,thorsson,LUSC,Th1 Cells,FALSE,462,TRUE,Recorded sex,MALE,345,,,TRUE,performance estimated,0.164726738456741,626.047790032024,0.416884924925627,,,,,
continuous,thorsson,LUSC,Th2 Cells,FALSE,462,TRUE,Broad race,Asian,9,,,FALSE,fewer than 50 subgroup patients,,,,,,,,
continuous,thorsson,LUSC,Th2 Cells,FALSE,462,TRUE,Broad race,Black or African American,28,,,FALSE,fewer than 50 subgroup patients,,,,,,,,
continuous,thorsson,LUSC,Th2 Cells,FALSE,462,TRUE,Broad race,Missing,108,,,FALSE,demographic field missing,,,,,,,,
continuous,thorsson,LUSC,Th2 Cells,FALSE,462,TRUE,Broad race,White,317,,,TRUE,performance estimated,0.204650200939579,411.161142303771,0.457033072925888,,,,,
continuous,thorsson,LUSC,Th2 Cells,FALSE,462,TRUE,Recorded sex,FEMALE,117,,,TRUE,performance estimated,0.22834031934041,421.52373923263,0.430468012408398,,,,,
continuous,thorsson,LUSC,Th2 Cells,FALSE,462,TRUE,Recorded sex,MALE,345,,,TRUE,performance estimated,0.163163960635907,395.145361368382,0.429029731672677,,,,,
continuous,thorsson,LUSC,Wound Healing,FALSE,462,TRUE,Broad race,Asian,9,,,FALSE,fewer than 50 subgroup patients,,,,,,,,
continuous,thorsson,LUSC,Wound Healing,FALSE,462,TRUE,Broad race,Black or African American,28,,,FALSE,fewer than 50 subgroup patients,,,,,,,,
continuous,thorsson,LUSC,Wound Healing,FALSE,462,TRUE,Broad race,Missing,108,,,FALSE,demographic field missing,,,,,,,,
continuous,thorsson,LUSC,Wound Healing,FALSE,462,TRUE,Broad race,White,317,,,TRUE,performance estimated,0.22469526009143,0.135503314675307,0.437009585170659,,,,,
continuous,thorsson,LUSC,Wound Healing,FALSE,462,TRUE,Recorded sex,FEMALE,117,,,TRUE,performance estimated,0.245604835145947,0.133104429275067,0.479487025797046,,,,,
continuous,thorsson,LUSC,Wound Healing,FALSE,462,TRUE,Recorded sex,MALE,345,,,TRUE,performance estimated,0.17645039529179,0.133261575686322,0.406662832083294,,,,,
continuous,thorsson,MESO,Leukocyte Fraction,FALSE,75,FALSE,Broad race,Asian,1,,,FALSE,model has fewer than 200 outcome-labelled patients,,,,,,,,
continuous,thorsson,MESO,Leukocyte Fraction,FALSE,75,FALSE,Broad race,Black or African American,1,,,FALSE,model has fewer than 200 outcome-labelled patients,,,,,,,,
continuous,thorsson,MESO,Leukocyte Fraction,FALSE,75,FALSE,Broad race,White,73,,,FALSE,model has fewer than 200 outcome-labelled patients,,,,,,,,
continuous,thorsson,MESO,Leukocyte Fraction,FALSE,75,FALSE,Recorded sex,FEMALE,15,,,FALSE,model has fewer than 200 outcome-labelled patients,,,,,,,,
continuous,thorsson,MESO,Leukocyte Fraction,FALSE,75,FALSE,Recorded sex,MALE,60,,,FALSE,model has fewer than 200 outcome-labelled patients,,,,,,,,
continuous,thorsson,MESO,Lymphocyte Infiltration Signature Score,FALSE,72,FALSE,Broad race,Asian,1,,,FALSE,model has fewer than 200 outcome-labelled patients,,,,,,,,
continuous,thorsson,MESO,Lymphocyte Infiltration Signature Score,FALSE,72,FALSE,Broad race,Black or African American,1,,,FALSE,model has fewer than 200 outcome-labelled patients,,,,,,,,
continuous,thorsson,MESO,Lymphocyte Infiltration Signature Score,FALSE,72,FALSE,Broad race,White,70,,,FALSE,model has fewer than 200 outcome-labelled patients,,,,,,,,
continuous,thorsson,MESO,Lymphocyte Infiltration Signature Score,FALSE,72,FALSE,Recorded sex,FEMALE,14,,,FALSE,model has fewer than 200 outcome-labelled patients,,,,,,,,
continuous,thorsson,MESO,Lymphocyte Infiltration Signature Score,FALSE,72,FALSE,Recorded sex,MALE,58,,,FALSE,model has fewer than 200 outcome-labelled patients,,,,,,,,
continuous,thorsson,MESO,Macrophage Regulation,FALSE,72,FALSE,Broad race,Asian,1,,,FALSE,model has fewer than 200 outcome-labelled patients,,,,,,,,
continuous,thorsson,MESO,Macrophage Regulation,FALSE,72,FALSE,Broad race,Black or African American,1,,,FALSE,model has fewer than 200 outcome-labelled patients,,,,,,,,
continuous,thorsson,MESO,Macrophage Regulation,FALSE,72,FALSE,Broad race,White,70,,,FALSE,model has fewer than 200 outcome-labelled patients,,,,,,,,
continuous,thorsson,MESO,Macrophage Regulation,FALSE,72,FALSE,Recorded sex,FEMALE,14,,,FALSE,model has fewer than 200 outcome-labelled patients,,,,,,,,
continuous,thorsson,MESO,Macrophage Regulation,FALSE,72,FALSE,Recorded sex,MALE,58,,,FALSE,model has fewer than 200 outcome-labelled patients,,,,,,,,
continuous,thorsson,OV,Stromal Fraction,FALSE,65,FALSE,Broad race,Asian,1,,,FALSE,model has fewer than 200 outcome-labelled patients,,,,,,,,
continuous,thorsson,OV,Stromal Fraction,FALSE,65,FALSE,Broad race,Black or African American,10,,,FALSE,model has fewer than 200 outcome-labelled patients,,,,,,,,
continuous,thorsson,OV,Stromal Fraction,FALSE,65,FALSE,Broad race,Missing,2,,,FALSE,model has fewer than 200 outcome-labelled patients,,,,,,,,
continuous,thorsson,OV,Stromal Fraction,FALSE,65,FALSE,Broad race,Other recorded race,3,,,FALSE,model has fewer than 200 outcome-labelled patients,,,,,,,,
continuous,thorsson,OV,Stromal Fraction,FALSE,65,FALSE,Broad race,White,49,,,FALSE,model has fewer than 200 outcome-labelled patients,,,,,,,,
continuous,thorsson,OV,Stromal Fraction,FALSE,65,FALSE,Recorded sex,FEMALE,65,,,FALSE,model has fewer than 200 outcome-labelled patients,,,,,,,,
continuous,thorsson,PCPG,Leukocyte Fraction,FALSE,175,FALSE,Broad race,Asian,6,,,FALSE,model has fewer than 200 outcome-labelled patients,,,,,,,,
continuous,thorsson,PCPG,Leukocyte Fraction,FALSE,175,FALSE,Broad race,Black or African American,20,,,FALSE,model has fewer than 200 outcome-labelled patients,,,,,,,,
continuous,thorsson,PCPG,Leukocyte Fraction,FALSE,175,FALSE,Broad race,Missing,4,,,FALSE,model has fewer than 200 outcome-labelled patients,,,,,,,,
continuous,thorsson,PCPG,Leukocyte Fraction,FALSE,175,FALSE,Broad race,Other recorded race,1,,,FALSE,model has fewer than 200 outcome-labelled patients,,,,,,,,
continuous,thorsson,PCPG,Leukocyte Fraction,FALSE,175,FALSE,Broad race,White,144,,,FALSE,model has fewer than 200 outcome-labelled patients,,,,,,,,
continuous,thorsson,PCPG,Leukocyte Fraction,FALSE,175,FALSE,Recorded sex,FEMALE,100,,,FALSE,model has fewer than 200 outcome-labelled patients,,,,,,,,
continuous,thorsson,PCPG,Leukocyte Fraction,FALSE,175,FALSE,Recorded sex,MALE,75,,,FALSE,model has fewer than 200 outcome-labelled patients,,,,,,,,
continuous,thorsson,PCPG,Macrophage Regulation,FALSE,175,FALSE,Broad race,Asian,6,,,FALSE,model has fewer than 200 outcome-labelled patients,,,,,,,,
continuous,thorsson,PCPG,Macrophage Regulation,FALSE,175,FALSE,Broad race,Black or African American,20,,,FALSE,model has fewer than 200 outcome-labelled patients,,,,,,,,
continuous,thorsson,PCPG,Macrophage Regulation,FALSE,175,FALSE,Broad race,Missing,4,,,FALSE,model has fewer than 200 outcome-labelled patients,,,,,,,,
continuous,thorsson,PCPG,Macrophage Regulation,FALSE,175,FALSE,Broad race,Other recorded race,1,,,FALSE,model has fewer than 200 outcome-labelled patients,,,,,,,,
continuous,thorsson,PCPG,Macrophage Regulation,FALSE,175,FALSE,Broad race,White,144,,,FALSE,model has fewer than 200 outcome-labelled patients,,,,,,,,
continuous,thorsson,PCPG,Macrophage Regulation,FALSE,175,FALSE,Recorded sex,FEMALE,100,,,FALSE,model has fewer than 200 outcome-labelled patients,,,,,,,,
continuous,thorsson,PCPG,Macrophage Regulation,FALSE,175,FALSE,Recorded sex,MALE,75,,,FALSE,model has fewer than 200 outcome-labelled patients,,,,,,,,
continuous,thorsson,PCPG,Stromal Fraction,FALSE,157,FALSE,Broad race,Asian,5,,,FALSE,model has fewer than 200 outcome-labelled patients,,,,,,,,
continuous,thorsson,PCPG,Stromal Fraction,FALSE,157,FALSE,Broad race,Black or African American,19,,,FALSE,model has fewer than 200 outcome-labelled patients,,,,,,,,
continuous,thorsson,PCPG,Stromal Fraction,FALSE,157,FALSE,Broad race,Missing,3,,,FALSE,model has fewer than 200 outcome-labelled patients,,,,,,,,
continuous,thorsson,PCPG,Stromal Fraction,FALSE,157,FALSE,Broad race,Other recorded race,1,,,FALSE,model has fewer than 200 outcome-labelled patients,,,,,,,,
continuous,thorsson,PCPG,Stromal Fraction,FALSE,157,FALSE,Broad race,White,129,,,FALSE,model has fewer than 200 outcome-labelled patients,,,,,,,,
continuous,thorsson,PCPG,Stromal Fraction,FALSE,157,FALSE,Recorded sex,FEMALE,87,,,FALSE,model has fewer than 200 outcome-labelled patients,,,,,,,,
continuous,thorsson,PCPG,Stromal Fraction,FALSE,157,FALSE,Recorded sex,MALE,70,,,FALSE,model has fewer than 200 outcome-labelled patients,,,,,,,,
continuous,thorsson,PCPG,TGF-beta Response,FALSE,175,FALSE,Broad race,Asian,6,,,FALSE,model has fewer than 200 outcome-labelled patients,,,,,,,,
continuous,thorsson,PCPG,TGF-beta Response,FALSE,175,FALSE,Broad race,Black or African American,20,,,FALSE,model has fewer than 200 outcome-labelled patients,,,,,,,,
continuous,thorsson,PCPG,TGF-beta Response,FALSE,175,FALSE,Broad race,Missing,4,,,FALSE,model has fewer than 200 outcome-labelled patients,,,,,,,,
continuous,thorsson,PCPG,TGF-beta Response,FALSE,175,FALSE,Broad race,Other recorded race,1,,,FALSE,model has fewer than 200 outcome-labelled patients,,,,,,,,
continuous,thorsson,PCPG,TGF-beta Response,FALSE,175,FALSE,Broad race,White,144,,,FALSE,model has fewer than 200 outcome-labelled patients,,,,,,,,
continuous,thorsson,PCPG,TGF-beta Response,FALSE,175,FALSE,Recorded sex,FEMALE,100,,,FALSE,model has fewer than 200 outcome-labelled patients,,,,,,,,
continuous,thorsson,PCPG,TGF-beta Response,FALSE,175,FALSE,Recorded sex,MALE,75,,,FALSE,model has fewer than 200 outcome-labelled patients,,,,,,,,
continuous,thorsson,PRAD,Homologous Recombination Defects,FALSE,382,TRUE,Broad race,Asian,2,,,FALSE,fewer than 50 subgroup patients,,,,,,,,
continuous,thorsson,PRAD,Homologous Recombination Defects,FALSE,382,TRUE,Broad race,Black or African American,7,,,FALSE,fewer than 50 subgroup patients,,,,,,,,
continuous,thorsson,PRAD,Homologous Recombination Defects,FALSE,382,TRUE,Broad race,Missing,244,,,FALSE,demographic field missing,,,,,,,,
continuous,thorsson,PRAD,Homologous Recombination Defects,FALSE,382,TRUE,Broad race,White,129,,,TRUE,performance estimated,0.0611046230642739,7.9570626452081,0.341805149935682,,,,,
continuous,thorsson,PRAD,Homologous Recombination Defects,FALSE,382,TRUE,Recorded sex,MALE,382,,,TRUE,performance estimated,0.214266036016876,8.38355995017209,0.462340170092732,,,,,
continuous,thorsson,PRAD,Macrophage Regulation,FALSE,325,TRUE,Broad race,Asian,2,,,FALSE,fewer than 50 subgroup patients,,,,,,,,
continuous,thorsson,PRAD,Macrophage Regulation,FALSE,325,TRUE,Broad race,Black or African American,7,,,FALSE,fewer than 50 subgroup patients,,,,,,,,
continuous,thorsson,PRAD,Macrophage Regulation,FALSE,325,TRUE,Broad race,Missing,191,,,FALSE,demographic field missing,,,,,,,,
continuous,thorsson,PRAD,Macrophage Regulation,FALSE,325,TRUE,Broad race,White,125,,,TRUE,performance estimated,0.000771265993170656,0.449849443729106,0.294428102040443,,,,,
continuous,thorsson,PRAD,Macrophage Regulation,FALSE,325,TRUE,Recorded sex,MALE,325,,,TRUE,performance estimated,0.186497288620245,0.454973689448364,0.43996599722949,,,,,
continuous,thorsson,PRAD,Proliferation,FALSE,325,TRUE,Broad race,Asian,2,,,FALSE,fewer than 50 subgroup patients,,,,,,,,
continuous,thorsson,PRAD,Proliferation,FALSE,325,TRUE,Broad race,Black or African American,7,,,FALSE,fewer than 50 subgroup patients,,,,,,,,
continuous,thorsson,PRAD,Proliferation,FALSE,325,TRUE,Broad race,Missing,191,,,FALSE,demographic field missing,,,,,,,,
continuous,thorsson,PRAD,Proliferation,FALSE,325,TRUE,Broad race,White,125,,,TRUE,performance estimated,0.1069053677025,0.447364369400291,0.383514567611155,,,,,
continuous,thorsson,PRAD,Proliferation,FALSE,325,TRUE,Recorded sex,MALE,325,,,TRUE,performance estimated,0.312419462103153,0.415709444342476,0.532004147312208,,,,,
continuous,thorsson,PRAD,TIL Regional Fraction,FALSE,332,TRUE,Broad race,Asian,2,,,FALSE,fewer than 50 subgroup patients,,,,,,,,
continuous,thorsson,PRAD,TIL Regional Fraction,FALSE,332,TRUE,Broad race,Black or African American,7,,,FALSE,fewer than 50 subgroup patients,,,,,,,,
continuous,thorsson,PRAD,TIL Regional Fraction,FALSE,332,TRUE,Broad race,Missing,186,,,FALSE,demographic field missing,,,,,,,,
continuous,thorsson,PRAD,TIL Regional Fraction,FALSE,332,TRUE,Broad race,White,137,,,TRUE,performance estimated,0.312119957665777,3.4036383372654,0.650803666436425,,,,,
continuous,thorsson,PRAD,TIL Regional Fraction,FALSE,332,TRUE,Recorded sex,MALE,332,,,TRUE,performance estimated,0.362792983738755,3.11840998718837,0.645370671876696,,,,,
continuous,thorsson,SARC,Homologous Recombination Defects,FALSE,238,TRUE,Broad race,Asian,6,,,FALSE,fewer than 50 subgroup patients,,,,,,,,
continuous,thorsson,SARC,Homologous Recombination Defects,FALSE,238,TRUE,Broad race,Black or African American,17,,,FALSE,fewer than 50 subgroup patients,,,,,,,,
continuous,thorsson,SARC,Homologous Recombination Defects,FALSE,238,TRUE,Broad race,Missing,7,,,FALSE,demographic field missing,,,,,,,,
continuous,thorsson,SARC,Homologous Recombination Defects,FALSE,238,TRUE,Broad race,White,208,,,TRUE,performance estimated,0.287823156150066,16.6976212288533,0.563246520945486,,,,,
continuous,thorsson,SARC,Homologous Recombination Defects,FALSE,238,TRUE,Recorded sex,FEMALE,128,,,TRUE,performance estimated,0.323365795510618,16.022900064122,0.604828557697567,,,,,
continuous,thorsson,SARC,Homologous Recombination Defects,FALSE,238,TRUE,Recorded sex,MALE,110,,,TRUE,performance estimated,0.281400581728359,16.942559081242,0.551227342835007,,,,,
continuous,thorsson,SARC,Leukocyte Fraction,FALSE,250,TRUE,Broad race,Asian,6,,,FALSE,fewer than 50 subgroup patients,,,,,,,,
continuous,thorsson,SARC,Leukocyte Fraction,FALSE,250,TRUE,Broad race,Black or African American,18,,,FALSE,fewer than 50 subgroup patients,,,,,,,,
continuous,thorsson,SARC,Leukocyte Fraction,FALSE,250,TRUE,Broad race,Missing,8,,,FALSE,demographic field missing,,,,,,,,
continuous,thorsson,SARC,Leukocyte Fraction,FALSE,250,TRUE,Broad race,White,218,,,TRUE,performance estimated,0.503929954760756,0.125118169644585,0.72484292009644,,,,,
continuous,thorsson,SARC,Leukocyte Fraction,FALSE,250,TRUE,Recorded sex,FEMALE,135,,,TRUE,performance estimated,0.435553269823712,0.12529803859475,0.691132572431958,,,,,
continuous,thorsson,SARC,Leukocyte Fraction,FALSE,250,TRUE,Recorded sex,MALE,115,,,TRUE,performance estimated,0.544221175318092,0.123407620893935,0.73814724216839,,,,,
continuous,thorsson,SARC,Lymphocyte Infiltration Signature Score,FALSE,218,TRUE,Broad race,Asian,3,,,FALSE,fewer than 50 subgroup patients,,,,,,,,
continuous,thorsson,SARC,Lymphocyte Infiltration Signature Score,FALSE,218,TRUE,Broad race,Black or African American,16,,,FALSE,fewer than 50 subgroup patients,,,,,,,,
continuous,thorsson,SARC,Lymphocyte Infiltration Signature Score,FALSE,218,TRUE,Broad race,Missing,8,,,FALSE,demographic field missing,,,,,,,,
continuous,thorsson,SARC,Lymphocyte Infiltration Signature Score,FALSE,218,TRUE,Broad race,White,191,,,TRUE,performance estimated,0.471102610889478,0.95278020570246,0.681535495976699,,,,,
continuous,thorsson,SARC,Lymphocyte Infiltration Signature Score,FALSE,218,TRUE,Recorded sex,FEMALE,120,,,TRUE,performance estimated,0.447128610375048,0.923030821509846,0.668537864675403,,,,,
continuous,thorsson,SARC,Lymphocyte Infiltration Signature Score,FALSE,218,TRUE,Recorded sex,MALE,98,,,TRUE,performance estimated,0.423418081529884,0.973949743649906,0.636210622955836,,,,,
continuous,thorsson,SARC,Macrophage Regulation,FALSE,218,TRUE,Broad race,Asian,3,,,FALSE,fewer than 50 subgroup patients,,,,,,,,
continuous,thorsson,SARC,Macrophage Regulation,FALSE,218,TRUE,Broad race,Black or African American,16,,,FALSE,fewer than 50 subgroup patients,,,,,,,,
continuous,thorsson,SARC,Macrophage Regulation,FALSE,218,TRUE,Broad race,Missing,8,,,FALSE,demographic field missing,,,,,,,,
continuous,thorsson,SARC,Macrophage Regulation,FALSE,218,TRUE,Broad race,White,191,,,TRUE,performance estimated,0.52102789522077,0.62970662100384,0.703171328189584,,,,,
continuous,thorsson,SARC,Macrophage Regulation,FALSE,218,TRUE,Recorded sex,FEMALE,120,,,TRUE,performance estimated,0.494019800758152,0.630961523730451,0.680133342593235,,,,,
continuous,thorsson,SARC,Macrophage Regulation,FALSE,218,TRUE,Recorded sex,MALE,98,,,TRUE,performance estimated,0.474848728962803,0.633081622418688,0.677182513117712,,,,,
continuous,thorsson,SARC,Number of Segments,FALSE,246,TRUE,Broad race,Asian,6,,,FALSE,fewer than 50 subgroup patients,,,,,,,,
continuous,thorsson,SARC,Number of Segments,FALSE,246,TRUE,Broad race,Black or African American,18,,,FALSE,fewer than 50 subgroup patients,,,,,,,,
continuous,thorsson,SARC,Number of Segments,FALSE,246,TRUE,Broad race,Missing,8,,,FALSE,demographic field missing,,,,,,,,
continuous,thorsson,SARC,Number of Segments,FALSE,246,TRUE,Broad race,White,214,,,TRUE,performance estimated,0.301309395940967,0.665868199089682,0.56625586261758,,,,,
continuous,thorsson,SARC,Number of Segments,FALSE,246,TRUE,Recorded sex,FEMALE,132,,,TRUE,performance estimated,0.286440228226743,0.579483472750882,0.587338932116415,,,,,
continuous,thorsson,SARC,Number of Segments,FALSE,246,TRUE,Recorded sex,MALE,114,,,TRUE,performance estimated,0.289078593312949,0.738354604268399,0.517366448335112,,,,,
continuous,thorsson,SARC,Proliferation,FALSE,218,TRUE,Broad race,Asian,3,,,FALSE,fewer than 50 subgroup patients,,,,,,,,
continuous,thorsson,SARC,Proliferation,FALSE,218,TRUE,Broad race,Black or African American,16,,,FALSE,fewer than 50 subgroup patients,,,,,,,,
continuous,thorsson,SARC,Proliferation,FALSE,218,TRUE,Broad race,Missing,8,,,FALSE,demographic field missing,,,,,,,,
continuous,thorsson,SARC,Proliferation,FALSE,218,TRUE,Broad race,White,191,,,TRUE,performance estimated,0.229122429902201,0.519792090196893,0.529655263870633,,,,,
continuous,thorsson,SARC,Proliferation,FALSE,218,TRUE,Recorded sex,FEMALE,120,,,TRUE,performance estimated,0.256656896459638,0.5017857289936,0.549671504965623,,,,,
continuous,thorsson,SARC,Proliferation,FALSE,218,TRUE,Recorded sex,MALE,98,,,TRUE,performance estimated,0.185054833094159,0.556040214892566,0.493349654763499,,,,,
continuous,thorsson,SARC,Stromal Fraction,FALSE,238,TRUE,Broad race,Asian,6,,,FALSE,fewer than 50 subgroup patients,,,,,,,,
continuous,thorsson,SARC,Stromal Fraction,FALSE,238,TRUE,Broad race,Black or African American,17,,,FALSE,fewer than 50 subgroup patients,,,,,,,,
continuous,thorsson,SARC,Stromal Fraction,FALSE,238,TRUE,Broad race,Missing,7,,,FALSE,demographic field missing,,,,,,,,
continuous,thorsson,SARC,Stromal Fraction,FALSE,238,TRUE,Broad race,White,208,,,TRUE,performance estimated,0.234629104336774,0.188502697842381,0.518286755651338,,,,,
continuous,thorsson,SARC,Stromal Fraction,FALSE,238,TRUE,Recorded sex,FEMALE,128,,,TRUE,performance estimated,0.402042198532148,0.154717569968817,0.639605842919904,,,,,
continuous,thorsson,SARC,Stromal Fraction,FALSE,238,TRUE,Recorded sex,MALE,110,,,TRUE,performance estimated,0.100627678792748,0.209502689803872,0.399364201975313,,,,,
continuous,thorsson,SARC,TCR Shannon,FALSE,188,FALSE,Broad race,Asian,2,,,FALSE,model has fewer than 200 outcome-labelled patients,,,,,,,,
continuous,thorsson,SARC,TCR Shannon,FALSE,188,FALSE,Broad race,Black or African American,12,,,FALSE,model has fewer than 200 outcome-labelled patients,,,,,,,,
continuous,thorsson,SARC,TCR Shannon,FALSE,188,FALSE,Broad race,Missing,8,,,FALSE,model has fewer than 200 outcome-labelled patients,,,,,,,,
continuous,thorsson,SARC,TCR Shannon,FALSE,188,FALSE,Broad race,White,166,,,FALSE,model has fewer than 200 outcome-labelled patients,,,,,,,,
continuous,thorsson,SARC,TCR Shannon,FALSE,188,FALSE,Recorded sex,FEMALE,101,,,FALSE,model has fewer than 200 outcome-labelled patients,,,,,,,,
continuous,thorsson,SARC,TCR Shannon,FALSE,188,FALSE,Recorded sex,MALE,87,,,FALSE,model has fewer than 200 outcome-labelled patients,,,,,,,,
continuous,thorsson,SARC,TGF-beta Response,FALSE,218,TRUE,Broad race,Asian,3,,,FALSE,fewer than 50 subgroup patients,,,,,,,,
continuous,thorsson,SARC,TGF-beta Response,FALSE,218,TRUE,Broad race,Black or African American,16,,,FALSE,fewer than 50 subgroup patients,,,,,,,,
continuous,thorsson,SARC,TGF-beta Response,FALSE,218,TRUE,Broad race,Missing,8,,,FALSE,demographic field missing,,,,,,,,
continuous,thorsson,SARC,TGF-beta Response,FALSE,218,TRUE,Broad race,White,191,,,TRUE,performance estimated,0.345490640291723,0.269056568365675,0.591933631769273,,,,,
continuous,thorsson,SARC,TGF-beta Response,FALSE,218,TRUE,Recorded sex,FEMALE,120,,,TRUE,performance estimated,0.233248997320433,0.261173790720947,0.519389261025637,,,,,
continuous,thorsson,SARC,TGF-beta Response,FALSE,218,TRUE,Recorded sex,MALE,98,,,TRUE,performance estimated,0.417904193798383,0.274145363726044,0.625837033828814,,,,,
continuous,thorsson,SARC,Th1 Cells,FALSE,218,TRUE,Broad race,Asian,3,,,FALSE,fewer than 50 subgroup patients,,,,,,,,
continuous,thorsson,SARC,Th1 Cells,FALSE,218,TRUE,Broad race,Black or African American,16,,,FALSE,fewer than 50 subgroup patients,,,,,,,,
continuous,thorsson,SARC,Th1 Cells,FALSE,218,TRUE,Broad race,Missing,8,,,FALSE,demographic field missing,,,,,,,,
continuous,thorsson,SARC,Th1 Cells,FALSE,218,TRUE,Broad race,White,191,,,TRUE,performance estimated,0.323777095049646,600.845915078592,0.5702166574814,,,,,
continuous,thorsson,SARC,Th1 Cells,FALSE,218,TRUE,Recorded sex,FEMALE,120,,,TRUE,performance estimated,0.232535126567657,629.535792786113,0.474927425515661,,,,,
continuous,thorsson,SARC,Th1 Cells,FALSE,218,TRUE,Recorded sex,MALE,98,,,TRUE,performance estimated,0.279831650248625,562.580898572703,0.54941631760483,,,,,
continuous,thorsson,SARC,Th2 Cells,FALSE,218,TRUE,Broad race,Asian,3,,,FALSE,fewer than 50 subgroup patients,,,,,,,,
continuous,thorsson,SARC,Th2 Cells,FALSE,218,TRUE,Broad race,Black or African American,16,,,FALSE,fewer than 50 subgroup patients,,,,,,,,
continuous,thorsson,SARC,Th2 Cells,FALSE,218,TRUE,Broad race,Missing,8,,,FALSE,demographic field missing,,,,,,,,
continuous,thorsson,SARC,Th2 Cells,FALSE,218,TRUE,Broad race,White,191,,,TRUE,performance estimated,0.169245147450619,616.094567256365,0.459116836594103,,,,,
continuous,thorsson,SARC,Th2 Cells,FALSE,218,TRUE,Recorded sex,FEMALE,120,,,TRUE,performance estimated,0.319136827100115,565.875611063747,0.596808111674422,,,,,
continuous,thorsson,SARC,Th2 Cells,FALSE,218,TRUE,Recorded sex,MALE,98,,,TRUE,performance estimated,0.0915974952752601,679.663811677093,0.322007790932681,,,,,
continuous,thorsson,SARC,Wound Healing,FALSE,218,TRUE,Broad race,Asian,3,,,FALSE,fewer than 50 subgroup patients,,,,,,,,
continuous,thorsson,SARC,Wound Healing,FALSE,218,TRUE,Broad race,Black or African American,16,,,FALSE,fewer than 50 subgroup patients,,,,,,,,
continuous,thorsson,SARC,Wound Healing,FALSE,218,TRUE,Broad race,Missing,8,,,FALSE,demographic field missing,,,,,,,,
continuous,thorsson,SARC,Wound Healing,FALSE,218,TRUE,Broad race,White,191,,,TRUE,performance estimated,0.339361925138667,0.145274683895224,0.562988968994498,,,,,
continuous,thorsson,SARC,Wound Healing,FALSE,218,TRUE,Recorded sex,FEMALE,120,,,TRUE,performance estimated,0.417028987407751,0.135509207631112,0.621877132381381,,,,,
continuous,thorsson,SARC,Wound Healing,FALSE,218,TRUE,Recorded sex,MALE,98,,,TRUE,performance estimated,0.264961744016613,0.156107083775318,0.517672261296565,,,,,
continuous,thorsson,SKCM,Leukocyte Fraction,FALSE,292,TRUE,Broad race,Asian,10,,,FALSE,fewer than 50 subgroup patients,,,,,,,,
continuous,thorsson,SKCM,Leukocyte Fraction,FALSE,292,TRUE,Broad race,Missing,6,,,FALSE,demographic field missing,,,,,,,,
continuous,thorsson,SKCM,Leukocyte Fraction,FALSE,292,TRUE,Broad race,White,276,,,TRUE,performance estimated,0.348600806355993,0.148723326072559,0.610708637148442,,,,,
continuous,thorsson,SKCM,Leukocyte Fraction,FALSE,292,TRUE,Recorded sex,FEMALE,111,,,TRUE,performance estimated,0.34637857569514,0.152384257507148,0.60014742014742,,,,,
continuous,thorsson,SKCM,Leukocyte Fraction,FALSE,292,TRUE,Recorded sex,MALE,181,,,TRUE,performance estimated,0.311214681093707,0.146717331461555,0.589691781514986,,,,,
continuous,thorsson,SKCM,Lymphocyte Infiltration Signature Score,FALSE,291,TRUE,Broad race,Asian,10,,,FALSE,fewer than 50 subgroup patients,,,,,,,,
continuous,thorsson,SKCM,Lymphocyte Infiltration Signature Score,FALSE,291,TRUE,Broad race,Missing,6,,,FALSE,demographic field missing,,,,,,,,
continuous,thorsson,SKCM,Lymphocyte Infiltration Signature Score,FALSE,291,TRUE,Broad race,White,275,,,TRUE,performance estimated,0.414414985725074,1.16522315898848,0.642996912956926,,,,,
continuous,thorsson,SKCM,Lymphocyte Infiltration Signature Score,FALSE,291,TRUE,Recorded sex,FEMALE,111,,,TRUE,performance estimated,0.511327443966644,1.09767779036388,0.733541593541594,,,,,
continuous,thorsson,SKCM,Lymphocyte Infiltration Signature Score,FALSE,291,TRUE,Recorded sex,MALE,180,,,TRUE,performance estimated,0.360565717692581,1.18294562835349,0.595120425527537,,,,,
continuous,thorsson,SKCM,Macrophage Regulation,FALSE,291,TRUE,Broad race,Asian,10,,,FALSE,fewer than 50 subgroup patients,,,,,,,,
continuous,thorsson,SKCM,Macrophage Regulation,FALSE,291,TRUE,Broad race,Missing,6,,,FALSE,demographic field missing,,,,,,,,
continuous,thorsson,SKCM,Macrophage Regulation,FALSE,291,TRUE,Broad race,White,275,,,TRUE,performance estimated,0.397284045243119,0.640205712415001,0.63133357827726,,,,,
continuous,thorsson,SKCM,Macrophage Regulation,FALSE,291,TRUE,Recorded sex,FEMALE,111,,,TRUE,performance estimated,0.514827564297619,0.609452111879586,0.736430326430327,,,,,
continuous,thorsson,SKCM,Macrophage Regulation,FALSE,291,TRUE,Recorded sex,MALE,180,,,TRUE,performance estimated,0.317639252708728,0.643848220656501,0.57152184302087,,,,,
continuous,thorsson,SKCM,Stromal Fraction,FALSE,287,TRUE,Broad race,Asian,10,,,FALSE,fewer than 50 subgroup patients,,,,,,,,
continuous,thorsson,SKCM,Stromal Fraction,FALSE,287,TRUE,Broad race,Missing,4,,,FALSE,demographic field missing,,,,,,,,
continuous,thorsson,SKCM,Stromal Fraction,FALSE,287,TRUE,Broad race,White,273,,,TRUE,performance estimated,0.312149907501211,0.186201426848193,0.574204336241479,,,,,
continuous,thorsson,SKCM,Stromal Fraction,FALSE,287,TRUE,Recorded sex,FEMALE,109,,,TRUE,performance estimated,0.335061479363346,0.183661000791577,0.574470979876853,,,,,
continuous,thorsson,SKCM,Stromal Fraction,FALSE,287,TRUE,Recorded sex,MALE,178,,,TRUE,performance estimated,0.25184272981028,0.18959270129366,0.540241277513954,,,,,
continuous,thorsson,SKCM,TCR Richness,FALSE,291,TRUE,Broad race,Asian,10,,,FALSE,fewer than 50 subgroup patients,,,,,,,,
continuous,thorsson,SKCM,TCR Richness,FALSE,291,TRUE,Broad race,Missing,6,,,FALSE,demographic field missing,,,,,,,,
continuous,thorsson,SKCM,TCR Richness,FALSE,291,TRUE,Broad race,White,275,,,TRUE,performance estimated,0.306399168336588,45.4291715223199,0.637389831173035,,,,,
continuous,thorsson,SKCM,TCR Richness,FALSE,291,TRUE,Recorded sex,FEMALE,111,,,TRUE,performance estimated,0.332710871976907,54.0041745799814,0.743394280396597,,,,,
continuous,thorsson,SKCM,TCR Richness,FALSE,291,TRUE,Recorded sex,MALE,180,,,TRUE,performance estimated,0.249894857491379,39.6443689511307,0.584851543411774,,,,,
continuous,thorsson,SKCM,TCR Shannon,FALSE,276,TRUE,Broad race,Asian,10,,,FALSE,fewer than 50 subgroup patients,,,,,,,,
continuous,thorsson,SKCM,TCR Shannon,FALSE,276,TRUE,Broad race,Missing,6,,,FALSE,demographic field missing,,,,,,,,
continuous,thorsson,SKCM,TCR Shannon,FALSE,276,TRUE,Broad race,White,260,,,TRUE,performance estimated,0.343957205926835,1.16886559061713,0.602929888192903,,,,,
continuous,thorsson,SKCM,TCR Shannon,FALSE,276,TRUE,Recorded sex,FEMALE,105,,,TRUE,performance estimated,0.440750671362204,1.07066428815027,0.696816469816819,,,,,
continuous,thorsson,SKCM,TCR Shannon,FALSE,276,TRUE,Recorded sex,MALE,171,,,TRUE,performance estimated,0.308172029297849,1.196204675877,0.563794370015463,,,,,
continuous,thorsson,SKCM,TIL Regional Fraction,FALSE,251,TRUE,Broad race,Asian,9,,,FALSE,fewer than 50 subgroup patients,,,,,,,,
continuous,thorsson,SKCM,TIL Regional Fraction,FALSE,251,TRUE,Broad race,Missing,4,,,FALSE,demographic field missing,,,,,,,,
continuous,thorsson,SKCM,TIL Regional Fraction,FALSE,251,TRUE,Broad race,White,238,,,TRUE,performance estimated,0.305379339818093,6.66057112376784,0.568768211696521,,,,,
continuous,thorsson,SKCM,TIL Regional Fraction,FALSE,251,TRUE,Recorded sex,FEMALE,90,,,TRUE,performance estimated,0.437127047479071,5.7025826412295,0.628263571634358,,,,,
continuous,thorsson,SKCM,TIL Regional Fraction,FALSE,251,TRUE,Recorded sex,MALE,161,,,TRUE,performance estimated,0.246510312534606,6.93147455930133,0.540943179204049,,,,,
continuous,thorsson,SKCM,Th1 Cells,FALSE,291,TRUE,Broad race,Asian,10,,,FALSE,fewer than 50 subgroup patients,,,,,,,,
continuous,thorsson,SKCM,Th1 Cells,FALSE,291,TRUE,Broad race,Missing,6,,,FALSE,demographic field missing,,,,,,,,
continuous,thorsson,SKCM,Th1 Cells,FALSE,291,TRUE,Broad race,White,275,,,TRUE,performance estimated,0.288348551866543,569.310211877052,0.539705028706616,,,,,
continuous,thorsson,SKCM,Th1 Cells,FALSE,291,TRUE,Recorded sex,FEMALE,111,,,TRUE,performance estimated,0.284495475196546,577.246337500409,0.554301509301509,,,,,
continuous,thorsson,SKCM,Th1 Cells,FALSE,291,TRUE,Recorded sex,MALE,180,,,TRUE,performance estimated,0.297227244826932,566.6720578037,0.523918639464181,,,,,
continuous,thorsson,STAD,Aneuploidy Score,FALSE,360,TRUE,Broad race,Asian,80,,,TRUE,performance estimated,0.234452131036127,6.15239967696686,0.525111286343768,,,,,
continuous,thorsson,STAD,Aneuploidy Score,FALSE,360,TRUE,Broad race,Black or African American,10,,,FALSE,fewer than 50 subgroup patients,,,,,,,,
continuous,thorsson,STAD,Aneuploidy Score,FALSE,360,TRUE,Broad race,Missing,41,,,FALSE,demographic field missing,,,,,,,,
continuous,thorsson,STAD,Aneuploidy Score,FALSE,360,TRUE,Broad race,Other recorded race,1,,,FALSE,fewer than 50 subgroup patients,,,,,,,,
continuous,thorsson,STAD,Aneuploidy Score,FALSE,360,TRUE,Broad race,White,228,,,TRUE,performance estimated,0.241559360492441,6.46873331512783,0.543909245545354,,,,,
continuous,thorsson,STAD,Aneuploidy Score,FALSE,360,TRUE,Recorded sex,FEMALE,121,,,TRUE,performance estimated,0.39113300485052,5.76580249222485,0.627268172561198,,,,,
continuous,thorsson,STAD,Aneuploidy Score,FALSE,360,TRUE,Recorded sex,MALE,239,,,TRUE,performance estimated,0.146939544982025,6.63174261725121,0.462578228599913,,,,,
continuous,thorsson,STAD,Fraction Altered,FALSE,371,TRUE,Broad race,Asian,82,,,TRUE,performance estimated,0.312320324115342,0.248000299648965,0.602620781227893,,,,,
continuous,thorsson,STAD,Fraction Altered,FALSE,371,TRUE,Broad race,Black or African American,12,,,FALSE,fewer than 50 subgroup patients,,,,,,,,
continuous,thorsson,STAD,Fraction Altered,FALSE,371,TRUE,Broad race,Missing,42,,,FALSE,demographic field missing,,,,,,,,
continuous,thorsson,STAD,Fraction Altered,FALSE,371,TRUE,Broad race,Other recorded race,1,,,FALSE,fewer than 50 subgroup patients,,,,,,,,
continuous,thorsson,STAD,Fraction Altered,FALSE,371,TRUE,Broad race,White,234,,,TRUE,performance estimated,0.322285913699467,0.236803981300807,0.589503827071173,,,,,
continuous,thorsson,STAD,Fraction Altered,FALSE,371,TRUE,Recorded sex,FEMALE,127,,,TRUE,performance estimated,0.455217683611566,0.21710276693589,0.674301649793776,,,,,
continuous,thorsson,STAD,Fraction Altered,FALSE,371,TRUE,Recorded sex,MALE,244,,,TRUE,performance estimated,0.237577566359799,0.256731196939744,0.528226707805162,,,,,
continuous,thorsson,STAD,Homologous Recombination Defects,FALSE,363,TRUE,Broad race,Asian,81,,,TRUE,performance estimated,0.194051780455145,17.3414186626527,0.489606051730268,,,,,
continuous,thorsson,STAD,Homologous Recombination Defects,FALSE,363,TRUE,Broad race,Black or African American,12,,,FALSE,fewer than 50 subgroup patients,,,,,,,,
continuous,thorsson,STAD,Homologous Recombination Defects,FALSE,363,TRUE,Broad race,Missing,41,,,FALSE,demographic field missing,,,,,,,,
continuous,thorsson,STAD,Homologous Recombination Defects,FALSE,363,TRUE,Broad race,Other recorded race,1,,,FALSE,fewer than 50 subgroup patients,,,,,,,,
continuous,thorsson,STAD,Homologous Recombination Defects,FALSE,363,TRUE,Broad race,White,228,,,TRUE,performance estimated,0.237186166845217,16.6402833565288,0.522284539922484,,,,,
continuous,thorsson,STAD,Homologous Recombination Defects,FALSE,363,TRUE,Recorded sex,FEMALE,122,,,TRUE,performance estimated,0.301653250171672,15.9463776676544,0.570708783263502,,,,,
continuous,thorsson,STAD,Homologous Recombination Defects,FALSE,363,TRUE,Recorded sex,MALE,241,,,TRUE,performance estimated,0.188260867774761,17.4873922878546,0.489474328306278,,,,,
continuous,thorsson,STAD,Lymphocyte Infiltration Signature Score,FALSE,334,TRUE,Broad race,Asian,74,,,TRUE,performance estimated,0.167646200135524,0.898521084828052,0.477885804424833,,,,,
continuous,thorsson,STAD,Lymphocyte Infiltration Signature Score,FALSE,334,TRUE,Broad race,Black or African American,12,,,FALSE,fewer than 50 subgroup patients,,,,,,,,
continuous,thorsson,STAD,Lymphocyte Infiltration Signature Score,FALSE,334,TRUE,Broad race,Missing,38,,,FALSE,demographic field missing,,,,,,,,
continuous,thorsson,STAD,Lymphocyte Infiltration Signature Score,FALSE,334,TRUE,Broad race,Other recorded race,1,,,FALSE,fewer than 50 subgroup patients,,,,,,,,
continuous,thorsson,STAD,Lymphocyte Infiltration Signature Score,FALSE,334,TRUE,Broad race,White,209,,,TRUE,performance estimated,0.266744605851446,0.853406894233356,0.545319823584402,,,,,
continuous,thorsson,STAD,Lymphocyte Infiltration Signature Score,FALSE,334,TRUE,Recorded sex,FEMALE,108,,,TRUE,performance estimated,0.215328858702828,0.894478797978452,0.529779835567369,,,,,
continuous,thorsson,STAD,Lymphocyte Infiltration Signature Score,FALSE,334,TRUE,Recorded sex,MALE,226,,,TRUE,performance estimated,0.254451493945181,0.855734959592087,0.511121986439009,,,,,
continuous,thorsson,STAD,Macrophage Regulation,FALSE,334,TRUE,Broad race,Asian,74,,,TRUE,performance estimated,0.273823633819899,0.530218912429774,0.555335061088486,,,,,
continuous,thorsson,STAD,Macrophage Regulation,FALSE,334,TRUE,Broad race,Black or African American,12,,,FALSE,fewer than 50 subgroup patients,,,,,,,,
continuous,thorsson,STAD,Macrophage Regulation,FALSE,334,TRUE,Broad race,Missing,38,,,FALSE,demographic field missing,,,,,,,,
continuous,thorsson,STAD,Macrophage Regulation,FALSE,334,TRUE,Broad race,Other recorded race,1,,,FALSE,fewer than 50 subgroup patients,,,,,,,,
continuous,thorsson,STAD,Macrophage Regulation,FALSE,334,TRUE,Broad race,White,209,,,TRUE,performance estimated,0.180498106007119,0.536991247752665,0.480822335559178,,,,,
continuous,thorsson,STAD,Macrophage Regulation,FALSE,334,TRUE,Recorded sex,FEMALE,108,,,TRUE,performance estimated,0.197198511787304,0.574461845686982,0.49625691884116,,,,,
continuous,thorsson,STAD,Macrophage Regulation,FALSE,334,TRUE,Recorded sex,MALE,226,,,TRUE,performance estimated,0.236639702168633,0.517363877141728,0.514869179889023,,,,,
continuous,thorsson,STAD,Mast Cells Resting,FALSE,334,TRUE,Broad race,Asian,74,,,TRUE,performance estimated,0.108977451499568,0.0430603721539115,0.390731264350939,,,,,
continuous,thorsson,STAD,Mast Cells Resting,FALSE,334,TRUE,Broad race,Black or African American,12,,,FALSE,fewer than 50 subgroup patients,,,,,,,,
continuous,thorsson,STAD,Mast Cells Resting,FALSE,334,TRUE,Broad race,Missing,38,,,FALSE,demographic field missing,,,,,,,,
continuous,thorsson,STAD,Mast Cells Resting,FALSE,334,TRUE,Broad race,Other recorded race,1,,,FALSE,fewer than 50 subgroup patients,,,,,,,,
continuous,thorsson,STAD,Mast Cells Resting,FALSE,334,TRUE,Broad race,White,209,,,TRUE,performance estimated,0.219816736049843,0.0349390567569967,0.450172553602535,,,,,
continuous,thorsson,STAD,Mast Cells Resting,FALSE,334,TRUE,Recorded sex,FEMALE,108,,,TRUE,performance estimated,0.207440708555556,0.0391543167135914,0.48091227313605,,,,,
continuous,thorsson,STAD,Mast Cells Resting,FALSE,334,TRUE,Recorded sex,MALE,226,,,TRUE,performance estimated,0.184526356715632,0.0346058749347208,0.405239700720923,,,,,
continuous,thorsson,STAD,Nonsilent Mutation Rate,FALSE,372,TRUE,Broad race,Asian,83,,,TRUE,performance estimated,0.248676300695519,0.874300795384187,0.521569203643844,,,,,
continuous,thorsson,STAD,Nonsilent Mutation Rate,FALSE,372,TRUE,Broad race,Black or African American,13,,,FALSE,fewer than 50 subgroup patients,,,,,,,,
continuous,thorsson,STAD,Nonsilent Mutation Rate,FALSE,372,TRUE,Broad race,Missing,41,,,FALSE,demographic field missing,,,,,,,,
continuous,thorsson,STAD,Nonsilent Mutation Rate,FALSE,372,TRUE,Broad race,Other recorded race,1,,,FALSE,fewer than 50 subgroup patients,,,,,,,,
continuous,thorsson,STAD,Nonsilent Mutation Rate,FALSE,372,TRUE,Broad race,White,234,,,TRUE,performance estimated,0.278829654492971,0.800324241740223,0.495761020078955,,,,,
continuous,thorsson,STAD,Nonsilent Mutation Rate,FALSE,372,TRUE,Recorded sex,FEMALE,127,,,TRUE,performance estimated,0.385119784750166,0.827550973378945,0.593650403074616,,,,,
continuous,thorsson,STAD,Nonsilent Mutation Rate,FALSE,372,TRUE,Recorded sex,MALE,245,,,TRUE,performance estimated,0.174176642593996,0.816465646711207,0.424553137564004,,,,,
continuous,thorsson,STAD,Number of Segments,FALSE,371,TRUE,Broad race,Asian,82,,,TRUE,performance estimated,0.44215149639572,0.51330450868765,0.691376918915466,,,,,
continuous,thorsson,STAD,Number of Segments,FALSE,371,TRUE,Broad race,Black or African American,12,,,FALSE,fewer than 50 subgroup patients,,,,,,,,
continuous,thorsson,STAD,Number of Segments,FALSE,371,TRUE,Broad race,Missing,42,,,FALSE,demographic field missing,,,,,,,,
continuous,thorsson,STAD,Number of Segments,FALSE,371,TRUE,Broad race,Other recorded race,1,,,FALSE,fewer than 50 subgroup patients,,,,,,,,
continuous,thorsson,STAD,Number of Segments,FALSE,371,TRUE,Broad race,White,234,,,TRUE,performance estimated,0.349497179471093,0.5961226176245,0.613237993709194,,,,,
continuous,thorsson,STAD,Number of Segments,FALSE,371,TRUE,Recorded sex,FEMALE,127,,,TRUE,performance estimated,0.456534689560382,0.555624469077757,0.709525291390078,,,,,
continuous,thorsson,STAD,Number of Segments,FALSE,371,TRUE,Recorded sex,MALE,244,,,TRUE,performance estimated,0.309435424754618,0.606645613822949,0.587455125149859,,,,,
continuous,thorsson,STAD,Proliferation,FALSE,334,TRUE,Broad race,Asian,74,,,TRUE,performance estimated,0.48208486603412,0.3749105963474,0.667400222139948,,,,,
continuous,thorsson,STAD,Proliferation,FALSE,334,TRUE,Broad race,Black or African American,12,,,FALSE,fewer than 50 subgroup patients,,,,,,,,
continuous,thorsson,STAD,Proliferation,FALSE,334,TRUE,Broad race,Missing,38,,,FALSE,demographic field missing,,,,,,,,
continuous,thorsson,STAD,Proliferation,FALSE,334,TRUE,Broad race,Other recorded race,1,,,FALSE,fewer than 50 subgroup patients,,,,,,,,
continuous,thorsson,STAD,Proliferation,FALSE,334,TRUE,Broad race,White,209,,,TRUE,performance estimated,0.483499042042168,0.374610138803989,0.696279475879249,,,,,
continuous,thorsson,STAD,Proliferation,FALSE,334,TRUE,Recorded sex,FEMALE,108,,,TRUE,performance estimated,0.534577830930005,0.366306790019272,0.71185801251822,,,,,
continuous,thorsson,STAD,Proliferation,FALSE,334,TRUE,Recorded sex,MALE,226,,,TRUE,performance estimated,0.446653957986508,0.36200383522275,0.654130911075592,,,,,
continuous,thorsson,STAD,Silent Mutation Rate,FALSE,372,TRUE,Broad race,Asian,83,,,TRUE,performance estimated,0.187518442526357,0.707700573950514,0.465713371156716,,,,,
continuous,thorsson,STAD,Silent Mutation Rate,FALSE,372,TRUE,Broad race,Black or African American,13,,,FALSE,fewer than 50 subgroup patients,,,,,,,,
continuous,thorsson,STAD,Silent Mutation Rate,FALSE,372,TRUE,Broad race,Missing,41,,,FALSE,demographic field missing,,,,,,,,
continuous,thorsson,STAD,Silent Mutation Rate,FALSE,372,TRUE,Broad race,Other recorded race,1,,,FALSE,fewer than 50 subgroup patients,,,,,,,,
continuous,thorsson,STAD,Silent Mutation Rate,FALSE,372,TRUE,Broad race,White,234,,,TRUE,performance estimated,0.268297813255329,0.636949500325279,0.481583096657719,,,,,
continuous,thorsson,STAD,Silent Mutation Rate,FALSE,372,TRUE,Recorded sex,FEMALE,127,,,TRUE,performance estimated,0.356838831874381,0.659037091119248,0.576894549682694,,,,,
continuous,thorsson,STAD,Silent Mutation Rate,FALSE,372,TRUE,Recorded sex,MALE,245,,,TRUE,performance estimated,0.154682339586107,0.652964590601786,0.402658697049971,,,,,
continuous,thorsson,STAD,T Cells CD4 Memory Activated,FALSE,334,TRUE,Broad race,Asian,74,,,TRUE,performance estimated,0.302933646231715,0.0273232026178655,0.436911005875161,,,,,
continuous,thorsson,STAD,T Cells CD4 Memory Activated,FALSE,334,TRUE,Broad race,Black or African American,12,,,FALSE,fewer than 50 subgroup patients,,,,,,,,
continuous,thorsson,STAD,T Cells CD4 Memory Activated,FALSE,334,TRUE,Broad race,Missing,38,,,FALSE,demographic field missing,,,,,,,,
continuous,thorsson,STAD,T Cells CD4 Memory Activated,FALSE,334,TRUE,Broad race,Other recorded race,1,,,FALSE,fewer than 50 subgroup patients,,,,,,,,
continuous,thorsson,STAD,T Cells CD4 Memory Activated,FALSE,334,TRUE,Broad race,White,209,,,TRUE,performance estimated,0.169609204812184,0.0236635613492289,0.474806502701125,,,,,
continuous,thorsson,STAD,T Cells CD4 Memory Activated,FALSE,334,TRUE,Recorded sex,FEMALE,108,,,TRUE,performance estimated,0.28781521767401,0.0256842614303897,0.551684130299652,,,,,
continuous,thorsson,STAD,T Cells CD4 Memory Activated,FALSE,334,TRUE,Recorded sex,MALE,226,,,TRUE,performance estimated,0.207452641659822,0.02713650799265,0.458577774447938,,,,,
continuous,thorsson,STAD,TIL Regional Fraction,FALSE,335,TRUE,Broad race,Asian,65,,,TRUE,performance estimated,0.453696317848825,9.03716708794932,0.700096153846154,,,,,
continuous,thorsson,STAD,TIL Regional Fraction,FALSE,335,TRUE,Broad race,Black or African American,11,,,FALSE,fewer than 50 subgroup patients,,,,,,,,
continuous,thorsson,STAD,TIL Regional Fraction,FALSE,335,TRUE,Broad race,Missing,39,,,FALSE,demographic field missing,,,,,,,,
continuous,thorsson,STAD,TIL Regional Fraction,FALSE,335,TRUE,Broad race,Other recorded race,1,,,FALSE,fewer than 50 subgroup patients,,,,,,,,
continuous,thorsson,STAD,TIL Regional Fraction,FALSE,335,TRUE,Broad race,White,219,,,TRUE,performance estimated,0.373589314405644,8.95975056024768,0.632653695431124,,,,,
continuous,thorsson,STAD,TIL Regional Fraction,FALSE,335,TRUE,Recorded sex,FEMALE,114,,,TRUE,performance estimated,0.363493591854342,9.88712398544283,0.639403009254572,,,,,
continuous,thorsson,STAD,TIL Regional Fraction,FALSE,335,TRUE,Recorded sex,MALE,221,,,TRUE,performance estimated,0.397777830061367,8.20292536405705,0.65599341834636,,,,,
continuous,thorsson,STAD,Wound Healing,FALSE,334,TRUE,Broad race,Asian,74,,,TRUE,performance estimated,0.297239195527976,0.158750518978113,0.541106256941873,,,,,
continuous,thorsson,STAD,Wound Healing,FALSE,334,TRUE,Broad race,Black or African American,12,,,FALSE,fewer than 50 subgroup patients,,,,,,,,
continuous,thorsson,STAD,Wound Healing,FALSE,334,TRUE,Broad race,Missing,38,,,FALSE,demographic field missing,,,,,,,,
continuous,thorsson,STAD,Wound Healing,FALSE,334,TRUE,Broad race,Other recorded race,1,,,FALSE,fewer than 50 subgroup patients,,,,,,,,
continuous,thorsson,STAD,Wound Healing,FALSE,334,TRUE,Broad race,White,209,,,TRUE,performance estimated,0.33348127869603,0.142287703329095,0.609684820724744,,,,,
continuous,thorsson,STAD,Wound Healing,FALSE,334,TRUE,Recorded sex,FEMALE,108,,,TRUE,performance estimated,0.419176505188553,0.137944896091382,0.626732465779256,,,,,
continuous,thorsson,STAD,Wound Healing,FALSE,334,TRUE,Recorded sex,MALE,226,,,TRUE,performance estimated,0.266607395629789,0.148082537252375,0.555845685557848,,,,,
continuous,thorsson,TGCT,B Cells Naive,FALSE,148,FALSE,Broad race,Asian,4,,,FALSE,model has fewer than 200 outcome-labelled patients,,,,,,,,
continuous,thorsson,TGCT,B Cells Naive,FALSE,148,FALSE,Broad race,Black or African American,6,,,FALSE,model has fewer than 200 outcome-labelled patients,,,,,,,,
continuous,thorsson,TGCT,B Cells Naive,FALSE,148,FALSE,Broad race,Missing,21,,,FALSE,model has fewer than 200 outcome-labelled patients,,,,,,,,
continuous,thorsson,TGCT,B Cells Naive,FALSE,148,FALSE,Broad race,White,117,,,FALSE,model has fewer than 200 outcome-labelled patients,,,,,,,,
continuous,thorsson,TGCT,B Cells Naive,FALSE,148,FALSE,Recorded sex,MALE,132,,,FALSE,model has fewer than 200 outcome-labelled patients,,,,,,,,
continuous,thorsson,TGCT,B Cells Naive,FALSE,148,FALSE,Recorded sex,Missing,16,,,FALSE,model has fewer than 200 outcome-labelled patients,,,,,,,,
continuous,thorsson,TGCT,Leukocyte Fraction,FALSE,132,FALSE,Broad race,Asian,4,,,FALSE,model has fewer than 200 outcome-labelled patients,,,,,,,,
continuous,thorsson,TGCT,Leukocyte Fraction,FALSE,132,FALSE,Broad race,Black or African American,6,,,FALSE,model has fewer than 200 outcome-labelled patients,,,,,,,,
continuous,thorsson,TGCT,Leukocyte Fraction,FALSE,132,FALSE,Broad race,Missing,5,,,FALSE,model has fewer than 200 outcome-labelled patients,,,,,,,,
continuous,thorsson,TGCT,Leukocyte Fraction,FALSE,132,FALSE,Broad race,White,117,,,FALSE,model has fewer than 200 outcome-labelled patients,,,,,,,,
continuous,thorsson,TGCT,Leukocyte Fraction,FALSE,132,FALSE,Recorded sex,MALE,132,,,FALSE,model has fewer than 200 outcome-labelled patients,,,,,,,,
continuous,thorsson,TGCT,Lymphocyte Infiltration Signature Score,FALSE,148,FALSE,Broad race,Asian,4,,,FALSE,model has fewer than 200 outcome-labelled patients,,,,,,,,
continuous,thorsson,TGCT,Lymphocyte Infiltration Signature Score,FALSE,148,FALSE,Broad race,Black or African American,6,,,FALSE,model has fewer than 200 outcome-labelled patients,,,,,,,,
continuous,thorsson,TGCT,Lymphocyte Infiltration Signature Score,FALSE,148,FALSE,Broad race,Missing,21,,,FALSE,model has fewer than 200 outcome-labelled patients,,,,,,,,
continuous,thorsson,TGCT,Lymphocyte Infiltration Signature Score,FALSE,148,FALSE,Broad race,White,117,,,FALSE,model has fewer than 200 outcome-labelled patients,,,,,,,,
continuous,thorsson,TGCT,Lymphocyte Infiltration Signature Score,FALSE,148,FALSE,Recorded sex,MALE,132,,,FALSE,model has fewer than 200 outcome-labelled patients,,,,,,,,
continuous,thorsson,TGCT,Lymphocyte Infiltration Signature Score,FALSE,148,FALSE,Recorded sex,Missing,16,,,FALSE,model has fewer than 200 outcome-labelled patients,,,,,,,,
continuous,thorsson,TGCT,Macrophage Regulation,FALSE,148,FALSE,Broad race,Asian,4,,,FALSE,model has fewer than 200 outcome-labelled patients,,,,,,,,
continuous,thorsson,TGCT,Macrophage Regulation,FALSE,148,FALSE,Broad race,Black or African American,6,,,FALSE,model has fewer than 200 outcome-labelled patients,,,,,,,,
continuous,thorsson,TGCT,Macrophage Regulation,FALSE,148,FALSE,Broad race,Missing,21,,,FALSE,model has fewer than 200 outcome-labelled patients,,,,,,,,
continuous,thorsson,TGCT,Macrophage Regulation,FALSE,148,FALSE,Broad race,White,117,,,FALSE,model has fewer than 200 outcome-labelled patients,,,,,,,,
continuous,thorsson,TGCT,Macrophage Regulation,FALSE,148,FALSE,Recorded sex,MALE,132,,,FALSE,model has fewer than 200 outcome-labelled patients,,,,,,,,
continuous,thorsson,TGCT,Macrophage Regulation,FALSE,148,FALSE,Recorded sex,Missing,16,,,FALSE,model has fewer than 200 outcome-labelled patients,,,,,,,,
continuous,thorsson,TGCT,Macrophages M2,FALSE,148,FALSE,Broad race,Asian,4,,,FALSE,model has fewer than 200 outcome-labelled patients,,,,,,,,
continuous,thorsson,TGCT,Macrophages M2,FALSE,148,FALSE,Broad race,Black or African American,6,,,FALSE,model has fewer than 200 outcome-labelled patients,,,,,,,,
continuous,thorsson,TGCT,Macrophages M2,FALSE,148,FALSE,Broad race,Missing,21,,,FALSE,model has fewer than 200 outcome-labelled patients,,,,,,,,
continuous,thorsson,TGCT,Macrophages M2,FALSE,148,FALSE,Broad race,White,117,,,FALSE,model has fewer than 200 outcome-labelled patients,,,,,,,,
continuous,thorsson,TGCT,Macrophages M2,FALSE,148,FALSE,Recorded sex,MALE,132,,,FALSE,model has fewer than 200 outcome-labelled patients,,,,,,,,
continuous,thorsson,TGCT,Macrophages M2,FALSE,148,FALSE,Recorded sex,Missing,16,,,FALSE,model has fewer than 200 outcome-labelled patients,,,,,,,,
continuous,thorsson,TGCT,Proliferation,FALSE,148,FALSE,Broad race,Asian,4,,,FALSE,model has fewer than 200 outcome-labelled patients,,,,,,,,
continuous,thorsson,TGCT,Proliferation,FALSE,148,FALSE,Broad race,Black or African American,6,,,FALSE,model has fewer than 200 outcome-labelled patients,,,,,,,,
continuous,thorsson,TGCT,Proliferation,FALSE,148,FALSE,Broad race,Missing,21,,,FALSE,model has fewer than 200 outcome-labelled patients,,,,,,,,
continuous,thorsson,TGCT,Proliferation,FALSE,148,FALSE,Broad race,White,117,,,FALSE,model has fewer than 200 outcome-labelled patients,,,,,,,,
continuous,thorsson,TGCT,Proliferation,FALSE,148,FALSE,Recorded sex,MALE,132,,,FALSE,model has fewer than 200 outcome-labelled patients,,,,,,,,
continuous,thorsson,TGCT,Proliferation,FALSE,148,FALSE,Recorded sex,Missing,16,,,FALSE,model has fewer than 200 outcome-labelled patients,,,,,,,,
continuous,thorsson,TGCT,Stromal Fraction,FALSE,148,FALSE,Broad race,Asian,4,,,FALSE,model has fewer than 200 outcome-labelled patients,,,,,,,,
continuous,thorsson,TGCT,Stromal Fraction,FALSE,148,FALSE,Broad race,Black or African American,6,,,FALSE,model has fewer than 200 outcome-labelled patients,,,,,,,,
continuous,thorsson,TGCT,Stromal Fraction,FALSE,148,FALSE,Broad race,Missing,21,,,FALSE,model has fewer than 200 outcome-labelled patients,,,,,,,,
continuous,thorsson,TGCT,Stromal Fraction,FALSE,148,FALSE,Broad race,White,117,,,FALSE,model has fewer than 200 outcome-labelled patients,,,,,,,,
continuous,thorsson,TGCT,Stromal Fraction,FALSE,148,FALSE,Recorded sex,MALE,132,,,FALSE,model has fewer than 200 outcome-labelled patients,,,,,,,,
continuous,thorsson,TGCT,Stromal Fraction,FALSE,148,FALSE,Recorded sex,Missing,16,,,FALSE,model has fewer than 200 outcome-labelled patients,,,,,,,,
continuous,thorsson,TGCT,TCR Richness,FALSE,148,FALSE,Broad race,Asian,4,,,FALSE,model has fewer than 200 outcome-labelled patients,,,,,,,,
continuous,thorsson,TGCT,TCR Richness,FALSE,148,FALSE,Broad race,Black or African American,6,,,FALSE,model has fewer than 200 outcome-labelled patients,,,,,,,,
continuous,thorsson,TGCT,TCR Richness,FALSE,148,FALSE,Broad race,Missing,21,,,FALSE,model has fewer than 200 outcome-labelled patients,,,,,,,,
continuous,thorsson,TGCT,TCR Richness,FALSE,148,FALSE,Broad race,White,117,,,FALSE,model has fewer than 200 outcome-labelled patients,,,,,,,,
continuous,thorsson,TGCT,TCR Richness,FALSE,148,FALSE,Recorded sex,MALE,132,,,FALSE,model has fewer than 200 outcome-labelled patients,,,,,,,,
continuous,thorsson,TGCT,TCR Richness,FALSE,148,FALSE,Recorded sex,Missing,16,,,FALSE,model has fewer than 200 outcome-labelled patients,,,,,,,,
continuous,thorsson,TGCT,TCR Shannon,FALSE,144,FALSE,Broad race,Asian,4,,,FALSE,model has fewer than 200 outcome-labelled patients,,,,,,,,
continuous,thorsson,TGCT,TCR Shannon,FALSE,144,FALSE,Broad race,Black or African American,5,,,FALSE,model has fewer than 200 outcome-labelled patients,,,,,,,,
continuous,thorsson,TGCT,TCR Shannon,FALSE,144,FALSE,Broad race,Missing,21,,,FALSE,model has fewer than 200 outcome-labelled patients,,,,,,,,
continuous,thorsson,TGCT,TCR Shannon,FALSE,144,FALSE,Broad race,White,114,,,FALSE,model has fewer than 200 outcome-labelled patients,,,,,,,,
continuous,thorsson,TGCT,TCR Shannon,FALSE,144,FALSE,Recorded sex,MALE,128,,,FALSE,model has fewer than 200 outcome-labelled patients,,,,,,,,
continuous,thorsson,TGCT,TCR Shannon,FALSE,144,FALSE,Recorded sex,Missing,16,,,FALSE,model has fewer than 200 outcome-labelled patients,,,,,,,,
continuous,thorsson,TGCT,Th17 Cells,FALSE,148,FALSE,Broad race,Asian,4,,,FALSE,model has fewer than 200 outcome-labelled patients,,,,,,,,
continuous,thorsson,TGCT,Th17 Cells,FALSE,148,FALSE,Broad race,Black or African American,6,,,FALSE,model has fewer than 200 outcome-labelled patients,,,,,,,,
continuous,thorsson,TGCT,Th17 Cells,FALSE,148,FALSE,Broad race,Missing,21,,,FALSE,model has fewer than 200 outcome-labelled patients,,,,,,,,
continuous,thorsson,TGCT,Th17 Cells,FALSE,148,FALSE,Broad race,White,117,,,FALSE,model has fewer than 200 outcome-labelled patients,,,,,,,,
continuous,thorsson,TGCT,Th17 Cells,FALSE,148,FALSE,Recorded sex,MALE,132,,,FALSE,model has fewer than 200 outcome-labelled patients,,,,,,,,
continuous,thorsson,TGCT,Th17 Cells,FALSE,148,FALSE,Recorded sex,Missing,16,,,FALSE,model has fewer than 200 outcome-labelled patients,,,,,,,,
continuous,thorsson,TGCT,Wound Healing,FALSE,148,FALSE,Broad race,Asian,4,,,FALSE,model has fewer than 200 outcome-labelled patients,,,,,,,,
continuous,thorsson,TGCT,Wound Healing,FALSE,148,FALSE,Broad race,Black or African American,6,,,FALSE,model has fewer than 200 outcome-labelled patients,,,,,,,,
continuous,thorsson,TGCT,Wound Healing,FALSE,148,FALSE,Broad race,Missing,21,,,FALSE,model has fewer than 200 outcome-labelled patients,,,,,,,,
continuous,thorsson,TGCT,Wound Healing,FALSE,148,FALSE,Broad race,White,117,,,FALSE,model has fewer than 200 outcome-labelled patients,,,,,,,,
continuous,thorsson,TGCT,Wound Healing,FALSE,148,FALSE,Recorded sex,MALE,132,,,FALSE,model has fewer than 200 outcome-labelled patients,,,,,,,,
continuous,thorsson,TGCT,Wound Healing,FALSE,148,FALSE,Recorded sex,Missing,16,,,FALSE,model has fewer than 200 outcome-labelled patients,,,,,,,,
continuous,thorsson,THCA,BCR Richness,FALSE,239,TRUE,Broad race,Asian,28,,,FALSE,fewer than 50 subgroup patients,,,,,,,,
continuous,thorsson,THCA,BCR Richness,FALSE,239,TRUE,Broad race,Black or African American,10,,,FALSE,fewer than 50 subgroup patients,,,,,,,,
continuous,thorsson,THCA,BCR Richness,FALSE,239,TRUE,Broad race,Missing,31,,,FALSE,demographic field missing,,,,,,,,
continuous,thorsson,THCA,BCR Richness,FALSE,239,TRUE,Broad race,White,170,,,TRUE,performance estimated,0.208236573340786,59.2543344627633,0.55791080270832,,,,,
continuous,thorsson,THCA,BCR Richness,FALSE,239,TRUE,Recorded sex,FEMALE,185,,,TRUE,performance estimated,0.231686980837567,69.7530156439654,0.62169332983233,,,,,
continuous,thorsson,THCA,BCR Richness,FALSE,239,TRUE,Recorded sex,MALE,54,,,TRUE,performance estimated,0.0911994922510421,53.0837302675722,0.445083834902826,,,,,
continuous,thorsson,THCA,BCR Shannon,FALSE,239,TRUE,Broad race,Asian,28,,,FALSE,fewer than 50 subgroup patients,,,,,,,,
continuous,thorsson,THCA,BCR Shannon,FALSE,239,TRUE,Broad race,Black or African American,10,,,FALSE,fewer than 50 subgroup patients,,,,,,,,
continuous,thorsson,THCA,BCR Shannon,FALSE,239,TRUE,Broad race,Missing,31,,,FALSE,demographic field missing,,,,,,,,
continuous,thorsson,THCA,BCR Shannon,FALSE,239,TRUE,Broad race,White,170,,,TRUE,performance estimated,0.272122818169237,1.33064444115445,0.543958850965004,,,,,
continuous,thorsson,THCA,BCR Shannon,FALSE,239,TRUE,Recorded sex,FEMALE,185,,,TRUE,performance estimated,0.39570519552483,1.23532352725069,0.629763487996575,,,,,
continuous,thorsson,THCA,BCR Shannon,FALSE,239,TRUE,Recorded sex,MALE,54,,,TRUE,performance estimated,-0.0344759071549362,1.49565608304021,0.388058326112491,,,,,
continuous,thorsson,THCA,IFN-gamma Response,FALSE,498,TRUE,Broad race,Asian,51,,,TRUE,performance estimated,-0.0409935233344574,0.445933595863661,0.294497737556561,,,,,
continuous,thorsson,THCA,IFN-gamma Response,FALSE,498,TRUE,Broad race,Black or African American,27,,,FALSE,fewer than 50 subgroup patients,,,,,,,,
continuous,thorsson,THCA,IFN-gamma Response,FALSE,498,TRUE,Broad race,Missing,92,,,FALSE,demographic field missing,,,,,,,,
continuous,thorsson,THCA,IFN-gamma Response,FALSE,498,TRUE,Broad race,Other recorded race,1,,,FALSE,fewer than 50 subgroup patients,,,,,,,,
continuous,thorsson,THCA,IFN-gamma Response,FALSE,498,TRUE,Broad race,White,327,,,TRUE,performance estimated,0.333648986685737,0.460859564486215,0.629015244678574,,,,,
continuous,thorsson,THCA,IFN-gamma Response,FALSE,498,TRUE,Recorded sex,FEMALE,364,,,TRUE,performance estimated,0.351950201978286,0.446321195166825,0.626692022806138,,,,,
continuous,thorsson,THCA,IFN-gamma Response,FALSE,498,TRUE,Recorded sex,MALE,134,,,TRUE,performance estimated,0.320832147254579,0.465540177600624,0.591698649609097,,,,,
continuous,thorsson,THCA,Leukocyte Fraction,FALSE,501,TRUE,Broad race,Asian,52,,,TRUE,performance estimated,0.347906541604237,0.0750207028394275,0.589652522837872,,,,,
continuous,thorsson,THCA,Leukocyte Fraction,FALSE,501,TRUE,Broad race,Black or African American,27,,,FALSE,fewer than 50 subgroup patients,,,,,,,,
continuous,thorsson,THCA,Leukocyte Fraction,FALSE,501,TRUE,Broad race,Missing,93,,,FALSE,demographic field missing,,,,,,,,
continuous,thorsson,THCA,Leukocyte Fraction,FALSE,501,TRUE,Broad race,Other recorded race,1,,,FALSE,fewer than 50 subgroup patients,,,,,,,,
continuous,thorsson,THCA,Leukocyte Fraction,FALSE,501,TRUE,Broad race,White,328,,,TRUE,performance estimated,0.383842847702819,0.100447554191656,0.654826120637883,,,,,
continuous,thorsson,THCA,Leukocyte Fraction,FALSE,501,TRUE,Recorded sex,FEMALE,367,,,TRUE,performance estimated,0.454325937290967,0.088338493118287,0.663346060699047,,,,,
continuous,thorsson,THCA,Leukocyte Fraction,FALSE,501,TRUE,Recorded sex,MALE,134,,,TRUE,performance estimated,0.227524019859299,0.110629637074775,0.577211685931246,,,,,
continuous,thorsson,THCA,Lymphocyte Infiltration Signature Score,FALSE,498,TRUE,Broad race,Asian,51,,,TRUE,performance estimated,0.654850176511184,0.590376436882669,0.756904977375566,,,,,
continuous,thorsson,THCA,Lymphocyte Infiltration Signature Score,FALSE,498,TRUE,Broad race,Black or African American,27,,,FALSE,fewer than 50 subgroup patients,,,,,,,,
continuous,thorsson,THCA,Lymphocyte Infiltration Signature Score,FALSE,498,TRUE,Broad race,Missing,92,,,FALSE,demographic field missing,,,,,,,,
continuous,thorsson,THCA,Lymphocyte Infiltration Signature Score,FALSE,498,TRUE,Broad race,Other recorded race,1,,,FALSE,fewer than 50 subgroup patients,,,,,,,,
continuous,thorsson,THCA,Lymphocyte Infiltration Signature Score,FALSE,498,TRUE,Broad race,White,327,,,TRUE,performance estimated,0.569377970308329,0.8084950899867,0.746228414695922,,,,,
continuous,thorsson,THCA,Lymphocyte Infiltration Signature Score,FALSE,498,TRUE,Recorded sex,FEMALE,364,,,TRUE,performance estimated,0.629282918355806,0.725268409234659,0.768238038424838,,,,,
continuous,thorsson,THCA,Lymphocyte Infiltration Signature Score,FALSE,498,TRUE,Recorded sex,MALE,134,,,TRUE,performance estimated,0.433970077797334,0.918451426351927,0.665109041259866,,,,,
continuous,thorsson,THCA,Macrophage Regulation,FALSE,498,TRUE,Broad race,Asian,51,,,TRUE,performance estimated,0.532819862887438,0.349096342860085,0.650461538461538,,,,,
continuous,thorsson,THCA,Macrophage Regulation,FALSE,498,TRUE,Broad race,Black or African American,27,,,FALSE,fewer than 50 subgroup patients,,,,,,,,
continuous,thorsson,THCA,Macrophage Regulation,FALSE,498,TRUE,Broad race,Missing,92,,,FALSE,demographic field missing,,,,,,,,
continuous,thorsson,THCA,Macrophage Regulation,FALSE,498,TRUE,Broad race,Other recorded race,1,,,FALSE,fewer than 50 subgroup patients,,,,,,,,
continuous,thorsson,THCA,Macrophage Regulation,FALSE,498,TRUE,Broad race,White,327,,,TRUE,performance estimated,0.492946783808631,0.455922775184616,0.697104738858359,,,,,
continuous,thorsson,THCA,Macrophage Regulation,FALSE,498,TRUE,Recorded sex,FEMALE,364,,,TRUE,performance estimated,0.559565316183523,0.412639132827934,0.725209308204664,,,,,
continuous,thorsson,THCA,Macrophage Regulation,FALSE,498,TRUE,Recorded sex,MALE,134,,,TRUE,performance estimated,0.38212008469097,0.558372898978673,0.63806261681943,,,,,
continuous,thorsson,THCA,Macrophages M1,FALSE,498,TRUE,Broad race,Asian,51,,,TRUE,performance estimated,0.319622155010907,0.0264199302387451,0.567261630134671,,,,,
continuous,thorsson,THCA,Macrophages M1,FALSE,498,TRUE,Broad race,Black or African American,27,,,FALSE,fewer than 50 subgroup patients,,,,,,,,
continuous,thorsson,THCA,Macrophages M1,FALSE,498,TRUE,Broad race,Missing,92,,,FALSE,demographic field missing,,,,,,,,
continuous,thorsson,THCA,Macrophages M1,FALSE,498,TRUE,Broad race,Other recorded race,1,,,FALSE,fewer than 50 subgroup patients,,,,,,,,
continuous,thorsson,THCA,Macrophages M1,FALSE,498,TRUE,Broad race,White,327,,,TRUE,performance estimated,0.28973308237429,0.0239805627239553,0.555893655794913,,,,,
continuous,thorsson,THCA,Macrophages M1,FALSE,498,TRUE,Recorded sex,FEMALE,364,,,TRUE,performance estimated,0.303807421615218,0.0245386517014671,0.548149901967308,,,,,
continuous,thorsson,THCA,Macrophages M1,FALSE,498,TRUE,Recorded sex,MALE,134,,,TRUE,performance estimated,0.14303326456016,0.021476847039481,0.473229040792552,,,,,
continuous,thorsson,THCA,Plasma Cells,FALSE,498,TRUE,Broad race,Asian,51,,,TRUE,performance estimated,0.310857601468528,0.0528851304680863,0.633698571043743,,,,,
continuous,thorsson,THCA,Plasma Cells,FALSE,498,TRUE,Broad race,Black or African American,27,,,FALSE,fewer than 50 subgroup patients,,,,,,,,
continuous,thorsson,THCA,Plasma Cells,FALSE,498,TRUE,Broad race,Missing,92,,,FALSE,demographic field missing,,,,,,,,
continuous,thorsson,THCA,Plasma Cells,FALSE,498,TRUE,Broad race,Other recorded race,1,,,FALSE,fewer than 50 subgroup patients,,,,,,,,
continuous,thorsson,THCA,Plasma Cells,FALSE,498,TRUE,Broad race,White,327,,,TRUE,performance estimated,0.26436581866187,0.0456617311001542,0.502189423909294,,,,,
continuous,thorsson,THCA,Plasma Cells,FALSE,498,TRUE,Recorded sex,FEMALE,364,,,TRUE,performance estimated,0.227269620290077,0.053824415975472,0.483124155780429,,,,,
continuous,thorsson,THCA,Plasma Cells,FALSE,498,TRUE,Recorded sex,MALE,134,,,TRUE,performance estimated,0.30845374832595,0.0402639443284629,0.507909273014878,,,,,
continuous,thorsson,THCA,Proliferation,FALSE,498,TRUE,Broad race,Asian,51,,,TRUE,performance estimated,0.271436348176385,0.283032381031099,0.513647058823529,,,,,
continuous,thorsson,THCA,Proliferation,FALSE,498,TRUE,Broad race,Black or African American,27,,,FALSE,fewer than 50 subgroup patients,,,,,,,,
continuous,thorsson,THCA,Proliferation,FALSE,498,TRUE,Broad race,Missing,92,,,FALSE,demographic field missing,,,,,,,,
continuous,thorsson,THCA,Proliferation,FALSE,498,TRUE,Broad race,Other recorded race,1,,,FALSE,fewer than 50 subgroup patients,,,,,,,,
continuous,thorsson,THCA,Proliferation,FALSE,498,TRUE,Broad race,White,327,,,TRUE,performance estimated,0.338688954124548,0.350320378239375,0.597005666252055,,,,,
continuous,thorsson,THCA,Proliferation,FALSE,498,TRUE,Recorded sex,FEMALE,364,,,TRUE,performance estimated,0.376611233348568,0.32755007572958,0.626107006869675,,,,,
continuous,thorsson,THCA,Proliferation,FALSE,498,TRUE,Recorded sex,MALE,134,,,TRUE,performance estimated,0.261090865608751,0.363196341999447,0.517619568348597,,,,,
continuous,thorsson,THCA,TCR Richness,FALSE,498,TRUE,Broad race,Asian,51,,,TRUE,performance estimated,0.421039979720712,14.8544202680393,0.707573184360116,,,,,
continuous,thorsson,THCA,TCR Richness,FALSE,498,TRUE,Broad race,Black or African American,27,,,FALSE,fewer than 50 subgroup patients,,,,,,,,
continuous,thorsson,THCA,TCR Richness,FALSE,498,TRUE,Broad race,Missing,92,,,FALSE,demographic field missing,,,,,,,,
continuous,thorsson,THCA,TCR Richness,FALSE,498,TRUE,Broad race,Other recorded race,1,,,FALSE,fewer than 50 subgroup patients,,,,,,,,
continuous,thorsson,THCA,TCR Richness,FALSE,498,TRUE,Broad race,White,327,,,TRUE,performance estimated,0.292298859154258,21.4094892614408,0.653309477096612,,,,,
continuous,thorsson,THCA,TCR Richness,FALSE,498,TRUE,Recorded sex,FEMALE,364,,,TRUE,performance estimated,0.354945075222841,18.7734193247349,0.643921652575139,,,,,
continuous,thorsson,THCA,TCR Richness,FALSE,498,TRUE,Recorded sex,MALE,134,,,TRUE,performance estimated,0.175667750218959,20.3902737575827,0.617856729761224,,,,,
continuous,thorsson,THCA,TCR Shannon,FALSE,458,TRUE,Broad race,Asian,50,,,TRUE,performance estimated,0.434786054878678,0.840258955114652,0.711924524937236,,,,,
continuous,thorsson,THCA,TCR Shannon,FALSE,458,TRUE,Broad race,Black or African American,26,,,FALSE,fewer than 50 subgroup patients,,,,,,,,
continuous,thorsson,THCA,TCR Shannon,FALSE,458,TRUE,Broad race,Missing,76,,,FALSE,demographic field missing,,,,,,,,
continuous,thorsson,THCA,TCR Shannon,FALSE,458,TRUE,Broad race,Other recorded race,1,,,FALSE,fewer than 50 subgroup patients,,,,,,,,
continuous,thorsson,THCA,TCR Shannon,FALSE,458,TRUE,Broad race,White,305,,,TRUE,performance estimated,0.478213869588983,0.906428108985764,0.698814003281175,,,,,
continuous,thorsson,THCA,TCR Shannon,FALSE,458,TRUE,Recorded sex,FEMALE,338,,,TRUE,performance estimated,0.490187565113464,0.88628157696323,0.700425192875106,,,,,
continuous,thorsson,THCA,TCR Shannon,FALSE,458,TRUE,Recorded sex,MALE,120,,,TRUE,performance estimated,0.360393365097277,0.899753136797263,0.634103851618487,,,,,
continuous,thorsson,THCA,TGF-beta Response,FALSE,498,TRUE,Broad race,Asian,51,,,TRUE,performance estimated,0.306539573577658,0.21994667065701,0.490190045248869,,,,,
continuous,thorsson,THCA,TGF-beta Response,FALSE,498,TRUE,Broad race,Black or African American,27,,,FALSE,fewer than 50 subgroup patients,,,,,,,,
continuous,thorsson,THCA,TGF-beta Response,FALSE,498,TRUE,Broad race,Missing,92,,,FALSE,demographic field missing,,,,,,,,
continuous,thorsson,THCA,TGF-beta Response,FALSE,498,TRUE,Broad race,Other recorded race,1,,,FALSE,fewer than 50 subgroup patients,,,,,,,,
continuous,thorsson,THCA,TGF-beta Response,FALSE,498,TRUE,Broad race,White,327,,,TRUE,performance estimated,0.503830443621321,0.231731105378334,0.693423969120685,,,,,
continuous,thorsson,THCA,TGF-beta Response,FALSE,498,TRUE,Recorded sex,FEMALE,364,,,TRUE,performance estimated,0.568522236006993,0.221175825202499,0.722730779920433,,,,,
continuous,thorsson,THCA,TGF-beta Response,FALSE,498,TRUE,Recorded sex,MALE,134,,,TRUE,performance estimated,0.414798831990791,0.258827228782095,0.668190546494045,,,,,
continuous,thorsson,THCA,Th1 Cells,FALSE,498,TRUE,Broad race,Asian,51,,,TRUE,performance estimated,0.223314453785029,551.089375734233,0.442914027149321,,,,,
continuous,thorsson,THCA,Th1 Cells,FALSE,498,TRUE,Broad race,Black or African American,27,,,FALSE,fewer than 50 subgroup patients,,,,,,,,
continuous,thorsson,THCA,Th1 Cells,FALSE,498,TRUE,Broad race,Missing,92,,,FALSE,demographic field missing,,,,,,,,
continuous,thorsson,THCA,Th1 Cells,FALSE,498,TRUE,Broad race,Other recorded race,1,,,FALSE,fewer than 50 subgroup patients,,,,,,,,
continuous,thorsson,THCA,Th1 Cells,FALSE,498,TRUE,Broad race,White,327,,,TRUE,performance estimated,0.513600123174854,499.308854749606,0.693656436226658,,,,,
continuous,thorsson,THCA,Th1 Cells,FALSE,498,TRUE,Recorded sex,FEMALE,364,,,TRUE,performance estimated,0.550937365081877,490.155210526338,0.721310022480633,,,,,
continuous,thorsson,THCA,Th1 Cells,FALSE,498,TRUE,Recorded sex,MALE,134,,,TRUE,performance estimated,0.376266265653537,566.471453624349,0.669511091160738,,,,,
continuous,thorsson,THYM,Aneuploidy Score,FALSE,103,FALSE,Broad race,Asian,13,,,FALSE,model has fewer than 200 outcome-labelled patients,,,,,,,,
continuous,thorsson,THYM,Aneuploidy Score,FALSE,103,FALSE,Broad race,Black or African American,5,,,FALSE,model has fewer than 200 outcome-labelled patients,,,,,,,,
continuous,thorsson,THYM,Aneuploidy Score,FALSE,103,FALSE,Broad race,Missing,1,,,FALSE,model has fewer than 200 outcome-labelled patients,,,,,,,,
continuous,thorsson,THYM,Aneuploidy Score,FALSE,103,FALSE,Broad race,White,84,,,FALSE,model has fewer than 200 outcome-labelled patients,,,,,,,,
continuous,thorsson,THYM,Aneuploidy Score,FALSE,103,FALSE,Recorded sex,FEMALE,48,,,FALSE,model has fewer than 200 outcome-labelled patients,,,,,,,,
continuous,thorsson,THYM,Aneuploidy Score,FALSE,103,FALSE,Recorded sex,MALE,55,,,FALSE,model has fewer than 200 outcome-labelled patients,,,,,,,,
continuous,thorsson,THYM,Homologous Recombination Defects,FALSE,104,FALSE,Broad race,Asian,13,,,FALSE,model has fewer than 200 outcome-labelled patients,,,,,,,,
continuous,thorsson,THYM,Homologous Recombination Defects,FALSE,104,FALSE,Broad race,Black or African American,5,,,FALSE,model has fewer than 200 outcome-labelled patients,,,,,,,,
continuous,thorsson,THYM,Homologous Recombination Defects,FALSE,104,FALSE,Broad race,Missing,1,,,FALSE,model has fewer than 200 outcome-labelled patients,,,,,,,,
continuous,thorsson,THYM,Homologous Recombination Defects,FALSE,104,FALSE,Broad race,White,85,,,FALSE,model has fewer than 200 outcome-labelled patients,,,,,,,,
continuous,thorsson,THYM,Homologous Recombination Defects,FALSE,104,FALSE,Recorded sex,FEMALE,49,,,FALSE,model has fewer than 200 outcome-labelled patients,,,,,,,,
continuous,thorsson,THYM,Homologous Recombination Defects,FALSE,104,FALSE,Recorded sex,MALE,55,,,FALSE,model has fewer than 200 outcome-labelled patients,,,,,,,,
continuous,thorsson,THYM,Lymphocyte Infiltration Signature Score,FALSE,117,FALSE,Broad race,Asian,12,,,FALSE,model has fewer than 200 outcome-labelled patients,,,,,,,,
continuous,thorsson,THYM,Lymphocyte Infiltration Signature Score,FALSE,117,FALSE,Broad race,Black or African American,6,,,FALSE,model has fewer than 200 outcome-labelled patients,,,,,,,,
continuous,thorsson,THYM,Lymphocyte Infiltration Signature Score,FALSE,117,FALSE,Broad race,Missing,2,,,FALSE,model has fewer than 200 outcome-labelled patients,,,,,,,,
continuous,thorsson,THYM,Lymphocyte Infiltration Signature Score,FALSE,117,FALSE,Broad race,White,97,,,FALSE,model has fewer than 200 outcome-labelled patients,,,,,,,,
continuous,thorsson,THYM,Lymphocyte Infiltration Signature Score,FALSE,117,FALSE,Recorded sex,FEMALE,57,,,FALSE,model has fewer than 200 outcome-labelled patients,,,,,,,,
continuous,thorsson,THYM,Lymphocyte Infiltration Signature Score,FALSE,117,FALSE,Recorded sex,MALE,60,,,FALSE,model has fewer than 200 outcome-labelled patients,,,,,,,,
continuous,thorsson,THYM,Mast Cells Resting,FALSE,117,FALSE,Broad race,Asian,12,,,FALSE,model has fewer than 200 outcome-labelled patients,,,,,,,,
continuous,thorsson,THYM,Mast Cells Resting,FALSE,117,FALSE,Broad race,Black or African American,6,,,FALSE,model has fewer than 200 outcome-labelled patients,,,,,,,,
continuous,thorsson,THYM,Mast Cells Resting,FALSE,117,FALSE,Broad race,Missing,2,,,FALSE,model has fewer than 200 outcome-labelled patients,,,,,,,,
continuous,thorsson,THYM,Mast Cells Resting,FALSE,117,FALSE,Broad race,White,97,,,FALSE,model has fewer than 200 outcome-labelled patients,,,,,,,,
continuous,thorsson,THYM,Mast Cells Resting,FALSE,117,FALSE,Recorded sex,FEMALE,57,,,FALSE,model has fewer than 200 outcome-labelled patients,,,,,,,,
continuous,thorsson,THYM,Mast Cells Resting,FALSE,117,FALSE,Recorded sex,MALE,60,,,FALSE,model has fewer than 200 outcome-labelled patients,,,,,,,,
continuous,thorsson,THYM,Nonsilent Mutation Rate,FALSE,120,FALSE,Broad race,Asian,13,,,FALSE,model has fewer than 200 outcome-labelled patients,,,,,,,,
continuous,thorsson,THYM,Nonsilent Mutation Rate,FALSE,120,FALSE,Broad race,Black or African American,6,,,FALSE,model has fewer than 200 outcome-labelled patients,,,,,,,,
continuous,thorsson,THYM,Nonsilent Mutation Rate,FALSE,120,FALSE,Broad race,Missing,2,,,FALSE,model has fewer than 200 outcome-labelled patients,,,,,,,,
continuous,thorsson,THYM,Nonsilent Mutation Rate,FALSE,120,FALSE,Broad race,White,99,,,FALSE,model has fewer than 200 outcome-labelled patients,,,,,,,,
continuous,thorsson,THYM,Nonsilent Mutation Rate,FALSE,120,FALSE,Recorded sex,FEMALE,59,,,FALSE,model has fewer than 200 outcome-labelled patients,,,,,,,,
continuous,thorsson,THYM,Nonsilent Mutation Rate,FALSE,120,FALSE,Recorded sex,MALE,61,,,FALSE,model has fewer than 200 outcome-labelled patients,,,,,,,,
continuous,thorsson,THYM,Proliferation,FALSE,117,FALSE,Broad race,Asian,12,,,FALSE,model has fewer than 200 outcome-labelled patients,,,,,,,,
continuous,thorsson,THYM,Proliferation,FALSE,117,FALSE,Broad race,Black or African American,6,,,FALSE,model has fewer than 200 outcome-labelled patients,,,,,,,,
continuous,thorsson,THYM,Proliferation,FALSE,117,FALSE,Broad race,Missing,2,,,FALSE,model has fewer than 200 outcome-labelled patients,,,,,,,,
continuous,thorsson,THYM,Proliferation,FALSE,117,FALSE,Broad race,White,97,,,FALSE,model has fewer than 200 outcome-labelled patients,,,,,,,,
continuous,thorsson,THYM,Proliferation,FALSE,117,FALSE,Recorded sex,FEMALE,57,,,FALSE,model has fewer than 200 outcome-labelled patients,,,,,,,,
continuous,thorsson,THYM,Proliferation,FALSE,117,FALSE,Recorded sex,MALE,60,,,FALSE,model has fewer than 200 outcome-labelled patients,,,,,,,,
continuous,thorsson,THYM,SNV Neoantigens,FALSE,113,FALSE,Broad race,Asian,12,,,FALSE,model has fewer than 200 outcome-labelled patients,,,,,,,,
continuous,thorsson,THYM,SNV Neoantigens,FALSE,113,FALSE,Broad race,Black or African American,6,,,FALSE,model has fewer than 200 outcome-labelled patients,,,,,,,,
continuous,thorsson,THYM,SNV Neoantigens,FALSE,113,FALSE,Broad race,Missing,2,,,FALSE,model has fewer than 200 outcome-labelled patients,,,,,,,,
continuous,thorsson,THYM,SNV Neoantigens,FALSE,113,FALSE,Broad race,White,93,,,FALSE,model has fewer than 200 outcome-labelled patients,,,,,,,,
continuous,thorsson,THYM,SNV Neoantigens,FALSE,113,FALSE,Recorded sex,FEMALE,55,,,FALSE,model has fewer than 200 outcome-labelled patients,,,,,,,,
continuous,thorsson,THYM,SNV Neoantigens,FALSE,113,FALSE,Recorded sex,MALE,58,,,FALSE,model has fewer than 200 outcome-labelled patients,,,,,,,,
continuous,thorsson,THYM,Stromal Fraction,FALSE,104,FALSE,Broad race,Asian,13,,,FALSE,model has fewer than 200 outcome-labelled patients,,,,,,,,
continuous,thorsson,THYM,Stromal Fraction,FALSE,104,FALSE,Broad race,Black or African American,5,,,FALSE,model has fewer than 200 outcome-labelled patients,,,,,,,,
continuous,thorsson,THYM,Stromal Fraction,FALSE,104,FALSE,Broad race,Missing,1,,,FALSE,model has fewer than 200 outcome-labelled patients,,,,,,,,
continuous,thorsson,THYM,Stromal Fraction,FALSE,104,FALSE,Broad race,White,85,,,FALSE,model has fewer than 200 outcome-labelled patients,,,,,,,,
continuous,thorsson,THYM,Stromal Fraction,FALSE,104,FALSE,Recorded sex,FEMALE,49,,,FALSE,model has fewer than 200 outcome-labelled patients,,,,,,,,
continuous,thorsson,THYM,Stromal Fraction,FALSE,104,FALSE,Recorded sex,MALE,55,,,FALSE,model has fewer than 200 outcome-labelled patients,,,,,,,,
continuous,thorsson,THYM,T Cells CD4 Memory Resting,FALSE,117,FALSE,Broad race,Asian,12,,,FALSE,model has fewer than 200 outcome-labelled patients,,,,,,,,
continuous,thorsson,THYM,T Cells CD4 Memory Resting,FALSE,117,FALSE,Broad race,Black or African American,6,,,FALSE,model has fewer than 200 outcome-labelled patients,,,,,,,,
continuous,thorsson,THYM,T Cells CD4 Memory Resting,FALSE,117,FALSE,Broad race,Missing,2,,,FALSE,model has fewer than 200 outcome-labelled patients,,,,,,,,
continuous,thorsson,THYM,T Cells CD4 Memory Resting,FALSE,117,FALSE,Broad race,White,97,,,FALSE,model has fewer than 200 outcome-labelled patients,,,,,,,,
continuous,thorsson,THYM,T Cells CD4 Memory Resting,FALSE,117,FALSE,Recorded sex,FEMALE,57,,,FALSE,model has fewer than 200 outcome-labelled patients,,,,,,,,
continuous,thorsson,THYM,T Cells CD4 Memory Resting,FALSE,117,FALSE,Recorded sex,MALE,60,,,FALSE,model has fewer than 200 outcome-labelled patients,,,,,,,,
continuous,thorsson,THYM,T Cells CD4 Naive,FALSE,117,FALSE,Broad race,Asian,12,,,FALSE,model has fewer than 200 outcome-labelled patients,,,,,,,,
continuous,thorsson,THYM,T Cells CD4 Naive,FALSE,117,FALSE,Broad race,Black or African American,6,,,FALSE,model has fewer than 200 outcome-labelled patients,,,,,,,,
continuous,thorsson,THYM,T Cells CD4 Naive,FALSE,117,FALSE,Broad race,Missing,2,,,FALSE,model has fewer than 200 outcome-labelled patients,,,,,,,,
continuous,thorsson,THYM,T Cells CD4 Naive,FALSE,117,FALSE,Broad race,White,97,,,FALSE,model has fewer than 200 outcome-labelled patients,,,,,,,,
continuous,thorsson,THYM,T Cells CD4 Naive,FALSE,117,FALSE,Recorded sex,FEMALE,57,,,FALSE,model has fewer than 200 outcome-labelled patients,,,,,,,,
continuous,thorsson,THYM,T Cells CD4 Naive,FALSE,117,FALSE,Recorded sex,MALE,60,,,FALSE,model has fewer than 200 outcome-labelled patients,,,,,,,,
continuous,thorsson,THYM,T Cells Follicular Helper,FALSE,117,FALSE,Broad race,Asian,12,,,FALSE,model has fewer than 200 outcome-labelled patients,,,,,,,,
continuous,thorsson,THYM,T Cells Follicular Helper,FALSE,117,FALSE,Broad race,Black or African American,6,,,FALSE,model has fewer than 200 outcome-labelled patients,,,,,,,,
continuous,thorsson,THYM,T Cells Follicular Helper,FALSE,117,FALSE,Broad race,Missing,2,,,FALSE,model has fewer than 200 outcome-labelled patients,,,,,,,,
continuous,thorsson,THYM,T Cells Follicular Helper,FALSE,117,FALSE,Broad race,White,97,,,FALSE,model has fewer than 200 outcome-labelled patients,,,,,,,,
continuous,thorsson,THYM,T Cells Follicular Helper,FALSE,117,FALSE,Recorded sex,FEMALE,57,,,FALSE,model has fewer than 200 outcome-labelled patients,,,,,,,,
continuous,thorsson,THYM,T Cells Follicular Helper,FALSE,117,FALSE,Recorded sex,MALE,60,,,FALSE,model has fewer than 200 outcome-labelled patients,,,,,,,,
continuous,thorsson,THYM,T Cells Regulatory Tregs,FALSE,117,FALSE,Broad race,Asian,12,,,FALSE,model has fewer than 200 outcome-labelled patients,,,,,,,,
continuous,thorsson,THYM,T Cells Regulatory Tregs,FALSE,117,FALSE,Broad race,Black or African American,6,,,FALSE,model has fewer than 200 outcome-labelled patients,,,,,,,,
continuous,thorsson,THYM,T Cells Regulatory Tregs,FALSE,117,FALSE,Broad race,Missing,2,,,FALSE,model has fewer than 200 outcome-labelled patients,,,,,,,,
continuous,thorsson,THYM,T Cells Regulatory Tregs,FALSE,117,FALSE,Broad race,White,97,,,FALSE,model has fewer than 200 outcome-labelled patients,,,,,,,,
continuous,thorsson,THYM,T Cells Regulatory Tregs,FALSE,117,FALSE,Recorded sex,FEMALE,57,,,FALSE,model has fewer than 200 outcome-labelled patients,,,,,,,,
continuous,thorsson,THYM,T Cells Regulatory Tregs,FALSE,117,FALSE,Recorded sex,MALE,60,,,FALSE,model has fewer than 200 outcome-labelled patients,,,,,,,,
continuous,thorsson,THYM,TCR Richness,FALSE,117,FALSE,Broad race,Asian,12,,,FALSE,model has fewer than 200 outcome-labelled patients,,,,,,,,
continuous,thorsson,THYM,TCR Richness,FALSE,117,FALSE,Broad race,Black or African American,6,,,FALSE,model has fewer than 200 outcome-labelled patients,,,,,,,,
continuous,thorsson,THYM,TCR Richness,FALSE,117,FALSE,Broad race,Missing,2,,,FALSE,model has fewer than 200 outcome-labelled patients,,,,,,,,
continuous,thorsson,THYM,TCR Richness,FALSE,117,FALSE,Broad race,White,97,,,FALSE,model has fewer than 200 outcome-labelled patients,,,,,,,,
continuous,thorsson,THYM,TCR Richness,FALSE,117,FALSE,Recorded sex,FEMALE,57,,,FALSE,model has fewer than 200 outcome-labelled patients,,,,,,,,
continuous,thorsson,THYM,TCR Richness,FALSE,117,FALSE,Recorded sex,MALE,60,,,FALSE,model has fewer than 200 outcome-labelled patients,,,,,,,,
continuous,thorsson,THYM,TCR Shannon,FALSE,117,FALSE,Broad race,Asian,12,,,FALSE,model has fewer than 200 outcome-labelled patients,,,,,,,,
continuous,thorsson,THYM,TCR Shannon,FALSE,117,FALSE,Broad race,Black or African American,6,,,FALSE,model has fewer than 200 outcome-labelled patients,,,,,,,,
continuous,thorsson,THYM,TCR Shannon,FALSE,117,FALSE,Broad race,Missing,2,,,FALSE,model has fewer than 200 outcome-labelled patients,,,,,,,,
continuous,thorsson,THYM,TCR Shannon,FALSE,117,FALSE,Broad race,White,97,,,FALSE,model has fewer than 200 outcome-labelled patients,,,,,,,,
continuous,thorsson,THYM,TCR Shannon,FALSE,117,FALSE,Recorded sex,FEMALE,57,,,FALSE,model has fewer than 200 outcome-labelled patients,,,,,,,,
continuous,thorsson,THYM,TCR Shannon,FALSE,117,FALSE,Recorded sex,MALE,60,,,FALSE,model has fewer than 200 outcome-labelled patients,,,,,,,,
continuous,thorsson,THYM,TGF-beta Response,FALSE,117,FALSE,Broad race,Asian,12,,,FALSE,model has fewer than 200 outcome-labelled patients,,,,,,,,
continuous,thorsson,THYM,TGF-beta Response,FALSE,117,FALSE,Broad race,Black or African American,6,,,FALSE,model has fewer than 200 outcome-labelled patients,,,,,,,,
continuous,thorsson,THYM,TGF-beta Response,FALSE,117,FALSE,Broad race,Missing,2,,,FALSE,model has fewer than 200 outcome-labelled patients,,,,,,,,
continuous,thorsson,THYM,TGF-beta Response,FALSE,117,FALSE,Broad race,White,97,,,FALSE,model has fewer than 200 outcome-labelled patients,,,,,,,,
continuous,thorsson,THYM,TGF-beta Response,FALSE,117,FALSE,Recorded sex,FEMALE,57,,,FALSE,model has fewer than 200 outcome-labelled patients,,,,,,,,
continuous,thorsson,THYM,TGF-beta Response,FALSE,117,FALSE,Recorded sex,MALE,60,,,FALSE,model has fewer than 200 outcome-labelled patients,,,,,,,,
continuous,thorsson,THYM,Th2 Cells,FALSE,117,FALSE,Broad race,Asian,12,,,FALSE,model has fewer than 200 outcome-labelled patients,,,,,,,,
continuous,thorsson,THYM,Th2 Cells,FALSE,117,FALSE,Broad race,Black or African American,6,,,FALSE,model has fewer than 200 outcome-labelled patients,,,,,,,,
continuous,thorsson,THYM,Th2 Cells,FALSE,117,FALSE,Broad race,Missing,2,,,FALSE,model has fewer than 200 outcome-labelled patients,,,,,,,,
continuous,thorsson,THYM,Th2 Cells,FALSE,117,FALSE,Broad race,White,97,,,FALSE,model has fewer than 200 outcome-labelled patients,,,,,,,,
continuous,thorsson,THYM,Th2 Cells,FALSE,117,FALSE,Recorded sex,FEMALE,57,,,FALSE,model has fewer than 200 outcome-labelled patients,,,,,,,,
continuous,thorsson,THYM,Th2 Cells,FALSE,117,FALSE,Recorded sex,MALE,60,,,FALSE,model has fewer than 200 outcome-labelled patients,,,,,,,,
continuous,thorsson,THYM,Wound Healing,FALSE,117,FALSE,Broad race,Asian,12,,,FALSE,model has fewer than 200 outcome-labelled patients,,,,,,,,
continuous,thorsson,THYM,Wound Healing,FALSE,117,FALSE,Broad race,Black or African American,6,,,FALSE,model has fewer than 200 outcome-labelled patients,,,,,,,,
continuous,thorsson,THYM,Wound Healing,FALSE,117,FALSE,Broad race,Missing,2,,,FALSE,model has fewer than 200 outcome-labelled patients,,,,,,,,
continuous,thorsson,THYM,Wound Healing,FALSE,117,FALSE,Broad race,White,97,,,FALSE,model has fewer than 200 outcome-labelled patients,,,,,,,,
continuous,thorsson,THYM,Wound Healing,FALSE,117,FALSE,Recorded sex,FEMALE,57,,,FALSE,model has fewer than 200 outcome-labelled patients,,,,,,,,
continuous,thorsson,THYM,Wound Healing,FALSE,117,FALSE,Recorded sex,MALE,60,,,FALSE,model has fewer than 200 outcome-labelled patients,,,,,,,,
continuous,thorsson,UCEC,Aneuploidy Score,FALSE,477,TRUE,Broad race,Asian,19,,,FALSE,fewer than 50 subgroup patients,,,,,,,,
continuous,thorsson,UCEC,Aneuploidy Score,FALSE,477,TRUE,Broad race,Black or African American,97,,,TRUE,performance estimated,0.317438587219245,5.75349679006294,0.60307339687352,,,,,
continuous,thorsson,UCEC,Aneuploidy Score,FALSE,477,TRUE,Broad race,Missing,30,,,FALSE,demographic field missing,,,,,,,,
continuous,thorsson,UCEC,Aneuploidy Score,FALSE,477,TRUE,Broad race,Other recorded race,11,,,FALSE,fewer than 50 subgroup patients,,,,,,,,
continuous,thorsson,UCEC,Aneuploidy Score,FALSE,477,TRUE,Broad race,White,320,,,TRUE,performance estimated,0.316410466750394,4.87811383654687,0.548676313345541,,,,,
continuous,thorsson,UCEC,Aneuploidy Score,FALSE,477,TRUE,Recorded sex,FEMALE,477,,,TRUE,performance estimated,0.335505351028067,5.04048654795381,0.579162151071769,,,,,
continuous,thorsson,UCEC,Fraction Altered,FALSE,484,TRUE,Broad race,Asian,19,,,FALSE,fewer than 50 subgroup patients,,,,,,,,
continuous,thorsson,UCEC,Fraction Altered,FALSE,484,TRUE,Broad race,Black or African American,98,,,TRUE,performance estimated,0.345852433566653,0.292707485678587,0.580988084080868,,,,,
continuous,thorsson,UCEC,Fraction Altered,FALSE,484,TRUE,Broad race,Missing,30,,,FALSE,demographic field missing,,,,,,,,
continuous,thorsson,UCEC,Fraction Altered,FALSE,484,TRUE,Broad race,Other recorded race,11,,,FALSE,fewer than 50 subgroup patients,,,,,,,,
continuous,thorsson,UCEC,Fraction Altered,FALSE,484,TRUE,Broad race,White,326,,,TRUE,performance estimated,0.322182107666898,0.276256054015922,0.578694052500097,,,,,
continuous,thorsson,UCEC,Fraction Altered,FALSE,484,TRUE,Recorded sex,FEMALE,484,,,TRUE,performance estimated,0.348061725202847,0.277755312891908,0.595233399500544,,,,,
continuous,thorsson,UCEC,Homologous Recombination Defects,FALSE,477,TRUE,Broad race,Asian,19,,,FALSE,fewer than 50 subgroup patients,,,,,,,,
continuous,thorsson,UCEC,Homologous Recombination Defects,FALSE,477,TRUE,Broad race,Black or African American,97,,,TRUE,performance estimated,0.419121399035772,15.3339478760229,0.660247432842686,,,,,
continuous,thorsson,UCEC,Homologous Recombination Defects,FALSE,477,TRUE,Broad race,Missing,30,,,FALSE,demographic field missing,,,,,,,,
continuous,thorsson,UCEC,Homologous Recombination Defects,FALSE,477,TRUE,Broad race,Other recorded race,11,,,FALSE,fewer than 50 subgroup patients,,,,,,,,
continuous,thorsson,UCEC,Homologous Recombination Defects,FALSE,477,TRUE,Broad race,White,320,,,TRUE,performance estimated,0.401556356915429,12.2056865110623,0.560977983350137,,,,,
continuous,thorsson,UCEC,Homologous Recombination Defects,FALSE,477,TRUE,Recorded sex,FEMALE,477,,,TRUE,performance estimated,0.428677572443066,13.2348895659791,0.601246169055999,,,,,
continuous,thorsson,UCEC,Leukocyte Fraction,FALSE,492,TRUE,Broad race,Asian,19,,,FALSE,fewer than 50 subgroup patients,,,,,,,,
continuous,thorsson,UCEC,Leukocyte Fraction,FALSE,492,TRUE,Broad race,Black or African American,100,,,TRUE,performance estimated,0.372398354529667,0.077189263959674,0.603881188118812,,,,,
continuous,thorsson,UCEC,Leukocyte Fraction,FALSE,492,TRUE,Broad race,Missing,30,,,FALSE,demographic field missing,,,,,,,,
continuous,thorsson,UCEC,Leukocyte Fraction,FALSE,492,TRUE,Broad race,Other recorded race,11,,,FALSE,fewer than 50 subgroup patients,,,,,,,,
continuous,thorsson,UCEC,Leukocyte Fraction,FALSE,492,TRUE,Broad race,White,332,,,TRUE,performance estimated,0.263270978098373,0.0952962025790697,0.578283412083871,,,,,
continuous,thorsson,UCEC,Leukocyte Fraction,FALSE,492,TRUE,Recorded sex,FEMALE,492,,,TRUE,performance estimated,0.316434112604199,0.0899154310490356,0.601919052921417,,,,,
continuous,thorsson,UCEC,Lymphocyte Infiltration Signature Score,FALSE,489,TRUE,Broad race,Asian,19,,,FALSE,fewer than 50 subgroup patients,,,,,,,,
continuous,thorsson,UCEC,Lymphocyte Infiltration Signature Score,FALSE,489,TRUE,Broad race,Black or African American,99,,,TRUE,performance estimated,0.368381882693705,0.812326013134682,0.621790970933828,,,,,
continuous,thorsson,UCEC,Lymphocyte Infiltration Signature Score,FALSE,489,TRUE,Broad race,Missing,30,,,FALSE,demographic field missing,,,,,,,,
continuous,thorsson,UCEC,Lymphocyte Infiltration Signature Score,FALSE,489,TRUE,Broad race,Other recorded race,11,,,FALSE,fewer than 50 subgroup patients,,,,,,,,
continuous,thorsson,UCEC,Lymphocyte Infiltration Signature Score,FALSE,489,TRUE,Broad race,White,330,,,TRUE,performance estimated,0.288315136858392,0.818978925141233,0.556939709261836,,,,,
continuous,thorsson,UCEC,Lymphocyte Infiltration Signature Score,FALSE,489,TRUE,Recorded sex,FEMALE,489,,,TRUE,performance estimated,0.325276661859177,0.80955196859952,0.575932600308114,,,,,
continuous,thorsson,UCEC,Macrophage Regulation,FALSE,489,TRUE,Broad race,Asian,19,,,FALSE,fewer than 50 subgroup patients,,,,,,,,
continuous,thorsson,UCEC,Macrophage Regulation,FALSE,489,TRUE,Broad race,Black or African American,99,,,TRUE,performance estimated,0.21751061620319,0.530475928807091,0.48495485466914,,,,,
continuous,thorsson,UCEC,Macrophage Regulation,FALSE,489,TRUE,Broad race,Missing,30,,,FALSE,demographic field missing,,,,,,,,
continuous,thorsson,UCEC,Macrophage Regulation,FALSE,489,TRUE,Broad race,Other recorded race,11,,,FALSE,fewer than 50 subgroup patients,,,,,,,,
continuous,thorsson,UCEC,Macrophage Regulation,FALSE,489,TRUE,Broad race,White,330,,,TRUE,performance estimated,0.205079299360583,0.524972861919939,0.453087941566545,,,,,
continuous,thorsson,UCEC,Macrophage Regulation,FALSE,489,TRUE,Recorded sex,FEMALE,489,,,TRUE,performance estimated,0.22567845875352,0.516072735531399,0.476376872013292,,,,,
continuous,thorsson,UCEC,Nonsilent Mutation Rate,FALSE,488,TRUE,Broad race,Asian,19,,,FALSE,fewer than 50 subgroup patients,,,,,,,,
continuous,thorsson,UCEC,Nonsilent Mutation Rate,FALSE,488,TRUE,Broad race,Black or African American,99,,,TRUE,performance estimated,-0.113990091273856,1.25529112794677,0.267247579616552,,,,,
continuous,thorsson,UCEC,Nonsilent Mutation Rate,FALSE,488,TRUE,Broad race,Missing,30,,,FALSE,demographic field missing,,,,,,,,
continuous,thorsson,UCEC,Nonsilent Mutation Rate,FALSE,488,TRUE,Broad race,Other recorded race,11,,,FALSE,fewer than 50 subgroup patients,,,,,,,,
continuous,thorsson,UCEC,Nonsilent Mutation Rate,FALSE,488,TRUE,Broad race,White,329,,,TRUE,performance estimated,0.222478436250617,1.24863197735161,0.394434735744912,,,,,
continuous,thorsson,UCEC,Nonsilent Mutation Rate,FALSE,488,TRUE,Recorded sex,FEMALE,488,,,TRUE,performance estimated,0.18591072092753,1.3103184765541,0.398483676430814,,,,,
continuous,thorsson,UCEC,Number of Segments,FALSE,484,TRUE,Broad race,Asian,19,,,FALSE,fewer than 50 subgroup patients,,,,,,,,
continuous,thorsson,UCEC,Number of Segments,FALSE,484,TRUE,Broad race,Black or African American,98,,,TRUE,performance estimated,0.378026022153843,0.715854241759083,0.672671687155252,,,,,
continuous,thorsson,UCEC,Number of Segments,FALSE,484,TRUE,Broad race,Missing,30,,,FALSE,demographic field missing,,,,,,,,
continuous,thorsson,UCEC,Number of Segments,FALSE,484,TRUE,Broad race,Other recorded race,11,,,FALSE,fewer than 50 subgroup patients,,,,,,,,
continuous,thorsson,UCEC,Number of Segments,FALSE,484,TRUE,Broad race,White,326,,,TRUE,performance estimated,0.451502139095905,0.602967814031327,0.59701562622087,,,,,
continuous,thorsson,UCEC,Number of Segments,FALSE,484,TRUE,Recorded sex,FEMALE,484,,,TRUE,performance estimated,0.473901247304877,0.620246275633565,0.650942087349364,,,,,
continuous,thorsson,UCEC,Proliferation,FALSE,489,TRUE,Broad race,Asian,19,,,FALSE,fewer than 50 subgroup patients,,,,,,,,
continuous,thorsson,UCEC,Proliferation,FALSE,489,TRUE,Broad race,Black or African American,99,,,TRUE,performance estimated,0.19342338470528,0.371263280653051,0.476991960420532,,,,,
continuous,thorsson,UCEC,Proliferation,FALSE,489,TRUE,Broad race,Missing,30,,,FALSE,demographic field missing,,,,,,,,
continuous,thorsson,UCEC,Proliferation,FALSE,489,TRUE,Broad race,Other recorded race,11,,,FALSE,fewer than 50 subgroup patients,,,,,,,,
continuous,thorsson,UCEC,Proliferation,FALSE,489,TRUE,Broad race,White,330,,,TRUE,performance estimated,0.296918994762472,0.399078210027082,0.56851366646284,,,,,
continuous,thorsson,UCEC,Proliferation,FALSE,489,TRUE,Recorded sex,FEMALE,489,,,TRUE,performance estimated,0.280592797492081,0.416514241519136,0.552473788663358,,,,,
continuous,thorsson,UCEC,TIL Regional Fraction,FALSE,446,TRUE,Broad race,Asian,18,,,FALSE,fewer than 50 subgroup patients,,,,,,,,
continuous,thorsson,UCEC,TIL Regional Fraction,FALSE,446,TRUE,Broad race,Black or African American,88,,,TRUE,performance estimated,0.48167216834504,5.43214094027768,0.710531506463316,,,,,
continuous,thorsson,UCEC,TIL Regional Fraction,FALSE,446,TRUE,Broad race,Missing,14,,,FALSE,demographic field missing,,,,,,,,
continuous,thorsson,UCEC,TIL Regional Fraction,FALSE,446,TRUE,Broad race,Other recorded race,11,,,FALSE,fewer than 50 subgroup patients,,,,,,,,
continuous,thorsson,UCEC,TIL Regional Fraction,FALSE,446,TRUE,Broad race,White,315,,,TRUE,performance estimated,0.337217383229673,4.88201237414566,0.611435635771684,,,,,
continuous,thorsson,UCEC,TIL Regional Fraction,FALSE,446,TRUE,Recorded sex,FEMALE,446,,,TRUE,performance estimated,0.391164967874881,4.93094367673725,0.646770681620436,,,,,
continuous,thorsson,UCEC,Wound Healing,FALSE,489,TRUE,Broad race,Asian,19,,,FALSE,fewer than 50 subgroup patients,,,,,,,,
continuous,thorsson,UCEC,Wound Healing,FALSE,489,TRUE,Broad race,Black or African American,99,,,TRUE,performance estimated,0.0479510662493918,0.139384949449535,0.453814804058178,,,,,
continuous,thorsson,UCEC,Wound Healing,FALSE,489,TRUE,Broad race,Missing,30,,,FALSE,demographic field missing,,,,,,,,
continuous,thorsson,UCEC,Wound Healing,FALSE,489,TRUE,Broad race,Other recorded race,11,,,FALSE,fewer than 50 subgroup patients,,,,,,,,
continuous,thorsson,UCEC,Wound Healing,FALSE,489,TRUE,Broad race,White,330,,,TRUE,performance estimated,0.281925442367929,0.132394931697243,0.553769626277287,,,,,
continuous,thorsson,UCEC,Wound Healing,FALSE,489,TRUE,Recorded sex,FEMALE,489,,,TRUE,performance estimated,0.283335161173239,0.137086364339871,0.556317969368864,,,,,
continuous,thorsson,UVM,Dendritic Cells Activated,FALSE,80,FALSE,Broad race,Missing,25,,,FALSE,model has fewer than 200 outcome-labelled patients,,,,,,,,
continuous,thorsson,UVM,Dendritic Cells Activated,FALSE,80,FALSE,Broad race,White,55,,,FALSE,model has fewer than 200 outcome-labelled patients,,,,,,,,
continuous,thorsson,UVM,Dendritic Cells Activated,FALSE,80,FALSE,Recorded sex,FEMALE,35,,,FALSE,model has fewer than 200 outcome-labelled patients,,,,,,,,
continuous,thorsson,UVM,Dendritic Cells Activated,FALSE,80,FALSE,Recorded sex,MALE,45,,,FALSE,model has fewer than 200 outcome-labelled patients,,,,,,,,
continuous,thorsson,UVM,Th1 Cells,FALSE,80,FALSE,Broad race,Missing,25,,,FALSE,model has fewer than 200 outcome-labelled patients,,,,,,,,
continuous,thorsson,UVM,Th1 Cells,FALSE,80,FALSE,Broad race,White,55,,,FALSE,model has fewer than 200 outcome-labelled patients,,,,,,,,
continuous,thorsson,UVM,Th1 Cells,FALSE,80,FALSE,Recorded sex,FEMALE,35,,,FALSE,model has fewer than 200 outcome-labelled patients,,,,,,,,
continuous,thorsson,UVM,Th1 Cells,FALSE,80,FALSE,Recorded sex,MALE,45,,,FALSE,model has fewer than 200 outcome-labelled patients,,,,,,,,
continuous,thorsson,UVM,Th2 Cells,FALSE,80,FALSE,Broad race,Missing,25,,,FALSE,model has fewer than 200 outcome-labelled patients,,,,,,,,
continuous,thorsson,UVM,Th2 Cells,FALSE,80,FALSE,Broad race,White,55,,,FALSE,model has fewer than 200 outcome-labelled patients,,,,,,,,
continuous,thorsson,UVM,Th2 Cells,FALSE,80,FALSE,Recorded sex,FEMALE,35,,,FALSE,model has fewer than 200 outcome-labelled patients,,,,,,,,
continuous,thorsson,UVM,Th2 Cells,FALSE,80,FALSE,Recorded sex,MALE,45,,,FALSE,model has fewer than 200 outcome-labelled patients,,,,,,,,
